epoch,time,train/box_loss,train/seg_loss,train/cls_loss,train/dfl_loss,metrics/precision(B),metrics/recall(B),metrics/mAP50(B),metrics/mAP50-95(B),metrics/precision(M),metrics/recall(M),metrics/mAP50(M),metrics/mAP50-95(M),val/box_loss,val/seg_loss,val/cls_loss,val/dfl_loss,lr/pg0,lr/pg1,lr/pg2
1,30.7557,1.50425,3.64017,3.15158,1.20067,0.06902,0.49276,0.47472,0.34499,0.06871,0.49056,0.4694,0.2901,0.99489,2.16517,2.5084,0.97208,0.0689308,0.00163522,0.00163522
2,52.6117,1.10981,2.24308,1.43865,0.9775,0.97201,0.469,0.74827,0.56725,0.97296,0.46573,0.72645,0.47033,0.96807,1.76831,1.33467,0.9554,0.0372625,0.00330025,0.00330025
3,74.9416,1.06488,2.0741,0.9937,0.94626,0.80476,0.76506,0.83555,0.58545,0.7787,0.7418,0.79632,0.48912,0.90849,1.59991,0.94841,0.93798,0.00559257,0.00496363,0.00496363
4,96.1999,1.06966,1.95168,0.91752,0.94497,0.79635,0.82527,0.85625,0.57798,0.79061,0.76521,0.80847,0.45132,1.01021,1.71426,0.84458,0.95998,0.00499257,0.00499257,0.00499257
5,117.367,1.02082,1.86792,0.85307,0.93752,0.82009,0.83315,0.86542,0.59019,0.79727,0.80499,0.83026,0.49865,1.00773,1.54878,0.78872,0.96179,0.0049901,0.0049901,0.0049901
6,139.039,1.00035,1.79389,0.82411,0.92981,0.83404,0.83707,0.88058,0.61582,0.8149,0.81646,0.85508,0.52231,0.89073,1.47463,0.72117,0.9261,0.00498763,0.00498763,0.00498763
7,160.726,0.9828,1.73586,0.78444,0.92366,0.83904,0.84577,0.88732,0.62649,0.82227,0.81442,0.85,0.52348,0.89505,1.44038,0.67083,0.92179,0.00498515,0.00498515,0.00498515
8,182.873,0.96344,1.72813,0.7713,0.92016,0.84275,0.84648,0.89304,0.63635,0.82951,0.8282,0.86814,0.54333,0.88568,1.38809,0.66294,0.91753,0.00498268,0.00498268,0.00498268
9,205.407,0.94353,1.68213,0.75458,0.91612,0.83465,0.84563,0.88792,0.62667,0.83275,0.82789,0.87045,0.55108,0.91204,1.40351,0.6703,0.92503,0.0049802,0.0049802,0.0049802
10,226.743,0.9499,1.65966,0.7402,0.91697,0.83931,0.86445,0.89163,0.6288,0.83412,0.84777,0.87816,0.55328,0.90524,1.39341,0.64314,0.92129,0.00497773,0.00497773,0.00497773
11,249.194,0.93708,1.68877,0.72514,0.91238,0.84405,0.8627,0.89496,0.64989,0.83004,0.84521,0.87482,0.54832,0.83991,1.37349,0.63182,0.90673,0.00497525,0.00497525,0.00497525
12,271.553,0.93345,1.63585,0.71249,0.91275,0.84043,0.86305,0.89288,0.63912,0.82081,0.83161,0.8612,0.54026,0.87432,1.40968,0.68292,0.9189,0.00497278,0.00497278,0.00497278
13,293.121,0.92271,1.62478,0.70011,0.90658,0.83176,0.87101,0.89195,0.64702,0.81825,0.85507,0.87003,0.55062,0.83184,1.34845,0.62399,0.90867,0.0049703,0.0049703,0.0049703
14,314.32,0.92329,1.60758,0.68311,0.90558,0.8428,0.86272,0.9009,0.65493,0.82994,0.85877,0.88592,0.5546,0.83562,1.34721,0.60569,0.90841,0.00496783,0.00496783,0.00496783
15,336.316,0.90484,1.60037,0.68119,0.90425,0.80242,0.75295,0.81378,0.55261,0.78584,0.72814,0.78245,0.45719,1.03437,1.73099,0.83916,0.9802,0.00496535,0.00496535,0.00496535
16,357.56,0.89395,1.56976,0.67923,0.90282,0.84716,0.86091,0.90221,0.65638,0.83201,0.84596,0.87994,0.55341,0.82388,1.36706,0.57597,0.91155,0.00496288,0.00496288,0.00496288
17,378.882,0.90091,1.56468,0.66298,0.90255,0.86251,0.86552,0.90724,0.65981,0.84923,0.84509,0.88473,0.55466,0.84249,1.31982,0.59593,0.90795,0.0049604,0.0049604,0.0049604
18,400.723,0.91543,1.59972,0.66631,0.90015,0.85176,0.85765,0.90518,0.66356,0.83643,0.83941,0.88036,0.55553,0.81094,1.30392,0.56488,0.90262,0.00495793,0.00495793,0.00495793
19,422.29,0.90573,1.56509,0.66004,0.90183,0.84316,0.86816,0.90536,0.66205,0.83247,0.85418,0.88537,0.56773,0.81864,1.29978,0.56366,0.90245,0.00495545,0.00495545,0.00495545
20,444.093,0.891,1.54627,0.64118,0.9011,0.85462,0.85359,0.90664,0.65236,0.83746,0.83584,0.88267,0.55399,0.86806,1.31552,0.58901,0.91213,0.00495298,0.00495298,0.00495298
21,465.394,0.89935,1.57535,0.66127,0.89774,0.85938,0.86091,0.90847,0.66277,0.84556,0.84717,0.89066,0.56692,0.82102,1.30523,0.55989,0.90324,0.0049505,0.0049505,0.0049505
22,486.834,0.88621,1.55243,0.62974,0.8983,0.86013,0.86363,0.91081,0.6727,0.85131,0.85162,0.89744,0.57689,0.79758,1.27949,0.54387,0.89588,0.00494803,0.00494803,0.00494803
23,508.005,0.88798,1.53238,0.62964,0.89407,0.85851,0.85292,0.90562,0.6647,0.84225,0.83715,0.88527,0.55294,0.82202,1.31776,0.56644,0.90391,0.00494555,0.00494555,0.00494555
24,529.177,0.87354,1.51391,0.62549,0.89665,0.85195,0.85523,0.9004,0.65701,0.84818,0.84278,0.89034,0.57587,0.85217,1.30354,0.56048,0.90517,0.00494307,0.00494307,0.00494307
25,550.386,0.89886,1.55378,0.64,0.89744,0.86106,0.85987,0.90933,0.66731,0.84642,0.84578,0.88914,0.57687,0.82419,1.27351,0.55207,0.89951,0.0049406,0.0049406,0.0049406
26,571.546,0.86803,1.49455,0.621,0.89738,0.8483,0.86586,0.90675,0.66385,0.84199,0.84181,0.8855,0.56684,0.84898,1.29425,0.55823,0.90638,0.00493813,0.00493813,0.00493813
27,592.348,0.8668,1.51437,0.61294,0.89655,0.85995,0.85672,0.90934,0.66888,0.85676,0.83807,0.89026,0.57879,0.82098,1.29479,0.53109,0.90119,0.00493565,0.00493565,0.00493565
28,612.93,0.8698,1.4942,0.6134,0.89676,0.85488,0.87311,0.91085,0.67021,0.84856,0.85623,0.8952,0.57992,0.80685,1.28135,0.53195,0.89789,0.00493318,0.00493318,0.00493318
29,634.65,0.85836,1.47353,0.6136,0.89339,0.84668,0.87607,0.91423,0.67255,0.83189,0.85856,0.89406,0.57307,0.81706,1.263,0.52523,0.90139,0.0049307,0.0049307,0.0049307
30,654.906,0.87651,1.51276,0.59854,0.89412,0.85826,0.86491,0.90856,0.66606,0.84793,0.85447,0.89504,0.5834,0.83119,1.27828,0.52531,0.90321,0.00492823,0.00492823,0.00492823
31,675.912,0.85636,1.48094,0.60564,0.89645,0.85436,0.87031,0.90844,0.67356,0.84525,0.85555,0.89447,0.57515,0.80482,1.28924,0.52232,0.89603,0.00492575,0.00492575,0.00492575
32,696.493,0.86027,1.49503,0.59278,0.89187,0.86453,0.85706,0.91084,0.6745,0.85893,0.83669,0.89264,0.57589,0.81245,1.27601,0.53731,0.89954,0.00492328,0.00492328,0.00492328
33,717.831,0.87517,1.50302,0.60562,0.89261,0.84685,0.83919,0.89385,0.63106,0.83933,0.81799,0.87462,0.55011,0.95972,1.45761,0.62151,0.93557,0.0049208,0.0049208,0.0049208
34,738.653,0.85948,1.47493,0.5967,0.88852,0.86222,0.87007,0.91306,0.67551,0.84895,0.85213,0.89261,0.56648,0.80169,1.26257,0.5118,0.89552,0.00491833,0.00491833,0.00491833
35,759.406,0.86767,1.48865,0.5908,0.8922,0.85695,0.87073,0.91036,0.6635,0.84797,0.85278,0.89439,0.56354,0.84824,1.27531,0.50712,0.90241,0.00491585,0.00491585,0.00491585
36,779.344,0.8532,1.49599,0.58682,0.89257,0.84951,0.87942,0.91566,0.68763,0.83664,0.86613,0.89707,0.58097,0.76917,1.24751,0.51108,0.89112,0.00491338,0.00491338,0.00491338
37,799.955,0.85289,1.46171,0.5859,0.89223,0.85662,0.86746,0.9137,0.67565,0.85528,0.84353,0.89821,0.58758,0.81435,1.24847,0.50636,0.89819,0.0049109,0.0049109,0.0049109
38,820.991,0.85076,1.44533,0.59475,0.88892,0.86996,0.86436,0.91362,0.67166,0.85798,0.85151,0.89785,0.57541,0.83475,1.30338,0.56259,0.90271,0.00490843,0.00490843,0.00490843
39,842.053,0.86,1.49163,0.58557,0.89141,0.85274,0.88077,0.91184,0.6769,0.83934,0.86784,0.89354,0.56672,0.79596,1.25706,0.49337,0.89485,0.00490595,0.00490595,0.00490595
40,862.548,0.86155,1.47455,0.57839,0.89023,0.85145,0.87876,0.91285,0.68362,0.845,0.86102,0.8992,0.58567,0.77917,1.24524,0.48964,0.89079,0.00490348,0.00490348,0.00490348
41,884.358,0.86039,1.47869,0.57287,0.8875,0.85004,0.87742,0.91094,0.67528,0.83956,0.86427,0.89731,0.5727,0.80771,1.27159,0.49663,0.89658,0.004901,0.004901,0.004901
42,905.068,0.84339,1.45426,0.56459,0.88663,0.85653,0.87644,0.91518,0.68457,0.84517,0.86101,0.89852,0.58285,0.77876,1.26246,0.48258,0.89229,0.00489852,0.00489852,0.00489852
43,925.829,0.83642,1.44861,0.57435,0.88904,0.85799,0.86991,0.91461,0.68132,0.84859,0.85621,0.9001,0.5857,0.80391,1.25163,0.50442,0.89419,0.00489605,0.00489605,0.00489605
44,946.83,0.83091,1.43085,0.56566,0.88657,0.85909,0.86444,0.91169,0.67083,0.85293,0.84958,0.89674,0.579,0.82684,1.26014,0.50272,0.90161,0.00489357,0.00489357,0.00489357
45,967.436,0.84749,1.4624,0.56904,0.88418,0.86936,0.86438,0.91662,0.68412,0.85961,0.84568,0.8942,0.56763,0.76372,1.24063,0.48104,0.89023,0.0048911,0.0048911,0.0048911
46,987.973,0.84356,1.44819,0.5685,0.89192,0.87149,0.86481,0.9178,0.6878,0.86197,0.84036,0.89481,0.5735,0.76432,1.23671,0.48639,0.88951,0.00488863,0.00488863,0.00488863
47,1008.73,0.83426,1.44193,0.5559,0.88458,0.86164,0.87162,0.91573,0.68796,0.85357,0.85508,0.90233,0.57766,0.7823,1.23462,0.48406,0.89137,0.00488615,0.00488615,0.00488615
48,1029.66,0.84481,1.44608,0.56664,0.88411,0.86437,0.8668,0.91699,0.68368,0.85314,0.84548,0.89544,0.57089,0.7738,1.25177,0.48363,0.89117,0.00488368,0.00488368,0.00488368
49,1050.68,0.84254,1.4586,0.56425,0.88422,0.86441,0.87104,0.91882,0.6847,0.85088,0.85743,0.90183,0.59148,0.79143,1.23848,0.48003,0.89125,0.0048812,0.0048812,0.0048812
50,1071.51,0.8468,1.45594,0.56213,0.88447,0.86065,0.8678,0.9137,0.67828,0.85066,0.85109,0.89733,0.57871,0.80835,1.25453,0.50393,0.89539,0.00487873,0.00487873,0.00487873
51,1092.44,0.84848,1.46826,0.56224,0.88779,0.85828,0.88015,0.91439,0.68349,0.85908,0.85703,0.90117,0.59093,0.79376,1.23401,0.47422,0.89273,0.00487625,0.00487625,0.00487625
52,1113.11,0.83567,1.42786,0.56326,0.88469,0.85213,0.88143,0.91695,0.68848,0.84565,0.85664,0.89908,0.58738,0.77905,1.23607,0.49434,0.89134,0.00487378,0.00487378,0.00487378
53,1133.96,0.8326,1.4172,0.54875,0.88225,0.87233,0.87146,0.92172,0.68892,0.86292,0.85783,0.90421,0.58776,0.79179,1.23139,0.47218,0.8905,0.0048713,0.0048713,0.0048713
54,1155.15,0.83107,1.42941,0.54755,0.88228,0.87173,0.86651,0.91996,0.68894,0.85852,0.85035,0.89769,0.56813,0.7641,1.2476,0.46402,0.89029,0.00486883,0.00486883,0.00486883
55,1176.48,0.82987,1.41919,0.54827,0.88056,0.86737,0.87766,0.91756,0.684,0.8614,0.85507,0.90287,0.58762,0.79043,1.25577,0.48513,0.89182,0.00486635,0.00486635,0.00486635
56,1197.66,0.82568,1.42412,0.54767,0.88181,0.87211,0.86361,0.91502,0.681,0.86385,0.85055,0.90129,0.58493,0.79635,1.24447,0.472,0.89176,0.00486388,0.00486388,0.00486388
57,1218.51,0.83605,1.42249,0.55129,0.88163,0.87084,0.86058,0.91685,0.68791,0.86158,0.84358,0.89604,0.58404,0.76254,1.23454,0.47391,0.88633,0.0048614,0.0048614,0.0048614
58,1239.08,0.82778,1.43014,0.55747,0.88859,0.86759,0.86555,0.91583,0.68463,0.85901,0.84637,0.90134,0.59161,0.79184,1.23648,0.48024,0.89196,0.00485893,0.00485893,0.00485893
59,1260.56,0.83243,1.43669,0.54638,0.88351,0.86302,0.86774,0.90986,0.67963,0.85139,0.85597,0.89402,0.57667,0.79346,1.31061,0.48639,0.89111,0.00485645,0.00485645,0.00485645
60,1281.48,0.84086,1.44587,0.54576,0.88229,0.87062,0.87047,0.92012,0.68982,0.86737,0.85617,0.90512,0.59059,0.76577,1.22614,0.46091,0.88681,0.00485398,0.00485398,0.00485398
61,1302.73,0.80923,1.38629,0.54368,0.88178,0.87343,0.86693,0.92133,0.69289,0.85757,0.85338,0.90188,0.58372,0.75346,1.21331,0.47559,0.88525,0.0048515,0.0048515,0.0048515
62,1323.4,0.82895,1.43369,0.54184,0.88439,0.86718,0.86892,0.91634,0.6922,0.85605,0.85676,0.90256,0.59793,0.76464,1.21753,0.44821,0.88568,0.00484902,0.00484902,0.00484902
63,1344.36,0.82846,1.43011,0.53074,0.87944,0.86857,0.8769,0.91893,0.68822,0.86582,0.85042,0.901,0.59251,0.78357,1.2507,0.47021,0.88937,0.00484655,0.00484655,0.00484655
64,1364.74,0.82088,1.4081,0.53553,0.88114,0.84997,0.88659,0.91982,0.6897,0.83835,0.87124,0.90326,0.58674,0.76867,1.22927,0.45797,0.88658,0.00484407,0.00484407,0.00484407
65,1386.22,0.82722,1.41454,0.53687,0.87903,0.86701,0.87208,0.92091,0.68868,0.8625,0.85006,0.90412,0.58291,0.79085,1.2223,0.46126,0.89144,0.0048416,0.0048416,0.0048416
66,1406.96,0.82187,1.41993,0.53367,0.88273,0.85331,0.88284,0.91975,0.69434,0.84074,0.8679,0.90492,0.59817,0.76569,1.20514,0.45168,0.88615,0.00483913,0.00483913,0.00483913
67,1428.64,0.84347,1.43119,0.5398,0.88056,0.87652,0.85841,0.91832,0.68936,0.86977,0.84886,0.90558,0.59457,0.79748,1.22902,0.46285,0.89019,0.00483665,0.00483665,0.00483665
68,1448.77,0.82058,1.41596,0.53744,0.88299,0.86755,0.86933,0.91676,0.68371,0.87262,0.84116,0.89885,0.58013,0.80197,1.25304,0.47054,0.89345,0.00483418,0.00483418,0.00483418
69,1468.95,0.81923,1.40313,0.54162,0.88098,0.86719,0.8673,0.91974,0.69447,0.85479,0.85092,0.90165,0.58659,0.75899,1.22266,0.45964,0.88798,0.0048317,0.0048317,0.0048317
70,1489.35,0.81207,1.39519,0.53746,0.88148,0.8543,0.87906,0.91956,0.68446,0.85407,0.8523,0.90185,0.58736,0.81502,1.22254,0.47798,0.89641,0.00482923,0.00482923,0.00482923
71,1510.44,0.82541,1.40043,0.53216,0.88353,0.86756,0.86909,0.91953,0.69169,0.85544,0.85294,0.90297,0.58756,0.77167,1.20759,0.44755,0.88736,0.00482675,0.00482675,0.00482675
72,1530.8,0.81303,1.38856,0.52393,0.87965,0.8682,0.87317,0.91996,0.69792,0.86151,0.85846,0.9058,0.59382,0.76062,1.19993,0.45129,0.8852,0.00482428,0.00482428,0.00482428
73,1551.4,0.80824,1.37383,0.52126,0.87997,0.86878,0.87368,0.92043,0.69678,0.8587,0.86003,0.90586,0.58718,0.7625,1.20117,0.4521,0.88717,0.0048218,0.0048218,0.0048218
74,1571.42,0.80512,1.3775,0.52746,0.88014,0.86433,0.85893,0.91433,0.67935,0.85661,0.84066,0.89577,0.57044,0.80152,1.33874,0.5072,0.90098,0.00481933,0.00481933,0.00481933
75,1591.52,0.81501,1.41567,0.53153,0.8794,0.85878,0.88087,0.91813,0.69018,0.85279,0.86734,0.90404,0.6013,0.77614,1.20589,0.45003,0.88726,0.00481685,0.00481685,0.00481685
76,1612.65,0.80743,1.3833,0.52038,0.87934,0.86014,0.88399,0.92097,0.69902,0.85267,0.86388,0.90477,0.58845,0.75471,1.19987,0.45271,0.88522,0.00481438,0.00481438,0.00481438
77,1633.07,0.82467,1.40533,0.52565,0.88059,0.87093,0.87464,0.91685,0.69399,0.8635,0.85298,0.90051,0.59061,0.75906,1.22798,0.45689,0.88668,0.0048119,0.0048119,0.0048119
78,1653.79,0.8047,1.37809,0.52077,0.87724,0.86988,0.87153,0.92039,0.69475,0.86451,0.85006,0.90254,0.59176,0.76804,1.21001,0.44911,0.88758,0.00480942,0.00480942,0.00480942
79,1673.99,0.81146,1.41156,0.52676,0.88118,0.85249,0.8755,0.91076,0.68728,0.83963,0.85757,0.89212,0.57691,0.76684,1.25352,0.48402,0.88893,0.00480695,0.00480695,0.00480695
80,1694.72,0.80745,1.38692,0.518,0.87716,0.86577,0.87246,0.91569,0.69568,0.86691,0.85016,0.89954,0.58922,0.75888,1.21564,0.45317,0.88579,0.00480448,0.00480448,0.00480448
81,1715.36,0.81705,1.41078,0.52012,0.88119,0.87633,0.87859,0.92357,0.70161,0.86671,0.86198,0.90807,0.59544,0.74895,1.20633,0.44,0.88505,0.004802,0.004802,0.004802
82,1736.18,0.8099,1.38737,0.52108,0.8774,0.85915,0.88339,0.91934,0.68893,0.85602,0.86107,0.90398,0.58354,0.7842,1.24862,0.46839,0.89192,0.00479952,0.00479952,0.00479952
83,1757.31,0.8188,1.39651,0.51806,0.87777,0.86564,0.88677,0.92381,0.6989,0.86449,0.85645,0.90712,0.59505,0.74919,1.18618,0.43313,0.88429,0.00479705,0.00479705,0.00479705
84,1777.45,0.81501,1.39092,0.52545,0.88014,0.8684,0.87376,0.92085,0.69357,0.85841,0.86285,0.90608,0.60507,0.76626,1.19111,0.4409,0.88679,0.00479458,0.00479458,0.00479458
85,1798.62,0.79689,1.36169,0.51398,0.87357,0.86053,0.87987,0.92077,0.69311,0.85432,0.86195,0.90396,0.59629,0.77447,1.23316,0.45259,0.88731,0.0047921,0.0047921,0.0047921
86,1819.09,0.80568,1.37529,0.5101,0.87969,0.873,0.88282,0.92406,0.69843,0.86456,0.85959,0.90619,0.59146,0.75011,1.19741,0.43811,0.8827,0.00478963,0.00478963,0.00478963
87,1839.69,0.81363,1.39268,0.51773,0.87624,0.8664,0.87914,0.92164,0.69981,0.86425,0.85821,0.90675,0.59763,0.75668,1.19738,0.44464,0.88391,0.00478715,0.00478715,0.00478715
88,1860.23,0.80892,1.39938,0.51262,0.88012,0.85566,0.88237,0.91949,0.69201,0.85275,0.85757,0.90401,0.58546,0.78159,1.24721,0.44585,0.89232,0.00478468,0.00478468,0.00478468
89,1880.43,0.80472,1.38156,0.51477,0.87854,0.86102,0.88318,0.9206,0.69782,0.85672,0.86644,0.90863,0.5921,0.75099,1.21084,0.43448,0.88565,0.0047822,0.0047822,0.0047822
90,1901.49,0.8042,1.37736,0.51282,0.87292,0.87905,0.88004,0.92252,0.70186,0.86528,0.86068,0.90441,0.58939,0.74869,1.19377,0.43186,0.88643,0.00477973,0.00477973,0.00477973
91,1921.48,0.80021,1.35422,0.50927,0.87631,0.85599,0.88676,0.9198,0.70009,0.8532,0.86393,0.90722,0.59742,0.75056,1.20072,0.43305,0.88552,0.00477725,0.00477725,0.00477725
92,1941.33,0.80318,1.38347,0.5142,0.87905,0.86924,0.87912,0.92153,0.70496,0.85673,0.86526,0.90683,0.58868,0.7353,1.18199,0.43022,0.88266,0.00477478,0.00477478,0.00477478
93,1961.43,0.79712,1.35286,0.50708,0.87727,0.86136,0.8834,0.92025,0.70113,0.84887,0.86527,0.90348,0.59178,0.74768,1.19796,0.43907,0.8831,0.0047723,0.0047723,0.0047723
94,1982.24,0.79824,1.35773,0.50833,0.87588,0.86558,0.87832,0.92226,0.70532,0.86373,0.85972,0.90698,0.59349,0.73653,1.19222,0.42497,0.88163,0.00476983,0.00476983,0.00476983
95,2003.19,0.81447,1.39293,0.50826,0.87271,0.86229,0.88624,0.92346,0.69878,0.86715,0.85201,0.90631,0.59278,0.75844,1.20271,0.43369,0.8844,0.00476735,0.00476735,0.00476735
96,2023.91,0.79978,1.37095,0.50504,0.88076,0.86235,0.88453,0.92111,0.7006,0.85602,0.86844,0.9079,0.59649,0.742,1.20149,0.42861,0.88273,0.00476488,0.00476488,0.00476488
97,2044.8,0.81345,1.37234,0.51356,0.87396,0.87037,0.88176,0.92616,0.70527,0.86648,0.86063,0.9107,0.59696,0.74365,1.18304,0.43973,0.88145,0.0047624,0.0047624,0.0047624
98,2065.75,0.79657,1.36107,0.51,0.87709,0.85406,0.88176,0.91866,0.70136,0.85657,0.86113,0.90854,0.59671,0.74004,1.1837,0.42911,0.88261,0.00475992,0.00475992,0.00475992
99,2086.54,0.79513,1.35802,0.5017,0.87749,0.87123,0.88398,0.92367,0.70471,0.86033,0.87154,0.91019,0.60245,0.74758,1.19091,0.43122,0.88212,0.00475745,0.00475745,0.00475745
100,2107.46,0.7941,1.35909,0.50334,0.87625,0.85682,0.88226,0.91717,0.69806,0.85193,0.86595,0.90389,0.59465,0.73868,1.20829,0.43245,0.88255,0.00475498,0.00475498,0.00475498
101,2127.87,0.7965,1.36072,0.50781,0.87654,0.87411,0.85811,0.91723,0.69942,0.86575,0.8429,0.90061,0.59397,0.74736,1.21654,0.44593,0.88547,0.0047525,0.0047525,0.0047525
102,2148.59,0.80396,1.36657,0.49913,0.8787,0.86555,0.88127,0.92437,0.70521,0.85445,0.86461,0.90751,0.59666,0.74994,1.19316,0.43371,0.88473,0.00475002,0.00475002,0.00475002
103,2169.53,0.79361,1.35457,0.50588,0.87373,0.85763,0.89107,0.92335,0.69967,0.86027,0.86775,0.91004,0.59802,0.76733,1.18692,0.45396,0.88412,0.00474755,0.00474755,0.00474755
104,2189.92,0.78743,1.36357,0.50131,0.87536,0.86031,0.88481,0.92195,0.69848,0.85241,0.87068,0.90925,0.59294,0.754,1.20007,0.43232,0.88433,0.00474508,0.00474508,0.00474508
105,2210.24,0.82052,1.42203,0.51043,0.87638,0.86042,0.88279,0.92461,0.70322,0.85803,0.8648,0.91082,0.59836,0.73994,1.19131,0.42542,0.88465,0.0047426,0.0047426,0.0047426
106,2231.07,0.79312,1.35705,0.50161,0.87415,0.86234,0.89287,0.92428,0.70144,0.85414,0.87728,0.91149,0.59931,0.75028,1.19216,0.43512,0.88047,0.00474013,0.00474013,0.00474013
107,2252.07,0.79731,1.35053,0.4974,0.87449,0.86174,0.89202,0.92272,0.69969,0.86269,0.86844,0.91124,0.60256,0.76334,1.19603,0.4275,0.88462,0.00473765,0.00473765,0.00473765
108,2272.4,0.80644,1.36013,0.50092,0.87473,0.85915,0.88725,0.91746,0.69275,0.85162,0.87102,0.90703,0.60036,0.78079,1.19702,0.43556,0.88732,0.00473518,0.00473518,0.00473518
109,2292.91,0.79,1.35445,0.49689,0.87238,0.8663,0.8797,0.92191,0.69808,0.85482,0.86319,0.90644,0.5979,0.75771,1.19244,0.43495,0.88218,0.0047327,0.0047327,0.0047327
110,2314.01,0.80644,1.38778,0.50874,0.87494,0.87213,0.87609,0.92465,0.70383,0.86752,0.85375,0.91061,0.60199,0.74296,1.17755,0.42329,0.88045,0.00473023,0.00473023,0.00473023
111,2334.75,0.7909,1.3512,0.49767,0.87367,0.87005,0.88217,0.92642,0.70608,0.86082,0.86905,0.91343,0.60362,0.7453,1.17967,0.41975,0.88122,0.00472775,0.00472775,0.00472775
112,2356.09,0.79041,1.36245,0.49352,0.87302,0.86103,0.8911,0.92556,0.70563,0.85597,0.87435,0.91315,0.6039,0.74033,1.17205,0.41957,0.87999,0.00472528,0.00472528,0.00472528
113,2376.62,0.79899,1.36231,0.49607,0.87427,0.87918,0.87099,0.9213,0.7049,0.87031,0.8525,0.90562,0.60074,0.73714,1.18021,0.43337,0.88011,0.0047228,0.0047228,0.0047228
114,2397,0.78416,1.329,0.49453,0.87279,0.87449,0.88184,0.92661,0.70538,0.86693,0.86062,0.90894,0.58677,0.73985,1.19125,0.41818,0.88363,0.00472033,0.00472033,0.00472033
115,2418.01,0.79344,1.36227,0.49642,0.87149,0.87237,0.87388,0.91933,0.69884,0.86434,0.85858,0.90816,0.60119,0.76238,1.20317,0.42931,0.8845,0.00471785,0.00471785,0.00471785
116,2439.22,0.79057,1.33269,0.50214,0.87249,0.8671,0.88751,0.92469,0.70552,0.85686,0.872,0.90797,0.59591,0.75057,1.19405,0.43098,0.88258,0.00471537,0.00471537,0.00471537
117,2459.85,0.79129,1.36143,0.49261,0.87252,0.87082,0.87489,0.92189,0.70669,0.86268,0.86358,0.90818,0.60353,0.73085,1.17627,0.42051,0.87821,0.0047129,0.0047129,0.0047129
118,2480.41,0.77883,1.3385,0.49661,0.87393,0.86481,0.88387,0.92615,0.70739,0.86612,0.8595,0.90972,0.59976,0.73812,1.16726,0.41971,0.87978,0.00471042,0.00471042,0.00471042
119,2501.45,0.78627,1.35203,0.4896,0.87214,0.88458,0.87498,0.92795,0.71065,0.87217,0.85584,0.90733,0.5959,0.73055,1.1787,0.42345,0.87972,0.00470795,0.00470795,0.00470795
120,2521.09,0.79254,1.34751,0.48996,0.87785,0.84497,0.88516,0.91073,0.69563,0.84983,0.85925,0.89828,0.59711,0.74656,1.23206,0.43617,0.88415,0.00470547,0.00470547,0.00470547
121,2543.04,0.7973,1.36824,0.49225,0.87115,0.85502,0.88658,0.92226,0.7041,0.84726,0.87034,0.9074,0.59564,0.73951,1.20037,0.41947,0.88277,0.004703,0.004703,0.004703
122,2563.21,0.7854,1.3313,0.49147,0.87198,0.86975,0.87889,0.926,0.70961,0.86302,0.86036,0.91129,0.60755,0.72746,1.17135,0.41887,0.88016,0.00470052,0.00470052,0.00470052
123,2584.34,0.79168,1.36396,0.49255,0.87181,0.87201,0.88634,0.92842,0.71149,0.86276,0.85956,0.90949,0.59941,0.72699,1.17363,0.42265,0.87978,0.00469805,0.00469805,0.00469805
124,2604.71,0.78952,1.34282,0.48276,0.8718,0.87058,0.88512,0.92688,0.70577,0.86164,0.86724,0.91075,0.59523,0.74285,1.16948,0.4172,0.88018,0.00469558,0.00469558,0.00469558
125,2624.75,0.79293,1.36926,0.48688,0.86922,0.85506,0.89392,0.92263,0.7038,0.85305,0.86942,0.90882,0.59311,0.73693,1.18735,0.41352,0.88143,0.0046931,0.0046931,0.0046931
126,2644.29,0.78783,1.34943,0.49226,0.87146,0.8594,0.88907,0.92428,0.70679,0.85374,0.86983,0.91039,0.59701,0.73479,1.17704,0.41293,0.88107,0.00469063,0.00469063,0.00469063
127,2664.8,0.79351,1.36351,0.48584,0.86684,0.85948,0.88669,0.92232,0.70784,0.85852,0.86473,0.90881,0.5996,0.73479,1.17701,0.41492,0.87918,0.00468815,0.00468815,0.00468815
128,2684.54,0.79894,1.3787,0.49194,0.87279,0.8723,0.87367,0.92505,0.70919,0.88523,0.84396,0.9118,0.60084,0.72723,1.16931,0.4181,0.87823,0.00468568,0.00468568,0.00468568
129,2704.76,0.77372,1.32524,0.48481,0.87013,0.86526,0.87989,0.92074,0.70475,0.85586,0.86335,0.90626,0.59631,0.73266,1.18484,0.42209,0.87943,0.0046832,0.0046832,0.0046832
130,2725.77,0.77997,1.32314,0.48179,0.87073,0.87529,0.87849,0.9288,0.71287,0.87006,0.86015,0.91302,0.60185,0.72613,1.17367,0.41131,0.88105,0.00468073,0.00468073,0.00468073
131,2746.73,0.77733,1.3113,0.48115,0.87229,0.87471,0.88092,0.92738,0.71286,0.87243,0.86046,0.91265,0.60217,0.7266,1.16704,0.41632,0.87795,0.00467825,0.00467825,0.00467825
132,2767.66,0.77921,1.33976,0.48217,0.86951,0.87535,0.87703,0.92615,0.71169,0.86686,0.86329,0.91237,0.59598,0.72194,1.17042,0.41588,0.87605,0.00467578,0.00467578,0.00467578
133,2788.29,0.77522,1.32417,0.4788,0.87139,0.8707,0.88413,0.92685,0.71018,0.86549,0.86695,0.91368,0.59836,0.72849,1.169,0.40692,0.87817,0.0046733,0.0046733,0.0046733
134,2810.52,0.77834,1.32755,0.48329,0.86554,0.87591,0.88051,0.9273,0.71163,0.87332,0.86006,0.91453,0.60595,0.73425,1.17627,0.41088,0.88051,0.00467082,0.00467082,0.00467082
135,2831.61,0.76966,1.30102,0.4808,0.8697,0.86732,0.88287,0.92618,0.71061,0.86443,0.86608,0.91178,0.60225,0.73348,1.17268,0.41773,0.88024,0.00466835,0.00466835,0.00466835
136,2852.37,0.7708,1.31667,0.48686,0.86891,0.86312,0.88447,0.92387,0.70406,0.85662,0.87218,0.91156,0.60022,0.74187,1.17617,0.4149,0.87899,0.00466587,0.00466587,0.00466587
137,2873.18,0.78699,1.35196,0.47927,0.87215,0.87515,0.87167,0.92127,0.70858,0.86525,0.85776,0.9065,0.60287,0.73015,1.19246,0.41084,0.88005,0.0046634,0.0046634,0.0046634
138,2894.09,0.78026,1.32853,0.48877,0.87012,0.87451,0.87693,0.92674,0.70828,0.87449,0.85732,0.91322,0.60688,0.73474,1.17066,0.41225,0.87868,0.00466093,0.00466093,0.00466093
139,2914.93,0.80034,1.37685,0.48565,0.87305,0.87486,0.87426,0.92345,0.70881,0.87067,0.8608,0.91201,0.60456,0.7406,1.16763,0.41032,0.88005,0.00465845,0.00465845,0.00465845
140,2935.16,0.77583,1.31442,0.4787,0.87007,0.85543,0.88813,0.92329,0.70613,0.85363,0.8629,0.90789,0.59931,0.74925,1.17242,0.41463,0.88104,0.00465597,0.00465597,0.00465597
141,2955.58,0.78443,1.35316,0.48124,0.87084,0.8609,0.88652,0.92398,0.70476,0.84973,0.87246,0.90722,0.59708,0.73927,1.19185,0.42356,0.87992,0.0046535,0.0046535,0.0046535
142,2976.35,0.77015,1.31042,0.47594,0.8702,0.86792,0.87928,0.92426,0.70431,0.85633,0.86548,0.90816,0.60101,0.75085,1.19352,0.41995,0.8809,0.00465102,0.00465102,0.00465102
143,2996.96,0.79267,1.34055,0.48411,0.86669,0.87886,0.87758,0.92819,0.71179,0.8748,0.86377,0.91561,0.61191,0.73625,1.16379,0.40418,0.87764,0.00464855,0.00464855,0.00464855
144,3017.57,0.78468,1.34803,0.4797,0.87188,0.87278,0.88483,0.92842,0.71215,0.86529,0.86626,0.91317,0.5992,0.72627,1.16617,0.40797,0.87825,0.00464608,0.00464608,0.00464608
145,3038.14,0.77148,1.32736,0.47392,0.87,0.86156,0.88374,0.92719,0.71024,0.85324,0.86747,0.91196,0.6022,0.72758,1.15744,0.40988,0.87673,0.0046436,0.0046436,0.0046436
146,3058.78,0.77606,1.3135,0.48404,0.87065,0.8553,0.88586,0.92005,0.70045,0.85111,0.87283,0.90905,0.60095,0.74955,1.1956,0.41552,0.8814,0.00464113,0.00464113,0.00464113
147,3078.87,0.7755,1.33381,0.47747,0.86802,0.85222,0.8893,0.91616,0.69604,0.84241,0.8769,0.902,0.59638,0.74931,1.21053,0.41966,0.88218,0.00463865,0.00463865,0.00463865
148,3099.44,0.77563,1.3366,0.47926,0.86921,0.88576,0.86679,0.92647,0.71227,0.87854,0.85031,0.91187,0.60011,0.73183,1.1706,0.41126,0.87852,0.00463618,0.00463618,0.00463618
149,3120.41,0.77532,1.32318,0.47289,0.86892,0.87466,0.88416,0.92706,0.71231,0.86404,0.86925,0.91298,0.60393,0.72637,1.16422,0.4106,0.87878,0.0046337,0.0046337,0.0046337
150,3141.74,0.78542,1.33788,0.47678,0.87379,0.86336,0.88601,0.92322,0.70344,0.86244,0.86615,0.90788,0.60947,0.74899,1.17927,0.41216,0.88141,0.00463123,0.00463123,0.00463123
151,3162.79,0.77275,1.32579,0.47352,0.8685,0.85982,0.87132,0.9136,0.69724,0.85377,0.84391,0.88999,0.59029,0.73816,1.22956,0.42321,0.88081,0.00462875,0.00462875,0.00462875
152,3183.89,0.78821,1.35571,0.4759,0.86789,0.87853,0.87573,0.92667,0.71471,0.87466,0.86005,0.91367,0.60397,0.72507,1.17629,0.408,0.87894,0.00462628,0.00462628,0.00462628
153,3204.1,0.78437,1.33669,0.4769,0.87035,0.8537,0.89503,0.9246,0.70548,0.84334,0.87937,0.91084,0.609,0.73474,1.17085,0.40517,0.879,0.0046238,0.0046238,0.0046238
154,3225.2,0.76939,1.31631,0.47331,0.86683,0.86186,0.88812,0.92555,0.7074,0.85844,0.86794,0.91232,0.60219,0.73281,1.18076,0.40605,0.87861,0.00462132,0.00462132,0.00462132
155,3246.57,0.77546,1.31042,0.47589,0.86911,0.86847,0.88098,0.9255,0.70852,0.87528,0.85061,0.91172,0.59821,0.73947,1.17093,0.40782,0.87837,0.00461885,0.00461885,0.00461885
156,3267.47,0.77236,1.31422,0.46883,0.86622,0.87416,0.88583,0.92792,0.71231,0.86442,0.86994,0.91261,0.60239,0.72246,1.1625,0.40364,0.87575,0.00461637,0.00461637,0.00461637
157,3288.24,0.77819,1.32798,0.47743,0.86824,0.86955,0.88528,0.92656,0.71355,0.86423,0.86262,0.90983,0.60084,0.72182,1.17452,0.41179,0.87727,0.0046139,0.0046139,0.0046139
158,3310.24,0.76183,1.2853,0.47164,0.86858,0.86331,0.88748,0.92467,0.70829,0.84982,0.8752,0.91012,0.60216,0.73122,1.16942,0.40563,0.87821,0.00461143,0.00461143,0.00461143
159,3331.12,0.77646,1.32111,0.47459,0.86854,0.86888,0.88524,0.92285,0.70702,0.85928,0.87046,0.90911,0.59957,0.7359,1.19349,0.40856,0.87768,0.00460895,0.00460895,0.00460895
160,3351.51,0.77731,1.33303,0.47132,0.87087,0.8644,0.88224,0.92523,0.70732,0.85685,0.87321,0.91745,0.61027,0.74033,1.17368,0.40812,0.87876,0.00460647,0.00460647,0.00460647
161,3372.11,0.7682,1.30879,0.47308,0.86893,0.85765,0.89061,0.92667,0.71052,0.84859,0.88015,0.91446,0.59948,0.73191,1.17223,0.40581,0.87883,0.004604,0.004604,0.004604
162,3393.25,0.77191,1.3193,0.46982,0.87116,0.87914,0.87536,0.92657,0.712,0.86901,0.85731,0.911,0.60057,0.72419,1.171,0.40407,0.87773,0.00460153,0.00460153,0.00460153
163,3414.18,0.7722,1.31438,0.47155,0.87115,0.86645,0.88499,0.92139,0.70501,0.8554,0.87322,0.90845,0.59853,0.73798,1.1969,0.42066,0.87983,0.00459905,0.00459905,0.00459905
164,3435.39,0.776,1.32001,0.47022,0.86702,0.86113,0.88738,0.92477,0.71,0.85758,0.86805,0.91131,0.60008,0.72862,1.16735,0.40577,0.87818,0.00459658,0.00459658,0.00459658
165,3456.34,0.77693,1.31303,0.47272,0.86919,0.87631,0.88201,0.92973,0.71326,0.87254,0.86425,0.91365,0.59637,0.72465,1.16073,0.40661,0.87719,0.0045941,0.0045941,0.0045941
166,3477.27,0.77026,1.30774,0.46603,0.86863,0.88245,0.87546,0.92995,0.7138,0.86981,0.86269,0.91267,0.60436,0.73322,1.16569,0.40537,0.87761,0.00459163,0.00459163,0.00459163
167,3498.08,0.78093,1.33922,0.47116,0.87187,0.87461,0.88485,0.93061,0.7159,0.86737,0.86372,0.91327,0.60013,0.72363,1.15237,0.40337,0.87688,0.00458915,0.00458915,0.00458915
168,3518.59,0.76439,1.29522,0.46455,0.86883,0.86241,0.88581,0.92448,0.70921,0.85531,0.87682,0.91421,0.60633,0.73055,1.16763,0.40549,0.87607,0.00458668,0.00458668,0.00458668
169,3538.99,0.76766,1.30526,0.46541,0.86758,0.87972,0.87424,0.92628,0.70695,0.86916,0.86355,0.91301,0.60135,0.73356,1.17406,0.41386,0.88099,0.0045842,0.0045842,0.0045842
170,3559.3,0.77943,1.33261,0.4782,0.87001,0.85035,0.88764,0.92309,0.70863,0.86755,0.85844,0.90992,0.59834,0.72664,1.17298,0.40963,0.87838,0.00458173,0.00458173,0.00458173
171,3579.71,0.76623,1.30075,0.46548,0.8692,0.86217,0.8815,0.92439,0.71257,0.8538,0.86898,0.91263,0.60769,0.72345,1.16617,0.40263,0.87597,0.00457925,0.00457925,0.00457925
172,3600.68,0.77445,1.32019,0.46987,0.86626,0.86956,0.88515,0.92793,0.70918,0.8613,0.87231,0.91684,0.61161,0.73017,1.17537,0.40256,0.87769,0.00457677,0.00457677,0.00457677
173,3621.19,0.77433,1.32038,0.47278,0.86769,0.8728,0.88099,0.9283,0.71452,0.86564,0.86879,0.91487,0.60502,0.72389,1.17735,0.41,0.87736,0.0045743,0.0045743,0.0045743
174,3642.38,0.76871,1.32195,0.47116,0.86709,0.8738,0.88403,0.92557,0.71107,0.86749,0.86896,0.91221,0.60529,0.7291,1.17094,0.40574,0.88015,0.00457182,0.00457182,0.00457182
175,3662.81,0.77559,1.3367,0.4688,0.87268,0.88422,0.87329,0.92541,0.71108,0.88026,0.85573,0.9128,0.6023,0.72773,1.17383,0.40638,0.87913,0.00456935,0.00456935,0.00456935
176,3683.14,0.7674,1.30984,0.46988,0.86647,0.87366,0.88605,0.929,0.71084,0.86925,0.8631,0.91189,0.60075,0.73345,1.17382,0.40701,0.88005,0.00456687,0.00456687,0.00456687
177,3704.04,0.76469,1.29534,0.4689,0.86768,0.86909,0.88348,0.92742,0.71381,0.86924,0.86129,0.91208,0.60426,0.72333,1.16164,0.40355,0.87627,0.0045644,0.0045644,0.0045644
178,3725.74,0.75939,1.28158,0.45945,0.86558,0.86451,0.88532,0.92379,0.70811,0.8589,0.86621,0.90787,0.60389,0.73226,1.18422,0.40838,0.87782,0.00456193,0.00456193,0.00456193
179,3746.45,0.75895,1.28912,0.46265,0.86389,0.8693,0.88811,0.92538,0.71296,0.85919,0.87767,0.91385,0.60635,0.71808,1.16588,0.40293,0.87552,0.00455945,0.00455945,0.00455945
180,3766.39,0.76039,1.28444,0.46015,0.86725,0.87473,0.87871,0.92697,0.71144,0.86418,0.85975,0.90941,0.60385,0.72118,1.16962,0.40031,0.87889,0.00455697,0.00455697,0.00455697
181,3786.36,0.76387,1.29174,0.45986,0.86582,0.87436,0.88266,0.93072,0.7168,0.86969,0.86428,0.91512,0.60373,0.71741,1.15365,0.40187,0.87694,0.0045545,0.0045545,0.0045545
182,3806.6,0.75152,1.28213,0.46263,0.86866,0.86883,0.88666,0.92583,0.70873,0.86718,0.86731,0.91261,0.60418,0.72667,1.18218,0.40494,0.87715,0.00455203,0.00455203,0.00455203
183,3826.49,0.7724,1.3245,0.47002,0.86624,0.87125,0.87828,0.92522,0.70758,0.87116,0.86383,0.91485,0.60972,0.73441,1.17823,0.40149,0.87914,0.00454955,0.00454955,0.00454955
184,3846.83,0.77585,1.3222,0.46953,0.87016,0.87245,0.88398,0.92945,0.71735,0.86306,0.86736,0.91476,0.60703,0.7212,1.16667,0.40105,0.8778,0.00454708,0.00454708,0.00454708
185,3867.48,0.75829,1.29021,0.46122,0.86452,0.88246,0.87286,0.92556,0.71253,0.87137,0.85632,0.90649,0.59939,0.72173,1.17972,0.40668,0.87693,0.0045446,0.0045446,0.0045446
186,3887.39,0.76299,1.3065,0.46697,0.87286,0.86938,0.88103,0.92394,0.71087,0.85902,0.86931,0.90974,0.60666,0.72049,1.1752,0.40233,0.878,0.00454213,0.00454213,0.00454213
187,3908.49,0.76749,1.30206,0.46287,0.865,0.87341,0.88248,0.92921,0.71608,0.86074,0.86976,0.91279,0.60943,0.71658,1.16752,0.39638,0.87731,0.00453965,0.00453965,0.00453965
188,3929.2,0.76372,1.3103,0.45975,0.86818,0.87552,0.88854,0.93137,0.71822,0.86307,0.87044,0.91551,0.60459,0.7162,1.16197,0.3948,0.87722,0.00453718,0.00453718,0.00453718
189,3949.98,0.77881,1.33823,0.4702,0.86681,0.88221,0.87958,0.92846,0.71199,0.87013,0.86221,0.90892,0.59826,0.72843,1.17742,0.40142,0.87712,0.0045347,0.0045347,0.0045347
190,3970.21,0.77808,1.3265,0.46801,0.86789,0.87424,0.88553,0.92419,0.71191,0.8678,0.8778,0.91607,0.61052,0.72126,1.17282,0.40046,0.87724,0.00453222,0.00453222,0.00453222
191,3991.14,0.75882,1.28491,0.46001,0.86441,0.86702,0.89205,0.92563,0.71686,0.85983,0.88112,0.91492,0.60802,0.71917,1.15878,0.39769,0.87492,0.00452975,0.00452975,0.00452975
192,4012.09,0.767,1.29742,0.45828,0.86731,0.87176,0.88559,0.92723,0.71749,0.85598,0.87682,0.91308,0.60951,0.71819,1.15505,0.39608,0.875,0.00452727,0.00452727,0.00452727
193,4033.29,0.75333,1.29745,0.46328,0.86672,0.87016,0.88434,0.92737,0.717,0.86377,0.86831,0.91233,0.6072,0.71791,1.16308,0.40266,0.87523,0.0045248,0.0045248,0.0045248
194,4054.4,0.76037,1.29236,0.4641,0.86966,0.87783,0.88107,0.92624,0.71216,0.87255,0.86457,0.91068,0.60843,0.72274,1.17007,0.39443,0.87557,0.00452232,0.00452232,0.00452232
195,4075.9,0.76137,1.29473,0.46242,0.86701,0.87167,0.88283,0.92661,0.71388,0.86543,0.86906,0.91332,0.60581,0.7172,1.1671,0.39643,0.87507,0.00451985,0.00451985,0.00451985
196,4096.85,0.75873,1.28856,0.46209,0.86654,0.87173,0.88616,0.92058,0.7066,0.86318,0.86455,0.90721,0.60018,0.73101,1.17633,0.4046,0.87852,0.00451737,0.00451737,0.00451737
197,4117.54,0.74938,1.26624,0.45324,0.8665,0.86321,0.8898,0.9282,0.70927,0.86072,0.87327,0.91577,0.60768,0.74143,1.17265,0.40464,0.87843,0.0045149,0.0045149,0.0045149
198,4138.73,0.75714,1.29568,0.46021,0.86605,0.86241,0.88904,0.92961,0.71612,0.8548,0.87536,0.91602,0.61266,0.72162,1.14387,0.39893,0.87553,0.00451242,0.00451242,0.00451242
199,4159.99,0.74919,1.27562,0.45725,0.86327,0.86003,0.88623,0.92493,0.71486,0.86303,0.86479,0.91291,0.61411,0.72056,1.16271,0.39964,0.87472,0.00450995,0.00450995,0.00450995
200,4180.38,0.75296,1.2744,0.45409,0.86739,0.86668,0.88756,0.92733,0.71605,0.85922,0.87695,0.91513,0.60709,0.71585,1.15423,0.39326,0.87573,0.00450747,0.00450747,0.00450747
201,4201.68,0.76701,1.29989,0.46102,0.8648,0.87578,0.88798,0.92808,0.71839,0.86569,0.87498,0.91309,0.60672,0.71191,1.15718,0.40361,0.87394,0.004505,0.004505,0.004505
202,4222.64,0.75412,1.28168,0.45347,0.86525,0.87997,0.88417,0.92956,0.71726,0.87439,0.87119,0.91707,0.60505,0.72213,1.17583,0.39888,0.88029,0.00450253,0.00450253,0.00450253
203,4243.14,0.75982,1.29172,0.46217,0.86291,0.88595,0.87785,0.92936,0.71657,0.8741,0.86302,0.91578,0.6019,0.71691,1.17477,0.39975,0.87882,0.00450005,0.00450005,0.00450005
204,4263.59,0.75196,1.26829,0.45527,0.86388,0.89073,0.87552,0.93107,0.71565,0.88541,0.85237,0.9123,0.6007,0.71874,1.1816,0.39522,0.87782,0.00449758,0.00449758,0.00449758
205,4284.38,0.75973,1.30917,0.45816,0.86726,0.88493,0.87997,0.93101,0.71789,0.87826,0.86108,0.91488,0.60672,0.71111,1.14931,0.39603,0.87301,0.0044951,0.0044951,0.0044951
206,4305.07,0.75676,1.28161,0.45448,0.86459,0.8747,0.88872,0.93149,0.71716,0.87103,0.87298,0.91943,0.60726,0.72107,1.15272,0.39292,0.87814,0.00449263,0.00449263,0.00449263
207,4325.13,0.76126,1.2979,0.46117,0.86691,0.87623,0.88279,0.92755,0.71729,0.86749,0.87071,0.91427,0.60808,0.71703,1.16103,0.39531,0.87499,0.00449015,0.00449015,0.00449015
208,4346.41,0.75293,1.29416,0.45525,0.86657,0.88339,0.88111,0.92966,0.71841,0.87321,0.86643,0.91406,0.60625,0.71479,1.16072,0.39016,0.87355,0.00448767,0.00448767,0.00448767
209,4367.5,0.74695,1.27136,0.45385,0.86495,0.88915,0.8748,0.92965,0.71828,0.8895,0.85573,0.91718,0.60849,0.72286,1.15584,0.38971,0.87402,0.0044852,0.0044852,0.0044852
210,4388.7,0.76475,1.29554,0.45845,0.86689,0.87524,0.88463,0.92861,0.71668,0.86583,0.87417,0.91714,0.60755,0.72304,1.15359,0.39618,0.87571,0.00448272,0.00448272,0.00448272
211,4410.31,0.77135,1.31677,0.46186,0.86585,0.87327,0.88902,0.92823,0.71194,0.87111,0.87203,0.91713,0.60378,0.73113,1.16914,0.39583,0.87865,0.00448025,0.00448025,0.00448025
212,4432.38,0.75616,1.28483,0.45631,0.86322,0.87323,0.88615,0.92562,0.71619,0.86495,0.87441,0.9118,0.60861,0.70781,1.15875,0.38991,0.87375,0.00447777,0.00447777,0.00447777
213,4453.16,0.76106,1.30726,0.45951,0.86963,0.86899,0.89079,0.92579,0.71357,0.85831,0.87609,0.91031,0.60723,0.70952,1.15979,0.39179,0.87369,0.0044753,0.0044753,0.0044753
214,4474.13,0.74792,1.26032,0.44888,0.86401,0.86844,0.88967,0.92917,0.7173,0.86649,0.86502,0.91478,0.60791,0.71035,1.15037,0.39025,0.87343,0.00447282,0.00447282,0.00447282
215,4494.75,0.74552,1.2584,0.46058,0.86389,0.88587,0.87994,0.93124,0.71761,0.88458,0.86049,0.91794,0.60764,0.71995,1.15143,0.39615,0.87541,0.00447035,0.00447035,0.00447035
216,4516.07,0.75619,1.2931,0.451,0.86574,0.88035,0.88997,0.93106,0.71918,0.8775,0.87435,0.91892,0.6134,0.71737,1.15251,0.39098,0.87568,0.00446788,0.00446788,0.00446788
217,4537.49,0.7578,1.28836,0.45161,0.86687,0.86635,0.89339,0.92871,0.71644,0.85631,0.87688,0.91192,0.60455,0.71842,1.19039,0.39389,0.87544,0.0044654,0.0044654,0.0044654
218,4558.36,0.73831,1.24578,0.44997,0.86383,0.87969,0.87884,0.92586,0.71367,0.86915,0.8675,0.9135,0.60527,0.72616,1.18242,0.40187,0.87742,0.00446292,0.00446292,0.00446292
219,4579.02,0.75732,1.30527,0.4568,0.86597,0.88187,0.88209,0.9309,0.71888,0.87569,0.86786,0.9181,0.6009,0.72016,1.16308,0.4002,0.87818,0.00446045,0.00446045,0.00446045
220,4600.13,0.74353,1.27173,0.45248,0.86721,0.88711,0.88344,0.93218,0.72184,0.88204,0.86961,0.91942,0.60303,0.71471,1.16055,0.39512,0.87665,0.00445797,0.00445797,0.00445797
221,4621.73,0.75013,1.27705,0.45041,0.86108,0.87715,0.8859,0.93223,0.72229,0.87869,0.86063,0.91808,0.60616,0.70991,1.14928,0.38636,0.87371,0.0044555,0.0044555,0.0044555
222,4642.63,0.75312,1.28312,0.45112,0.86377,0.87534,0.89356,0.92972,0.71885,0.86967,0.8781,0.91895,0.60938,0.71262,1.16444,0.39336,0.87554,0.00445303,0.00445303,0.00445303
223,4663.25,0.74538,1.27762,0.45562,0.86463,0.87165,0.8837,0.9266,0.71373,0.86396,0.86899,0.91477,0.60633,0.73168,1.18396,0.3959,0.88222,0.00445055,0.00445055,0.00445055
224,4684.34,0.75059,1.26595,0.44853,0.86657,0.87109,0.89178,0.93021,0.72007,0.86184,0.87393,0.91578,0.60617,0.71013,1.15873,0.39237,0.87501,0.00444808,0.00444808,0.00444808
225,4705.17,0.74026,1.25891,0.45001,0.86532,0.87886,0.88321,0.93033,0.7178,0.87676,0.86117,0.91789,0.61171,0.71215,1.15027,0.3983,0.87506,0.0044456,0.0044456,0.0044456
226,4725.44,0.74775,1.27096,0.45218,0.86638,0.87284,0.88093,0.92743,0.7168,0.87377,0.86486,0.91568,0.60877,0.71483,1.16026,0.39649,0.87626,0.00444313,0.00444313,0.00444313
227,4746.03,0.74742,1.26896,0.45565,0.86195,0.8802,0.88761,0.92938,0.71502,0.87956,0.86947,0.9157,0.60761,0.72563,1.16987,0.39452,0.87445,0.00444065,0.00444065,0.00444065
228,4766.58,0.74939,1.27231,0.44533,0.86455,0.87222,0.8877,0.92993,0.71668,0.86261,0.87803,0.91876,0.61541,0.72879,1.15652,0.38858,0.87532,0.00443817,0.00443817,0.00443817
229,4787.41,0.73978,1.2546,0.44838,0.86227,0.89023,0.87263,0.93072,0.71813,0.88113,0.86214,0.91857,0.61345,0.71913,1.15433,0.38738,0.87512,0.0044357,0.0044357,0.0044357
230,4808.08,0.76091,1.30188,0.45797,0.86265,0.87431,0.8858,0.92938,0.7191,0.86653,0.8678,0.914,0.60977,0.71867,1.16742,0.3953,0.87463,0.00443322,0.00443322,0.00443322
231,4829.02,0.77198,1.32075,0.46209,0.8664,0.87562,0.88861,0.92828,0.72079,0.86838,0.87211,0.91486,0.60753,0.7083,1.15595,0.39094,0.87327,0.00443075,0.00443075,0.00443075
232,4849.59,0.74822,1.27473,0.44607,0.86475,0.87641,0.88643,0.92994,0.71735,0.86741,0.87484,0.91722,0.60463,0.71895,1.15935,0.39078,0.87688,0.00442827,0.00442827,0.00442827
233,4870.52,0.75138,1.27001,0.44999,0.86311,0.87808,0.87987,0.92623,0.71635,0.87111,0.86154,0.91107,0.60422,0.71657,1.17119,0.39195,0.87696,0.0044258,0.0044258,0.0044258
234,4891.84,0.74577,1.264,0.45111,0.86392,0.87044,0.87945,0.92803,0.71607,0.87923,0.8472,0.91088,0.60638,0.72413,1.16581,0.39488,0.87537,0.00442332,0.00442332,0.00442332
235,4912.39,0.75429,1.2714,0.4456,0.86342,0.87411,0.88412,0.93145,0.71583,0.87443,0.8618,0.91768,0.60825,0.73022,1.16934,0.39502,0.87596,0.00442085,0.00442085,0.00442085
236,4932.93,0.74861,1.27465,0.449,0.86489,0.87057,0.88355,0.92574,0.71697,0.86999,0.86213,0.91091,0.60517,0.71789,1.16949,0.39156,0.87471,0.00441838,0.00441838,0.00441838
237,4953.84,0.74719,1.25985,0.45601,0.86018,0.87868,0.87953,0.92923,0.71921,0.86911,0.8656,0.91436,0.60524,0.71211,1.14615,0.39378,0.87516,0.0044159,0.0044159,0.0044159
238,4974.11,0.75557,1.29175,0.44913,0.86341,0.87761,0.88322,0.9289,0.71582,0.87268,0.8647,0.91493,0.59988,0.72046,1.15882,0.39098,0.88044,0.00441342,0.00441342,0.00441342
239,4994.89,0.75568,1.27965,0.44893,0.86567,0.88449,0.8803,0.9317,0.72045,0.87486,0.8718,0.92022,0.60443,0.71146,1.15442,0.39149,0.87532,0.00441095,0.00441095,0.00441095
240,5014.86,0.7384,1.24391,0.4455,0.86514,0.88124,0.88873,0.93323,0.72173,0.87202,0.87286,0.91829,0.60666,0.71266,1.14834,0.38688,0.87452,0.00440848,0.00440848,0.00440848
241,5036.09,0.76014,1.29325,0.45095,0.86471,0.89553,0.86956,0.93028,0.71626,0.88508,0.85674,0.91367,0.60775,0.72555,1.17477,0.39118,0.87792,0.004406,0.004406,0.004406
242,5056.69,0.74978,1.27759,0.44989,0.86366,0.88577,0.88176,0.92998,0.71975,0.87841,0.86509,0.91608,0.60872,0.71399,1.16608,0.38966,0.87477,0.00440353,0.00440353,0.00440353
243,5077.16,0.74202,1.25096,0.45154,0.86103,0.88524,0.88107,0.93069,0.7194,0.87577,0.86946,0.91711,0.60762,0.71621,1.16102,0.38521,0.87746,0.00440105,0.00440105,0.00440105
244,5098.1,0.74686,1.26258,0.45233,0.8643,0.88582,0.88417,0.93241,0.72105,0.87738,0.87003,0.91783,0.61038,0.71635,1.15922,0.38533,0.87697,0.00439858,0.00439858,0.00439858
245,5118.73,0.74863,1.2694,0.44455,0.86079,0.88222,0.88068,0.93117,0.72033,0.87384,0.86719,0.91887,0.60659,0.71773,1.15833,0.38848,0.8767,0.0043961,0.0043961,0.0043961
246,5139.93,0.7488,1.27784,0.44713,0.86084,0.88834,0.87645,0.92993,0.71998,0.87458,0.86496,0.9159,0.60619,0.7079,1.14829,0.39039,0.87318,0.00439362,0.00439362,0.00439362
247,5160.52,0.73685,1.24361,0.44196,0.86218,0.88194,0.89042,0.93381,0.72007,0.87466,0.8711,0.92025,0.61483,0.71665,1.14626,0.38797,0.87482,0.00439115,0.00439115,0.00439115
248,5181.82,0.75004,1.28932,0.44911,0.86232,0.88518,0.88692,0.93219,0.71917,0.87547,0.87579,0.91775,0.61356,0.71949,1.15127,0.38433,0.87539,0.00438868,0.00438868,0.00438868
249,5202.94,0.74175,1.25422,0.44776,0.86124,0.88301,0.87961,0.92795,0.71692,0.87399,0.86711,0.91416,0.61119,0.72077,1.16289,0.38794,0.87849,0.0043862,0.0043862,0.0043862
250,5223.49,0.75541,1.28848,0.44781,0.86114,0.87103,0.89121,0.92731,0.71414,0.8639,0.8793,0.91517,0.61177,0.72875,1.18252,0.3893,0.87738,0.00438372,0.00438372,0.00438372
251,5244.27,0.74324,1.26424,0.44649,0.86438,0.86967,0.88709,0.92723,0.7143,0.87726,0.86462,0.91651,0.61477,0.73624,1.16894,0.38893,0.87562,0.00438125,0.00438125,0.00438125
252,5264.93,0.74214,1.26562,0.44673,0.86478,0.87524,0.89277,0.93032,0.71728,0.86994,0.87758,0.91672,0.60873,0.71677,1.16086,0.38835,0.87465,0.00437878,0.00437878,0.00437878
253,5286.04,0.74385,1.25782,0.4477,0.86043,0.87338,0.89417,0.93198,0.71872,0.87541,0.87772,0.92058,0.61161,0.71746,1.16208,0.38788,0.87514,0.0043763,0.0043763,0.0043763
254,5306.24,0.73569,1.25692,0.44357,0.86529,0.88383,0.88935,0.93315,0.72198,0.88054,0.86388,0.91921,0.61101,0.70908,1.15699,0.38319,0.87355,0.00437382,0.00437382,0.00437382
255,5326.09,0.7278,1.21722,0.43771,0.86385,0.88153,0.88925,0.93374,0.72385,0.86995,0.8742,0.91818,0.614,0.70979,1.15215,0.38235,0.87332,0.00437135,0.00437135,0.00437135
256,5346.84,0.74613,1.26988,0.44519,0.86363,0.86737,0.89001,0.92677,0.71599,0.86414,0.87343,0.9137,0.60333,0.71787,1.16773,0.38711,0.87413,0.00436888,0.00436888,0.00436888
257,5368.07,0.75111,1.28524,0.44681,0.86211,0.88227,0.88117,0.92911,0.72027,0.87817,0.86683,0.91554,0.60472,0.71542,1.15961,0.38816,0.8747,0.0043664,0.0043664,0.0043664
258,5389.2,0.74073,1.25483,0.44538,0.86007,0.88324,0.88722,0.93358,0.72035,0.87351,0.87137,0.91715,0.61105,0.72394,1.16053,0.38749,0.87396,0.00436392,0.00436392,0.00436392
259,5410.41,0.74749,1.26543,0.44967,0.86016,0.88339,0.89297,0.93693,0.72314,0.88376,0.875,0.92461,0.61055,0.71269,1.15055,0.38087,0.87287,0.00436145,0.00436145,0.00436145
260,5431.19,0.7497,1.27821,0.44523,0.85788,0.88369,0.88649,0.93537,0.72339,0.88163,0.87149,0.92283,0.60893,0.71346,1.16012,0.38244,0.8756,0.00435898,0.00435898,0.00435898
261,5451.98,0.73135,1.24141,0.44123,0.86244,0.8842,0.88365,0.9314,0.7233,0.87713,0.87098,0.91824,0.60819,0.714,1.15901,0.38598,0.87712,0.0043565,0.0043565,0.0043565
262,5472.62,0.73793,1.25943,0.44714,0.85965,0.88547,0.88211,0.93164,0.72343,0.87797,0.86921,0.91684,0.61077,0.70747,1.15279,0.38659,0.87261,0.00435403,0.00435403,0.00435403
263,5493.24,0.74608,1.26996,0.44641,0.86139,0.88145,0.88572,0.93306,0.72221,0.87477,0.86767,0.91771,0.60739,0.71488,1.15825,0.3901,0.87448,0.00435155,0.00435155,0.00435155
264,5514.53,0.74779,1.28249,0.44556,0.86123,0.89022,0.88212,0.93397,0.72146,0.88391,0.87258,0.92188,0.61659,0.71743,1.15177,0.38459,0.87454,0.00434907,0.00434907,0.00434907
265,5535.16,0.75563,1.27959,0.44828,0.8668,0.88344,0.88137,0.93174,0.72035,0.87479,0.86511,0.91866,0.61165,0.72597,1.16164,0.38412,0.87561,0.0043466,0.0043466,0.0043466
266,5555.76,0.74174,1.25514,0.44732,0.86037,0.87551,0.88978,0.93062,0.7195,0.87212,0.87105,0.92037,0.61225,0.71765,1.16238,0.38375,0.87523,0.00434412,0.00434412,0.00434412
267,5576.4,0.75766,1.2969,0.44983,0.86072,0.87726,0.88515,0.93178,0.72309,0.87194,0.87163,0.91895,0.61256,0.70653,1.14874,0.38224,0.87217,0.00434165,0.00434165,0.00434165
268,5596.68,0.74457,1.25607,0.44264,0.86073,0.88366,0.88563,0.93229,0.72174,0.87517,0.8733,0.91873,0.61076,0.70616,1.14737,0.38307,0.87167,0.00433917,0.00433917,0.00433917
269,5617.3,0.73399,1.24028,0.44076,0.86145,0.89009,0.88245,0.9334,0.72251,0.88385,0.86444,0.91792,0.6085,0.7132,1.15199,0.38681,0.87455,0.0043367,0.0043367,0.0043367
270,5637.47,0.74397,1.26514,0.44101,0.86302,0.88574,0.87857,0.93313,0.72265,0.87653,0.86185,0.91666,0.60385,0.70848,1.1453,0.3858,0.87214,0.00433422,0.00433422,0.00433422
271,5657.45,0.73263,1.23281,0.44162,0.85844,0.89191,0.87798,0.9331,0.72475,0.88112,0.86264,0.91852,0.60981,0.70504,1.1414,0.38346,0.872,0.00433175,0.00433175,0.00433175
272,5677.67,0.73708,1.25442,0.4402,0.86229,0.89415,0.87038,0.93133,0.72218,0.88822,0.85547,0.91803,0.60901,0.71715,1.16157,0.38354,0.8746,0.00432928,0.00432928,0.00432928
273,5697.1,0.73777,1.25245,0.44213,0.86127,0.87894,0.87992,0.92942,0.71912,0.86983,0.86977,0.91736,0.61435,0.71742,1.16331,0.38469,0.87627,0.0043268,0.0043268,0.0043268
274,5716.79,0.73815,1.247,0.43787,0.8624,0.88578,0.87081,0.92907,0.71851,0.87638,0.85942,0.91573,0.60927,0.71464,1.17683,0.38613,0.87793,0.00432432,0.00432432,0.00432432
275,5737.59,0.73442,1.23116,0.43754,0.85849,0.86656,0.89447,0.92978,0.72109,0.86639,0.86896,0.91554,0.60292,0.7087,1.15514,0.38451,0.87589,0.00432185,0.00432185,0.00432185
276,5758.11,0.72984,1.23067,0.4411,0.85906,0.87472,0.88928,0.93117,0.72236,0.86287,0.87587,0.91685,0.61112,0.70911,1.15202,0.38176,0.87386,0.00431938,0.00431938,0.00431938
277,5778.85,0.73856,1.2504,0.44071,0.86159,0.87912,0.89065,0.93146,0.71969,0.88181,0.87061,0.922,0.61431,0.71973,1.15467,0.38663,0.87418,0.0043169,0.0043169,0.0043169
278,5800.31,0.74936,1.28169,0.4454,0.86197,0.88488,0.88631,0.93285,0.72312,0.87436,0.87906,0.92218,0.61516,0.71616,1.15346,0.38552,0.87392,0.00431442,0.00431442,0.00431442
279,5821.58,0.74582,1.27606,0.44741,0.85951,0.8734,0.89204,0.93076,0.7209,0.86329,0.88177,0.91875,0.61512,0.7162,1.15322,0.38319,0.87423,0.00431195,0.00431195,0.00431195
280,5841.86,0.72967,1.24802,0.43917,0.86121,0.88508,0.87768,0.93127,0.72167,0.88448,0.85997,0.92055,0.61398,0.71591,1.15509,0.38148,0.87383,0.00430948,0.00430948,0.00430948
281,5862.81,0.74051,1.26195,0.4434,0.85816,0.89389,0.87094,0.93101,0.72321,0.89351,0.85468,0.9186,0.61188,0.71613,1.15491,0.3821,0.87194,0.004307,0.004307,0.004307
282,5883.7,0.73139,1.22878,0.43697,0.85995,0.88592,0.88301,0.93223,0.72188,0.8767,0.8715,0.91983,0.61275,0.71228,1.16133,0.38403,0.87258,0.00430453,0.00430453,0.00430453
283,5904.09,0.73086,1.22411,0.43442,0.86117,0.88611,0.88541,0.93105,0.72054,0.87774,0.8748,0.92001,0.61575,0.71093,1.14691,0.38416,0.87204,0.00430205,0.00430205,0.00430205
284,5924.34,0.73757,1.25419,0.4405,0.86086,0.87825,0.88694,0.93307,0.72118,0.87831,0.86834,0.92189,0.61723,0.71809,1.14653,0.38781,0.87341,0.00429958,0.00429958,0.00429958
285,5945.81,0.73355,1.2381,0.43927,0.86044,0.88578,0.87909,0.93176,0.72368,0.87412,0.86775,0.91968,0.61036,0.70424,1.14396,0.38222,0.87078,0.0042971,0.0042971,0.0042971
286,5966.84,0.73275,1.24373,0.44129,0.86183,0.89638,0.87282,0.93126,0.72382,0.89205,0.85824,0.91829,0.61342,0.70612,1.14406,0.38406,0.87097,0.00429463,0.00429463,0.00429463
287,5987.97,0.74432,1.27016,0.44467,0.86072,0.88681,0.87334,0.9288,0.71909,0.88662,0.8583,0.91681,0.61355,0.71037,1.14604,0.38784,0.87204,0.00429215,0.00429215,0.00429215
288,6009.05,0.73417,1.24561,0.44124,0.85843,0.88215,0.8825,0.92932,0.71995,0.87547,0.86949,0.9189,0.61253,0.71497,1.15439,0.38478,0.87483,0.00428967,0.00428967,0.00428967
289,6029.59,0.73132,1.24683,0.44007,0.86235,0.90015,0.87493,0.93314,0.72427,0.89048,0.86586,0.92169,0.61367,0.71563,1.15542,0.3817,0.87558,0.0042872,0.0042872,0.0042872
290,6049.54,0.73474,1.24267,0.43732,0.85861,0.88384,0.88412,0.93318,0.72273,0.87324,0.87249,0.91951,0.61237,0.7153,1.15845,0.38226,0.87609,0.00428473,0.00428473,0.00428473
291,6070.4,0.73545,1.24415,0.43959,0.85942,0.88509,0.88292,0.93104,0.7222,0.87415,0.86715,0.91467,0.61515,0.71651,1.15234,0.38285,0.87397,0.00428225,0.00428225,0.00428225
292,6091.23,0.73872,1.2581,0.43715,0.8588,0.8894,0.88335,0.93503,0.72423,0.88589,0.8638,0.91933,0.61563,0.71251,1.14484,0.37996,0.87227,0.00427978,0.00427978,0.00427978
293,6111.91,0.72978,1.23135,0.43678,0.86039,0.89318,0.88125,0.93387,0.72241,0.8896,0.86384,0.91957,0.61728,0.72081,1.14535,0.37962,0.87303,0.0042773,0.0042773,0.0042773
294,6132.5,0.73607,1.24505,0.4406,0.8619,0.88568,0.88052,0.93173,0.72297,0.8883,0.85663,0.91891,0.61477,0.71171,1.14765,0.38001,0.87294,0.00427483,0.00427483,0.00427483
295,6153.46,0.7376,1.24178,0.44094,0.86142,0.88779,0.8757,0.93091,0.72163,0.87795,0.85999,0.91594,0.61167,0.71343,1.15768,0.3817,0.87477,0.00427235,0.00427235,0.00427235
296,6174.39,0.73068,1.23545,0.44095,0.86018,0.89083,0.87889,0.9324,0.72416,0.88034,0.86441,0.91889,0.6113,0.71023,1.15341,0.38223,0.87385,0.00426988,0.00426988,0.00426988
297,6195.81,0.73071,1.23961,0.4389,0.85692,0.89729,0.87647,0.93404,0.7234,0.88825,0.86199,0.91896,0.61234,0.71123,1.14443,0.38137,0.87326,0.0042674,0.0042674,0.0042674
298,6216.83,0.73227,1.2296,0.43478,0.85953,0.89626,0.87158,0.93471,0.72535,0.88973,0.86161,0.92271,0.61295,0.70826,1.13832,0.37947,0.87183,0.00426493,0.00426493,0.00426493
299,6237.92,0.73838,1.23631,0.4394,0.85923,0.88326,0.87965,0.93052,0.71976,0.87383,0.86901,0.91777,0.61782,0.71166,1.14895,0.38,0.87309,0.00426245,0.00426245,0.00426245
300,6258.66,0.7349,1.22828,0.43645,0.86282,0.8842,0.88441,0.93249,0.72331,0.87823,0.86604,0.91786,0.61216,0.71604,1.15463,0.38203,0.87738,0.00425998,0.00425998,0.00425998
301,6279.99,0.73624,1.24328,0.4398,0.85996,0.88136,0.88275,0.9324,0.72137,0.88312,0.85946,0.91922,0.60862,0.72445,1.15896,0.38549,0.88083,0.0042575,0.0042575,0.0042575
302,6300.56,0.7285,1.22321,0.43541,0.86248,0.88527,0.88403,0.93237,0.72303,0.87242,0.87411,0.91816,0.60712,0.7104,1.14854,0.38317,0.87456,0.00425502,0.00425502,0.00425502
303,6321.5,0.72626,1.24003,0.43329,0.86061,0.88927,0.87436,0.93262,0.72168,0.87916,0.86188,0.91522,0.59982,0.71315,1.18281,0.38264,0.87591,0.00425255,0.00425255,0.00425255
304,6342.48,0.731,1.24444,0.43606,0.86129,0.87181,0.89306,0.93097,0.7253,0.87029,0.86714,0.91732,0.61224,0.70712,1.15549,0.38173,0.87276,0.00425008,0.00425008,0.00425008
305,6363.35,0.74329,1.26841,0.44229,0.86063,0.88063,0.88512,0.93097,0.72231,0.87217,0.86691,0.91929,0.61578,0.71634,1.15527,0.38098,0.87336,0.0042476,0.0042476,0.0042476
306,6385.29,0.74062,1.23812,0.44187,0.8577,0.8874,0.88575,0.93222,0.72427,0.87819,0.86999,0.91974,0.61028,0.71034,1.14503,0.38126,0.87234,0.00424513,0.00424513,0.00424513
307,6406.16,0.74065,1.25484,0.44386,0.85933,0.87986,0.8898,0.93344,0.72428,0.87408,0.87136,0.91807,0.60575,0.71695,1.15199,0.38181,0.87538,0.00424265,0.00424265,0.00424265
308,6427.81,0.73835,1.25356,0.44377,0.86008,0.87126,0.89805,0.93168,0.72351,0.87564,0.8671,0.91564,0.60761,0.70932,1.14774,0.38046,0.87396,0.00424017,0.00424017,0.00424017
309,6449.39,0.73116,1.22841,0.43171,0.85767,0.87817,0.88804,0.93459,0.72568,0.86551,0.87301,0.91846,0.6088,0.7112,1.15728,0.37991,0.87588,0.0042377,0.0042377,0.0042377
310,6470.5,0.73404,1.24444,0.43636,0.85903,0.88214,0.88456,0.93319,0.72382,0.87242,0.86962,0.91709,0.60767,0.71325,1.16273,0.379,0.87665,0.00423523,0.00423523,0.00423523
311,6491.95,0.73904,1.25052,0.43799,0.85889,0.87516,0.89017,0.93083,0.72228,0.86564,0.87479,0.91604,0.61175,0.71134,1.14708,0.38257,0.87385,0.00423275,0.00423275,0.00423275
312,6513.28,0.70928,1.18572,0.42292,0.85891,0.88996,0.8848,0.93251,0.72416,0.88021,0.87107,0.92192,0.60948,0.70988,1.14489,0.38123,0.87415,0.00423028,0.00423028,0.00423028
313,6534.18,0.73257,1.24734,0.43756,0.86493,0.88326,0.89034,0.93548,0.72471,0.87768,0.87583,0.92232,0.61539,0.7179,1.16341,0.38105,0.87755,0.0042278,0.0042278,0.0042278
314,6555.96,0.72505,1.22777,0.43361,0.86351,0.87665,0.89018,0.92991,0.72029,0.87346,0.87613,0.91759,0.61689,0.71406,1.15424,0.379,0.87384,0.00422533,0.00422533,0.00422533
315,6579.26,0.73401,1.24183,0.43404,0.86055,0.88485,0.88529,0.93265,0.72201,0.87363,0.87399,0.91965,0.61525,0.71866,1.15201,0.38138,0.87339,0.00422285,0.00422285,0.00422285
316,6600.64,0.72223,1.2205,0.43414,0.85685,0.89038,0.88241,0.93207,0.72454,0.8791,0.87154,0.91838,0.61766,0.70975,1.15159,0.37786,0.87171,0.00422038,0.00422038,0.00422038
317,6621.43,0.7406,1.25712,0.4413,0.85833,0.8805,0.88737,0.93197,0.72408,0.86768,0.87466,0.91813,0.61241,0.70592,1.14517,0.37671,0.87287,0.0042179,0.0042179,0.0042179
318,6643.18,0.72576,1.21817,0.43218,0.85868,0.87603,0.89174,0.932,0.72436,0.86639,0.87543,0.91695,0.61314,0.71144,1.14616,0.37694,0.87358,0.00421543,0.00421543,0.00421543
319,6665.08,0.73133,1.2181,0.43395,0.85896,0.88219,0.88502,0.93244,0.72323,0.87377,0.87465,0.91914,0.61032,0.71375,1.15782,0.3817,0.87501,0.00421295,0.00421295,0.00421295
320,6685.76,0.72712,1.21781,0.43943,0.86407,0.88536,0.88404,0.93284,0.72428,0.87817,0.86841,0.91967,0.61761,0.70831,1.1386,0.37962,0.8729,0.00421047,0.00421047,0.00421047
321,6706.69,0.73094,1.24033,0.43842,0.86415,0.88326,0.87898,0.93065,0.72299,0.87579,0.8645,0.91606,0.61126,0.70982,1.14834,0.38154,0.87272,0.004208,0.004208,0.004208
322,6728.5,0.72423,1.23417,0.4372,0.85959,0.88555,0.88094,0.93198,0.72485,0.8771,0.86376,0.91661,0.60725,0.7065,1.15454,0.38325,0.874,0.00420552,0.00420552,0.00420552
323,6750.03,0.72229,1.22659,0.42913,0.85908,0.88291,0.88469,0.93075,0.72398,0.87711,0.86327,0.91563,0.61296,0.70998,1.15776,0.37622,0.87392,0.00420305,0.00420305,0.00420305
324,6770.94,0.7386,1.26255,0.43977,0.85704,0.88117,0.88237,0.92897,0.72186,0.87201,0.87137,0.91692,0.61366,0.7133,1.1588,0.37941,0.87444,0.00420058,0.00420058,0.00420058
325,6792.47,0.71953,1.21974,0.42901,0.8593,0.87296,0.89104,0.93017,0.72333,0.86257,0.87598,0.91813,0.61243,0.71285,1.14767,0.37885,0.8747,0.0041981,0.0041981,0.0041981
326,6813.04,0.72811,1.22417,0.43259,0.85581,0.88554,0.87868,0.93111,0.72448,0.87318,0.86596,0.91663,0.61546,0.70469,1.14553,0.37916,0.87114,0.00419563,0.00419563,0.00419563
327,6833.52,0.73065,1.23797,0.43746,0.8582,0.88052,0.88423,0.93262,0.72427,0.86458,0.87551,0.91623,0.61505,0.71054,1.15312,0.37977,0.87195,0.00419315,0.00419315,0.00419315
328,6854.78,0.72718,1.23001,0.43329,0.85634,0.87767,0.89032,0.93305,0.72781,0.87224,0.86943,0.91785,0.61692,0.70306,1.14593,0.37778,0.87038,0.00419068,0.00419068,0.00419068
329,6876.09,0.72203,1.2104,0.43052,0.85593,0.89484,0.87554,0.92952,0.72173,0.88899,0.86046,0.91695,0.61605,0.71279,1.16044,0.37815,0.87378,0.0041882,0.0041882,0.0041882
330,6896.06,0.72344,1.21175,0.43257,0.86087,0.88513,0.88363,0.93245,0.72209,0.87948,0.86621,0.91689,0.6065,0.71894,1.17002,0.38116,0.87563,0.00418573,0.00418573,0.00418573
331,6916.27,0.72349,1.21415,0.43141,0.86077,0.86892,0.89689,0.93166,0.72465,0.86408,0.87602,0.91686,0.61252,0.71064,1.14397,0.37787,0.87301,0.00418325,0.00418325,0.00418325
332,6937.64,0.73424,1.23147,0.43441,0.85606,0.87498,0.88858,0.93244,0.72506,0.87289,0.87406,0.92226,0.6147,0.7163,1.15861,0.37969,0.87605,0.00418078,0.00418078,0.00418078
333,6958.75,0.72527,1.21895,0.43007,0.85746,0.87337,0.88982,0.93267,0.72398,0.8685,0.87434,0.92028,0.61775,0.71009,1.14513,0.37713,0.87289,0.0041783,0.0041783,0.0041783
334,6980.77,0.73541,1.23699,0.43672,0.85742,0.88297,0.88403,0.9319,0.72425,0.87401,0.86938,0.91743,0.61587,0.70983,1.15079,0.37773,0.87403,0.00417583,0.00417583,0.00417583
335,7002.75,0.72225,1.21586,0.43166,0.85559,0.89164,0.87831,0.93454,0.72537,0.88463,0.86438,0.92221,0.6163,0.70522,1.14542,0.37736,0.87195,0.00417335,0.00417335,0.00417335
336,7024,0.73443,1.24521,0.43272,0.85916,0.90253,0.87781,0.93629,0.72845,0.89702,0.8559,0.9183,0.61071,0.7025,1.14194,0.37371,0.87132,0.00417088,0.00417088,0.00417088
337,7044.98,0.72845,1.22927,0.43248,0.85852,0.88133,0.89289,0.93408,0.72825,0.87238,0.8741,0.9188,0.61107,0.70404,1.13892,0.37928,0.8706,0.0041684,0.0041684,0.0041684
338,7065.82,0.72527,1.23129,0.43346,0.85576,0.88913,0.88756,0.93444,0.72762,0.88251,0.8702,0.92037,0.61281,0.70564,1.13964,0.37457,0.87117,0.00416593,0.00416593,0.00416593
339,7086.49,0.73197,1.2362,0.43916,0.85951,0.88286,0.88051,0.93171,0.72475,0.88167,0.86782,0.91955,0.61688,0.71054,1.15076,0.37762,0.8722,0.00416345,0.00416345,0.00416345
340,7107.22,0.73312,1.23043,0.43548,0.85686,0.88792,0.88401,0.93132,0.72597,0.87838,0.87469,0.92015,0.61536,0.7086,1.15339,0.37738,0.87425,0.00416097,0.00416097,0.00416097
341,7127.85,0.73195,1.24448,0.43408,0.86236,0.87761,0.88864,0.9306,0.72402,0.87736,0.86424,0.91645,0.61238,0.70487,1.15014,0.37653,0.87285,0.0041585,0.0041585,0.0041585
342,7148.35,0.73429,1.24667,0.43651,0.85922,0.88377,0.88562,0.93379,0.726,0.87735,0.87537,0.92356,0.61903,0.7103,1.14802,0.37551,0.87275,0.00415602,0.00415602,0.00415602
343,7169.02,0.71867,1.21678,0.43315,0.85887,0.88756,0.8843,0.93468,0.72751,0.88788,0.86425,0.92211,0.61741,0.71215,1.14452,0.37752,0.87228,0.00415355,0.00415355,0.00415355
344,7189.4,0.7271,1.22989,0.43272,0.85773,0.89527,0.88306,0.93397,0.72775,0.88867,0.86802,0.92106,0.61263,0.70778,1.14638,0.37829,0.87363,0.00415108,0.00415108,0.00415108
345,7209.89,0.72589,1.22353,0.43004,0.85726,0.8911,0.88047,0.93617,0.72582,0.88096,0.86741,0.92166,0.61522,0.71289,1.14359,0.38044,0.87335,0.0041486,0.0041486,0.0041486
346,7230.53,0.72596,1.22745,0.43089,0.85742,0.88846,0.8883,0.93562,0.72603,0.87711,0.87388,0.91933,0.6159,0.70696,1.15146,0.37802,0.87229,0.00414612,0.00414612,0.00414612
347,7251.76,0.72927,1.22741,0.42979,0.85485,0.89027,0.87872,0.93207,0.72514,0.88786,0.86012,0.92021,0.61703,0.70753,1.14036,0.37609,0.87098,0.00414365,0.00414365,0.00414365
348,7272.84,0.7303,1.24143,0.43024,0.85863,0.88197,0.88533,0.93237,0.72607,0.87689,0.86442,0.91752,0.61003,0.70183,1.1414,0.37569,0.87184,0.00414118,0.00414118,0.00414118
349,7296.98,0.72451,1.21657,0.42516,0.85897,0.88849,0.88149,0.93362,0.72734,0.88121,0.86408,0.91905,0.6112,0.70292,1.14221,0.37676,0.87126,0.0041387,0.0041387,0.0041387
350,7321.74,0.7153,1.19693,0.42804,0.85785,0.88785,0.89156,0.93522,0.72711,0.87803,0.87279,0.9194,0.60962,0.70621,1.15312,0.37598,0.87174,0.00413623,0.00413623,0.00413623
351,7346.07,0.72739,1.22789,0.43305,0.86162,0.88031,0.88752,0.93287,0.72784,0.87364,0.87283,0.9185,0.61012,0.70258,1.14411,0.37618,0.87211,0.00413375,0.00413375,0.00413375
352,7370.14,0.72195,1.20872,0.42528,0.86016,0.88523,0.88657,0.93546,0.72724,0.88222,0.86282,0.92049,0.60733,0.7101,1.14907,0.37826,0.87395,0.00413128,0.00413128,0.00413128
353,7395.69,0.72761,1.23045,0.43494,0.85959,0.89116,0.87991,0.93321,0.7253,0.88837,0.86203,0.92047,0.61191,0.71104,1.14133,0.38275,0.87297,0.0041288,0.0041288,0.0041288
354,7419.04,0.72001,1.21618,0.43311,0.85413,0.89246,0.88297,0.9347,0.72918,0.88804,0.86746,0.92154,0.61695,0.70198,1.13345,0.37389,0.87059,0.00412633,0.00412633,0.00412633
355,7443.51,0.72502,1.21439,0.42908,0.85927,0.8902,0.8775,0.93481,0.73025,0.88737,0.86019,0.92029,0.61123,0.70274,1.13231,0.37278,0.87045,0.00412385,0.00412385,0.00412385
356,7469.25,0.72199,1.20731,0.42999,0.85471,0.88508,0.87786,0.93551,0.72602,0.88009,0.86384,0.92197,0.61508,0.70903,1.14608,0.37657,0.87313,0.00412138,0.00412138,0.00412138
357,7491.11,0.72062,1.22477,0.42887,0.85954,0.88353,0.88342,0.93418,0.72516,0.87729,0.86724,0.92281,0.61863,0.71072,1.14233,0.37625,0.87308,0.0041189,0.0041189,0.0041189
358,7511.12,0.70853,1.1815,0.42305,0.85466,0.89482,0.8748,0.93406,0.72615,0.89114,0.86126,0.92256,0.6166,0.70801,1.14397,0.37538,0.87245,0.00411642,0.00411642,0.00411642
359,7531.17,0.72169,1.21329,0.43006,0.86065,0.87833,0.8901,0.93401,0.72448,0.86995,0.8712,0.91788,0.61079,0.71169,1.1536,0.37758,0.87496,0.00411395,0.00411395,0.00411395
360,7552.38,0.72568,1.21353,0.4299,0.8588,0.88709,0.88205,0.9344,0.72671,0.89081,0.85973,0.92025,0.61139,0.70756,1.1428,0.3742,0.87448,0.00411147,0.00411147,0.00411147
361,7572.69,0.71762,1.19337,0.42822,0.85624,0.89245,0.87597,0.93386,0.72698,0.88346,0.86269,0.9195,0.60863,0.71276,1.15762,0.37689,0.87711,0.004109,0.004109,0.004109
362,7592.73,0.7194,1.20249,0.42396,0.85706,0.89748,0.87391,0.93456,0.72687,0.89115,0.85666,0.91981,0.60888,0.70592,1.14643,0.37463,0.87396,0.00410653,0.00410653,0.00410653
363,7612.83,0.72138,1.22254,0.42454,0.86179,0.89221,0.88061,0.93345,0.72944,0.88764,0.85891,0.91798,0.60411,0.70568,1.14689,0.37703,0.87208,0.00410405,0.00410405,0.00410405
364,7633.14,0.7188,1.21324,0.42629,0.85558,0.89145,0.88416,0.93555,0.72784,0.87945,0.86801,0.91976,0.60899,0.70595,1.14484,0.37486,0.87195,0.00410158,0.00410158,0.00410158
365,7653.53,0.72286,1.23233,0.4277,0.85437,0.88506,0.88439,0.93298,0.72725,0.87316,0.87193,0.91941,0.61267,0.70396,1.14199,0.37347,0.87125,0.0040991,0.0040991,0.0040991
366,7673.92,0.72622,1.21497,0.43186,0.85565,0.89361,0.88365,0.93466,0.72778,0.89524,0.85539,0.91905,0.60849,0.71141,1.1551,0.3749,0.87434,0.00409662,0.00409662,0.00409662
367,7694.01,0.73523,1.24931,0.43649,0.85798,0.89722,0.88009,0.93575,0.72703,0.88854,0.86369,0.9196,0.60998,0.71505,1.15316,0.37626,0.87464,0.00409415,0.00409415,0.00409415
368,7714.14,0.71866,1.2194,0.42648,0.86,0.88559,0.88607,0.93425,0.72773,0.87783,0.87326,0.92233,0.61328,0.71015,1.14518,0.37473,0.87277,0.00409168,0.00409168,0.00409168
369,7734.15,0.71844,1.21853,0.42943,0.85566,0.90275,0.87433,0.93251,0.72483,0.8911,0.86011,0.91931,0.6065,0.71417,1.15747,0.37924,0.8754,0.0040892,0.0040892,0.0040892
370,7754.45,0.72157,1.20716,0.42743,0.85369,0.89616,0.87621,0.93302,0.72686,0.88164,0.8625,0.91841,0.61051,0.7108,1.15411,0.37638,0.87413,0.00408673,0.00408673,0.00408673
371,7774.62,0.72729,1.23278,0.43206,0.85549,0.88761,0.88448,0.93451,0.72686,0.8769,0.8686,0.92053,0.61724,0.71307,1.15135,0.37634,0.87616,0.00408425,0.00408425,0.00408425
372,7795.08,0.71875,1.21143,0.42506,0.85583,0.88295,0.8854,0.93458,0.72673,0.87581,0.86855,0.92077,0.61425,0.7159,1.15309,0.38008,0.87707,0.00408178,0.00408178,0.00408178
373,7816.04,0.71829,1.20622,0.42843,0.85546,0.87961,0.89302,0.9364,0.72796,0.87514,0.87353,0.921,0.61066,0.712,1.14666,0.37846,0.8756,0.0040793,0.0040793,0.0040793
374,7837,0.72137,1.21378,0.4271,0.85617,0.8866,0.88944,0.93795,0.72825,0.87788,0.86745,0.91995,0.60818,0.71371,1.14577,0.37811,0.8756,0.00407683,0.00407683,0.00407683
375,7856.62,0.72451,1.22471,0.4308,0.85852,0.89764,0.8756,0.93627,0.72794,0.88771,0.86178,0.92272,0.61052,0.71513,1.14547,0.37768,0.8754,0.00407435,0.00407435,0.00407435
376,7877.7,0.73257,1.23493,0.43112,0.85305,0.88399,0.88275,0.9339,0.72566,0.89483,0.85628,0.92296,0.61583,0.71526,1.15284,0.3774,0.8765,0.00407187,0.00407187,0.00407187
377,7898.13,0.71608,1.2121,0.42878,0.8562,0.89176,0.87438,0.93336,0.72625,0.89102,0.85642,0.92299,0.61672,0.70979,1.14183,0.37769,0.87496,0.0040694,0.0040694,0.0040694
378,7919.32,0.72367,1.21878,0.426,0.85405,0.87552,0.88997,0.93337,0.72533,0.87807,0.8602,0.9191,0.61143,0.71437,1.14907,0.37695,0.87629,0.00406692,0.00406692,0.00406692
379,7939.89,0.7202,1.20741,0.43022,0.85777,0.88496,0.88279,0.93224,0.72579,0.88251,0.86104,0.91791,0.6082,0.71324,1.1516,0.37352,0.8773,0.00406445,0.00406445,0.00406445
380,7960.45,0.71552,1.21087,0.42403,0.85679,0.88425,0.88488,0.93229,0.72574,0.88276,0.8619,0.91887,0.60969,0.7106,1.15397,0.37426,0.8766,0.00406197,0.00406197,0.00406197
381,7982.1,0.7222,1.22575,0.4308,0.8568,0.8811,0.89161,0.93298,0.72754,0.88588,0.86535,0.92112,0.61446,0.70714,1.14799,0.37208,0.87394,0.0040595,0.0040595,0.0040595
382,8002.92,0.72129,1.2144,0.4277,0.85353,0.88593,0.88958,0.9352,0.72916,0.87899,0.87155,0.92147,0.61024,0.7084,1.15063,0.37081,0.87358,0.00405703,0.00405703,0.00405703
383,8024.12,0.72705,1.22587,0.42796,0.85288,0.89447,0.88391,0.93482,0.73068,0.88734,0.86557,0.91966,0.6148,0.70501,1.14257,0.37045,0.87278,0.00405455,0.00405455,0.00405455
384,8044.7,0.71543,1.19281,0.42723,0.85541,0.89232,0.87897,0.93412,0.72949,0.88928,0.86529,0.92206,0.61918,0.70271,1.14369,0.37107,0.87139,0.00405208,0.00405208,0.00405208
385,8065.94,0.71719,1.20849,0.42242,0.85563,0.87124,0.89515,0.93325,0.72876,0.87467,0.87199,0.92122,0.61745,0.70357,1.13956,0.37052,0.87036,0.0040496,0.0040496,0.0040496
386,8086.22,0.71179,1.1987,0.41806,0.85662,0.87869,0.88804,0.93224,0.72557,0.87305,0.87558,0.92138,0.61575,0.70725,1.14521,0.37349,0.87143,0.00404712,0.00404712,0.00404712
387,8106.94,0.71535,1.21064,0.42868,0.85685,0.88146,0.88559,0.93347,0.72595,0.87571,0.87638,0.92338,0.61688,0.70674,1.14598,0.37162,0.87258,0.00404465,0.00404465,0.00404465
388,8128.1,0.72225,1.21239,0.42425,0.85703,0.89004,0.88251,0.93472,0.72852,0.88751,0.86564,0.92299,0.61432,0.70482,1.1519,0.37487,0.8729,0.00404218,0.00404218,0.00404218
389,8148.41,0.71769,1.19195,0.42552,0.8536,0.89568,0.88249,0.9348,0.72659,0.88956,0.8697,0.92306,0.61235,0.71252,1.1453,0.37499,0.8742,0.0040397,0.0040397,0.0040397
390,8168.81,0.71571,1.18185,0.4266,0.85567,0.89676,0.87561,0.9349,0.72775,0.88562,0.86084,0.91877,0.60778,0.70577,1.13722,0.37204,0.87219,0.00403723,0.00403723,0.00403723
391,8189.95,0.71229,1.18809,0.42025,0.85487,0.89736,0.87299,0.93266,0.72746,0.88839,0.86474,0.92081,0.6133,0.70192,1.14388,0.36886,0.87104,0.00403475,0.00403475,0.00403475
392,8210.64,0.71632,1.20096,0.4208,0.85526,0.89342,0.87412,0.93186,0.72737,0.8863,0.86301,0.91945,0.61562,0.70647,1.16462,0.37412,0.87073,0.00403228,0.00403228,0.00403228
393,8230.57,0.72537,1.21428,0.42995,0.86213,0.88587,0.87837,0.93183,0.726,0.88042,0.86342,0.91943,0.61623,0.70651,1.15598,0.37633,0.87121,0.0040298,0.0040298,0.0040298
394,8251.52,0.71356,1.19921,0.42234,0.85463,0.8944,0.87188,0.93118,0.72313,0.88449,0.86032,0.91946,0.61176,0.70925,1.14457,0.37631,0.87421,0.00402733,0.00402733,0.00402733
395,8272.42,0.72872,1.23954,0.43248,0.85585,0.88185,0.88311,0.93266,0.7254,0.88181,0.86386,0.91965,0.61215,0.70799,1.1458,0.37522,0.87383,0.00402485,0.00402485,0.00402485
396,8294,0.72079,1.20286,0.42124,0.85413,0.88328,0.88467,0.93356,0.72622,0.87446,0.87313,0.91991,0.6162,0.70731,1.14491,0.37561,0.87249,0.00402237,0.00402237,0.00402237
397,8315.57,0.71415,1.18507,0.42213,0.85272,0.88809,0.89021,0.93595,0.73018,0.88216,0.87432,0.92304,0.61534,0.70376,1.13559,0.37278,0.87195,0.0040199,0.0040199,0.0040199
398,8336.21,0.72164,1.20266,0.42621,0.85525,0.88907,0.8866,0.93443,0.73079,0.87889,0.87296,0.92064,0.61374,0.7,1.13705,0.37174,0.87138,0.00401742,0.00401742,0.00401742
399,8357.19,0.72938,1.24604,0.43069,0.85937,0.88762,0.88537,0.93447,0.72921,0.882,0.87291,0.92103,0.61255,0.70265,1.13177,0.37322,0.87185,0.00401495,0.00401495,0.00401495
400,8377.7,0.7202,1.21486,0.42703,0.85594,0.89294,0.88181,0.93517,0.73051,0.88349,0.86829,0.92297,0.61719,0.70372,1.13376,0.37052,0.87151,0.00401247,0.00401247,0.00401247
401,8398.33,0.71376,1.19317,0.42275,0.85508,0.894,0.87837,0.93553,0.72886,0.88756,0.86661,0.9222,0.61834,0.70825,1.14744,0.3709,0.87366,0.00401,0.00401,0.00401
402,8419.2,0.71007,1.19312,0.42187,0.85412,0.87915,0.88791,0.93439,0.72559,0.86877,0.87418,0.92034,0.61279,0.71565,1.14821,0.37427,0.87552,0.00400753,0.00400753,0.00400753
403,8439.66,0.71604,1.19804,0.42155,0.85579,0.88341,0.88683,0.93535,0.72679,0.8763,0.87127,0.9187,0.61211,0.7119,1.14637,0.37372,0.87341,0.00400505,0.00400505,0.00400505
404,8459.93,0.71966,1.22096,0.42365,0.85455,0.8874,0.87773,0.93399,0.72849,0.87978,0.86484,0.91922,0.61385,0.70664,1.15517,0.37534,0.87161,0.00400257,0.00400257,0.00400257
405,8480.29,0.71997,1.20339,0.425,0.85646,0.88583,0.87875,0.93386,0.72519,0.88364,0.86062,0.91984,0.60826,0.71602,1.15417,0.37783,0.87667,0.0040001,0.0040001,0.0040001
406,8500.7,0.71961,1.21628,0.42509,0.85724,0.885,0.88098,0.93175,0.72624,0.88154,0.86629,0.91946,0.61339,0.70676,1.14873,0.37418,0.87438,0.00399763,0.00399763,0.00399763
407,8521.56,0.71234,1.20359,0.4227,0.85804,0.88956,0.87643,0.93373,0.72731,0.88571,0.86638,0.92319,0.6164,0.70775,1.14365,0.3758,0.87273,0.00399515,0.00399515,0.00399515
408,8542.25,0.72124,1.20826,0.4248,0.8549,0.87547,0.88955,0.93282,0.72513,0.86922,0.87368,0.91866,0.6189,0.70955,1.15539,0.37767,0.87346,0.00399268,0.00399268,0.00399268
409,8562.48,0.70493,1.17598,0.41967,0.8554,0.88121,0.88289,0.9337,0.72768,0.87943,0.86677,0.91945,0.61372,0.70978,1.15202,0.37269,0.87379,0.0039902,0.0039902,0.0039902
410,8582.66,0.7214,1.21132,0.42629,0.85859,0.86475,0.90071,0.93406,0.7304,0.85886,0.88217,0.92028,0.61072,0.70554,1.15261,0.37213,0.87229,0.00398773,0.00398773,0.00398773
411,8603.34,0.70881,1.1841,0.42128,0.85251,0.88534,0.87693,0.93373,0.72819,0.87264,0.85866,0.91426,0.61167,0.70765,1.15513,0.3742,0.87383,0.00398525,0.00398525,0.00398525
412,8624.08,0.71514,1.19013,0.42299,0.8559,0.8721,0.89158,0.93271,0.72632,0.87575,0.86118,0.91762,0.61309,0.7154,1.15868,0.37733,0.87803,0.00398278,0.00398278,0.00398278
413,8644.99,0.71822,1.19946,0.42229,0.85326,0.88253,0.87473,0.93192,0.72317,0.8809,0.85689,0.91676,0.60732,0.72208,1.16679,0.38066,0.88017,0.0039803,0.0039803,0.0039803
414,8665.26,0.71563,1.1975,0.42091,0.85902,0.87953,0.88378,0.93154,0.72602,0.88276,0.8548,0.914,0.60743,0.70914,1.15568,0.37556,0.87542,0.00397782,0.00397782,0.00397782
415,8686.28,0.72107,1.21753,0.42713,0.85631,0.8867,0.88167,0.93218,0.72674,0.87633,0.86474,0.91667,0.60948,0.7022,1.15481,0.37348,0.87238,0.00397535,0.00397535,0.00397535
416,8707.37,0.72265,1.2252,0.42644,0.85847,0.88707,0.88485,0.93272,0.728,0.88316,0.85811,0.91563,0.60989,0.70428,1.15488,0.37437,0.87303,0.00397287,0.00397287,0.00397287
417,8727.57,0.71493,1.20083,0.4229,0.85577,0.88514,0.87871,0.93322,0.72258,0.88442,0.85415,0.91717,0.60335,0.72245,1.1627,0.38041,0.88017,0.0039704,0.0039704,0.0039704
418,8747.31,0.71011,1.19132,0.42138,0.85665,0.88082,0.8828,0.93353,0.72669,0.88041,0.86054,0.9174,0.61061,0.71074,1.15387,0.38043,0.87549,0.00396792,0.00396792,0.00396792
419,8767.55,0.71235,1.19962,0.42403,0.85617,0.88408,0.88417,0.93278,0.72703,0.87831,0.86483,0.91945,0.61401,0.70942,1.16042,0.37884,0.87476,0.00396545,0.00396545,0.00396545
420,8787.88,0.72005,1.21584,0.42507,0.85372,0.88457,0.87607,0.9336,0.7264,0.88217,0.85396,0.91575,0.60978,0.70858,1.14672,0.37699,0.87468,0.00396297,0.00396297,0.00396297
421,8808.72,0.72297,1.22346,0.42312,0.85521,0.875,0.88481,0.93366,0.72799,0.86039,0.86926,0.91584,0.60916,0.70744,1.14698,0.37299,0.87381,0.0039605,0.0039605,0.0039605
422,8829.87,0.72519,1.22088,0.42388,0.8539,0.88835,0.87628,0.93524,0.72856,0.87604,0.86043,0.91811,0.61054,0.70705,1.14745,0.37044,0.87473,0.00395803,0.00395803,0.00395803
423,8850.17,0.71204,1.185,0.41961,0.85325,0.88897,0.87704,0.93535,0.73103,0.88943,0.85746,0.92157,0.6148,0.70116,1.1433,0.36878,0.87166,0.00395555,0.00395555,0.00395555
424,8870.69,0.71576,1.20216,0.42729,0.85404,0.88095,0.88379,0.93295,0.72793,0.88293,0.85812,0.91974,0.61672,0.70184,1.14437,0.37202,0.87077,0.00395307,0.00395307,0.00395307
425,8891.58,0.71146,1.18716,0.41939,0.85305,0.88733,0.87794,0.93311,0.72972,0.88167,0.86235,0.9206,0.61613,0.70194,1.14059,0.3725,0.8703,0.0039506,0.0039506,0.0039506
426,8911.53,0.70449,1.17529,0.41829,0.85192,0.87987,0.88735,0.93523,0.73314,0.87183,0.87296,0.92068,0.61739,0.70036,1.136,0.36973,0.87013,0.00394813,0.00394813,0.00394813
427,8932.56,0.7074,1.18314,0.42039,0.85302,0.8957,0.87365,0.93427,0.7326,0.88638,0.8651,0.92387,0.6172,0.6967,1.13427,0.37014,0.86964,0.00394565,0.00394565,0.00394565
428,8953.35,0.71249,1.19145,0.42047,0.85549,0.88677,0.88301,0.93432,0.73238,0.87945,0.87003,0.92177,0.62029,0.69615,1.12817,0.37079,0.86914,0.00394318,0.00394318,0.00394318
429,8974.49,0.71248,1.17755,0.41848,0.85439,0.89346,0.87978,0.93349,0.73057,0.88436,0.86858,0.92147,0.62015,0.69584,1.13597,0.37174,0.86939,0.0039407,0.0039407,0.0039407
430,8994.92,0.72177,1.22065,0.42467,0.85739,0.89744,0.873,0.93517,0.72817,0.88713,0.85882,0.92006,0.61707,0.70463,1.1466,0.37353,0.87151,0.00393823,0.00393823,0.00393823
431,9015.14,0.7092,1.18325,0.41848,0.85264,0.89586,0.87802,0.93601,0.73047,0.88715,0.86338,0.92302,0.61708,0.70586,1.15119,0.37247,0.87341,0.00393575,0.00393575,0.00393575
432,9035.33,0.71017,1.18698,0.41814,0.85512,0.88634,0.88022,0.93362,0.7304,0.87918,0.86458,0.9196,0.61545,0.7036,1.143,0.37138,0.87219,0.00393327,0.00393327,0.00393327
433,9055.34,0.70061,1.16963,0.41647,0.85363,0.88753,0.87953,0.93524,0.73205,0.88391,0.86365,0.921,0.61767,0.70112,1.12808,0.3709,0.87018,0.0039308,0.0039308,0.0039308
434,9075.63,0.71661,1.2047,0.42128,0.85665,0.88333,0.89105,0.93542,0.73083,0.87284,0.87504,0.92176,0.61468,0.70427,1.12723,0.37156,0.87153,0.00392832,0.00392832,0.00392832
435,9095.78,0.72116,1.21676,0.42702,0.85689,0.88634,0.87932,0.93511,0.72983,0.87932,0.86509,0.92301,0.61436,0.70236,1.13633,0.36875,0.87101,0.00392585,0.00392585,0.00392585
436,9115.57,0.71897,1.19512,0.42056,0.85486,0.88598,0.89216,0.93654,0.73019,0.87899,0.86948,0.91866,0.61654,0.69994,1.13524,0.36815,0.87106,0.00392337,0.00392337,0.00392337
437,9135.98,0.71176,1.18689,0.41759,0.85464,0.8903,0.89048,0.9373,0.73213,0.88099,0.87171,0.92192,0.61545,0.69784,1.12956,0.36802,0.87128,0.0039209,0.0039209,0.0039209
438,9155.92,0.7102,1.1854,0.422,0.85462,0.88718,0.88408,0.93762,0.73141,0.87682,0.87119,0.92269,0.61886,0.69881,1.14187,0.36734,0.87073,0.00391842,0.00391842,0.00391842
439,9175.71,0.70529,1.18422,0.41924,0.85408,0.88644,0.88049,0.9344,0.72991,0.8823,0.85775,0.91932,0.6162,0.69948,1.15041,0.36918,0.8699,0.00391595,0.00391595,0.00391595
440,9196.07,0.70657,1.1914,0.41459,0.855,0.89847,0.87974,0.93708,0.73259,0.88838,0.86542,0.92268,0.61782,0.69426,1.13087,0.36697,0.8693,0.00391347,0.00391347,0.00391347
441,9216.62,0.71879,1.20637,0.4238,0.8579,0.89092,0.88674,0.937,0.73335,0.87953,0.87471,0.92409,0.6189,0.69587,1.12811,0.36725,0.86968,0.003911,0.003911,0.003911
442,9238.09,0.71022,1.18945,0.41728,0.85276,0.89296,0.88773,0.93634,0.73013,0.88353,0.87222,0.9239,0.62185,0.70084,1.13171,0.36911,0.87129,0.00390853,0.00390853,0.00390853
443,9258.44,0.71124,1.18374,0.42111,0.85592,0.88759,0.89018,0.93497,0.73169,0.88738,0.87198,0.92463,0.61948,0.70197,1.13328,0.36808,0.87278,0.00390605,0.00390605,0.00390605
444,9279.27,0.71345,1.18726,0.41782,0.85572,0.89249,0.8867,0.93601,0.73187,0.88316,0.87422,0.92361,0.61872,0.70358,1.13523,0.36829,0.87132,0.00390357,0.00390357,0.00390357
445,9300.09,0.71691,1.19524,0.42684,0.85241,0.88949,0.88233,0.93687,0.73222,0.88178,0.86403,0.91947,0.61468,0.70342,1.13687,0.36921,0.87152,0.0039011,0.0039011,0.0039011
446,9320.54,0.70308,1.17026,0.41478,0.8562,0.89278,0.87677,0.93563,0.73226,0.88244,0.86209,0.9176,0.61552,0.7019,1.14249,0.37024,0.87242,0.00389863,0.00389863,0.00389863
447,9340.59,0.72084,1.21059,0.42207,0.85627,0.89045,0.87796,0.93515,0.72851,0.87726,0.86448,0.91817,0.61594,0.70781,1.14355,0.37118,0.87405,0.00389615,0.00389615,0.00389615
448,9361.24,0.71704,1.19943,0.421,0.85466,0.87874,0.89079,0.93378,0.72739,0.87205,0.87524,0.92027,0.61496,0.71035,1.14203,0.37117,0.87457,0.00389367,0.00389367,0.00389367
449,9381.64,0.71074,1.19159,0.42202,0.85066,0.88601,0.88282,0.93157,0.7268,0.87854,0.86433,0.9181,0.61825,0.70734,1.15242,0.37127,0.87388,0.0038912,0.0038912,0.0038912
450,9401.34,0.71121,1.17078,0.41878,0.8514,0.88301,0.88259,0.93258,0.72677,0.87389,0.86415,0.91633,0.61593,0.71491,1.16449,0.37362,0.87548,0.00388872,0.00388872,0.00388872
451,9421.22,0.70102,1.16515,0.41556,0.85454,0.88717,0.88202,0.93389,0.72785,0.87694,0.86479,0.91799,0.61585,0.71416,1.15155,0.37552,0.87674,0.00388625,0.00388625,0.00388625
452,9440.99,0.70534,1.16682,0.41451,0.85366,0.88598,0.88766,0.9371,0.72802,0.87382,0.86892,0.92032,0.61332,0.71901,1.14401,0.37506,0.87933,0.00388377,0.00388377,0.00388377
453,9461.68,0.70512,1.17651,0.41814,0.85312,0.88271,0.88815,0.93639,0.72871,0.87118,0.87197,0.91909,0.61379,0.70982,1.14834,0.37321,0.87566,0.0038813,0.0038813,0.0038813
454,9481.85,0.71044,1.18818,0.41927,0.85398,0.88673,0.88576,0.93469,0.7293,0.88182,0.86617,0.91802,0.61331,0.70332,1.14179,0.37072,0.87206,0.00387882,0.00387882,0.00387882
455,9501.91,0.71651,1.19704,0.42008,0.85803,0.89511,0.87586,0.93223,0.72901,0.89243,0.85784,0.91781,0.61237,0.70017,1.14172,0.37126,0.87098,0.00387635,0.00387635,0.00387635
456,9522.19,0.70878,1.16808,0.41273,0.85339,0.88625,0.88035,0.9345,0.72982,0.88856,0.86069,0.91965,0.61341,0.69854,1.1374,0.3708,0.87141,0.00387388,0.00387388,0.00387388
457,9542.58,0.70771,1.19213,0.41779,0.85467,0.88508,0.88664,0.93443,0.72972,0.88749,0.86251,0.91796,0.60916,0.70396,1.14249,0.37119,0.87422,0.0038714,0.0038714,0.0038714
458,9563.42,0.70962,1.18854,0.41882,0.85647,0.89249,0.88275,0.93406,0.73125,0.88292,0.86544,0.91912,0.61396,0.69874,1.13362,0.36923,0.87217,0.00386892,0.00386892,0.00386892
459,9583.55,0.70181,1.16735,0.41469,0.8553,0.89312,0.88357,0.93447,0.72933,0.88623,0.86227,0.91863,0.61761,0.7033,1.13541,0.36878,0.8721,0.00386645,0.00386645,0.00386645
460,9604.34,0.7083,1.19029,0.41723,0.85195,0.89654,0.87671,0.93392,0.72767,0.88584,0.86468,0.91935,0.61691,0.70635,1.14325,0.37127,0.87301,0.00386397,0.00386397,0.00386397
461,9625.37,0.71097,1.18608,0.41785,0.85396,0.88863,0.88154,0.93337,0.72799,0.87922,0.86711,0.9195,0.61638,0.70308,1.1379,0.3698,0.87221,0.0038615,0.0038615,0.0038615
462,9647.01,0.71607,1.19326,0.41867,0.85256,0.90097,0.87899,0.93564,0.73173,0.89002,0.86518,0.92058,0.61571,0.69783,1.13141,0.36714,0.87117,0.00385902,0.00385902,0.00385902
463,9667.62,0.70389,1.16757,0.42002,0.8521,0.90523,0.87128,0.93552,0.73247,0.89271,0.85743,0.92097,0.61167,0.69782,1.13059,0.36892,0.87121,0.00385655,0.00385655,0.00385655
464,9688.43,0.70027,1.16994,0.41364,0.85486,0.88207,0.88826,0.93492,0.7312,0.87386,0.86735,0.91868,0.61173,0.70233,1.13978,0.37051,0.87387,0.00385407,0.00385407,0.00385407
465,9708.74,0.70592,1.17865,0.41921,0.85598,0.89501,0.87818,0.93577,0.7321,0.89233,0.85942,0.91931,0.61252,0.69987,1.13288,0.36744,0.87268,0.0038516,0.0038516,0.0038516
466,9729.96,0.70874,1.18146,0.41816,0.85431,0.88619,0.88477,0.93428,0.73069,0.88292,0.86264,0.91903,0.61026,0.70585,1.13737,0.36868,0.87373,0.00384913,0.00384913,0.00384913
467,9749.8,0.71768,1.1993,0.42351,0.85573,0.88695,0.88756,0.93394,0.73039,0.87966,0.87167,0.92058,0.61377,0.70434,1.13668,0.36903,0.87151,0.00384665,0.00384665,0.00384665
468,9770.23,0.71986,1.21809,0.42352,0.85484,0.8833,0.88609,0.93306,0.72871,0.88688,0.86024,0.92079,0.61576,0.70258,1.13426,0.36878,0.87024,0.00384417,0.00384417,0.00384417
469,9790.15,0.71178,1.18751,0.41742,0.85566,0.88613,0.88683,0.93499,0.73173,0.87234,0.87021,0.91838,0.61597,0.70141,1.13537,0.36688,0.87108,0.0038417,0.0038417,0.0038417
470,9810.98,0.70981,1.18868,0.41682,0.85246,0.88916,0.88234,0.93514,0.73154,0.88152,0.86746,0.92073,0.61846,0.70088,1.13245,0.3662,0.87048,0.00383923,0.00383923,0.00383923
471,9831.05,0.70016,1.16551,0.41289,0.85386,0.89223,0.87944,0.93566,0.73048,0.87992,0.8645,0.92,0.61583,0.69932,1.13317,0.36744,0.87016,0.00383675,0.00383675,0.00383675
472,9851.13,0.70621,1.1718,0.41625,0.85458,0.89357,0.87614,0.9351,0.73021,0.88051,0.86437,0.92227,0.61567,0.70405,1.1371,0.36885,0.87105,0.00383427,0.00383427,0.00383427
473,9871.76,0.70921,1.17719,0.41568,0.85237,0.89796,0.87227,0.93424,0.72867,0.8917,0.85798,0.92275,0.61484,0.70556,1.13305,0.36978,0.87213,0.0038318,0.0038318,0.0038318
474,9893.45,0.70509,1.16457,0.41619,0.85256,0.89285,0.88073,0.9353,0.73222,0.88369,0.86501,0.92075,0.61462,0.7005,1.12469,0.36757,0.87169,0.00382933,0.00382933,0.00382933
475,9913.79,0.72796,1.23236,0.42655,0.85645,0.89471,0.87746,0.93552,0.73329,0.88524,0.86316,0.92039,0.61872,0.70025,1.1269,0.36724,0.87157,0.00382685,0.00382685,0.00382685
476,9933.76,0.70416,1.15751,0.41464,0.85455,0.89298,0.88288,0.93572,0.73194,0.8845,0.86811,0.92137,0.62154,0.70299,1.13363,0.36531,0.87345,0.00382438,0.00382438,0.00382438
477,9954.66,0.70004,1.16976,0.41233,0.85482,0.88328,0.88449,0.935,0.72966,0.87355,0.87474,0.9221,0.61435,0.70892,1.13913,0.36877,0.87579,0.0038219,0.0038219,0.0038219
478,9974.29,0.71165,1.17489,0.41476,0.85263,0.87961,0.89288,0.93488,0.72901,0.87658,0.8664,0.91987,0.61235,0.70642,1.13631,0.36828,0.87335,0.00381943,0.00381943,0.00381943
479,9994.99,0.71615,1.2038,0.41902,0.85628,0.88277,0.88379,0.93455,0.72894,0.87725,0.86471,0.91912,0.6124,0.7034,1.1385,0.36688,0.8722,0.00381695,0.00381695,0.00381695
480,10016.1,0.69864,1.16014,0.41606,0.85103,0.8933,0.8846,0.9352,0.73159,0.88267,0.87149,0.92027,0.6162,0.70015,1.13331,0.36772,0.87095,0.00381447,0.00381447,0.00381447
481,10036.9,0.70137,1.16913,0.4132,0.85231,0.89552,0.88216,0.93545,0.73178,0.88463,0.86931,0.91901,0.61718,0.70224,1.13387,0.36602,0.87117,0.003812,0.003812,0.003812
482,10056.8,0.70688,1.18094,0.41698,0.85659,0.88575,0.88314,0.93468,0.73264,0.88216,0.86026,0.91708,0.61544,0.70078,1.13712,0.36728,0.87214,0.00380953,0.00380953,0.00380953
483,10077.2,0.70176,1.16264,0.41241,0.85595,0.88261,0.88689,0.93488,0.7311,0.87667,0.86748,0.919,0.61734,0.70091,1.13454,0.36697,0.87202,0.00380705,0.00380705,0.00380705
484,10097.5,0.70593,1.17943,0.41624,0.85513,0.8962,0.87807,0.9357,0.73296,0.89732,0.85767,0.92264,0.62109,0.70089,1.12805,0.36617,0.87027,0.00380458,0.00380458,0.00380458
485,10118.4,0.70022,1.16314,0.41212,0.85202,0.89495,0.87614,0.93545,0.73096,0.88872,0.8602,0.92068,0.6183,0.69979,1.12724,0.36648,0.86962,0.0038021,0.0038021,0.0038021
486,10138.4,0.70231,1.16041,0.41458,0.85197,0.88647,0.88433,0.93419,0.73082,0.88475,0.85986,0.91978,0.6155,0.70083,1.12739,0.36601,0.87033,0.00379963,0.00379963,0.00379963
487,10158.9,0.69196,1.14936,0.40963,0.85006,0.8897,0.8883,0.9373,0.73313,0.87847,0.86844,0.91923,0.61271,0.7021,1.13227,0.36649,0.87058,0.00379715,0.00379715,0.00379715
488,10179.5,0.70396,1.16281,0.41214,0.85088,0.88788,0.88329,0.93516,0.73276,0.87567,0.87072,0.91835,0.61426,0.70226,1.13974,0.36646,0.87139,0.00379467,0.00379467,0.00379467
489,10200.3,0.71161,1.20268,0.41746,0.8537,0.88349,0.88782,0.93482,0.73149,0.87,0.8754,0.91756,0.61458,0.70423,1.13918,0.36753,0.87202,0.0037922,0.0037922,0.0037922
490,10220.7,0.71594,1.19729,0.41738,0.85486,0.89774,0.87213,0.93419,0.73175,0.88616,0.85375,0.91526,0.61518,0.7018,1.13349,0.36671,0.87058,0.00378973,0.00378973,0.00378973
491,10241.2,0.71688,1.19559,0.41801,0.85228,0.88885,0.87571,0.93478,0.73246,0.87768,0.85801,0.91529,0.61128,0.70131,1.13378,0.36588,0.87098,0.00378725,0.00378725,0.00378725
492,10262.2,0.70105,1.1628,0.4098,0.85138,0.88128,0.89053,0.93499,0.7327,0.87245,0.86587,0.91669,0.61652,0.70105,1.13228,0.36649,0.87039,0.00378477,0.00378477,0.00378477
493,10282.9,0.70325,1.16918,0.41093,0.85307,0.88744,0.88257,0.935,0.73285,0.88017,0.86199,0.9163,0.61476,0.70228,1.13812,0.36725,0.87094,0.0037823,0.0037823,0.0037823
494,10303,0.69412,1.15146,0.40549,0.85486,0.87828,0.88962,0.93551,0.73056,0.86593,0.87424,0.91794,0.61334,0.7011,1.13944,0.36815,0.8708,0.00377983,0.00377983,0.00377983
495,10323.2,0.70012,1.1559,0.42123,0.854,0.88862,0.87897,0.93432,0.73135,0.87532,0.86759,0.91685,0.61399,0.70156,1.13971,0.36892,0.87132,0.00377735,0.00377735,0.00377735
496,10344.4,0.70688,1.16695,0.41364,0.85015,0.88888,0.87704,0.93217,0.72991,0.87955,0.86403,0.91692,0.61836,0.7011,1.14339,0.36995,0.87072,0.00377488,0.00377488,0.00377488
497,10364.6,0.70547,1.17541,0.41309,0.85309,0.88766,0.877,0.93366,0.7311,0.87944,0.86046,0.91623,0.6138,0.7014,1.13673,0.36939,0.87124,0.0037724,0.0037724,0.0037724
498,10384.4,0.70195,1.17387,0.41019,0.85328,0.8858,0.8804,0.93385,0.73045,0.88382,0.86314,0.91904,0.61177,0.7019,1.13533,0.36805,0.87162,0.00376993,0.00376993,0.00376993
499,10405.4,0.70067,1.15331,0.41115,0.85151,0.88949,0.87831,0.93522,0.73236,0.88168,0.86376,0.9185,0.61393,0.70288,1.13048,0.36683,0.87153,0.00376745,0.00376745,0.00376745
500,10426.3,0.69653,1.14954,0.41279,0.85176,0.8887,0.88236,0.93581,0.73304,0.88343,0.86432,0.92046,0.61165,0.70462,1.13241,0.36905,0.87225,0.00376497,0.00376497,0.00376497
501,10446.9,0.70533,1.17296,0.4109,0.85101,0.89765,0.87628,0.93674,0.73221,0.88913,0.86346,0.92261,0.60939,0.70396,1.13063,0.36779,0.87205,0.0037625,0.0037625,0.0037625
502,10467.1,0.70769,1.18109,0.41343,0.85295,0.89643,0.8761,0.93718,0.73446,0.88837,0.86016,0.92304,0.61114,0.69898,1.12745,0.36494,0.87061,0.00376003,0.00376003,0.00376003
503,10486.9,0.68549,1.13666,0.40356,0.85389,0.88635,0.88671,0.93713,0.73517,0.88312,0.86401,0.92129,0.61445,0.69766,1.1251,0.36362,0.86978,0.00375755,0.00375755,0.00375755
504,10507,0.70008,1.16973,0.41557,0.8508,0.88819,0.88065,0.93563,0.73304,0.87787,0.86823,0.92124,0.61538,0.69815,1.12992,0.36386,0.87016,0.00375508,0.00375508,0.00375508
505,10526.9,0.69728,1.16264,0.41184,0.85209,0.88289,0.8889,0.93691,0.73247,0.88004,0.86555,0.92063,0.6153,0.69682,1.1293,0.36579,0.86993,0.0037526,0.0037526,0.0037526
506,10546.3,0.70269,1.17246,0.41117,0.85501,0.8835,0.88724,0.9361,0.73305,0.87751,0.86982,0.92143,0.61301,0.69576,1.13352,0.36463,0.87019,0.00375013,0.00375013,0.00375013
507,10566.5,0.70235,1.17203,0.41255,0.85393,0.88569,0.88339,0.93448,0.73235,0.8823,0.86354,0.92016,0.61189,0.69605,1.13647,0.36718,0.87143,0.00374765,0.00374765,0.00374765
508,10586.3,0.71073,1.18528,0.41473,0.85149,0.89069,0.89195,0.93757,0.73486,0.8866,0.87055,0.92251,0.61715,0.69454,1.13179,0.36658,0.87051,0.00374517,0.00374517,0.00374517
509,10606.5,0.69709,1.15464,0.4083,0.85238,0.8967,0.88585,0.93783,0.73369,0.89639,0.86454,0.92391,0.61764,0.69866,1.13505,0.36578,0.87215,0.0037427,0.0037427,0.0037427
510,10626.6,0.69924,1.16734,0.40973,0.85315,0.89339,0.87686,0.93463,0.73222,0.88983,0.86119,0.92143,0.61519,0.70381,1.14103,0.36779,0.87413,0.00374023,0.00374023,0.00374023
511,10646.8,0.6935,1.14203,0.40716,0.84992,0.8897,0.8755,0.93418,0.72974,0.89062,0.85775,0.9211,0.61183,0.7059,1.13949,0.3699,0.87437,0.00373775,0.00373775,0.00373775
512,10666.8,0.7028,1.16798,0.41468,0.85081,0.89607,0.87406,0.93399,0.73148,0.88314,0.86118,0.91827,0.61384,0.69916,1.13345,0.36767,0.87107,0.00373527,0.00373527,0.00373527
513,10686.6,0.69254,1.1352,0.40542,0.85032,0.88102,0.88233,0.93307,0.73046,0.87424,0.86721,0.91846,0.61524,0.6977,1.13313,0.36637,0.86944,0.0037328,0.0037328,0.0037328
514,10707,0.71137,1.18912,0.4142,0.85167,0.88296,0.88102,0.93282,0.73048,0.87668,0.85999,0.91815,0.61434,0.70086,1.13828,0.36542,0.87101,0.00373033,0.00373033,0.00373033
515,10727.7,0.68746,1.12922,0.40368,0.85127,0.8916,0.87069,0.93219,0.73017,0.88215,0.85621,0.91758,0.61583,0.70171,1.14029,0.36654,0.87006,0.00372785,0.00372785,0.00372785
516,10749.6,0.70642,1.18544,0.41136,0.85393,0.89171,0.87399,0.93478,0.73282,0.89281,0.85235,0.92115,0.61694,0.69944,1.13294,0.36587,0.87046,0.00372537,0.00372537,0.00372537
517,10770.3,0.69735,1.15279,0.41439,0.85313,0.88565,0.88533,0.93601,0.73287,0.88763,0.85712,0.91938,0.61342,0.69966,1.13597,0.36576,0.8727,0.0037229,0.0037229,0.0037229
518,10790,0.69023,1.14248,0.40782,0.85077,0.87845,0.89326,0.9364,0.73365,0.88833,0.85872,0.92005,0.6153,0.69884,1.13392,0.36645,0.87097,0.00372042,0.00372042,0.00372042
519,10809.6,0.70118,1.16503,0.41068,0.85234,0.88274,0.88714,0.93585,0.73227,0.87482,0.87081,0.92223,0.61597,0.69943,1.13254,0.36646,0.87004,0.00371795,0.00371795,0.00371795
520,10829.7,0.69974,1.1482,0.41198,0.85219,0.88125,0.88868,0.93572,0.73343,0.86853,0.87515,0.92132,0.61743,0.69959,1.13696,0.36572,0.8704,0.00371547,0.00371547,0.00371547
521,10849.7,0.68335,1.12406,0.40405,0.85112,0.88334,0.88377,0.93548,0.73147,0.87367,0.86245,0.91899,0.61671,0.70226,1.14192,0.36786,0.8717,0.003713,0.003713,0.003713
522,10869.9,0.70142,1.1717,0.41242,0.84945,0.88583,0.88302,0.93585,0.73027,0.87304,0.86692,0.9186,0.61418,0.70315,1.13375,0.36677,0.87139,0.00371053,0.00371053,0.00371053
523,10889.8,0.69556,1.14813,0.41182,0.84913,0.88221,0.8827,0.93482,0.72982,0.87575,0.86249,0.91721,0.60892,0.70533,1.13696,0.36714,0.87177,0.00370805,0.00370805,0.00370805
524,10910.1,0.6993,1.14147,0.40601,0.85362,0.88402,0.88151,0.93472,0.72838,0.88432,0.8547,0.91597,0.60135,0.71028,1.14186,0.36829,0.8751,0.00370558,0.00370558,0.00370558
525,10930.4,0.69685,1.15668,0.41232,0.85305,0.89578,0.87236,0.93456,0.72762,0.88186,0.85698,0.91506,0.60335,0.70944,1.13942,0.36812,0.87482,0.0037031,0.0037031,0.0037031
526,10950.7,0.71099,1.19233,0.41334,0.8516,0.89044,0.87468,0.93421,0.73013,0.88968,0.85112,0.91838,0.61086,0.70487,1.14,0.36591,0.87349,0.00370063,0.00370063,0.00370063
527,10971.1,0.71376,1.18804,0.41321,0.85506,0.87927,0.88714,0.93424,0.73047,0.87163,0.87184,0.91896,0.60904,0.70446,1.14168,0.36447,0.87291,0.00369815,0.00369815,0.00369815
528,10990.8,0.71075,1.19002,0.41272,0.85374,0.8866,0.87953,0.93347,0.73161,0.87677,0.86507,0.91866,0.60891,0.70299,1.13891,0.36588,0.87216,0.00369567,0.00369567,0.00369567
529,11011.1,0.70141,1.16129,0.41539,0.85247,0.88351,0.88393,0.93503,0.73227,0.87707,0.86492,0.92079,0.61145,0.69916,1.128,0.3664,0.87028,0.0036932,0.0036932,0.0036932
530,11031.3,0.70834,1.1936,0.41317,0.85319,0.89041,0.87897,0.93378,0.73418,0.88272,0.86347,0.92013,0.61415,0.69663,1.12805,0.36526,0.86944,0.00369073,0.00369073,0.00369073
531,11051.5,0.69937,1.15838,0.4101,0.84981,0.88285,0.88619,0.93319,0.73251,0.87053,0.87439,0.92077,0.61686,0.69756,1.13056,0.3643,0.86974,0.00368825,0.00368825,0.00368825
532,11071.3,0.69518,1.15392,0.40759,0.85242,0.88517,0.88193,0.93273,0.73163,0.87099,0.86686,0.9184,0.61665,0.69816,1.13136,0.36663,0.87005,0.00368577,0.00368577,0.00368577
533,11091.4,0.70041,1.16433,0.4071,0.85016,0.8875,0.88288,0.93287,0.73072,0.8783,0.86509,0.91787,0.61373,0.69805,1.13583,0.36724,0.86993,0.0036833,0.0036833,0.0036833
534,11111.8,0.70163,1.16563,0.41086,0.85085,0.8888,0.88498,0.93354,0.73173,0.88742,0.8583,0.91815,0.61465,0.69849,1.13209,0.36629,0.86977,0.00368083,0.00368083,0.00368083
535,11132.2,0.69563,1.14704,0.41151,0.85147,0.88991,0.88868,0.93567,0.73257,0.88223,0.86536,0.91861,0.61327,0.69817,1.13364,0.36421,0.87027,0.00367835,0.00367835,0.00367835
536,11152.6,0.70811,1.18137,0.41195,0.85635,0.89352,0.88235,0.93496,0.73179,0.88209,0.86565,0.91815,0.61437,0.70061,1.13539,0.365,0.87064,0.00367587,0.00367587,0.00367587
537,11172.3,0.69733,1.15343,0.40778,0.85148,0.88688,0.88237,0.9345,0.73272,0.87175,0.86651,0.91756,0.61644,0.69874,1.13616,0.36424,0.8698,0.0036734,0.0036734,0.0036734
538,11191.8,0.69883,1.15597,0.40617,0.85238,0.886,0.88361,0.93419,0.73211,0.87309,0.86664,0.91747,0.61526,0.69852,1.13812,0.36585,0.87039,0.00367093,0.00367093,0.00367093
539,11211.6,0.69905,1.14462,0.4082,0.85125,0.88724,0.88417,0.93435,0.73295,0.87446,0.86984,0.91659,0.61412,0.69727,1.14043,0.36385,0.87052,0.00366845,0.00366845,0.00366845
540,11231.7,0.7116,1.17005,0.41437,0.84957,0.88584,0.88777,0.93516,0.73361,0.87854,0.86922,0.91837,0.61434,0.69677,1.13984,0.36414,0.87109,0.00366597,0.00366597,0.00366597
541,11252.3,0.70043,1.16475,0.41468,0.85366,0.88308,0.88798,0.93468,0.7318,0.88249,0.85929,0.91907,0.61661,0.6967,1.14126,0.36428,0.87136,0.0036635,0.0036635,0.0036635
542,11272.4,0.6986,1.15785,0.40777,0.85316,0.88188,0.89252,0.9353,0.73317,0.87509,0.86826,0.9194,0.6178,0.69599,1.13086,0.36267,0.87016,0.00366103,0.00366103,0.00366103
543,11292.7,0.70279,1.16352,0.4073,0.85232,0.88773,0.88588,0.93473,0.7331,0.87682,0.86426,0.91673,0.61507,0.69806,1.1344,0.3633,0.87202,0.00365855,0.00365855,0.00365855
544,11312.8,0.70404,1.1724,0.41145,0.85016,0.88868,0.88284,0.93482,0.7331,0.88369,0.86078,0.91782,0.61323,0.69962,1.14033,0.36284,0.87288,0.00365607,0.00365607,0.00365607
545,11332.9,0.68492,1.12632,0.40536,0.85075,0.88474,0.88198,0.93601,0.73174,0.88192,0.85767,0.91869,0.61167,0.6979,1.14058,0.36391,0.8722,0.0036536,0.0036536,0.0036536
546,11352.4,0.70214,1.16478,0.40987,0.85293,0.89659,0.8706,0.93573,0.73121,0.88742,0.85402,0.91855,0.61344,0.69859,1.14051,0.36349,0.87182,0.00365113,0.00365113,0.00365113
547,11372.5,0.69773,1.149,0.41063,0.85088,0.89077,0.87945,0.9349,0.7309,0.88812,0.85603,0.91957,0.61545,0.69686,1.14141,0.36212,0.87102,0.00364865,0.00364865,0.00364865
548,11391.7,0.69593,1.1564,0.41334,0.85333,0.87979,0.88858,0.9347,0.72905,0.8875,0.855,0.92012,0.61678,0.6982,1.13753,0.3651,0.87121,0.00364617,0.00364617,0.00364617
549,11411,0.68275,1.13005,0.40527,0.85324,0.88283,0.88598,0.93486,0.72968,0.87278,0.86876,0.91727,0.61518,0.69834,1.13502,0.36493,0.87124,0.0036437,0.0036437,0.0036437
550,11431.9,0.69174,1.1386,0.409,0.84931,0.8821,0.88312,0.93296,0.72839,0.86864,0.86802,0.9161,0.61155,0.69873,1.13927,0.36724,0.87083,0.00364123,0.00364123,0.00364123
551,11452.1,0.70774,1.17009,0.41107,0.84892,0.8913,0.87776,0.93327,0.72761,0.87927,0.86514,0.91936,0.61586,0.70082,1.15004,0.36583,0.86966,0.00363875,0.00363875,0.00363875
552,11472.7,0.69655,1.14419,0.40899,0.84857,0.88785,0.8856,0.93503,0.72952,0.87648,0.87171,0.92036,0.61575,0.70015,1.13921,0.36454,0.86879,0.00363627,0.00363627,0.00363627
553,11492.9,0.70368,1.16264,0.41018,0.85128,0.89589,0.87982,0.93594,0.73136,0.88662,0.86479,0.92073,0.61769,0.69786,1.13226,0.36476,0.86936,0.0036338,0.0036338,0.0036338
554,11512,0.70841,1.18131,0.4141,0.85266,0.88879,0.8846,0.93673,0.73292,0.88244,0.86524,0.91981,0.61986,0.69769,1.12581,0.36474,0.86984,0.00363133,0.00363133,0.00363133
555,11532,0.69098,1.13604,0.40562,0.8496,0.88726,0.88691,0.93675,0.7323,0.87865,0.86943,0.92098,0.61819,0.6987,1.12711,0.36635,0.87113,0.00362885,0.00362885,0.00362885
556,11552.4,0.70329,1.16551,0.41156,0.8516,0.88085,0.89819,0.93767,0.73239,0.88164,0.86684,0.9214,0.61597,0.69681,1.12724,0.36453,0.87031,0.00362637,0.00362637,0.00362637
557,11572.3,0.69184,1.1502,0.40546,0.85202,0.8853,0.89044,0.9377,0.73287,0.87243,0.87457,0.92195,0.61685,0.69769,1.12657,0.3633,0.87061,0.0036239,0.0036239,0.0036239
558,11593.3,0.69049,1.14092,0.40739,0.85081,0.87801,0.89694,0.9369,0.73194,0.87366,0.86924,0.92149,0.61705,0.69704,1.12812,0.36224,0.86991,0.00362143,0.00362143,0.00362143
559,11613.3,0.69331,1.14612,0.40247,0.8511,0.87588,0.89377,0.93451,0.73144,0.86661,0.8743,0.91832,0.61631,0.69628,1.13244,0.36229,0.86923,0.00361895,0.00361895,0.00361895
560,11633,0.70111,1.17286,0.40998,0.85271,0.88518,0.88287,0.93372,0.73177,0.87255,0.87032,0.91935,0.61742,0.69672,1.13203,0.3627,0.86948,0.00361647,0.00361647,0.00361647
561,11652.8,0.69165,1.13486,0.40578,0.8496,0.88989,0.88176,0.93506,0.73251,0.88023,0.86585,0.91943,0.61523,0.69769,1.12745,0.3608,0.87013,0.003614,0.003614,0.003614
562,11672.6,0.70621,1.17595,0.41039,0.84754,0.89706,0.87476,0.93568,0.73347,0.8882,0.86067,0.91895,0.61337,0.69511,1.13007,0.36153,0.86924,0.00361153,0.00361153,0.00361153
563,11692.6,0.69826,1.15276,0.40524,0.8484,0.88479,0.8855,0.93539,0.73449,0.88801,0.85826,0.91887,0.61547,0.69489,1.13428,0.36155,0.87004,0.00360905,0.00360905,0.00360905
564,11712.5,0.6952,1.15896,0.40315,0.84864,0.88953,0.88434,0.93598,0.73337,0.88976,0.86071,0.92085,0.61697,0.69492,1.13157,0.36219,0.86988,0.00360658,0.00360658,0.00360658
565,11733.3,0.70783,1.19087,0.41154,0.85299,0.89447,0.88069,0.93622,0.73338,0.8878,0.86378,0.92195,0.61937,0.69606,1.13231,0.36184,0.86988,0.0036041,0.0036041,0.0036041
566,11754.3,0.69846,1.16297,0.40719,0.85167,0.88967,0.89026,0.93661,0.73325,0.87589,0.87494,0.91983,0.615,0.69918,1.1312,0.36407,0.87165,0.00360163,0.00360163,0.00360163
567,11776,0.69106,1.13921,0.41017,0.84814,0.88811,0.88565,0.93546,0.73253,0.87712,0.87119,0.91954,0.6159,0.69956,1.13136,0.365,0.87159,0.00359915,0.00359915,0.00359915
568,11795.6,0.69293,1.1355,0.40876,0.84928,0.89187,0.88052,0.93515,0.73097,0.88474,0.86445,0.92124,0.61644,0.70097,1.13598,0.3658,0.87185,0.00359668,0.00359668,0.00359668
569,11815.5,0.70146,1.16363,0.40704,0.85194,0.89857,0.87624,0.9357,0.73136,0.88484,0.86372,0.92017,0.61618,0.69638,1.13259,0.36455,0.87029,0.0035942,0.0035942,0.0035942
570,11835.5,0.69912,1.15598,0.40613,0.85187,0.90164,0.87406,0.9336,0.73241,0.89141,0.86056,0.91914,0.61728,0.69725,1.13166,0.36372,0.87023,0.00359173,0.00359173,0.00359173
571,11855.1,0.69683,1.15158,0.40667,0.8521,0.88311,0.88963,0.93484,0.73245,0.88716,0.86054,0.91829,0.61335,0.70475,1.13465,0.36582,0.87309,0.00358925,0.00358925,0.00358925
572,11875,0.68816,1.13969,0.40209,0.8519,0.88555,0.88548,0.93535,0.73025,0.88861,0.86047,0.9199,0.61042,0.71068,1.13586,0.36787,0.87525,0.00358678,0.00358678,0.00358678
573,11895.1,0.69949,1.15136,0.40649,0.8515,0.88528,0.8852,0.93494,0.73137,0.88764,0.86039,0.91952,0.61116,0.70575,1.13656,0.36739,0.87288,0.0035843,0.0035843,0.0035843
574,11915.7,0.70157,1.1629,0.40971,0.85394,0.88529,0.88195,0.93455,0.73165,0.87686,0.8674,0.92123,0.61057,0.70091,1.13252,0.36511,0.87111,0.00358183,0.00358183,0.00358183
575,11936.2,0.68911,1.14336,0.40204,0.84991,0.88319,0.88446,0.93444,0.73114,0.8823,0.85881,0.91887,0.61091,0.70402,1.13887,0.3666,0.87254,0.00357935,0.00357935,0.00357935
576,11956.8,0.70489,1.16522,0.40797,0.84967,0.88353,0.88352,0.93507,0.7309,0.88171,0.86372,0.92067,0.61323,0.70627,1.14475,0.36553,0.87401,0.00357688,0.00357688,0.00357688
577,11977.9,0.71239,1.19257,0.41408,0.85536,0.88316,0.88469,0.9333,0.73112,0.87429,0.87158,0.91959,0.61391,0.70093,1.14389,0.36412,0.87194,0.0035744,0.0035744,0.0035744
578,11998.9,0.69669,1.14851,0.41044,0.85064,0.89033,0.8789,0.93384,0.73194,0.88283,0.86605,0.91986,0.61286,0.70062,1.14077,0.36287,0.87227,0.00357193,0.00357193,0.00357193
579,12018.3,0.69231,1.14745,0.40096,0.85214,0.89269,0.88176,0.93499,0.73217,0.88128,0.87109,0.92083,0.61456,0.6995,1.13482,0.3636,0.87236,0.00356945,0.00356945,0.00356945
580,12038.1,0.69314,1.14075,0.40381,0.84812,0.89078,0.8847,0.93515,0.73269,0.87845,0.87275,0.9201,0.61568,0.69711,1.13152,0.3628,0.87156,0.00356698,0.00356698,0.00356698
581,12057.7,0.69779,1.1506,0.40689,0.85024,0.89033,0.88699,0.93444,0.73257,0.88032,0.8684,0.91848,0.61427,0.69522,1.13117,0.36223,0.87021,0.0035645,0.0035645,0.0035645
582,12078,0.70249,1.16923,0.40924,0.84905,0.88507,0.88786,0.934,0.73098,0.86992,0.87291,0.91587,0.61228,0.69654,1.13681,0.36283,0.87054,0.00356203,0.00356203,0.00356203
583,12098.2,0.70021,1.16453,0.40651,0.85094,0.8775,0.8918,0.93284,0.7314,0.8726,0.86817,0.9166,0.61468,0.69609,1.14252,0.3615,0.87107,0.00355955,0.00355955,0.00355955
584,12118.3,0.6938,1.14745,0.40325,0.84817,0.88754,0.88392,0.93369,0.73156,0.87674,0.86768,0.91791,0.61742,0.69916,1.14778,0.36341,0.87184,0.00355708,0.00355708,0.00355708
585,12139,0.69657,1.14982,0.40687,0.85218,0.88919,0.88539,0.93386,0.73052,0.87847,0.86496,0.91815,0.61789,0.7016,1.14734,0.36362,0.87224,0.0035546,0.0035546,0.0035546
586,12159.5,0.6951,1.14065,0.40514,0.85029,0.87849,0.88957,0.93441,0.73104,0.88374,0.86253,0.91966,0.61803,0.70026,1.13785,0.36462,0.87164,0.00355212,0.00355212,0.00355212
587,12179.2,0.69177,1.13896,0.40472,0.85088,0.89223,0.88043,0.93438,0.73127,0.88745,0.86062,0.91903,0.61548,0.69924,1.13654,0.36499,0.87146,0.00354965,0.00354965,0.00354965
588,12198.5,0.69059,1.13672,0.40317,0.84978,0.89073,0.88218,0.93455,0.7324,0.88182,0.86677,0.91868,0.61424,0.69862,1.13764,0.36252,0.87252,0.00354718,0.00354718,0.00354718
589,12218.3,0.68941,1.13494,0.40399,0.85068,0.89043,0.88424,0.93407,0.73327,0.87772,0.86738,0.91668,0.61548,0.69558,1.13457,0.36229,0.87159,0.0035447,0.0035447,0.0035447
590,12238.4,0.68678,1.14048,0.40686,0.84914,0.89674,0.87678,0.93338,0.73253,0.88492,0.8636,0.91757,0.61541,0.69595,1.1363,0.36265,0.87102,0.00354222,0.00354222,0.00354222
591,12258.1,0.70125,1.14737,0.40735,0.85049,0.89513,0.87739,0.93313,0.73403,0.88263,0.86415,0.91653,0.61367,0.6976,1.13995,0.3621,0.87153,0.00353975,0.00353975,0.00353975
592,12278.3,0.68634,1.12562,0.40326,0.84733,0.89313,0.87592,0.93303,0.73231,0.88205,0.86115,0.91668,0.61454,0.69862,1.14253,0.3634,0.87204,0.00353728,0.00353728,0.00353728
593,12298.3,0.69724,1.15356,0.40803,0.85203,0.89677,0.87505,0.93429,0.73293,0.887,0.85968,0.91677,0.61268,0.69849,1.13915,0.36407,0.87168,0.0035348,0.0035348,0.0035348
594,12318.6,0.69891,1.14734,0.40317,0.85011,0.88598,0.88537,0.93668,0.73226,0.8741,0.86779,0.91642,0.60887,0.70138,1.13795,0.36422,0.87212,0.00353233,0.00353233,0.00353233
595,12339.3,0.69228,1.13635,0.40221,0.84811,0.87893,0.89572,0.93567,0.7319,0.86595,0.87643,0.91537,0.61074,0.69861,1.13984,0.36357,0.87088,0.00352985,0.00352985,0.00352985
596,12358.5,0.69466,1.14954,0.40584,0.85187,0.87384,0.89967,0.93553,0.73162,0.868,0.87281,0.91556,0.61168,0.70192,1.14441,0.3634,0.87245,0.00352737,0.00352737,0.00352737
597,12378.2,0.68529,1.135,0.4042,0.85194,0.88493,0.88927,0.93641,0.72958,0.87269,0.87063,0.91589,0.61006,0.7068,1.15122,0.36521,0.87548,0.0035249,0.0035249,0.0035249
598,12397.8,0.68529,1.12094,0.40358,0.84803,0.89173,0.88079,0.93638,0.73124,0.88378,0.8629,0.9174,0.6115,0.70638,1.15086,0.36522,0.87627,0.00352243,0.00352243,0.00352243
599,12417.4,0.69511,1.14904,0.40438,0.84982,0.89017,0.88711,0.93495,0.7318,0.87399,0.87186,0.91661,0.61282,0.70448,1.1506,0.36493,0.87505,0.00351995,0.00351995,0.00351995
600,12437.3,0.7002,1.15605,0.40439,0.85438,0.88754,0.88262,0.93436,0.73186,0.87861,0.86647,0.91582,0.61241,0.70146,1.14978,0.36293,0.87305,0.00351747,0.00351747,0.00351747
601,12457.9,0.70079,1.15629,0.40724,0.84943,0.8873,0.88721,0.93503,0.73267,0.88096,0.86491,0.91531,0.61297,0.69874,1.1477,0.36294,0.87194,0.003515,0.003515,0.003515
602,12478.2,0.68648,1.12322,0.40607,0.8508,0.88225,0.88735,0.93524,0.73254,0.86833,0.86967,0.91479,0.615,0.69857,1.14777,0.36293,0.87189,0.00351253,0.00351253,0.00351253
603,12498,0.69669,1.15058,0.40682,0.84882,0.88163,0.89167,0.93485,0.73278,0.87464,0.86861,0.91722,0.61666,0.69979,1.14766,0.3632,0.872,0.00351005,0.00351005,0.00351005
604,12517.9,0.69222,1.14289,0.40484,0.85008,0.8697,0.89972,0.93317,0.73228,0.88582,0.85865,0.91633,0.61515,0.7,1.14917,0.36384,0.87244,0.00350758,0.00350758,0.00350758
605,12538.6,0.68833,1.12342,0.40072,0.85028,0.894,0.87656,0.93401,0.73195,0.89004,0.855,0.91589,0.61269,0.69894,1.14778,0.36378,0.87201,0.0035051,0.0035051,0.0035051
606,12558.8,0.69444,1.15587,0.40492,0.85355,0.87758,0.89259,0.93377,0.7334,0.87686,0.86337,0.91449,0.61338,0.69771,1.14486,0.36321,0.87133,0.00350263,0.00350263,0.00350263
607,12578.7,0.68315,1.12569,0.40109,0.85121,0.87395,0.89658,0.93293,0.73296,0.86762,0.8757,0.91461,0.61346,0.69681,1.14355,0.36379,0.87119,0.00350015,0.00350015,0.00350015
608,12599.1,0.68692,1.13211,0.40209,0.84978,0.87785,0.89125,0.93269,0.73113,0.86494,0.8696,0.91236,0.61254,0.69847,1.14612,0.36354,0.87232,0.00349768,0.00349768,0.00349768
609,12618.1,0.67669,1.10265,0.39663,0.85488,0.87781,0.88768,0.93284,0.73146,0.86853,0.86886,0.91369,0.6152,0.69838,1.14869,0.36339,0.87226,0.0034952,0.0034952,0.0034952
610,12637.5,0.68629,1.12439,0.4026,0.84718,0.87475,0.89403,0.93467,0.73216,0.86436,0.87688,0.91871,0.61554,0.69891,1.14811,0.36431,0.87251,0.00349272,0.00349272,0.00349272
611,12657.5,0.69842,1.15211,0.40251,0.85163,0.87674,0.89468,0.93397,0.73292,0.86607,0.88116,0.91925,0.61671,0.69794,1.14125,0.36334,0.87201,0.00349025,0.00349025,0.00349025
612,12678.2,0.69281,1.14121,0.40333,0.85214,0.88042,0.88718,0.9332,0.73241,0.87312,0.87402,0.91786,0.61732,0.69855,1.14227,0.364,0.87207,0.00348778,0.00348778,0.00348778
613,12698.4,0.69467,1.14747,0.40155,0.84981,0.88043,0.8868,0.93344,0.73114,0.87566,0.8687,0.91623,0.6142,0.69801,1.14329,0.36523,0.8716,0.0034853,0.0034853,0.0034853
614,12719.3,0.68559,1.12111,0.40202,0.84675,0.88227,0.88252,0.93361,0.7301,0.87564,0.8614,0.91482,0.61016,0.69853,1.14267,0.36546,0.87185,0.00348283,0.00348283,0.00348283
615,12739.6,0.69416,1.13937,0.40189,0.84799,0.86831,0.89601,0.93369,0.73103,0.86386,0.87422,0.91593,0.60951,0.69776,1.14093,0.36434,0.87127,0.00348035,0.00348035,0.00348035
616,12759.4,0.69149,1.13843,0.40094,0.84733,0.88008,0.88679,0.93354,0.73122,0.8731,0.86932,0.91566,0.61059,0.6984,1.14681,0.36358,0.87198,0.00347788,0.00347788,0.00347788
617,12779.5,0.70216,1.16851,0.40952,0.85084,0.88834,0.87778,0.93337,0.73097,0.87888,0.86477,0.91694,0.61069,0.70143,1.15087,0.36363,0.87288,0.0034754,0.0034754,0.0034754
618,12799.9,0.68989,1.14453,0.40003,0.85,0.89057,0.88086,0.93386,0.73013,0.87944,0.86677,0.91539,0.60907,0.6988,1.14722,0.363,0.87222,0.00347292,0.00347292,0.00347292
619,12820.6,0.7112,1.18379,0.41044,0.85038,0.88792,0.88056,0.9336,0.73076,0.88496,0.86203,0.91675,0.60952,0.70215,1.14535,0.36243,0.87357,0.00347045,0.00347045,0.00347045
620,12841.5,0.69199,1.13376,0.40582,0.84904,0.89078,0.8784,0.93314,0.73098,0.87974,0.86567,0.91698,0.61128,0.70175,1.14339,0.36359,0.87272,0.00346797,0.00346797,0.00346797
621,12862.8,0.6925,1.14178,0.40235,0.85024,0.8699,0.89602,0.93335,0.73121,0.865,0.873,0.9154,0.61285,0.69934,1.1377,0.36299,0.87169,0.0034655,0.0034655,0.0034655
622,12883.4,0.69507,1.14681,0.40625,0.84874,0.8788,0.88939,0.93381,0.73241,0.87635,0.86871,0.91853,0.61502,0.70012,1.1365,0.36286,0.87254,0.00346303,0.00346303,0.00346303
623,12903.8,0.70251,1.15297,0.40917,0.85127,0.88193,0.89086,0.93455,0.7327,0.87492,0.86921,0.91711,0.61291,0.70025,1.13713,0.36371,0.87247,0.00346055,0.00346055,0.00346055
624,12924.8,0.69495,1.14685,0.4058,0.84955,0.88357,0.88829,0.9348,0.73279,0.87561,0.86436,0.91506,0.61338,0.69931,1.14012,0.36371,0.87137,0.00345808,0.00345808,0.00345808
625,12945.7,0.69316,1.13519,0.40272,0.84751,0.89205,0.88548,0.93528,0.73255,0.88222,0.86101,0.91373,0.61349,0.70128,1.14495,0.36328,0.87248,0.0034556,0.0034556,0.0034556
626,12966.6,0.68597,1.12383,0.40056,0.85059,0.88996,0.88863,0.93571,0.73336,0.88263,0.86582,0.91676,0.6147,0.70133,1.14325,0.36308,0.87253,0.00345313,0.00345313,0.00345313
627,12987,0.69221,1.14607,0.4027,0.85045,0.88778,0.89194,0.93673,0.73354,0.88023,0.87151,0.91783,0.61438,0.70019,1.14349,0.36296,0.8719,0.00345065,0.00345065,0.00345065
628,13007.1,0.69545,1.14937,0.40586,0.84957,0.88725,0.8882,0.93628,0.73348,0.87478,0.87299,0.91872,0.61576,0.70173,1.14666,0.36223,0.87265,0.00344817,0.00344817,0.00344817
629,13028.5,0.69285,1.16126,0.40392,0.84964,0.87762,0.89421,0.93543,0.73253,0.87668,0.87041,0.91959,0.61438,0.70286,1.14841,0.36266,0.87323,0.0034457,0.0034457,0.0034457
630,13049,0.69442,1.14438,0.40831,0.8503,0.87847,0.8948,0.93562,0.73252,0.87987,0.86225,0.91686,0.61431,0.70346,1.15067,0.36275,0.8734,0.00344322,0.00344322,0.00344322
631,13068.7,0.68012,1.1165,0.4011,0.84975,0.88062,0.88878,0.93455,0.73294,0.88512,0.85516,0.91527,0.61399,0.70189,1.15292,0.36295,0.87273,0.00344075,0.00344075,0.00344075
632,13089.2,0.69006,1.13647,0.40163,0.84859,0.89656,0.87185,0.93422,0.73233,0.8891,0.85486,0.91591,0.61434,0.70075,1.15331,0.36412,0.87236,0.00343828,0.00343828,0.00343828
633,13109.3,0.68176,1.12413,0.39737,0.84952,0.89157,0.87561,0.93497,0.73137,0.88213,0.85834,0.9141,0.61268,0.70038,1.15271,0.36393,0.87217,0.0034358,0.0034358,0.0034358
634,13129.4,0.6867,1.12146,0.40125,0.84622,0.8926,0.8827,0.93597,0.73081,0.88069,0.86405,0.91524,0.61219,0.70164,1.15296,0.36304,0.8726,0.00343333,0.00343333,0.00343333
