1 0.7929994388327721 0.3822951739618406 0.7894921436588103 0.3710718294051627 0.7887906846240179 0.3654601571268238 0.7884399551066217 0.36090067340067333 0.7880892255892255 0.35458754208754206 0.7884399551066217 0.35002805836139167 0.7894921436588103 0.3447671156004489 0.7919472502805835 0.3395061728395062 0.7954545454545454 0.33459595959595956 0.7993125701459035 0.3293350168350168 0.802469135802469 0.32582772166105495 0.8063271604938271 0.3226711560044893 0.8101851851851851 0.3205667789001122 0.8150953984287317 0.31776094276094274 0.8193041526374859 0.3167087542087542 0.8245650953984287 0.31635802469135804 0.8305274971941637 0.31635802469135804 0.8357884399551065 0.31776094276094274 0.8396464646464646 0.32021604938271603 0.8435044893378226 0.3226711560044893 0.8477132435465768 0.32547699214365877 0.849817620650954 0.32863355780022446 0.8515712682379348 0.3328423120089787 0.8529741863075196 0.33810325476992137 0.853675645342312 0.34336419753086417 0.853675645342312 0.35002805836139167 0.8526234567901234 0.35704264870931535 0.8508698092031425 0.3633557800224467 0.8487654320987654 0.3707210998877665 0.846310325476992 0.3766835016835017 0.8435044893378226 0.3815937149270482 0.840347923681257 0.3872053872053872 0.8368406285072951 0.39211560044893373 0.8336840628507294 0.39492143658810325 0.8305274971941637 0.39632435465768795 0.8266694725028058 0.39737654320987653 0.8210578002244667 0.3980780022446689 0.8168490460157127 0.3980780022446689 0.813692480359147 0.39737654320987653 0.8101851851851851 0.39632435465768795 0.8056257014590347 0.3956228956228956 0.8021184062850729 0.3952721661054994 0.798611111111111 0.3935185185185185 0.7961560044893378 0.3900112233445566
1 0.6744528619528619 0.23253367003367 0.6828703703703703 0.21920594837261503 0.686026936026936 0.21604938271604937 0.689884960718294 0.21184062850729515 0.6958473625140292 0.20657968574635238 0.701459034792368 0.20202020202020202 0.7070707070707071 0.19956509539842873 0.7158389450056116 0.1957070707070707 0.7235549943883277 0.1932519640852974 0.7295173961840629 0.1911475869809203 0.7358305274971941 0.19009539842873174 0.743195847362514 0.18974466891133554 0.747053872053872 0.19044612794612795 0.7512626262626262 0.1932519640852974 0.7537177328843996 0.19605780022446687 0.7551206509539842 0.20096801346801346 0.756523569023569 0.20482603815937148 0.7575757575757576 0.2093855218855219 0.7575757575757576 0.21359427609427606 0.7558221099887766 0.2202581369248036 0.7544191919191919 0.22586980920314254 0.7533670033670034 0.2311307519640853 0.7512626262626262 0.23639169472502805 0.7488075196408529 0.2398989898989899 0.7456509539842873 0.24445847362514028 0.743195847362514 0.2483164983164983 0.7407407407407407 0.2511223344556678 0.7375841750841751 0.2528759820426487 0.7326739618406285 0.25603254769921435 0.728114478114478 0.25848765432098764 0.7235549943883277 0.2612934904601571 0.7182940516273849 0.2644500561167228 0.7105780022446688 0.2676066217732884 0.7046156004489338 0.26971099887766553 0.699354657687991 0.2714646464646464 0.6951459034792368 0.2714646464646464 0.6870791245791246 0.2711139169472503 0.6832210998877666 0.26971099887766553 0.6800645342312008 0.2676066217732884 0.6776094276094276 0.2665544332210999 0.6737514029180696 0.2655022446689113 0.6709455667789002 0.2633978675645342 0.668841189674523 0.2598905723905724 0.6674382716049382 0.2542789001122334 0.6674382716049382 0.24971941638608305 0.6684904601571268 0.24515993265993263 0.6702441077441077 0.2398989898989899
1 0.7161896745230079 0.3903619528619528 0.7088243546576879 0.3865039281705948 0.7060185185185185 0.3854517396184063 0.7028619528619529 0.3833473625140292 0.6997053872053872 0.38124298540965207 0.6965488215488215 0.37913860830527496 0.6937429854096521 0.3766835016835017 0.6919893378226711 0.373526936026936 0.6912878787878788 0.37037037037037035 0.691638608305275 0.36616161616161613 0.6944444444444444 0.36125140291806956 0.6961980920314254 0.3573933782267115 0.6986531986531986 0.3542368125701459 0.7018097643097643 0.3517817059483726 0.7049663299663299 0.35037878787878785 0.7084736251402918 0.3493265993265993 0.7119809203142536 0.3489758698092031 0.7175925925925924 0.3489758698092031 0.7214506172839505 0.3496773288439955 0.7239057239057238 0.350729517396184 0.7291666666666666 0.35248316498316495 0.7326739618406285 0.35458754208754206 0.7351290684624018 0.35669191919191917 0.7379349046015712 0.3587962962962962 0.7400392817059483 0.36125140291806956 0.743195847362514 0.36370650953984285 0.7456509539842873 0.36581088664421996 0.7474046015712682 0.3689674523007856 0.7484567901234568 0.373526936026936 0.7484567901234568 0.3798400673400673 0.747053872053872 0.3822951739618406 0.7442480359147026 0.3851010101010101 0.7407407407407407 0.3872053872053872 0.7361812570145904 0.38930976430976433 0.7323232323232323 0.3903619528619528 0.7270622895622895 0.3910634118967452 0.7218013468013467 0.3914141414141414
1 0.5944865319865319 0.46261223344556673 0.5885241301907967 0.4671717171717171 0.5857182940516273 0.46927609427609424 0.5815095398428731 0.47138047138047134 0.5762485970819303 0.47208193041526375 0.5716891133557799 0.4727833894500561 0.5688832772166105 0.47208193041526375 0.5660774410774411 0.46997755331088664 0.5636223344556677 0.4664702581369248 0.5622194163860831 0.46120931537598203 0.5601150392817059 0.4552469135802469 0.5580106621773289 0.4492845117845118 0.5576599326599326 0.44507575757575757 0.5576599326599326 0.43981481481481477 0.5576599326599326 0.43560606060606055 0.5576599326599326 0.4303451178451178 0.5580106621773289 0.42543490460157124 0.5590628507295174 0.4219276094276094 0.560465768799102 0.4180695847362514 0.5618686868686869 0.41386083052749717 0.5632716049382717 0.4100028058361392 0.5653759820426487 0.40614478114478114 0.5685325476992144 0.40158529741863075 0.5709876543209876 0.39913019079685746 0.5734427609427609 0.3977272727272727 0.5762485970819303 0.3966750841750841 0.5808080808080808 0.3952721661054994 0.585016835016835 0.39492143658810325 0.588874859708193 0.3952721661054994 0.5941358024691358 0.39632435465768795 0.5990460157126823 0.3980780022446689 0.6025533108866442 0.40018237934904594 0.6050084175084174 0.40298821548821545 0.6067620650953984 0.40544332210998874 0.6081649831649831 0.4093013468013468 0.6092171717171716 0.41421156004489335 0.6095679012345678 0.4201739618406285 0.6095679012345678 0.42859147025813693 0.607814253647587 0.43420314253647585 0.6064113355780022 0.43806116722783384 0.6046576879910214 0.44226992143658805 0.6029040404040403 0.4461279461279461 0.6007996632996632 0.4506874298540965 0.59834455667789 0.4559483726150393
1 0.699354657687991 0.49031986531986527 0.6912878787878788 0.48611111111111105 0.6874298540965208 0.48225308641975306 0.686026936026936 0.478395061728395 0.6846240179573512 0.4727833894500561 0.684273288439955 0.46682098765432095 0.6846240179573512 0.4615600448933782 0.6874298540965208 0.4566498316498316 0.6905864197530864 0.45244107744107737 0.6930415263748596 0.44893378226711556 0.6958473625140292 0.4461279461279461 0.7000561167227833 0.44226992143658805 0.7049663299663299 0.43841189674523007 0.7091750841750841 0.4349046015712682 0.7137345679012345 0.43209876543209874 0.7165404040404041 0.43069584736251404 0.7214506172839505 0.4303451178451178 0.7263608305274971 0.4303451178451178 0.7312710437710437 0.4310465768799102 0.7361812570145904 0.4324494949494949 0.7389870931537598 0.4338524130190796 0.7428451178451178 0.4370089786756453 0.7453002244668911 0.44086700336700335 0.7467031425364757 0.44472502805836134 0.7477553310886643 0.4492845117845118 0.7481060606060606 0.4541947250280583 0.7477553310886643 0.4605078563411896 0.7460016835016835 0.4664702581369248 0.743195847362514 0.4703282828282828 0.7400392817059483 0.47523849607182933 0.7358305274971941 0.48049943883277213 0.7319725028058361 0.4833052749719416 0.7256593714927048 0.4864618406285073 0.7179433221099887 0.48926767676767674 0.7130331088664421 0.4899691358024691 0.7070707070707071 0.49031986531986527
1 0.7929994388327721 0.4598063973063973 0.7937008978675645 0.45244107744107737 0.7944023569023568 0.44753086419753085 0.7961560044893378 0.44297138047138046 0.7989618406285073 0.43735970819304154 0.8031705948372615 0.43209876543209874 0.8077300785634118 0.4292929292929292 0.8129910213243545 0.4278900112233445 0.817550505050505 0.4278900112233445 0.8221099887766553 0.4282407407407407 0.8277216610549943 0.42964365881032546 0.8329826038159371 0.4317480359147025 0.8368406285072951 0.43525533108866443 0.8389450056116722 0.43876262626262624 0.8406986531986532 0.44297138047138046 0.8414001122334456 0.4471801346801347 0.8421015712682378 0.4513888888888889 0.8414001122334456 0.4559483726150393 0.8399971941638608 0.4608585858585858 0.8371913580246914 0.46682098765432095 0.8340347923681256 0.47138047138047134 0.8319304152637486 0.47523849607182933 0.8291245791245792 0.47909652076318743 0.827020202020202 0.48049943883277213 0.8242143658810325 0.48155162738496066 0.8189534231200898 0.4819023569023569 0.8133417508417508 0.4819023569023569 0.8077300785634118 0.4797979797979798 0.8035213243546576 0.4769921436588103 0.7975589225589225 0.4731341189674522 0.7944023569023568 0.46997755331088664 0.7937008978675645 0.46682098765432095
1 0.9476711560044893 0.40404040404040403 0.9462682379349044 0.3956228956228956 0.9466189674523007 0.3910634118967452 0.9476711560044893 0.38615319865319864 0.9490740740740741 0.3819444444444444 0.9508277216610549 0.377384960718294 0.9525813692480358 0.37282547699214363 0.9546857463524129 0.36791526374859707 0.9571408529741863 0.3626543209876543 0.9599466891133557 0.35774410774410775 0.9627525252525252 0.3538860830527497 0.9662598204264871 0.35037878787878785 0.9687149270482603 0.34827441077441074 0.9729236812570146 0.3451178451178451 0.9767817059483725 0.343013468013468 0.9806397306397305 0.3405583613916947 0.9859006734006733 0.33810325476992137 0.989057239057239 0.33670033670033667 0.9922138047138046 0.33529741863075196 0.9957210998877665 0.33354377104377103 0.9989583333333333 0.33289632435465766 0.9989583333333333 0.4201739618406285 0.9939674523007855 0.425084175084175 0.9922138047138046 0.426837822671156 0.9883557800224466 0.4278900112233445 0.9855499438832772 0.4282407407407407 0.9827441077441077 0.4289421997755331 0.9792368125701458 0.42964365881032546 0.9753787878787877 0.42999438832772163 0.9725729517396183 0.42999438832772163 0.9687149270482603 0.42999438832772163 0.962401795735129 0.4257856341189674 0.9592452300785633 0.42333052749719413 0.9546857463524129 0.42052469135802467 0.9529320987654321 0.4177188552188552 0.9511784511784511 0.4145622895622896 0.9497755331088664 0.4107042648709315
1 0.9287317620650953 0.2353395061728395 0.9248737373737373 0.22551907968574633 0.9245230078563412 0.22236251402918067 0.9252244668911335 0.21850448933782265 0.9255751964085296 0.21534792368125702 0.9255751964085296 0.2125420875420875 0.9255751964085296 0.2093855218855219 0.926276655443322 0.20622895622895623 0.928030303030303 0.20342312008978675 0.93013468013468 0.20131874298540964 0.933992704826038 0.19851290684624018 0.9374999999999999 0.19675925925925924 0.9420594837261503 0.1950056116722783 0.9487233445566778 0.1932519640852974 0.9539842873176206 0.19184904601571265 0.9578423120089786 0.1907968574635241 0.9620510662177328 0.1907968574635241 0.9666105499438832 0.19044612794612795 0.9708193041526374 0.1907968574635241 0.9753787878787877 0.19184904601571265 0.9809904601571268 0.1929012345679012 0.9855499438832772 0.1936026936026936 0.987303591470258 0.19395342312008976 0.9922138047138046 0.1950056116722783 0.9953703703703703 0.1957070707070707 0.9981762065095398 0.19675925925925924 0.9989583333333333 0.197150322671156 0.9988776655443322 0.24480920314253646 0.9936167227833894 0.24691358024691354 0.9848484848484848 0.2486672278338945 0.9816919191919191 0.24901795735129065 0.9778338945005611 0.24936868686868685 0.971871492704826 0.24971941638608305 0.9673120089786755 0.2500701459034792 0.9631032547699213 0.2507716049382716 0.9599466891133557 0.25392817059483724 0.95679012345679 0.25603254769921435 0.9543350168350168 0.2549803591470258 0.9522306397306397 0.2500701459034792 0.9504769921436587 0.2483164983164983 0.9469696969696969 0.2465628507295174 0.9427609427609427 0.24551066217732884 0.9364478114478114 0.24551066217732884 0.9346941638608305 0.24551066217732884 0.9322390572390572 0.24305555555555552 0.931888327721661 0.24130190796857462
1 0.8045735129068461 0.1360830527497194 0.8035213243546576 0.12766554433221097 0.8035213243546576 0.12170314253647586 0.8049242424242423 0.1164421997755331 0.8077300785634118 0.11188271604938271 0.811938832772166 0.10837542087542086 0.8168490460157127 0.10627104377104375 0.8228114478114478 0.1055695847362514 0.8294753086419752 0.10521885521885523 0.8333333333333334 0.10662177328843996 0.8375420875420876 0.10837542087542086 0.8414001122334456 0.11047979797979797 0.8449074074074073 0.11328563411896744 0.8487654320987654 0.11679292929292928 0.8522727272727272 0.11994949494949494 0.8554292929292928 0.12275533108866442 0.8589365881032547 0.12661335578002245 0.8627946127946127 0.1318742985409652 0.8656004489337822 0.13713524130190796 0.8666526374859708 0.13994107744107742 0.8670033670033669 0.14414983164983164 0.8670033670033669 0.14941077441077438 0.8663019079685746 0.1536195286195286 0.8652497194163861 0.15852974186307517 0.8641975308641975 0.16343995510662176 0.8613916947250281 0.16870089786756454 0.8578843995510662 0.17255892255892255 0.8540263748597082 0.1739618406285073 0.8491161616161615 0.1739618406285073 0.842452300785634 0.1732603815937149 0.8371913580246914 0.1711560044893378 0.8315796857463523 0.16870089786756454 0.8263187429854095 0.1669472502805836 0.8235129068462401 0.16449214365881032 0.8217592592592592 0.16063411896745228 0.8196548821548821 0.15817901234567902 0.8154461279461279 0.1553731762065095 0.8122895622895623 0.15291806958473625 0.8077300785634118 0.1497615039281706 0.8056257014590347 0.14625420875420875 0.8052749719416386 0.1427469135802469
1 0.7025112233445566 0.1385381593714927 0.6909371492704826 0.1378367003367003 0.686026936026936 0.13713524130190796 0.6811167227833894 0.1360830527497194 0.6790123456790124 0.13503086419753085 0.676557239057239 0.1318742985409652 0.6744528619528619 0.12696408529741862 0.672699214365881 0.1231060606060606 0.6712962962962963 0.12065095398428731 0.6695426487093153 0.11609147025813692 0.6684904601571268 0.11328563411896744 0.6681397306397305 0.11047979797979797 0.6677890011223344 0.10697250280583613 0.6681397306397305 0.10346520763187429 0.6698933782267116 0.10030864197530863 0.6712962962962963 0.09785353535353535 0.6723484848484848 0.0946969696969697 0.6734006734006733 0.09294332210998876 0.6748035914702581 0.09083894500561167 0.6772586980920313 0.087682379349046 0.6793630751964085 0.08627946127946128 0.682168911335578 0.08627946127946128 0.6867283950617283 0.0859287317620651 0.6923400673400673 0.0859287317620651 0.6990039281705948 0.08627946127946128 0.7042648709315376 0.087682379349046 0.7102272727272727 0.0901374859708193 0.7158389450056116 0.09189113355780022 0.7323232323232323 0.09504769921436587 0.7365319865319865 0.0968013468013468 0.7410914702581369 0.09995791245791245 0.7442480359147026 0.10276374859708191 0.7467031425364757 0.10416666666666667 0.7498597081930415 0.10592031425364758 0.7530162738496071 0.10802469135802469 0.7558221099887766 0.11258417508417508 0.756523569023569 0.11679292929292928 0.7561728395061728 0.12345679012345677 0.7551206509539842 0.1273148148148148 0.752665544332211 0.1322250280583614 0.7484567901234568 0.1357323232323232 0.7442480359147026 0.13818742985409652 0.7407407407407407 0.1406425364758698 0.7379349046015712 0.1427469135802469 0.733726150392817 0.14344837261503926 0.7302188552188551 0.14344837261503926 0.7242564534231201 0.14239618406285073 0.7189955106621773 0.14134399551066218 0.7116301907968574 0.13994107744107742
1 0.8817340067340067 0.07786195286195285 0.8768237934904601 0.07014590347923681 0.8754208754208753 0.06628787878787878 0.8740179573512906 0.06278058361391695 0.8733164983164983 0.0592732884399551 0.8726150392817059 0.054363075196408525 0.8719135802469135 0.04980359147025813 0.8719135802469135 0.046296296296296294 0.872965768799102 0.04313973063973064 0.8743686868686869 0.040684624017957347 0.8761223344556677 0.036826599326599326 0.8775252525252525 0.03402076318742985 0.8803310886644219 0.031214927048260382 0.882435465768799 0.028759820426487094 0.8859427609427609 0.02665544332210999 0.888047138047138 0.025953984287317617 0.8912037037037037 0.026304713804713806 0.8940095398428731 0.02700617283950617 0.8978675645342311 0.028058361391694722 0.9031285072951739 0.030162738496071827 0.9066358024691358 0.03226711560044893 0.91084455667789 0.03577441077441077 0.9143518518518517 0.03963243546576879 0.9175084175084174 0.043841189674523 0.920314253647587 0.04875140291806958 0.9234708193041526 0.0550645342312009 0.9259259259259258 0.06067620650953984 0.928030303030303 0.06663860830527497 0.9297839506172838 0.07189955106621773 0.9308361391694724 0.07926487093153758 0.9308361391694724 0.08627946127946128 0.9287317620650953 0.09118967452300786 0.926276655443322 0.09609988776655443 0.9224186307519641 0.10065937149270482 0.9182098765432098 0.10311447811447812 0.9125982042648708 0.10486812570145902 0.9083894500561166 0.10486812570145902 0.9048821548821547 0.10486812570145902 0.9031285072951739 0.10416666666666667 0.9010241301907967 0.10276374859708191 0.8992704826038159 0.10136083052749718 0.8961139169472502 0.09785353535353535 0.8929573512906845 0.0943462401795735 0.8890993265993266 0.08978675645342311
1 0.743195847362514 0.04138608305274972 0.7372334455667789 0.032617845117845115 0.7354797979797979 0.028058361391694722 0.7347783389450055 0.023148148148148147 0.7347783389450055 0.017536475869809203 0.7354797979797979 0.012976992143658809 0.7382856341189673 0.008417508417508416 0.741442199775533 0.005611672278338945 0.7456509539842873 0.0031565656565656565 0.7502104377104377 0.002104377104377104 0.7561728395061728 0.0017536475869809201 0.7600308641975307 0.0017536475869809201 0.7666947250280584 0.0024551066217732885 0.773709315375982 0.004208754208754208 0.7835297418630752 0.008417508417508416 0.7863355780022446 0.01052188552188552 0.7884399551066217 0.012275533108866442 0.7919472502805835 0.015432098765432096 0.7961560044893378 0.018588664421997754 0.7993125701459035 0.021745230078563414 0.8021184062850729 0.0242003367003367 0.8042227833894501 0.02700617283950617 0.8056257014590347 0.029812008978675645 0.8066778900112233 0.03437149270482604 0.8070286195286195 0.03893097643097643 0.8066778900112233 0.04313973063973064 0.8021184062850729 0.047699214365881024 0.8010662177328843 0.050505050505050504 0.7979096520763187 0.054363075196408525 0.7944023569023568 0.057168911335578 0.7901936026936026 0.05892255892255892 0.7866863075196409 0.05962401795735129 0.7803731762065095 0.05962401795735129 0.7733585858585859 0.058571829405162736 0.7695005611672278 0.057168911335578 0.7628367003367003 0.05471380471380471 0.7558221099887766 0.05085578002244669 0.7512626262626262 0.04699775533108866
1 0.5169753086419753 0.1623877665544332 0.5162738496071829 0.15677609427609426 0.5173260381593715 0.1515151515151515 0.5194304152637486 0.14625420875420875 0.5215347923681256 0.14309764309764308 0.5253928170594837 0.1406425364758698 0.5292508417508417 0.13923961840628507 0.5345117845117844 0.13959034792368125 0.5397727272727272 0.14029180695847362 0.5425785634118967 0.14029180695847362 0.5474887766554433 0.14029180695847362 0.5516975308641975 0.14029180695847362 0.5552048260381592 0.14204545454545453 0.5587121212121212 0.14379910213243546 0.5622194163860831 0.1452020202020202 0.5653759820426487 0.14660493827160492 0.5678310886644219 0.14870931537598203 0.5716891133557799 0.15081369248035914 0.573793490460157 0.15291806958473625 0.5762485970819303 0.1553731762065095 0.5787037037037037 0.15923120089786755 0.5811588103254769 0.16273849607182939 0.5822109988776655 0.16799943883277216 0.5825617283950617 0.17255892255892255 0.5818602693602694 0.1781705948372615 0.5804573512906845 0.1820286195286195 0.5762485970819303 0.18553591470258135 0.5730920314253647 0.18693883277216608 0.5688832772166105 0.18764029180695846 0.5660774410774411 0.18764029180695846 0.5629208754208754 0.18764029180695846 0.5601150392817059 0.18693883277216608 0.5580106621773289 0.18518518518518517 0.5552048260381592 0.18343153759820424 0.550996071829405 0.18237934904601572 0.5485409652076318 0.18237934904601572 0.5439814814814814 0.1844837261503928 0.5401234567901234 0.18588664421997753 0.5376683501683501 0.18693883277216608 0.5334595959595959 0.18413299663299662 0.5296015712682379 0.1802749719416386 0.5271464646464646 0.17781986531986532 0.5229377104377104 0.1736111111111111 0.5204826038159371 0.171506734006734 0.5183782267115601 0.16729797979797978
1 0.4587542087542087 0.26304713804713803 0.4503367003367003 0.2511223344556678 0.44507575757575757 0.23954826038159371 0.44332210998877664 0.2353395061728395 0.44262065095398423 0.23183221099887766 0.4419191919191919 0.22762345679012344 0.44156846240179576 0.2241161616161616 0.4412177328843995 0.21534792368125702 0.4412177328843995 0.21043771043771045 0.4419191919191919 0.20552749719416383 0.44297138047138046 0.20131874298540964 0.44542648709315374 0.19921436588103253 0.44753086419753085 0.19816217732884397 0.44893378226711556 0.1950056116722783 0.45244107744107737 0.19255050505050506 0.4566498316498316 0.19184904601571265 0.4622615039281706 0.1914983164983165 0.470679012345679 0.19219977553310885 0.47523849607182933 0.1936026936026936 0.47734287317620644 0.19535634118967452 0.48225308641975306 0.19921436588103253 0.48681257014590346 0.20377384960718292 0.4906705948372615 0.2090347923681257 0.4938271604938271 0.21394500561167226 0.4983866442199775 0.2202581369248036 0.501192480359147 0.22622053872053868 0.5043490460157126 0.23358585858585856 0.505050505050505 0.2398989898989899 0.5054012345679012 0.2462121212121212 0.5057519640852974 0.2528759820426487 0.505050505050505 0.2588383838383838 0.5032968574635241 0.2637485970819304 0.4994388327721661 0.2672558922558922 0.4976851851851852 0.2707631874298541 0.4945286195286195 0.2732182940516274 0.4920735129068462 0.27497194163860833 0.48926767676767674 0.27637485970819303 0.48681257014590346 0.2774270482603816 0.47944725028058355 0.2756734006734006 0.4727833894500561 0.2732182940516274 0.4703282828282828 0.2721661054994388 0.4657687991021324 0.2700617283950617 0.4619107744107744 0.2672558922558922
1 0.7249579124579124 0.6316638608305275 0.7165404040404041 0.628858024691358 0.7133838383838383 0.627104377104377 0.7102272727272727 0.6239478114478114 0.7081228956228957 0.6207912457912458 0.7074214365881032 0.6162317620650953 0.7070707070707071 0.6109708193041526 0.7074214365881032 0.6071127946127945 0.7084736251402918 0.6025533108866442 0.7095258136924802 0.5986952861952861 0.7112794612794613 0.5941358024691358 0.7137345679012345 0.5899270482603816 0.7165404040404041 0.5864197530864197 0.7196969696969696 0.5836139169472503 0.7235549943883277 0.5811588103254769 0.728114478114478 0.5794051627384961 0.733726150392817 0.5769500561167227 0.7379349046015712 0.5751964085297419 0.7417929292929293 0.5734427609427609 0.7467031425364757 0.5716891133557799 0.752665544332211 0.569935465768799 0.7582772166105499 0.5688832772166105 0.7645903479236812 0.5681818181818181 0.7695005611672278 0.5678310886644219 0.7779180695847362 0.5695847362514029 0.7845819304152637 0.5723905723905723 0.787037037037037 0.5748456790123456 0.7898428731762065 0.5776515151515151 0.7919472502805835 0.5811588103254769 0.7933501683501682 0.5867704826038159 0.7940516273849607 0.5920314253647587 0.7944023569023568 0.5976430976430975 0.7919472502805835 0.6025533108866442 0.7887906846240179 0.6064113355780022 0.785283389450056 0.6109708193041526 0.779671717171717 0.615530303030303 0.7744107744107744 0.6186868686868686 0.7680976430976431 0.621492704826038 0.7624859708193041 0.6239478114478114 0.756523569023569 0.6267536475869808 0.7512626262626262 0.6285072951739619 0.7463524130190796 0.6306116722783389 0.741442199775533 0.6316638608305275 0.7372334455667789 0.6323653198653199 0.7312710437710437 0.6327160493827161
1 0.8354377104377104 0.5801066217732883 0.8291245791245792 0.5769500561167227 0.8273709315375981 0.5755471380471381 0.8259680134680134 0.5734427609427609 0.8231621773288439 0.5692340067340067 0.8221099887766553 0.5660774410774411 0.8217592592592592 0.5611672278338945 0.8217592592592592 0.5559062850729517 0.8221099887766553 0.5520482603815936 0.8231621773288439 0.547138047138047 0.825266554433221 0.5422278338945006 0.8287738496071829 0.5348625140291806 0.8322811447811448 0.5306537598204265 0.836489898989899 0.5260942760942761 0.840347923681257 0.5222362514029181 0.8452581369248036 0.5180274971941639 0.8508698092031425 0.5134680134680134 0.8554292929292928 0.5103114478114478 0.8592873176206509 0.5078563411896745 0.863496071829405 0.5061026936026936 0.8677048260381592 0.505050505050505 0.870861391694725 0.505050505050505 0.8743686868686869 0.505050505050505 0.8782267115600448 0.5068041526374859 0.8820847362514029 0.5092592592592592 0.8866442199775533 0.5106621773288439 0.8908529741863075 0.5120650953984287 0.8929573512906845 0.5148709315375981 0.8936588103254769 0.5190796857463523 0.8940095398428731 0.5250420875420875 0.8933080808080808 0.5306537598204265 0.8922558922558922 0.5359147025813692 0.8890993265993266 0.5418771043771043 0.8859427609427609 0.5467873176206509 0.882435465768799 0.5523989898989898 0.8785774410774411 0.5580106621773289 0.872965768799102 0.5650252525252525 0.8687570145903478 0.569935465768799 0.8652497194163861 0.5734427609427609 0.8613916947250281 0.5762485970819303 0.8571829405162739 0.5783529741863075 0.8529741863075196 0.5801066217732883 0.848063973063973 0.5811588103254769 0.8435044893378226 0.5815095398428731 0.8389450056116722 0.5804573512906845
1 0.8841891133557799 0.6285072951739619 0.8834876543209875 0.621141975308642 0.8841891133557799 0.6172839506172839 0.8866442199775533 0.6120230078563412 0.8883978675645341 0.6074635241301908 0.8915544332210998 0.602202581369248 0.8947109988776655 0.5969416386083052 0.8982182940516273 0.5923821548821547 0.901374859708193 0.5881734006734007 0.9045314253647586 0.585016835016835 0.9087401795735128 0.5815095398428731 0.9136503928170594 0.5776515151515151 0.9182098765432098 0.5741442199775533 0.9220679012345678 0.5723905723905723 0.9259259259259258 0.5706369248035915 0.9294332210998877 0.5695847362514029 0.9336419753086419 0.5695847362514029 0.9378507295173961 0.5702861952861953 0.9410072951739619 0.5716891133557799 0.9452160493827161 0.5755471380471381 0.9494248035914702 0.5808080808080808 0.9518799102132435 0.5871212121212122 0.9532828282828283 0.5934343434343433 0.9525813692480358 0.6029040404040403 0.9497755331088664 0.611672278338945 0.9459175084175083 0.6183361391694724 0.941358024691358 0.6260521885521885 0.9367985409652076 0.6320145903479236 0.9332912457912457 0.6358726150392816 0.9287317620650953 0.6404320987654321 0.9220679012345678 0.6456930415263749 0.916806958473625 0.6481481481481481 0.9125982042648708 0.6488496071829405 0.9083894500561166 0.6488496071829405 0.9031285072951739 0.6484988776655443 0.8999719416386083 0.6474466891133557 0.8964646464646464 0.6460437710437711 0.8936588103254769 0.6449915824915825 0.8912037037037037 0.6425364758698091 0.8894500561167227 0.6404320987654321 0.8876964085297417 0.6372755331088664
1 0.9771324354657688 0.5296015712682379 0.979587542087542 0.5264450056116723 0.9823933782267116 0.5243406285072951 0.9866021324354658 0.5222362514029181 0.9897586980920313 0.5204826038159371 0.9936167227833894 0.5197811447811448 0.9989583333333333 0.5204488460998877 0.9989583333333333 0.5892255892255892 0.992915263748597 0.5825617283950617 0.9904601571268238 0.5797558922558923 0.987303591470258 0.5765993265993266 0.9844977553310886 0.5727413019079685 0.9823933782267116 0.5685325476992144 0.9788860830527497 0.5639730639730639 0.9764309764309763 0.560465768799102 0.9746773288439955 0.554503367003367 0.9739758698092031 0.5492424242424242 0.9743265993265993 0.5425785634118967 0.9753787878787877 0.5362654320987654
1 0.46997755331088664 0.5993967452300786 0.4566498316498316 0.5916806958473625 0.4520903479236812 0.588874859708193 0.44788159371492703 0.5836139169472503 0.4461279461279461 0.5815095398428731 0.444023569023569 0.5780022446689113 0.44226992143658805 0.5751964085297419 0.43946408529741865 0.5706369248035915 0.43806116722783384 0.5671296296296297 0.43665824915824913 0.5622194163860831 0.43665824915824913 0.5573092031425364 0.43665824915824913 0.5523989898989898 0.43806116722783384 0.5478395061728395 0.44086700336700335 0.5460858585858586 0.44472502805836134 0.5425785634118967 0.4482323232323232 0.5408249158249158 0.45173961840628507 0.5387205387205386 0.4548961840628507 0.5380190796857464 0.4580527497194164 0.5376683501683501 0.4619107744107744 0.5383698092031425 0.46506734006734 0.5397727272727272 0.46892536475869806 0.541175645342312 0.47138047138047134 0.5425785634118967 0.4819023569023569 0.5516975308641975 0.48470819304152635 0.5555555555555555 0.4864618406285073 0.5562570145903478 0.4885662177328844 0.5569584736251403 0.4910213243546577 0.560465768799102 0.4927749719416386 0.5632716049382717 0.4945286195286195 0.5671296296296297 0.4962822671156004 0.5706369248035915 0.4976851851851852 0.5751964085297419 0.4990881032547699 0.5790544332210998 0.5001402918069584 0.5829124579124579 0.5001402918069584 0.5860690235690236 0.4987373737373737 0.588874859708193 0.49558080808080807 0.5923821548821547 0.4927749719416386 0.5941358024691358 0.4906705948372615 0.5972923681257014 0.48611111111111105 0.6000982042648709 0.48295454545454547 0.6011503928170594 0.47944725028058355 0.6011503928170594 0.4741863075196408 0.6015011223344556
1 0.48400673400673394 0.8059764309764309 0.48295454545454547 0.802469135802469 0.48295454545454547 0.7989618406285073 0.48470819304152635 0.7929994388327721 0.4857603815937149 0.7887906846240179 0.4875140291806958 0.7849326599326598 0.4896184062850729 0.7828282828282828 0.4927749719416386 0.7814253647586981 0.4966329966329966 0.7786195286195287 0.501192480359147 0.7765151515151515 0.5071548821548821 0.7740600448933782 0.5120650953984287 0.7730078563411896 0.5180274971941639 0.7723063973063973 0.5250420875420875 0.7716049382716048 0.5274971941638608 0.7716049382716048 0.5320566778900112 0.7726571268237934 0.535563973063973 0.7744107744107744 0.5390712682379348 0.7768658810325476 0.5415263748597082 0.7807239057239056 0.5418771043771043 0.7859848484848484 0.5415263748597082 0.7915965207631874 0.5401234567901234 0.7958052749719416 0.5383698092031425 0.8010662177328843 0.5352132435465768 0.8056257014590347 0.5324074074074073 0.8087822671156003 0.5271464646464646 0.8122895622895623 0.5215347923681256 0.8147446689113356 0.5152216610549943 0.8164983164983165 0.5078563411896745 0.8182519640852973 0.4994388327721661 0.8193041526374859 0.49487934904601566 0.8189534231200898 0.49031986531986527 0.8168490460157127 0.4857603815937149 0.8126402918069585
1 0.550645342312009 0.8929573512906845 0.541175645342312 0.8894500561167227 0.5376683501683501 0.8873456790123456 0.5352132435465768 0.8848905723905723 0.5334595959595959 0.8827861952861953 0.5310044893378226 0.8799803591470258 0.5285493827160493 0.8764730639730639 0.5271464646464646 0.8722643097643097 0.5260942760942761 0.8687570145903478 0.5257435465768798 0.8652497194163861 0.5257435465768798 0.8606902356902356 0.5267957351290684 0.8561307519640853 0.5285493827160493 0.8522727272727272 0.5324074074074073 0.8487654320987654 0.5376683501683501 0.8456088664421998 0.543280022446689 0.8431537598204264 0.5516975308641975 0.8414001122334456 0.5590628507295174 0.840347923681257 0.5664281705948373 0.8392957351290684 0.5730920314253647 0.8385942760942761 0.5815095398428731 0.8385942760942761 0.5867704826038159 0.8392957351290684 0.592732884399551 0.8410493827160493 0.5955387205387205 0.842452300785634 0.6018518518518517 0.8449074074074073 0.6057098765432098 0.8470117845117844 0.6088664421997756 0.8494668911335578 0.611672278338945 0.8522727272727272 0.613776655443322 0.8571829405162739 0.615530303030303 0.8624438832772167 0.6165824915824916 0.8687570145903478 0.6162317620650953 0.8733164983164983 0.6134259259259258 0.8782267115600448 0.6099186307519641 0.8827861952861953 0.607814253647587 0.8859427609427609 0.6053591470258136 0.8887485970819303 0.6018518518518517 0.8898007856341189 0.5972923681257014 0.8908529741863075 0.588874859708193 0.8915544332210998 0.5832631874298541 0.8922558922558922 0.5755471380471381 0.8929573512906845 0.5692340067340067 0.8933080808080808 0.5625701459034792 0.8933080808080808
1 0.659371492704826 0.8526234567901234 0.6527076318742985 0.8445566778900112 0.6509539842873175 0.840347923681257 0.6499017957351291 0.836489898989899 0.6492003367003367 0.8326318742985409 0.6492003367003367 0.8273709315375981 0.6502525252525253 0.8228114478114478 0.6527076318742985 0.8193041526374859 0.6555134680134679 0.8164983164983165 0.6583193041526375 0.813692480359147 0.6604236812570146 0.8112373737373737 0.6635802469135802 0.8084315375982043 0.6670875420875421 0.8056257014590347 0.6744528619528619 0.8059764309764309 0.6776094276094276 0.8063271604938271 0.6814674523007855 0.8073793490460157 0.6853254769921436 0.8084315375982043 0.6891835016835016 0.8101851851851851 0.6923400673400673 0.8133417508417508 0.6951459034792368 0.8161475869809203 0.6986531986531986 0.8193041526374859 0.7021604938271604 0.8224607182940515 0.7060185185185185 0.8263187429854095 0.7088243546576879 0.8312289562289562 0.7116301907968574 0.8368406285072951 0.7130331088664421 0.842452300785634 0.7112794612794613 0.8505190796857462 0.7081228956228957 0.8561307519640853 0.7035634118967452 0.8606902356902356 0.6986531986531986 0.8638468013468013 0.6937429854096521 0.8645482603815936 0.6877805836139169 0.8656004489337822 0.6825196408529741 0.8656004489337822 0.6793630751964085 0.8656004489337822 0.6751543209876544 0.8645482603815936 0.6709455667789002 0.8624438832772167 0.6670875420875421 0.8589365881032547 0.663229517396184 0.8564814814814814
1 0.8382435465768798 0.7260101010101009 0.8312289562289562 0.7130331088664421 0.83087822671156 0.7081228956228957 0.8305274971941637 0.7018097643097643 0.8305274971941637 0.6958473625140292 0.8305274971941637 0.6895342312008979 0.8312289562289562 0.6846240179573512 0.8326318742985409 0.6797138047138046 0.8343855218855218 0.6755050505050505 0.836489898989899 0.6705948372615039 0.8406986531986532 0.6660353535353535 0.8459595959595958 0.6628787878787878 0.85016835016835 0.6614758698092031 0.8547278338945005 0.6611251402918069 0.8606902356902356 0.6611251402918069 0.8652497194163861 0.6618265993265993 0.8694584736251403 0.6639309764309763 0.870861391694725 0.6674382716049382 0.8726150392817059 0.6712962962962963 0.8747194163860831 0.6758557800224466 0.8764730639730639 0.6800645342312008 0.8789281705948373 0.6849747474747474 0.8810325476992144 0.689884960718294 0.8827861952861953 0.6947951739618407 0.8841891133557799 0.7000561167227833 0.8845398428731761 0.7063692480359146 0.8848905723905723 0.7133838383838383 0.8845398428731761 0.7207491582491582 0.882435465768799 0.7277637485970819 0.8803310886644219 0.7340768799102132 0.8771745230078563 0.7393378226711559 0.872965768799102 0.7421436588103254 0.8673540965207631 0.7435465768799101 0.8599887766554433 0.7438973063973063 0.8543771043771042 0.7438973063973063 0.849817620650954 0.7421436588103254 0.8456088664421998 0.7393378226711559 0.8428030303030302 0.7365319865319865
1 0.9115460157126823 0.8231621773288439 0.9045314253647586 0.8108866442199775 0.9020763187429853 0.8049242424242423 0.8996212121212122 0.7975589225589225 0.8985690235690236 0.7912457912457912 0.8985690235690236 0.7842312008978675 0.8989197530864197 0.7772166105499438 0.8989197530864197 0.7709034792368126 0.8996212121212122 0.7666947250280584 0.9024270482603816 0.7631874298540964 0.9062850729517395 0.7617845117845118 0.9104938271604938 0.7614337822671156 0.9164562289562289 0.7614337822671156 0.9220679012345678 0.7614337822671156 0.9269781144781144 0.7628367003367003 0.9325897867564534 0.765993265993266 0.9364478114478114 0.7684483726150392 0.9406565656565656 0.7726571268237934 0.9445145903479236 0.7761644219977553 0.947320426487093 0.779320987654321 0.9529320987654321 0.7859848484848484 0.958543771043771 0.7958052749719416 0.9609988776655443 0.8007154882154881 0.9631032547699213 0.8052749719416386 0.9652076318742985 0.8105359147025814 0.9676627384960718 0.8161475869809203 0.9697671156004489 0.821408529741863 0.9704685746352413 0.8287738496071829 0.9690656565656565 0.8368406285072951 0.9662598204264871 0.842452300785634 0.9620510662177328 0.8470117845117844 0.9557379349046015 0.8491161616161615 0.9490740740740741 0.85016835016835 0.9441638608305275 0.85016835016835 0.9371492704826038 0.8487654320987654 0.9325897867564534 0.8459595959595958 0.9269781144781144 0.8417508417508418 0.9220679012345678 0.8361391694725028 0.9182098765432098 0.8315796857463523
1 0.4531425364758698 0.9539842873176206 0.44682940516273845 0.9483726150392816 0.44472502805836134 0.9455667789001122 0.4419191919191919 0.9417087542087541 0.43946408529741865 0.9371492704826038 0.43876262626262624 0.9343434343434343 0.43841189674523007 0.9283810325476992 0.44016554433221095 0.9245230078563412 0.4419191919191919 0.9206649831649831 0.4436728395061728 0.916806958473625 0.4457772166105499 0.9132996632996632 0.4471801346801347 0.91084455667789 0.44998597081930414 0.9083894500561166 0.4531425364758698 0.9073372615039281 0.4566498316498316 0.9066358024691358 0.4615600448933782 0.9066358024691358 0.46682098765432095 0.9069865319865319 0.4703282828282828 0.9076879910213244 0.47453703703703703 0.9094416386083052 0.4797979797979798 0.9118967452300786 0.48400673400673394 0.914702581369248 0.48891694725028056 0.918560606060606 0.4927749719416386 0.9224186307519641 0.4962822671156004 0.926276655443322 0.4997895622895623 0.93013468013468 0.5022446689113356 0.9336419753086419 0.5043490460157126 0.9382014590347922 0.5054012345679012 0.9431116722783389 0.5057519640852974 0.9483726150392816 0.5057519640852974 0.9539842873176206 0.5046997755331089 0.958543771043771 0.5029461279461279 0.9631032547699213 0.5004910213243546 0.9666105499438832 0.4959315375982042 0.9694163860830527 0.4906705948372615 0.9704685746352413 0.48365600448933777 0.9708193041526374 0.47523849607182933 0.970117845117845 0.4703282828282828 0.9683641975308641 0.4657687991021324 0.9655583613916947 0.46261223344556673 0.9631032547699213 0.4591049382716049 0.9606481481481481 0.4548961840628507 0.9571408529741863
1 0.5601150392817059 0.9897586980920313 0.5548540965207632 0.9876543209876542 0.5523989898989898 0.9844977553310886 0.5492424242424242 0.9799382716049382 0.5467873176206509 0.9753787878787877 0.5457351290684624 0.9704685746352413 0.5457351290684624 0.9648569023569024 0.5464365881032548 0.9581930415263749 0.5478395061728395 0.9536335578002244 0.5520482603815936 0.9490740740740741 0.5573092031425364 0.9459175084175083 0.5618686868686869 0.9452160493827161 0.5695847362514029 0.9452160493827161 0.5751964085297419 0.9459175084175083 0.5808080808080808 0.9480218855218855 0.5853675645342311 0.9490740740740741 0.5902777777777778 0.9511784511784511 0.5958894500561167 0.9539842873176206 0.5993967452300786 0.9571408529741863 0.6025533108866442 0.9613496071829405 0.606060606060606 0.9662598204264871 0.6088664421997756 0.9711700336700335 0.6102693602693602 0.9774831649831649 0.6095679012345678 0.9837962962962962 0.6067620650953984 0.9887065095398427 0.6029040404040403 0.992915263748597 0.5986952861952861 0.9939674523007855 0.5944865319865319 0.9943181818181818 0.5895763187429853 0.9950196408529741 0.585016835016835 0.9950196408529741 0.5787037037037037 0.9950196408529741 0.5730920314253647 0.9936167227833894 0.5671296296296297 0.9915123456790123 0.5650252525252525 0.9908108866442199
1 0.6709455667789002 0.9224186307519641 0.6741021324354658 0.9206649831649831 0.676557239057239 0.9196127946127945 0.6797138047138046 0.9182098765432098 0.6835718294051627 0.9171576879910213 0.6870791245791246 0.9171576879910213 0.6909371492704826 0.9175084175084174 0.6940937149270482 0.9182098765432098 0.6979517396184062 0.9199635241301908 0.7007575757575757 0.9210157126823793 0.7042648709315376 0.9227693602693602 0.7077721661054994 0.926276655443322 0.7095258136924802 0.9294332210998877 0.7109287317620651 0.933992704826038 0.7123316498316499 0.9399551066217733 0.7130331088664421 0.9462682379349044 0.7130331088664421 0.9546857463524129 0.7119809203142536 0.9641554433221099 0.7091750841750841 0.9736251402918069 0.7060185185185185 0.9816919191919191 0.7025112233445566 0.9883557800224466 0.6979517396184062 0.9932659932659932 0.6944444444444444 0.9964225589225588 0.6905864197530864 0.9981762065095398 0.686026936026936 0.998526936026936 0.6800645342312008 0.998526936026936 0.6741021324354658 0.9978254769921436 0.6691919191919191 0.9960718294051626 0.6642817059483725 0.992915263748597 0.659371492704826 0.9883557800224466 0.6579685746352413 0.9827441077441077 0.657617845117845 0.9767817059483725 0.6572671156004489 0.9711700336700335 0.6579685746352413 0.9652076318742985 0.6586700336700336 0.9602974186307519 0.6597222222222221 0.9550364758698091 0.6614758698092031 0.9476711560044893 0.6625280583613917 0.9427609427609427 0.6646324354657688 0.9374999999999999 0.6663860830527497 0.9329405162738496 0.6681397306397305 0.9287317620650953
1 0.04419191919191919 0.9830948372615039 0.04980359147025813 0.9802890011223344 0.05296015712682379 0.9785353535353535 0.056467452300785634 0.9764309764309763 0.05997474747474747 0.9760802469135802 0.06383277216610549 0.9760802469135802 0.06944444444444443 0.9764309764309763 0.07400392817059484 0.9774831649831649 0.07926487093153758 0.9802890011223344 0.08312289562289561 0.9823933782267116 0.08873456790123456 0.985199214365881 0.09294332210998876 0.9887065095398427 0.0968013468013468 0.9915123456790123 0.10136083052749718 0.9939674523007855 0.10521885521885523 0.9964225589225588 0.10578236064347175 0.9989583333333333 0.03998316498316498 0.998526936026936 0.04138608305274972 0.9897586980920313
1 0.20482603815937148 0.9066358024691358 0.1999158249158249 0.9189113355780022 0.19746071829405162 0.9224186307519641 0.19465488215488216 0.9266273849607182 0.19219977553310885 0.9297839506172838 0.1890432098765432 0.9336419753086419 0.18588664421997753 0.9367985409652076 0.18132716049382716 0.9403058361391694 0.17466329966329966 0.9424102132435465 0.16870089786756454 0.943462401795735 0.1623877665544332 0.9431116722783389 0.1560746352413019 0.9410072951739619 0.14941077441077438 0.9378507295173961 0.14414983164983164 0.9336419753086419 0.14134399551066218 0.928030303030303 0.1406425364758698 0.920314253647587 0.14204545454545453 0.9132996632996632 0.14414983164983164 0.9076879910213244 0.14555274971941637 0.9034792368125701 0.1473063973063973 0.897516835016835 0.14870931537598203 0.8936588103254769 0.15116442199775534 0.8894500561167227 0.15432098765432098 0.8834876543209875 0.15642536475869806 0.8810325476992144 0.1602833894500561 0.8761223344556677 0.16379068462401794 0.872965768799102 0.16764870931537598 0.870861391694725 0.1732603815937149 0.8680555555555555 0.17852132435465767 0.8666526374859708 0.1844837261503928 0.8659511784511784 0.1890432098765432 0.8659511784511784 0.19255050505050506 0.8677048260381592 0.19605780022446687 0.8694584736251403 0.19956509539842873 0.8722643097643097 0.2023709315375982 0.8761223344556677 0.20377384960718292 0.8806818181818181 0.2044753086419753 0.8859427609427609 0.2044753086419753 0.8926066217732883 0.2044753086419753 0.8996212121212122
1 0.3174102132435465 0.8827861952861953 0.3195145903479236 0.8764730639730639 0.32091750841750843 0.8726150392817059 0.3226711560044893 0.8684062850729517 0.3247755331088664 0.8648989898989898 0.32828282828282823 0.8603395061728395 0.3317901234567901 0.8564814814814814 0.3363496071829405 0.8529741863075196 0.34125982042648706 0.849817620650954 0.3447671156004489 0.8473625140291806 0.3479236812570146 0.8452581369248036 0.3517817059483726 0.8431537598204264 0.3542368125701459 0.8421015712682378 0.3573933782267115 0.8410493827160493 0.3598484848484848 0.8410493827160493 0.36370650953984285 0.8410493827160493 0.36826599326599324 0.8428030303030302 0.3731762065095398 0.8445566778900112 0.3777356902356902 0.8470117845117844 0.3798400673400673 0.849817620650954 0.3819444444444444 0.8533249158249158 0.3836980920314253 0.8568322109988776 0.3843995510662177 0.8624438832772167 0.3847502805836139 0.8663019079685746 0.3847502805836139 0.869107744107744 0.3847502805836139 0.8740179573512906 0.3847502805836139 0.8785774410774411 0.38404882154882153 0.8834876543209875 0.3822951739618406 0.8905022446689113 0.3801907968574635 0.8954124579124579 0.37703423120089785 0.9010241301907967 0.37282547699214363 0.9076879910213244 0.36826599326599324 0.9125982042648708 0.36125140291806956 0.9182098765432098 0.35493827160493824 0.9227693602693602 0.34827441077441074 0.9269781144781144 0.3437149270482604 0.9294332210998877 0.3384539842873176 0.9308361391694724 0.3321408529741863 0.9304854096520763 0.32547699214365877 0.9276795735129068 0.32021604938271603 0.924172278338945 0.3181116722783389 0.9189113355780022 0.31705948372615034 0.914702581369248 0.3167087542087542 0.9094416386083052 0.31635802469135804 0.9038299663299664 0.31635802469135804 0.8992704826038159 0.3167087542087542 0.8926066217732883
1 0.01999158249158249 0.8673540965207631 0.031214927048260382 0.8620931537598204 0.03542368125701459 0.8603395061728395 0.040333894500561164 0.8589365881032547 0.04524410774410774 0.8578843995510662 0.05155723905723906 0.8571829405162739 0.057870370370370364 0.8568322109988776 0.06313131313131312 0.8568322109988776 0.06663860830527497 0.8568322109988776 0.07049663299663299 0.85753367003367 0.07400392817059484 0.859638047138047 0.07786195286195285 0.8627946127946127 0.08101851851851852 0.8670033670033669 0.0834736251402918 0.8715628507295173 0.08452581369248034 0.8768237934904601 0.08522727272727272 0.8831369248035915 0.08522727272727272 0.8890993265993266 0.08382435465768799 0.8922558922558922 0.08066778900112233 0.8957631874298541 0.07786195286195285 0.8989197530864197 0.07400392817059484 0.9020763187429853 0.07049663299663299 0.905232884399551 0.06488496071829404 0.909090909090909 0.05751964085297419 0.912948933782267 0.04980359147025813 0.9150533108866442 0.04138608305274972 0.9161054994388328 0.03577441077441077 0.9164562289562289 0.030864197530864192 0.9164562289562289 0.025252525252525252 0.9150533108866442 0.017536475869809203 0.9115460157126823 0.01052188552188552 0.9080387205387205 0.00526094276094276 0.9045314253647586 0.0031565656565656565 0.9020763187429853 0.0007014590347923681 0.8968153759820425 0.0007014590347923681 0.8915544332210998 0.002104377104377104 0.8873456790123456 0.003858024691358024 0.8834876543209875 0.005611672278338945 0.8799803591470258 0.008066778900112233 0.8761223344556677 0.01122334455667789 0.872965768799102 0.01648428731762065 0.869107744107744
1 0.22481762065095398 0.8161475869809203 0.21604938271604937 0.8217592592592592 0.21043771043771045 0.8256172839506172 0.20517676767676768 0.827020202020202 0.2016694725028058 0.8284231200897867 0.19746071829405162 0.8291245791245792 0.19184904601571265 0.8294753086419752 0.18834175084175084 0.8294753086419752 0.18553591470258135 0.8284231200897867 0.17957351290684623 0.8228114478114478 0.17781986531986532 0.8196548821548821 0.1760662177328844 0.8154461279461279 0.17431257014590346 0.8115881032547699 0.17220819304152635 0.8066778900112233 0.17045454545454544 0.8014169472502805 0.1697530864197531 0.7947530864197531 0.1711560044893378 0.7877384960718294 0.1739618406285073 0.7824775533108866 0.17746913580246912 0.7775673400673401 0.18097643097643096 0.7747615039281706 0.18483445566778897 0.773709315375982 0.1907968574635241 0.7730078563411896 0.19746071829405162 0.7730078563411896 0.2044753086419753 0.7740600448933782 0.2107884399551066 0.7761644219977553 0.21499719416386082 0.7779180695847362 0.21815375982042648 0.7803731762065095 0.22095959595959594 0.7835297418630752 0.22306397306397305 0.787037037037037 0.22516835016835016 0.7905443322109988 0.2269219977553311 0.7958052749719416 0.2269219977553311 0.8014169472502805 0.22622053872053868 0.8066778900112233 0.22551907968574633 0.8108866442199775
1 0.2023709315375982 0.6919893378226711 0.20517676767676768 0.6888327721661054 0.20798260381593714 0.6856762065095398 0.21184062850729515 0.684273288439955 0.21780303030303028 0.6835718294051627 0.22446689113355778 0.6835718294051627 0.22937710437710435 0.684273288439955 0.23463804713804712 0.686026936026936 0.2391975308641975 0.6877805836139169 0.24130190796857462 0.6902356902356902 0.24340628507295173 0.6944444444444444 0.245861391694725 0.6983024691358024 0.2479657687991021 0.703212682379349 0.24901795735129065 0.7063692480359146 0.2504208754208754 0.7109287317620651 0.2521745230078563 0.7161896745230079 0.2528759820426487 0.7218013468013467 0.2532267115600449 0.7267115600448933 0.2532267115600449 0.7319725028058361 0.25147306397306396 0.7386363636363635 0.2483164983164983 0.7442480359147026 0.24480920314253646 0.7477553310886643 0.23814534231200896 0.7512626262626262 0.22937710437710435 0.7540684624017957 0.2269219977553311 0.7544191919191919 0.21990740740740738 0.7502104377104377 0.21429573512906847 0.7453002244668911 0.21008698092031425 0.7386363636363635 0.2072811447811448 0.733726150392817 0.20482603815937148 0.7284652076318743 0.20202020202020202 0.7203984287317621 0.20096801346801346 0.7137345679012345 0.20061728395061726 0.7060185185185185 0.20061728395061726 0.699354657687991
1 0.11293490460157127 0.7340768799102132 0.11749438832772166 0.7242564534231201 0.12030022446689112 0.7218013468013467 0.12205387205387204 0.7189955106621773 0.1252104377104377 0.7165404040404041 0.1294191919191919 0.7140852974186307 0.13292648709315374 0.7123316498316499 0.13713524130190796 0.7123316498316499 0.14204545454545453 0.712682379349046 0.14555274971941637 0.7133838383838383 0.1497615039281706 0.7154882154882155 0.15291806958473625 0.718644781144781 0.15467171717171715 0.7228535353535352 0.1560746352413019 0.729868125701459 0.15677609427609426 0.7361812570145904 0.15677609427609426 0.7417929292929293 0.15502244668911336 0.7484567901234568 0.15326879910213245 0.7533670033670034 0.15081369248035914 0.7575757575757576 0.14835858585858583 0.760381593714927 0.14555274971941637 0.7635381593714926 0.14169472502805835 0.7673961840628506 0.13678451178451176 0.7702020202020202 0.13292648709315374 0.7726571268237934 0.13082210998877664 0.7747615039281706 0.12626262626262624 0.7768658810325476 0.12380751964085297 0.7768658810325476 0.1185465768799102 0.7754629629629629 0.11293490460157127 0.7730078563411896 0.10942760942760942 0.7702020202020202 0.10872615039281705 0.7638888888888888 0.10942760942760942 0.7589786756453422 0.1097783389450056 0.7533670033670034 0.11047979797979797 0.7491582491582491 0.11083052749719416 0.7435465768799101
1 0.2949635241301908 0.7319725028058361 0.28865039281705945 0.7284652076318743 0.2774270482603816 0.718644781144781 0.2732182940516274 0.7151374859708193 0.2704124579124579 0.7112794612794613 0.2690095398428732 0.7088243546576879 0.2679573512906846 0.7042648709315376 0.2672558922558922 0.7000561167227833 0.2672558922558922 0.6972502805836138 0.2683080808080808 0.6926907968574635 0.2683080808080808 0.688131313131313 0.26971099887766553 0.6849747474747474 0.2714646464646464 0.682168911335578 0.27391975308641975 0.6793630751964085 0.2767255892255892 0.6769079685746352 0.27988215488215484 0.6751543209876544 0.28268799102132436 0.6737514029180696 0.2868967452300785 0.6730499438832772 0.29145622895622897 0.6730499438832772 0.2963664421997755 0.6730499438832772 0.3012766554433221 0.6730499438832772 0.3044332210998878 0.6741021324354658 0.3082912457912458 0.6751543209876544 0.3114478114478114 0.6769079685746352 0.3146043771043771 0.6786616161616161 0.3184624017957351 0.680415263748597 0.32161896745230073 0.682168911335578 0.32582772166105495 0.6839225589225588 0.3293350168350168 0.6863776655443322 0.33249158249158245 0.6888327721661054 0.33459595959595956 0.691638608305275 0.33670033670033667 0.6944444444444444 0.33915544332210995 0.69760101010101 0.3419612794612794 0.7018097643097643 0.3440656565656565 0.7056677890011223 0.3458193041526375 0.7088243546576879 0.3465207631874298 0.7137345679012345 0.3447671156004489 0.7172418630751963 0.3419612794612794 0.7210998877665544 0.3409090909090909 0.7260101010101009 0.3409090909090909 0.7305695847362513 0.3409090909090909 0.733726150392817 0.33810325476992137 0.7365319865319865 0.3349466891133558 0.7375841750841751 0.32898428731762064 0.7389870931537598 0.3195145903479236 0.7396885521885521 0.3100448933782267 0.7368827160493827 0.3044332210998878 0.7354797979797979
1 0.37387766554433216 0.729868125701459 0.3710718294051627 0.7232042648709315 0.3707210998877665 0.7193462401795735 0.37037037037037035 0.7137345679012345 0.3710718294051627 0.7098765432098765 0.3721240179573513 0.705317059483726 0.3731762065095398 0.701459034792368 0.37492985409652074 0.6965488215488215 0.377384960718294 0.691638608305275 0.3794893378226711 0.6867283950617283 0.3819444444444444 0.6828703703703703 0.3851010101010101 0.6793630751964085 0.3879068462401795 0.676557239057239 0.3910634118967452 0.6737514029180696 0.3952721661054994 0.6705948372615039 0.40018237934904594 0.6674382716049382 0.40509259259259256 0.6653338945005611 0.4093013468013468 0.6639309764309763 0.41386083052749717 0.663229517396184 0.417368125701459 0.6635802469135802 0.42052469135802467 0.6653338945005611 0.42333052749719413 0.6674382716049382 0.4257856341189674 0.6691919191919191 0.4292929292929292 0.6723484848484848 0.43139730639730633 0.6755050505050505 0.4328002244668911 0.6793630751964085 0.4328002244668911 0.6849747474747474 0.43209876543209874 0.6905864197530864 0.4292929292929292 0.6961980920314254 0.4271885521885521 0.7004068462401796 0.4247334455667789 0.7046156004489338 0.4222783389450056 0.7091750841750841 0.42052469135802467 0.7123316498316499 0.4180695847362514 0.7161896745230079 0.41386083052749717 0.7203984287317621 0.4107042648709315 0.7232042648709315 0.40859988776655437 0.7253086419753086 0.4012345679012345 0.7302188552188551 0.3956228956228956 0.733726150392817 0.38930976430976433 0.7358305274971941 0.3847502805836139 0.7361812570145904 0.3780864197530864 0.7354797979797979
1 0.2311307519640853 0.6239478114478114 0.22306397306397305 0.6190375982042648 0.21990740740740738 0.6141273849607182 0.21780303030303028 0.6071127946127945 0.21640011223344555 0.5969416386083052 0.21604938271604937 0.5867704826038159 0.21675084175084172 0.5783529741863075 0.21920594837261503 0.5692340067340067 0.22166105499438832 0.5639730639730639 0.22446689113355778 0.558361391694725 0.22727272727272724 0.5552048260381592 0.2290263748597082 0.5541526374859708 0.2311307519640853 0.5531004489337822 0.23393658810325477 0.5523989898989898 0.23814534231200896 0.5523989898989898 0.24410774410774408 0.5523989898989898 0.2483164983164983 0.5534511784511784 0.25357744107744107 0.5552048260381592 0.25918911335578004 0.5587121212121212 0.2633978675645342 0.5622194163860831 0.2665544332210999 0.5671296296296297 0.2690095398428732 0.5716891133557799 0.2711139169472503 0.5773007856341189 0.272516835016835 0.5843153759820425 0.2728675645342312 0.5930836139169472 0.272516835016835 0.5993967452300786 0.2714646464646464 0.6071127946127945 0.2700617283950617 0.613776655443322 0.2683080808080808 0.6172839506172839 0.2658529741863075 0.619388327721661 0.2619949494949495 0.621492704826038 0.2577861952861953 0.6225448933782266 0.2528759820426487 0.6242985409652076 0.2486672278338945 0.6253507295173962 0.24340628507295173 0.627104377104377 0.2391975308641975 0.6274551066217733 0.23463804713804712 0.627104377104377
1 0.35493827160493824 0.6246492704826038 0.350729517396184 0.6095679012345678 0.3496773288439955 0.6032547699214366 0.3486251402918069 0.5979938271604938 0.3489758698092031 0.5930836139169472 0.35002805836139167 0.5885241301907967 0.3514309764309764 0.585016835016835 0.35283389450056113 0.5811588103254769 0.3542368125701459 0.5773007856341189 0.35563973063973064 0.5727413019079685 0.3573933782267115 0.5681818181818181 0.35914702581369246 0.5643237934904601 0.36090067340067333 0.5615179573512906 0.36370650953984285 0.5587121212121212 0.36651234567901236 0.5576599326599326 0.37037037037037035 0.5569584736251403 0.37703423120089785 0.5576599326599326 0.3822951739618406 0.5587121212121212 0.386854657687991 0.5608164983164983 0.3896604938271605 0.5639730639730639 0.3924663299663299 0.5688832772166105 0.39421997755331084 0.573793490460157 0.3952721661054994 0.5783529741863075 0.3959736251402918 0.5818602693602694 0.3977272727272727 0.5878226711560045 0.39842873176206506 0.592732884399551 0.39877946127946123 0.5962401795735129 0.39913019079685746 0.602202581369248 0.3980780022446689 0.6067620650953984 0.39632435465768795 0.6109708193041526 0.39492143658810325 0.6144781144781144 0.3924663299663299 0.6183361391694724 0.3889590347923681 0.6242985409652076 0.38615319865319864 0.6281565656565656 0.3819444444444444 0.6306116722783389 0.37703423120089785 0.6313131313131313 0.36791526374859707 0.6320145903479236 0.364057239057239 0.6320145903479236 0.3605499438832772 0.6306116722783389 0.35669191919191917 0.6285072951739619
1 0.07716049382716049 0.5990460157126823 0.07435465768799102 0.5930836139169472 0.07400392817059484 0.5899270482603816 0.07365319865319865 0.5864197530864197 0.07330246913580246 0.5832631874298541 0.07295173961840629 0.5776515151515151 0.0750561167227834 0.5709876543209876 0.07821268237934903 0.5674803591470258 0.08277216610549944 0.5646745230078563 0.08873456790123456 0.5622194163860831 0.09504769921436587 0.5601150392817059 0.09960718294051626 0.5601150392817059 0.10451739618406285 0.5601150392817059 0.11083052749719416 0.5601150392817059 0.11679292929292928 0.5601150392817059 0.12275533108866442 0.5601150392817059 0.12696408529741862 0.560465768799102 0.13257575757575757 0.5615179573512906 0.13923961840628507 0.5629208754208754 0.14309764309764308 0.5632716049382717 0.14660493827160492 0.5646745230078563 0.1501122334455668 0.5667789001122334 0.15326879910213245 0.569935465768799 0.1557239057239057 0.5727413019079685 0.15782828282828282 0.5762485970819303 0.15958193041526372 0.5808080808080808 0.16063411896745228 0.5864197530864197 0.16063411896745228 0.5948372615039281 0.15852974186307517 0.6015011223344556 0.15502244668911336 0.6067620650953984 0.1501122334455668 0.6106200897867564 0.14239618406285073 0.613776655443322 0.13503086419753085 0.615530303030303 0.1252104377104377 0.6172839506172839 0.1185465768799102 0.6172839506172839 0.1097783389450056 0.6162317620650953 0.09960718294051626 0.6144781144781144 0.09329405162738495 0.6127244668911336 0.0859287317620651 0.6095679012345678 0.08242143658810325 0.6067620650953984 0.07961560044893377 0.6018518518518517
1 0.280232884399551 0.5274971941638608 0.2676066217732884 0.5274971941638608 0.26304713804713803 0.5274971941638608 0.2567340067340067 0.5260942760942761 0.2525252525252525 0.5232884399551065 0.24971941638608305 0.5183782267115601 0.24726430976430974 0.5124158249158248 0.2462121212121212 0.5061026936026936 0.2462121212121212 0.5001402918069584 0.24901795735129065 0.4966329966329966 0.2525252525252525 0.4924242424242424 0.2549803591470258 0.4896184062850729 0.2612934904601571 0.48365600448933777 0.2633978675645342 0.48014870931537595 0.2658529741863075 0.47593995510662174 0.268658810325477 0.47453703703703703 0.272516835016835 0.47383557800224463 0.2791806958473625 0.46997755331088664 0.2833894500561167 0.4675224466891133 0.28865039281705945 0.4654180695847362 0.29180695847362514 0.46471661054994384 0.29671717171717166 0.46471661054994384 0.3012766554433221 0.46471661054994384 0.3051346801346801 0.46471661054994384 0.30864197530864196 0.4661195286195286 0.3121492704826038 0.4682239057239057 0.31565656565656564 0.4727833894500561 0.3174102132435465 0.478395061728395 0.3181116722783389 0.4833052749719416 0.3181116722783389 0.4885662177328844 0.31705948372615034 0.4931257014590348 0.31495510662177323 0.4983866442199775 0.3128507295173961 0.5032968574635241 0.3096941638608305 0.5082070707070706 0.3058361391694725 0.5120650953984287 0.3012766554433221 0.5162738496071829 0.2963664421997755 0.5201318742985409 0.29145622895622897 0.5232884399551065 0.2854938271604938 0.5257435465768798
1 0.41631593714927045 0.5201318742985409 0.41175645342312006 0.5162738496071829 0.4100028058361392 0.5127665544332211 0.4093013468013468 0.5082070707070706 0.40965207631874295 0.5025953984287317 0.41175645342312006 0.49698372615039277 0.4145622895622896 0.49172278338945 0.4180695847362514 0.4875140291806958 0.4215768799102132 0.48365600448933777 0.4257856341189674 0.48014870931537595 0.43069584736251404 0.47664141414141414 0.43525533108866443 0.4731341189674522 0.4405162738496072 0.4696268237934904 0.4457772166105499 0.46682098765432095 0.45103815937149266 0.4640151515151515 0.45559764309764306 0.46261223344556673 0.4619107744107744 0.46261223344556673 0.46682098765432095 0.4636644219977553 0.4717312008978675 0.4664702581369248 0.47734287317620644 0.4703282828282828 0.48049943883277213 0.4762906846240179 0.48049943883277213 0.48155162738496066 0.47804433221099885 0.48681257014590346 0.4748877665544332 0.4927749719416386 0.470679012345679 0.4980359147025813 0.4661195286195286 0.5025953984287317 0.46261223344556673 0.5068041526374859 0.4584034792368125 0.5113636363636364 0.4503367003367003 0.516624579124579 0.44507575757575757 0.5190796857463523 0.43630751964085296 0.5218855218855218 0.4303451178451178 0.5225869809203142 0.42052469135802467 0.5225869809203142
1 0.05471380471380471 0.47874579124579125 0.04734848484848485 0.4731341189674522 0.04419191919191919 0.46892536475869806 0.04138608305274972 0.46471661054994384 0.03963243546576879 0.4584034792368125 0.038580246913580245 0.45173961840628507 0.038580246913580245 0.44332210998877664 0.03963243546576879 0.43735970819304154 0.04243827160493827 0.43209876543209874 0.046296296296296294 0.4292929292929292 0.05120650953984287 0.4271885521885521 0.0592732884399551 0.4261363636363636 0.06558641975308642 0.4261363636363636 0.07084736251402918 0.4261363636363636 0.07540684624017957 0.4271885521885521 0.07961560044893377 0.4292929292929292 0.08277216610549944 0.4324494949494949 0.0855780022446689 0.4349046015712682 0.08838383838383838 0.4391133557800224 0.0901374859708193 0.44156846240179576 0.09329405162738495 0.44542648709315374 0.09539842873176205 0.4485830527497194 0.09785353535353535 0.45244107744107737 0.10065937149270482 0.4570005611672278 0.10171156004489337 0.4622615039281706 0.10101010101010101 0.4682239057239057 0.09855499438832771 0.47348484848484845 0.09574915824915825 0.47804433221099885 0.09259259259259259 0.4812008978675645 0.08838383838383838 0.48400673400673394 0.08136924803591469 0.4864618406285073 0.07610830527497195 0.48681257014590346 0.07119809203142537 0.4864618406285073 0.06348204264870931 0.48435746352413017
1 0.13538159371492706 0.4229797979797979 0.12065095398428731 0.41526374859708187 0.11503928170594838 0.4114057239057239 0.11223344556677889 0.40965207631874295 0.10767396184062851 0.40614478114478114 0.10381593714927047 0.4026374859708193 0.10101010101010101 0.39842873176206506 0.0989057239057239 0.39211560044893373 0.09820426487093153 0.3851010101010101 0.0989057239057239 0.3794893378226711 0.10101010101010101 0.37598204264870927 0.10521885521885523 0.37247474747474746 0.11293490460157127 0.36861672278338947 0.1185465768799102 0.3675645342312009 0.12591189674523007 0.3675645342312009 0.13327721661054995 0.3675645342312009 0.14029180695847362 0.36861672278338947 0.14625420875420875 0.3700196408529742 0.1522166105499439 0.3714225589225589 0.15782828282828282 0.3731762065095398 0.1648428731762065 0.37598204264870927 0.17010381593714924 0.3787878787878788 0.17431257014590346 0.3822951739618406 0.17781986531986532 0.386854657687991 0.1799242424242424 0.3914141414141414 0.18167789001122334 0.39702581369248036 0.18308080808080807 0.4033389450056116 0.18308080808080807 0.40824915824915825 0.18237934904601572 0.41245791245791247 0.1802749719416386 0.41631593714927045 0.17711840628507294 0.4194725028058361 0.17255892255892255 0.42333052749719413 0.16835016835016833 0.425084175084175 0.1648428731762065 0.4264870931537598 0.15852974186307517 0.4271885521885521 0.15291806958473625 0.4271885521885521 0.14660493827160492 0.4271885521885521 0.14204545454545453 0.426837822671156
1 0.2525252525252525 0.3426627384960718 0.2511223344556678 0.3342452300785634 0.2511223344556678 0.32828282828282823 0.2507716049382716 0.32372334455667784 0.2504208754208754 0.3181116722783389 0.25147306397306396 0.3072390572390572 0.2521745230078563 0.3026795735129068 0.2532267115600449 0.2984708193041526 0.2546296296296296 0.29531425364758696 0.25708473625140293 0.29180695847362514 0.25953984287317616 0.28865039281705945 0.2623456790123457 0.28654601571268234 0.2655022446689113 0.2837401795735129 0.268658810325477 0.28268799102132436 0.2728675645342312 0.28163580246913583 0.2781285072951739 0.28163580246913583 0.28303872053872053 0.28268799102132436 0.2868967452300785 0.28444163860830524 0.28935185185185186 0.28724747474747475 0.2956649831649832 0.29741863075196406 0.29776936026936024 0.3016273849607183 0.3009259259259259 0.3093434343434343 0.3023288439955107 0.3128507295173961 0.3037317620650954 0.3174102132435465 0.3047839506172839 0.32196969696969696 0.3047839506172839 0.32582772166105495 0.3051346801346801 0.3314393939393939 0.30408249158249157 0.3416105499438833 0.3002244668911336 0.3531846240179573 0.29741863075196406 0.35809483726150393 0.2942620650953984 0.36160213243546574 0.29110549943883274 0.36440796857463525 0.28724747474747475 0.36651234567901236 0.2833894500561167 0.36791526374859707 0.2795314253647587 0.36861672278338947 0.27497194163860833 0.36861672278338947 0.2707631874298541 0.36826599326599324 0.2672558922558922 0.3675645342312009 0.26269640852974185 0.3654601571268238 0.25848765432098764 0.36230359147025815 0.25638327721661053 0.3573933782267115 0.2549803591470258 0.35353535353535354
1 0.1602833894500561 0.3184624017957351 0.15326879910213245 0.30864197530864196 0.14835858585858583 0.29776936026936024 0.14695566778900113 0.29145622895622897 0.14695566778900113 0.28619528619528617 0.14695566778900113 0.2795314253647587 0.14800785634118968 0.2732182940516274 0.14906004489337824 0.2683080808080808 0.1497615039281706 0.26304713804713803 0.15116442199775534 0.2577861952861953 0.1560746352413019 0.24901795735129065 0.15817901234567902 0.24726430976430974 0.16273849607182939 0.24340628507295173 0.16729797979797978 0.2416526374859708 0.17290965207631875 0.24130190796857462 0.17781986531986532 0.24095117845117844 0.18237934904601572 0.24200336700336697 0.18693883277216608 0.24445847362514028 0.1890432098765432 0.24691358024691354 0.1911475869809203 0.24971941638608305 0.1950056116722783 0.25743546576879905 0.19640852974186307 0.2612934904601571 0.20061728395061726 0.2711139169472503 0.20342312008978675 0.2823372615039281 0.20342312008978675 0.28654601571268234 0.20307239057239057 0.29180695847362514 0.20202020202020202 0.29531425364758696 0.20096801346801346 0.29987373737373735 0.20096801346801346 0.3051346801346801 0.19956509539842873 0.3093434343434343 0.19675925925925924 0.3135521885521885 0.19395342312008976 0.31705948372615034 0.1914983164983165 0.3195145903479236 0.1893939393939394 0.32091750841750843 0.18553591470258135 0.3226711560044893 0.18097643097643096 0.32512626262626265 0.17711840628507294 0.3261784511784512 0.1718574635241302 0.3261784511784512 0.16835016835016833 0.32512626262626265 0.1630892255892256 0.32196969696969696
1 0.44262065095398423 0.4538439955106622 0.43560606060606055 0.4492845117845118 0.4328002244668911 0.44682940516273845 0.43139730639730633 0.44472502805836134 0.42964365881032546 0.44156846240179576 0.42753928170594835 0.4370089786756453 0.4261363636363636 0.42999438832772163 0.4247334455667789 0.425084175084175 0.4229797979797979 0.4198232323232323 0.421226150392817 0.4149130190796857 0.4201739618406285 0.41105499438832765 0.4198232323232323 0.40754769921436584 0.4187710437710438 0.40404040404040403 0.4177188552188552 0.3998316498316498 0.4180695847362514 0.3956228956228956 0.4201739618406285 0.3917648709315376 0.4219276094276094 0.3900112233445566 0.4236812570145903 0.3875561167227834 0.4261363636363636 0.3833473625140292 0.4278900112233445 0.3794893378226711 0.42999438832772163 0.3756313131313131 0.4324494949494949 0.3721240179573513 0.434553872053872 0.3707210998877665 0.43876262626262624 0.3707210998877665 0.444023569023569 0.3707210998877665 0.4485830527497194 0.37037037037037035 0.4520903479236812 0.3689674523007856 0.4552469135802469 0.36861672278338947 0.4591049382716049 0.36966891133557794 0.4608585858585858 0.37247474747474746 0.4629629629629629 0.37598204264870927 0.4657687991021324 0.37913860830527496 0.46927609427609424 0.3819444444444444 0.47138047138047134 0.3851010101010101 0.47348484848484845 0.38825757575757575 0.47558922558922556 0.3917648709315376 0.47804433221099885 0.39632435465768795 0.47909652076318743 0.40088383838383834 0.4797979797979798 0.40579405162738497 0.4797979797979798 0.41175645342312006 0.48014870931537595 0.41842031425364756 0.48014870931537595 0.42999438832772163 0.48014870931537595 0.4349046015712682 0.4797979797979798 0.44016554433221095 0.478395061728395 0.44437429854096516 0.47664141414141414 0.4471801346801347 0.47383557800224463 0.44998597081930414 0.47138047138047134 0.4520903479236812 0.4671717171717171 0.4548961840628507 0.4636644219977553 0.4562991021324354 0.4580527497194164 0.4566498316498316 0.44998597081930414 0.45559764309764306
1 0.028058361391694722 0.32863355780022446 0.019290123456790122 0.32723063973063976 0.01578282828282828 0.32372334455667784 0.014379910213243547 0.3188131313131313 0.013678451178451177 0.3114478114478114 0.013678451178451177 0.3037317620650954 0.014379910213243547 0.2956649831649832 0.015432098765432096 0.28900112233445563 0.01648428731762065 0.2812850729517396 0.01823793490460157 0.2742704826038159 0.02069304152637486 0.2672558922558922 0.02349887766554433 0.26164421997755327 0.02770763187429854 0.25533108866442195 0.03051346801346801 0.2504208754208754 0.032617845117845115 0.2479657687991021 0.03577441077441077 0.24691358024691354 0.03822951739618406 0.24691358024691354 0.03928170594837262 0.24726430976430974 0.040684624017957347 0.24726430976430974 0.04594556677890011 0.24761503928170595 0.05225869809203142 0.2483164983164983 0.057870370370370364 0.2500701459034792 0.06348204264870931 0.2528759820426487 0.06698933782267115 0.2567340067340067 0.07014590347923681 0.2619949494949495 0.07225028058361391 0.27181537598204264 0.07295173961840629 0.27988215488215484 0.07225028058361391 0.28724747474747475 0.07154882154882154 0.29320987654320985 0.06979517396184062 0.299172278338945 0.06734006734006732 0.3044332210998878 0.06418350168350168 0.310746352413019 0.06067620650953984 0.31565656565656564 0.056467452300785634 0.32021604938271603 0.05085578002244669 0.32442480359147025 0.04699775533108866 0.32723063973063976 0.04243827160493827 0.32898428731762064 0.03787878787878787 0.329685746352413 0.03331930415263749 0.329685746352413
1 0.4622615039281706 0.7849326599326598 0.4545454545454545 0.7929994388327721 0.44963524130190796 0.7965067340067339 0.4461279461279461 0.7989618406285073 0.44226992143658805 0.8017676767676767 0.43876262626262624 0.8042227833894501 0.4349046015712682 0.8063271604938271 0.4328002244668911 0.8063271604938271 0.42859147025813693 0.8063271604938271 0.4240319865319865 0.8038720538720538 0.4187710437710438 0.8003647586980919 0.4145622895622896 0.7947530864197531 0.41315937149270476 0.7905443322109988 0.4128086419753086 0.7842312008978675 0.413510101010101 0.779320987654321 0.4149130190796857 0.7751122334455668 0.4166666666666667 0.7702020202020202 0.4191217732884399 0.7652918069584735 0.4208754208754209 0.7624859708193041 0.4236812570145903 0.7568742985409652 0.4261363636363636 0.7540684624017957 0.4303451178451178 0.7512626262626262 0.43420314253647585 0.7488075196408529 0.43946408529741865 0.7449494949494949 0.44437429854096516 0.7421436588103254 0.44788159371492703 0.7407407407407407 0.4513888888888889 0.7400392817059483 0.4580527497194164 0.7382856341189673 0.4640151515151515 0.7375841750841751 0.46927609427609424 0.7372334455667789 0.4724326599326599 0.7372334455667789 0.47558922558922556 0.7386363636363635 0.47874579124579125 0.7421436588103254 0.4797979797979798 0.7467031425364757 0.478395061728395 0.7488075196408529 0.47804433221099885 0.7516133557800224 0.47523849607182933 0.7579264870931538 0.47383557800224463 0.7610830527497193 0.47348484848484845 0.7635381593714926 0.4717312008978675 0.7687991021324354 0.46997755331088664 0.7723063973063973 0.4675224466891133 0.775813692480359 0.46506734006734 0.7803731762065095
1 0.009469696969696968 0.7488075196408529 0.01683501683501683 0.733726150392817 0.01964085297418631 0.7284652076318743 0.023148148148148147 0.7225028058361391 0.02700617283950617 0.7175925925925924 0.03051346801346801 0.7144360269360269 0.036125140291806954 0.7123316498316499 0.04243827160493827 0.7112794612794613 0.04980359147025813 0.7095258136924802 0.05541526374859708 0.7081228956228957 0.06067620650953984 0.7070707070707071 0.06663860830527497 0.7060185185185185 0.07014590347923681 0.7056677890011223 0.07575757575757575 0.7067199775533108 0.08031705948372614 0.7081228956228957 0.08312289562289561 0.7105780022446688 0.08452581369248034 0.7161896745230079 0.0855780022446689 0.7221520763187429 0.08663019079685745 0.7270622895622895 0.08663019079685745 0.7291666666666666 0.0859287317620651 0.733726150392817 0.08066778900112233 0.7438973063973063 0.07365319865319865 0.7544191919191919 0.06453423120089787 0.7631874298540964 0.04875140291806958 0.7712542087542087 0.04138608305274972 0.7740600448933782 0.035072951739618406 0.7761644219977553 0.02700617283950617 0.7775673400673401 0.021394500561167224 0.7775673400673401 0.017536475869809203 0.7761644219977553 0.013678451178451177 0.771955667789001 0.01122334455667789 0.7670454545454545 0.009820426487093154 0.7617845117845118 0.009118967452300786 0.7558221099887766
1 0.29601571268237936 0.16799943883277216 0.30197811447811446 0.16449214365881032 0.3051346801346801 0.1630892255892256 0.3079405162738496 0.16273849607182939 0.3121492704826038 0.16273849607182939 0.31635802469135804 0.1630892255892256 0.32021604938271603 0.16414141414141412 0.32302188552188554 0.16554433221099887 0.32582772166105495 0.16764870931537598 0.32828282828282823 0.17080527497194165 0.33108866442199775 0.17466329966329966 0.3374017957351291 0.18693883277216608 0.3416105499438833 0.19710998877665542 0.3426627384960718 0.20096801346801346 0.3437149270482604 0.20587822671156003 0.3447671156004489 0.2107884399551066 0.3447671156004489 0.21675084175084172 0.3444163860830527 0.22271324354657687 0.343013468013468 0.22797418630751964 0.3409090909090909 0.23183221099887766 0.33775252525252525 0.23569023569023567 0.33319304152637486 0.2374438832772166 0.3293350168350168 0.23849607182940516 0.32442480359147025 0.23849607182940516 0.3184624017957351 0.23604096520763188 0.3125 0.23253367003367 0.3072390572390572 0.22972783389450055 0.3026795735129068 0.22551907968574633 0.2970679012345679 0.21710157126823793 0.2935606060606061 0.20973625140291804 0.29145622895622897 0.20061728395061726 0.29075476992143656 0.1932519640852974 0.29005331088664416 0.18623737373737373 0.2904040404040404 0.17957351290684623 0.29180695847362514 0.17290965207631875
1 0.15747755331088661 0.20061728395061726 0.1515151515151515 0.1929012345679012 0.15046296296296294 0.19009539842873174 0.1497615039281706 0.18623737373737373 0.1497615039281706 0.18167789001122334 0.15046296296296294 0.17641694725028056 0.15291806958473625 0.1711560044893378 0.15502244668911336 0.16589506172839505 0.15817901234567902 0.1602833894500561 0.16063411896745228 0.1560746352413019 0.16414141414141412 0.1518658810325477 0.16835016835016833 0.1473063973063973 0.1718574635241302 0.14414983164983164 0.17501402918069583 0.14204545454545453 0.17957351290684623 0.1385381593714927 0.18308080808080807 0.13748597081930417 0.18728956228956228 0.13748597081930417 0.19184904601571265 0.13888888888888887 0.1957070707070707 0.1406425364758698 0.19851290684624018 0.14309764309764308 0.2016694725028058 0.14555274971941637 0.20412457912457913 0.1501122334455668 0.20552749719416383 0.15467171717171715 0.20587822671156003 0.15993265993265993 0.20552749719416383 0.16554433221099887 0.2044753086419753 0.17080527497194165 0.20272166105499437 0.1760662177328844 0.20026655443322108 0.1820286195286195 0.19746071829405162 0.18623737373737373 0.19430415263748596 0.19044612794612795 0.19184904601571265 0.1932519640852974 0.18834175084175084 0.19675925925925924 0.1827300785634119 0.20061728395061726 0.17641694725028056 0.20377384960718292 0.17045454545454544 0.2044753086419753 0.16519360269360267 0.2044753086419753 0.16133557800224466 0.20377384960718292
1 0.015081369248035914 0.19430415263748596 0.007716049382716048 0.19255050505050506 0.00526094276094276 0.1907968574635241 0.0031565656565656565 0.18728956228956228 0.0014029180695847362 0.18413299663299662 0.00035072951739618404 0.1539702581369248 0.0017536475869809201 0.1522166105499439 0.01052188552188552 0.14660493827160492 0.016133557800224466 0.14414983164983164 0.021745230078563414 0.14169472502805835 0.028409090909090905 0.13959034792368125 0.03437149270482604 0.1378367003367003 0.040333894500561164 0.1357323232323232 0.046296296296296294 0.1343294051627385 0.05085578002244669 0.13327721661054995 0.05681818181818181 0.13327721661054995 0.062079124579124574 0.13327721661054995 0.06523569023569023 0.1339786756453423 0.06734006734006732 0.13468013468013465 0.07084736251402918 0.13678451178451176 0.07365319865319865 0.13888888888888887 0.07610830527497195 0.14134399551066218 0.07786195286195285 0.14414983164983164 0.07926487093153758 0.14870931537598203 0.08031705948372614 0.1522166105499439 0.08101851851851852 0.15642536475869806 0.08136924803591469 0.1602833894500561 0.08136924803591469 0.1648428731762065 0.08136924803591469 0.16870089786756454 0.07961560044893377 0.17290965207631875 0.07645903479236812 0.17711840628507294 0.0726010101010101 0.18132716049382716 0.06558641975308642 0.18588664421997753 0.0592732884399551 0.1890432098765432 0.05296015712682379 0.19219977553310885 0.04594556677890011 0.19465488215488216 0.03822951739618406 0.1957070707070707 0.03156565656565656 0.19640852974186307 0.02349887766554433 0.19675925925925924
1 0.2511223344556678 0.02069304152637486 0.2549803591470258 0.01578282828282828 0.25708473625140293 0.012275533108866442 0.2598905723905724 0.009469696969696968 0.2640993265993266 0.007365319865319865 0.2665544332210999 0.005962401795735128 0.2693602693602693 0.004910213243546577 0.2728675645342312 0.004559483726150393 0.27777777777777773 0.004910213243546577 0.280232884399551 0.007365319865319865 0.2833894500561167 0.008066778900112233 0.28935185185185186 0.009118967452300786 0.29320987654320985 0.010872615039281707 0.29671717171717166 0.014379910213243547 0.3002244668911336 0.01683501683501683 0.30408249158249157 0.02104377104377104 0.306888327721661 0.024551066217732884 0.3096941638608305 0.028759820426487094 0.31320145903479235 0.035072951739618406 0.31530583613916946 0.04103535353535353 0.3160072951739618 0.046647025813692476 0.31530583613916946 0.05260942760942761 0.3121492704826038 0.05822109988776655 0.3100448933782267 0.062079124579124574 0.3075897867564534 0.06523569023569023 0.3033810325476992 0.06944444444444443 0.299172278338945 0.06944444444444443 0.29110549943883274 0.06874298540965208 0.28584455667788994 0.06734006734006732 0.2735690235690235 0.06137766554433221 0.26164421997755327 0.05260942760942761 0.2549803591470258 0.04138608305274972 0.2511223344556678 0.032617845117845115 0.2500701459034792 0.024551066217732884
1 0.3710718294051627 0.13923961840628507 0.36160213243546574 0.13503086419753085 0.3587962962962962 0.13292648709315374 0.3552890011223344 0.12906846240179573 0.3531846240179573 0.1255611672278339 0.3514309764309764 0.12275533108866442 0.3496773288439955 0.11889730639730639 0.3486251402918069 0.11468855218855217 0.34827441077441074 0.10872615039281705 0.3489758698092031 0.10311447811447812 0.350729517396184 0.09820426487093153 0.3538860830527497 0.09539842873176205 0.35809483726150393 0.09294332210998876 0.36300505050505044 0.0901374859708193 0.36966891133557794 0.0880331088664422 0.3756313131313131 0.08663019079685745 0.3798400673400673 0.08627946127946128 0.3854517396184063 0.0859287317620651 0.3910634118967452 0.08522727272727272 0.3959736251402918 0.08487654320987655 0.3998316498316498 0.08522727272727272 0.4033389450056116 0.0859287317620651 0.40649551066217726 0.0880331088664422 0.41245791245791247 0.09048821548821548 0.4191217732884399 0.09259259259259259 0.425084175084175 0.09504769921436587 0.4303451178451178 0.0968013468013468 0.43630751964085296 0.09925645342312009 0.43876262626262624 0.10136083052749718 0.4412177328843995 0.10662177328843996 0.44262065095398423 0.11153198653198652 0.44262065095398423 0.11539001122334455 0.44226992143658805 0.12100168350168349 0.44086700336700335 0.1252104377104377 0.43946408529741865 0.12871773288439953 0.43665824915824913 0.13257575757575757 0.43420314253647585 0.13538159371492706 0.4289421997755331 0.13994107744107742 0.4208754208754209 0.1427469135802469 0.4093013468013468 0.14379910213243546 0.40404040404040403 0.14379910213243546 0.39913019079685746 0.14379910213243546 0.3938692480359147 0.14344837261503926 0.3903619528619528 0.1427469135802469 0.3865039281705948 0.14204545454545453 0.38054152637485966 0.1406425364758698 0.3756313131313131 0.13923961840628507
1 0.3598484848484848 0.024551066217732884 0.3475729517396184 0.024901795735129066 0.3423120089786756 0.024551066217732884 0.3388047138047138 0.023849607182940512 0.3349466891133558 0.02244668911335578 0.3317901234567901 0.02069304152637486 0.3275813692480359 0.01823793490460157 0.32547699214365877 0.015432098765432096 0.32337261503928166 0.012275533108866442 0.32161896745230073 0.009118967452300786 0.32126823793490455 0.0007014590347923681 0.39421997755331084 0.00035072951739618404 0.3931677890011223 0.004559483726150393 0.39211560044893373 0.007365319865319865 0.3910634118967452 0.010872615039281707 0.3889590347923681 0.015432098765432096 0.3865039281705948 0.018939393939393936 0.382996632996633 0.022095959595959596 0.3784371492704826 0.024551066217732884 0.37457912457912457 0.025252525252525252 0.3689674523007856 0.025252525252525252 0.36370650953984285 0.024551066217732884
0 0.40746318607764387 0.11922690763052209 0.3790160642570281 0.1146251673360107 0.36270080321285136 0.11127844712182061 0.359772423025435 0.10918674698795179 0.3601907630522088 0.10625836680053546 0.36353748326639895 0.10458500669344042 0.37023092369477906 0.10625836680053546 0.3777610441767068 0.10876840696117804 0.4007697456492637 0.11378848728246319 0.421268406961178 0.11713520749665327 0.42503346720214186 0.11755354752342703 0.42670682730923687 0.11964524765729584 0.4262884872824631 0.12173694779116466 0.42252342704149926 0.12215528781793841 0.4162483266398929 0.12173694779116466
0 0.5534638554216866 0.17193775100401607 0.5417503346720214 0.16733601070950466 0.5384036144578312 0.16649933065595715 0.5358935742971888 0.16440763052208834 0.5325468540829986 0.16064257028112447 0.5312918340026773 0.15604082998661312 0.5338018741633199 0.15436746987951805 0.5375669344042837 0.15520414993306558 0.5421686746987951 0.15645917001338686 0.5584839357429718 0.1635709504685408 0.5618306559571619 0.16649933065595715 0.5626673360107095 0.1711010709504685
0 0.2735943775100401 0.3447121820615796 0.2723393574297189 0.3083165997322624 0.27192101740294505 0.3041331994645248 0.2715026773761713 0.3007864792503347 0.2731760374832664 0.29869477911646586 0.2756860776439089 0.29869477911646586 0.2765227576974565 0.30455153949129854 0.27861445783132527 0.330070281124498 0.27903279785809904 0.3530789825970549 0.2781961178045515 0.35600736278447115 0.2752677376171352 0.35517068273092367 0.2740127175368139 0.3505689424364123
0 0.5768908969210174 0.4446954484605087 0.584421017402945 0.4241967871485944 0.5860943775100401 0.4183400267737617 0.5877677376171352 0.4141566265060241 0.5890227576974565 0.4087182061579651 0.588186077643909 0.40495314591700127 0.584421017402945 0.4082998661311914 0.5823293172690762 0.41499330655957156 0.5773092369477911 0.42921686746987947 0.5722891566265059 0.4455321285140562 0.5722891566265059 0.45013386880856754 0.5747991967871485 0.4505522088353413
0 0.7086680053547523 0.4681224899598393 0.7220548862115127 0.4555722891566265 0.7249832663989291 0.4522255689424364 0.7274933065595716 0.4488788487282463 0.7287483266398929 0.4459504685408299 0.726656626506024 0.44511378848728245 0.7237282463186077 0.44678714859437746 0.7199631860776439 0.4509705488621151 0.7132697456492637 0.4589190093708166 0.698627844712182 0.46854082998661306 0.6969544846050869 0.4723058902275769 0.6994645247657296 0.4731425702811245
0 0.45013386880856754 0.4287985274431057 0.44511378848728245 0.40035140562248994 0.4434404283801874 0.39491298527443097 0.4430220883534136 0.38863788487282463 0.4434404283801874 0.38445448460508697 0.44511378848728245 0.3819444444444444 0.44804216867469876 0.38570950468540827 0.4488788487282463 0.3919846050870147 0.4543327294685991 0.4177234299516908 0.45766398929049523 0.4354919678714859 0.458082329317269 0.43967536813922353 0.45515394912985274 0.440512048192771 0.45264390896921014 0.43842034805890223
0 0.4731425702811245 0.5810742971887549 0.46184738955823285 0.5710341365461847 0.4589190093708166 0.5676874163319946 0.4559906291834002 0.5643406961178046 0.4534805890227577 0.5597389558232931 0.4522255689424364 0.5559738955823293 0.4522255689424364 0.5534638554216866 0.45515394912985274 0.553045515394913 0.45766398929049523 0.556392235609103 0.4664491298527443 0.5672690763052208 0.47439759036144574 0.5760542168674699 0.48192771084337344 0.584421017402945 0.48150937081659967 0.5869310575635877
0 0.37023092369477906 0.6074297188755019 0.3719042838018741 0.5860943775100401 0.37106760374832665 0.5798192771084337 0.37106760374832665 0.5747991967871485 0.3739959839357429 0.5731258366800536 0.377342704149933 0.5760542168674699 0.37859772423025434 0.58274765729585 0.3765060240963855 0.6053380187416332 0.3719042838018741 0.6212349397590361 0.3693942436412316 0.6208165997322623 0.3693942436412316 0.6145414993306559
0 0.2735943775100401 0.5061914323962516 0.2815428380187416 0.49866131191432395 0.28739959839357426 0.4969879518072288 0.2940930388219545 0.4923862115127175 0.2970214190093708 0.48945783132530113 0.29911311914323957 0.4852744310575635 0.29200133868808564 0.48694779116465864 0.2781961178045515 0.49489625167336004 0.2689926372155288 0.503681392235609 0.2635542168674699 0.5070281124497992 0.2606258366800535 0.510793172690763 0.2622991967871486 0.5128848728246318 0.2681559571619812 0.5095381526104418
0 0.24054551539491298 0.6032463186077643 0.2380354752342704 0.584421017402945 0.2325970548862115 0.5735441767068272 0.23176037483266396 0.5676874163319946 0.23385207496653276 0.5643406961178046 0.23761713520749664 0.5647590361445782 0.2401271753681392 0.5710341365461847 0.2455655957161981 0.5936244979919678 0.24933065595716197 0.6091030789825971 0.24723895582329317 0.6116131191432396 0.24472891566265056 0.6103580990629183
0 0.7588688085676036 0.600317938420348 0.7479919678714858 0.6011546184738955 0.7341867469879517 0.6074297188755019 0.7312583668005354 0.6091030789825971 0.7274933065595716 0.610776439089692 0.7241465863453815 0.6111947791164659 0.7216365461847388 0.6111947791164659 0.71954484605087 0.6086847389558232 0.7220548862115127 0.6061746987951807 0.735441767068273 0.600317938420348 0.7513386880856759 0.5961345381526103 0.7605421686746987 0.5944611780455153 0.7676539491298527 0.5911144578313253 0.7726740294511377 0.5902777777777778 0.7718373493975903 0.5940428380187416 0.7659805890227577 0.5973895582329317
0 0.8550870147255689 0.7174531459170013 0.8525769745649262 0.7078313253012047 0.8521586345381525 0.7023929049531458 0.8521586345381525 0.6982095046854082 0.8521586345381525 0.6923527443105756 0.8525769745649262 0.6873326639892904 0.8534136546184737 0.684404283801874 0.8555053547523426 0.6831492637215528 0.8571787148594378 0.6852409638554217 0.8584337349397589 0.6977911646586344 0.8588520749665327 0.7111780455153949 0.8605254350736278 0.7220548862115127 0.8609437751004015 0.726656626506024 0.8580153949129853 0.7287483266398929
0 0.34847724230254346 0.8998493975903614 0.3601907630522088 0.876004016064257 0.3614457831325301 0.8718206157965194 0.36186412315930383 0.8672188755020079 0.3614457831325301 0.8642904953145916 0.3589357429718875 0.8659638554216866 0.35600736278447115 0.8722389558232931 0.35349732262382866 0.8780957161981257 0.34554886211512714 0.8902275769745649 0.3430388219544846 0.8960843373493975 0.34011044176706823 0.900686077643909 0.3376004016064257 0.9044511378848727 0.3363453815261044 0.9098895582329316 0.3363453815261044 0.9123995983935742 0.33843708165997316 0.9119812583668004 0.34094712182061576 0.9107262382864791 0.3447121820615796 0.9061244979919678
0 0.5463520749665328 0.870565595716198 0.57940093708166 0.8714022757697456 0.5831659973226238 0.8714022757697456 0.588186077643909 0.8722389558232931 0.593206157965194 0.8722389558232931 0.5982262382864791 0.8709839357429718 0.6011546184738955 0.8693105756358768 0.5969712182061578 0.8668005354752342 0.5890227576974565 0.8668005354752342 0.5758605072463768 0.8638285024154589 0.5501171352074966 0.8651271753681391 0.5450970548862114 0.8651271753681391 0.540913654618474 0.865545515394913 0.5375669344042837 0.8684738955823292 0.5384036144578312 0.8709839357429718
0 0.4748159303882195 0.9454484605087015 0.4631024096385542 0.9337349397590361 0.46017402945113783 0.9316432396251673 0.456408969210174 0.9278781793842034 0.4547356091030789 0.9253681392235609 0.4547356091030789 0.9224397590361445 0.45766398929049523 0.9220214190093707 0.46184738955823285 0.9245314591700133 0.47188755020080314 0.9345716198125836 0.47941767068273083 0.9408467202141899 0.48401941097724227 0.9441934404283802 0.4856927710843373 0.9500502008032128 0.48611111111111105 0.9525602409638553 0.48276439089692097 0.9525602409638553
0 0.5869310575635877 0.9755689424364122 0.5622489959839357 0.9659471218206157 0.5572289156626505 0.9630187416331993 0.5559738955823293 0.9600903614457831 0.5593206157965194 0.958417001338688 0.5660140562248995 0.9609270414993305 0.5773092369477911 0.9663654618473895 0.5927878179384203 0.9734772423025434 0.5940428380187416 0.9764056224899598 0.5919511378848727 0.9776606425702811
0 0.9337349397590361 0.8115796519410977 0.9228580990629183 0.796937751004016 0.9190930388219544 0.7931726907630522 0.9170013386880856 0.7898259705488619 0.9157463186077643 0.7856425702811245 0.9149096385542168 0.7810408299866131 0.914491298527443 0.7768574297188754 0.9182563587684068 0.7772757697456493 0.9220214190093707 0.7822958500669343 0.9253681392235609 0.7877342704149933 0.9278781793842034 0.7927543507362783 0.930388219544846 0.7977744310575635 0.9333165997322622 0.8019578313253012 0.9362449799196786 0.805722891566265 0.9387550200803213 0.8099062918340025 0.9408467202141899 0.8149263721552877 0.9421017402945113 0.8186914323962516 0.9433567603748326 0.8207831325301205 0.946285140562249 0.8237115127175367 0.9487951807228915 0.8283132530120482 0.949631860776439 0.833751673360107 0.9467034805890227 0.8345883534136546 0.9421017402945113 0.8308232931726907 0.9387550200803213 0.8266398929049531 0.9358266398929049 0.8203647925033466
0 0.845883534136546 0.5605756358768407 0.8492302543507362 0.5559738955823293 0.8647088353413654 0.5379852744310576 0.8693105756358768 0.5329651941097724 0.8734939759036143 0.530036813922356 0.8764223560910307 0.5258534136546185 0.8785140562248995 0.5216700133868808 0.8764223560910307 0.521251673360107 0.8714022757697456 0.5245983935742972 0.865545515394913 0.5312918340026773 0.8525769745649262 0.5450970548862114 0.8433734939759036 0.5547188755020079 0.8404451137884872 0.5593206157965194 0.8396084337349397 0.563504016064257 0.840863453815261 0.5664323962516733
0 0.9918842034805889 0.38110776439089694 0.9826807228915662 0.3974230254350736 0.9805890227576974 0.4007697456492637 0.975987282463186 0.40746318607764387 0.9730589022757697 0.4112282463186077 0.9713855421686746 0.4145749665327978 0.9688755020080321 0.4170850066934404 0.9663654618473895 0.41499330655957156 0.9667838018741632 0.4112282463186077 0.9734772423025434 0.4007697456492637 0.9789156626506023 0.39449464524765726 0.9872824631860776 0.37608768406961174 0.9973226238286479 0.3564257028112449 0.9985776439089692 0.36311914323962513
0 0.9839357429718875 0.22213855421686743 0.9429384203480587 0.22297523427041496 0.9408467202141899 0.22213855421686743 0.9404283801874163 0.21962851405622488 0.9416834002677376 0.21670013386880854 0.9450301204819276 0.2150267737617135 0.9517235609103079 0.2150267737617135 0.9651104417670682 0.21628179384203478 0.9713855421686746 0.21670013386880854 0.9902108433734939 0.21670013386880854 0.9910475234270415 0.21962851405622488
0 0.9048694779116465 0.07822958500669343 0.8965026773761713 0.05689424364123159 0.8939926372155287 0.05438420348058902 0.8927376171352074 0.04978246318607764 0.8923192771084337 0.04685408299866131 0.8931559571619813 0.0447623828647925 0.8960843373493975 0.045180722891566265 0.8977576974564926 0.04894578313253011 0.8998493975903614 0.05438420348058902 0.904032797858099 0.06484270414993305 0.9086345381526103 0.07488286479250333 0.9107262382864791 0.07906626506024096 0.9119812583668004 0.0861780455153949 0.911144578313253 0.089524765729585 0.9069611780455153 0.0861780455153949
0 0.0393239625167336 0.30162315930388217 0.04852744310575636 0.2756860776439089 0.04769076305220883 0.2698293172690763 0.046435742971887545 0.26731927710843373 0.04225234270414993 0.26773761713520744 0.041415662650602404 0.2723393574297189 0.040997322623828644 0.27694109772423026 0.04016064257028112 0.2823795180722891 0.03890562248995984 0.2865629183400268 0.03723226238286479 0.29200133868808564 0.035140562248995984 0.2970214190093708 0.03346720214190093 0.3012048192771084 0.03263052208835341 0.3058065595716198 0.03304886211512717 0.30957161981258363 0.035558902275769744 0.3099899598393574
0 0.1757028112449799 0.3041331994645248 0.17193775100401607 0.2794511378848728 0.17068273092369476 0.2740127175368139 0.16775435073627845 0.27024765729585004 0.16733601070950466 0.2652275769745649 0.1681726907630522 0.2622991967871486 0.1715194109772423 0.26271753681392235 0.1748661311914324 0.2681559571619812 0.17612115127175365 0.2740127175368139 0.17695783132530118 0.27986947791164657 0.17821285140562246 0.28698125836680055 0.17904953145917 0.2915829986613119 0.1803045515394913 0.296603078982597 0.18072289156626506 0.3012048192771084 0.18072289156626506 0.30622489959839355 0.18072289156626506 0.3099899598393574
0 0.023427041499330656 0.1648259705488621 0.03346720214190093 0.1648259705488621 0.03681392235609103 0.1635709504685408 0.04016064257028112 0.1627342704149933 0.04267068273092369 0.16064257028112447 0.04727242302543507 0.15896921017402946 0.05271084337349397 0.15771419009370816 0.056475903614457826 0.1572958500669344 0.05982262382864792 0.1572958500669344 0.06065930388219544 0.161479250334672 0.05982262382864792 0.16440763052208834 0.056475903614457826 0.1660809906291834 0.051874163319946445 0.16691767068273092 0.04769076305220883 0.1681726907630522 0.04350736278447121 0.16900937081659972 0.03806894243641232 0.1711010709504685 0.030957161981258363 0.17277443105756357 0.024682061579651936 0.17277443105756357 0.0196619812583668 0.17277443105756357 0.013805220883534136 0.1723560910307898 0.010876840696117803 0.1711010709504685 0.011713520749665328 0.1681726907630522 0.015478580990629182 0.16691767068273092
0 0.1244212962962963 0.5908564814814814 0.11053240740740741 0.5908564814814814 0.10532407407407408 0.5908564814814814 0.10127314814814814 0.5896990740740741 0.09490740740740741 0.5873842592592593 0.09027777777777778 0.5844907407407407 0.08912037037037038 0.5815972222222222 0.09722222222222222 0.5792824074074073 0.10474537037037038 0.5815972222222222 0.11342592592592592 0.5844907407407407 0.11805555555555555 0.5844907407407407 0.12962962962962962 0.5856481481481481 0.13773148148148148 0.5856481481481481 0.14293981481481483 0.5856481481481481 0.14409722222222224 0.5902777777777778 0.14004629629629628 0.592013888888889 0.13425925925925924 0.592013888888889
0 0.034722222222222224 0.7563657407407407 0.047453703703703706 0.7465277777777778 0.0625 0.7332175925925927 0.06597222222222222 0.7297453703703703 0.07002314814814814 0.7256944444444444 0.07118055555555555 0.7216435185185185 0.06828703703703703 0.720486111111111 0.06539351851851852 0.7210648148148148 0.05497685185185185 0.732638888888889 0.03530092592592592 0.7476851851851851 0.029513888888888888 0.751736111111111 0.024305555555555556 0.7552083333333334 0.021412037037037035 0.7604166666666666 0.022569444444444444 0.7644675925925927 0.02835648148148148 0.7627314814814814
0 0.1261574074074074 0.7505787037037037 0.13310185185185183 0.7366898148148148 0.13483796296296294 0.7309027777777778 0.13831018518518517 0.7280092592592593 0.14004629629629628 0.7320601851851851 0.1388888888888889 0.7372685185185185 0.13310185185185183 0.7528935185185185 0.12789351851851852 0.7609953703703703 0.125 0.7615740740740741
0 0.16377314814814817 0.9241898148148148 0.18171296296296294 0.8958333333333334 0.18460648148148148 0.8917824074074073 0.18692129629629628 0.8888888888888888 0.18692129629629628 0.8859953703703703 0.1857638888888889 0.8836805555555555 0.18287037037037035 0.8831018518518517 0.16493055555555555 0.912037037037037 0.15567129629629628 0.9311342592592593 0.15972222222222224 0.9334490740740741
0 0.1663189615206305 0.18544274455261936 0.17283843300880852 0.17182429299953636 0.17950278164116826 0.16313166434863235 0.18616713027352805 0.1579160871580899 0.18920955030134445 0.15545317570700046 0.18891979601298098 0.16327654149281406 0.18500811312007415 0.17385257301808066 0.17761937876680575 0.18196569309225774 0.16979601298099212 0.18544274455261936
0 0.05886465324384787 0.4520413870246085 0.059004474272930645 0.44281319910514544 0.06669463087248322 0.4443512304250559 0.07732102908277404 0.4531599552572707 0.08263422818791946 0.4633668903803132 0.08305369127516779 0.4664429530201342 0.07480425055928411 0.46742170022371365 0.06473713646532438 0.4604306487695749
0 0.4249161073825503 0.5050335570469798 0.43428411633109615 0.49440715883668906 0.4419742729306488 0.4888143176733781 0.4565156599552572 0.4833612975391499 0.4626677852348993 0.4818232662192393 0.45539709172259507 0.49217002237136465 0.4446308724832215 0.5004194630872483 0.4300894854586129 0.5053131991051454
0 0.7534955257270693 0.02307046979865772 0.7554530201342281 0.01733780760626398 0.7651006711409395 0.020134228187919465 0.7795022371364654 0.027824384787472033 0.7918064876957495 0.03831096196868009 0.790268456375839 0.04082774049217002 0.7782438478747203 0.04026845637583893 0.7631431767337807 0.030900447427293067 0.7571308724832215 0.026565995525727068
0 0.6803691275167785 0.9855984340044742 0.677013422818792 0.9748322147651006 0.6785514541387024 0.9556767337807607 0.6824664429530201 0.942393736017897 0.6866610738255033 0.9330257270693512 0.6918344519015659 0.9302293064876958 0.690576062639821 0.9465883668903803 0.6851230425055929 0.9692393736017897 0.6847035794183446 0.9800055928411633 0.6816275167785234 0.986297539149888
0 0.828952492211838 0.3329439252336448 0.8211643302180686 0.34511292834890966 0.8192172897196262 0.36068925233644855 0.8148364485981308 0.3718847352024922 0.8128894080996883 0.3830802180685358 0.8148364485981308 0.3845404984423676 0.8192172897196262 0.38015965732087226 0.8192172897196262 0.3723714953271028 0.8226246105919003 0.3597157320872274 0.824084890965732 0.35144080996884736 0.8279789719626168 0.34462616822429903 0.8294392523364486 0.338785046728972
