1 0.7626262626262625 0.2803030303030303 0.7648358585858585 0.27777777777777773 0.7679924242424242 0.2749368686868687 0.771780303030303 0.271780303030303 0.7755681818181818 0.27020202020202017 0.7815656565656565 0.27020202020202017 0.789141414141414 0.271780303030303 0.7951388888888888 0.2736742424242424 0.7995580808080808 0.2761994949494949 0.803030303030303 0.2784090909090909 0.8065025252525252 0.2809343434343434 0.8087121212121211 0.28345959595959597 0.8115530303030302 0.2869318181818182 0.8147095959595958 0.29071969696969696 0.8169191919191918 0.29419191919191917 0.8181818181818181 0.29703282828282823 0.8188131313131313 0.2995580808080808 0.8197601010101009 0.3039772727272727 0.8210227272727272 0.3093434343434343 0.8219696969696969 0.3150252525252525 0.82260101010101 0.3216540404040404 0.8232323232323232 0.32922979797979796 0.8232323232323232 0.3374368686868687 0.8219696969696969 0.3428030303030303 0.8191287878787877 0.3456439393939394 0.8150252525252525 0.3472222222222222 0.8096590909090909 0.3472222222222222 0.8033459595959596 0.3462752525252525 0.7982954545454545 0.3453282828282828 0.7919823232323232 0.34375 0.786300505050505 0.34154040404040403 0.7815656565656565 0.3386994949494949 0.7765151515151515 0.3352272727272727 0.7720959595959596 0.33112373737373735 0.7683080808080808 0.32670454545454547 0.7657828282828283 0.32196969696969696 0.7632575757575757 0.31660353535353536 0.7613636363636364 0.3131313131313131 0.7591540404040403 0.3093434343434343 0.757891414141414 0.3065025252525252 0.7563131313131313 0.30176767676767674 0.7559974747474747 0.29861111111111105 0.7559974747474747 0.29450757575757575 0.7569444444444444 0.2904040404040404 0.757891414141414 0.2869318181818182
1 0.6988636363636364 0.3740530303030303 0.690340909090909 0.3683712121212121 0.6875 0.3652146464646464 0.6849747474747474 0.3620580808080808 0.6824494949494949 0.35700757575757575 0.680239898989899 0.3525883838383838 0.6789772727272727 0.3491161616161616 0.6786616161616161 0.3453282828282828 0.6786616161616161 0.3424873737373737 0.6796085858585859 0.3368055555555555 0.6818181818181818 0.3323863636363636 0.6849747474747474 0.32796717171717166 0.6897095959595958 0.3235479797979798 0.6941287878787877 0.319760101010101 0.6972853535353535 0.31849747474747475 0.7042297979797979 0.3181818181818182 0.7105429292929292 0.3188131313131313 0.7162247474747474 0.32039141414141414 0.721590909090909 0.3235479797979798 0.7263257575757576 0.32670454545454547 0.731060606060606 0.3301767676767676 0.7357954545454545 0.33491161616161613 0.740530303030303 0.33964646464646464 0.7455808080808081 0.3453282828282828 0.7481060606060606 0.34974747474747475 0.7496843434343433 0.3544823232323232 0.7499999999999999 0.3604797979797979 0.7503156565656565 0.36616161616161613 0.7487373737373737 0.37121212121212116 0.7452651515151515 0.3734217171717171 0.7402146464646464 0.3753156565656565 0.7342171717171716 0.3772095959595959 0.72885101010101 0.3775252525252525 0.7219065656565656 0.3775252525252525 0.7143308080808081 0.3775252525252525 0.7095959595959596 0.3768939393939394
1 0.771780303030303 0.44507575757575757 0.7676767676767676 0.4428661616161616 0.7632575757575757 0.44034090909090906 0.7588383838383838 0.4381313131313131 0.7556818181818181 0.43560606060606055 0.7522095959595958 0.4308712121212121 0.7496843434343433 0.425820707070707 0.7481060606060606 0.4198232323232323 0.7477904040404041 0.41287878787878785 0.748421717171717 0.40624999999999994 0.7503156565656565 0.4011994949494949 0.7541035353535352 0.39614898989898983 0.757891414141414 0.3929924242424242 0.7635732323232323 0.3920454545454545 0.7711489898989898 0.3920454545454545 0.7758838383838383 0.3920454545454545 0.7812499999999999 0.3920454545454545 0.7878787878787877 0.3929924242424242 0.7938762626262625 0.39520202020202017 0.7995580808080808 0.3986742424242424 0.8039772727272727 0.4030934343434343 0.8071338383838383 0.40624999999999994 0.810921717171717 0.4100378787878788 0.8137626262626262 0.413510101010101 0.8159722222222221 0.4172979797979798 0.8169191919191918 0.4214015151515151 0.8172348484848484 0.4261363636363636 0.8172348484848484 0.4315025252525252 0.8159722222222221 0.4362373737373737 0.8134469696969696 0.4419191919191919 0.8106060606060606 0.44539141414141414 0.8080808080808081 0.44602272727272724 0.8023989898989898 0.44602272727272724 0.7982954545454545 0.4466540404040404 0.7954545454545454 0.44728535353535354 0.7916666666666665 0.44791666666666663 0.7885101010101009 0.44791666666666663 0.7850378787878788 0.44791666666666663 0.7806186868686869 0.44728535353535354
1 0.6183712121212122 0.39362373737373735 0.6202651515151515 0.38920454545454547 0.623421717171717 0.3851010101010101 0.6272095959595959 0.38131313131313127 0.6322601010101009 0.3787878787878788 0.6388888888888888 0.3772095959595959 0.6458333333333334 0.37626262626262624 0.6511994949494949 0.37626262626262624 0.6559343434343433 0.3772095959595959 0.6594065656565656 0.3794191919191919 0.6622474747474747 0.3832070707070707 0.6650883838383838 0.38794191919191917 0.6679292929292928 0.3929924242424242 0.6695075757575757 0.3983585858585858 0.6710858585858585 0.4030934343434343 0.6726641414141414 0.4081439393939394 0.673611111111111 0.4131944444444444 0.6739267676767676 0.4185606060606061 0.6739267676767676 0.42361111111111105 0.673611111111111 0.42834595959595956 0.6729797979797979 0.43308080808080807 0.6720328282828283 0.4378156565656565 0.6710858585858585 0.4416035353535353 0.6698232323232323 0.44570707070707066 0.6682449494949495 0.449810606060606 0.66635101010101 0.45296717171717166 0.6638257575757576 0.4558080808080808 0.6594065656565656 0.45864898989898983 0.6556186868686869 0.4608585858585858 0.6521464646464646 0.46338383838383834 0.6477272727272727 0.4655934343434343 0.6429924242424242 0.4671717171717171 0.6379419191919191 0.4678030303030303 0.6319444444444444 0.4671717171717171 0.6291035353535352 0.464330808080808 0.6265782828282828 0.46022727272727265 0.6227904040404041 0.45643939393939387 0.6199494949494949 0.45202020202020193 0.6183712121212122 0.44791666666666663 0.6171085858585859 0.44539141414141414 0.6148989898989898 0.44034090909090906 0.6136363636363635 0.43497474747474746 0.6123737373737373 0.4315025252525252 0.611111111111111 0.42676767676767674 0.6104797979797979 0.42171717171717166 0.6104797979797979 0.41571969696969696 0.6107954545454545 0.4100378787878788 0.6120580808080808 0.4053030303030303 0.6145833333333334 0.3999368686868686
1 0.5271464646464646 0.3011363636363636 0.5284090909090909 0.29671717171717166 0.5306186868686869 0.2922979797979798 0.5331439393939393 0.2875631313131313 0.536300505050505 0.28251262626262624 0.5400883838383839 0.27777777777777773 0.5441919191919191 0.27525252525252525 0.5489267676767676 0.27209595959595956 0.553030303030303 0.269570707070707 0.5577651515151515 0.2679924242424242 0.5634469696969696 0.26672979797979796 0.5684974747474747 0.26672979797979796 0.5719696969696969 0.26736111111111105 0.5757575757575757 0.26925505050505044 0.5789141414141414 0.2714646464646464 0.5817550505050504 0.27525252525252525 0.5839646464646464 0.2803030303030303 0.5852272727272727 0.28598484848484845 0.5855429292929293 0.29071969696969696 0.5855429292929293 0.29545454545454547 0.5858585858585859 0.300820707070707 0.5855429292929293 0.30523989898989895 0.584280303030303 0.30997474747474746 0.5823863636363635 0.3150252525252525 0.579861111111111 0.319760101010101 0.5767045454545454 0.3244949494949495 0.5729166666666666 0.3295454545454545 0.5694444444444444 0.3333333333333333 0.565340909090909 0.3368055555555555 0.560921717171717 0.33933080808080807 0.5558712121212122 0.33964646464646464 0.5470328282828283 0.33996212121212116 0.5404040404040403 0.33996212121212116 0.5366161616161615 0.33933080808080807 0.5312499999999999 0.33838383838383834 0.5274621212121212 0.3361742424242424 0.5236742424242424 0.3308080808080808 0.5227272727272727 0.32575757575757575 0.5227272727272727 0.32039141414141414 0.5227272727272727 0.3140782828282828 0.523989898989899 0.30902777777777773
1 0.6262626262626262 0.23200757575757575 0.6158459595959596 0.2222222222222222 0.6136363636363635 0.21874999999999997 0.6123737373737373 0.21622474747474746 0.6104797979797979 0.21054292929292925 0.6085858585858586 0.20265151515151514 0.6079545454545454 0.1966540404040404 0.6070075757575757 0.1900252525252525 0.6066919191919191 0.18497474747474746 0.6073232323232323 0.17960858585858583 0.6089015151515151 0.1755050505050505 0.6104797979797979 0.17297979797979796 0.6136363636363635 0.16919191919191917 0.617739898989899 0.16635101010101008 0.6218434343434343 0.16477272727272724 0.6272095959595959 0.16382575757575754 0.6332070707070707 0.16319444444444445 0.6363636363636364 0.16319444444444445 0.6407828282828283 0.16414141414141412 0.6455176767676767 0.1654040404040404 0.6499368686868686 0.16761363636363635 0.6537247474747474 0.16982323232323232 0.6578282828282828 0.17329545454545453 0.6616161616161615 0.17708333333333334 0.6654040404040403 0.18118686868686867 0.668560606060606 0.18623737373737373 0.6714015151515151 0.1909722222222222 0.6732954545454545 0.1957070707070707 0.6745580808080808 0.20075757575757575 0.6755050505050504 0.2067550505050505 0.6761363636363635 0.21243686868686865 0.6767676767676767 0.21780303030303028 0.6773989898989898 0.22380050505050506 0.6777146464646464 0.23106060606060605 0.6764520202020202 0.23737373737373735 0.6739267676767676 0.24084595959595959 0.6701388888888888 0.24368686868686865 0.6657196969696969 0.24400252525252522 0.659090909090909 0.2433712121212121 0.6534090909090909 0.24210858585858583 0.6480429292929293 0.24116161616161616 0.6442550505050504 0.24084595959595959 0.6407828282828283 0.24021464646464646 0.6385732323232323 0.23926767676767677 0.6354166666666666 0.23737373737373735 0.6322601010101009 0.23547979797979796
1 0.7285353535353535 0.16824494949494948 0.7329545454545454 0.1650883838383838 0.7373737373737373 0.16319444444444445 0.742739898989899 0.1616161616161616 0.7465277777777778 0.16130050505050506 0.7518939393939393 0.16193181818181818 0.7559974747474747 0.16351010101010102 0.7597853535353535 0.1660353535353535 0.7626262626262625 0.16950757575757575 0.7651515151515151 0.1736111111111111 0.7670454545454545 0.17897727272727273 0.7683080808080808 0.18465909090909088 0.7689393939393939 0.1903409090909091 0.7692550505050504 0.1966540404040404 0.7692550505050504 0.20233585858585856 0.7689393939393939 0.2086489898989899 0.7683080808080808 0.21433080808080807 0.7670454545454545 0.21906565656565655 0.764520202020202 0.22285353535353533 0.7616792929292928 0.22474747474747475 0.7582070707070707 0.22601010101010097 0.7522095959595958 0.2279040404040404 0.7487373737373737 0.22821969696969693 0.7430555555555555 0.2275883838383838 0.7373737373737373 0.22601010101010097 0.7313762626262625 0.22285353535353533 0.7272727272727272 0.21906565656565655 0.723800505050505 0.2140151515151515 0.7212752525252525 0.21022727272727273 0.719381313131313 0.20454545454545453 0.7184343434343433 0.19886363636363635 0.7181186868686869 0.19412878787878787 0.7181186868686869 0.18970959595959594 0.7184343434343433 0.18465909090909088 0.7200126262626262 0.17960858585858583 0.7219065656565656 0.17582070707070707 0.7241161616161615 0.17297979797979796
1 0.880050505050505 0.15782828282828282 0.8797348484848484 0.1669823232323232 0.8791035353535352 0.17108585858585856 0.8784722222222221 0.17613636363636362 0.8772095959595958 0.1818181818181818 0.875631313131313 0.18718434343434343 0.8727904040404039 0.19223484848484848 0.868371212121212 0.1966540404040404 0.8623737373737372 0.20044191919191917 0.8570075757575757 0.20233585858585856 0.8529040404040403 0.20328282828282826 0.8472222222222221 0.20328282828282826 0.8412247474747474 0.20265151515151514 0.834280303030303 0.20044191919191917 0.8285984848484848 0.19696969696969693 0.8251262626262625 0.19349747474747475 0.82260101010101 0.18876262626262624 0.8210227272727272 0.18497474747474746 0.8191287878787877 0.1799242424242424 0.8178661616161615 0.17392676767676768 0.817550505050505 0.16666666666666666 0.8178661616161615 0.1597222222222222 0.8188131313131313 0.15372474747474746 0.820391414141414 0.14930555555555552 0.82260101010101 0.1442550505050505 0.824810606060606 0.14015151515151514 0.8276515151515151 0.13604797979797978 0.8314393939393939 0.13289141414141412 0.8374368686868686 0.12910353535353533 0.842171717171717 0.12594696969696967 0.8459595959595958 0.12436868686868686 0.8494318181818181 0.1231060606060606 0.8535353535353535 0.1231060606060606 0.8585858585858585 0.12342171717171715 0.8639520202020202 0.12531565656565655 0.8680555555555555 0.12878787878787878 0.8715277777777778 0.1332070707070707 0.8737373737373737 0.13762626262626262 0.875631313131313 0.1423611111111111 0.8768939393939393 0.14741161616161616 0.8784722222222221 0.15277777777777776
1 0.898989898989899 0.22569444444444445 0.8974116161616161 0.2212752525252525 0.8974116161616161 0.21590909090909088 0.8993055555555555 0.20928030303030304 0.9030934343434343 0.2029671717171717 0.906881313131313 0.1982323232323232 0.9097222222222221 0.1963383838383838 0.9119318181818181 0.19539141414141412 0.9157196969696969 0.19318181818181818 0.9210858585858585 0.19128787878787878 0.928030303030303 0.18970959595959594 0.9337121212121211 0.18970959595959594 0.9397095959595958 0.18970959595959594 0.9450757575757576 0.1909722222222222 0.952020202020202 0.1928661616161616 0.9570707070707071 0.19539141414141412 0.9633838383838383 0.19886363636363635 0.9687499999999999 0.20265151515151514 0.9725378787878787 0.2058080808080808 0.976641414141414 0.20928030303030304 0.9797979797979797 0.21338383838383837 0.9820075757575757 0.21843434343434343 0.983270202020202 0.2250631313131313 0.9829545454545453 0.23074494949494948 0.981060606060606 0.23642676767676765 0.9779040404040403 0.24021464646464646 0.9741161616161615 0.24368686868686865 0.9696969696969696 0.2452651515151515 0.9649621212121211 0.247790404040404 0.9608585858585859 0.24999999999999997 0.9570707070707071 0.2515782828282828 0.952020202020202 0.25284090909090906 0.9463383838383838 0.2541035353535353 0.9416035353535352 0.2541035353535353 0.9371843434343433 0.2541035353535353 0.9321338383838383 0.25315656565656564 0.9273989898989898 0.25094696969696967 0.9239267676767676 0.24905303030303028 0.9204545454545453 0.2462121212121212 0.9160353535353535 0.2424242424242424 0.9125631313131313 0.24021464646464646 0.9087752525252525 0.23674242424242423 0.9049873737373737 0.23358585858585856
1 0.8857323232323232 0.2831439393939394 0.887310606060606 0.2793560606060606 0.8898358585858585 0.2765151515151515 0.892361111111111 0.2736742424242424 0.8942550505050504 0.27209595959595956 0.8964646464646464 0.27114898989898983 0.898989898989899 0.27020202020202017 0.9021464646464646 0.26925505050505044 0.9053030303030302 0.2689393939393939 0.9100378787878787 0.2689393939393939 0.9144570707070706 0.2689393939393939 0.9188762626262625 0.27051767676767674 0.9239267676767676 0.2733585858585858 0.9283459595959596 0.27683080808080807 0.9315025252525252 0.28125 0.9337121212121211 0.2869318181818182 0.9346590909090909 0.29450757575757575 0.9349747474747474 0.30239898989898983 0.9340277777777778 0.30997474747474746 0.9324494949494949 0.31723484848484845 0.9305555555555555 0.3232323232323232 0.928030303030303 0.3289141414141414 0.9245580808080808 0.33270202020202017 0.9198232323232323 0.3352272727272727 0.9135101010101009 0.3361742424242424 0.9087752525252525 0.3361742424242424 0.9034090909090909 0.3352272727272727 0.8970959595959596 0.33270202020202017 0.8929924242424242 0.3289141414141414 0.8898358585858585 0.3248106060606061 0.8866792929292928 0.319760101010101 0.88510101010101 0.3143939393939394 0.8838383838383838 0.30902777777777773 0.8832070707070706 0.30334595959595956 0.8832070707070706 0.29797979797979796 0.8832070707070706 0.2932449494949495
1 0.6849747474747474 0.11837121212121211 0.6792929292929293 0.10795454545454544 0.678030303030303 0.10353535353535354 0.6777146464646464 0.0991161616161616 0.6777146464646464 0.09501262626262626 0.6796085858585859 0.09059343434343434 0.6821338383838383 0.08680555555555555 0.6846590909090909 0.08333333333333333 0.6875 0.0798611111111111 0.6906565656565656 0.07670454545454544 0.6941287878787877 0.07417929292929291 0.6988636363636364 0.07196969696969696 0.7032828282828283 0.07039141414141413 0.7077020202020202 0.06944444444444443 0.7121212121212122 0.06944444444444443 0.7168560606060606 0.06976010101010101 0.7206439393939393 0.0707070707070707 0.7256944444444444 0.07291666666666667 0.7304292929292928 0.07607323232323232 0.7345328282828283 0.07954545454545454 0.7386363636363635 0.08396464646464645 0.7414772727272727 0.08964646464646463 0.742739898989899 0.09532828282828282 0.742739898989899 0.1019570707070707 0.742739898989899 0.1073232323232323 0.7402146464646464 0.11268939393939394 0.7364267676767676 0.11773989898989898 0.7316919191919191 0.12184343434343432 0.7263257575757576 0.12468434343434343 0.7206439393939393 0.12720959595959594 0.7168560606060606 0.1278409090909091 0.709280303030303 0.1278409090909091 0.7035984848484848 0.12720959595959594 0.6982323232323232 0.12594696969696967 0.6941287878787877 0.12405303030303029 0.6890782828282828 0.12184343434343432
1 0.5274621212121212 0.06881313131313131 0.5366161616161615 0.061868686868686865 0.543560606060606 0.059659090909090905 0.5505050505050505 0.05839646464646464 0.5565025252525253 0.05808080808080807 0.5621843434343433 0.05839646464646464 0.5669191919191919 0.059659090909090905 0.5707070707070707 0.0615530303030303 0.5729166666666666 0.06439393939393939 0.574810606060606 0.0678661616161616 0.5760732323232323 0.0716540404040404 0.577020202020202 0.07544191919191919 0.5763888888888888 0.08017676767676768 0.5754419191919191 0.08459595959595959 0.5738636363636364 0.0899621212121212 0.5719696969696969 0.09406565656565656 0.5700757575757576 0.09659090909090909 0.5688131313131313 0.09880050505050504 0.5659722222222221 0.10353535353535354 0.5625 0.10763888888888888 0.5583964646464646 0.11174242424242424 0.5533459595959596 0.11489898989898989 0.5479797979797979 0.11742424242424242 0.543560606060606 0.11900252525252525 0.5375631313131313 0.1202651515151515 0.5325126262626262 0.12058080808080808 0.5258838383838383 0.11994949494949494 0.5208333333333333 0.11900252525252525 0.5164141414141413 0.11553030303030302 0.5129419191919191 0.11016414141414141 0.5116792929292929 0.10353535353535354 0.5113636363636364 0.09753787878787877 0.5119949494949495 0.09154040404040403 0.5129419191919191 0.08680555555555555 0.5148358585858586 0.08207070707070706 0.5179924242424242 0.07733585858585858 0.521780303030303 0.07228535353535354
1 0.8579545454545454 0.050505050505050504 0.8573232323232323 0.04766414141414141 0.8573232323232323 0.043876262626262624 0.8573232323232323 0.03914141414141414 0.858270202020202 0.03472222222222222 0.8601641414141413 0.029040404040404037 0.8630050505050504 0.023989898989898988 0.8661616161616161 0.0202020202020202 0.8696338383838383 0.01799242424242424 0.8749999999999999 0.017045454545454544 0.8797348484848484 0.016729797979797977 0.8847853535353535 0.016729797979797977 0.8898358585858585 0.017045454545454544 0.8948863636363635 0.018308080808080808 0.9005681818181818 0.0202020202020202 0.9056186868686869 0.022727272727272724 0.9097222222222221 0.025883838383838384 0.9131944444444444 0.028724747474747472 0.9157196969696969 0.031249999999999997 0.9182449494949494 0.03377525252525252 0.9204545454545453 0.036616161616161616 0.9210858585858585 0.04008838383838384 0.9195075757575757 0.044823232323232313 0.9169823232323232 0.04892676767676767 0.9138257575757576 0.05334595959595959 0.9103535353535352 0.05713383838383838 0.9065656565656565 0.06029040404040404 0.9021464646464646 0.06249999999999999 0.896780303030303 0.06470959595959595 0.8920454545454545 0.06597222222222222 0.887310606060606 0.06628787878787878 0.8797348484848484 0.06597222222222222 0.8749999999999999 0.06470959595959595 0.8696338383838383 0.061868686868686865 0.8645833333333333 0.05839646464646464 0.8604797979797979 0.05429292929292929
1 0.9589646464646464 0.14488636363636365 0.9545454545454545 0.13699494949494948 0.9532828282828283 0.13257575757575757 0.9529671717171716 0.12720959595959594 0.9532828282828283 0.12247474747474746 0.954861111111111 0.11773989898989898 0.9567550505050504 0.11426767676767675 0.9605429292929292 0.11047979797979797 0.9646464646464646 0.10795454545454544 0.9690656565656565 0.10574494949494948 0.9731691919191918 0.10511363636363637 0.9791666666666665 0.10479797979797979 0.9845328282828283 0.10574494949494948 0.9892676767676767 0.1073232323232323 0.993371212121212 0.10953282828282827 0.995580808080808 0.1111111111111111 0.9987373737373737 0.11489898989898989 0.9987373737373737 0.11679292929292928 0.9989583333333333 0.15634469696970968 0.9989583333333333 0.17392676767676768 0.9921085858585859 0.17487373737373738 0.9883207070707071 0.17487373737373738 0.9839015151515151 0.1745580808080808 0.9797979797979797 0.17297979797979796 0.9769570707070706 0.17045454545454544 0.973800505050505 0.16666666666666666 0.9712752525252525 0.16319444444444445 0.969381313131313 0.1597222222222222 0.9674873737373737 0.15688131313131312 0.9649621212121211 0.15277777777777776 0.9624368686868686 0.14930555555555552
1 0.9545454545454545 0.4864267676767676 0.9507575757575757 0.4835858585858585 0.9460227272727272 0.4794823232323232 0.9431818181818181 0.476010101010101 0.9409722222222221 0.4690656565656565 0.9406565656565656 0.4627525252525252 0.9416035353535352 0.4558080808080808 0.9438131313131313 0.44917929292929293 0.9463383838383838 0.44349747474747475 0.9494949494949494 0.4378156565656565 0.9542297979797979 0.43213383838383834 0.9595959595959596 0.425820707070707 0.9649621212121211 0.42045454545454547 0.9696969696969696 0.41603535353535354 0.9744318181818181 0.4119318181818182 0.9791666666666665 0.4087752525252525 0.9826388888888888 0.4081439393939394 0.9886363636363635 0.4081439393939394 0.9940025252525252 0.4081439393939394 0.9968434343434343 0.4087752525252525 0.9989583333333333 0.4096816378066378 0.9989583333333333 0.4775883838383838 0.998421717171717 0.4797979797979798 0.9952651515151515 0.481060606060606 0.991161616161616 0.48169191919191917 0.9867424242424242 0.4823232323232323 0.9839015151515151 0.48327020202020193 0.9794823232323232 0.4848484848484848 0.9756944444444444 0.48611111111111105 0.9722222222222221 0.4870580808080808 0.9681186868686867 0.488320707070707 0.9659090909090909 0.488320707070707 0.962121212121212 0.48800505050505044
1 0.6622474747474747 0.5003156565656565 0.6603535353535352 0.4949494949494949 0.6600378787878788 0.4892676767676767 0.6609848484848484 0.4835858585858585 0.6635101010101009 0.47853535353535354 0.6660353535353535 0.4747474747474747 0.6695075757575757 0.4722222222222222 0.6726641414141414 0.4712752525252525 0.6764520202020202 0.4709595959595959 0.6799242424242423 0.47064393939393934 0.6840277777777778 0.47064393939393934 0.688131313131313 0.4712752525252525 0.6912878787878788 0.4725378787878788 0.6947601010101009 0.4741161616161616 0.6991792929292928 0.47664141414141414 0.7017045454545454 0.4794823232323232 0.7039141414141414 0.48295454545454547 0.7061237373737373 0.4870580808080808 0.7077020202020202 0.49084595959595956 0.7089646464646464 0.49431818181818177 0.7105429292929292 0.49936868686868685 0.7105429292929292 0.5031565656565656 0.7099116161616161 0.5066287878787878 0.7083333333333334 0.5104166666666666 0.7058080808080808 0.5126262626262625 0.7023358585858585 0.5151515151515151 0.6994949494949495 0.5167297979797979 0.6947601010101009 0.5176767676767676 0.6906565656565656 0.5176767676767676 0.6856060606060606 0.5176767676767676 0.6821338383838383 0.5164141414141413 0.6773989898989898 0.5142045454545454 0.673611111111111 0.5110479797979798 0.668560606060606 0.507260101010101 0.6647727272727272 0.5037878787878787
1 0.4958964646464646 0.5271464646464646 0.488320707070707 0.523989898989899 0.48453282828282823 0.5214646464646464 0.4797979797979798 0.5167297979797979 0.47537878787878785 0.5104166666666666 0.4731691919191919 0.5063131313131313 0.47190656565656564 0.5012626262626262 0.47190656565656564 0.4949494949494949 0.4725378787878788 0.48958333333333326 0.4741161616161616 0.4851641414141413 0.47664141414141414 0.4807449494949495 0.47916666666666663 0.4779040404040404 0.4839015151515151 0.47506313131313127 0.48958333333333326 0.4725378787878788 0.4940025252525252 0.4709595959595959 0.49747474747474746 0.47001262626262624 0.5018939393939393 0.47001262626262624 0.5066287878787878 0.4703282828282828 0.5110479797979798 0.4712752525252525 0.5167297979797979 0.4722222222222222 0.5211489898989898 0.4741161616161616 0.5255681818181818 0.476010101010101 0.5293560606060606 0.47821969696969696 0.5347222222222221 0.4807449494949495 0.539141414141414 0.4835858585858585 0.5438762626262627 0.4867424242424242 0.5473484848484848 0.4902146464646464 0.5498737373737373 0.4933712121212121 0.5517676767676767 0.497790404040404 0.553030303030303 0.5034722222222222 0.553030303030303 0.5082070707070706 0.5520833333333334 0.5132575757575757 0.5501893939393939 0.5183080808080808 0.5467171717171716 0.5227272727272727 0.5426136363636364 0.5258838383838383 0.5385101010101009 0.5280934343434344 0.5331439393939393 0.5303030303030303 0.529040404040404 0.5312499999999999 0.524621212121212 0.531881313131313 0.5202020202020202 0.531881313131313 0.5154671717171717 0.531881313131313 0.5113636363636364 0.5315656565656565 0.5053661616161615 0.5306186868686869 0.5012626262626262 0.529040404040404
1 0.7780934343434343 0.5574494949494949 0.7784090909090909 0.5643939393939393 0.7771464646464646 0.5681818181818181 0.7749368686868686 0.5729166666666666 0.7727272727272727 0.577020202020202 0.7702020202020202 0.5814393939393939 0.7660984848484848 0.5852272727272727 0.7613636363636364 0.5877525252525253 0.755050505050505 0.5890151515151515 0.748421717171717 0.5899621212121212 0.7408459595959596 0.5902777777777778 0.7348484848484848 0.5890151515151515 0.7313762626262625 0.5868055555555555 0.7228535353535352 0.5817550505050504 0.7200126262626262 0.5792297979797979 0.7181186868686869 0.5754419191919191 0.7174873737373737 0.5691287878787878 0.7178030303030302 0.5640782828282828 0.71875 0.5596590909090909 0.7206439393939393 0.5542929292929293 0.7231691919191918 0.5492424242424242 0.7253787878787877 0.5451388888888888 0.7294823232323232 0.5419823232323232 0.7345328282828283 0.5397727272727272 0.7395833333333333 0.5378787878787878 0.7443181818181818 0.5372474747474747 0.750631313131313 0.5366161616161615 0.7547348484848484 0.5366161616161615 0.7588383838383838 0.5366161616161615 0.762310606060606 0.5369318181818181 0.7667297979797979 0.5378787878787878 0.7698863636363635 0.539141414141414 0.7730429292929292 0.5416666666666666 0.7749368686868686 0.545770202020202 0.7765151515151515 0.5501893939393939
1 0.9043560606060606 0.6079545454545454 0.9084595959595958 0.6035353535353535 0.9116161616161615 0.6013257575757576 0.9150883838383838 0.5997474747474747 0.9182449494949494 0.5991161616161615 0.9217171717171716 0.5994318181818181 0.9261363636363635 0.6010101010101009 0.9289772727272727 0.6022727272727272 0.9318181818181818 0.6044823232323232 0.9343434343434343 0.6070075757575757 0.9378156565656565 0.6101641414141414 0.940340909090909 0.6130050505050504 0.9412878787878787 0.6158459595959596 0.9422348484848484 0.6196338383838383 0.9428661616161615 0.6243686868686869 0.9431818181818181 0.6287878787878788 0.9434974747474746 0.6332070707070707 0.9428661616161615 0.6379419191919191 0.942550505050505 0.6429924242424242 0.9412878787878787 0.6493055555555555 0.9406565656565656 0.6537247474747474 0.9400252525252525 0.6587752525252525 0.938131313131313 0.6619318181818181 0.9343434343434343 0.6666666666666666 0.930239898989899 0.6695075757575757 0.9264520202020202 0.6704545454545454 0.9223484848484848 0.6704545454545454 0.9169823232323232 0.6691919191919191 0.9125631313131313 0.6679292929292928 0.9065656565656565 0.6644570707070707 0.9008838383838383 0.6594065656565656 0.8974116161616161 0.6524621212121211 0.8952020202020202 0.6442550505050504 0.8945707070707071 0.6369949494949495 0.8945707070707071 0.6287878787878788 0.8948863636363635 0.6231060606060606 0.8964646464646464 0.6180555555555555 0.8986742424242423 0.6139520202020202 0.9008838383838383 0.6104797979797979
1 0.7503156565656565 0.6783459595959596 0.7430555555555555 0.6751893939393939 0.7383207070707071 0.6732954545454545 0.7335858585858585 0.6710858585858585 0.72885101010101 0.6628787878787877 0.7279040404040403 0.6600378787878788 0.7269570707070707 0.6559343434343433 0.7269570707070707 0.6511994949494949 0.7275883838383838 0.6477272727272727 0.7291666666666666 0.6436237373737373 0.7316919191919191 0.6398358585858586 0.7354797979797979 0.6360479797979797 0.7392676767676767 0.6325757575757576 0.7446338383838383 0.6284722222222221 0.7490530303030302 0.625 0.7525252525252525 0.6231060606060606 0.7566287878787877 0.6212121212121211 0.7613636363636364 0.6202651515151515 0.7654671717171716 0.6199494949494949 0.7708333333333333 0.6199494949494949 0.7765151515151515 0.6199494949494949 0.781881313131313 0.6208964646464646 0.7878787878787877 0.6227904040404041 0.7926136363636364 0.625 0.7970328282828283 0.6281565656565656 0.8008207070707071 0.6309974747474747 0.8036616161616161 0.6347853535353535 0.805239898989899 0.6388888888888888 0.8068181818181818 0.6433080808080808 0.8077651515151515 0.6480429292929293 0.8080808080808081 0.6524621212121211 0.8080808080808081 0.6556186868686869 0.8071338383838383 0.6597222222222221 0.8046085858585859 0.6631944444444444 0.8005050505050504 0.6676136363636364 0.7948232323232323 0.6710858585858585 0.7897727272727272 0.6729797979797979 0.786300505050505 0.6742424242424242 0.781881313131313 0.6758207070707071 0.7768308080808081 0.6777146464646464 0.771780303030303 0.6786616161616161 0.767361111111111 0.6789772727272727 0.7629419191919191 0.6789772727272727 0.7604166666666665 0.6789772727272727 0.7566287878787877 0.6789772727272727
1 0.47664141414141414 0.6366792929292928 0.481060606060606 0.6338383838383838 0.4857954545454545 0.632891414141414 0.4933712121212121 0.6316287878787877 0.49968434343434337 0.630050505050505 0.5031565656565656 0.6294191919191919 0.5059974747474747 0.6294191919191919 0.5088383838383838 0.6297348484848484 0.5129419191919191 0.630050505050505 0.5170454545454545 0.6303661616161615 0.5211489898989898 0.6306818181818181 0.5252525252525252 0.6313131313131313 0.5296717171717171 0.6322601010101009 0.5356691919191919 0.6357323232323232 0.5381944444444444 0.6366792929292928 0.5410353535353535 0.6382575757575757 0.5426136363636364 0.6398358585858586 0.5445075757575757 0.6417297979797979 0.5464015151515151 0.6448863636363635 0.5479797979797979 0.648989898989899 0.5482954545454546 0.6534090909090909 0.5479797979797979 0.6575126262626262 0.5454545454545454 0.6619318181818181 0.5419823232323232 0.6650883838383838 0.5394570707070707 0.6679292929292928 0.536300505050505 0.6704545454545454 0.5331439393939393 0.6729797979797979 0.529040404040404 0.6748737373737373 0.5268308080808081 0.6758207070707071 0.5236742424242424 0.6770833333333334 0.5205176767676767 0.678030303030303 0.5167297979797979 0.6796085858585859 0.5113636363636364 0.6811868686868686 0.507260101010101 0.6824494949494949 0.5022095959595959 0.6827651515151515 0.497790404040404 0.6824494949494949 0.49463383838383834 0.6818181818181818 0.48989898989898983 0.6805555555555555 0.4867424242424242 0.6796085858585859 0.48200757575757575 0.6789772727272727 0.47821969696969696 0.6783459595959596 0.4731691919191919 0.6773989898989898 0.46969696969696967 0.6755050505050504 0.46622474747474746 0.6732954545454545 0.4646464646464646 0.6714015151515151 0.4627525252525252 0.6650883838383838 0.4624368686868686 0.659090909090909 0.46306818181818177 0.6521464646464646 0.466540404040404 0.6461489898989898 0.4690656565656565 0.6420454545454545 0.47190656565656564 0.6392045454545454
1 0.6650883838383838 0.7222222222222221 0.6581439393939393 0.7162247474747474 0.6556186868686869 0.7121212121212122 0.6534090909090909 0.7073863636363635 0.6518308080808081 0.7017045454545454 0.6515151515151515 0.6966540404040403 0.6524621212121211 0.6919191919191918 0.654671717171717 0.688131313131313 0.6581439393939393 0.6827651515151515 0.6622474747474747 0.6783459595959596 0.66635101010101 0.6755050505050504 0.6698232323232323 0.6748737373737373 0.673611111111111 0.6748737373737373 0.6811868686868686 0.6751893939393939 0.6852904040404041 0.6761363636363635 0.6893939393939393 0.6777146464646464 0.6938131313131313 0.6792929292929293 0.6985479797979797 0.6818181818181818 0.7032828282828283 0.6852904040404041 0.7067550505050504 0.6893939393939393 0.7086489898989898 0.6931818181818181 0.7102272727272727 0.6966540404040403 0.7111742424242423 0.7013888888888888 0.7118055555555555 0.7067550505050504 0.7118055555555555 0.7127525252525252 0.7118055555555555 0.7174873737373737 0.7105429292929292 0.7222222222222221 0.709280303030303 0.7260101010101009 0.7067550505050504 0.7294823232323232 0.7026515151515151 0.7320075757575757 0.69760101010101 0.7323232323232323 0.6912878787878788 0.7326388888888888 0.685921717171717 0.7326388888888888 0.6799242424242423 0.7313762626262625 0.6745580808080808 0.72885101010101
1 0.5198863636363636 0.7342171717171716 0.5230429292929293 0.7234848484848484 0.524621212121212 0.7196969696969696 0.5277777777777778 0.7146464646464646 0.5315656565656565 0.7108585858585859 0.5353535353535352 0.7067550505050504 0.5394570707070707 0.7032828282828283 0.5451388888888888 0.7001262626262625 0.548611111111111 0.6991792929292928 0.5536616161616161 0.6991792929292928 0.5580808080808081 0.6991792929292928 0.5621843434343433 0.699810606060606 0.5656565656565656 0.7017045454545454 0.5678661616161615 0.7039141414141414 0.5700757575757576 0.7070707070707071 0.5719696969696969 0.7102272727272727 0.5738636363636364 0.7140151515151515 0.5741792929292928 0.7184343434343433 0.5741792929292928 0.7231691919191918 0.5729166666666666 0.7279040404040403 0.5713383838383838 0.7329545454545454 0.5691287878787878 0.7373737373737373 0.5662878787878788 0.7414772727272727 0.5640782828282828 0.7446338383838383 0.5593434343434343 0.7474747474747474 0.5527146464646464 0.7503156565656565 0.5473484848484848 0.7522095959595958 0.5429292929292928 0.7531565656565656 0.5369318181818181 0.7534722222222221 0.5312499999999999 0.7525252525252525 0.5265151515151515 0.7509469696969696 0.5233585858585859 0.748421717171717 0.5211489898989898 0.7452651515151515 0.5195707070707071 0.740530303030303
1 0.42739898989898983 0.7929292929292928 0.4242424242424242 0.7900883838383838 0.42077020202020193 0.7856691919191918 0.4182449494949495 0.7821969696969696 0.41666666666666663 0.7765151515151515 0.4163510101010101 0.7714646464646464 0.4172979797979798 0.7657828282828283 0.4185606060606061 0.7607323232323232 0.4214015151515151 0.7559974747474747 0.4245580808080808 0.7525252525252525 0.428030303030303 0.7493686868686869 0.4327651515151515 0.7458964646464646 0.4390782828282828 0.7424242424242423 0.444760101010101 0.7402146464646464 0.45170454545454547 0.7383207070707071 0.45864898989898983 0.7370580808080808 0.46527777777777773 0.7367424242424242 0.4712752525252525 0.7367424242424242 0.47632575757575757 0.7376893939393939 0.48011363636363635 0.7398989898989898 0.48327020202020193 0.7433712121212122 0.4848484848484848 0.7471590909090909 0.4851641414141413 0.7525252525252525 0.4854797979797979 0.7572601010101009 0.4851641414141413 0.762310606060606 0.4839015151515151 0.767361111111111 0.48200757575757575 0.7711489898989898 0.4794823232323232 0.7752525252525252 0.4756944444444444 0.779671717171717 0.4728535353535353 0.7821969696969696 0.46874999999999994 0.7847222222222221 0.46496212121212116 0.7869318181818181 0.46022727272727265 0.7888257575757576 0.4545454545454545 0.7907196969696969 0.45075757575757575 0.7919823232323232 0.44570707070707066 0.7932449494949495 0.4409722222222222 0.7945075757575757 0.4359217171717171 0.7945075757575757 0.4311868686868686 0.7945075757575757
1 0.5583964646464646 0.844381313131313 0.5574494949494949 0.8399621212121211 0.5568181818181818 0.8355429292929292 0.5568181818181818 0.8314393939393939 0.5577651515151515 0.8267045454545454 0.5596590909090909 0.8213383838383838 0.5625 0.8159722222222221 0.5650252525252525 0.8115530303030302 0.5691287878787878 0.8071338383838383 0.57260101010101 0.8046085858585859 0.5776515151515151 0.8017676767676767 0.5830176767676767 0.8001893939393939 0.5905934343434343 0.798611111111111 0.5994318181818181 0.7973484848484848 0.606060606060606 0.7970328282828283 0.6117424242424242 0.7970328282828283 0.6190025252525253 0.7979797979797979 0.6253156565656565 0.7995580808080808 0.6306818181818181 0.8014520202020202 0.6360479797979797 0.8046085858585859 0.639520202020202 0.8080808080808081 0.642361111111111 0.8124999999999999 0.6448863636363635 0.8178661616161615 0.6461489898989898 0.8238636363636364 0.6461489898989898 0.8285984848484848 0.6436237373737373 0.8339646464646464 0.6398358585858586 0.8390151515151515 0.6354166666666666 0.8431186868686869 0.6313131313131313 0.8462752525252525 0.6268939393939393 0.8491161616161615 0.6218434343434343 0.8519570707070706 0.6148989898989898 0.8547979797979797 0.6085858585858586 0.8570075757575757 0.60385101010101 0.858270202020202 0.5972222222222221 0.8592171717171716 0.5905934343434343 0.8595328282828283 0.5858585858585859 0.8595328282828283 0.5808080808080808 0.858270202020202 0.5757575757575757 0.8566919191919191 0.5719696969696969 0.8551136363636364 0.5681818181818181 0.8529040404040403 0.5643939393939393 0.8506944444444444 0.5606060606060606 0.8475378787878788
1 0.7487373737373737 0.8361742424242423 0.7534722222222221 0.8327020202020202 0.7575757575757576 0.8304924242424242 0.7632575757575757 0.8289141414141413 0.7702020202020202 0.8273358585858585 0.7746212121212122 0.827020202020202 0.7784090909090909 0.8276515151515151 0.7825126262626262 0.829861111111111 0.7856691919191918 0.8323863636363635 0.7881944444444444 0.8358585858585859 0.7897727272727272 0.8412247474747474 0.7904040404040403 0.846590909090909 0.7904040404040403 0.851641414141414 0.7900883838383838 0.8579545454545454 0.7885101010101009 0.8636363636363635 0.786300505050505 0.8702651515151515 0.7834595959595958 0.8768939393939393 0.7799873737373737 0.8832070707070706 0.7755681818181818 0.8879419191919191 0.7702020202020202 0.8914141414141413 0.7638888888888888 0.8955176767676767 0.7572601010101009 0.898989898989899 0.7522095959595958 0.9008838383838383 0.7477904040404041 0.901830808080808 0.7417929292929292 0.9011994949494949 0.7370580808080808 0.898989898989899 0.7335858585858585 0.8955176767676767 0.731060606060606 0.889520202020202 0.7301136363636364 0.8819444444444444 0.7297979797979797 0.8746843434343433 0.7307449494949495 0.8671085858585859 0.7329545454545454 0.8595328282828283 0.7351641414141414 0.8529040404040403 0.7380050505050504 0.8478535353535352 0.7414772727272727 0.8428030303030302 0.7452651515151515 0.8383838383838383
1 0.8049242424242423 0.7234848484848484 0.8080808080808081 0.7196969696969696 0.8118686868686869 0.7165404040404041 0.8178661616161615 0.7127525252525252 0.8244949494949495 0.709280303030303 0.8304924242424242 0.7067550505050504 0.8383838383838383 0.7045454545454545 0.8424873737373737 0.7039141414141414 0.8469065656565656 0.704861111111111 0.851641414141414 0.7073863636363635 0.8566919191919191 0.7105429292929292 0.8595328282828283 0.7136994949494949 0.8630050505050504 0.7181186868686869 0.8652146464646464 0.7228535353535352 0.8664772727272727 0.7279040404040403 0.8667929292929292 0.7329545454545454 0.8658459595959596 0.7395833333333333 0.8639520202020202 0.7458964646464646 0.8614267676767676 0.7512626262626262 0.8585858585858585 0.7569444444444444 0.8547979797979797 0.7613636363636364 0.8503787878787877 0.7651515151515151 0.8450126262626262 0.7689393939393939 0.8380681818181818 0.7724116161616161 0.8323863636363635 0.7752525252525252 0.8257575757575757 0.7774621212121211 0.8188131313131313 0.7790404040404039 0.8147095959595958 0.7793560606060606 0.8093434343434343 0.7793560606060606 0.8036616161616161 0.7787247474747474 0.7982954545454545 0.7771464646464646 0.7951388888888888 0.7746212121212122 0.7932449494949495 0.7705176767676767 0.7922979797979797 0.7654671717171716 0.7922979797979797 0.7604166666666665 0.7922979797979797 0.7547348484848484 0.7932449494949495 0.7481060606060606 0.7951388888888888 0.7411616161616161 0.7967171717171716 0.7367424242424242 0.798611111111111 0.733270202020202 0.8008207070707071 0.72885101010101
1 0.8254419191919191 0.9264520202020202 0.8140782828282828 0.9283459595959596 0.8090277777777778 0.9289772727272727 0.8061868686868686 0.9292929292929292 0.8020833333333333 0.9296085858585859 0.7970328282828283 0.9299242424242423 0.7922979797979797 0.9289772727272727 0.7885101010101009 0.928030303030303 0.7872474747474747 0.9273989898989898 0.7856691919191918 0.9264520202020202 0.7831439393939393 0.923611111111111 0.7806186868686869 0.9188762626262625 0.779671717171717 0.9125631313131313 0.7793560606060606 0.9056186868686869 0.779671717171717 0.899621212121212 0.7809343434343433 0.8942550505050504 0.7844065656565656 0.8882575757575757 0.7900883838383838 0.8822601010101009 0.7954545454545454 0.8775252525252525 0.8017676767676767 0.8743686868686869 0.8137626262626262 0.8712121212121211 0.8244949494949495 0.8699494949494949 0.8320707070707071 0.8696338383838383 0.8386994949494949 0.8702651515151515 0.8450126262626262 0.8721590909090909 0.8503787878787877 0.8753156565656565 0.8551136363636364 0.8803661616161615 0.8589015151515151 0.8866792929292928 0.8614267676767676 0.8920454545454545 0.8620580808080808 0.8977272727272727 0.8614267676767676 0.9027777777777778 0.8585858585858585 0.9071969696969696 0.8544823232323232 0.9116161616161615 0.8497474747474746 0.9154040404040403 0.8450126262626262 0.9182449494949494 0.8390151515151515 0.9214015151515151 0.8330176767676767 0.9239267676767676
1 0.91635101010101 0.8958333333333333 0.9150883838383838 0.8809974747474746 0.9160353535353535 0.8743686868686869 0.918560606060606 0.8667929292929292 0.9220328282828283 0.8598484848484848 0.9261363636363635 0.8532196969696969 0.9311868686868686 0.8472222222222221 0.9365530303030302 0.8418560606060606 0.9416035353535352 0.8383838383838383 0.9457070707070706 0.8368055555555555 0.9510732323232323 0.8368055555555555 0.9551767676767676 0.8390151515151515 0.9577020202020201 0.8415404040404039 0.961489898989899 0.844381313131313 0.9649621212121211 0.8475378787878788 0.9678030303030302 0.8519570707070706 0.969381313131313 0.8576388888888888 0.9700126262626262 0.8623737373737372 0.9709595959595958 0.8658459595959596 0.9722222222222221 0.8686868686868686 0.9734848484848484 0.873421717171717 0.973800505050505 0.877840909090909 0.973800505050505 0.8832070707070706 0.9731691919191918 0.8879419191919191 0.9719065656565656 0.8939393939393939 0.9700126262626262 0.8993055555555555 0.9678030303030302 0.9043560606060606 0.9649621212121211 0.9106691919191918 0.9608585858585859 0.9179292929292928 0.9561237373737372 0.923611111111111 0.9501262626262625 0.928030303030303 0.9447601010101009 0.9299242424242423 0.9384469696969696 0.9292929292929292 0.9324494949494949 0.9267676767676767 0.9296085858585859 0.923611111111111 0.9267676767676767 0.9191919191919191 0.9245580808080808 0.9150883838383838 0.9223484848484848 0.9106691919191918 0.920770202020202 0.9075126262626262 0.9191919191919191 0.9037247474747474
1 0.9554924242424242 0.7316919191919191 0.9494949494949494 0.71875 0.9488636363636364 0.7162247474747474 0.9482323232323232 0.7121212121212122 0.9479166666666665 0.7077020202020202 0.9482323232323232 0.7032828282828283 0.9491792929292928 0.699810606060606 0.9510732323232323 0.6957070707070707 0.9535984848484848 0.6912878787878788 0.9567550505050504 0.6878156565656565 0.959911616161616 0.6856060606060606 0.9630681818181818 0.6843434343434343 0.9681186868686867 0.6843434343434343 0.9734848484848484 0.6843434343434343 0.9772727272727272 0.6843434343434343 0.9807449494949494 0.6852904040404041 0.9857954545454545 0.6862373737373737 0.9902146464646464 0.6875 0.9940025252525252 0.6884469696969696 0.9971590909090909 0.6897095959595958 0.9989583333333333 0.6903843118686869 0.9989583333333333 0.7667297979797979 0.9867424242424242 0.7607323232323232 0.9845328282828283 0.7591540404040403 0.9807449494949494 0.7572601010101009 0.9769570707070706 0.755050505050505 0.9731691919191918 0.752840909090909 0.9700126262626262 0.750631313131313 0.9668560606060606 0.7481060606060606 0.9640151515151515 0.7455808080808081 0.9618055555555555 0.7433712121212122 0.959280303030303 0.7386363636363635 0.9580176767676767 0.7348484848484848
1 0.7421085858585859 0.9624368686868686 0.7465277777777778 0.9526515151515151 0.7496843434343433 0.9491792929292928 0.7534722222222221 0.9460227272727272 0.7594696969696969 0.9434974747474746 0.767361111111111 0.9416035353535352 0.7724116161616161 0.9412878787878787 0.7771464646464646 0.9416035353535352 0.781881313131313 0.9431818181818181 0.7866161616161615 0.9447601010101009 0.7904040404040403 0.9472853535353535 0.7932449494949495 0.9504419191919191 0.7951388888888888 0.9551767676767676 0.7960858585858585 0.9608585858585859 0.7964015151515151 0.9649621212121211 0.7951388888888888 0.9703282828282827 0.7922979797979797 0.9750631313131313 0.7881944444444444 0.9782196969696969 0.7837752525252525 0.981060606060606 0.7784090909090909 0.9839015151515151 0.7730429292929292 0.9857954545454545 0.767361111111111 0.9870580808080808 0.7610479797979797 0.9870580808080808 0.7534722222222221 0.9851641414141413 0.7481060606060606 0.9823232323232323 0.7452651515151515 0.9794823232323232 0.7436868686868686 0.9763257575757576 0.7424242424242423 0.9722222222222221 0.7421085858585859 0.967171717171717
1 0.17708333333333334 0.8791035353535352 0.18781565656565655 0.8712121212121211 0.19065656565656564 0.8690025252525252 0.19349747474747475 0.8674242424242423 0.1972853535353535 0.865530303030303 0.20138888888888887 0.8636363636363635 0.20707070707070707 0.8617424242424242 0.2111742424242424 0.861111111111111 0.21654040404040403 0.8614267676767676 0.22253787878787878 0.8636363636363635 0.22664141414141412 0.8671085858585859 0.22979797979797978 0.8721590909090909 0.23169191919191917 0.877840909090909 0.23295454545454544 0.8857323232323232 0.23263888888888887 0.8929924242424242 0.22916666666666663 0.8993055555555555 0.22537878787878787 0.9049873737373737 0.22190656565656564 0.9094065656565656 0.21717171717171715 0.9147727272727272 0.21180555555555552 0.9188762626262625 0.2048611111111111 0.9229797979797979 0.1991792929292929 0.9261363636363635 0.19255050505050506 0.9283459595959596 0.18308080808080807 0.930239898989899 0.17676767676767677 0.9305555555555555 0.16982323232323232 0.9277146464646464 0.1669823232323232 0.9229797979797979 0.1644570707070707 0.9172979797979797 0.16414141414141412 0.9087752525252525 0.16477272727272724 0.9015151515151515 0.1669823232323232 0.8961489898989898 0.16919191919191917 0.8910984848484848 0.17203282828282826 0.8869949494949495
1 0.1284722222222222 0.8813131313131313 0.12247474747474746 0.8787878787878787 0.1202651515151515 0.8765782828282828 0.11805555555555555 0.8715277777777778 0.11616161616161615 0.8658459595959596 0.11616161616161615 0.8579545454545454 0.11805555555555555 0.8497474747474746 0.11994949494949494 0.8434343434343433 0.1231060606060606 0.8377525252525252 0.12657828282828282 0.8327020202020202 0.13162878787878787 0.8282828282828283 0.13794191919191917 0.8244949494949495 0.14457070707070707 0.82260101010101 0.15119949494949492 0.8222853535353535 0.15940656565656566 0.8222853535353535 0.1654040404040404 0.8241792929292928 0.16824494949494948 0.827020202020202 0.17045454545454544 0.8317550505050504 0.17077020202020202 0.8377525252525252 0.17077020202020202 0.844381313131313 0.16982323232323232 0.8519570707070706 0.16824494949494948 0.8576388888888888 0.1660353535353535 0.8623737373737372 0.1625631313131313 0.867739898989899 0.1587752525252525 0.8721590909090909 0.15277777777777776 0.8765782828282828 0.14678030303030304 0.8806818181818181 0.13983585858585856 0.8825757575757576 0.13352272727272724 0.8832070707070706
1 0.015467171717171716 0.8914141414141413 0.020517676767676764 0.8847853535353535 0.025252525252525252 0.8794191919191918 0.0303030303030303 0.8759469696969696 0.03566919191919192 0.873421717171717 0.041982323232323225 0.8715277777777778 0.04924242424242423 0.8702651515151515 0.05618686868686869 0.8699494949494949 0.06313131313131312 0.8696338383838383 0.06976010101010101 0.8699494949494949 0.07481060606060605 0.8708964646464646 0.07922979797979797 0.8727904040404039 0.0827020202020202 0.8749999999999999 0.08680555555555555 0.8784722222222221 0.08869949494949494 0.8835227272727272 0.08869949494949494 0.8892045454545453 0.08554292929292928 0.8948863636363635 0.08238636363636362 0.899621212121212 0.07733585858585858 0.9056186868686869 0.07133838383838384 0.9106691919191918 0.06628787878787878 0.9128787878787877 0.05618686868686869 0.9144570707070706 0.044823232323232313 0.9147727272727272 0.03630050505050505 0.9147727272727272 0.026515151515151512 0.9135101010101009 0.019886363636363636 0.9109848484848484 0.016098484848484848 0.906881313131313 0.014204545454545452 0.9015151515151515 0.014204545454545452 0.8958333333333333
1 0.11773989898989898 0.9349747474747474 0.1221590909090909 0.9333964646464646 0.12910353535353533 0.9321338383838383 0.13541666666666666 0.9315025252525252 0.14015151515151514 0.9315025252525252 0.14362373737373738 0.9324494949494949 0.14709595959595959 0.9352904040404039 0.14930555555555552 0.9390782828282827 0.1505681818181818 0.9434974747474746 0.1515151515151515 0.9479166666666665 0.1524621212121212 0.9529671717171716 0.15309343434343434 0.9577020202020201 0.15340909090909088 0.9630681818181818 0.15309343434343434 0.9674873737373737 0.1515151515151515 0.9719065656565656 0.14741161616161616 0.9772727272727272 0.1442550505050505 0.9813762626262625 0.13825757575757575 0.9864267676767676 0.1313131313131313 0.9898989898989898 0.12436868686868686 0.9908459595959596 0.11868686868686867 0.9889520202020201 0.1120580808080808 0.9854797979797979 0.1073232323232323 0.9804292929292928 0.10448232323232323 0.9741161616161615 0.10353535353535354 0.9652777777777778 0.10353535353535354 0.9589646464646464 0.10511363636363637 0.9513888888888888 0.10795454545454544 0.9450757575757576 0.11142676767676767 0.9406565656565656
1 0.010732323232323232 0.9431818181818181 0.015467171717171716 0.9428661616161615 0.025883838383838384 0.9441287878787877 0.032828282828282825 0.945391414141414 0.03851010101010101 0.94760101010101 0.04292929292929293 0.9504419191919191 0.04703282828282828 0.9545454545454545 0.050820707070707065 0.959280303030303 0.054608585858585856 0.9652777777777778 0.05713383838383838 0.9722222222222221 0.05808080808080807 0.9804292929292928 0.05713383838383838 0.9857954545454545 0.05492424242424242 0.991161616161616 0.05271464646464646 0.9949494949494949 0.04987373737373737 0.9974747474747474 0.047754329004328896 0.9989583333333333 0.0006313131313131313 0.9989583333333333 0.0006313131313131313 0.9965277777777778 0.00031565656565656563 0.9441287878787877
1 0.03598484848484848 0.7825126262626262 0.029987373737373736 0.7774621212121211 0.028093434343434344 0.7758838383838383 0.025883838383838384 0.7730429292929292 0.024305555555555556 0.7702020202020202 0.023989898989898988 0.7648358585858585 0.023989898989898988 0.7588383838383838 0.026199494949494948 0.752840909090909 0.029987373737373736 0.7471590909090909 0.03535353535353535 0.7424242424242423 0.04071969696969697 0.7386363636363635 0.047979797979797977 0.7351641414141414 0.05587121212121212 0.7329545454545454 0.06660353535353535 0.7313762626262625 0.07702020202020202 0.731060606060606 0.08396464646464645 0.7313762626262625 0.09154040404040403 0.7326388888888888 0.09880050505050504 0.7351641414141414 0.10353535353535354 0.7380050505050504 0.10763888888888888 0.7414772727272727 0.11047979797979797 0.7465277777777778 0.1120580808080808 0.7541035353535352 0.11142676767676767 0.7610479797979797 0.10858585858585858 0.7660984848484848 0.10448232323232323 0.7702020202020202 0.09943181818181818 0.773989898989899 0.0946969696969697 0.7768308080808081 0.08964646464646463 0.779671717171717 0.08491161616161616 0.781881313131313 0.08049242424242424 0.784090909090909 0.07670454545454544 0.7853535353535352 0.07102272727272727 0.7859848484848484 0.06565656565656565 0.7866161616161615 0.059659090909090905 0.7866161616161615 0.05397727272727272 0.7866161616161615 0.04892676767676767 0.786300505050505 0.04229797979797979 0.7850378787878788
1 0.36395202020202017 0.6710858585858585 0.3519570707070707 0.6682449494949495 0.3472222222222222 0.6660353535353535 0.34154040404040403 0.6625631313131313 0.33648989898989895 0.6584595959595959 0.33270202020202017 0.6549873737373737 0.3295454545454545 0.6521464646464646 0.3260732323232323 0.6486742424242423 0.32417929292929293 0.6458333333333334 0.3226010101010101 0.6433080808080808 0.32196969696969696 0.639520202020202 0.3216540404040404 0.6335227272727272 0.32196969696969696 0.6275252525252525 0.3235479797979798 0.6224747474747474 0.3260732323232323 0.6183712121212122 0.3285984848484848 0.6152146464646464 0.3323863636363636 0.6120580808080808 0.33838383838383834 0.608270202020202 0.34311868686868685 0.6063762626262627 0.34848484848484845 0.6054292929292928 0.3560606060606061 0.6047979797979797 0.36300505050505044 0.6044823232323232 0.36931818181818177 0.6044823232323232 0.37436868686868685 0.6044823232323232 0.3794191919191919 0.6047979797979797 0.3838383838383838 0.6063762626262627 0.3888888888888889 0.608270202020202 0.39362373737373735 0.6101641414141414 0.3977272727272727 0.6123737373737373 0.4034090909090909 0.6148989898989898 0.4087752525252525 0.6186868686868686 0.41287878787878785 0.6227904040404041 0.4169823232323232 0.6265782828282828 0.4198232323232323 0.6297348484848484 0.4226641414141414 0.6335227272727272 0.42361111111111105 0.6385732323232323 0.42171717171717166 0.6464646464646464 0.4185606060606061 0.6511994949494949 0.41571969696969696 0.6559343434343433 0.413510101010101 0.659090909090909 0.41256313131313127 0.6625631313131313 0.4103535353535353 0.6660353535353535 0.4081439393939394 0.6688762626262627 0.40561868686868685 0.6710858585858585 0.40277777777777773 0.6723484848484848 0.3993055555555555 0.6729797979797979 0.394570707070707 0.673611111111111 0.39078282828282823 0.6742424242424242 0.3876262626262626 0.6745580808080808 0.38446969696969696 0.6748737373737373 0.3819444444444444 0.6748737373737373 0.3775252525252525 0.6739267676767676 0.3718434343434343 0.6726641414141414
1 0.3405934343434343 0.5479797979797979 0.32922979797979796 0.555239898989899 0.32417929292929293 0.5571338383838383 0.3194444444444444 0.5580808080808081 0.31565656565656564 0.5580808080808081 0.3112373737373737 0.5571338383838383 0.30681818181818177 0.5549242424242423 0.3027146464646464 0.5523989898989898 0.29987373737373735 0.548611111111111 0.2976641414141414 0.5422979797979797 0.29703282828282823 0.5356691919191919 0.29861111111111105 0.5271464646464646 0.30176767676767674 0.5179924242424242 0.3061868686868687 0.51010101010101 0.3115530303030303 0.5034722222222222 0.3162878787878788 0.4987373737373737 0.3216540404040404 0.4940025252525252 0.32796717171717166 0.48989898989898983 0.3352272727272727 0.4870580808080808 0.3409090909090909 0.4857954545454545 0.3462752525252525 0.4857954545454545 0.3525883838383838 0.4873737373737373 0.3573232323232323 0.490530303030303 0.35921717171717166 0.4949494949494949 0.3598484848484848 0.500631313131313 0.3601641414141414 0.5056818181818181 0.3601641414141414 0.5116792929292929 0.35921717171717166 0.5170454545454545 0.3573232323232323 0.5211489898989898 0.3557449494949495 0.5252525252525252 0.35353535353535354 0.5296717171717171 0.3506944444444444 0.5350378787878788 0.3472222222222222 0.5407196969696969
1 0.20422979797979796 0.47916666666666663 0.2067550505050505 0.46338383838383834 0.21054292929292925 0.4561237373737373 0.2146464646464646 0.45075757575757575 0.21969696969696967 0.4463383838383838 0.22569444444444445 0.4431818181818182 0.23169191919191917 0.4416035353535353 0.23547979797979796 0.4412878787878788 0.23832070707070707 0.442550505050505 0.24147727272727273 0.4444444444444444 0.2452651515151515 0.44696969696969696 0.24810606060606058 0.4513888888888889 0.24968434343434343 0.4561237373737373 0.2503156565656565 0.4627525252525252 0.2506313131313131 0.4690656565656565 0.2503156565656565 0.47537878787878785 0.24905303030303028 0.4823232323232323 0.24810606060606058 0.4873737373737373 0.2452651515151515 0.4930555555555555 0.24210858585858583 0.4984217171717171 0.23832070707070707 0.5028409090909091 0.23390151515151514 0.5066287878787878 0.22916666666666663 0.5094696969696969 0.2250631313131313 0.5104166666666666 0.21906565656565655 0.5113636363636364 0.21622474747474746 0.5107323232323232 0.21243686868686865 0.5066287878787878 0.20959595959595959 0.5018939393939393 0.20738636363636362 0.49621212121212116 0.20612373737373738 0.49116161616161613 0.20517676767676765 0.4848484848484848
1 0.11521464646464645 0.5018939393939393 0.11553030303030302 0.4958964646464646 0.11742424242424242 0.48958333333333326 0.11931818181818181 0.4835858585858585 0.1212121212121212 0.4797979797979798 0.12468434343434343 0.47695707070707066 0.13005050505050506 0.47506313131313127 0.13794191919191917 0.473800505050505 0.14551767676767677 0.47348484848484845 0.15119949494949492 0.4747474747474747 0.1571969696969697 0.47695707070707066 0.1625631313131313 0.4797979797979798 0.1669823232323232 0.48421717171717166 0.17077020202020202 0.48895202020202017 0.17392676767676768 0.4933712121212121 0.17676767676767677 0.49999999999999994 0.17834595959595959 0.5053661616161615 0.17866161616161616 0.5113636363636364 0.17771464646464646 0.5176767676767676 0.1745580808080808 0.5227272727272727 0.17108585858585856 0.5261994949494949 0.1669823232323232 0.5287247474747474 0.16098484848484848 0.5296717171717171 0.15593434343434343 0.5303030303030303 0.15119949494949492 0.5299873737373737 0.14488636363636365 0.5284090909090909 0.13888888888888887 0.5265151515151515 0.1332070707070707 0.523989898989899 0.12910353535353533 0.5214646464646464 0.12563131313131312 0.5179924242424242 0.12247474747474746 0.5138888888888888 0.11931818181818181 0.5091540404040403
1 0.3235479797979798 0.38099747474747475 0.32702020202020204 0.38131313131313127 0.3308080808080808 0.3819444444444444 0.3352272727272727 0.3832070707070707 0.33933080808080807 0.38541666666666663 0.3434343434343434 0.3885732323232323 0.3462752525252525 0.3914141414141414 0.3475378787878788 0.3964646464646464 0.34785353535353536 0.40183080808080807 0.34690656565656564 0.40624999999999994 0.34469696969696967 0.4103535353535353 0.3409090909090909 0.41571969696969696 0.3368055555555555 0.4201388888888889 0.3323863636363636 0.4242424242424242 0.32796717171717166 0.4277146464646464 0.3232323232323232 0.4289772727272727 0.31723484848484845 0.4299242424242424 0.31029040404040403 0.43023989898989895 0.30523989898989895 0.43023989898989895 0.29987373737373735 0.4289772727272727 0.29419191919191917 0.425820707070707 0.2894570707070707 0.42171717171717166 0.28598484848484845 0.41603535353535354 0.28440656565656564 0.4106691919191919 0.28440656565656564 0.4053030303030303 0.2866161616161616 0.3996212121212121 0.2900883838383838 0.39551767676767674 0.29545454545454547 0.3917297979797979 0.303030303030303 0.38825757575757575 0.30902777777777773 0.3857323232323232 0.31470959595959597 0.38352272727272724
1 0.13920454545454544 0.3768939393939394 0.14267676767676768 0.3753156565656565 0.1461489898989899 0.37310606060606055 0.1496212121212121 0.37058080808080807 0.15372474747474746 0.3680555555555555 0.1571969696969697 0.3664772727272727 0.16098484848484848 0.36616161616161613 0.1654040404040404 0.36584595959595956 0.17077020202020202 0.36584595959595956 0.17487373737373738 0.36584595959595956 0.17866161616161616 0.3664772727272727 0.1833964646464646 0.3680555555555555 0.18749999999999997 0.3699494949494949 0.19065656565656564 0.37310606060606055 0.19349747474747475 0.3772095959595959 0.19476010101010097 0.38131313131313127 0.19507575757575754 0.3857323232323232 0.19444444444444445 0.3898358585858585 0.19223484848484848 0.394570707070707 0.18970959595959594 0.3996212121212121 0.18749999999999997 0.4021464646464646 0.18465909090909088 0.4049873737373737 0.1818181818181818 0.4078282828282828 0.17834595959595959 0.4106691919191919 0.1745580808080808 0.41445707070707066 0.16982323232323232 0.4185606060606061 0.1654040404040404 0.42203282828282823 0.1616161616161616 0.4248737373737373 0.15782828282828282 0.42645202020202017 0.15340909090909088 0.42708333333333326 0.14804292929292925 0.42866161616161613 0.14362373737373738 0.4296085858585858 0.13794191919191917 0.4299242424242424 0.132260101010101 0.4299242424242424 0.12973484848484848 0.4299242424242424 0.12436868686868686 0.428030303030303 0.11868686868686867 0.4245580808080808 0.11647727272727272 0.42077020202020193 0.11489898989898989 0.41445707070707066 0.11426767676767675 0.4078282828282828 0.11521464646464645 0.4002525252525252 0.11837121212121211 0.39393939393939387 0.1212121212121212 0.39078282828282823 0.12436868686868686 0.38825757575757575 0.1284722222222222 0.38446969696969696 0.1332070707070707 0.38099747474747475
1 0.026515151515151512 0.4154040404040404 0.027146464646464644 0.4081439393939394 0.028409090909090905 0.40088383838383834 0.030934343434343432 0.3948863636363636 0.03377525252525252 0.38952020202020193 0.036931818181818184 0.3838383838383838 0.0404040404040404 0.37910353535353536 0.04450757575757576 0.3775252525252525 0.04987373737373737 0.3765782828282828 0.05618686868686869 0.37626262626262624 0.06092171717171716 0.3765782828282828 0.06470959595959595 0.37784090909090906 0.06818181818181818 0.380050505050505 0.0707070707070707 0.38289141414141414 0.07323232323232323 0.38667929292929293 0.07607323232323232 0.3910984848484848 0.07828282828282827 0.39551767676767674 0.0798611111111111 0.4011994949494949 0.08112373737373738 0.4065656565656565 0.08207070707070706 0.41224747474747475 0.08238636363636362 0.4185606060606061 0.0827020202020202 0.4245580808080808 0.08207070707070706 0.43023989898989895 0.08017676767676768 0.4365530303030303 0.07765151515151514 0.4419191919191919 0.07417929292929291 0.44570707070707066 0.07007575757575757 0.4482323232323232 0.06502525252525253 0.4494949494949495 0.059027777777777776 0.45075757575757575 0.05429292929292929 0.4513888888888889 0.05113636363636363 0.4513888888888889 0.046085858585858584 0.4501262626262626 0.04103535353535353 0.44791666666666663 0.03598484848484848 0.442550505050505 0.03188131313131313 0.4371843434343434 0.028724747474747472 0.4305555555555555 0.026515151515151512 0.4245580808080808 0.025883838383838384 0.41950757575757575
1 0.271780303030303 0.36111111111111105 0.2638888888888889 0.3604797979797979 0.2601010101010101 0.3585858585858585 0.2569444444444444 0.3560606060606061 0.2544191919191919 0.35164141414141414 0.2534722222222222 0.3456439393939394 0.2541035353535353 0.33964646464646464 0.2569444444444444 0.33459595959595956 0.26041666666666663 0.3304924242424242 0.264520202020202 0.3263888888888889 0.2689393939393939 0.3229166666666667 0.2733585858585858 0.319760101010101 0.27777777777777773 0.31723484848484845 0.2831439393939394 0.3143939393939394 0.2881944444444444 0.3115530303030303 0.29292929292929293 0.3096590909090909 0.29797979797979796 0.3074494949494949 0.30366161616161613 0.3061868686868687 0.30871212121212116 0.30523989898989895 0.3143939393939394 0.3046085858585858 0.31849747474747475 0.3042929292929293 0.3232323232323232 0.3049242424242424 0.32828282828282823 0.3061868686868687 0.33175505050505044 0.30871212121212116 0.3339646464646464 0.31344696969696967 0.33459595959595956 0.31849747474747475 0.334280303030303 0.3244949494949495 0.33364898989898983 0.3285984848484848 0.3323863636363636 0.332070707070707 0.33112373737373735 0.3358585858585858 0.32922979797979796 0.33933080808080807 0.3273358585858585 0.3421717171717171 0.3248106060606061 0.34501262626262624 0.3216540404040404 0.34690656565656564 0.31849747474747475 0.348800505050505 0.31534090909090906 0.3506944444444444 0.3112373737373737 0.35321969696969696 0.3061868686868687 0.35542929292929293 0.30176767676767674 0.35669191919191917 0.29797979797979796 0.35795454545454547 0.29419191919191917 0.35921717171717166 0.288510101010101 0.3604797979797979 0.2847222222222222 0.36111111111111105 0.28125 0.3614267676767676 0.27683080808080807 0.3614267676767676
1 0.1717171717171717 0.2796717171717171 0.17297979797979796 0.2730429292929293 0.17392676767676768 0.2676767676767676 0.17518939393939392 0.26167929292929293 0.17803030303030304 0.25662878787878785 0.18150252525252522 0.2525252525252525 0.18592171717171715 0.24968434343434343 0.19128787878787878 0.24905303030303028 0.1972853535353535 0.24968434343434343 0.20170454545454544 0.2515782828282828 0.20549242424242423 0.2553661616161616 0.20896464646464646 0.2601010101010101 0.21148989898989895 0.26515151515151514 0.21338383838383837 0.2698863636363636 0.2146464646464646 0.2736742424242424 0.21590909090909088 0.2784090909090909 0.21717171717171715 0.28345959595959597 0.21748737373737373 0.28914141414141414 0.21717171717171715 0.29450757575757575 0.21622474747474746 0.300820707070707 0.2149621212121212 0.30681818181818177 0.2130681818181818 0.31344696969696967 0.2111742424242424 0.3188131313131313 0.20801767676767677 0.3248106060606061 0.20454545454545453 0.3295454545454545 0.20138888888888887 0.332070707070707 0.1982323232323232 0.3323863636363636 0.19412878787878787 0.3323863636363636 0.18970959595959594 0.3323863636363636 0.18402777777777776 0.3323863636363636 0.1799242424242424 0.33112373737373735 0.1764520202020202 0.3285984848484848 0.17518939393939392 0.32417929292929293 0.17424242424242423 0.3178661616161616 0.1726641414141414 0.3121843434343434 0.17140151515151514 0.3061868686868687 0.17045454545454544 0.29987373737373735 0.17045454545454544 0.2935606060606061 0.17077020202020202 0.28724747474747475
1 0.26736111111111105 0.24273989898989895 0.26578282828282823 0.23737373737373735 0.26483585858585856 0.2313762626262626 0.26483585858585856 0.22569444444444445 0.2679924242424242 0.22032828282828282 0.2727272727272727 0.21654040404040403 0.2780934343434343 0.21338383838383837 0.2837752525252525 0.21148989898989895 0.2900883838383838 0.21085858585858583 0.29545454545454547 0.21085858585858583 0.30176767676767674 0.2111742424242424 0.3074494949494949 0.21275252525252522 0.3128156565656565 0.2140151515151515 0.3178661616161616 0.21590909090909088 0.3248106060606061 0.21811868686868685 0.32922979797979796 0.22095959595959594 0.33270202020202017 0.22348484848484848 0.3358585858585858 0.22569444444444445 0.33838383838383834 0.2279040404040404 0.3386994949494949 0.2279040404040404 0.3409090909090909 0.23106060606060605 0.3440656565656565 0.2351641414141414 0.3459595959595959 0.24210858585858583 0.34659090909090906 0.24968434343434343 0.3462752525252525 0.25473484848484845 0.3443813131313131 0.2601010101010101 0.3409090909090909 0.26420454545454547 0.3377525252525252 0.26672979797979796 0.3333333333333333 0.2689393939393939 0.32796717171717166 0.27020202020202017 0.32196969696969696 0.27051767676767674 0.31565656565656564 0.27020202020202017 0.3112373737373737 0.269570707070707 0.3065025252525252 0.2679924242424242 0.3020833333333333 0.2664141414141414 0.29861111111111105 0.26483585858585856 0.2948232323232323 0.26325757575757575 0.29103535353535354 0.26136363636363635 0.2869318181818182 0.2588383838383838 0.28251262626262624 0.25631313131313127 0.27904040404040403 0.2541035353535353 0.2749368686868687 0.2515782828282828 0.27114898989898983 0.24905303030303028 0.2689393939393939 0.24652777777777776
1 0.06723484848484848 0.20170454545454544 0.07481060606060605 0.2010732323232323 0.08049242424242424 0.20044191919191917 0.08428030303030302 0.19981060606060605 0.08869949494949494 0.1991792929292929 0.09374999999999999 0.1991792929292929 0.09880050505050504 0.19949494949494948 0.10321969696969696 0.20075757575757575 0.10827020202020202 0.20233585858585856 0.11426767676767675 0.20422979797979796 0.1202651515151515 0.20643939393939392 0.12436868686868686 0.20833333333333331 0.12910353535353533 0.2111742424242424 0.13194444444444445 0.21433080808080807 0.1347853535353535 0.21780303030303028 0.13731060606060605 0.2212752525252525 0.13952020202020202 0.22569444444444445 0.14078282828282826 0.23200757575757575 0.1404671717171717 0.23958333333333331 0.13794191919191917 0.2452651515151515 0.1341540404040404 0.24968434343434343 0.1294191919191919 0.2525252525252525 0.12247474747474746 0.255050505050505 0.11742424242424242 0.25599747474747475 0.11300505050505048 0.25789141414141414 0.10858585858585858 0.25946969696969696 0.10416666666666666 0.2610479797979798 0.10069444444444443 0.26167929292929293 0.09753787878787877 0.26167929292929293 0.09343434343434343 0.26136363636363635 0.08933080808080808 0.2607323232323232 0.08459595959595959 0.2601010101010101 0.07922979797979797 0.25978535353535354 0.07417929292929291 0.25946969696969696 0.0707070707070707 0.25852272727272724 0.06597222222222222 0.25599747474747475 0.0615530303030303 0.25315656565656564 0.05808080808080807 0.2506313131313131 0.05555555555555555 0.24936868686868685 0.05208333333333333 0.24842171717171715 0.048295454545454544 0.2468434343434343 0.04577020202020202 0.24494949494949492 0.04292929292929293 0.24147727272727273 0.04071969696969697 0.23642676767676765 0.03914141414141414 0.23011363636363633 0.03914141414141414 0.2231691919191919 0.0413510101010101 0.21685606060606058 0.04545454545454545 0.21180555555555552 0.0495580808080808 0.2086489898989899 0.05492424242424242 0.20549242424242423 0.059659090909090905 0.20359848484848483
1 0.14299242424242423 0.14299242424242423 0.14109848484848483 0.13952020202020202 0.1404671717171717 0.13541666666666666 0.14078282828282826 0.12878787878787878 0.14204545454545453 0.12279040404040403 0.1433080808080808 0.11837121212121211 0.14551767676767677 0.11584595959595959 0.14835858585858583 0.11300505050505048 0.15340909090909088 0.10984848484848483 0.15940656565656566 0.10795454545454544 0.16635101010101008 0.10606060606060605 0.17392676767676768 0.10511363636363637 0.17929292929292925 0.10479797979797979 0.18529040404040403 0.10511363636363637 0.19223484848484848 0.10669191919191919 0.19949494949494948 0.10953282828282827 0.20549242424242423 0.1120580808080808 0.21054292929292925 0.11489898989898989 0.2146464646464646 0.11868686868686867 0.21843434343434343 0.12247474747474746 0.22190656565656564 0.12878787878787878 0.22348484848484848 0.13510101010101008 0.22380050505050506 0.14109848484848483 0.2215909090909091 0.14835858585858583 0.21811868686868685 0.15214646464646464 0.21243686868686865 0.15530303030303028 0.2058080808080808 0.1581439393939394 0.2001262626262626 0.16098484848484848 0.19476010101010097 0.16287878787878787 0.19065656565656564 0.16414141414141412 0.18655303030303028 0.16477272727272724 0.1833964646464646 0.16477272727272724 0.17929292929292925 0.16319444444444445 0.1736111111111111 0.1616161616161616 0.16950757575757575 0.16035353535353536 0.16477272727272724 0.15845959595959594 0.16035353535353536 0.15625 0.15656565656565655 0.15435606060606058 0.15340909090909088 0.15214646464646464 0.14898989898989898 0.14898989898989898 0.14583333333333334 0.1461489898989899
1 0.3295454545454545 0.05713383838383838 0.3333333333333333 0.05713383838383838 0.33806818181818177 0.05808080808080807 0.34154040404040403 0.06092171717171716 0.3440656565656565 0.06502525252525253 0.3459595959595959 0.07039141414141413 0.34690656565656564 0.07670454545454544 0.34690656565656564 0.08238636363636362 0.3462752525252525 0.08712121212121211 0.34501262626262624 0.0918560606060606 0.3434343434343434 0.09627525252525253 0.34122474747474746 0.10258838383838383 0.3371212121212121 0.10921717171717171 0.33270202020202017 0.11458333333333331 0.32796717171717166 0.11868686868686867 0.3229166666666667 0.1221590909090909 0.31723484848484845 0.12499999999999999 0.3125 0.12720959595959594 0.30681818181818177 0.1284722222222222 0.30239898989898983 0.12878787878787878 0.2976641414141414 0.12878787878787878 0.2932449494949495 0.1275252525252525 0.2900883838383838 0.12594696969696967 0.2869318181818182 0.1221590909090909 0.28440656565656564 0.11521464646464645 0.28345959595959597 0.10700757575757575 0.2837752525252525 0.09880050505050504 0.2850378787878788 0.09217171717171717 0.28724747474747475 0.08743686868686869 0.29071969696969696 0.08238636363636362 0.29577020202020204 0.07733585858585858 0.30145202020202017 0.07291666666666667 0.30808080808080807 0.0678661616161616 0.3131313131313131 0.06439393939393939 0.3181818181818182 0.0606060606060606 0.3229166666666667 0.05839646464646464
1 0.3784722222222222 0.13194444444444445 0.3819444444444444 0.1275252525252525 0.3860479797979798 0.12405303030303029 0.3914141414141414 0.1212121212121212 0.3980429292929292 0.11963383838383838 0.40372474747474746 0.11963383838383838 0.4103535353535353 0.1212121212121212 0.41603535353535354 0.12373737373737373 0.42077020202020193 0.12626262626262624 0.42550505050505044 0.1303661616161616 0.42866161616161613 0.1338383838383838 0.4327651515151515 0.13888888888888887 0.43560606060606055 0.1433080808080808 0.4378156565656565 0.14804292929292925 0.4397095959595959 0.15309343434343434 0.44065656565656564 0.1590909090909091 0.44065656565656564 0.1650883838383838 0.43844696969696967 0.16950757575757575 0.43497474747474746 0.17329545454545453 0.4292929292929292 0.17582070707070707 0.42171717171717166 0.17708333333333334 0.4150883838383838 0.17771464646464646 0.4087752525252525 0.17834595959595959 0.40183080808080807 0.17771464646464646 0.3964646464646464 0.17582070707070707 0.38920454545454547 0.17203282828282826 0.3851010101010101 0.16824494949494948 0.3819444444444444 0.16319444444444445 0.3787878787878788 0.15751262626262624 0.3768939393939394 0.14993686868686867 0.37594696969696967 0.14267676767676768 0.37626262626262624 0.13510101010101008
1 0.03156565656565656 0.0404040404040404 0.036931818181818184 0.04703282828282828 0.0404040404040404 0.05113636363636363 0.04292929292929293 0.05429292929292929 0.04577020202020202 0.06029040404040404 0.04734848484848485 0.06470959595959595 0.04766414141414141 0.07007575757575757 0.04703282828282828 0.07544191919191919 0.04419191919191919 0.07859848484848485 0.04103535353535353 0.08175505050505051 0.037563131313131305 0.08364898989898989 0.03377525252525252 0.08522727272727272 0.029356060606060604 0.08617424242424242 0.023989898989898988 0.08680555555555555 0.020833333333333332 0.08712121212121211 0.016729797979797977 0.08680555555555555 0.013573232323232322 0.08585858585858586 0.008522727272727272 0.08428030303030302 0.0037878787878787876 0.0827020202020202 0.00031565656565656563 0.08112373737373738 0.0 0.08049242424242424 0.00031565656565656563 0.022095959595959596 0.0018939393939393938 0.022095959595959596 0.004419191919191919 0.022411616161616157 0.007575757575757575 0.022727272727272724 0.011363636363636362 0.023358585858585856 0.01515151515151515 0.024621212121212117 0.01736111111111111 0.026199494949494948 0.019886363636363636 0.028409090909090905 0.022411616161616157 0.030618686868686865 0.024936868686868684 0.03314393939393939 0.027146464646464644 0.03535353535353535
0 0.717871485943775 0.3561119477911647 0.7046937751004015 0.3479543172690763 0.6981049196787148 0.3451305220883534 0.6959086345381525 0.34230672690763053 0.6949673694779116 0.34011044176706823 0.6949673694779116 0.337914156626506 0.6962223895582329 0.3363453815261044 0.6999874497991968 0.3360316265060241 0.7015562248995983 0.3360316265060241 0.7043800200803213 0.33665913654618473 0.7075175702811245 0.337914156626506 0.710027610441767 0.33979668674698793 0.7131651606425702 0.34230672690763053 0.7147339357429718 0.34387550200803213 0.7166164658634538 0.3460717871485944 0.7194402610441767 0.3482680722891566 0.7219503012048192 0.3498368473895582 0.7244603413654619 0.3520331325301205 0.7260291164658634 0.3542294176706827 0.7263428714859437 0.3564257028112449 0.724774096385542 0.3573669678714859 0.7228915662650602 0.3576807228915662
0 0.7799949799196786 0.4285893574297189 0.7702685742971888 0.422941767068273 0.7683860441767068 0.4210592369477911 0.7674447791164657 0.41949046184738953 0.7655622489959839 0.4172941767068273 0.7639934738955823 0.4141566265060241 0.7633659638554217 0.4116465863453815 0.7643072289156626 0.40945030120481923 0.7665035140562249 0.40882279116465864 0.7683860441767068 0.4091365461847389 0.770582329317269 0.40976405622489953 0.7721511044176705 0.4110190763052209 0.7749748995983936 0.4129016064257028 0.7774849397590361 0.4141566265060241 0.7799949799196786 0.4157254016064257 0.7828187751004015 0.4172941767068273 0.7856425702811245 0.4191767068273092 0.788152610441767 0.42074548192771083 0.790035140562249 0.4232555220883534 0.7912901606425702 0.425765562248996 0.7916039156626505 0.4276480923694779 0.7894076305220883 0.42921686746987947 0.7878388554216866 0.4295306224899598 0.7856425702811245 0.4298443775100401
0 0.5220883534136546 0.5070281124497992 0.5117344377510039 0.502008032128514 0.5032630522088353 0.4991842369477911 0.4982429718875502 0.4985567269076305 0.4954191767068272 0.4979292168674698 0.4938504016064257 0.4938504016064257 0.4985567269076305 0.49290913654618473 0.502949297188755 0.49290913654618473 0.5067143574297188 0.4938504016064257 0.5148719879518072 0.4969879518072288 0.5242846385542168 0.501066767068273 0.5271084337349398 0.502949297188755 0.5280496987951807 0.5060868473895582 0.52742218875502 0.5076556224899598 0.5252259036144579 0.5082831325301205
0 0.6431977911646586 0.2127259036144578 0.6369226907630522 0.20613704819277107 0.6347264056224898 0.2033132530120482 0.6328438755020079 0.19986194779116465 0.6312751004016063 0.19641064257028112 0.6293925702811245 0.19358684738955823 0.6271962851405621 0.19013554216867468 0.6256275100401606 0.18637048192771083 0.6246862449799196 0.18354668674698793 0.6240587349397589 0.18135040160642568 0.625941265060241 0.1804091365461847 0.6297063253012047 0.1804091365461847 0.633785140562249 0.18197791164658633 0.6362951807228915 0.1832329317269076 0.6381777108433735 0.18480170682730923 0.639746485943775 0.18762550200803213 0.641629016064257 0.19076305220883533 0.6435115461847388 0.19421435742971885 0.6447665662650602 0.19703815261044175 0.646649096385542 0.2008032128514056 0.648531626506024 0.20299949799196784 0.6504141566265059 0.20613704819277107 0.6519829317269076 0.208019578313253 0.6535517068273092 0.2099021084337349 0.6548067269076304 0.21303965863453814 0.6557479919678714 0.2186872489959839 0.6557479919678714 0.22213855421686743 0.6541792168674697 0.22245230923694775 0.6507279116465863 0.2199422690763052 0.6491591365461847 0.21774598393574296 0.6463353413654619 0.21523594377510039
0 0.7407756024096385 0.19954819277108432 0.7388930722891566 0.1888805220883534 0.7385793172690762 0.1844879518072289 0.7388930722891566 0.18197791164658633 0.7395205823293173 0.17978162650602408 0.7404618473895581 0.17852660642570278 0.7423443775100401 0.17821285140562246 0.7439131526104418 0.17915411646586346 0.745168172690763 0.18103664658634538 0.7461094377510039 0.1832329317269076 0.7467369477911646 0.18668423694779115 0.7473644578313253 0.190449297188755 0.7479919678714858 0.19452811244979917 0.7483057228915662 0.19860692771084337 0.7489332329317269 0.2020582329317269 0.7489332329317269 0.20519578313253012 0.7483057228915662 0.208019578313253 0.7464231927710843 0.208019578313253 0.7439131526104418 0.20488202811244977
0 0.8452560240963856 0.17601656626506024 0.8452560240963856 0.15656375502008033 0.8455697791164657 0.1509161646586345 0.8465110441767068 0.14652359437751003 0.847766064257028 0.1433860441767068 0.84964859437751 0.14244477911646586 0.8512173694779116 0.1418172690763052 0.8537274096385541 0.14401355421686748 0.8549824297188754 0.1462098393574297 0.8556099397590361 0.14934738955823293 0.856551204819277 0.15405371485943772 0.8568649598393574 0.15970130522088352 0.8568649598393574 0.16629016064257027 0.8568649598393574 0.17068273092369476 0.8562374497991967 0.1741340361445783 0.854668674698795 0.1788403614457831 0.8530998995983935 0.1832329317269076 0.8512173694779116 0.18637048192771083 0.8493348393574297 0.18668423694779115 0.8468247991967871 0.18511546184738953 0.8455697791164657 0.18072289156626506
0 0.4066265060240964 0.15687751004016062 0.39941014056224894 0.15248493975903613 0.3965863453815261 0.14966114457831325 0.39470381526104414 0.14809236947791163 0.39313504016064255 0.1458960843373494 0.39188002008032125 0.14369979919678713 0.39219377510040154 0.1418172690763052 0.3940763052208835 0.14087600401606426 0.39627259036144574 0.14087600401606426 0.3981551204819277 0.14275853413654618 0.4016064257028112 0.1446410642570281 0.40631275100401604 0.14809236947791163 0.40945030120481923 0.15028865461847388 0.4116465863453815 0.1521711847389558 0.4132153614457831 0.15405371485943772 0.4135291164658634 0.15813253012048192 0.4110190763052209 0.1593875502008032
0 0.38027108433734935 0.646649096385542 0.36834839357429716 0.6422565261044176 0.35517068273092367 0.6369226907630522 0.35234688755020077 0.6362951807228915 0.3507781124497992 0.6353539156626505 0.3482680722891566 0.6344126506024096 0.3445030120481928 0.6334713855421686 0.3419929718875502 0.6325301204819277 0.3404241967871486 0.6300200803212851 0.3410517068273092 0.6281375502008031 0.3429342369477911 0.6265687751004017 0.3460717871485944 0.6262550200803213 0.3514056224899598 0.6268825301204818 0.3601907630522088 0.6293925702811245 0.37619226907630515 0.6350401606425702 0.38874246987951805 0.6384914658634538 0.39188002008032125 0.6394327309236947 0.3959588353413654 0.6410015060240963 0.3981551204819277 0.6428840361445782 0.40129267068273083 0.6447665662650602 0.4025476907630522 0.6472766064257027 0.4025476907630522 0.6501004016064257 0.40035140562248994 0.6501004016064257 0.39721385542168675 0.6494728915662651 0.3950175702811245 0.6479041164658634 0.3925075301204819 0.6475903614457831 0.3893699799196787 0.6482178714859437 0.3852911646586345 0.6482178714859437
0 0.5421686746987951 0.7341867469879517 0.5490712851405621 0.7235190763052208 0.5512675702811245 0.7206952811244979 0.5518950803212851 0.717871485943775 0.5487575301204818 0.7163027108433735 0.546875 0.7166164658634538 0.5443649598393574 0.7194402610441767 0.5421686746987951 0.7225778112449799 0.5402861445783133 0.7257153614457831 0.5387173694779116 0.7291666666666665 0.5377761044176707 0.7335592369477911 0.5384036144578312 0.7357555220883534
0 0.6883785140562249 0.7072038152610441 0.6805346385542168 0.7024974899598393 0.6773970883534136 0.7015562248995983 0.6742595381526103 0.700301204819277 0.6720632530120482 0.6984186746987951 0.6701187015503877 0.6934350775193798 0.6723770080321285 0.6930848393574297 0.674887048192771 0.6921435742971888 0.6773970883534136 0.6937123493975903 0.6805346385542168 0.695281124497992 0.6861822289156626 0.6987324297188754 0.691516064257028 0.704066265060241 0.6927710843373494 0.7072038152610441 0.6927710843373494 0.710027610441767
0 0.7790537148594378 0.6516691767068272 0.7680722891566264 0.6513554216867469 0.7665035140562249 0.6519829317269076 0.7630522088353413 0.6532379518072289 0.7592871485943775 0.6535517068273092 0.7552083333333333 0.6535517068273092 0.7536395582329316 0.6538654618473896 0.7511295180722891 0.6535517068273092 0.7483057228915662 0.6522966867469879 0.7473644578313253 0.6501004016064257 0.7489332329317269 0.648531626506024 0.7523845381526103 0.6469628514056224 0.7570908634538152 0.6453940763052208 0.7777986947791165 0.6435115461847388 0.7803087349397589 0.6435115461847388 0.782191265060241 0.6453940763052208 0.782191265060241 0.6479041164658634
0 0.8201556224899598 0.7479919678714858 0.8327058232931727 0.7316767068273092 0.8349021084337348 0.7282254016064257 0.8370983935742972 0.7260291164658634 0.8392946787148594 0.7244603413654619 0.8414909638554217 0.7235190763052208 0.8436872489959839 0.7241465863453815 0.8449422690763052 0.7272841365461847 0.8455697791164657 0.7313629518072289 0.8449422690763052 0.7357555220883534 0.8424322289156625 0.7398343373493976 0.840863453815261 0.7435993975903614 0.8374121485943775 0.7486194779116465 0.833019578313253 0.7533258032128514 0.8283132530120482 0.7561495983935742 0.8214106425702811 0.7589733935742972 0.8176455823293173 0.7592871485943775 0.8167043172690762 0.7555220883534136 0.8176455823293173 0.7517570281124498
0 0.6083709839357428 0.8283132530120482 0.5848393574297188 0.8333333333333333 0.5810742971887549 0.8333333333333333 0.5773092369477911 0.8333333333333333 0.5760542168674699 0.8308232931726907 0.5769954819277108 0.8283132530120482 0.5795055220883534 0.8248619477911646 0.5817018072289156 0.8229794176706826 0.5854668674698794 0.822351907630522 0.5904869477911646 0.822351907630522 0.5939382530120482 0.8217243975903614 0.597703313253012 0.8207831325301205 0.6027233935742972 0.8189006024096385 0.6058609437751004 0.8179593373493975 0.6093122489959839 0.8170180722891566 0.6118222891566264 0.8167043172690762 0.6159011044176705 0.8170180722891566 0.6187248995983936 0.8179593373493975 0.6206074297188754 0.8207831325301205 0.6180973895582329 0.8239206827309237 0.6137048192771084 0.8267444779116465
0 0.8317645582329316 0.8982806224899598 0.8182730923694778 0.9029869477911646 0.8154492971887549 0.9042419678714858 0.8113704819277108 0.9051832329317268 0.8072916666666665 0.9058107429718875 0.8038403614457831 0.9020456827309236 0.802899096385542 0.8998493975903614 0.8041541164658633 0.8963980923694778 0.8079191767068272 0.8951430722891566 0.8126255020080321 0.8945155622489959 0.8204693775100401 0.8938880522088353 0.825175702811245 0.8929467871485942 0.8276857429718875 0.8923192771084337 0.831137048192771 0.891691767068273 0.8333333333333333 0.8913780120481927 0.8345883534136546 0.8935742971887549
0 0.9892695783132529 0.7279116465863453 0.9751506024096385 0.7163027108433735 0.9695030120481927 0.7094001004016063 0.9685617469879517 0.7065763052208834 0.9685617469879517 0.7043800200803213 0.970758032128514 0.7031249999999999 0.9726405622489959 0.7034387550200802 0.9754643574297188 0.7050075301204818 0.9823669678714858 0.7078313253012047 0.9989583333333333 0.7216052890808518 0.9983684738955823 0.7351280120481928
0 0.9152233935742972 0.6353539156626505 0.9152233935742972 0.6312751004016063 0.9158509036144576 0.6278237951807228 0.9171059236947791 0.625941265060241 0.9186746987951807 0.6240587349397589 0.9205572289156625 0.6240587349397589 0.9224397590361445 0.6268825301204818 0.9227535140562249 0.6293925702811245 0.9224397590361445 0.6344126506024096 0.9221260040160641 0.6378639558232931 0.9221260040160641 0.640687751004016 0.9214984939759036 0.6428840361445782 0.9186746987951807 0.6425702811244979 0.9164784136546184 0.640687751004016
0 0.9870732931726907 0.44208082329317266 0.9688755020080321 0.46278865461847385 0.9654241967871485 0.4662399598393574 0.9626004016064257 0.46843624497991965 0.9600903614457831 0.46874999999999994 0.9575803212851405 0.467808734939759 0.9575803212851405 0.46529869477911645 0.9588353413654617 0.4605923694779116 0.9641691767068272 0.44961094377510036 0.979543172690763 0.43517821285140557 0.9823669678714858 0.4329819277108433 0.9858182730923695 0.4314131526104417 0.9895833333333333 0.4298443775100401 0.9924071285140561 0.4289031124497991 0.9955446787148593 0.4285893574297189 0.9974272088353413 0.4301581325301205 0.9952309236947791 0.43329568273092367 0.9920933734939759 0.4373744979919678
0 0.9058107429718875 0.3099899598393574 0.9048694779116465 0.29900853413654616 0.9045557228915662 0.2952434738955823 0.9048694779116465 0.2911646586345381 0.9058107429718875 0.28896837349397586 0.9076932730923695 0.2883408634538152 0.9095758032128514 0.28802710843373497 0.9117720883534136 0.2892821285140562 0.9120858433734939 0.29147841365461846 0.9123995983935742 0.2958709839357429 0.9127133534136546 0.2996360441767068 0.9127133534136546 0.30371485943775095 0.9123995983935742 0.30810742971887545 0.9108308232931727 0.31375502008032125 0.9095758032128514 0.31563755020080314 0.9073795180722891 0.31563755020080314
0 0.9337349397590361 0.22496234939759036 0.9243222891566264 0.22182479919678713 0.9221260040160641 0.22088353413654618 0.9193022088353413 0.2199422690763052 0.9167921686746987 0.21774598393574296 0.916164658634538 0.21460843373493974 0.918988453815261 0.21335341365461843 0.9218122489959839 0.2127259036144578 0.9262048192771084 0.2120983935742972 0.9309111445783133 0.2120983935742972 0.934676204819277 0.2120983935742972 0.9371862449799196 0.2127259036144578 0.9415788152610441 0.21460843373493974 0.944402610441767 0.21649096385542166 0.9481676706827308 0.2186872489959839 0.9516189759036143 0.2215110441767068 0.9525602409638553 0.22370732931726905 0.9535015060240963 0.22684487951807228 0.9535015060240963 0.2290411646586345 0.9491089357429718 0.23123744979919678 0.9459713855421686 0.23123744979919678 0.9412650602409638 0.22998242971887548 0.9387550200803213 0.2274723895582329 0.9368724899598393 0.22621736947791163
0 0.9826807228915662 0.14777861445783133 0.9782881526104418 0.1371109437751004 0.9773468875502007 0.1339733935742972 0.9754643574297188 0.13146335341365462 0.9748368473895581 0.12863955823293172 0.9751506024096385 0.12581576305220882 0.9767193775100401 0.1242469879518072 0.9786019076305219 0.1239332329317269 0.9811119477911646 0.12644327309236947 0.9826807228915662 0.1295808232931727 0.9845632530120482 0.13365963855421686 0.987387048192771 0.14087600401606426 0.9889558232931727 0.1462098393574297 0.9902108433734939 0.14997489959839355 0.9908383534136544 0.1549949799196787 0.9902108433734939 0.15781877510040157 0.98644578313253 0.1549949799196787 0.9842494979919678 0.15154367469879518
0 0.7078313253012047 0.10573544176706826 0.6981049196787148 0.10291164658634537 0.6943398594377509 0.1016566265060241 0.6930848393574297 0.1004016064257028 0.6918298192771084 0.09851907630522087 0.692457329317269 0.09663654618473895 0.6946536144578312 0.09569528112449799 0.6962223895582329 0.09506777108433734 0.6987324297188754 0.09632279116465862 0.7015562248995983 0.09726405622489959 0.7050075301204818 0.09789156626506022 0.7084588353413654 0.0988328313253012 0.717654986522911 0.10149932614555256 0.7235512129380054 0.10388589398023361 0.7222020348837209 0.10568071705426356 0.7145664869721474 0.10543014375561546
0 0.8948293172690762 0.04392570281124498 0.8866716867469879 0.04800451807228915 0.8854166666666665 0.04800451807228915 0.8832203815261044 0.04800451807228915 0.8794553212851405 0.04706325301204819 0.8763177710843373 0.04674949799196786 0.874121485943775 0.046435742971887545 0.8725527108433735 0.04486696787148594 0.8719252008032128 0.042356927710843366 0.8728664658634538 0.04016064257028112 0.875062751004016 0.03890562248995984 0.8775727911646585 0.038278112449799194 0.882906626506024 0.03733684738955823 0.8869854417670682 0.03702309236947791 0.8920055220883534 0.036395582329317264 0.8954568273092369 0.036395582329317264 0.8979668674698794 0.038278112449799194 0.8982806224899598 0.041101907630522086
0 0.10291164658634537 0.23280622489959837 0.09130271084337349 0.23092369477911642 0.07749748995983935 0.2290411646586345 0.0677710843373494 0.22715863453815258 0.06463353413654618 0.22653112449799195 0.06275100401606425 0.22558985943775098 0.06118222891566264 0.22339357429718873 0.061495983935742966 0.22119728915662648 0.06400602409638553 0.2202560240963855 0.06745732931726907 0.2202560240963855 0.07624246987951806 0.22182479919678713 0.08534136546184738 0.22402108433734938 0.08910642570281123 0.22496234939759036 0.09789156626506022 0.22496234939759036 0.10197038152610441 0.22527610441767065 0.11044176706827309 0.2259036144578313 0.11263805220883533 0.22621736947791163 0.11640311244979919 0.22715863453815258 0.11828564257028112 0.22809989959839355 0.11891315261044175 0.23060993975903613 0.11389307228915663 0.23217871485943772
0 0.1757028112449799 0.1339733935742972 0.16440763052208834 0.13083584337349397 0.1609563253012048 0.129894578313253 0.15781877510040157 0.12863955823293172 0.15562248995983935 0.12738453815261044 0.15562248995983935 0.1242469879518072 0.15719126506024095 0.12299196787148593 0.16252510040160642 0.12236445783132528 0.16848644578313252 0.12267821285140562 0.1772715863453815 0.12487449799196786 0.18197791164658633 0.12612951807228914 0.1860567269076305 0.12801204819277107 0.18950803212851405 0.1295808232931727 0.19264558232931725 0.13240461847389556 0.19672439759036145 0.1355421686746988 0.199234437751004 0.13805220883534136 0.19986194779116465 0.14056224899598393 0.19641064257028112 0.14087600401606426 0.1932730923694779 0.14024849397590358 0.18793925702811246 0.13899347389558234 0.18480170682730923 0.13836596385542166 0.181664156626506 0.1371109437751004
0 0.5509538152610441 0.08502761044176706 0.5415411646586344 0.09506777108433734 0.5387173694779116 0.09851907630522087 0.5365210843373494 0.09946034136546184 0.5336972891566264 0.09977409638554216 0.5324422690763052 0.09506777108433734 0.5358935742971888 0.09098895582329317 0.5402861445783133 0.0872238955823293 0.544992469879518 0.08377259036144577 0.5484437751004017 0.08126255020080321 0.5509538152610441 0.07906626506024096 0.552836345381526 0.078125 0.5534638554216866 0.08126255020080321
0 0.32379518072289154 0.4044302208835341 0.3109312248995984 0.4085090361445783 0.30779367469879515 0.4091365461847389 0.30371485943775095 0.4091365461847389 0.30214608433734935 0.40882279116465864 0.30214608433734935 0.4069402610441767 0.30465612449799195 0.4044302208835341 0.30810742971887545 0.40317520080321284 0.31218624497991965 0.40129267068273083 0.31657881526104414 0.4000376506024096 0.32097138554216864 0.39909638554216864 0.3244226907630522 0.39909638554216864 0.32630522088353414 0.4000376506024096
0 0.13836596385542166 0.4110190763052209 0.1634663654618474 0.39376255020080314 0.16723142570281124 0.3915662650602409 0.16942771084337346 0.389683734939759 0.17068273092369476 0.38780120481927705 0.1709964859437751 0.38560491967871485 0.16880020080321284 0.3840361445783132 0.1634663654618474 0.38717369477911645 0.14715110441767065 0.39878263052208834 0.14369979919678713 0.40066516064257024 0.14118975903614456 0.40129267068273083 0.13867971887550198 0.40223393574297184 0.13491465863453814 0.4050577309236948 0.1333458835341365 0.40788152610441764 0.1327183734939759 0.4116465863453815
0 0.30340110441767065 0.33226656626506024 0.284262048192771 0.33979668674698793 0.28112449799196787 0.34136546184738953 0.27892821285140557 0.34230672690763053 0.27735943775100397 0.34230672690763053 0.2757906626506024 0.3419929718875502 0.2748493975903614 0.3394829317269076 0.2748493975903614 0.337914156626506 0.2767319277108433 0.33571787148594373 0.2801832329317269 0.3344628514056225 0.28269327309236947 0.33320783132530113 0.2864583333333333 0.3319528112449799 0.29022339357429716 0.33069779116465864 0.2927334337349397 0.3303840361445783 0.29618473895582326 0.32975652610441764 0.2993222891566265 0.3285015060240964 0.30277359437751 0.32661897590361444 0.30465612449799195 0.32505020080321284 0.30747991967871485 0.32316767068273095 0.3093624497991968 0.32222640562248994 0.311558734939759 0.32379518072289154 0.3099899598393574 0.3269327309236948 0.30716616465863456 0.330070281124498
0 0.5462474899598393 0.3125 0.5559738955823293 0.29461596385542166 0.5562876506024096 0.2917921686746988 0.5584839357429718 0.2892821285140562 0.5600527108433735 0.2883408634538152 0.562562751004016 0.2883408634538152 0.5641315261044176 0.2883408634538152 0.5653865461847389 0.29022339357429716 0.5657003012048192 0.2927334337349397 0.5653865461847389 0.2983810240963855 0.5641315261044176 0.30277359437751 0.561621485943775 0.30747991967871485 0.5594252008032128 0.3118724899598393 0.555660140562249 0.3172063253012048 0.5518950803212851 0.32097138554216864 0.5481300200803213 0.32222640562248994 0.5446787148594378 0.32254016064257024 0.5434236947791165 0.3184613453815261
0 0.22119728915662648 0.4797314257028112 0.22402108433734938 0.47000502008032125 0.22527610441767065 0.46686746987951805 0.22715863453815258 0.46372991967871485 0.2290411646586345 0.4621611445783132 0.23060993975903613 0.4615336345381526 0.23249246987951805 0.46121987951807225 0.23249246987951805 0.46372991967871485 0.23249246987951805 0.4674949799196787 0.23217871485943772 0.4722013052208835 0.23060993975903613 0.476593875502008 0.22966867469879518 0.4797314257028112 0.22778614457831325 0.4841239959839357 0.22684487951807228 0.4872615461847389 0.22496234939759036 0.49039909638554213 0.22307981927710843 0.4925953815261044 0.22088353413654618 0.49290913654618473 0.2199422690763052 0.48945783132530113 0.21962851405622488 0.48475150602409633
0 0.1521711847389558 0.5076556224899598 0.14401355421686748 0.5045180722891566 0.14275853413654618 0.502008032128514 0.14024849397590358 0.4991842369477911 0.13836596385542166 0.4985567269076305 0.1355421686746988 0.4969879518072288 0.13240461847389556 0.4951054216867469 0.1358559236947791 0.49290913654618473 0.13899347389558234 0.4925953815261044 0.1421310240963855 0.4938504016064257 0.14495481927710843 0.4957329317269076 0.14840612449799195 0.49761546184738953 0.15248493975903613 0.4998117469879518 0.15530873493975902 0.501066767068273 0.15687751004016062 0.5032630522088353 0.15750502008032127 0.5064006024096385
0 0.1339733935742972 0.8556099397590361 0.13993473895582328 0.847766064257028 0.1418172690763052 0.845883534136546 0.14401355421686748 0.8436872489959839 0.1462098393574297 0.8418047188755019 0.14840612449799195 0.8414909638554217 0.15122991967871485 0.8424322289156625 0.1506024096385542 0.8440010040160641 0.14903363453815258 0.8465110441767068 0.14150351405622488 0.8559236947791165 0.13899347389558234 0.8593749999999999 0.13616967871485944 0.8615712851405621 0.1342871485943775 0.8621987951807228 0.13146335341365462 0.8625125502008031 0.13146335341365462 0.8618850401606425 0.13209086345381524 0.8584337349397589
0 0.07467369477911646 0.7643072289156626 0.060554718875502005 0.7658760040160641 0.057417168674698794 0.7658760040160641 0.05553463855421686 0.7652484939759036 0.05208333333333333 0.7636797188755019 0.0502008032128514 0.7624246987951807 0.04894578313253011 0.7596009036144579 0.05082831325301205 0.7564633534136546 0.05427961847389558 0.754894578313253 0.058358433734939756 0.754894578313253 0.06400602409638553 0.754894578313253 0.06745732931726907 0.754894578313253 0.07153614457831324 0.754894578313253 0.07592871485943774 0.754894578313253 0.07843875502008031 0.754894578313253 0.08314508032128513 0.754894578313253 0.0825175702811245 0.7589733935742972 0.07875251004016064 0.7614834337349397
0 0.18574297188755018 0.9026731927710843 0.20582329317269074 0.8913780120481927 0.20896084337349397 0.8891817269076304 0.2111571285140562 0.8866716867469879 0.2114708835341365 0.8847891566265059 0.2099021084337349 0.8841616465863453 0.20707831325301204 0.8841616465863453 0.2033132530120482 0.8854166666666665 0.19139056224899598 0.8929467871485942 0.18699799196787145 0.8960843373493975 0.1829191767068273 0.8995356425702811 0.17978162650602408 0.9023594377510039 0.1788403614457831 0.9045557228915662 0.18197791164658633 0.9054969879518071
0 0.00030281007751937984 0.04239341085271318 0.009992732558139535 0.0481468023255814 0.02119670542635659 0.05874515503875969 0.026647286821705425 0.06843507751937984 0.013020833333333334 0.06419573643410853 0.005147771317829457 0.05783672480620155 0.0006056201550387597 0.05329457364341085
0 0.6455910852713179 0.4393774224806201 0.6419573643410853 0.4330184108527132 0.6407461240310077 0.4178779069767442 0.6422601744186046 0.40001211240310075 0.6501332364341085 0.4063711240310078 0.6510416666666666 0.4154554263565891 0.648921996124031 0.4363493217054264
0 0.9447674418604651 0.8987403100775194 0.939922480620155 0.8887475775193799 0.9396196705426356 0.8660368217054264 0.941436531007752 0.861797480620155 0.9459786821705426 0.8717902131782946 0.946281492248062 0.8917756782945736
0 0.4351635514018692 0.7729750778816199 0.4504153686396677 0.7661604361370717 0.4588525441329179 0.7629153686396677 0.4672897196261682 0.7603193146417445 0.46664070612668745 0.7561007268951194 0.45366043613707163 0.755776220145379 0.44619678089304254 0.7577232606438215 0.4328920041536864 0.7687564901349948
0 0.005040322580645161 0.9620295698924731 0.015120967741935483 0.9667338709677419 0.028225806451612902 0.9744623655913979 0.029569892473118278 0.9778225806451613 0.023521505376344082 0.978494623655914 0.01814516129032258 0.9744623655913979 0.011424731182795697 0.9724462365591398 0.0026881720430107525 0.9670698924731183 0.0020161290322580645 0.9637096774193548
