1 0.18135040160642568 0.44521837349397586 0.17633032128514053 0.4430220883534136 0.17350652610441764 0.44082580321285136 0.1709964859437751 0.4383157630522088 0.16848644578313252 0.4342369477911646 0.16723142570281124 0.4314131526104417 0.16660391566265056 0.4279618473895582 0.16629016064257027 0.4245105421686747 0.16566265060240962 0.41949046184738953 0.16534889558232932 0.41541164658634533 0.16597640562248994 0.4110190763052209 0.16723142570281124 0.4069402610441767 0.16911395582329317 0.4028614457831325 0.17131024096385541 0.39909638554216864 0.17319277108433734 0.3965863453815261 0.1753890562248996 0.3940763052208835 0.17821285140562246 0.39125251004016065 0.18135040160642568 0.38905622489959835 0.18511546184738953 0.3868599397590361 0.18982178714859438 0.3849774096385542 0.19452811244979917 0.38434989959839355 0.20017570281124497 0.3840361445783132 0.20519578313253012 0.38434989959839355 0.2092745983935743 0.38560491967871485 0.2127259036144578 0.38717369477911645 0.21649096385542166 0.38874246987951805 0.21962851405622488 0.39031124497991965 0.2227660642570281 0.3925075301204819 0.2243348393574297 0.3959588353413654 0.22496234939759036 0.39941014056224894 0.22527610441767065 0.40380271084337344 0.22527610441767065 0.40819528112449793 0.22464859437751003 0.41384287148594373 0.22402108433734938 0.4176079317269076 0.2227660642570281 0.4213729919678714 0.22119728915662648 0.42513805220883527 0.21931475903614456 0.42921686746987947 0.21680471887550198 0.43266817269076296 0.21460843373493974 0.4358057228915662 0.2114708835341365 0.43925702811244977 0.20896084337349397 0.44113955823293166 0.20519578313253012 0.4439633534136546 0.19986194779116465 0.4464733935742971 0.19546937751004015 0.4471009036144578 0.190449297188755 0.4464733935742971 0.18637048192771083 0.4458458835341365
1 0.21900100401606426 0.3498368473895582 0.21460843373493974 0.344816767068273 0.2124121485943775 0.34136546184738953 0.2111571285140562 0.33728664658634533 0.21021586345381524 0.33383534136546184 0.21052961847389556 0.3303840361445783 0.21178463855421684 0.32724648594377503 0.21429467871485944 0.32473644578313254 0.21617720883534136 0.32222640562248994 0.21900100401606426 0.31940261044176704 0.2215110441767068 0.31657881526104414 0.22527610441767065 0.3134412650602409 0.22841365461847388 0.3112449799196787 0.23186495983935743 0.30904869477911645 0.23531626506024095 0.30716616465863456 0.23814006024096382 0.3059111445783132 0.24221887550200802 0.30308734939759036 0.2450426706827309 0.30151857429718876 0.24818022088353411 0.30057730923694775 0.25194528112449793 0.2993222891566265 0.2563378514056225 0.29869477911646586 0.26010291164658633 0.29806726907630515 0.26324046184738953 0.29806726907630515 0.26731927710843373 0.29806726907630515 0.2707705823293172 0.29869477911646586 0.2748493975903614 0.30026355421686746 0.27861445783132527 0.30277359437751 0.28300702811244977 0.3059111445783132 0.2864583333333333 0.3087349397590361 0.28865461847389556 0.3118724899598393 0.28990963855421686 0.31469628514056225 0.29053714859437746 0.32097138554216864 0.29022339357429716 0.32505020080321284 0.28802710843373497 0.3310115461847389 0.285203313253012 0.33571787148594373 0.28143825301204817 0.34011044176706823 0.27735943775100397 0.34387550200803213 0.2723393574297189 0.347640562248996 0.267633032128514 0.3507781124497992 0.2638679718875502 0.3529743975903614 0.2594754016064257 0.35517068273092367 0.2566516064257028 0.35673945783132527 0.25288654618473894 0.3583082329317269 0.25037650602409633 0.3589357429718875 0.24818022088353411 0.3592494979919678 0.2450426706827309 0.3601907630522088 0.24347389558232932 0.3601907630522088 0.24065010040160642 0.3601907630522088 0.23688504016064255 0.35956325301204817 0.2331199799196787 0.35862198795180716 0.2290411646586345 0.35705321285140557 0.22464859437751003 0.35548443775100397 0.22088353413654618 0.3532881526104417
1 0.041415662650602404 0.4172941767068273 0.03325803212851405 0.40976405622489953 0.03137550200803212 0.4075677710843373 0.029492971887550196 0.4044302208835341 0.028237951807228913 0.4009789156626506 0.027610441767068273 0.3969001004016064 0.02698293172690763 0.3934487951807229 0.02698293172690763 0.38905622489959835 0.02698293172690763 0.3834086345381526 0.027610441767068273 0.3780747991967871 0.029492971887550196 0.372113453815261 0.030747991967871483 0.3677208835341365 0.03263052208835341 0.36395582329317266 0.035140562248995984 0.3592494979919678 0.03796435742971887 0.3561119477911647 0.04204317269076305 0.3520331325301205 0.045180722891566265 0.34858182730923687 0.04894578313253011 0.3460717871485944 0.05396586345381526 0.34387550200803213 0.058358433734939756 0.34230672690763053 0.06369226907630522 0.34073795180722893 0.06965361445783132 0.3391691767068273 0.07467369477911646 0.33822791164658633 0.08032128514056223 0.33728664658634533 0.08440010040160642 0.33697289156626503 0.08753765060240963 0.33665913654618473 0.0916164658634538 0.337914156626506 0.09695030120481926 0.33979668674698793 0.10102911646586345 0.34230672690763053 0.10573544176706826 0.3460717871485944 0.10950050200803213 0.3501506024096385 0.11232429718875502 0.35548443775100397 0.11357931726907629 0.35956325301204817 0.11420682730923694 0.36458333333333326 0.11452058232931725 0.3705446787148594 0.11452058232931725 0.3758785140562249 0.11326556224899598 0.38152610441767065 0.11169678714859436 0.38623242971887545 0.10918674698795179 0.39125251004016065 0.10667670682730922 0.3956450803212851 0.10416666666666666 0.39909638554216864 0.10071536144578312 0.40317520080321284 0.09757781124497991 0.4066265060240964 0.09538152610441766 0.40945030120481923 0.09224397590361445 0.4132153614457831 0.08816516064257027 0.4157254016064257 0.0840863453815261 0.4172941767068273 0.08032128514056223 0.4185491967871486 0.07498744979919678 0.4201179718875502 0.07028112449799197 0.4216867469879518 0.06557479919678715 0.4220005020080321 0.06024096385542168 0.4223142570281124 0.05553463855421686 0.4223142570281124 0.050514558232931724 0.4220005020080321 0.04674949799196786 0.4204317269076305
1 0.3143825301204819 0.41384287148594373 0.31375502008032125 0.40631275100401604 0.31375502008032125 0.40192018072289154 0.31375502008032125 0.3981551204819277 0.31375502008032125 0.39439006024096385 0.31469628514056225 0.3899974899598393 0.3168925702811245 0.38591867469879515 0.31940261044176704 0.3821536144578313 0.3228539156626506 0.3783885542168674 0.3269327309236948 0.37619226907630515 0.3360316265060241 0.3733684738955823 0.345758032128514 0.37305471887550196 0.34858182730923687 0.37305471887550196 0.35266064257028107 0.37368222891566266 0.35799447791164657 0.37430973895582326 0.36270080321285136 0.37525100401606426 0.36709337349397586 0.3768197791164658 0.37117218875502006 0.3783885542168674 0.37462349397590355 0.3805848393574297 0.3783885542168674 0.3824673694779116 0.3824673694779116 0.38591867469879515 0.3849774096385542 0.3893699799196787 0.3868599397590361 0.39219377510040154 0.3884287148594377 0.39470381526104414 0.3899974899598393 0.39721385542168675 0.39313504016064255 0.39941014056224894 0.39627259036144574 0.4000376506024096 0.39941014056224894 0.40192018072289154 0.40035140562248994 0.4056852409638554 0.4000376506024096 0.40882279116465864 0.39627259036144574 0.4141566265060241 0.39219377510040154 0.4185491967871486 0.3881149598393574 0.4216867469879518 0.38372238955823285 0.4245105421686747 0.3780747991967871 0.4273343373493975 0.37368222891566266 0.42921686746987947 0.36803463855421686 0.4314131526104417 0.36113202811244977 0.43329568273092367 0.3564257028112449 0.4345507028112449 0.3514056224899598 0.43486445783132527 0.3482680722891566 0.43486445783132527 0.34230672690763053 0.43517821285140557 0.337914156626506 0.43486445783132527 0.33383534136546184 0.4329819277108433 0.330070281124498 0.43078564257028107 0.32630522088353414 0.4276480923694779 0.32316767068273095 0.423883032128514 0.32065763052208834 0.42074548192771083
1 0.4116465863453815 0.3783885542168674 0.40631275100401604 0.37462349397590355 0.40035140562248994 0.3708584337349397 0.398468875502008 0.3692896586345381 0.3959588353413654 0.3674071285140562 0.3940763052208835 0.36521084337349397 0.39188002008032125 0.36270080321285136 0.389683734939759 0.3598770080321285 0.38717369477911645 0.35705321285140557 0.3852911646586345 0.35548443775100397 0.3834086345381526 0.35391566265060237 0.38121234939759036 0.3517193775100401 0.3790160642570281 0.3492093373493976 0.3768197791164658 0.346699297188755 0.37556475903614456 0.34387550200803213 0.37462349397590355 0.34073795180722893 0.37430973895582326 0.33728664658634533 0.37368222891566266 0.3335215863453815 0.37368222891566266 0.3303840361445783 0.37368222891566266 0.32536395582329314 0.37368222891566266 0.3219126506024096 0.37430973895582326 0.3187751004016064 0.3758785140562249 0.31501004016064255 0.3777610441767068 0.31218624497991965 0.3805848393574297 0.3093624497991968 0.38309487951807225 0.30779367469879515 0.38560491967871485 0.30779367469879515 0.38780120481927705 0.3084211847389558 0.3909387550200803 0.3084211847389558 0.39439006024096385 0.3084211847389558 0.397527610441767 0.3087349397590361 0.4000376506024096 0.3099899598393574 0.4028614457831325 0.311558734939759 0.40537148594377503 0.31406877510040154 0.4085090361445783 0.31626506024096385 0.4110190763052209 0.3184613453815261 0.4135291164658634 0.320343875502008 0.416039156626506 0.32316767068273095 0.41823544176706823 0.3259914658634538 0.4210592369477911 0.3294427710843373 0.4232555220883534 0.33258032128514053 0.424824297188755 0.33540411646586343 0.4263930722891566 0.33822791164658633 0.4282756024096385 0.34073795180722893 0.43047188755020077 0.344816767068273 0.4323544176706827 0.3482680722891566 0.43360943775100397 0.35109186746987947 0.43486445783132527 0.3542294176706827 0.4358057228915662 0.3576807228915662 0.43611947791164657 0.3601907630522088 0.43611947791164657 0.36270080321285136 0.43611947791164657 0.36615210843373486 0.43517821285140557 0.36866214859437746 0.4342369477911646 0.372113453815261 0.4329819277108433 0.3749372489959839 0.43078564257028107 0.37713353413654616 0.42921686746987947 0.37964357429718876 0.42670682730923687 0.3824673694779116 0.4232555220883534 0.38309487951807225 0.4204317269076305 0.3834086345381526 0.41792168674698793 0.3821536144578313 0.415097891566265 0.38027108433734935
1 0.43172690763052207 0.27704568273092367 0.43172690763052207 0.27296686746987947 0.4329819277108433 0.2688880522088353 0.4345507028112449 0.266691767068273 0.43674698795180716 0.26449548192771083 0.43957078313253006 0.26292670682730923 0.44427710843373486 0.2610441767068273 0.44804216867469876 0.25884789156626503 0.4518072289156626 0.25727911646586343 0.45525853413654616 0.25571034136546184 0.45996485943775095 0.2553965863453815 0.46561244979919675 0.25602409638554213 0.46718122489959835 0.2566516064257028 0.47000502008032125 0.25727911646586343 0.4747113453815261 0.26010291164658633 0.47879016064257024 0.2622991967871486 0.48130020080321284 0.26449548192771083 0.48286897590361444 0.2670055220883534 0.48443775100401604 0.2692018072289156 0.48600652610441764 0.27296686746987947 0.48694779116465864 0.2757906626506024 0.48788905622489953 0.27861445783132527 0.4885165662650602 0.2808107429718875 0.48945783132530113 0.28300702811244977 0.4900853413654618 0.28739959839357426 0.4900853413654618 0.29053714859437746 0.49039909638554213 0.2936746987951807 0.49039909638554213 0.2977535140562249 0.48945783132530113 0.3008910642570281 0.48788905622489953 0.30371485943775095 0.485379016064257 0.30716616465863456 0.48161395582329314 0.3093624497991968 0.47784889558232924 0.3109312248995984 0.4750251004016064 0.3118724899598393 0.4715737951807229 0.3128137550200803 0.46718122489959835 0.31375502008032125 0.4640436746987951 0.31406877510040154 0.46090612449799195 0.31375502008032125 0.458082329317269 0.3128137550200803 0.4549447791164658 0.3112449799196787 0.4514934738955823 0.3093624497991968 0.44929718875502006 0.30779367469879515 0.44678714859437746 0.30622489959839355 0.4449046184738955 0.3043423694779116 0.44270833333333326 0.3024598393574297 0.44019829317269077 0.2996360441767068 0.4383157630522088 0.29743975903614456 0.43674698795180716 0.294929718875502 0.4354919678714859 0.2927334337349397 0.4342369477911646 0.28990963855421686 0.43329568273092367 0.28739959839357426 0.4323544176706827 0.284262048192771 0.43172690763052207 0.2808107429718875
1 0.32536395582329314 0.2654367469879518 0.31940261044176704 0.26261295180722893 0.3175200803212851 0.26041666666666663 0.31563755020080314 0.2569653614457831 0.31375502008032125 0.25288654618473894 0.31312751004016065 0.24818022088353411 0.3128137550200803 0.24316014056224897 0.3128137550200803 0.23939508032128512 0.31312751004016065 0.23563002008032127 0.31469628514056225 0.23186495983935743 0.31563755020080314 0.22809989959839355 0.3168925702811245 0.2243348393574297 0.3175200803212851 0.22119728915662648 0.3187751004016064 0.21743222891566263 0.320343875502008 0.21429467871485944 0.32222640562248994 0.21052961847389556 0.3244226907630522 0.2067645582329317 0.32661897590361444 0.20394076305220882 0.32975652610441764 0.20237198795180722 0.33258032128514053 0.2008032128514056 0.33540411646586343 0.19954819277108432 0.3394829317269076 0.1979794176706827 0.3445030120481928 0.1948418674698795 0.3479543172690763 0.19358684738955823 0.3520331325301205 0.19107680722891565 0.3557981927710843 0.18982178714859438 0.3583082329317269 0.18982178714859438 0.36270080321285136 0.19013554216867468 0.36615210843373486 0.190449297188755 0.3692896586345381 0.19076305220883533 0.37368222891566266 0.1920180722891566 0.3768197791164658 0.19390060240963852 0.37964357429718876 0.19609688755020077 0.38183985943775095 0.19829317269076305 0.38434989959839355 0.20174447791164657 0.38623242971887545 0.20550953815261044 0.3865461847389558 0.20896084337349397 0.38717369477911645 0.2127259036144578 0.38780120481927705 0.21743222891566263 0.3881149598393574 0.22213855421686743 0.3881149598393574 0.22653112449799195 0.3874874497991968 0.2302961847389558 0.38623242971887545 0.23406124497991965 0.38466365461847385 0.23814006024096382 0.38278112449799195 0.24221887550200802 0.38027108433734935 0.24567018072289154 0.3777610441767068 0.24943524096385541 0.37430973895582326 0.2535140562248996 0.37117218875502006 0.2575928714859438 0.36803463855421686 0.2610441767068273 0.36426957831325296 0.2638679718875502 0.3589357429718875 0.266691767068273 0.3529743975903614 0.268574297188755 0.3488955823293172 0.2692018072289156 0.3432479919678714 0.2692018072289156 0.33979668674698793 0.2688880522088353 0.33540411646586343 0.2682605421686747 0.33132530120481923 0.26731927710843373
1 0.3520331325301205 0.5167545180722891 0.3498368473895582 0.5114206827309237 0.34858182730923687 0.5079693775100401 0.3479543172690763 0.5054593373493975 0.34701305220883527 0.501066767068273 0.346699297188755 0.4951054216867469 0.3482680722891566 0.4910266064257028 0.35109186746987947 0.48788905622489953 0.354543172690763 0.48475150602409633 0.35862198795180716 0.48318273092369474 0.3630145582329317 0.48192771084337344 0.3677208835341365 0.4809864457831325 0.3724272088353413 0.4797314257028112 0.3768197791164658 0.4791039156626506 0.38121234939759036 0.47879016064257024 0.38623242971887545 0.47879016064257024 0.39031124497991965 0.4791039156626506 0.3956450803212851 0.4797314257028112 0.4000376506024096 0.4809864457831325 0.4028614457831325 0.48192771084337344 0.4066265060240964 0.4838102409638554 0.41039156626506024 0.4856927710843373 0.4129016064257028 0.48757530120481923 0.41541164658634533 0.48945783132530113 0.41823544176706823 0.49196787148594373 0.4210592369477911 0.49479166666666663 0.423883032128514 0.4979292168674698 0.425765562248996 0.5007530120481927 0.4270205823293172 0.5045180722891566 0.4276480923694779 0.5085968875502007 0.4279618473895582 0.5133032128514056 0.4282756024096385 0.5183232931726908 0.4276480923694779 0.5214608433734939 0.4260793172690763 0.5239708835341365 0.4245105421686747 0.5258534136546185 0.4213729919678714 0.5286772088353413 0.4172941767068273 0.5311872489959839 0.41384287148594373 0.5327560240963856 0.40945030120481923 0.5355798192771084 0.40631275100401604 0.5365210843373494 0.4016064257028112 0.5374623493975903 0.3981551204819277 0.5377761044176707 0.39376255020080314 0.5377761044176707 0.3893699799196787 0.5368348393574297 0.38560491967871485 0.5362073293172691 0.3824673694779116 0.5355798192771084 0.37870230923694775 0.5349523092369477 0.3758785140562249 0.5340110441767068 0.37274096385542166 0.5330697791164658 0.3705446787148594 0.5315010040160641 0.36677961847389556 0.5289909638554217 0.36395582329317266 0.5267946787148594 0.3617595381526104 0.5249121485943775 0.35956325301204817 0.5230296184738955 0.35705321285140557 0.520519578313253
1 0.3059111445783132 0.5788780120481928 0.29900853413654616 0.5754267068273092 0.29649849397590355 0.5741716867469879 0.294929718875502 0.5722891566265059 0.293988453815261 0.5688378514056224 0.2933609437751004 0.5672690763052208 0.2917921686746988 0.5647590361445782 0.29022339357429716 0.5622489959839357 0.28896837349397586 0.5594252008032128 0.28865461847389556 0.5559738955823293 0.28865461847389556 0.5525225903614458 0.28896837349397586 0.5490712851405621 0.2895958835341365 0.5453062248995983 0.2908509036144578 0.5421686746987951 0.29210592369477906 0.5393448795180723 0.293988453815261 0.5358935742971888 0.29555722891566266 0.5336972891566264 0.29869477911646586 0.5305597389558233 0.30151857429718876 0.5280496987951807 0.30496987951807225 0.5252259036144579 0.30716616465863456 0.5239708835341365 0.30904869477911645 0.5236571285140562 0.311558734939759 0.5239708835341365 0.31501004016064255 0.5242846385542168 0.3175200803212851 0.5245983935742972 0.32065763052208834 0.5255396586345381 0.3234814257028112 0.5261671686746987 0.32567771084337344 0.5264809236947791 0.3275602409638554 0.5277359437751004 0.32975652610441764 0.530245983935743 0.3316390562248996 0.5324422690763052 0.33320783132530113 0.5349523092369477 0.3347766064257028 0.5377761044176707 0.3360316265060241 0.5405998995983936 0.33697289156626503 0.5437374497991968 0.33697289156626503 0.546875 0.33728664658634533 0.5496987951807228 0.33728664658634533 0.552836345381526 0.33571787148594373 0.5562876506024096 0.3215988955823293 0.5782505020080321 0.3200301204819277 0.580133032128514 0.31626506024096385 0.5817018072289156 0.3134412650602409 0.5813880522088353
1 0.345758032128514 0.6033509036144579 0.34230672690763053 0.6008408634538152 0.3404241967871486 0.598644578313253 0.3388554216867469 0.5973895582329317 0.33728664658634533 0.5955070281124498 0.33697289156626503 0.5917419678714858 0.33822791164658633 0.587976907630522 0.3394829317269076 0.5848393574297188 0.34073795180722893 0.582015562248996 0.34262048192771083 0.5788780120481928 0.3451305220883534 0.5763679718875501 0.347640562248996 0.5738579317269076 0.3507781124497992 0.5707203815261044 0.3542294176706827 0.5682103413654619 0.3573669678714859 0.5663278112449799 0.3608182730923694 0.5647590361445782 0.36521084337349397 0.5631902610441767 0.36866214859437746 0.5622489959839357 0.37148594377510036 0.5622489959839357 0.37525100401606426 0.5622489959839357 0.3790160642570281 0.5631902610441767 0.3821536144578313 0.5647590361445782 0.3849774096385542 0.5663278112449799 0.3868599397590361 0.5678965863453815 0.3884287148594377 0.570406626506024 0.3893699799196787 0.5726029116465863 0.3899974899598393 0.5754267068273092 0.39031124497991965 0.5788780120481928 0.39031124497991965 0.5823293172690762 0.39031124497991965 0.5851531124497992 0.39031124497991965 0.5873493975903614 0.38905622489959835 0.5901731927710843 0.3874874497991968 0.5926832329317269 0.38623242971887545 0.5955070281124498 0.3840361445783132 0.5980170682730923 0.38152610441767065 0.5995858433734939 0.37870230923694775 0.6014683734939759 0.37619226907630515 0.6027233935742972 0.37148594377510036 0.60554718875502 0.3674071285140562 0.6071159638554217 0.36364206827309237 0.6086847389558232 0.35956325301204817 0.6089984939759036 0.35548443775100397 0.6086847389558232 0.3517193775100401 0.6074297188755019 0.3482680722891566 0.6061746987951807
1 0.0633785140562249 0.5726029116465863 0.05804467871485943 0.5697791164658634 0.05616214859437751 0.568524096385542 0.0530245983935743 0.5663278112449799 0.05114206827309236 0.5644452811244979 0.04957329317269076 0.5631902610441767 0.04706325301204819 0.5606802208835341 0.04486696787148594 0.5581701807228915 0.043298192771084335 0.5550326305220883 0.042984437751004016 0.5518950803212851 0.042984437751004016 0.5481300200803213 0.043298192771084335 0.5443649598393574 0.04549447791164658 0.5405998995983936 0.04800451807228915 0.5396586345381525 0.05114206827309236 0.5384036144578312 0.054593373493975896 0.5368348393574297 0.05804467871485943 0.535266064257028 0.061495983935742966 0.5340110441767068 0.06463353413654618 0.5330697791164658 0.06745732931726907 0.5324422690763052 0.07122238955823293 0.5315010040160641 0.07467369477911646 0.5315010040160641 0.07875251004016064 0.5315010040160641 0.08189006024096385 0.5315010040160641 0.086910140562249 0.5327560240963856 0.09098895582329317 0.5343247991967871 0.09538152610441766 0.5358935742971888 0.09977409638554216 0.53714859437751 0.10416666666666666 0.539031124497992 0.10761797188755019 0.5412274096385541 0.1107555220883534 0.5434236947791165 0.11420682730923694 0.5462474899598393 0.11577560240963855 0.5487575301204818 0.11734437751004016 0.5515813253012049 0.11765813253012047 0.555660140562249 0.11765813253012047 0.5600527108433735 0.11765813253012047 0.5641315261044176 0.11734437751004016 0.5672690763052208 0.11608935742971886 0.5697791164658634 0.11389307228915663 0.5719754016064257 0.1107555220883534 0.5747991967871485 0.10793172690763052 0.5763679718875501 0.10448042168674698 0.5776229919678715 0.09946034136546184 0.5785642570281124 0.09412650602409638 0.5795055220883534 0.09067520080321284 0.579191767068273 0.08596887550200803 0.5782505020080321 0.08314508032128513 0.5776229919678715 0.07938002008032127 0.5766817269076304 0.07561495983935743 0.5760542168674699 0.07247740963855422 0.5751129518072289 0.06871234939759036 0.5741716867469879
1 0.08628263052208834 0.7448544176706826 0.08157630522088354 0.7445406626506023 0.078125 0.7432856425702811 0.0753012048192771 0.7414031124497991 0.07310491967871485 0.7385793172690762 0.0709086345381526 0.736383032128514 0.06714357429718874 0.7335592369477911 0.06463353413654618 0.7310491967871485 0.06275100401606425 0.7291666666666665 0.06086847389558233 0.7269703815261044 0.058358433734939756 0.7232053212851405 0.056475903614457826 0.7203815261044176 0.055220883534136546 0.716930220883534 0.05427961847389558 0.7137926706827309 0.05427961847389558 0.710027610441767 0.05490712851405622 0.7053212851405621 0.056789658634538144 0.7024974899598393 0.05961345381526104 0.701242469879518 0.0633785140562249 0.6990461847389557 0.06839859437751003 0.6962223895582329 0.07247740963855422 0.6940261044176705 0.0753012048192771 0.6918298192771084 0.07938002008032127 0.6899472891566264 0.08314508032128513 0.6890060240963856 0.08628263052208834 0.6890060240963856 0.09193022088353413 0.6890060240963856 0.09695030120481926 0.6890060240963856 0.1016566265060241 0.6890060240963856 0.10573544176706826 0.6893197791164659 0.10950050200803213 0.6902610441767068 0.11389307228915663 0.6918298192771084 0.11828564257028112 0.6937123493975903 0.12267821285140562 0.6962223895582329 0.12612951807228914 0.6984186746987951 0.12895331325301204 0.7006149598393574 0.13146335341365462 0.704066265060241 0.13365963855421686 0.7075175702811245 0.1346009036144578 0.7112826305220883 0.1352284136546185 0.7150476907630522 0.1352284136546185 0.7184989959839356 0.1339733935742972 0.7216365461847388 0.1330321285140562 0.7241465863453815 0.1311495983935743 0.7282254016064257 0.1295808232931727 0.7310491967871485 0.12707078313253012 0.7345005020080321 0.12518825301204817 0.7373242971887549 0.12205070281124497 0.7388930722891566 0.11922690763052209 0.7404618473895581 0.11483433734939759 0.7423443775100401 0.10950050200803213 0.7435993975903614 0.10510793172690762 0.7439131526104418 0.09820532128514056 0.7439131526104418 0.09255773092369476 0.7445406626506023
1 0.12205070281124497 0.8220381526104418 0.11577560240963855 0.8185868473895581 0.11420682730923694 0.8176455823293173 0.11295180722891565 0.8154492971887549 0.11138303212851405 0.8123117469879517 0.11012801204819275 0.8082329317269076 0.11012801204819275 0.8035266064257027 0.11106927710843371 0.7985065261044176 0.11232429718875502 0.795055220883534 0.11452058232931725 0.7919176706827308 0.11703062248995982 0.7878388554216866 0.11891315261044175 0.7847013052208834 0.12142319277108432 0.7809362449799196 0.1242469879518072 0.7774849397590361 0.12644327309236947 0.7746611445783133 0.1295808232931727 0.7718373493975903 0.1330321285140562 0.769641064257028 0.13648343373493974 0.7671310240963856 0.13993473895582328 0.7652484939759036 0.14369979919678713 0.7636797188755019 0.14652359437751003 0.7636797188755019 0.14997489959839355 0.7633659638554217 0.1546812248995984 0.7627384538152611 0.15970130522088352 0.7614834337349397 0.16597640562248994 0.759914658634538 0.16880020080321284 0.7602284136546184 0.17068273092369476 0.7605421686746987 0.17319277108433734 0.76179718875502 0.17601656626506024 0.7636797188755019 0.1788403614457831 0.7658760040160641 0.1800953815261044 0.767758534136546 0.18135040160642568 0.7712098393574297 0.181664156626506 0.7740336345381525 0.18103664658634538 0.7777986947791165 0.17978162650602408 0.7812499999999999 0.1788403614457831 0.7843875502008031 0.17821285140562246 0.7884663654618473 0.17695783132530118 0.7931726907630522 0.17601656626506024 0.796937751004016 0.17476154618473894 0.8003890562248995 0.172879016064257 0.8035266064257027 0.17036897590361447 0.8072916666666665 0.16723142570281124 0.8101154618473896 0.1637801204819277 0.8126255020080321 0.1609563253012048 0.814508032128514 0.15687751004016062 0.8170180722891566 0.15279869477911648 0.8185868473895581 0.14871987951807228 0.8204693775100401 0.14401355421686748 0.822351907630522 0.13962098393574296 0.8236069277108433 0.1358559236947791 0.8239206827309237 0.13083584337349397 0.8239206827309237 0.1255020080321285 0.8236069277108433
1 0.00031375502008032123 0.6187248995983936 0.00502008032128514 0.6199799196787148 0.006902610441767068 0.6209211847389557 0.009098895582329316 0.622176204819277 0.011608935742971886 0.6237449799196786 0.01568775100401606 0.625941265060241 0.01976656626506024 0.6284513052208834 0.02290411646586345 0.6306475903614458 0.025727911646586343 0.633785140562249 0.028865461847389553 0.6375502008032128 0.030747991967871483 0.6410015060240963 0.03325803212851405 0.6457078313253012 0.0354543172690763 0.6504141566265059 0.03733684738955823 0.6551204819277108 0.038278112449799194 0.6591992971887549 0.03859186746987951 0.6632781124497992 0.03859186746987951 0.6676706827309237 0.038278112449799194 0.6714357429718875 0.036395582329317264 0.6761420682730923 0.03451305220883534 0.6795933734939759 0.03263052208835341 0.6833584337349397 0.0310617469879518 0.6861822289156626 0.029492971887550196 0.6883785140562249 0.026669176706827304 0.6918298192771084 0.024472891566265056 0.6937123493975903 0.021335341365461846 0.6959086345381525 0.01788403614457831 0.6977911646586344 0.013805220883534136 0.6999874497991968 0.00972640562248996 0.701242469879518 0.007216365461847388 0.7018699799196786 0.004392570281124498 0.7018699799196786 0.00031375502008032123 0.7009287148594378
1 0.38372238955823285 0.9331074297188754 0.38089859437751 0.92777359437751 0.379957329317269 0.9255773092369477 0.3790160642570281 0.9230672690763052 0.3783885542168674 0.9199297188755019 0.3777610441767068 0.9171059236947791 0.3777610441767068 0.9152233935742972 0.3777610441767068 0.9127133534136546 0.3780747991967871 0.910203313253012 0.37870230923694775 0.9073795180722891 0.3790160642570281 0.9051832329317268 0.37964357429718876 0.9020456827309236 0.38089859437751 0.8989081325301205 0.3821536144578313 0.8951430722891566 0.38309487951807225 0.8920055220883534 0.38434989959839355 0.8891817269076304 0.38623242971887545 0.8857304216867469 0.3884287148594377 0.8819653614457831 0.3915662650602409 0.8782003012048192 0.3956450803212851 0.8747489959839356 0.39941014056224894 0.8716114457831324 0.4028614457831325 0.8703564257028111 0.407254016064257 0.8691014056224898 0.4110190763052209 0.8678463855421686 0.41541164658634533 0.8672188755020079 0.4210592369477911 0.8665913654618473 0.4254518072289156 0.866277610441767 0.4295306224899598 0.8684738955823292 0.43329568273092367 0.8712976907630522 0.4358057228915662 0.874121485943775 0.4380020080321285 0.8769452811244979 0.4398845381526104 0.8803965863453815 0.44113955823293166 0.8832203815261044 0.44208082329317266 0.8857304216867469 0.44333584337349397 0.8888679718875501 0.4445908634538152 0.891691767068273 0.4455321285140562 0.8945155622489959 0.44615963855421686 0.8989081325301205 0.4464733935742971 0.903300702811245 0.4464733935742971 0.9080070281124498 0.44615963855421686 0.9117720883534136 0.4449046184738955 0.9142821285140561 0.4439633534136546 0.9164784136546184 0.44239457831325296 0.9196159638554217 0.44082580321285136 0.9230672690763052 0.4386295180722891 0.9262048192771084 0.4364332329317269 0.9290286144578312 0.4323544176706827 0.9324799196787148 0.4289031124497991 0.9349899598393574 0.42513805220883527 0.9374999999999999 0.4223142570281124 0.9393825301204818 0.41823544176706823 0.9412650602409638 0.4129016064257028 0.9428338353413654 0.40537148594377503 0.9428338353413654 0.39909638554216864 0.9422063253012047 0.3969001004016064 0.9412650602409638 0.39376255020080314 0.9393825301204818 0.39062499999999994 0.9371862449799196 0.38717369477911645 0.935617469879518
1 0.5198920682730923 0.9804844377510039 0.5145582329317269 0.9760918674698794 0.5133032128514056 0.9745230923694778 0.5123619477911646 0.9723268072289156 0.5111069277108433 0.969816767068273 0.5104794176706827 0.9663654618473895 0.5104794176706827 0.9632279116465863 0.509851907630522 0.9594628514056224 0.5095381526104418 0.9553840361445782 0.5089106425702811 0.9519327309236947 0.5089106425702811 0.9472264056224898 0.5089106425702811 0.9428338353413654 0.5092243975903614 0.9393825301204818 0.5101656626506024 0.935617469879518 0.5117344377510039 0.9321661646586344 0.512675702811245 0.9287148594377509 0.5142444779116465 0.9252635542168673 0.5161270080321284 0.9214984939759036 0.5180095381526104 0.9183609437751004 0.519578313253012 0.9155371485943775 0.5220883534136546 0.9130271084337348 0.5249121485943775 0.9108308232931727 0.5289909638554217 0.9089482931726907 0.5330697791164658 0.9073795180722891 0.5365210843373494 0.9064382530120482 0.5402861445783133 0.9058107429718875 0.544992469879518 0.9073795180722891 0.5484437751004017 0.911144578313253 0.5496987951807228 0.9149096385542168 0.5509538152610441 0.91804718875502 0.5525225903614458 0.9211847389558232 0.553777610441767 0.9230672690763052 0.5553463855421686 0.9252635542168673 0.5569151606425702 0.9284011044176705 0.5578564257028111 0.9315386546184737 0.5587976907630522 0.9343624497991967 0.5594252008032128 0.9378137550200802 0.5600527108433735 0.9428338353413654 0.5606802208835341 0.9475401606425702 0.5609939759036143 0.9519327309236947 0.5609939759036143 0.9556977911646585 0.5609939759036143 0.9604041164658633 0.5600527108433735 0.9654241967871485 0.5575426706827309 0.9704442771084337 0.5553463855421686 0.9751506024096385 0.5534638554216866 0.9782881526104418 0.5496987951807228 0.9804844377510039 0.544051204819277 0.9829944779116465 0.5384036144578312 0.9851907630522088 0.5336972891566264 0.9861320281124498 0.5286772088353413 0.9867595381526103 0.5258534136546185 0.9861320281124498 0.5227158634538153 0.9842494979919678
1 0.2936746987951807 0.9924071285140561 0.2895958835341365 0.9870732931726907 0.2877133534136546 0.9836219879518071 0.28583082329317266 0.9811119477911646 0.2848895582329317 0.9776606425702811 0.28394829317269077 0.9738955823293173 0.28300702811244977 0.9685617469879517 0.2823795180722891 0.9638554216867469 0.2823795180722891 0.9588353413654617 0.28300702811244977 0.9547565261044176 0.28457580321285136 0.9506777108433735 0.2864583333333333 0.9465988955823292 0.2883408634538152 0.9431475903614458 0.29147841365461846 0.9387550200803213 0.294929718875502 0.9353037148594378 0.2993222891566265 0.9321661646586344 0.30277359437751 0.9309111445783133 0.30716616465863456 0.9296561244979918 0.311558734939759 0.9290286144578312 0.3134412650602409 0.9290286144578312 0.31657881526104414 0.9290286144578312 0.32567771084337344 0.9305973895582329 0.3303840361445783 0.932793674698795 0.33320783132530113 0.9343624497991967 0.33665913654618473 0.9362449799196786 0.3391691767068273 0.9387550200803213 0.3416792168674698 0.9412650602409638 0.34387550200803213 0.9453438755020079 0.3454442771084337 0.9487951807228915 0.34701305220883527 0.9519327309236947 0.3479543172690763 0.9553840361445782 0.3488955823293172 0.9588353413654617 0.3488955823293172 0.9626004016064257 0.3488955823293172 0.9673067269076304 0.3488955823293172 0.9716992971887549 0.3488955823293172 0.9754643574297188 0.3479543172690763 0.9807981927710843 0.346699297188755 0.9861320281124498 0.344816767068273 0.9911521084337348 0.3429342369477911 0.9952309236947791 0.3394829317269076 0.9977409638554217 0.3370481927710841 0.9989583333333333 0.29900853413654616 0.9989583333333333
1 0.04849982193732186 0.1942886396011395 0.04516114672364665 0.19250801282051275 0.04404825498575491 0.1909499643874643 0.043157941595441514 0.18894675925925916 0.042267628205128124 0.18694355413105407 0.04115473646723639 0.18405003561253555 0.040041844729344654 0.181156517094017 0.038928952991452916 0.17804042022792016 0.03803863960113952 0.17581463675213668 0.03714832621082613 0.1726985398860398 0.03648059116809109 0.16913728632478625 0.03625801282051274 0.16579861111111105 0.03625801282051274 0.1642405626780626 0.03625801282051274 0.16067930911680903 0.03648059116809109 0.15756321225071218 0.03737090455840448 0.15556000712250703 0.03848379629629621 0.15244391025641016 0.03959668803418795 0.14955039173789164 0.04070957977207969 0.1464342948717948 0.042045049857549775 0.14420851139601132 0.043603098290598205 0.14086983618233612 0.04516114672364665 0.13797631766381757 0.04694177350427342 0.1361956908831908 0.049167556980056905 0.13463764245014237 0.051170762108262026 0.1328570156695156 0.053841702279202194 0.13085381054131048 0.05606748575498567 0.12929576210826205 0.058070690883190806 0.1281828703703703 0.06029647435897428 0.12751513532763525 0.0627448361823361 0.12662482193732189 0.06519319800569792 0.12595708689458682 0.06719640313390306 0.12573450854700846 0.07053507834757827 0.12573450854700846 0.07387375356125349 0.12573450854700846 0.07632211538461532 0.12595708689458682 0.07832532051282044 0.12662482193732189 0.08121883903133896 0.1277377136752136 0.08433493589743583 0.12885060541310536 0.08722845441595434 0.1310763888888888 0.08989939458689451 0.13374732905982897 0.09234775641025635 0.1366408475783475 0.09412838319088311 0.14109241452991444 0.0959090099715099 0.14576655982905973 0.09635416666666659 0.1506632834757834 0.09635416666666659 0.1540019586894586 0.09635416666666659 0.15800836894586887 0.09635416666666659 0.16201477920227914 0.09568643162393156 0.16602118945868938 0.09479611823361817 0.16913728632478625 0.09323806980056973 0.17336627492877485 0.09123486467236461 0.17759526353276345 0.08923165954415949 0.18026620370370364 0.08633814102564095 0.18315972222222215 0.08344462250712244 0.18560808404558396 0.08077368233618226 0.18783386752136744 0.07788016381766376 0.1905048076923076 0.07520922364672358 0.19250801282051275 0.07320601851851845 0.19362090455840447 0.06986734330484325 0.19495637464387455 0.06675124643874636 0.19562410968660962 0.06207710113960106 0.1960692663817663 0.05873842592592585 0.19629184472934466 0.05562232905982898 0.196514423076923 0.052283653846153764 0.19584668803418795
1 0.16935986467236458 0.12640224358974353 0.1664663461538461 0.12551193019943013 0.1646857193732193 0.12462161680911674 0.16245993589743582 0.123508725071225 0.16023415242165234 0.12239583333333326 0.15800836894586887 0.12061520655270648 0.15645032051282043 0.11861200142450136 0.1553374287749287 0.11705395299145292 0.15422453703703695 0.11438301282051275 0.15311164529914523 0.11193465099715093 0.15222133190883183 0.10970886752136746 0.15088586182336175 0.10681534900284893 0.15021812678062668 0.10414440883190876 0.1493278133903133 0.10125089031339024 0.1488826566951566 0.09813479344729338 0.14843749999999992 0.09501869658119651 0.1479923433048432 0.09168002136752129 0.1479923433048432 0.08811876780626775 0.14776976495726488 0.08366720085470078 0.14754718660968655 0.07988336894586888 0.14754718660968655 0.07587695868945861 0.1479923433048432 0.07120281339031331 0.14866007834757827 0.06697382478632471 0.14910523504273496 0.06408030626780618 0.15044070512820504 0.060741631054130975 0.15177617521367512 0.05784811253561246 0.15311164529914523 0.05562232905982898 0.154892272079772 0.0533965455840455 0.15645032051282043 0.05183849715099707 0.15800836894586887 0.05005787037037029 0.1604567307692307 0.04760950854700847 0.16268251424501418 0.04649661680911673 0.16513087606837598 0.04538372507122499 0.16913728632478625 0.0444934116809116 0.1722533831908831 0.0444934116809116 0.17536948005697997 0.04538372507122499 0.17737268518518512 0.04649661680911673 0.17915331196581188 0.04760950854700847 0.18271456552706544 0.05005787037037029 0.1844951923076922 0.051615918803418724 0.18605324074074064 0.05406428062678055 0.18738871082621075 0.05651264245014238 0.18872418091168083 0.059628739316239236 0.19005965099715091 0.062299679487179405 0.191395121082621 0.06586093304843296 0.1931757478632478 0.06942218660968653 0.1942886396011395 0.07276086182336175 0.19562410968660962 0.07632211538461532 0.19673700142450137 0.08010594729344724 0.19718215811965803 0.08366720085470078 0.19740473646723639 0.08722845441595434 0.19740473646723639 0.09145744301994295 0.1969595797720797 0.0954638532763532 0.1960692663817663 0.09902510683760676 0.19540153133903126 0.10280893874643868 0.19473379629629622 0.10592503561253555 0.19362090455840447 0.10948628917378911 0.19273059116809108 0.11215722934472927 0.19117254273504264 0.11482816951566945 0.18961449430199423 0.11683137464387457 0.1880564458689458 0.11883457977207972 0.18560808404558396 0.12083778490028484 0.1829371438746438 0.12217325498575492 0.18093393874643868 0.123508725071225 0.1769275284900284 0.12573450854700846 0.17336627492877485 0.12706997863247857
1 0.243255876068376 0.2063078703703703 0.23724626068376062 0.19963051994301986 0.23613336894586887 0.19829504985754978 0.23435274216524207 0.19673700142450137 0.23323985042735035 0.19495637464387455 0.23168180199430194 0.1931757478632478 0.23123664529914523 0.1909499643874643 0.23101406695156687 0.1885016025641025 0.23101406695156687 0.18538550569800563 0.23101406695156687 0.18160167378917372 0.23079148860398851 0.1782629985754985 0.23079148860398851 0.17559205840455833 0.23079148860398851 0.1722533831908831 0.23079148860398851 0.16802439458689453 0.23168180199430194 0.1633502492877492 0.23323985042735035 0.15956641737891727 0.23479789886039878 0.15645032051282043 0.23702368233618226 0.15244391025641016 0.23991720085470078 0.1488826566951566 0.24258814102564094 0.1459891381766381 0.24481392450142442 0.14398593304843296 0.24726228632478625 0.1422053062678062 0.25060096153846145 0.1404246794871794 0.2546073717948717 0.13819889601139593 0.25794604700854695 0.13552795584045577 0.2606169871794871 0.13352475071225062 0.2635105056980056 0.13263443732193725 0.2670717592592592 0.13152154558404552 0.2704104344729344 0.13018607549857544 0.273971688034188 0.12929576210826205 0.2775329415954415 0.128628027065527 0.28042646011396 0.128628027065527 0.28376513532763525 0.12929576210826205 0.2862134971509971 0.13018607549857544 0.2884392806267806 0.13085381054131048 0.2913327991452991 0.13174412393162385 0.29444889601139596 0.1328570156695156 0.29778757122507116 0.13374732905982897 0.3004585113960113 0.13530537749287744 0.30268429487179477 0.13686342592592585 0.30468749999999994 0.13864405270655264 0.30624554843304835 0.14131499287749277 0.3073584401709401 0.14443108974358967 0.3073584401709401 0.14866007834757827 0.30758101851851843 0.1535568019943019 0.30758101851851843 0.15823094729344722 0.30758101851851843 0.16201477920227914 0.3069132834757834 0.16513087606837598 0.30624554843304835 0.16735665954415946 0.3051326566951566 0.17091791310541302 0.30424234330484323 0.17425658831908825 0.30290687321937315 0.1778178418803418 0.30157140313390307 0.18071136039886032 0.3004585113960113 0.18405003561253555 0.2989004629629629 0.18649839743589736 0.29689725783475773 0.18872418091168083 0.29444889601139596 0.19072738603988598 0.2913327991452991 0.19339832621082612 0.2882167022792022 0.19584668803418795 0.285545762108262 0.19762731481481474 0.28220708689458684 0.19985309829059822 0.27864583333333326 0.20185630341880334 0.2766426282051281 0.2029691951566951 0.2737491096866096 0.20452724358974353 0.2699652777777777 0.20608529202279194 0.2666266025641025 0.20742076210826205 0.263733084045584 0.20831107549857542 0.26128472222222215 0.2092013888888888 0.25616542022792016 0.2100917022792022 0.2550525284900284 0.2100917022792022 0.25238158831908825 0.20986912393162385 0.2503783831908831 0.2105368589743589 0.248375178062678 0.2100917022792022 0.2465945512820512 0.2087562321937321
1 0.051615918803418724 0.07743500712250705 0.050503027065526986 0.07988336894586888 0.04983529202279194 0.08121883903133896 0.048944978632478556 0.0823317307692307 0.04716435185185177 0.08388977920227912 0.04493856837606829 0.08455751424501418 0.042267628205128124 0.08478009259259252 0.038706374643874566 0.08500267094017086 0.03425480769230761 0.08500267094017086 0.03247418091168083 0.08478009259259252 0.02980324074074066 0.08433493589743583 0.026241987179487104 0.08344462250712244 0.021345263532763455 0.07988336894586888 0.019564636752136672 0.07854789886039878 0.018229166666666588 0.07654469373219366 0.016893696581196504 0.07454148860398853 0.014266304347826164 0.07050120772946866 0.012001811594202957 0.0614432367149759 0.012756642512077369 0.04634661835748798 0.014266304347826164 0.03728864734299523 0.017561431623931544 0.03291933760683753 0.01911948005697998 0.030470975783475705 0.020454950142450065 0.02935808404558397 0.022458155270655193 0.026909722222222144 0.02446136039886032 0.024683938746438667 0.02646456552706545 0.024016203703703623 0.028912927350427272 0.023125890313390237 0.031138710826210746 0.022458155270655193 0.033141915954415874 0.022458155270655193 0.03670316951566943 0.023125890313390237 0.0398192663817663 0.024238782051281976 0.043157941595441514 0.02557425213675206 0.04538372507122499 0.02646456552706545 0.04716435185185177 0.02824519230769223 0.04849982193732186 0.02980324074074066 0.04983529202279194 0.031583867521367444 0.05139334045584038 0.03403222934472926 0.052506232193732114 0.03625801282051274 0.053173967236467154 0.03803863960113952 0.0542868589743589 0.041377314814814735 0.05495459401709393 0.044715990028489944 0.05562232905982898 0.04783208689458682 0.05606748575498567 0.05139334045584038 0.05629006410256402 0.05450943732193724 0.05651264245014238 0.05740295584045576 0.05651264245014238 0.06029647435897428 0.05629006410256402 0.0636351495726495 0.05606748575498567 0.06741898148148141 0.05539975071225064 0.07075765669515663 0.05450943732193724 0.07320601851851845
1 0.6191907051282051 0.14687945156695148 0.6154068732193732 0.14376335470085463 0.6129585113960113 0.1422053062678062 0.6109553062678063 0.14109241452991444 0.6093972578347578 0.139534366096866 0.6073940527065528 0.13641826923076916 0.6058360042735043 0.1328570156695156 0.6042779558404558 0.12929576210826205 0.6022747507122508 0.12617966524216517 0.6004941239316239 0.12328614672364666 0.5989360754985754 0.12061520655270648 0.5978231837606838 0.11683137464387457 0.5971554487179488 0.11393785612535606 0.596710292022792 0.11015402421652415 0.596042556980057 0.1057024572649572 0.5958199786324786 0.10191862535612528 0.5958199786324786 0.09791221509971502 0.5962651353276354 0.09524127492877485 0.5976006054131054 0.09190259971509965 0.5991586538461539 0.08945423789173781 0.601829594017094 0.08656071937321931 0.6047231125356125 0.08433493589743583 0.6071714743589743 0.0823317307692307 0.6100649928774929 0.08010594729344724 0.6127359330484331 0.07877047720797714 0.6151842948717949 0.07810274216524209 0.6180778133903133 0.07810274216524209 0.6220842236467237 0.07810274216524209 0.6252003205128206 0.07810274216524209 0.6285389957264957 0.07832532051282044 0.6312099358974359 0.07877047720797714 0.6341034544159545 0.07921563390313383 0.6378872863247864 0.08010594729344724 0.6425614316239316 0.08121883903133896 0.6463452635327636 0.08255430911680904 0.6496839387464387 0.08478009259259252 0.6521323005698005 0.0874510327635327 0.6536903490028491 0.08989939458689451 0.6559161324786325 0.09257033475783469 0.6574741809116809 0.09457353988603982 0.6585870726495726 0.0967993233618233 0.6601451210826211 0.09947026353276348 0.6621483262108262 0.10392183048433042 0.663928952991453 0.10726050569800563 0.6650418447293447 0.1108217592592592 0.6661547364672364 0.1150507478632478 0.6665998931623932 0.11816684472934466 0.6672676282051282 0.12195067663817657 0.6674902065527065 0.1268474002849002 0.6668224715099715 0.1310763888888888 0.664596688034188 0.13374732905982897 0.6614805911680912 0.13597311253561245 0.6576967592592593 0.13886663105413097 0.6548032407407407 0.14131499287749277 0.6512419871794872 0.14354077635327625 0.6472355769230769 0.14576655982905973 0.6438969017094017 0.14776976495726488 0.6403356481481483 0.14999554843304835 0.6374421296296297 0.1515535968660968 0.6347711894586895 0.15222133190883183 0.6316550925925927 0.1519987535612535 0.6283164173789174 0.15088586182336175 0.6243100071225071 0.1493278133903133
1 0.7197961182336183 0.11015402421652415 0.7153445512820513 0.10414440883190876 0.7137865028490028 0.1014734686609686 0.7120058760683761 0.09746705840455833 0.7102252492877493 0.09368322649572643 0.7084446225071226 0.08923165954415949 0.7066639957264957 0.08500267094017086 0.7059962606837608 0.08121883903133896 0.7057736823361824 0.076767272079772 0.705551103988604 0.07231570512820505 0.7057736823361824 0.06875445156695151 0.7068865740740741 0.06385772792022784 0.7084446225071226 0.059851317663817585 0.7102252492877493 0.05651264245014238 0.7120058760683761 0.05406428062678055 0.7137865028490028 0.052283653846153764 0.7155671296296297 0.051170762108262026 0.7206864316239316 0.0487224002849002 0.7231347934472935 0.04805466524216516 0.7273637820512822 0.04760950854700847 0.7298121438746439 0.04760950854700847 0.7329282407407407 0.04716435185185177 0.7353766025641025 0.04716435185185177 0.737602386039886 0.04805466524216516 0.7396055911680912 0.04939013532763525 0.742721688034188 0.051615918803418724 0.7451700498575499 0.053841702279202194 0.7473958333333334 0.05584490740740733 0.7505119301994302 0.059406160968660894 0.7531828703703703 0.06207710113960106 0.7556312321937322 0.06497061965811958 0.758079594017094 0.06875445156695151 0.7600827991452992 0.07209312678062671 0.761195690883191 0.07342859686609679 0.7638666310541311 0.0772124287749287 0.7658698361823362 0.08099626068376062 0.7669827279202279 0.08478009259259252 0.7669827279202279 0.08811876780626775 0.7652021011396012 0.09212517806267799 0.7623085826210827 0.09568643162393156 0.7600827991452992 0.09924768518518512 0.758079594017094 0.10236378205128198 0.7562989672364673 0.1057024572649572 0.7542957621082621 0.10859597578347573 0.7525151353276354 0.11059918091168085 0.7500667735042735 0.11282496438746432 0.747173254985755 0.11482816951566945 0.7442797364672364 0.11705395299145292 0.740718482905983 0.118389423076923 0.7380475427350427 0.118389423076923 0.7351540242165242 0.1179442663817663 0.7311476139601141 0.11727653133903128 0.7280315170940171 0.11594106125356118 0.7240251068376068 0.11393785612535606 0.72090900997151 0.11215722934472927
1 0.7850115740740741 0.0 0.7834535256410257 0.005542200854700774 0.7823406339031339 0.008658297720797641 0.7807825854700855 0.01155181623931616 0.7783342236467237 0.014445334757834678 0.7765535968660969 0.016448539886039806 0.7732149216524217 0.01978721509971502 0.7703214031339031 0.02179042022792015 0.7654246794871795 0.023793625356125277 0.761195690883191 0.024683938746438667 0.7589699074074073 0.024683938746438667 0.7558538105413105 0.024016203703703623 0.7525151353276354 0.023125890313390237 0.7498441951566952 0.0220129985754985 0.7476184116809116 0.02112268518518511 0.7445023148148149 0.01978721509971502 0.7429442663817664 0.018674323361823283 0.7409410612535613 0.016671118233618155 0.7393830128205128 0.014667913105413025 0.7380475427350427 0.012664707977207897 0.7364894943019943 0.01043892450142442 0.7349314458689459 0.008435719373219294 0.7329282407407407 0.005764779202279122 0.7311476139601141 0.003316417378917298 0.7309250356125356 0.0
1 0.6761707621082621 0.20964654558404552 0.6732772435897435 0.20853365384615377 0.6679353632478633 0.20385950854700846 0.6663773148148149 0.20230146011396005 0.6641515313390314 0.20052083333333323 0.6628160612535613 0.19896278490028482 0.6610354344729344 0.196514423076923 0.6592548076923077 0.1942886396011395 0.6574741809116809 0.19161769943019935 0.6563612891737892 0.18894675925925916 0.6552483974358975 0.18672097578347568 0.6543580840455842 0.18338230056980048 0.6541355056980057 0.18026620370370364 0.6541355056980057 0.1762597934472934 0.6548032407407407 0.17247596153846148 0.6556935541310541 0.1698050213675213 0.6574741809116809 0.16757923789173781 0.6596999643874644 0.16579861111111105 0.6630386396011396 0.16401798433048423 0.6670450498575499 0.16268251424501418 0.6710514601139601 0.16156962250712242 0.674167556980057 0.1604567307692307 0.6788417022792023 0.15934383903133895 0.6832932692307693 0.15823094729344722 0.6866319444444444 0.15756321225071218 0.6904157763532763 0.15711805555555547 0.6941996082621082 0.15689547720797714 0.6984285968660969 0.15734063390313383 0.7026575854700855 0.15845352564102555 0.7059962606837608 0.15978899572649566 0.7095575142450143 0.16179220085470075 0.7122284544159545 0.16446314102564094 0.7153445512820513 0.16802439458689453 0.7171251780626781 0.17114049145299137 0.7186832264957265 0.1735888532763532 0.7206864316239316 0.17670495014245005 0.7224670584045584 0.18004362535612525 0.7235799501424502 0.18271456552706544 0.7244702635327636 0.18560808404558396 0.7246928418803419 0.18827902421652412 0.7244702635327636 0.19072738603988598 0.7235799501424502 0.19339832621082612 0.7226896367521367 0.19673700142450137 0.721576745014245 0.20007567663817657 0.7204638532763533 0.20385950854700846 0.7191283831908832 0.2063078703703703 0.7175703347578347 0.20897881054131048 0.7162348646723646 0.21075943732193725 0.7137865028490028 0.21187232905982897 0.7095575142450143 0.21320779914529905 0.7053285256410257 0.2138755341880341 0.7015446937321937 0.21454326923076916 0.6984285968660969 0.2147658475783475 0.6957576566951568 0.2147658475783475 0.6915286680911681 0.2147658475783475 0.6872996794871794 0.2143206908831908 0.6841835826210827 0.21343037749287744 0.6806223290598291 0.21231748575498569
1 0.850894764957265 0.0832220441595441 0.8439948361823362 0.07988336894586888 0.8411013176638177 0.07788016381766376 0.8390981125356126 0.07609953703703697 0.8375400641025641 0.07387375356125349 0.8357594373219374 0.07164797008547001 0.8335336538461539 0.06853187321937315 0.8313078703703703 0.06541577635327628 0.8297498219373219 0.06185452279202271 0.8284143518518519 0.05784811253561246 0.8273014601139601 0.052283653846153764 0.8266337250712251 0.04805466524216516 0.8261885683760684 0.043157941595441514 0.8261885683760684 0.03781606125356117 0.8266337250712251 0.033141915954415874 0.8279691951566952 0.029580662393162316 0.8295272435897435 0.026909722222222144 0.8313078703703703 0.024016203703703623 0.8330884971509972 0.02112268518518511 0.8353142806267807 0.018006588319088242 0.8373174857549858 0.015558226495726414 0.839320690883191 0.013555021367521288 0.8431045227920229 0.009326032763532683 0.8495592948717949 0.003984152421652341 0.852230235042735 0.0026486823361822555 0.8553463319088319 0.00131321225071217 0.8575721153846154 0.000645477207977127 0.8606882122507123 0.00020032051282043185 0.8704816595441596 0.000645477207977127 0.8827234686609686 0.004429309116809036 0.8851718304843305 0.005097044159544079 0.8880653490028491 0.006432514245014164 0.891849180911681 0.007767984330484249 0.8945201210826211 0.009993767806267727 0.8974136396011396 0.013777599715099636 0.8985265313390314 0.015558226495726414 0.8996394230769231 0.018006588319088242 0.9005297364672364 0.020232371794871716 0.902087784900285 0.023348468660968583 0.9029780982905983 0.026241987179487104 0.9038684116809118 0.029135505698005618 0.9043135683760684 0.03247418091168083 0.9052038817663818 0.03625801282051274 0.9056490384615384 0.040487001424501345 0.9056490384615384 0.04338051994301986 0.9056490384615384 0.04716435185185177 0.9052038817663818 0.05005787037037029 0.9038684116809118 0.053841702279202194 0.90275551994302 0.05673522079772072 0.9003071581196581 0.060741631054130975 0.8980813746438746 0.06430288461538454 0.8958555911680912 0.06808671652421645 0.893852386039886 0.07098023504273497 0.8900685541310541 0.07409633190883184 0.886062143874644 0.07698985042735035 0.8831686253561254 0.07921563390313383 0.8807202635327636 0.08166399572649566 0.87715900997151 0.08366720085470078 0.8729300213675214 0.08544782763532757 0.8702590811965812 0.08589298433048426 0.8662526709401709 0.08633814102564095 0.8626914173789174 0.08633814102564095 0.8600204772079771 0.0861155626780626 0.8562366452991453 0.08478009259259252
1 0.9343616452991453 0.12840544871794865 0.9294649216524217 0.12284099002848996 0.9287971866096867 0.12083778490028484 0.9281294515669516 0.11705395299145292 0.9272391381766382 0.11282496438746432 0.9263488247863249 0.10881855413105405 0.9259036680911681 0.1052573005698005 0.9254585113960114 0.10214120370370364 0.9254585113960114 0.09768963675213668 0.9261262464387465 0.09190259971509965 0.9267939814814815 0.08923165954415949 0.9283520299145299 0.08544782763532757 0.9301326566951568 0.081886574074074 0.9316907051282051 0.07832532051282044 0.9336939102564104 0.07476406695156687 0.935474537037037 0.07098023504273497 0.9363648504273505 0.06919960826210819 0.9408164173789174 0.062299679487179405 0.9448228276353277 0.05629006410256402 0.9463808760683762 0.053841702279202194 0.9481615028490028 0.05139334045584038 0.950164707977208 0.048944978632478556 0.9521679131054132 0.04649661680911673 0.9550614316239316 0.04427083333333325 0.9581775284900285 0.04271278490028482 0.9610710470085471 0.041822471509971426 0.9637419871794872 0.041822471509971426 0.9673032407407407 0.042267628205128124 0.9704193376068376 0.042935363247863165 0.9733128561253561 0.04404825498575491 0.976428952991453 0.04627403846153839 0.9784321581196581 0.04783208689458682 0.98088051994302 0.05028044871794864 0.9828837250712251 0.05361912393162385 0.9846643518518519 0.05673522079772072 0.9864449786324787 0.0585158475783475 0.9886707621082621 0.059851317663817585 0.990451388888889 0.060964209401709324 0.9931223290598291 0.062299679487179405 0.9946803774928775 0.06497061965811958 0.9944577991452992 0.06764155982905977 0.9931223290598291 0.07075765669515663 0.992454594017094 0.07320601851851845 0.991786858974359 0.07565438034188027 0.991786858974359 0.07743500712250705 0.990451388888889 0.08633814102564095 0.9893384971509972 0.09368322649572643 0.9888933404558404 0.0959090099715099 0.9886707621082621 0.09768963675213668 0.9882256054131054 0.0996928418803418 0.9875578703703703 0.10236378205128198 0.9859998219373219 0.10592503561253555 0.9842191951566952 0.10904113247863241 0.9824385683760684 0.11171207264957259 0.98088051994302 0.11393785612535606 0.9795450498575499 0.11594106125356118 0.9779870014245015 0.118389423076923 0.9766515313390314 0.12083778490028484 0.974425747863248 0.123508725071225 0.9721999643874644 0.12528935185185178 0.9701967592592593 0.12706997863247857 0.9688612891737892 0.128628027065527 0.9673032407407407 0.1299634971509971 0.9659677706552706 0.13063123219373213 0.9644097222222222 0.13129896723646717 0.9619613603988604 0.13174412393162385 0.9586226851851852 0.13241185897435892 0.9548388532763533 0.13241185897435892 0.9521679131054132 0.1328570156695156 0.9494969729344729 0.1328570156695156 0.9468260327635327 0.1328570156695156 0.9437099358974359 0.13174412393162385 0.9392583689458689 0.13018607549857544
1 0.7571892806267807 0.19473379629629622 0.7562989672364673 0.1909499643874643 0.7556312321937322 0.18961449430199423 0.7545183404558404 0.1880564458689458 0.752960292022792 0.18672097578347568 0.7520699786324786 0.18538550569800563 0.7516248219373219 0.1820468304843304 0.752292556980057 0.1787081552706552 0.7527377136752137 0.176037215099715 0.7531828703703703 0.1689147079772079 0.7538506054131054 0.16691150284900277 0.7554086538461539 0.16179220085470075 0.7558538105413105 0.160011574074074 0.7567441239316239 0.15800836894586887 0.7578570156695157 0.15645032051282043 0.7594150641025641 0.15422453703703695 0.7607505341880342 0.15222133190883183 0.762531160968661 0.15021812678062668 0.7643117877492878 0.14843749999999992 0.7669827279202279 0.14710202991452984 0.7689859330484331 0.14576655982905973 0.7716568732193732 0.14420851139601132 0.7743278133903134 0.1428730413105412 0.7772213319088319 0.14153757122507116 0.7807825854700855 0.13997952279202272 0.7832309472934473 0.13886663105413097 0.7865696225071226 0.1375311609686609 0.7892405626780626 0.1366408475783475 0.7914663461538463 0.13641826923076916 0.7941372863247864 0.1361956908831908 0.7965856481481483 0.13641826923076916 0.7988114316239316 0.13686342592592585 0.8021501068376068 0.13730858262108253 0.8052662037037037 0.13797631766381757 0.8088274572649573 0.1390892094017093 0.8119435541310541 0.14020210113960105 0.8152822293447294 0.14153757122507116 0.818175747863248 0.1430956196581196 0.8215144230769231 0.1450988247863247 0.823962784900285 0.14665687321937312 0.8264111467236468 0.14910523504273496 0.8281917735042735 0.15133101851851843 0.8297498219373219 0.1535568019943019 0.8313078703703703 0.15622774216524207 0.8328659188034189 0.15934383903133895 0.834201388888889 0.16179220085470075 0.835536858974359 0.16446314102564094 0.8368723290598291 0.16735665954415946 0.8384303774928774 0.17047275641025633 0.8397658475783476 0.17381143162393153 0.840656160968661 0.176037215099715 0.8415464743589743 0.1782629985754985 0.8424367877492878 0.18048878205128197 0.8431045227920229 0.1829371438746438 0.8435496794871795 0.18538550569800563 0.8435496794871795 0.18783386752136744 0.8433271011396012 0.19005965099715091 0.8422142094017093 0.19273059116809108 0.841323896011396 0.1942886396011395 0.8384303774928774 0.19451121794871787 0.8353142806267807 0.196514423076923 0.8337562321937322 0.19829504985754978 0.8306401353276354 0.20074341168091162 0.8284143518518519 0.20319177350427342 0.82596599002849 0.20564013532763525 0.8235176282051282 0.20719818376068366 0.820846688034188 0.20808849715099706 0.8177305911680912 0.2087562321937321 0.8132790242165242 0.20942396723646714 0.808604878917379 0.20986912393162385 0.8050436253561254 0.21031428062678054 0.8010372150997151 0.2105368589743589 0.7963630698005698 0.21075943732193725 0.7925792378917379 0.21075943732193725 0.7896857193732194 0.21075943732193725 0.7861244658119658 0.2100917022792022 0.7823406339031339 0.2092013888888888 0.7772213319088319 0.20853365384615377 0.7743278133903134 0.20764334045584038 0.7705439814814815 0.20608529202279194 0.7669827279202279 0.20452724358974353 0.7654246794871795 0.20341435185185178 0.7647569444444444 0.20319177350427342 0.7627537393162392 0.20163372507122498 0.7605279558404558 0.19963051994301986 0.7589699074074073 0.19673700142450137
1 0.7903534544159545 0.4168669871794871 0.7905760327635327 0.4146412037037036 0.7912437678062678 0.41130252849002846 0.7923566595441596 0.40907674501424496 0.7932469729344729 0.4068509615384615 0.7948050213675214 0.404625178062678 0.7970308048433048 0.4028445512820512 0.7992565883190884 0.40061876780626776 0.8019275284900285 0.39839298433048426 0.8043758903133903 0.39638977920227914 0.8072694088319088 0.394386574074074 0.8106080840455842 0.3921607905982905 0.8135016025641025 0.3903801638176638 0.8161725427350427 0.38948985042735035 0.818843482905983 0.38904469373219364 0.8215144230769231 0.3888221153846153 0.8266337250712251 0.3888221153846153 0.831085292022792 0.3888221153846153 0.834201388888889 0.3888221153846153 0.8377626424501424 0.3888221153846153 0.8411013176638177 0.3888221153846153 0.8477786680911681 0.3903801638176638 0.8535657051282051 0.3919382122507122 0.8553463319088319 0.3926059472934472 0.8575721153846154 0.393718839031339 0.8600204772079771 0.3948317307692307 0.8620236823361824 0.3959446225071224 0.8646946225071226 0.3977252492877492 0.8682558760683761 0.40061876780626776 0.8704816595441596 0.4030671296296296 0.8722622863247864 0.4055154914529914 0.8742654914529915 0.4081864316239316 0.8758235398860399 0.4110799501424501 0.87715900997151 0.4144186253561253 0.8778267450142451 0.4177573005698005 0.8780493233618234 0.4215411324786324 0.8780493233618234 0.425102386039886 0.8780493233618234 0.42799590455840447 0.8778267450142451 0.430889423076923 0.8767138532763533 0.4342280982905982 0.8756009615384616 0.4364538817663817 0.8735977564102565 0.4393474002849002 0.8702590811965812 0.4426860754985754 0.8664752492877493 0.44491185897435886 0.862468839031339 0.44691506410256404 0.8600204772079771 0.4484731125356125 0.8575721153846154 0.44914084757834755 0.8544560185185186 0.4500311609686609 0.8511173433048432 0.45025373931623924 0.8482238247863249 0.4504763176638176 0.8442174145299146 0.4504763176638176 0.8390981125356126 0.45069889601139596 0.8348691239316239 0.45025373931623924 0.8306401353276354 0.4493634259259258 0.8277466168091169 0.4484731125356125 0.8228498931623932 0.44713764245014237 0.820178952991453 0.44646990740740733 0.815727386039886 0.44535701566951563 0.8123887108262108 0.4442441239316238 0.8099403490028491 0.4431312321937321 0.8068242521367522 0.44135060541310533 0.8041533119658121 0.4393474002849002 0.8017049501424502 0.43712161680911676 0.7992565883190884 0.4344506766381766 0.7970308048433048 0.43111200142450135 0.7952501780626781 0.42732816951566943 0.7934695512820513 0.4233217592592592 0.7921340811965812 0.42020566239316237
1 0.7712117165242166 0.4949919871794871 0.7623085826210827 0.4965500356125355 0.7600827991452992 0.4967726139601139 0.7567441239316239 0.4969951923076923 0.7518474002849003 0.4969951923076923 0.7482861467236468 0.4965500356125355 0.7451700498575499 0.49565972222222215 0.7424991096866097 0.4947694088319088 0.7402733262108262 0.49365651709401703 0.7380475427350427 0.49209846866096857 0.735599180911681 0.4903178418803418 0.7327056623931624 0.48831463675213665 0.7304798789173789 0.4858662749287748 0.7282540954415955 0.4831953347578347 0.7264734686609686 0.4809695512820512 0.7240251068376068 0.47874376780626776 0.7224670584045584 0.47651798433048426 0.7220219017094017 0.4722889957264957 0.7220219017094017 0.4691728988603988 0.7220219017094017 0.4665019586894586 0.7231347934472935 0.4631632834757834 0.7249154202279203 0.46071492165242156 0.7266960470085471 0.4575988247863247 0.7284766737891738 0.4549278846153845 0.7304798789173789 0.45203436609686604 0.7331508190883191 0.44891826923076916 0.7353766025641025 0.44713764245014237 0.7447248931623932 0.44535701566951563 0.7482861467236468 0.44491185897435886 0.752960292022792 0.4444667022792022 0.756076388888889 0.4444667022792022 0.7587473290598291 0.4444667022792022 0.7618634259259259 0.4444667022792022 0.7649795227920229 0.44491185897435886 0.767650462962963 0.4458021723646723 0.7705439814814815 0.44691506410256404 0.7745503917378918 0.4486956908831908 0.778556801994302 0.4504763176638176 0.7821180555555556 0.45292467948717946 0.7845664173789174 0.45604077635327633 0.7872373575498576 0.4598246082621082 0.788795405982906 0.4631632834757834 0.7901308760683761 0.46583422364672356 0.7914663461538463 0.46806000712250706 0.7925792378917379 0.47117610398860393 0.7932469729344729 0.4738470441595441 0.7934695512820513 0.4760728276353276 0.7930243945868946 0.47829861111111105 0.7921340811965812 0.4811921296296296 0.790798611111111 0.4836404914529914 0.789463141025641 0.4858662749287748 0.7876825142450143 0.48786948005698 0.7850115740740741 0.48942752849002846 0.7807825854700855 0.4914307336182336 0.7765535968660969 0.4932113603988604
1 0.664596688034188 0.5535300925925927 0.6603676994301995 0.551304309116809 0.6590322293447294 0.5506365740740741 0.6563612891737892 0.5484107905982907 0.6550258190883191 0.5464075854700855 0.6532451923076923 0.544181801994302 0.6510194088319088 0.5403979700854701 0.6499065170940171 0.5381721866096867 0.648571047008547 0.5346109330484331 0.6476807336182336 0.5310496794871794 0.6470129985754985 0.5281561609686609 0.6465678418803419 0.5250400641025641 0.6459001068376068 0.5225917022792023 0.6456775284900285 0.5190304487179487 0.6456775284900285 0.5159143518518517 0.6456775284900285 0.5134659900284899 0.6456775284900285 0.5105724715099714 0.6456775284900285 0.5072337962962963 0.6463452635327636 0.5047854344729344 0.6470129985754985 0.5018919159544158 0.6481258903133903 0.49855324074074064 0.6534677706552706 0.48965010683760674 0.6550258190883191 0.4874243233618233 0.6570290242165242 0.4849759615384615 0.6590322293447294 0.4831953347578347 0.6614805911680912 0.4811921296296296 0.663928952991453 0.47963408119658113 0.6670450498575499 0.4771857193732193 0.6699385683760684 0.4758502492877492 0.672832086894587 0.47473735754985746 0.6752804487179488 0.4742922008547008 0.6781739672364673 0.47451477920227914 0.6803997507122508 0.4751825142450142 0.6832932692307693 0.4758502492877492 0.6868545227920229 0.4769631410256409 0.6948673433048432 0.48141470797720787 0.6966479700854701 0.4823050213675213 0.6986511752136751 0.4831953347578347 0.7008769586894588 0.48453080484330474 0.7033253205128206 0.4863114316239316 0.7051059472934473 0.48831463675213665 0.7064414173789174 0.49054042022792016 0.7084446225071226 0.49365651709401703 0.7095575142450143 0.49766292735042733 0.7102252492877493 0.5021144943019943 0.710670405982906 0.5074563746438746 0.7108929843304844 0.5125756766381766 0.7108929843304844 0.5183627136752136 0.7104478276353277 0.5228142806267806 0.7093349358974359 0.5272658475783475 0.7082220441595442 0.5306045227920227 0.7066639957264957 0.5337206196581197 0.7048833689458689 0.5368367165242166 0.7031027421652422 0.5401753917378918 0.7015446937321937 0.5426237535612536 0.6993189102564102 0.5457398504273505 0.6968705484330485 0.5481882122507122 0.6935318732193732 0.5506365740740741 0.6904157763532763 0.5524172008547008 0.6864093660968661 0.5541978276353277 0.6832932692307693 0.5553107193732194 0.6797320156695157 0.5557558760683761 0.6750578703703703 0.5557558760683761 0.669048254985755 0.5555332977207977
0 0.6750578703703703 0.5221465455840455 0.6746127136752136 0.514133725071225 0.6755030270655271 0.5061209045584045 0.6763933404558404 0.5043402777777778 0.6775062321937322 0.5030048076923076 0.679286858974359 0.5027822293447293 0.6801771723646723 0.5034499643874644 0.6801771723646723 0.5056757478632478 0.6801771723646723 0.5083466880341879 0.6803997507122508 0.5107950498575498 0.6806223290598291 0.5130208333333333 0.6806223290598291 0.5156917735042734 0.6806223290598291 0.5176949786324786 0.6806223290598291 0.5201433404558403 0.6806223290598291 0.5221465455840455 0.6806223290598291 0.524372329059829 0.6806223290598291 0.5257077991452991 0.6803997507122508 0.5274884259259259 0.679286858974359 0.5283787393162392 0.6775062321937322 0.5279335826210826 0.6761707621082621 0.5261529558404557 0.6755030270655271 0.524372329059829
0 0.9915642806267807 0.4117476851851851 0.9875578703703703 0.41664440883190873 0.9862224002849003 0.41887019230769224 0.9848869301994302 0.419983084045584 0.9835514601139601 0.4215411324786324 0.9826611467236468 0.4228766025641025 0.9813256766381767 0.4253249643874643 0.9797676282051282 0.42777332621082614 0.9782095797720799 0.42955395299145294 0.977096688034188 0.43155715811965806 0.9762063746438746 0.43311520655270647 0.975093482905983 0.43489583333333326 0.9739805911680912 0.43623130341880334 0.9726451210826211 0.4364538817663817 0.9710870726495726 0.43623130341880334 0.969306445868946 0.43467325498575493 0.9684161324786325 0.43111200142450135 0.9701967592592593 0.42777332621082614 0.9726451210826211 0.42599269943019935 0.9746483262108262 0.42421207264957256 0.9762063746438746 0.42265402421652415 0.9779870014245015 0.42042824074074064 0.9804353632478633 0.41753472222222215 0.9817708333333334 0.4159766737891737 0.9835514601139601 0.41375089031339024 0.985332086894587 0.41152510683760674 0.986667556980057 0.40952190170940167 0.9884481837606838 0.4066283831908831 0.9906739672364673 0.4041800213675213 0.9928997507122508 0.4026219729344728 0.9946803774928775 0.4026219729344728 0.9960158475783476 0.40373486467236464 0.9964610042735043 0.4061832264957264 0.9944577991452992 0.40885416666666663
1 0.8379852207977209 0.5657719017094017 0.8339788105413105 0.5639912749287749 0.8319756054131054 0.5626558048433048 0.8293046652421653 0.5606525997150997 0.8275240384615384 0.5584268162393163 0.8255208333333334 0.5562010327635327 0.8230724715099715 0.5533075142450142 0.820846688034188 0.549968839031339 0.819511217948718 0.5475204772079771 0.818843482905983 0.5446269586894588 0.818843482905983 0.5406205484330484 0.819511217948718 0.5368367165242166 0.820178952991453 0.5341657763532763 0.8210692663817664 0.5310496794871794 0.8228498931623932 0.5274884259259259 0.82463051994302 0.5245949074074073 0.8264111467236468 0.5219239672364672 0.8286369301994302 0.5196981837606837 0.831085292022792 0.5172498219373218 0.8339788105413105 0.5156917735042734 0.8377626424501424 0.5134659900284899 0.8415464743589743 0.5121305199430198 0.845775462962963 0.5114627849002849 0.8504496082621082 0.5114627849002849 0.8540108618233618 0.5114627849002849 0.857349537037037 0.5114627849002849 0.8609107905982907 0.5119079415954415 0.8631365740740741 0.5132434116809116 0.8655849358974359 0.5159143518518517 0.8680332977207977 0.5183627136752136 0.8700365028490028 0.5205884971509971 0.8724848646723646 0.5234820156695156 0.8747106481481483 0.5263755341880342 0.8764912749287749 0.5292690527065527 0.8782719017094017 0.5319399928774928 0.8793847934472935 0.5350560897435898 0.8800525284900285 0.5386173433048432 0.8804976851851852 0.5424011752136751 0.8804976851851852 0.5461850071225071 0.8802751068376068 0.549968839031339 0.8789396367521367 0.5535300925925927 0.8769364316239316 0.5573139245014246 0.8740429131054132 0.5608751780626781 0.8715945512820513 0.5639912749287749 0.8687010327635327 0.5664396367521367 0.8658075142450143 0.5675525284900285 0.861801103988604 0.5684428418803419 0.8569043803418804 0.5688879985754985 0.8526753917378918 0.5688879985754985 0.8491141381766382 0.5693331552706553 0.845775462962963 0.5693331552706553 0.8422142094017093 0.5684428418803419
1 0.7108929843304844 0.6278712606837608 0.7044382122507122 0.6240874287749288 0.7013221153846154 0.6214164886039887 0.6988737535612536 0.6194132834757835 0.6964253917378918 0.6176326566951568 0.6939770299145299 0.6151842948717949 0.6919738247863249 0.6122907763532763 0.6904157763532763 0.6085069444444444 0.6897480413105412 0.6051682692307693 0.6890803062678063 0.6016070156695157 0.6886351495726496 0.5973780270655271 0.6886351495726496 0.5940393518518519 0.6886351495726496 0.5913684116809116 0.6886351495726496 0.5891426282051282 0.6888577279202279 0.5855813746438746 0.690193198005698 0.5820201210826211 0.6913060897435898 0.5797943376068376 0.6928641381766382 0.5784588675213675 0.6957576566951568 0.5773459757834758 0.6990963319088319 0.5769008190883191 0.7017672720797721 0.5766782407407407 0.7039930555555556 0.5766782407407407 0.7064414173789174 0.5766782407407407 0.7084446225071226 0.5769008190883191 0.7102252492877493 0.5771233974358975 0.7124510327635327 0.5775685541310541 0.7153445512820513 0.5782362891737892 0.7175703347578347 0.5791266025641025 0.7206864316239316 0.5804620726495726 0.7238025284900285 0.5817975427350427 0.7266960470085471 0.5835781695156695 0.7286992521367522 0.585803952991453 0.7295895655270656 0.5871394230769231 0.7313701923076923 0.5893652065527065 0.7333733974358975 0.5918135683760684 0.7351540242165242 0.5942619301994302 0.736934650997151 0.5971554487179488 0.7384926994301995 0.5991586538461539 0.7398281695156695 0.6016070156695157 0.741386217948718 0.6040553774928774 0.7424991096866097 0.6060585826210827 0.7433894230769231 0.6082843660968661 0.7438345797720799 0.6102875712250712 0.7442797364672364 0.6116230413105412 0.7445023148148149 0.6125133547008548 0.7453926282051282 0.6145165598290598 0.74650551994302 0.6169649216524217 0.7476184116809116 0.6191907051282051 0.7482861467236468 0.6214164886039887 0.7485087250712251 0.6238648504273505 0.7480635683760684 0.6265357905982907 0.7462829415954416 0.6285389957264957 0.7438345797720799 0.6296518874643875 0.740050747863248 0.6314325142450142 0.7360443376068376 0.6318776709401709 0.7315927706552706 0.6318776709401709 0.7266960470085471 0.6316550925925927 0.7229122150997151 0.6307647792022791 0.7180154914529915 0.6298744658119658 0.7142316595441596 0.6287615740740741
1 0.7930243945868946 0.6494613603988604 0.7899082977207977 0.6474581552706553 0.7863470441595442 0.6438969017094017 0.7850115740740741 0.6421162749287749 0.7838986823361824 0.6401130698005698 0.7827857905982907 0.6378872863247864 0.7818954772079771 0.634548611111111 0.7814503205128206 0.6303196225071226 0.7821180555555556 0.6269809472934472 0.783676103988604 0.6243100071225071 0.7854567307692307 0.6209713319088319 0.7876825142450143 0.6180778133903133 0.7899082977207977 0.6145165598290598 0.7919115028490028 0.611400462962963 0.793914707977208 0.6089521011396012 0.7965856481481483 0.6060585826210827 0.8001469017094017 0.6038327991452992 0.8043758903133903 0.6013844373219374 0.8088274572649573 0.5989360754985754 0.8126112891737892 0.5971554487179488 0.8168402777777778 0.5955974002849003 0.8197337962962963 0.5949296652421653 0.8226273148148149 0.594707086894587 0.8266337250712251 0.594707086894587 0.8301949786324787 0.5944845085470085 0.8333110754985754 0.5944845085470085 0.8377626424501424 0.5944845085470085 0.8404335826210827 0.5944845085470085 0.8442174145299146 0.5953748219373219 0.8477786680911681 0.5971554487179488 0.8502270299145299 0.5989360754985754 0.8515625 0.6009392806267806 0.8528979700854701 0.6042779558404558 0.8537882834757835 0.6078392094017093 0.8540108618233618 0.6118456196581197 0.8540108618233618 0.6147391381766382 0.8533431267806268 0.617855235042735 0.8520076566951568 0.6209713319088319 0.8506721866096867 0.6240874287749288 0.8488915598290598 0.627426103988604 0.8471109330484331 0.6296518874643875 0.8451077279202279 0.632545405982906 0.8431045227920229 0.6352163461538461 0.840656160968661 0.6378872863247864 0.8377626424501424 0.6401130698005698 0.8353142806267807 0.6421162749287749 0.8326433404558404 0.6443420584045584 0.8301949786324787 0.6463452635327636 0.8273014601139601 0.647903311965812 0.8244079415954416 0.6490162037037037 0.8215144230769231 0.6501290954415955 0.818843482905983 0.6503516737891738 0.8155048076923077 0.6512419871794872 0.8128338675213675 0.6521323005698005 0.8097177706552706 0.6528000356125356 0.8077145655270656 0.653022613960114 0.8050436253561254 0.653022613960114 0.8019275284900285 0.653022613960114 0.7985888532763533 0.6519097222222222 0.7956953347578347 0.6507968304843305
1 0.7961404914529915 0.7431668447293447 0.7928018162393163 0.7404959045584045 0.7912437678062678 0.7373798076923077 0.789463141025641 0.7342637108262108 0.7874599358974359 0.7298121438746439 0.7867922008547008 0.7258057336182336 0.7865696225071226 0.7222444800569802 0.7870147792022792 0.717792913105413 0.7872373575498576 0.7135639245014246 0.7890179843304844 0.7053285256410257 0.7903534544159545 0.7031027421652422 0.7912437678062678 0.6997640669515669 0.7923566595441596 0.6962028133903133 0.7972533831908832 0.6888577279202279 0.8041533119658121 0.6806223290598291 0.8061565170940171 0.6783965455840455 0.8077145655270656 0.6768384971509972 0.8097177706552706 0.6755030270655271 0.8123887108262108 0.674167556980057 0.8152822293447294 0.6730546652421653 0.8186209045584045 0.6719417735042735 0.8230724715099715 0.6708288817663818 0.8277466168091169 0.6699385683760684 0.8319756054131054 0.6694934116809116 0.8359820156695157 0.6694934116809116 0.8379852207977209 0.6694934116809116 0.840656160968661 0.6694934116809116 0.8439948361823362 0.6706063034188035 0.8480012464387465 0.6721643518518519 0.8513399216524217 0.6737224002849003 0.8544560185185186 0.6755030270655271 0.8577946937321937 0.677951388888889 0.8611333689458689 0.6810674857549858 0.8640268874643875 0.689525462962963 0.8646946225071226 0.6930867165242166 0.8649172008547008 0.6962028133903133 0.8649172008547008 0.6999866452991452 0.8646946225071226 0.7039930555555556 0.8642494658119658 0.7082220441595442 0.8635817307692307 0.712673611111111 0.8622462606837608 0.717792913105413 0.8611333689458689 0.7211315883190884 0.8591301638176638 0.7251379985754985 0.8569043803418804 0.7293669871794872 0.8544560185185186 0.7327056623931624 0.8511173433048432 0.7353766025641025 0.8448851495726496 0.7396055911680912 0.8390981125356126 0.742721688034188 0.8344239672364673 0.7442797364672364 0.8293046652421653 0.7451700498575499 0.8248530982905983 0.745837784900285 0.8204015313390314 0.7462829415954416 0.8170628561253561 0.74650551994302 0.813056445868946 0.7460603632478633 0.8092726139601141 0.7453926282051282 0.8050436253561254 0.7445023148148149 0.8010372150997151 0.7431668447293447
1 0.9305778133903134 0.6857416310541311 0.9267939814814815 0.6819577991452992 0.9256810897435898 0.679286858974359 0.9252359330484331 0.6761707621082621 0.9254585113960114 0.6730546652421653 0.9263488247863249 0.66971599002849 0.9274617165242166 0.6661547364672364 0.9292423433048433 0.6628160612535613 0.9308003917378918 0.6599225427350427 0.9330261752136751 0.6568064458689459 0.9352519586894588 0.6532451923076923 0.9372551638176638 0.6507968304843305 0.9390357905982907 0.6487936253561254 0.9421518874643875 0.6456775284900285 0.9443776709401709 0.643451745014245 0.9486066595441596 0.6398904914529915 0.9512775997150997 0.6378872863247864 0.9550614316239316 0.6356615028490028 0.9568420584045584 0.6352163461538461 0.9617387820512822 0.6349937678062678 0.9659677706552706 0.6349937678062678 0.9673032407407407 0.6349937678062678 0.9686387108262109 0.6349937678062678 0.9721999643874644 0.6361066595441596 0.9739805911680912 0.637664707977208 0.975761217948718 0.639667913105413 0.9773192663817664 0.6416711182336183 0.9786547364672364 0.6430065883190884 0.9797676282051282 0.6452323717948718 0.9804353632478633 0.6474581552706553 0.9804353632478633 0.6494613603988604 0.980212784900285 0.6519097222222222 0.9793224715099715 0.6543580840455842 0.9786547364672364 0.6563612891737892 0.9777644230769231 0.6585870726495726 0.9768741096866098 0.6605902777777778 0.9755386396011396 0.6628160612535613 0.9742031695156695 0.6652644230769231 0.9721999643874644 0.667712784900285 0.969974180911681 0.6701611467236467 0.9675258190883191 0.672832086894587 0.9653000356125356 0.6750578703703703 0.9626290954415955 0.6772836538461539 0.9606258903133903 0.6790642806267807 0.9577323717948718 0.6810674857549858 0.9548388532763533 0.6832932692307693 0.9515001780626782 0.685073896011396 0.9479389245014246 0.6866319444444444 0.9459357193732194 0.6875222578347578 0.941929309116809 0.6879674145299146 0.9370325854700855 0.6881899928774929 0.9336939102564104 0.6875222578347578
1 0.9875578703703703 0.7487313034188035 0.981548254985755 0.7476184116809116 0.9797676282051282 0.74650551994302 0.9775418447293448 0.7453926282051282 0.975093482905983 0.7436120014245015 0.9726451210826211 0.742053952991453 0.9701967592592593 0.7404959045584045 0.9686387108262109 0.7382701210826211 0.9677483974358975 0.7364894943019943 0.9670806623931624 0.7335959757834758 0.9668580840455842 0.7300347222222222 0.9668580840455842 0.7264734686609686 0.9673032407407407 0.7235799501424502 0.9681935541310541 0.7204638532763533 0.9690838675213675 0.7171251780626781 0.9701967592592593 0.7137865028490028 0.9717548076923077 0.7104478276353277 0.9730902777777779 0.7082220441595442 0.9746483262108262 0.7059962606837608 0.9766515313390314 0.7033253205128206 0.9788773148148149 0.700431801994302 0.98088051994302 0.6977608618233618 0.9828837250712251 0.695980235042735 0.9848869301994302 0.6941996082621082 0.9868901353276354 0.6926415598290598 0.9891159188034189 0.6904157763532763 0.9911191239316239 0.6888577279202279 0.9937900641025641 0.6870771011396012 0.995570690883191 0.6857416310541311 0.997573896011396 0.684406160968661 0.9989583333333333 0.6834172771672773 0.9989583333333333 0.74784099002849 0.9946803774928775 0.7491764601139601 0.9920094373219374 0.7491764601139601
1 0.9913417022792023 0.6031650641025641 0.9868901353276354 0.599826388888889 0.9824385683760684 0.5958199786324786 0.98088051994302 0.5942619301994302 0.9795450498575499 0.5924813034188035 0.9782095797720799 0.5904780982905983 0.9766515313390314 0.5882523148148148 0.975093482905983 0.5853587962962963 0.9737580128205129 0.5829104344729344 0.9721999643874644 0.5804620726495726 0.9706419159544161 0.5777911324786325 0.9695290242165242 0.5746750356125356 0.9686387108262109 0.5715589387464387 0.9679709757834759 0.5686654202279203 0.9679709757834759 0.5655493233618234 0.9686387108262109 0.5633235398860399 0.969974180911681 0.5604300213675214 0.9717548076923077 0.5575365028490028 0.9742031695156695 0.5548655626780626 0.9766515313390314 0.5526397792022791 0.9797676282051282 0.5501914173789174 0.9828837250712251 0.5484107905982907 0.9862224002849003 0.5464075854700855 0.9891159188034189 0.5452946937321937 0.9926771723646723 0.5437366452991452 0.9953481125356126 0.5435140669515669 0.9984642094017094 0.5430689102564102 0.9989583333333333 0.5430689102564102 0.9989583333333333 0.6060585826210827 0.995570690883191 0.6047231125356125
1 0.9550614316239316 0.4486956908831908 0.9508324430199431 0.4424634971509971 0.950164707977208 0.4409054487179487 0.9497195512820513 0.43823450854700846 0.9492743945868946 0.43489583333333326 0.9490518162393163 0.4317797364672364 0.9490518162393163 0.4288862179487179 0.9497195512820513 0.425102386039886 0.9503872863247864 0.4217637108262108 0.9515001780626782 0.4186476139601139 0.9528356481481483 0.4150863603988604 0.9541711182336183 0.41241542022792016 0.9561743233618234 0.40952190170940167 0.9584001068376068 0.4068509615384615 0.9610710470085471 0.4039574430199429 0.964187143874644 0.4010639245014244 0.9677483974358975 0.3979478276353276 0.9701967592592593 0.39549946581196577 0.9730902777777779 0.39305110398860393 0.9755386396011396 0.3912704772079772 0.9777644230769231 0.3901575854700854 0.981548254985755 0.38770922364672356 0.9837740384615384 0.38659633190883186 0.985332086894587 0.38615117521367515 0.9886707621082621 0.38570601851851843 0.9935674857549858 0.38570601851851843 0.996906160968661 0.38570601851851843 0.9989583333333333 0.3860791407666407 0.9989583333333333 0.38615117521367515 0.9989583333333333 0.4458021723646723 0.9957932692307693 0.4500311609686609 0.9931223290598291 0.4522569444444444 0.9897836538461539 0.45381499287749283 0.9875578703703703 0.45537304131054124 0.9842191951566952 0.45693108974358965 0.9824385683760684 0.45782140313390307 0.9788773148148149 0.45782140313390307 0.9726451210826211 0.4573762464387464 0.9677483974358975 0.4562633547008546 0.9630742521367522 0.4547053062678062 0.9599581552706553 0.45292467948717946 0.9577323717948718 0.4509214743589743
1 0.6260906339031339 0.8615785256410257 0.6225293803418803 0.8635817307692307 0.6203035968660969 0.863804309116809 0.6171875 0.863804309116809 0.6149617165242166 0.863804309116809 0.6131810897435898 0.8626914173789174 0.6107327279202279 0.8613559472934473 0.6080617877492878 0.8597978988603988 0.6060585826210827 0.8586850071225071 0.6047231125356125 0.8584624287749288 0.601829594017094 0.8580172720797721 0.5996038105413105 0.8569043803418804 0.5982683404558404 0.8555689102564102 0.5964877136752136 0.8535657051282051 0.5949296652421653 0.850894764957265 0.5931490384615384 0.8486689814814815 0.59159099002849 0.8462206196581197 0.589587784900285 0.8437722578347578 0.5875845797720797 0.841323896011396 0.585803952991453 0.8390981125356126 0.5840233262108262 0.8359820156695157 0.5829104344729344 0.8326433404558404 0.5815749643874644 0.8295272435897435 0.5804620726495726 0.8264111467236468 0.5800169159544161 0.8232950498575499 0.5797943376068376 0.8204015313390314 0.5797943376068376 0.818175747863248 0.5797943376068376 0.8152822293447294 0.5804620726495726 0.8135016025641025 0.5811298076923077 0.8117209757834758 0.5817975427350427 0.8103855056980057 0.5822426994301995 0.8090500356125356 0.5826878561253561 0.8079371438746439 0.5835781695156695 0.8057113603988604 0.5842459045584045 0.8037081552706553 0.585136217948718 0.8012597934472935 0.5869168447293447 0.79903400997151 0.5886974715099715 0.7974759615384616 0.5922587250712251 0.7972533831908832 0.5971554487179488 0.7976985398860399 0.5984909188034189 0.7979211182336183 0.6007167022792023 0.79903400997151 0.6024973290598291 0.8003694800569802 0.6047231125356125 0.8014823717948718 0.6060585826210827 0.8023726851851852 0.6082843660968661 0.8039307336182336 0.6102875712250712 0.8054887820512822 0.612068198005698 0.8070468304843305 0.6142939814814814 0.8088274572649573 0.6162971866096867 0.8103855056980057 0.6180778133903133 0.8121661324786325 0.6198584401709402 0.8143919159544161 0.6220842236467237 0.8168402777777778 0.6243100071225071 0.8192886396011396 0.6258680555555556 0.8212918447293447 0.6272035256410257 0.8232950498575499 0.6287615740740741 0.8257434116809118 0.6298744658119658 0.8279691951566952 0.6316550925925927 0.8315304487179488 0.6329905626780626 0.8346465455840456 0.6336582977207977 0.8375400641025641 0.6341034544159545 0.8411013176638177 0.6343260327635327 0.8442174145299146 0.6343260327635327 0.8468883547008548 0.6338808760683761 0.8497818732193732 0.6329905626780626 0.852230235042735 0.6318776709401709 0.8549011752136751 0.6305422008547008 0.8586850071225071 0.6289841524216525 0.8611333689458689
1 0.6968705484330485 0.9864449786324787 0.6917512464387464 0.9766515313390314 0.6848513176638177 0.9650774572649573 0.683070690883191 0.9606258903133903 0.6817352207977209 0.9575097934472935 0.6806223290598291 0.9548388532763533 0.6795094373219374 0.9506098646723646 0.6788417022792023 0.9463808760683762 0.6786191239316239 0.9421518874643875 0.6786191239316239 0.9381454772079773 0.6788417022792023 0.9341390669515669 0.6795094373219374 0.9305778133903134 0.6808449074074073 0.9276842948717949 0.6824029558404558 0.9241230413105412 0.6846287393162392 0.9218972578347578 0.6875222578347578 0.919448896011396 0.6899706196581197 0.9172231125356126 0.6933092948717949 0.9152199074074073 0.6970931267806268 0.9132167022792023 0.6995414886039887 0.912326388888889 0.7026575854700855 0.9116586538461539 0.7068865740740741 0.9116586538461539 0.7124510327635327 0.9116586538461539 0.7166800213675214 0.912326388888889 0.7204638532763533 0.913661858974359 0.7233573717948718 0.9152199074074073 0.7262508903133903 0.9170005341880342 0.7291444088319088 0.9183360042735043 0.7322605056980057 0.9196714743589743 0.735599180911681 0.9216746794871795 0.7378249643874644 0.9234553062678063 0.7404959045584045 0.9261262464387465 0.7436120014245015 0.9292423433048433 0.7467280982905983 0.9323584401709402 0.7500667735042735 0.935474537037037 0.7534054487179488 0.9388132122507123 0.756076388888889 0.9414841524216525 0.7583021723646723 0.9443776709401709 0.7603053774928774 0.9477163461538463 0.7629763176638177 0.9515001780626782 0.7647569444444444 0.9555065883190884 0.7663149928774929 0.9601807336182336 0.7678730413105412 0.9655226139601141 0.7687633547008548 0.9695290242165242 0.7694310897435898 0.9726451210826211 0.7694310897435898 0.9755386396011396 0.7667601495726496 0.980212784900285 0.7649795227920229 0.9833288817663818 0.758079594017094 0.9949029558404558 0.7562989672364673 0.9966835826210827 0.7540731837606838 0.9986867877492878 0.7535979789886041 0.9989583333333333 0.7111155626780626 0.9989583333333333 0.7059962606837608 0.995570690883191 0.7013221153846154 0.9915642806267807
0 0.8317129629629629 0.7037037037037037 0.830787037037037 0.7067129629629629 0.829861111111111 0.7085648148148148 0.8284722222222223 0.7104166666666667 0.826851851851852 0.7127314814814815 0.8243055555555556 0.7150462962962963 0.8212962962962963 0.7168981481481481 0.81875 0.71875 0.8164351851851852 0.7203703703703703 0.8145833333333333 0.7210648148148148 0.813425925925926 0.7208333333333333 0.812037037037037 0.719675925925926 0.8127314814814814 0.7159722222222222 0.8136574074074073 0.7141203703703703 0.8152777777777778 0.711574074074074 0.8173611111111111 0.7087962962962963 0.8199074074074074 0.7060185185185186 0.8217592592592593 0.7037037037037037 0.8238425925925926 0.7016203703703704 0.8256944444444444 0.6995370370370371 0.8275462962962963 0.6974537037037037 0.829398148148148 0.6960648148148147 0.83125 0.695138888888889 0.8333333333333334 0.6953703703703703 0.8347222222222223 0.6972222222222223 0.8349537037037037 0.6986111111111111 0.8337962962962963 0.700925925925926
0 0.4591503267973856 0.29003267973856206 0.45710784313725483 0.2877859477124183 0.45547385620915026 0.28594771241830064 0.45445261437908496 0.28451797385620914 0.4532271241830065 0.28288398692810457 0.45200163398692805 0.2810457516339869 0.4509803921568627 0.2794117647058823 0.4507761437908496 0.27777777777777773 0.451797385620915 0.2765522875816993 0.45281862745098034 0.27553104575163395 0.45404411764705876 0.2751225490196078 0.45567810457516333 0.27553104575163395 0.45690359477124176 0.2767565359477124 0.4587418300653594 0.2787990196078431 0.45976307189542476 0.28022875816993464 0.46098856209150324 0.28165849673202614 0.46221405228758167 0.2832924836601307 0.4630310457516339 0.28513071895424835 0.46446078431372545 0.28656045751633985 0.4656862745098039 0.2881944444444444 0.46650326797385616 0.2904411764705882 0.46670751633986923 0.29227941176470584 0.46527777777777773 0.29309640522875813 0.4634395424836601 0.29309640522875813 0.4616013071895424 0.29227941176470584
0 0.3574346405228758 0.22058823529411764 0.35477941176470584 0.2258986928104575 0.3535539215686274 0.22732843137254902 0.3521241830065359 0.2293709150326797 0.3506944444444444 0.2310049019607843 0.3488562091503268 0.23284313725490194 0.34763071895424835 0.2344771241830065 0.34640522875816987 0.2361111111111111 0.34497549019607837 0.2381535947712418 0.34374999999999994 0.23978758169934636 0.3425245098039216 0.24142156862745096 0.34150326797385616 0.24305555555555552 0.3406862745098039 0.24448529411764705 0.3396650326797385 0.24611928104575162 0.3376225490196078 0.24714052287581695 0.33578431372549017 0.24734477124183005 0.33435457516339867 0.24714052287581695 0.3331290849673202 0.24571078431372545 0.3335375816993464 0.24407679738562088 0.33476307189542476 0.24305555555555552 0.3361928104575163 0.2424428104575163 0.33741830065359474 0.24060457516339867 0.3390522875816993 0.2381535947712418 0.3406862745098039 0.23631535947712418 0.3419117647058823 0.2346813725490196 0.3433415032679738 0.23263888888888887 0.34517973856209144 0.23039215686274508 0.346813725490196 0.22855392156862742 0.3488562091503268 0.22630718954248363 0.35049019607843135 0.22426470588235292 0.3515114379084967 0.2222222222222222 0.3529411764705882 0.22017973856209147 0.35437091503267976 0.21813725490196076 0.3558006535947712 0.21629901960784312 0.3570261437908496 0.21446078431372545 0.35825163398692805 0.21323529411764705 0.35968137254901955 0.21180555555555552 0.36111111111111105 0.21160130718954248 0.36233660130718953 0.21241830065359477 0.3633578431372549 0.21425653594771238 0.3629493464052287 0.21629901960784312 0.36090686274509803 0.21813725490196076
0 0.27491830065359474 0.16666666666666663 0.2710375816993464 0.17197712418300654 0.2702205882352941 0.1729983660130719 0.2689950980392156 0.17401960784313722 0.2677696078431372 0.17544934640522875 0.2661356209150327 0.17728758169934639 0.2647058823529412 0.1787173202614379 0.2630718954248366 0.18035130718954248 0.2612336601307189 0.18198529411764705 0.25959967320261434 0.18321078431372548 0.258578431372549 0.18361928104575162 0.2569444444444444 0.18321078431372548 0.25612745098039214 0.18116830065359477 0.25674019607843135 0.17912581699346403 0.25898692810457513 0.17708333333333331 0.26041666666666663 0.1758578431372549 0.26164215686274506 0.17463235294117646 0.2630718954248366 0.17279411764705882 0.26511437908496727 0.17034313725490194 0.2667483660130719 0.1691176470588235 0.26838235294117646 0.16748366013071894 0.2704248366013072 0.1656454248366013 0.27205882352941174 0.16380718954248366 0.27328431372549017 0.16176470588235292 0.2743055555555555 0.1597222222222222 0.27491830065359474 0.15829248366013068 0.27634803921568624 0.15665849673202611 0.27757352941176466 0.15645424836601307 0.278390522875817 0.15808823529411764 0.2781862745098039 0.16074346405228754 0.2771650326797385 0.16319444444444445
0 0.19816033138401562 0.4136005523066927 0.1943023066926576 0.41948911630929175 0.19267787524366475 0.42172270955165697 0.1914595516569201 0.42314408706952567 0.1906473359324237 0.42517462638076675 0.18942901234567905 0.4272051656920078 0.1880076348278103 0.4284234892787524 0.18638320337881745 0.42862654320987653 0.1845557179987005 0.4284234892787524 0.18394655620532818 0.42659600389863545 0.18414961013645226 0.4245654645873944 0.18557098765432103 0.42314408706952567 0.18699236517218978 0.42192576348278105 0.1882106887589344 0.4205043859649123 0.18942901234567905 0.4188799545159194 0.1908503898635478 0.41705246913580246 0.19206871345029244 0.41542803768680964 0.19349009096816117 0.4136005523066927 0.1945053606237817 0.4119761208576998 0.19531757634827815 0.4099455815464587 0.19673895386614687 0.40771198830409355 0.19937865497076027 0.40710282651072127 0.2003939246263808 0.41055474333983105
0 0.722862632084534 0.9657180595581172 0.7183597502401536 0.9597142170989432 0.7129562920268971 0.9519092219020172 0.7108549471661864 0.9495076849183477 0.7096541786743515 0.9477065321805955 0.7084534101825167 0.9456051873198846 0.7078530259365994 0.9441042267050912 0.7078530259365994 0.9426032660902978 0.708153218059558 0.9411023054755042 0.7108549471661864 0.9414024975984631 0.7126560999039385 0.9432036503362151 0.7147574447646493 0.945304995196926 0.7168587896253602 0.9471061479346781 0.7192603266090297 0.9495076849183477 0.7210614793467819 0.9516090297790586 0.7225624399615753 0.9537103746397694 0.7240634005763689 0.9558117195004802 0.7255643611911623 0.9576128722382324 0.7270653218059557 0.9591138328530259 0.7285662824207492 0.9603146013448607 0.7300672430355427 0.9621157540826127 0.7315682036503363 0.963916906820365 0.7324687800192122 0.9660182516810758 0.732768972142171 0.9684197886647453 0.7333693563880883 0.971721902017291 0.733669548511047 0.9747238232468779 0.7318683957732949 0.9753242074927954 0.7300672430355427 0.9744236311239193 0.7267651296829971 0.9711215177713737
0 0.8032738095238094 0.18244047619047618 0.7961309523809524 0.18333333333333332 0.794345238095238 0.18363095238095237 0.7919642857142858 0.18363095238095237 0.7883928571428572 0.18363095238095237 0.7848214285714286 0.18333333333333332 0.781547619047619 0.18244047619047618 0.7803571428571429 0.1806547619047619 0.7797619047619048 0.17886904761904762 0.7794642857142857 0.17648809523809522 0.781547619047619 0.17589285714285716 0.7842261904761905 0.17708333333333334 0.7863095238095238 0.17797619047619048 0.7889880952380952 0.17827380952380953 0.7910714285714285 0.17827380952380953 0.7925595238095239 0.17797619047619048 0.79375 0.1767857142857143 0.7958333333333333 0.1755952380952381 0.7985119047619047 0.17529761904761904 0.8017857142857142 0.17589285714285716 0.8050595238095238 0.17708333333333334 0.8080357142857142 0.17797619047619048 0.8107142857142857 0.17916666666666667 0.8110119047619048 0.18035714285714285 0.8092261904761905 0.18184523809523812 0.8071428571428572 0.18214285714285713
0 0.8379116263440861 0.42460517473118287 0.8299311155913979 0.42208501344086025 0.8265709005376344 0.4212449596774194 0.8240507392473119 0.42040490591397855 0.8219506048387097 0.4195648521505377 0.8194304435483872 0.4187247983870968 0.8160702284946237 0.4157846102150538 0.814390120967742 0.4132644489247312 0.8160702284946237 0.41116431451612906 0.8194304435483872 0.4103242607526882 0.8232106854838711 0.4103242607526882 0.8274109543010754 0.41200436827956993 0.8295110887096775 0.4128444220430108 0.8324512768817205 0.4136844758064517 0.8358114919354839 0.41494455645161293 0.8383316532258065 0.4157846102150538 0.8421118951612904 0.41746471774193555 0.8450520833333334 0.41830477150537637 0.8496723790322581 0.42040490591397855 0.8526125672043011 0.4216649865591398 0.8559727822580645 0.4229250672043011 0.8542926747311828 0.42544522849462374 0.8492523521505377 0.4258652553763441
0 0.8698336693548387 0.037340389784946276 0.8668934811827957 0.04280073924731187 0.8664734543010754 0.04490087365591402 0.8664734543010754 0.0474210349462366 0.8656334005376344 0.05036122311827961 0.8635332661290323 0.05414146505376348 0.8622731854838711 0.05708165322580649 0.8610131048387097 0.059181787634408636 0.859332997311828 0.05960181451612907 0.8584929435483872 0.05708165322580649 0.8589129704301076 0.050781250000000035 0.8597530241935484 0.04658098118279574 0.8610131048387097 0.04322076612903229 0.8626932123655915 0.040280577956989284 0.8643733198924732 0.038180443548387136 0.8660534274193549 0.03524025537634413 0.8673135080645161 0.03314012096774197 0.8702536962365592 0.031039986559139823
0 0.08733974358974363 0.36626221001221004 0.08237942612942617 0.37389346764346765 0.08047161172161175 0.3754197191697192 0.07627442002442006 0.37885378510378515 0.07207722832722836 0.3811431623931624 0.06978785103785108 0.382287851037851 0.06864316239316244 0.38495879120879123 0.06635378510378515 0.38839285714285715 0.06330128205128209 0.39182692307692313 0.060630341880341915 0.39335317460317465 0.05834096459096463 0.39564255189255193 0.05605158730158734 0.39564255189255193 0.05490689865689869 0.3929716117216117 0.057196275946275986 0.39068223443223443 0.05834096459096463 0.38839285714285715 0.060248778998779035 0.385721916971917 0.06215659340659344 0.38266941391941395 0.06482753357753361 0.3796169108669109 0.0671169108669109 0.37847222222222227 0.06978785103785108 0.37618284493284493 0.07169566544566548 0.3731303418803419 0.07512973137973142 0.3693147130647131 0.07894536019536023 0.3674068986568987 0.08161630036630041 0.3647359584859585 0.08390567765567769 0.363209706959707 0.0858134920634921 0.3624465811965812
0 0.07284035409035414 0.1541132478632479 0.06330128205128209 0.1678495115995116 0.061011904761904795 0.17090201465201468 0.05910409035409039 0.17357295482295484 0.0568147130647131 0.17471764346764349 0.05452533577533581 0.1750992063492064 0.05338064713064717 0.17319139194139196 0.05414377289377293 0.1705204517704518 0.05643315018315022 0.16746794871794876 0.05872252747252751 0.1644154456654457 0.061011904761904795 0.16136294261294265 0.06368284493284497 0.15907356532356537 0.06559065934065939 0.15678418803418806 0.0671169108669109 0.1541132478632479 0.0694062881562882 0.15106074481074483 0.07284035409035414 0.14838980463980464 0.0736034798534799 0.1491529304029304
0 0.0339209401709402 0.06559065934065939 0.03010531135531139 0.061011904761904795 0.02972374847374851 0.057577838827838866 0.02972374847374851 0.05414377289377293 0.02972374847374851 0.050328144078144114 0.02972374847374851 0.047275641025641066 0.02972374847374851 0.04384157509157513 0.030868437118437154 0.04117063492063496 0.03430250305250309 0.04078907203907208 0.03582875457875461 0.04269688644688649 0.037355006105006146 0.04536782661782666 0.03849969474969479 0.048420329670329706 0.038881257631257674 0.05223595848595852 0.039644383394383434 0.05643315018315022 0.039644383394383434 0.060630341880341915 0.039644383394383434 0.06368284493284497 0.039262820512820554 0.06635378510378515
0 0.6947878510378511 0.19761141636141638 0.6852487789987791 0.1934142246642247 0.679143772893773 0.18769078144078147 0.6772359584859585 0.18654609279609283 0.6749465811965812 0.1846382783882784 0.673038766788767 0.18196733821733824 0.6715125152625153 0.18005952380952384 0.6738018925518927 0.17777014652014653 0.6795253357753359 0.17700702075702077 0.6829594017094018 0.17700702075702077 0.6860119047619049 0.17738858363858367 0.6905906593406594 0.1789148351648352 0.6932615995115996 0.18005952380952384 0.6955509768009769 0.18120421245421248 0.6997481684981686 0.18349358974358979 0.7028006715506716 0.18654609279609283 0.704708485958486 0.189217032967033 0.7069978632478634 0.19226953601953603 0.707760989010989 0.19494047619047622 0.7024191086691087 0.19761141636141638
0 0.09573412698412702 0.5604777167277167 0.08543192918192923 0.5604777167277167 0.08161630036630041 0.5600961538461539 0.07818223443223447 0.5593330280830282 0.07322191697191702 0.5581883394383396 0.06978785103785108 0.5574252136752137 0.06673534798534803 0.5558989621489623 0.06406440781440785 0.5543727106227107 0.06177503052503056 0.5517017704517706 0.06559065934065939 0.5505570818070818 0.07169566544566548 0.550175518925519 0.0778006715506716 0.550175518925519 0.08085317460317464 0.5505570818070818 0.08428724053724057 0.5517017704517706 0.08810286935286939 0.5524648962148964 0.09306318681318684 0.553228021978022 0.09726037851037854 0.5547542735042736 0.10107600732600736 0.5570436507936508 0.10374694749694753 0.5589514652014653 0.09954975579975583 0.5600961538461539
0 0.3990766178266178 0.5158348595848596 0.38610347985347987 0.5135454822954822 0.3815247252747253 0.5120192307692307 0.37885378510378515 0.5108745421245422 0.3746565934065934 0.5097298534798536 0.3723672161172161 0.5089667277167277 0.36969627594627597 0.5078220390720392 0.3670253357753358 0.5062957875457876 0.3628281440781441 0.5001907814407814 0.36626221001221004 0.4971382783882784 0.3704594017094018 0.4971382783882784 0.37580128205128205 0.4975198412698413 0.3799984737484738 0.49828296703296704 0.38419566544566547 0.4990460927960928 0.38801129426129427 0.4998092185592186 0.39068223443223443 0.5005723443223443 0.39487942612942617 0.5020985958485958 0.3990766178266178 0.5040064102564102 0.40289224664224665 0.5059142246642246 0.4063263125763126 0.5085851648351648 0.4105235042735043 0.511637667887668 0.4074710012210012 0.5143086080586081
0 0.10069444444444448 0.7192078754578756 0.08924755799755803 0.7195894383394384 0.08543192918192923 0.7192078754578756 0.08199786324786329 0.7180631868131868 0.07932692307692311 0.7169184981684983 0.07703754578754583 0.7157738095238096 0.07627442002442006 0.7123397435897437 0.07894536019536023 0.7115766178266179 0.08123473748473753 0.7108134920634921 0.08619505494505499 0.7108134920634921 0.08848443223443227 0.711195054945055 0.09153693528693532 0.7131028693528695 0.09382631257631262 0.7134844322344324 0.09687881562881566 0.714247557997558 0.09954975579975583 0.714247557997558 0.10260225885225889 0.714247557997558 0.10603632478632483 0.714247557997558 0.10985195360195363 0.7150106837606838 0.1125228937728938 0.7161553724053725 0.11290445665445668 0.7184447496947498 0.10947039072039075 0.7188263125763127
0 0.1533501221001221 0.7871260683760685 0.14419261294261296 0.7943757631257633 0.14114010989010992 0.7970467032967034 0.1369429181929182 0.8004807692307694 0.1350351037851038 0.8042963980463982 0.1331272893772894 0.8069673382173383 0.13045634920634924 0.8084935897435898 0.12969322344322348 0.8058226495726496 0.13045634920634924 0.8031517094017094 0.13236416361416364 0.7993360805860806 0.13465354090354092 0.7959020146520147 0.13732448107448111 0.7928495115995117 0.14037698412698416 0.7897970085470086 0.14304792429792432 0.7871260683760685 0.1453373015873016 0.7852182539682541 0.1480082417582418 0.7833104395604397 0.15029761904761907 0.781784188034188 0.15296855921855926 0.7810210622710624 0.1560210622710623 0.7806394993894995 0.1579288766788767 0.782165750915751 0.15754731379731382 0.7848366910866911
0 0.8222298534798536 0.6215277777777779 0.8180326617826619 0.6249618437118438 0.8138354700854702 0.627251221001221 0.8104014041514043 0.6287774725274726 0.8065857753357755 0.6310668498168499 0.8046779609279611 0.6318299755799757 0.8023885836385837 0.6322115384615385 0.8012438949938951 0.630303724053724 0.8035332722832724 0.6268696581196581 0.8084935897435898 0.6226724664224665 0.8126907814407816 0.6196199633699635 0.8157432844932846 0.6169490231990232 0.8195589133089134 0.6142780830280831 0.8218482905982907 0.6135149572649573 0.824137667887668 0.6161858974358976
0 0.7604166666666667 0.4784416971916972 0.7554563492063493 0.47806013431013433 0.7497329059829061 0.4769154456654457 0.7470619658119659 0.47538919413919417 0.7424832112332113 0.472718253968254 0.740575396825397 0.47042887667887673 0.7409569597069599 0.4681394993894994 0.7424832112332113 0.46623168498168505 0.7443910256410257 0.46508699633699635 0.746680402930403 0.46432387057387065 0.7504960317460319 0.46432387057387065 0.7550747863247864 0.46432387057387065 0.7577457264957267 0.46546855921855923 0.7611797924297926 0.46661324786324787 0.7638507326007328 0.46775793650793657 0.7669032356532358 0.4692841880341881 0.769192612942613 0.4715735653235653 0.7707188644688646 0.47424450549450553 0.769192612942613 0.4765338827838828 0.7661401098901099 0.47729700854700857
0 0.9622634310134311 0.08009004884004887 0.9588293650793652 0.08962912087912092 0.9573031135531136 0.0942078754578755 0.956158424908425 0.09764194139194142 0.9546321733821734 0.10107600732600736 0.9523427960927963 0.10260225885225889 0.9504349816849818 0.10260225885225889 0.9500534188034189 0.09993131868131871 0.9511981074481075 0.09649725274725278 0.9531059218559219 0.09230006105006108 0.9534874847374848 0.08962912087912092 0.9550137362637364 0.08619505494505499 0.9565399877899878 0.08237942612942617 0.9576846764346765 0.07932692307692311 0.9584478021978023 0.07665598290598294 0.9599740537240538 0.07512973137973142 0.9607371794871795 0.07512973137973142
0 0.17104819683181663 0.09879507920458375 0.16988961914391643 0.09689922480620154 0.1676777890124705 0.08836788001348163 0.1670458375463431 0.07551820020222447 0.1670458375463431 0.06856673407482305 0.16873104145601617 0.07077856420626896 0.16978429389956184 0.07583417593528816 0.1714694978092349 0.08594539939332659 0.17136417256488035 0.09468739467475565
0 0.3127158894645941 0.5634715025906735 0.3143350604490501 0.5623920552677029 0.31563039723661485 0.5601252158894645 0.3169257340241796 0.5579663212435233 0.31768134715025903 0.5559153713298791 0.3181131260794473 0.5538644214162348 0.3183290155440414 0.5515975820379965 0.3183290155440414 0.5493307426597582 0.3183290155440414 0.5482512953367876 0.3182210708117444 0.5466321243523315 0.3173575129533679 0.5436096718480138 0.31670984455958545 0.5416666666666666 0.31519861830742657 0.5399395509499136 0.31120466321243523 0.5403713298791019 0.30936960276338515 0.5427461139896372 0.3080742659758204 0.5465241796200345 0.3080742659758204 0.5491148531951641 0.3080742659758204 0.5535405872193436 0.3081822107081174 0.5567789291882556 0.3083981001727116 0.5595854922279793 0.3089378238341969 0.5614205526770294 0.31034110535405873 0.5630397236614854
