1 0.29529151404151405 0.43723290598290604 0.292239010989011 0.4311278998778999 0.2918574481074481 0.4288385225885226 0.2918574481074481 0.4257860195360196 0.292239010989011 0.4219703907203908 0.29338369963369965 0.4181547619047619 0.29529151404151405 0.41548382173382176 0.29796245421245426 0.4131944444444445 0.3002518315018315 0.41090506715506714 0.30330433455433453 0.40823412698412703 0.30635683760683763 0.4063263125763126 0.3097909035409036 0.4044184981684982 0.31475122100122105 0.40212912087912095 0.3200931013431013 0.4002213064713065 0.32467185592185593 0.3998397435897436 0.33230311355311354 0.39945818070818073 0.33726343101343104 0.39945818070818073 0.3403159340659341 0.3998397435897436 0.3448946886446887 0.401747557997558 0.34871031746031744 0.4044184981684982 0.35176282051282054 0.4089972527472528 0.3540521978021978 0.41395757020757024 0.3559600122100122 0.4181547619047619 0.35710470085470086 0.42235195360195366 0.35710470085470086 0.4273122710622711 0.3551968864468865 0.43227258852258854 0.3529075091575092 0.4368513431013431 0.34871031746031744 0.44143009768009767 0.3448946886446887 0.4441010378510379 0.3414606227106228 0.4460088522588523 0.33840811965811973 0.4471535409035409 0.3345924908424909 0.44867979242979245 0.33039529914529914 0.4498244810744811 0.3258165445665446 0.45020604395604397 0.32047466422466425 0.45020604395604397 0.3170405982905983 0.45020604395604397 0.31208028083028083 0.45020604395604397 0.3090277777777778 0.44944291819291826 0.30559371184371187 0.4471535409035409 0.3013965201465202 0.4444826007326007 0.2983440170940171 0.44104853479853484
1 0.34184218559218565 0.34947344322344326 0.3357371794871795 0.3429868742368743 0.3326846764346765 0.33878968253968256 0.33115842490842495 0.3353556166056166 0.33039529914529914 0.3326846764346765 0.3292506105006105 0.32963217338217343 0.32848748473748474 0.3254349816849817 0.3281059218559219 0.3220009157509158 0.3281059218559219 0.31894841269841273 0.3281059218559219 0.3151327838827839 0.3288690476190476 0.31169871794871795 0.32963217338217343 0.30940934065934067 0.33115842490842495 0.30635683760683763 0.3326846764346765 0.30406746031746035 0.33497405372405376 0.3013965201465202 0.3368818681318682 0.2991071428571429 0.33917124542124544 0.29719932844932845 0.3422237484737485 0.2956730769230769 0.3441315628815629 0.29529151404151405 0.34756562881562886 0.29529151404151405 0.3529075091575092 0.2956730769230769 0.3559600122100122 0.29605463980463986 0.36015720390720396 0.29796245421245426 0.3635912698412699 0.3006333943833944 0.3666437728937729 0.3025412087912088 0.37007783882783885 0.30597527472527475 0.3731303418803419 0.30940934065934067 0.37580128205128205 0.31322496947496953 0.3780906593406594 0.3174221611721612 0.38038003663003667 0.32238247863247865 0.3819062881562882 0.327724358974359 0.382287851037851 0.33192155067155066 0.38266941391941395 0.3361187423687424 0.38305097680097683 0.3403159340659341 0.38305097680097683 0.34375 0.3819062881562882 0.34871031746031744 0.38038003663003667 0.3521443833943834 0.37885378510378515 0.3551968864468865 0.37694597069597074 0.35710470085470086 0.3742750305250305 0.35863095238095244 0.3712225274725275 0.3597756410256411 0.36778846153846156 0.36015720390720396 0.3605387667887668 0.36015720390720396 0.3548153235653236 0.35939407814407814 0.3509996947496948 0.35710470085470086 0.3471840659340659 0.3544337606837607
1 0.41891788766788773 0.3685515873015873 0.41395757020757024 0.363209706959707 0.4124313186813187 0.3597756410256411 0.41166819291819295 0.3559600122100122 0.41204975579975583 0.35138125763125766 0.4131944444444445 0.34756562881562886 0.4151022588522589 0.3441315628815629 0.4170100732600733 0.34069749694749696 0.41929945054945056 0.33726343101343104 0.42158882783882784 0.3353556166056166 0.4238782051282052 0.33382936507936506 0.4261675824175824 0.33192155067155066 0.4292200854700855 0.32963217338217343 0.4330357142857143 0.3269612332112332 0.4364697802197802 0.3254349816849817 0.43990384615384615 0.32429029304029305 0.4441010378510379 0.3235271672771673 0.4490613553113553 0.32238247863247865 0.4540216727716728 0.32123778998779 0.45898199023199027 0.32085622710622713 0.46317918192918195 0.32047466422466425 0.46661324786324787 0.3200931013431013 0.4708104395604396 0.3200931013431013 0.47615231990231993 0.3216193528693529 0.4803495115995116 0.32276404151404153 0.48340201465201466 0.32429029304029305 0.4883623321123321 0.32848748473748474 0.49217796092796096 0.33153998778998783 0.4948489010989011 0.33497405372405376 0.4971382783882784 0.33993437118437125 0.4975198412698413 0.3452762515262516 0.4967567155067155 0.34985500610500614 0.4948489010989011 0.3544337606837607 0.4929410866910867 0.35748626373626374 0.49027014652014655 0.3616834554334555 0.4868360805860806 0.3654990842490842 0.48416514041514047 0.36817002442002444 0.47996794871794873 0.3704594017094018 0.4765338827838828 0.37160409035409037 0.47348137973137977 0.372748778998779 0.4689026251526252 0.3746565934065934 0.4639423076923077 0.37618284493284493 0.45936355311355315 0.37732753357753357 0.45287698412698413 0.3780906593406594 0.44639041514041516 0.3780906593406594 0.44143009768009767 0.37847222222222227 0.4357066544566545 0.37847222222222227 0.43227258852258854 0.3780906593406594 0.4276938339438339 0.37656440781440786 0.4227335164835165 0.3742750305250305
1 0.41777319902319904 0.4872176434676435 0.4143391330891331 0.482257326007326 0.41357600732600736 0.47996794871794873 0.41357600732600736 0.4769154456654457 0.4143391330891331 0.47348137973137977 0.41548382173382176 0.4696657509157509 0.4162469474969475 0.46585012210012217 0.4181547619047619 0.46317918192918195 0.42082570207570213 0.45936355311355315 0.4234966422466423 0.45669261294261293 0.4257860195360196 0.45478479853479853 0.4288385225885226 0.45211385836385837 0.43227258852258854 0.4498244810744811 0.4357066544566545 0.4475351037851038 0.43952228327228327 0.44486416361416364 0.4429563492063492 0.4433379120879121 0.44677197802197804 0.4418116605616606 0.45058760683760685 0.44104853479853484 0.4551663614163614 0.44066697191697196 0.4578373015873016 0.4402854090354091 0.46165293040293043 0.4402854090354091 0.46623168498168505 0.44104853479853484 0.47386294261294265 0.4429563492063492 0.4807310744810745 0.4460088522588523 0.48263888888888895 0.4479166666666667 0.48530982905982906 0.45020604395604397 0.4875992063492064 0.4524954212454213 0.4895070207570208 0.4551663614163614 0.49027014652014655 0.45821886446886445 0.49065170940170943 0.4612713675213675 0.4910332722832723 0.46470543345543347 0.49065170940170943 0.46775793650793657 0.4898885836385836 0.4708104395604396 0.48874389499389503 0.47386294261294265 0.4872176434676435 0.4769154456654457 0.4849282661782662 0.479204822954823 0.482257326007326 0.48149420024420025 0.479204822954823 0.48378357753357754 0.47577075702075705 0.4868360805860806 0.47233669108669113 0.4895070207570208 0.4689026251526252 0.49255952380952384 0.46585012210012217 0.49446733821733824 0.4627976190476191 0.49599358974358976 0.45936355311355315 0.4971382783882784 0.4544032356532357 0.49828296703296704 0.4490613553113553 0.4986645299145299 0.44486416361416364 0.4986645299145299 0.44066697191697196 0.4986645299145299 0.4357066544566545 0.4986645299145299 0.43189102564102566 0.4979014041514042 0.42807539682539686 0.4967567155067155 0.42425976800976806 0.49446733821733824 0.42158882783882784 0.49217796092796096 0.42044413919413925 0.4914148351648352
1 0.28041056166056166 0.5719246031746033 0.27125305250305254 0.5688721001221002 0.26896367521367526 0.5677274114774116 0.2666742979242979 0.5654380341880343 0.2647664835164835 0.5631486568986569 0.26247710622710624 0.5604777167277167 0.2609508547008547 0.556280525030525 0.26018772893772896 0.5520833333333335 0.2609508547008547 0.5478861416361417 0.26247710622710624 0.5448336385836386 0.2655296092796093 0.5410180097680098 0.2678189865689866 0.5398733211233212 0.2723977411477412 0.5383470695970697 0.27697649572649574 0.5364392551892553 0.2823183760683761 0.5345314407814409 0.28537087912087916 0.534149877899878 0.2880418192918193 0.534149877899878 0.292239010989011 0.534149877899878 0.29605463980463986 0.534149877899878 0.3002518315018315 0.5349130036630038 0.30368589743589747 0.5356761294261295 0.30750152625152627 0.5368208180708182 0.31208028083028083 0.5387286324786326 0.3158959096459097 0.5402548840048841 0.3197115384615385 0.5421626984126985 0.3220009157509158 0.5452152014652015 0.3239087301587302 0.5486492673992676 0.3254349816849817 0.5536095848595849 0.3258165445665446 0.5589514652014653 0.32505341880341887 0.5623855311355312 0.3239087301587302 0.5650564713064714 0.32276404151404153 0.5677274114774116 0.32085622710622713 0.5703983516483517 0.3185668498168498 0.5723061660561661 0.31551434676434675 0.5734508547008548 0.3124618437118437 0.5738324175824177 0.30940934065934067 0.5742139804639805 0.30559371184371187 0.5742139804639805 0.3025412087912088 0.5742139804639805 0.29681776556776557 0.5738324175824177 0.28956807081807084 0.5726877289377291
1 0.43875915750915756 0.5868055555555556 0.4330357142857143 0.5791742979242981 0.4315094627594628 0.5765033577533578 0.4296016483516484 0.5734508547008548 0.4276938339438339 0.5723061660561661 0.4261675824175824 0.5700167887667889 0.4250228937728938 0.5665827228327228 0.4246413308913309 0.5635302197802198 0.42425976800976806 0.5600961538461539 0.4234966422466423 0.5555173992673994 0.4234966422466423 0.5524648962148964 0.42425976800976806 0.5497939560439561 0.4246413308913309 0.5463598901098902 0.4254044566544567 0.5433073870573871 0.4261675824175824 0.5410180097680098 0.4273122710622711 0.5387286324786326 0.4292200854700855 0.5356761294261295 0.4315094627594628 0.5337683150183151 0.43379884004884006 0.5322420634920635 0.43723290598290604 0.5303342490842491 0.4402854090354091 0.5288079975579976 0.4429563492063492 0.5280448717948718 0.4475351037851038 0.527281746031746 0.45287698412698413 0.5265186202686203 0.45745573870573875 0.5261370573870574 0.45974511599511597 0.5269001831501832 0.4639423076923077 0.5288079975579976 0.46699481074481075 0.530715811965812 0.4708104395604396 0.5337683150183151 0.4750076312576313 0.5375839438339439 0.4784416971916972 0.5417811355311356 0.48111263736263743 0.5452152014652015 0.48302045177045183 0.5486492673992676 0.48416514041514047 0.5513202075702076 0.48530982905982906 0.5547542735042736 0.4864545177045177 0.5589514652014653 0.4868360805860806 0.5623855311355312 0.4868360805860806 0.5658195970695972 0.4868360805860806 0.5688721001221002 0.4860729548229549 0.5723061660561661 0.48530982905982906 0.5749771062271063 0.48454670329670335 0.5784111721611722 0.48378357753357754 0.5822268009768011 0.482257326007326 0.5860424297924299 0.4807310744810745 0.5887133699633701 0.47729700854700857 0.5906211843711844 0.47386294261294265 0.5925289987789989 0.47042887667887673 0.5948183760683762 0.4673763736263737 0.5974893162393163 0.46432387057387065 0.5990155677655679 0.4612713675213675 0.6001602564102565 0.45898199023199027 0.6001602564102565 0.4551663614163614 0.5993971306471307 0.4509691697191698 0.5974893162393163 0.4471535409035409 0.5951999389499391 0.4441010378510379 0.5925289987789989
1 0.6074099511599512 0.5486492673992676 0.6039758852258853 0.5421626984126985 0.6028311965811967 0.5387286324786326 0.6024496336996338 0.5349130036630038 0.6028311965811967 0.5318605006105006 0.6035943223443224 0.5288079975579976 0.6047390109890111 0.5261370573870574 0.6066468253968255 0.5234661172161172 0.6100808913308914 0.5204136141636142 0.6123702686202688 0.5188873626373627 0.614659645909646 0.5173611111111112 0.617712148962149 0.5154532967032968 0.620764652014652 0.5135454822954822 0.624198717948718 0.5120192307692307 0.627251221001221 0.5108745421245422 0.6314484126984128 0.5093482905982907 0.634119352869353 0.5085851648351648 0.6367902930402932 0.5078220390720392 0.640224358974359 0.5074404761904762 0.6440399877899878 0.5074404761904762 0.6482371794871795 0.5074404761904762 0.65357905982906 0.5085851648351648 0.6604471916971917 0.5097298534798536 0.6688415750915752 0.5127823565323566 0.6711309523809524 0.5139270451770452 0.6741834554334555 0.5158348595848596 0.6779990842490843 0.5181242368742369 0.6802884615384617 0.5200320512820513 0.6818147130647131 0.5234661172161172 0.6821962759462761 0.5280448717948718 0.6821962759462761 0.5322420634920635 0.6821962759462761 0.5360576923076923 0.6810515873015873 0.5402548840048841 0.6799068986568988 0.5440705128205129 0.6776175213675214 0.5478861416361417 0.67609126984127 0.5505570818070818 0.6738018925518927 0.553228021978022 0.6711309523809524 0.5558989621489623 0.6676968864468865 0.5581883394383396 0.6627365689865691 0.559714590964591 0.6570131257631258 0.5604777167277167 0.6516712454212455 0.5612408424908426 0.6474740537240538 0.5612408424908426 0.6444215506715507 0.5612408424908426 0.6413690476190477 0.5608592796092797 0.6360271672771673 0.5600961538461539 0.6322115384615385 0.5589514652014653 0.6283959096459097 0.5581883394383396 0.624198717948718 0.5570436507936508 0.6196199633699635 0.5555173992673994 0.6142780830280831 0.553228021978022
1 0.08505036630036633 0.17586233211233215 0.07932692307692311 0.17319139194139196 0.07703754578754583 0.1701388888888889 0.07665598290598294 0.16708638583638585 0.07627442002442006 0.1621260683760684 0.07627442002442006 0.1583104395604396 0.07627442002442006 0.15449481074481078 0.07703754578754583 0.15106074481074483 0.07818223443223447 0.14762667887667888 0.07932692307692311 0.14457417582417584 0.08085317460317464 0.14228479853479856 0.08237942612942617 0.1396138583638584 0.08428724053724057 0.13770604395604397 0.08657661782661787 0.1350351037851038 0.08886599511599515 0.13350885225885228 0.09115537240537244 0.13160103785103788 0.09497100122100126 0.12854853479853484 0.09916819291819295 0.12625915750915753 0.10260225885225889 0.1251144688644689 0.10603632478632483 0.1251144688644689 0.10985195360195363 0.1251144688644689 0.11443070818070823 0.1251144688644689 0.11862789987789993 0.12625915750915753 0.12244352869352873 0.1274038461538462 0.12549603174603177 0.12893009768009772 0.12893009768009772 0.13160103785103788 0.131219474969475 0.13465354090354092 0.13274572649572652 0.13770604395604397 0.13389041514041516 0.14190323565323568 0.13465354090354092 0.1457188644688645 0.13465354090354092 0.1491529304029304 0.13465354090354092 0.1522054334554335 0.13465354090354092 0.15525793650793654 0.13350885225885228 0.15907356532356537 0.13198260073260076 0.16136294261294265 0.13083791208791212 0.1640338827838828 0.12816697191697196 0.166704822954823 0.12625915750915753 0.16861263736263737 0.1232066544566545 0.17090201465201468 0.11900946275946281 0.17357295482295484 0.11595695970695975 0.17548076923076925 0.11214133089133092 0.17700702075702077 0.10870726495726499 0.17815170940170943 0.10374694749694753 0.17929639804639808 0.0984050671550672 0.17967796092796096 0.0942078754578755 0.17967796092796096 0.0900106837606838 0.17929639804639808
1 0.1911248473748474 0.14304792429792432 0.18578296703296707 0.13885073260073263 0.18311202686202688 0.13617979242979245 0.18158577533577536 0.13389041514041516 0.18044108669108672 0.131219474969475 0.18005952380952384 0.12816697191697196 0.18005952380952384 0.12473290598290603 0.18044108669108672 0.12053571428571433 0.18196733821733824 0.11672008547008551 0.18425671550671555 0.11366758241758244 0.18692765567765568 0.1106150793650794 0.18959859584859587 0.10794413919413923 0.19570360195360198 0.10565476190476193 0.20219017094017094 0.10222069597069601 0.20409798534798537 0.10145757020757024 0.20600579975579977 0.10069444444444448 0.20829517704517705 0.10069444444444448 0.2113476800976801 0.10069444444444448 0.21592643467643471 0.10069444444444448 0.21859737484737488 0.10107600732600736 0.2239392551892552 0.10260225885225889 0.2281364468864469 0.10336538461538465 0.2323336385836386 0.10374694749694753 0.23576770451770454 0.10489163614163617 0.2365308302808303 0.10679945054945059 0.2372939560439561 0.10947039072039075 0.23767551892551894 0.11366758241758244 0.2372939560439561 0.11633852258852263 0.23614926739926742 0.11900946275946281 0.2346230158730159 0.12244352869352873 0.23309676434676438 0.12587759462759465 0.23042582417582422 0.1293116605616606 0.2281364468864469 0.13198260073260076 0.22508394383394387 0.13389041514041516 0.22203144078144083 0.13656135531135533 0.21745268620268624 0.1396138583638584 0.21325549450549453 0.14190323565323568 0.20829517704517705 0.1434294871794872 0.20447954822954825 0.14419261294261296 0.20028235653235657 0.14419261294261296 0.19570360195360198 0.14419261294261296
1 0.024763431013431047 0.24912240537240538 0.03010531135531139 0.2540827228327229 0.03506562881562885 0.26209554334554336 0.036591880341880385 0.2666742979242979 0.037355006105006146 0.27125305250305254 0.038118131868131906 0.2743055555555556 0.038881257631257674 0.2781211843711844 0.038881257631257674 0.282699938949939 0.037736568986569026 0.28766025641025644 0.03582875457875461 0.2914758852258853 0.0339209401709402 0.2941468253968254 0.032394688644688675 0.2975808913308914 0.03048687423687427 0.2991071428571429 0.028579059829059863 0.29987026862026867 0.024763431013431047 0.301778083028083 0.022092490842490875 0.3029227716727717 0.018658424908424943 0.3029227716727717 0.015224358974359009 0.3029227716727717 0.013316544566544603 0.3029227716727717 0.009119352869352905 0.3013965201465202 0.006066849816849851 0.29987026862026867 0.0 0.29740918803418803 0.0003434065934066281 0.23958333333333337 0.006066849816849851 0.23958333333333337 0.009500915750915785 0.23958333333333337 0.014461233211233247 0.2411095848595849 0.01789529914529918 0.2430173992673993 0.021710927960927995 0.24606990231990233
1 0.05223595848595852 0.13427197802197804 0.04498626373626378 0.1392322954822955 0.04117063492063496 0.14114010989010992 0.037355006105006146 0.14304792429792432 0.03430250305250309 0.14419261294261296 0.03010531135531139 0.1453373015873016 0.02590811965811969 0.14648199023199027 0.02247405372405376 0.14686355311355312 0.015987484737484774 0.14648199023199027 0.00835622710622714 0.14610042735042736 0.006066849816849851 0.14495573870573872 0.002251221001221036 0.1434294871794872 0.0 0.14267908017908018 0.0003434065934066281 0.09726037851037854 0.00568528693528697 0.09535256410256414 0.007974664224664259 0.09458943833943838 0.011027167277167313 0.09344474969474972 0.014461233211233247 0.09268162393162396 0.01789529914529918 0.0919184981684982 0.021710927960927995 0.0919184981684982 0.02628968253968257 0.0919184981684982 0.031250000000000035 0.0919184981684982 0.03506562881562885 0.09230006105006108 0.03849969474969479 0.09344474969474972 0.0423153235653236 0.09497100122100126 0.04498626373626378 0.09649725274725278 0.04880189255189259 0.0984050671550672 0.05109126984126988 0.09993131868131871 0.05376221001221005 0.10222069597069601 0.057196275946275986 0.10527319902319905 0.05872252747252751 0.10832570207570211 0.059485653235653274 0.11023351648351652 0.060248778998779035 0.11366758241758244 0.060630341880341915 0.11824633699633703 0.060248778998779035 0.12206196581196585 0.05910409035409039 0.12625915750915753 0.057577838827838866 0.12969322344322348
1 0.08733974358974363 0.05376221001221005 0.08123473748473753 0.05567002442002446 0.07894536019536023 0.0568147130647131 0.07627442002442006 0.057959401709401746 0.0736034798534799 0.05910409035409039 0.0694062881562882 0.060630341880341915 0.06635378510378515 0.060630341880341915 0.06177503052503056 0.060248778998779035 0.05872252747252751 0.05910409035409039 0.05452533577533581 0.0568147130647131 0.05109126984126988 0.05414377289377293 0.049183455433455474 0.050328144078144114 0.048420329670329706 0.046894078144078186 0.048038766788766826 0.04346001221001225 0.046894078144078186 0.04078907203907208 0.0465125152625153 0.036973443223443266 0.046894078144078186 0.03353937728937732 0.048420329670329706 0.029342185592185623 0.049565018315018354 0.026671245421245455 0.05185439560439564 0.024000305250305283 0.05452533577533581 0.02094780219780223 0.057196275946275986 0.018276862026862063 0.059867216117216154 0.015224358974359009 0.06291971916971921 0.013316544566544603 0.06520909645909649 0.011408730158730195 0.0694062881562882 0.008737789987790023 0.0736034798534799 0.006448412698412733 0.07856379731379735 0.004540598290598326 0.08237942612942617 0.003014346764346799 0.08657661782661787 0.0026327838827839177 0.09039224664224668 0.002251221001221036 0.09497100122100126 0.002251221001221036 0.09802350427350431 0.0026327838827839177 0.10107600732600736 0.004159035409035444 0.10374694749694753 0.006448412698412733 0.10679945054945059 0.009119352869352905 0.10908882783882787 0.011790293040293076 0.1106150793650794 0.014079670329670365 0.11137820512820516 0.0175137362637363 0.11175976800976804 0.020184676434676467 0.11175976800976804 0.02247405372405376 0.11137820512820516 0.025144993894993927 0.10947039072039075 0.0278159340659341 0.10832570207570211 0.03048687423687427 0.1064178876678877 0.03353937728937732 0.10451007326007329 0.036973443223443266 0.10145757020757024 0.04078907203907208 0.09764194139194142 0.04536782661782666 0.09382631257631262 0.049183455433455474
1 0.14648199023199027 0.05567002442002446 0.140758547008547 0.049946581196581234 0.13885073260073263 0.04574938949938954 0.13770604395604397 0.04117063492063496 0.1369429181929182 0.03849969474969479 0.13656135531135533 0.03506562881562885 0.13656135531135533 0.031250000000000035 0.13656135531135533 0.0278159340659341 0.1369429181929182 0.025144993894993927 0.13846916971916973 0.022092490842490875 0.13999542124542125 0.019039987789987823 0.1415216727716728 0.016369047619047655 0.1434294871794872 0.013316544566544603 0.1453373015873016 0.010645604395604432 0.14724511599511603 0.00835622710622714 0.1491529304029304 0.006448412698412733 0.1522054334554335 0.004159035409035444 0.15563949938949942 0.002251221001221036 0.15869200244200246 0.0007249694749695096 0.18311202686202688 0.0007249694749695096 0.18998015873015875 0.004540598290598326 0.19265109890109894 0.007593101343101377 0.19494047619047622 0.01026404151404155 0.19570360195360198 0.01293498168498172 0.19570360195360198 0.015224358974359009 0.19570360195360198 0.018658424908424943 0.19570360195360198 0.02247405372405376 0.19494047619047622 0.02628968253968257 0.19417735042735046 0.02972374847374851 0.1930326617826618 0.03430250305250309 0.1907432844932845 0.03849969474969479 0.18807234432234435 0.04155219780219784 0.18540140415140416 0.04498626373626378 0.18234890109890112 0.047275641025641066 0.18005952380952384 0.049183455433455474 0.17586233211233215 0.05147283272283276 0.17166514041514044 0.05414377289377293 0.16708638583638585 0.05605158730158734 0.1640338827838828 0.0568147130647131 0.16098137973137974 0.057577838827838866 0.15716575091575094 0.057577838827838866 0.15258699633699635 0.057196275946275986
1 0.2930021367521368 0.06368284493284497 0.2815552503052503 0.057959401709401746 0.27850274725274726 0.05528846153846158 0.2758318070818071 0.05299908424908429 0.2739239926739927 0.050709706959706995 0.2720161782661783 0.049183455433455474 0.26934523809523814 0.047275641025641066 0.2651480463980464 0.04193376068376072 0.263240231990232 0.037355006105006146 0.26209554334554336 0.032013125763125795 0.2613324175824176 0.0278159340659341 0.2609508547008547 0.024000305250305283 0.26056929181929184 0.020184676434676467 0.26056929181929184 0.01560592185592189 0.2609508547008547 0.010645604395604432 0.263240231990232 0.006066849816849851 0.26438492063492064 0.0018696581196581542 0.2670558608058608 0.0003434065934066281 0.3013965201465202 0.0003434065934066281 0.30635683760683763 0.004540598290598326 0.30788308913308915 0.007211538461538496 0.30940934065934067 0.009882478632478668 0.31017246642246643 0.011790293040293076 0.3109355921855922 0.014461233211233247 0.31208028083028083 0.016750610500610535 0.31322496947496953 0.019421550671550707 0.31398809523809523 0.021710927960927995 0.31475122100122105 0.024763431013431047 0.31551434676434675 0.02819749694749698 0.3158959096459097 0.032013125763125795 0.3158959096459097 0.03621031746031749 0.31551434676434675 0.039644383394383434 0.3151327838827839 0.04269688644688649 0.31436965811965817 0.04536782661782666 0.31398809523809523 0.049183455433455474 0.31398809523809523 0.0526175213675214 0.31398809523809523 0.05452533577533581 0.31284340659340665 0.061011904761904795 0.31208028083028083 0.06482753357753361 0.31017246642246643 0.06673534798534803 0.30788308913308915 0.0671169108669109 0.305212148962149 0.0671169108669109 0.3006333943833944 0.0671169108669109 0.29796245421245426 0.06635378510378515
1 0.21745268620268624 0.6551053113553115 0.21287393162393167 0.656631562881563 0.21096611721611724 0.6581578144078145 0.2075320512820513 0.6604471916971917 0.20600579975579977 0.6608287545787547 0.20409798534798537 0.6612103174603176 0.20142704517704518 0.6615918803418804 0.19761141636141638 0.6615918803418804 0.19417735042735046 0.6604471916971917 0.19150641025641027 0.6585393772893774 0.18425671550671555 0.6516712454212455 0.17777014652014653 0.6413690476190477 0.17586233211233215 0.6360271672771673 0.1743360805860806 0.6318299755799757 0.17357295482295484 0.6249618437118438 0.17319139194139196 0.6200015262515264 0.17319139194139196 0.614659645909646 0.17357295482295484 0.6104624542124543 0.1743360805860806 0.6066468253968255 0.176243894993895 0.6032127594627597 0.1789148351648352 0.6005418192918194 0.18196733821733824 0.598634004884005 0.18540140415140416 0.5967261904761905 0.18959859584859587 0.5948183760683762 0.19379578754578755 0.5932921245421245 0.19761141636141638 0.5917658730158731 0.20142704517704518 0.5913843101343103 0.20486111111111113 0.5913843101343103 0.20829517704517705 0.5917658730158731 0.2113476800976801 0.5936736874236874 0.2144001831501832 0.5955815018315019 0.21783424908424912 0.598634004884005 0.2205051892551893 0.6013049450549451 0.22241300366300368 0.6047390109890111 0.224702380952381 0.6077915140415141 0.22737332112332115 0.6123702686202688 0.2300442612942613 0.6169490231990232 0.23195207570207574 0.620764652014652 0.2323336385836386 0.6257249694749696 0.2323336385836386 0.630303724053724 0.2323336385836386 0.6352640415140416 0.23195207570207574 0.6398427960927963 0.23080738705738707 0.6425137362637364 0.2288995726495727 0.6463293650793652 0.22737332112332115 0.6490003052503054 0.22584706959706963 0.6509081196581197 0.22355769230769235 0.6528159340659342
1 0.36435439560439564 0.7279838217338218 0.3597756410256411 0.7249313186813188 0.3578678266178266 0.7234050671550672 0.3563415750915751 0.7214972527472528 0.3548153235653236 0.7195894383394384 0.353670634920635 0.7165369352869354 0.3525259462759463 0.7138659951159952 0.35138125763125766 0.7108134920634921 0.35138125763125766 0.7069978632478634 0.35138125763125766 0.7039453601953604 0.3509996947496948 0.7001297313797316 0.3509996947496948 0.6959325396825398 0.3509996947496948 0.6932615995115996 0.35138125763125766 0.6894459706959708 0.3529075091575092 0.6860119047619049 0.3540521978021978 0.6821962759462761 0.3559600122100122 0.6795253357753359 0.35710470085470086 0.6768543956043958 0.35901251526251526 0.6734203296703298 0.36092032967032966 0.6707493894993896 0.363209706959707 0.6684600122100123 0.3666437728937729 0.6654075091575092 0.37007783882783885 0.6634996947496948 0.3731303418803419 0.6615918803418804 0.37732753357753357 0.6593025030525032 0.3799984737484738 0.6585393772893774 0.38419566544566547 0.6577762515262516 0.3876297313797314 0.6573946886446886 0.39068223443223443 0.6577762515262516 0.39411630036630035 0.6589209401709403 0.39716880341880345 0.6608287545787547 0.3998397435897436 0.6634996947496948 0.40327380952380953 0.6669337606837609 0.405181623931624 0.6722756410256411 0.4059447496947497 0.6768543956043958 0.4059447496947497 0.6818147130647131 0.405181623931624 0.6860119047619049 0.4044184981684982 0.6902090964590966 0.40365537240537247 0.6932615995115996 0.40212912087912095 0.698221916971917 0.40098443223443225 0.7012744200244201 0.3990766178266178 0.7050900488400489 0.39678724053724057 0.7096688034188036 0.39449786324786323 0.7138659951159952 0.39259004884004883 0.7169184981684983 0.38991910866910867 0.7211156898656899 0.38648504273504275 0.7249313186813188 0.3838141025641026 0.727220695970696 0.3796169108669109 0.7283653846153847 0.372748778998779 0.7298916361416362
1 0.31169871794871795 0.6623550061050062 0.3082646520146521 0.6604471916971917 0.30559371184371187 0.6554868742368744 0.3048305860805861 0.6512896825396826 0.3048305860805861 0.6448031135531136 0.30559371184371187 0.6409874847374848 0.30635683760683763 0.6356456043956045 0.30750152625152627 0.6310668498168499 0.3082646520146521 0.6280143467643469 0.3090277777777778 0.6257249694749696 0.3105540293040293 0.6219093406593408 0.31208028083028083 0.6188568376068377 0.31398809523809523 0.6158043345543347 0.31627747252747257 0.6127518315018317 0.31894841269841273 0.6093177655677657 0.32123778998779 0.6062652625152627 0.32429029304029305 0.6032127594627597 0.327724358974359 0.6013049450549451 0.33115842490842495 0.5993971306471307 0.33497405372405376 0.5974893162393163 0.3380265567765568 0.5963446275946277 0.3414606227106228 0.5955815018315019 0.3452762515262516 0.5955815018315019 0.34947344322344326 0.5955815018315019 0.3529075091575092 0.5959630647130648 0.35557844932844934 0.5971077533577535 0.35863095238095244 0.598634004884005 0.36206501831501836 0.6005418192918194 0.3654990842490842 0.6028311965811967 0.3674068986568987 0.6047390109890111 0.36778846153846156 0.6077915140415141 0.3685515873015873 0.6123702686202688 0.3689331501831502 0.6158043345543347 0.3693147130647131 0.6192384004884006 0.3693147130647131 0.6222909035409037 0.3689331501831502 0.6264880952380953 0.3685515873015873 0.630303724053724 0.3674068986568987 0.6333562271062273 0.36626221001221004 0.6360271672771673 0.36435439560439564 0.6398427960927963 0.3624465811965812 0.6432768620268622 0.3605387667887668 0.6455662393162395 0.35824938949938956 0.6482371794871795 0.35672313797313804 0.6509081196581197 0.3548153235653236 0.65357905982906 0.35176282051282054 0.6573946886446886 0.34756562881562886 0.659684065934066 0.3445131257631258 0.6608287545787547 0.3395528083028083 0.6627365689865691 0.3357371794871795 0.6638812576312577 0.33230311355311354 0.6642628205128206 0.3269612332112332 0.6642628205128206 0.32085622710622713 0.6646443833943835 0.3151327838827839 0.6642628205128206
1 0.05299908424908429 0.753166971916972 0.04574938949938954 0.753166971916972 0.04269688644688649 0.7520222832722834 0.038881257631257674 0.7508775946275947 0.03544719169719173 0.7493513431013432 0.03353937728937732 0.7474435286935288 0.030868437118437154 0.7443910256410257 0.028579059829059863 0.7417200854700855 0.02628968253968257 0.737141330891331 0.02552655677655681 0.734088827838828 0.024381868131868163 0.7298916361416362 0.024381868131868163 0.724168192918193 0.024381868131868163 0.7188263125763127 0.024381868131868163 0.714247557997558 0.025144993894993927 0.7104319291819293 0.02590811965811969 0.7069978632478634 0.027052808302808335 0.7043269230769231 0.029342185592185623 0.7012744200244201 0.031250000000000035 0.6989850427350428 0.03353937728937732 0.6974587912087913 0.03582875457875461 0.6959325396825398 0.038118131868131906 0.6955509768009769 0.04078907203907208 0.6955509768009769 0.04422313797313801 0.6955509768009769 0.047657203907203946 0.6955509768009769 0.050709706959706995 0.6955509768009769 0.05376221001221005 0.6963141025641026 0.057196275946275986 0.6974587912087913 0.060248778998779035 0.6986034798534799 0.06253815628815633 0.7012744200244201 0.06520909645909649 0.704708485958486 0.06673534798534803 0.707760989010989 0.06902472527472532 0.7104319291819293 0.0713141025641026 0.714247557997558 0.07322191697191702 0.7180631868131868 0.07398504273504278 0.7222603785103786 0.07436660561660566 0.7264575702075703 0.07436660561660566 0.7306547619047621 0.07436660561660566 0.7337072649572651 0.0736034798534799 0.7379044566544567 0.07322191697191702 0.7417200854700855 0.07207722832722836 0.7455357142857143 0.0694062881562882 0.7482066544566545 0.06673534798534803 0.750114468864469 0.06406440781440785 0.7520222832722834 0.061011904761904795 0.7527854090354091
1 0.15144230769230774 0.8115460927960929 0.14114010989010992 0.8054410866910867 0.13808760683760687 0.8027701465201466 0.13579822954822957 0.7993360805860806 0.13427197802197804 0.7959020146520147 0.13350885225885228 0.791704822954823 0.1331272893772894 0.7871260683760685 0.13350885225885228 0.782165750915751 0.13465354090354092 0.7775869963369965 0.13541666666666669 0.7741529304029305 0.13656135531135533 0.769192612942613 0.13808760683760687 0.7653769841269842 0.1396138583638584 0.7623244810744811 0.14114010989010992 0.759653540903541 0.14419261294261296 0.7562194749694751 0.14686355311355312 0.753166971916972 0.1495344932844933 0.7508775946275947 0.1522054334554335 0.7482066544566545 0.15525793650793654 0.7462988400488402 0.15945512820512822 0.7443910256410257 0.16327075702075705 0.7424832112332113 0.16746794871794876 0.7409569597069599 0.17128357753357756 0.7401938339438341 0.17548076923076925 0.7398122710622712 0.1808226495726496 0.7409569597069599 0.18692765567765568 0.7428647741147743 0.18998015873015875 0.7440094627594629 0.1945589133089133 0.746680402930403 0.19761141636141638 0.750114468864469 0.20028235653235657 0.7535485347985349 0.20257173382173385 0.7577457264957267 0.20371642246642246 0.7615613553113554 0.20409798534798537 0.7661401098901099 0.20447954822954825 0.7703373015873017 0.20447954822954825 0.7745344932844934 0.20447954822954825 0.7783501221001221 0.20409798534798537 0.781784188034188 0.20219017094017094 0.7859813797313798 0.20066391941391942 0.7897970085470086 0.19837454212454214 0.7947573260073262 0.1945589133089133 0.798191391941392 0.19150641025641027 0.8016254578754579 0.18769078144078147 0.8046779609279611 0.18311202686202688 0.8077304639804641 0.17815170940170943 0.8107829670329672 0.1750992063492064 0.8126907814407816 0.1705204517704518 0.8142170329670331 0.1678495115995116 0.814598595848596 0.1644154456654457 0.814598595848596 0.1583104395604396 0.8134539072039073
1 0.3254349816849817 0.8294795482295483 0.31818528693528697 0.830242673992674 0.3158959096459097 0.8298611111111112 0.31360653235653235 0.8287164224664225 0.31169871794871795 0.8268086080586081 0.3097909035409036 0.824137667887668 0.3082646520146521 0.8214667277167279 0.3067384004884005 0.8184142246642246 0.30597527472527475 0.8153617216117216 0.3048305860805861 0.8123092185592186 0.30406746031746035 0.8096382783882785 0.30368589743589747 0.8058226495726496 0.30368589743589747 0.8016254578754579 0.30406746031746035 0.7989545177045178 0.3048305860805861 0.7962835775335776 0.30559371184371187 0.7932310744810745 0.3071199633699634 0.7894154456654457 0.3090277777777778 0.7852182539682541 0.3113171550671551 0.7814026251526252 0.31360653235653235 0.7794948107448109 0.31551434676434675 0.7768238705738707 0.31818528693528697 0.7752976190476191 0.3216193528693529 0.7741529304029305 0.3258165445665446 0.7733898046398048 0.33039529914529914 0.7733898046398048 0.334210927960928 0.7741529304029305 0.33840811965811973 0.7752976190476191 0.34260531135531136 0.7775869963369965 0.3452762515262516 0.7806394993894995 0.34756562881562886 0.7840735653235654 0.3490918803418804 0.7890338827838829 0.3506181318681319 0.7939942002442003 0.3509996947496948 0.7989545177045178 0.35138125763125766 0.8035332722832724 0.3509996947496948 0.8065857753357755 0.350236568986569 0.8104014041514043 0.3483287545787546 0.8149801587301587 0.34603937728937734 0.8187957875457876 0.3422237484737485 0.8237561050061051 0.33878968253968256 0.827571733821734 0.3345924908424909 0.8298611111111112 0.3300137362637363 0.8298611111111112
1 0.41929945054945056 0.8535180097680098 0.4166285103785104 0.8470314407814409 0.41586538461538464 0.8439789377289378 0.41586538461538464 0.8397817460317462 0.4162469474969475 0.8363476800976801 0.41929945054945056 0.834058302808303 0.42158882783882784 0.8321504884004884 0.4238782051282052 0.830242673992674 0.42654914529914534 0.8279532967032969 0.4296016483516484 0.8256639194139195 0.4334172771672772 0.824137667887668 0.4368513431013431 0.8226114163614164 0.43990384615384615 0.8218482905982907 0.443719474969475 0.820703601953602 0.4479166666666667 0.8203220390720392 0.45287698412698413 0.820703601953602 0.45745573870573875 0.8210851648351649 0.4624160561660562 0.8218482905982907 0.46623168498168505 0.8222298534798536 0.47042887667887673 0.8229929792429793 0.47729700854700857 0.824137667887668 0.48454670329670335 0.8279532967032969 0.4875992063492064 0.830624236874237 0.4898885836385836 0.8321504884004884 0.4910332722832723 0.834058302808303 0.49255952380952384 0.8367292429792431 0.49408577533577536 0.840163308913309 0.495230463980464 0.8439789377289378 0.4956120268620269 0.8477945665445666 0.4956120268620269 0.8508470695970697 0.49408577533577536 0.8546626984126985 0.4910332722832723 0.8584783272283274 0.4875992063492064 0.8603861416361417 0.48340201465201466 0.8630570818070818 0.4784416971916972 0.865728021978022 0.4750076312576313 0.8672542735042736 0.47309981684981683 0.8676358363858365 0.4696657509157509 0.8680173992673994 0.46546855921855923 0.8683989621489623 0.4612713675213675 0.8683989621489623 0.4559294871794872 0.8683989621489623 0.4509691697191698 0.8676358363858365 0.4444826007326007 0.8668727106227107 0.4334172771672772 0.8638202075702076 0.4296016483516484 0.8622939560439561 0.4261675824175824 0.8603861416361417 0.42311507936507936 0.8584783272283274
1 0.4864545177045177 0.7424832112332113 0.47806013431013433 0.7386675824175825 0.47538919413919417 0.737141330891331 0.47233669108669113 0.734088827838828 0.4696657509157509 0.7310363247863249 0.46661324786324787 0.7276022588522589 0.46317918192918195 0.7230235042735044 0.46088980463980467 0.7184447496947498 0.45898199023199027 0.7138659951159952 0.4578373015873016 0.7092872405372407 0.45745573870573875 0.704708485958486 0.45745573870573875 0.7001297313797316 0.4578373015873016 0.6955509768009769 0.45936355311355315 0.6913537851037852 0.46088980463980467 0.6879197191697192 0.4627976190476191 0.6848672161172161 0.46432387057387065 0.6818147130647131 0.4673763736263737 0.679143772893773 0.4696657509157509 0.6768543956043958 0.47309981684981683 0.6753281440781441 0.4765338827838828 0.6741834554334555 0.48111263736263743 0.6741834554334555 0.4860729548229549 0.6745650183150184 0.49065170940170943 0.6749465811965812 0.4937042124542125 0.67609126984127 0.4967567155067155 0.6779990842490843 0.5001907814407814 0.6810515873015873 0.5036248473748474 0.6844856532356532 0.5066773504273504 0.6883012820512822 0.5089667277167277 0.6913537851037852 0.5112561050061051 0.6940247252747253 0.5135454822954822 0.6970772283272285 0.5150717338217338 0.6997481684981686 0.5169795482295483 0.7031822344322346 0.5181242368742369 0.7062347374847376 0.5185057997557998 0.7096688034188036 0.5196504884004884 0.7131028693528695 0.5196504884004884 0.7165369352869354 0.5196504884004884 0.7199710012210013 0.5196504884004884 0.724168192918193 0.5188873626373627 0.7279838217338218 0.5181242368742369 0.7310363247863249 0.5165979853479854 0.7337072649572651 0.5150717338217338 0.737141330891331 0.5131639194139195 0.7394307081807082 0.5112561050061051 0.7413385225885226 0.5093482905982907 0.7428647741147743 0.5074404761904762 0.7432463369963371 0.5043879731379731 0.7443910256410257 0.4990460927960928 0.7455357142857143 0.4933226495726496 0.7455357142857143
1 0.5539911477411478 0.672657203907204 0.5463598901098902 0.6676968864468865 0.5440705128205129 0.6657890720390721 0.5417811355311356 0.6638812576312577 0.5402548840048841 0.6619734432234433 0.5379655067155068 0.6589209401709403 0.5360576923076923 0.656631562881563 0.5345314407814409 0.65357905982906 0.5326236263736264 0.650144993894994 0.5314789377289377 0.6463293650793652 0.530715811965812 0.6432768620268622 0.5303342490842491 0.640224358974359 0.5303342490842491 0.6367902930402932 0.5303342490842491 0.6329746642246643 0.5310973748473748 0.6295405982905984 0.5322420634920635 0.6264880952380953 0.534149877899878 0.6234355921855922 0.5368208180708182 0.620764652014652 0.5394917582417583 0.6180937118437119 0.5421626984126985 0.6158043345543347 0.5452152014652015 0.614659645909646 0.5475045787545788 0.6135149572649573 0.5513202075702076 0.6131333943833945 0.5547542735042736 0.6127518315018317 0.5574252136752137 0.6127518315018317 0.5616224053724055 0.6135149572649573 0.5654380341880343 0.6150412087912088 0.5692536630036631 0.6173305860805861 0.5734508547008548 0.620764652014652 0.5765033577533578 0.6234355921855922 0.5787927350427352 0.6257249694749696 0.5810821123321124 0.6280143467643469 0.5829899267399269 0.6310668498168499 0.5848977411477413 0.6337377899877901 0.5868055555555556 0.637171855921856 0.5879502442002443 0.640224358974359 0.5894764957264959 0.6440399877899878 0.5906211843711844 0.6482371794871795 0.5910027472527474 0.6516712454212455 0.5913843101343103 0.6547237484737486 0.5913843101343103 0.6577762515262516 0.5906211843711844 0.6608287545787547 0.5894764957264959 0.6638812576312577 0.5883318070818072 0.6673153235653236 0.5864239926739928 0.6696047008547009 0.5833714896214897 0.6715125152625153 0.5810821123321124 0.6722756410256411 0.5776480463980465 0.6738018925518927 0.5738324175824177 0.6749465811965812 0.5707799145299146 0.6764728327228329 0.5669642857142858 0.6764728327228329 0.5627670940170941 0.67609126984127 0.5593330280830282 0.6749465811965812
1 0.20257173382173385 0.9889728327228329 0.20028235653235657 0.9870650183150184 0.19417735042735046 0.9821047008547009 0.19036172161172163 0.9790521978021979 0.18769078144078147 0.9759996947496948 0.18616452991452992 0.972184065934066 0.1850198412698413 0.9683684371184372 0.18387515262515264 0.9637896825396826 0.182730463980464 0.9588293650793652 0.18196733821733824 0.9546321733821734 0.18158577533577536 0.9508165445665446 0.18196733821733824 0.9470009157509158 0.18349358974358979 0.9435668498168499 0.18540140415140416 0.9405143467643469 0.18769078144078147 0.9382249694749696 0.1911248473748474 0.9359355921855923 0.19608516483516486 0.9344093406593408 0.20104548229548233 0.9328830891330891 0.205242673992674 0.9325015262515264 0.20905830280830281 0.9321199633699635 0.2144001831501832 0.9321199633699635 0.21974206349206352 0.9321199633699635 0.22317612942612944 0.9321199633699635 0.2281364468864469 0.9328830891330891 0.23309676434676438 0.9340277777777779 0.23767551892551894 0.9359355921855923 0.2411095848595849 0.9382249694749696 0.247214590964591 0.942803724053724 0.2552274114774115 0.9500534188034189 0.2578983516483517 0.9527243589743591 0.26018772893772896 0.9553952991452993 0.26247710622710624 0.9584478021978023 0.26400335775335776 0.9611187423687425 0.2655296092796093 0.9645528083028084 0.2666742979242979 0.9687500000000001 0.2670558608058608 0.9733287545787547 0.26743742368742374 0.9763812576312577 0.26743742368742374 0.9805784493284494 0.2670558608058608 0.9847756410256411 0.2647664835164835 0.9889728327228329 0.26209554334554336 0.991643772893773 0.25866147741147744 0.9939331501831502 0.2552274114774115 0.9966040903540904 0.25064865689865695 0.9988934676434678 0.2502918956043963 0.9989583333333333 0.21668956043956047 0.9988934676434678 0.211729242979243 0.9958409645909647 0.20829517704517705 0.9927884615384617
1 0.0003434065934066281 0.8229929792429793 0.006829975579975614 0.824137667887668 0.009500915750915785 0.824519230769231 0.012171855921855957 0.8252823565323566 0.014842796092796129 0.8256639194139195 0.018658424908424943 0.8268086080586081 0.02094780219780223 0.827571733821734 0.02323717948717952 0.8283348595848598 0.02628968253968257 0.8298611111111112 0.029342185592185623 0.8310057997557999 0.032013125763125795 0.8325320512820513 0.03582875457875461 0.8348214285714287 0.038881257631257674 0.8367292429792431 0.04155219780219784 0.840163308913309 0.04346001221001225 0.8432158119658121 0.04536782661782666 0.8470314407814409 0.046894078144078186 0.8512286324786326 0.046894078144078186 0.8569520757020758 0.04498626373626378 0.8622939560439561 0.04193376068376072 0.8664911477411478 0.038881257631257674 0.8691620879120879 0.03506562881562885 0.8714514652014653 0.029342185592185623 0.8733592796092797 0.02285561660561664 0.8748855311355312 0.016369047619047655 0.8767933455433456 0.011027167277167313 0.8779380341880343 0.006829975579975614 0.8783195970695972 0.0026327838827839177 0.8783195970695972 4.625929269271486e-19 0.8779434850863423 -1.0271626370065258e-34 0.8779434850863423
1 0.019803113553113587 0.9622634310134311 0.015224358974359009 0.9565399877899878 0.014079670329670365 0.9531059218559219 0.013316544566544603 0.9489087301587303 0.013316544566544603 0.9435668498168499 0.013316544566544603 0.940132783882784 0.013698107448107483 0.936698717948718 0.014461233211233247 0.9351724664224665 0.01560592185592189 0.9328830891330891 0.0175137362637363 0.930212148962149 0.019803113553113587 0.9275412087912088 0.02247405372405376 0.9252518315018317 0.02628968253968257 0.92372557997558 0.02972374847374851 0.9221993284493286 0.03468406593406597 0.9202915140415141 0.039644383394383434 0.9187652625152627 0.04536782661782666 0.9172390109890111 0.050328144078144114 0.9160943223443224 0.05643315018315022 0.9149496336996338 0.06177503052503056 0.9145680708180709 0.0671169108669109 0.914186507936508 0.06902472527472532 0.914186507936508 0.07207722832722836 0.9153311965811967 0.07589285714285718 0.9176205738705739 0.07932692307692311 0.9195283882783883 0.08161630036630041 0.9218177655677657 0.08276098901098905 0.9256333943833945 0.08199786324786329 0.9309752747252749 0.08047161172161175 0.9340277777777779 0.079708485958486 0.9378434065934067 0.07741910866910871 0.9424221611721613 0.07436660561660566 0.9470009157509158 0.07093253968253972 0.9504349816849818 0.06749847374847379 0.9534874847374848 0.06330128205128209 0.9565399877899878 0.05834096459096463 0.9588293650793652 0.05223595848595852 0.9599740537240538 0.048420329670329706 0.9611187423687425 0.04498626373626378 0.9615003052503054 0.04155219780219784 0.9618818681318683 0.038118131868131906 0.962644993894994 0.03430250305250309 0.9634081196581197 0.029342185592185623 0.9641712454212455 0.02590811965811969 0.9645528083028084
1 0.3490918803418804 0.9962225274725276 0.3456578144078144 0.9901175213675214 0.3445131257631258 0.988209706959707 0.3429868742368743 0.9859203296703298 0.34260531135531136 0.9828678266178268 0.3422237484737485 0.9779075091575092 0.3433684371184372 0.9740918803418804 0.34603937728937734 0.969131562881563 0.34871031746031744 0.9656974969474971 0.35176282051282054 0.9637896825396826 0.3559600122100122 0.9630265567765568 0.35939407814407814 0.9630265567765568 0.363209706959707 0.9630265567765568 0.3670253357753358 0.9634081196581197 0.3704594017094018 0.9649343711843713 0.3742750305250305 0.9664606227106227 0.37694597069597074 0.9683684371184372 0.38038003663003667 0.9702762515262516 0.38457722832722835 0.9737103174603176 0.38801129426129427 0.9759996947496948 0.3914453601953602 0.9782890720390721 0.39411630036630035 0.9805784493284494 0.39678724053724057 0.9836309523809524 0.39945818070818073 0.9866834554334555 0.401747557997558 0.9897359584859585 0.40403693528693535 0.9927884615384617 0.405181623931624 0.9954594017094018 0.4059447496947497 0.9988934676434678 0.4056204212454218 0.9989583333333333 0.3506181318681319 0.9989583333333333
1 0.40976037851037855 0.9309752747252749 0.4112866300366301 0.9252518315018317 0.41204975579975583 0.9229624542124543 0.41357600732600736 0.9202915140415141 0.41548382173382176 0.9180021367521368 0.4173916361416362 0.9160943223443224 0.42044413919413925 0.9138049450549451 0.4246413308913309 0.9122786935286936 0.42845695970695974 0.9107524420024421 0.43189102564102566 0.9092261904761905 0.4357066544566545 0.9076999389499391 0.43914072039072044 0.9069368131868133 0.4441010378510379 0.9069368131868133 0.4498244810744811 0.9069368131868133 0.45478479853479853 0.9080815018315019 0.45974511599511597 0.9096077533577535 0.46470543345543347 0.9115155677655679 0.46852106227106227 0.9130418192918194 0.47233669108669113 0.9157127594627597 0.4750076312576313 0.9180021367521368 0.47806013431013433 0.9210546398046399 0.4803495115995116 0.9248702686202688 0.48187576312576313 0.9283043345543347 0.48263888888888895 0.9325015262515264 0.48263888888888895 0.9355540293040294 0.482257326007326 0.940132783882784 0.48187576312576313 0.9435668498168499 0.479204822954823 0.9473824786324787 0.4769154456654457 0.949671855921856 0.47309981684981683 0.9527243589743591 0.4689026251526252 0.9542506105006106 0.46356074481074483 0.9553952991452993 0.4578373015873016 0.9569215506715507 0.4536401098901099 0.9576846764346765 0.44829822954822957 0.9573031135531136 0.443719474969475 0.9569215506715507 0.43875915750915756 0.956158424908425 0.4345619658119658 0.9557768620268622 0.4296016483516484 0.9550137362637364 0.4254044566544567 0.9531059218559219 0.41968101343101344 0.949671855921856 0.4151022588522589 0.9462377899877901 0.41204975579975583 0.9420405982905984 0.41014194139194143 0.936698717948718
1 0.56620115995116 0.782165750915751 0.5604777167277167 0.7798763736263737 0.5581883394383396 0.7775869963369965 0.5555173992673994 0.7752976190476191 0.5528464590964591 0.7737713675213677 0.550175518925519 0.7718635531135531 0.5494123931623933 0.7676663614163616 0.5513202075702076 0.7634691697191698 0.5539911477411478 0.7592719780219781 0.5566620879120879 0.7550747863247864 0.559714590964591 0.7516407203907204 0.5620039682539684 0.7493513431013432 0.56620115995116 0.746680402930403 0.5696352258852259 0.7447725885225885 0.5749771062271063 0.7421016483516484 0.5791742979242981 0.740575396825397 0.5837530525030525 0.7386675824175825 0.5871871184371185 0.7375228937728939 0.5925289987789989 0.7363782051282052 0.5974893162393163 0.7359966422466423 0.6020680708180709 0.7363782051282052 0.6066468253968255 0.7367597680097682 0.6108440170940171 0.7367597680097682 0.6142780830280831 0.737141330891331 0.6173305860805861 0.7398122710622712 0.6180937118437119 0.7436278998779 0.617712148962149 0.7478250915750916 0.6173305860805861 0.7524038461538463 0.6165674603174605 0.7562194749694751 0.6158043345543347 0.759653540903541 0.614659645909646 0.7634691697191698 0.6127518315018317 0.7676663614163616 0.6108440170940171 0.7703373015873017 0.6074099511599512 0.7726266788766789 0.6039758852258853 0.7745344932844934 0.5997786935286936 0.7768238705738707 0.5967261904761905 0.7783501221001221 0.5925289987789989 0.7794948107448109 0.5887133699633701 0.7806394993894995 0.5829899267399269 0.782165750915751 0.5776480463980465 0.7829288766788768 0.5726877289377291 0.7833104395604397
1 0.6383165445665446 0.6612103174603176 0.6329746642246643 0.6539606227106227 0.6280143467643469 0.6459478021978023 0.627251221001221 0.643658424908425 0.6268696581196581 0.640224358974359 0.6261065323565325 0.637171855921856 0.6257249694749696 0.634119352869353 0.6257249694749696 0.6310668498168499 0.6264880952380953 0.6280143467643469 0.627251221001221 0.6253434065934067 0.6283959096459097 0.6230540293040294 0.6299221611721613 0.6196199633699635 0.6314484126984128 0.6173305860805861 0.6337377899877901 0.614659645909646 0.6360271672771673 0.6131333943833945 0.6379349816849818 0.6116071428571429 0.640224358974359 0.6104624542124543 0.6428952991452993 0.6100808913308914 0.6463293650793652 0.6100808913308914 0.6497634310134311 0.6104624542124543 0.6520528083028084 0.61122557997558 0.6543421855921856 0.6127518315018317 0.6577762515262516 0.6150412087912088 0.6600656288156289 0.6169490231990232 0.6623550061050062 0.6200015262515264 0.6646443833943835 0.6234355921855922 0.6665521978021979 0.6268696581196581 0.6680784493284494 0.6299221611721613 0.6688415750915752 0.6329746642246643 0.6696047008547009 0.6364087301587303 0.6699862637362639 0.6398427960927963 0.6703678266178268 0.6440399877899878 0.6703678266178268 0.6486187423687425 0.6703678266178268 0.6524343711843713 0.6688415750915752 0.6562500000000001 0.6665521978021979 0.659684065934066 0.6642628205128206 0.6623550061050062 0.6615918803418804 0.6646443833943835 0.6593025030525032 0.6665521978021979 0.6581578144078145 0.6669337606837609 0.6562500000000001 0.6676968864468865 0.6531974969474971 0.6680784493284494 0.6493818681318683 0.6676968864468865 0.6451846764346765 0.6657890720390721
0 0.45898199023199027 0.5711614774114775 0.4540216727716728 0.5658195970695972 0.44829822954822957 0.5593330280830282 0.4471535409035409 0.5570436507936508 0.4456272893772894 0.5543727106227107 0.4444826007326007 0.5517017704517706 0.4429563492063492 0.5486492673992676 0.4421932234432235 0.5463598901098902 0.4421932234432235 0.5440705128205129 0.4452457264957265 0.5425442612942615 0.44677197802197804 0.54368894993895 0.4479166666666667 0.5471230158730159 0.45058760683760685 0.5539911477411478 0.4524954212454213 0.5566620879120879 0.45936355311355315 0.5635302197802198 0.4612713675213675 0.5658195970695972 0.4624160561660562 0.5677274114774116 0.4639423076923077 0.5703983516483517 0.46623168498168505 0.5734508547008548 0.4673763736263737 0.576121794871795 0.4681394993894994 0.5791742979242981 0.4681394993894994 0.5814636752136753 0.46508699633699635 0.5810821123321124 0.4627976190476191 0.5776480463980465
0 0.5616224053724055 0.65357905982906 0.556280525030525 0.6463293650793652 0.550175518925519 0.6383165445665446 0.5490308302808304 0.6352640415140416 0.5475045787545788 0.6322115384615385 0.5471230158730159 0.6299221611721613 0.5486492673992676 0.6268696581196581 0.5524648962148964 0.6325931013431014 0.5539911477411478 0.6360271672771673 0.5551358363858365 0.6379349816849818 0.5604777167277167 0.6463293650793652 0.5623855311355312 0.6478556166056166 0.5658195970695972 0.6524343711843713 0.5673458485958487 0.6543421855921856 0.5688721001221002 0.6554868742368744 0.5703983516483517 0.6581578144078145 0.5681089743589745 0.659684065934066 0.5650564713064714 0.6581578144078145
0 0.3853403540903541 0.6818147130647131 0.38038003663003667 0.6871565934065935 0.37885378510378515 0.6894459706959708 0.37847222222222227 0.6917353479853481 0.37770909645909645 0.6936431623931625 0.37694597069597074 0.6959325396825398 0.37580128205128205 0.6989850427350428 0.3742750305250305 0.7024191086691087 0.372748778998779 0.7050900488400489 0.3719856532356533 0.7073794261294263 0.3712225274725275 0.7100503663003664 0.3704594017094018 0.7115766178266179 0.36817002442002444 0.7115766178266179 0.3674068986568987 0.7062347374847376 0.36817002442002444 0.7024191086691087 0.36969627594627597 0.6986034798534799 0.3708409645909646 0.6955509768009769 0.3719856532356533 0.692116910866911 0.3731303418803419 0.6890644078144079 0.3742750305250305 0.6860119047619049 0.3754197191697192 0.682577838827839 0.37694597069597074 0.679143772893773 0.37885378510378515 0.675709706959707 0.3807615995115995 0.6722756410256411 0.38495879120879123 0.6699862637362639 0.38686660561660563 0.6753281440781441
0 0.46432387057387065 0.8481761294261295 0.4544032356532357 0.8474130036630038 0.45211385836385837 0.8474130036630038 0.4490613553113553 0.8474130036630038 0.4460088522588523 0.8474130036630038 0.4433379120879121 0.8474130036630038 0.44104853479853484 0.8474130036630038 0.4383775946275946 0.8474130036630038 0.4353250915750916 0.8455051892551892 0.4368513431013431 0.8428342490842492 0.43875915750915756 0.8420711233211233 0.44104853479853484 0.8413079975579977 0.4444826007326007 0.8409264346764348 0.4479166666666667 0.8409264346764348 0.4517322954822955 0.8409264346764348 0.45554792429792434 0.8413079975579977 0.45974511599511597 0.8416895604395606 0.46432387057387065 0.8424526862026862 0.46852106227106227 0.8432158119658121 0.47233669108669113 0.8439789377289378 0.47577075702075705 0.8447420634920636 0.4769154456654457 0.8470314407814409 0.4696657509157509 0.8485576923076924
0 0.2994887057387058 0.556280525030525 0.2903311965811966 0.5547542735042736 0.28727869352869356 0.5547542735042736 0.2834630647130647 0.5539911477411478 0.27964743589743596 0.5539911477411478 0.27697649572649574 0.5536095848595849 0.2743055555555556 0.5528464590964591 0.2735424297924298 0.5497939560439561 0.27621336996337004 0.5490308302808304 0.2792658730158731 0.5486492673992676 0.2823183760683761 0.5486492673992676 0.28537087912087916 0.5486492673992676 0.2888049450549451 0.5490308302808304 0.2926205738705739 0.5497939560439561 0.2975808913308914 0.550175518925519 0.3013965201465202 0.5505570818070818 0.30406746031746035 0.5513202075702076 0.30750152625152627 0.5524648962148964 0.3105540293040293 0.5539911477411478 0.31284340659340665 0.556280525030525 0.3113171550671551 0.5589514652014653 0.3090277777777778 0.5593330280830282 0.305212148962149 0.5578067765567767
0 0.33115842490842495 0.4238782051282052 0.3174221611721612 0.4273122710622711 0.31475122100122105 0.42845695970695974 0.3124618437118437 0.4288385225885226 0.30940934065934067 0.4292200854700855 0.3067384004884005 0.4292200854700855 0.30406746031746035 0.4292200854700855 0.301778083028083 0.4292200854700855 0.3010149572649573 0.4269307081807082 0.3044490231990232 0.4246413308913309 0.30940934065934067 0.4238782051282052 0.31818528693528697 0.42158882783882784 0.330776862026862 0.4185363247863248 0.3345924908424909 0.41777319902319904 0.3376449938949939 0.4173916361416362 0.3395528083028083 0.4173916361416362 0.3376449938949939 0.42082570207570213
0 0.46356074481074483 0.4692841880341881 0.45631105006105005 0.47042887667887673 0.4524954212454213 0.4711920024420025 0.4498244810744811 0.47233669108669113 0.44677197802197804 0.47348137973137977 0.44486416361416364 0.4746260683760684 0.4421932234432235 0.47577075702075705 0.4402854090354091 0.47729700854700857 0.43723290598290604 0.47806013431013433 0.4345619658119658 0.47806013431013433 0.4315094627594628 0.47806013431013433 0.4296016483516484 0.47767857142857145 0.42845695970695974 0.4765338827838828 0.4311278998778999 0.47424450549450553 0.4357066544566545 0.47195512820512825 0.43914072039072044 0.4700473137973138 0.4429563492063492 0.4681394993894994 0.4471535409035409 0.46699481074481075 0.4517322954822955 0.46623168498168505 0.4551663614163614 0.46546855921855923 0.45745573870573875 0.46470543345543347 0.46088980463980467 0.46317918192918195 0.46470543345543347 0.46165293040293043 0.46852106227106227 0.46088980463980467 0.47195512820512825 0.4605082417582418 0.47424450549450553 0.4612713675213675 0.47195512820512825 0.46508699633699635
0 0.46508699633699635 0.34871031746031744 0.45287698412698413 0.35138125763125766 0.4490613553113553 0.3525259462759463 0.4452457264957265 0.3529075091575092 0.44257478632478636 0.353670634920635 0.43914072039072044 0.3548153235653236 0.4368513431013431 0.3551968864468865 0.4349435286935287 0.3563415750915751 0.43227258852258854 0.35824938949938956 0.42998321123321126 0.35939407814407814 0.4276938339438339 0.3578678266178266 0.42845695970695974 0.3548153235653236 0.4315094627594628 0.3529075091575092 0.4353250915750916 0.35176282051282054 0.43990384615384615 0.3509996947496948 0.4441010378510379 0.34985500610500614 0.44677197802197804 0.3490918803418804 0.45020604395604397 0.34794719169719174 0.4536401098901099 0.3468025030525031 0.45707417582417587 0.3456578144078144 0.45974511599511597 0.3452762515262516 0.46317918192918195 0.3445131257631258 0.46699481074481075 0.3433684371184372 0.4700473137973138 0.34260531135531136 0.472718253968254 0.3422237484737485 0.47615231990231993 0.3422237484737485 0.4795863858363859 0.3429868742368743 0.48111263736263743 0.3448946886446887 0.4795863858363859 0.3471840659340659 0.4746260683760684 0.34756562881562886 0.4700473137973138 0.34794719169719174
0 0.6495295698924732 0.5381255169561622 0.6417752274607114 0.5378670388751033 0.638415012406948 0.5381255169561622 0.6353132754342432 0.5391594292803971 0.633503928866832 0.5396763854425146 0.6314361042183624 0.5399348635235732 0.6291098014888338 0.5399348635235732 0.6270419768403639 0.5394179073614558 0.6244571960297767 0.5386424731182796 0.6226478494623656 0.5378670388751033 0.6203215467328371 0.5370916046319273 0.6182537220843672 0.5363161703887511 0.6161858974358975 0.5350237799834575 0.6154104631927212 0.5332144334160464 0.6172198097601325 0.5314050868486352 0.619546112489661 0.5308881306865177 0.6231648056244831 0.530629652605459 0.6291098014888338 0.5316635649296939 0.6329869727047146 0.5321805210918114 0.6355717535153019 0.5324389991728701 0.6389319685690654 0.5324389991728701 0.6425506617038875 0.5321805210918114 0.6448769644334161 0.5314050868486352 0.6482371794871795 0.5311466087675765 0.6518558726220017 0.5311466087675765 0.6546991315136477 0.5316635649296939 0.6570254342431762 0.5324389991728701 0.6593517369727048 0.5337313895781638 0.6601271712158809 0.535540736145575 0.6588347808105872 0.5370916046319273 0.6552160876757651 0.5378670388751033
0 0.28455851943755167 0.007986972704714664 0.2876602564102564 0.01289805624483046 0.2884356906534326 0.014965880893300271 0.28869416873449133 0.01703370554177008 0.2894696029776675 0.019360008271298617 0.29024503722084366 0.02168631100082715 0.29127894954507855 0.024271091811414413 0.2923128618693135 0.027372828784119126 0.2930882961124897 0.029440653432588938 0.29412220843672454 0.03280086848635238 0.29463916459884204 0.035127171215880916 0.2956730769230769 0.037970430107526904 0.2956730769230769 0.04055521091811417 0.29593155500413565 0.04391542597187761 0.2967069892473118 0.04701716294458232 0.2943806865177833 0.047534119106699774 0.2933467741935484 0.04494933829611251 0.2923128618693135 0.04133064516129035 0.29153742762613727 0.038487386269644354 0.29076199338296116 0.035385649296939645 0.29024503722084366 0.03254239040529365 0.2897280810587262 0.029699131513647663 0.2892111248966088 0.026855872622001675 0.28791873449131516 0.02375413564929696 0.2868848221670802 0.020652398676592246 0.28585090984284534 0.01780913978494626 0.2850754755996691 0.015482837055417722 0.2835246071133168 0.01289805624483046 0.28197373862696445 0.010830231596360651 0.2801643920595534 0.008245450785773389 0.2793889578163772 0.006177626137303579 0.27861352357320096 0.003592845326716318 0.27861352357320096 0.0028174110835401394 0.2806813482216708 0.0017834987593052345 0.28249069478908184 0.003592845326716318 0.28300765095119934 0.005660669975186128
1 0.7673955748552522 0.055805417700579014 0.7606751447477255 0.054254549214226656 0.7567979735318445 0.053220636889991756 0.7544716708023159 0.05244520264681558 0.7513699338296113 0.05089433416046321 0.7482681968569066 0.04934346567411086 0.7456834160463193 0.0477925971877585 0.743098635235732 0.04650020678246487 0.740255376344086 0.04494933829611251 0.7371536393713813 0.042881513647642706 0.734568858560794 0.0408136889991729 0.7322425558312655 0.03822890818858563 0.7301747311827957 0.035127171215880916 0.7270729942100911 0.0320254342431762 0.7244882133995038 0.029699131513647663 0.722420388751034 0.027372828784119126 0.7206110421836229 0.024788047973531863 0.7190601736972705 0.022203267162944604 0.7182847394540943 0.020135442514474796 0.7172508271298594 0.017292183622828805 0.716733870967742 0.014707402812241543 0.7172508271298594 0.012381100082713007 0.7180262613730356 0.00953784119106702 0.7180262613730356 0.007728494623655937 0.7169923490488006 0.005402191894127401 0.7164753928866833 0.0033343672456575915 0.7159584367245658 0.0010080645161290556 0.7159584367245658 0.0 0.7759253515301903 0.0002326302729528771 0.7782516542597189 0.0017834987593052345 0.7798025227460711 0.0030758891645988654 0.7821288254755997 0.004885235732009949 0.7831627377998346 0.006436104218362306 0.7852305624483045 0.008245450785773389 0.7867814309346568 0.009796319272125745 0.7880738213399504 0.011605665839536828 0.7893662117452441 0.013415012406947913 0.7906586021505377 0.015999793217535176 0.7919509925558313 0.01884305210918116 0.7927264267990074 0.021169354838709697 0.7937603391232424 0.024271091811414413 0.7940188172043011 0.02659739454094295 0.7945357733664186 0.02995760959470639 0.7947942514474773 0.033576302729528565 0.7947942514474773 0.036161083540115824 0.7947942514474773 0.03926282051282053 0.7945357733664186 0.0418476013234078 0.7935018610421837 0.04494933829611251 0.7924679487179488 0.04727564102564105 0.7906586021505377 0.04856803143093468 0.7888492555831266 0.05115281224152194 0.7870399090157155 0.052703680727874305 0.7844551282051282 0.054513027295285385 0.7816118693134821 0.055805417700579014 0.7790270885028949 0.056580851943755194 0.7754083953680728 0.057097808105872644 0.7712727460711332 0.056580851943755194
1 0.6771867245657569 0.164366211745244 0.6748604218362284 0.1622983870967742 0.6738265095119934 0.16100599669148058 0.6727925971877585 0.15945512820512822 0.6717586848635235 0.15816273779983459 0.6704662944582299 0.15661186931348223 0.6691739040529363 0.1542855665839537 0.6683984698097603 0.15221774193548387 0.6668476013234078 0.1496329611248966 0.6655552109181142 0.14782361455748555 0.6642628205128206 0.14575578990901572 0.6627119520264682 0.14317100909842845 0.6616780397022333 0.1405862282878412 0.6609026054590571 0.1356751447477254 0.6603856492969397 0.13153949545078578 0.6603856492969397 0.1286962365591398 0.6606441273779985 0.12404363110008272 0.6609026054590571 0.11939102564102565 0.6614195616211745 0.11577233250620349 0.6614195616211745 0.11267059553349877 0.6621949958643507 0.10931038047973533 0.6629704301075269 0.10569168734491316 0.6642628205128206 0.10362386269644336 0.6660721670802316 0.10258995037220846 0.667623035566584 0.10181451612903226 0.6702078163771713 0.10000516956162118 0.6722756410256411 0.09897125723738628 0.6748604218362284 0.09767886683209265 0.6771867245657569 0.09690343258891647 0.678996071133168 0.09690343258891647 0.6815808519437552 0.09793734491315137 0.6841656327543425 0.09871277915632756 0.6864919354838711 0.099229735318445 0.6893351943755169 0.099229735318445 0.6919199751861043 0.09897125723738628 0.6937293217535153 0.09897125723738628 0.6965725806451614 0.09897125723738628 0.6988988833746899 0.099229735318445 0.7004497518610422 0.09974669148056246 0.7025175765095121 0.10078060380479736 0.7045854011579818 0.10181451612903226 0.7061362696443342 0.10284842845326718 0.7084625723738628 0.10439929693961952 0.7107888751033913 0.10646712158808934 0.7128566997518611 0.10827646815550042 0.7151830024813896 0.11060277088502897 0.7172508271298594 0.11267059553349877 0.7193186517783292 0.11525537634408603 0.7213864764267991 0.11835711331679075 0.7226788668320927 0.12120037220843674 0.724229735318445 0.123785153019024 0.7250051695616212 0.12585297766749381 0.7255221257237386 0.12843775847808106 0.7255221257237386 0.1317979735318445 0.7260390818858561 0.1356751447477254 0.7260390818858561 0.13851840363937137 0.7257806038047974 0.14110318444995865 0.72526364764268 0.14265405293631103 0.724229735318445 0.14472187758478083 0.7234543010752688 0.14782361455748555 0.722420388751034 0.1491160049627792 0.7213864764267991 0.151183829611249 0.7195771298593879 0.1532516542597188 0.7182847394540943 0.15480252274607112 0.716733870967742 0.1563533912324235 0.7151830024813896 0.15790425971877584 0.7133736559139785 0.15945512820512822 0.7107888751033913 0.16074751861042186 0.7079456162117452 0.1622983870967742 0.7058777915632756 0.16359077750206782 0.703551488833747 0.16462468982630274 0.7009667080231596 0.16488316790736146 0.6994158395368074 0.164366211745244 0.6973480148883375 0.1641077336641853 0.6947632340777503 0.1641077336641853 0.6924369313482217 0.16488316790736146 0.691144540942928 0.16565860215053763 0.6890767162944583 0.1661755583126551 0.6870088916459884 0.16643403639371385 0.6841656327543425 0.1661755583126551 0.680805417700579 0.16565860215053763
1 0.8074596774193549 0.2930882961124897 0.8038409842845327 0.29050351530190244 0.8028070719602979 0.2892111248966088 0.8009977253928867 0.28610938792390406 0.7994468569065344 0.28326612903225806 0.7984129445822995 0.28042287014061207 0.797895988420182 0.27835504549214224 0.7973790322580645 0.275770264681555 0.7971205541770059 0.27344396195202647 0.7966035980148883 0.2706007030603805 0.7963451199338297 0.26749896608767576 0.7963451199338297 0.26465570719602977 0.7963451199338297 0.26129549214226633 0.7963451199338297 0.2581937551695616 0.7966035980148883 0.25560897435897434 0.7971205541770059 0.2532826716294458 0.7981544665012408 0.25069789081885857 0.7994468569065344 0.24785463192721258 0.8004807692307693 0.2450113730355666 0.8017731596360629 0.24242659222497934 0.8030655500413565 0.23984181141439206 0.8038409842845327 0.23777398676592224 0.8051333746898263 0.23596464019851118 0.8066842431761787 0.2341552936311001 0.8090105459057072 0.23286290322580647 0.8121122828784119 0.23079507857733664 0.8146970636889992 0.229502688172043 0.816764888337469 0.22924421009098428 0.8193496691480563 0.229502688172043 0.8214174937965261 0.23079507857733664 0.8237437965260546 0.23131203473945408 0.828137923904053 0.23131203473945408 0.8320150951199339 0.2310535566583954 0.8338244416873449 0.23131203473945408 0.8364092224979323 0.23260442514474772 0.8387355252274608 0.2341552936311001 0.8402863937138131 0.23570616211745243 0.842354218362283 0.23751550868486354 0.844163564929694 0.23958333333333334 0.8454559553349876 0.24165115798180314 0.8475237799834575 0.2450113730355666 0.8490746484698097 0.24863006617038874 0.849850082712986 0.2522487593052109 0.8506255169561622 0.2553504962779157 0.8506255169561622 0.2589691894127378 0.8503670388751033 0.26310483870967744 0.849850082712986 0.2662065756823821 0.8495916046319272 0.2682744003308519 0.8490746484698097 0.271117659222498 0.8488161703887511 0.2739609181141439 0.8488161703887511 0.27628722084367247 0.848040736145575 0.27887200165425974 0.8467483457402812 0.28197373862696445 0.8454559553349876 0.284300041356493 0.8436466087675766 0.28610938792390406 0.841320306038048 0.2884356906534326 0.8395109594706369 0.29050351530190244 0.837443134822167 0.2925713399503722 0.8353753101736973 0.2943806865177833 0.8333074855252275 0.2956730769230769 0.8312396608767577 0.2969654673283706 0.8286548800661705 0.2979993796526054 0.8258116211745244 0.2982578577336642 0.8227098842018197 0.2982578577336642 0.819608147229115 0.2985163358147229 0.8170233664185278 0.2985163358147229 0.8136631513647643 0.297482423490488 0.8103029363110008 0.29593155500413565
1 0.9237748138957816 0.2439774607113317 0.9198976426799008 0.24061724565756826 0.9173128618693135 0.23777398676592224 0.9160204714640199 0.23544768403639374 0.9149865591397849 0.2333798593879239 0.9142111248966087 0.23182899090157155 0.9134356906534327 0.229502688172043 0.9124017783291977 0.22665942928039703 0.912143300248139 0.22407464846980976 0.9116263440860215 0.2214898676592225 0.9113678660049628 0.2194220430107527 0.9113678660049628 0.21735421836228289 0.912143300248139 0.2155448717948718 0.9129187344913151 0.21321856906534326 0.9139526468155501 0.21140922249793218 0.9160204714640199 0.20856596360628618 0.9183467741935484 0.20598118279569894 0.9217069892473119 0.20365488006617039 0.9242917700578991 0.20236248966087675 0.9279104631927212 0.20132857733664186 0.9304952440033085 0.2005531430934657 0.9333385028949546 0.19951923076923078 0.9359232837055418 0.19951923076923078 0.9400589330024814 0.19951923076923078 0.9429021918941274 0.19951923076923078 0.946003928866832 0.20003618693134823 0.9480717535153019 0.2005531430934657 0.9511734904880066 0.20184553349875933 0.9534997932175352 0.20287944582299422 0.9560845740281224 0.20391335814722913 0.9589278329197684 0.20546422663358146 0.9617710918114144 0.20727357320099257 0.9643558726220017 0.2088244416873449 0.966940653432589 0.2103753101736973 0.9692669561621174 0.21296009098428453 0.9713347808105872 0.21476943755169564 0.9731441273779983 0.2176126964433416 0.9749534739454095 0.22071443341604632 0.9762458643507032 0.22407464846980976 0.9767628205128206 0.22691790736145573 0.9767628205128206 0.2302781224152192 0.9767628205128206 0.23363833746898263 0.9762458643507032 0.2362231182795699 0.9752119520264682 0.2382909429280397 0.9739195616211745 0.2403587675765095 0.9726271712158809 0.2421681141439206 0.9713347808105872 0.2439774607113317 0.969783912324235 0.24630376344086022 0.9684915219189414 0.2481131100082713 0.9671991315136477 0.2501809346567411 0.9653897849462365 0.2527657154673284 0.9638389164598843 0.25354114971050457 0.961254135649297 0.2548335401157982 0.9581523986765923 0.25586745244003306 0.9547921836228288 0.25612593052109184 0.9519489247311828 0.25586745244003306 0.949881100082713 0.25560897435897434 0.9467793631100083 0.2550920181968569 0.9436776261373035 0.25431658395368073 0.9410928453267163 0.2532826716294458 0.9382495864350703 0.2522487593052109 0.9351478494623656 0.2509563688999173 0.9317876344086021 0.24940550041356493 0.92816894127378 0.24785463192721258
1 0.9056813482216709 0.3693393300248139 0.9015456989247312 0.36597911497105046 0.8999948304383788 0.3646867245657568 0.897927005789909 0.362618899917287 0.8966346153846154 0.3608095533498759 0.8958591811414393 0.35822477253928864 0.8956007030603804 0.35615694789081886 0.8956007030603804 0.35331368899917287 0.8956007030603804 0.3507289081885856 0.8961176592224979 0.3481441273779983 0.8966346153846154 0.34607630272952855 0.8976685277088503 0.3440084780810587 0.8984439619520265 0.3424576095947064 0.8999948304383788 0.34038978494623656 0.90180417700579 0.3383219602977668 0.9038720016542597 0.3365126137303556 0.9056813482216709 0.3349617452440033 0.9072322167080231 0.3336693548387097 0.9095585194375517 0.332376964433416 0.912143300248139 0.3310845740281224 0.9142111248966087 0.33030913978494625 0.9170543837882548 0.3295337055417701 0.9209315550041357 0.32901674937965264 0.9240332919768404 0.32849979321753514 0.9276519851116626 0.3279828370554177 0.9304952440033085 0.327724358974359 0.933855459057072 0.32746588089330025 0.936698717948718 0.32746588089330025 0.9392834987593053 0.32746588089330025 0.9423852357320099 0.327724358974359 0.9454869727047146 0.32875827129859386 0.9485887096774194 0.3295337055417701 0.9514319685690654 0.3308260959470637 0.9537582712985938 0.332376964433416 0.9560845740281224 0.3339278329197684 0.9581523986765923 0.33599565756823824 0.9599617452440034 0.3383219602977668 0.9615126137303557 0.340906741108354 0.963063482216708 0.3445254342431762 0.9633219602977668 0.3481441273779983 0.9625465260545906 0.3512458643507031 0.9615126137303557 0.3546060794044665 0.9604787014061208 0.35719086021505375 0.9594447890818859 0.35900020678246486 0.9578939205955336 0.36106803143093463 0.9568600082712987 0.362618899917287 0.9553091397849462 0.36442824648469807 0.9537582712985938 0.36597911497105046 0.947037841191067 0.3693393300248139 0.941351323407775 0.37114867659222495 0.9395419768403639 0.37192411083540117 0.9372156741108354 0.37269954507857733 0.9348893713813069 0.3732165012406948 0.9317876344086021 0.3737334574028122 0.9299782878411911 0.37399193548387094 0.9279104631927212 0.37399193548387094 0.9261011166253101 0.37399193548387094 0.922482423490488 0.3737334574028122 0.9193806865177833 0.3737334574028122 0.9162789495450786 0.3732165012406948 0.9129187344913151 0.3724410669975186 0.9095585194375517 0.37114867659222495
1 0.8193496691480563 0.43473428453267166 0.813921629445823 0.43292493796526055 0.8121122828784119 0.4324079818031431 0.8095275020678246 0.43137406947890816 0.8072011993382961 0.4303401571546733 0.8053918527708851 0.4290477667493796 0.802548593879239 0.42697994210090984 0.8002222911497106 0.42542907361455745 0.7984129445822995 0.4236197270471464 0.7968620760959471 0.42129342431761785 0.7958281637717123 0.4192255996691481 0.7947942514474773 0.4168992969396195 0.7942772952853598 0.414572994210091 0.7937603391232424 0.4122466914805624 0.7929849048800662 0.40966191066997515 0.7927264267990074 0.4075940860215054 0.7927264267990074 0.40578473945409427 0.7927264267990074 0.40449234904880066 0.793243382961125 0.4024245244003309 0.7947942514474773 0.4006151778329198 0.7960866418527709 0.3982888751033912 0.7981544665012408 0.39596257237386273 0.7997053349875931 0.39467018196856907 0.8017731596360629 0.3941532258064516 0.8040994623655915 0.39337779156327546 0.8072011993382961 0.3923438792390405 0.8095275020678246 0.3920854011579818 0.8123707609594707 0.3918269230769231 0.8152140198511167 0.39156844499586435 0.8180572787427626 0.39156844499586435 0.8201251033912325 0.39156844499586435 0.8219344499586435 0.39156844499586435 0.8245192307692307 0.3920854011579818 0.827104011579818 0.39286083540115796 0.8294303143093467 0.3936362696443342 0.8320150951199339 0.39467018196856907 0.8348583540115798 0.39596257237386273 0.8371846567411084 0.39725496277915634 0.8395109594706369 0.39880583126550867 0.8415787841191068 0.40009822167080233 0.8433881306865179 0.40164909015715466 0.8449389991728702 0.4034584367245657 0.8464898676592225 0.40552626137303555 0.8482992142266336 0.40836952026468154 0.8490746484698097 0.41043734491315137 0.8501085607940447 0.4127636476426799 0.8506255169561622 0.4156069065343259 0.8511424731182796 0.4189671215880893 0.8511424731182796 0.4210349462365591 0.8508839950372208 0.42258581472291146 0.849850082712986 0.42491211745244 0.8493331265508686 0.42723842018196856 0.8485576923076923 0.4290477667493796 0.8472653019023987 0.4308571133167908 0.8459729114971051 0.4316325475599669 0.8436466087675766 0.4331834160463192 0.8418372622001654 0.4344758064516129 0.8395109594706369 0.4352512406947891 0.8371846567411084 0.43602667493796526 0.8343413978494624 0.4365436311000827 0.8312396608767577 0.43706058726220015 0.8265870554177006 0.43706058726220015 0.823485318444996 0.4365436311000827
1 0.7389629859387924 0.42129342431761785 0.7358612489660877 0.42542907361455745 0.7337934243176178 0.4274968982630273 0.7314671215880894 0.4290477667493796 0.7293992969396196 0.430598635235732 0.7260390818858561 0.4321495037220844 0.7226788668320927 0.4337003722084367 0.7188016956162119 0.43395885028949543 0.7131151778329198 0.433441894127378 0.7094964846980977 0.4326664598842018 0.705360835401158 0.43111559139784944 0.700708229942101 0.42930624483043833 0.6960556244830439 0.4274968982630273 0.6932123655913979 0.4264629859387924 0.6877843258891647 0.4246536393713813 0.6844241108354012 0.4238782051282051 0.6813223738626966 0.4228442928039702 0.6738265095119934 0.4176747311827957 0.6727925971877585 0.4156069065343259 0.6712417287014062 0.41405603804797353 0.6686569478908189 0.411729735318445 0.6663306451612904 0.40914495450785776 0.6652967328370554 0.4073356079404466 0.6642628205128206 0.40552626137303555 0.6619365177832921 0.40139061207609594 0.659093258891646 0.39622105045492145 0.6541821753515303 0.387174317617866 0.6523728287841191 0.381487799834574 0.6518558726220017 0.376835194375517 0.651597394540943 0.3724410669975186 0.6513389164598843 0.36701302729528534 0.6526313068651779 0.36236042183622824 0.6559915219189414 0.35874172870140614 0.6596102150537635 0.3558984698097601 0.6627119520264682 0.355123035566584 0.6663306451612904 0.355123035566584 0.6686569478908189 0.3538306451612903 0.6717586848635235 0.3525382547559967 0.6756358560794045 0.3517628205128205 0.680805417700579 0.3512458643507031 0.6851995450785774 0.3509873862696444 0.6906275847808107 0.3517628205128205 0.6970895368072788 0.35305521091811415 0.7025175765095121 0.35486455748552526 0.7061362696443342 0.35615694789081886 0.7102719189412738 0.3579662944582299 0.7131151778329198 0.359775641025641 0.7154414805624484 0.3613265095119934 0.7177677832919769 0.36313585607940446 0.7208695202646815 0.365462158808933 0.724229735318445 0.36778846153846156 0.7270729942100911 0.3708901985111662 0.7301747311827957 0.37502584780810583 0.7335349462365592 0.37890301902398676 0.7353442928039703 0.3817462779156327 0.7374121174524401 0.3848480148883375 0.7392214640198511 0.38820822994210086 0.7410308105872622 0.39130996691480563 0.7423232009925559 0.3938947477253929 0.7436155913978495 0.39699648469809756 0.7441325475599669 0.3998397435897436 0.7441325475599669 0.4019075682382134 0.7441325475599669 0.40449234904880066 0.7433571133167908 0.4073356079404466 0.7425816790736146 0.41043734491315137 0.7418062448304384 0.4135390818858561 0.7407723325062036 0.4168992969396195
1 0.7149245244003309 0.6280758891645989 0.7094964846980977 0.6247156741108354 0.708204094292804 0.6236817617866006 0.7058777915632756 0.6223893713813069 0.7038099669148057 0.6210969809760133 0.7014836641852771 0.6182537220843672 0.6973480148883375 0.6136011166253101 0.6955386683209265 0.6110163358147229 0.6945047559966915 0.6092069892473119 0.6932123655913979 0.607139164598842 0.692178453267163 0.6055882961124898 0.6916614971050455 0.6027450372208437 0.6908860628618694 0.6004187344913152 0.6903691066997519 0.5983509098428453 0.6895936724565758 0.5957661290322581 0.6893351943755169 0.5931813482216709 0.6893351943755169 0.5908550454921423 0.6893351943755169 0.5880117866004964 0.6895936724565758 0.5862024400330853 0.6906275847808107 0.583617659222498 0.6919199751861043 0.5812913564929694 0.6932123655913979 0.5799989660876758 0.6955386683209265 0.5776726633581473 0.6976064929693961 0.57508788254756 0.6991573614557486 0.5743124483043839 0.7012251861042185 0.5735370140612076 0.705360835401158 0.5730200578990902 0.708204094292804 0.5730200578990902 0.7100134408602151 0.573278535980149 0.7118227874276262 0.5737954921422664 0.7141490901571548 0.5745709263854426 0.715699958643507 0.57508788254756 0.7175093052109182 0.5761217948717949 0.7193186517783292 0.5768972291149711 0.7211279983457403 0.5781896195202647 0.7237127791563276 0.5799989660876758 0.7257806038047974 0.5818083126550868 0.7278484284532672 0.5838761373035567 0.7301747311827957 0.5859439619520265 0.7319840777502068 0.5877533085194375 0.7335349462365592 0.5895626550868486 0.7353442928039703 0.5921474358974359 0.7374121174524401 0.594990694789082 0.7387045078577337 0.5970585194375517 0.7397384201819686 0.599643300248139 0.7407723325062036 0.6022280810587263 0.7415477667493796 0.6048128618693135 0.7420647229114972 0.6076561207609594 0.7425816790736146 0.6110163358147229 0.7428401571546732 0.613859594706369 0.743098635235732 0.6161858974358975 0.7428401571546732 0.6185122001654261 0.7418062448304384 0.6210969809760133 0.7397384201819686 0.624198717948718 0.7371536393713813 0.6262665425971878 0.7353442928039703 0.6280758891645989 0.7332764681555004 0.6296267576509512 0.7293992969396196 0.6304021918941274 0.7265560380479736 0.6306606699751861 0.7231958229942101 0.6306606699751861 0.7206110421836229 0.6304021918941274 0.7172508271298594 0.6293682795698925
1 0.849850082712986 0.7976375103391233 0.848040736145575 0.7955696856906534 0.8464898676592225 0.7929849048800662 0.8454559553349876 0.7916925144747726 0.8451974772539289 0.7904001240694789 0.8454559553349876 0.7880738213399504 0.8457144334160464 0.7854890405293631 0.8464898676592225 0.7829042597187759 0.84700682382134 0.7805779569892474 0.8477822580645161 0.7782516542597189 0.8485576923076923 0.776183829611249 0.8495916046319272 0.7741160049627792 0.8506255169561622 0.7720481803143093 0.8534687758478081 0.7692049214226634 0.8555366004962779 0.7676540529363111 0.8576044251447478 0.7663616625310173 0.8599307278742763 0.7653277502067826 0.8627739867659223 0.7637768817204301 0.8656172456575683 0.7627429693961952 0.868718982630273 0.7619675351530191 0.8720791976840364 0.7614505789909016 0.8759563688999173 0.7606751447477255 0.8785411497105046 0.760158188585608 0.8808674524400331 0.7598997105045492 0.8844861455748553 0.759124276261373 0.886553970223325 0.7588657981803144 0.8893972291149711 0.7593827543424319 0.892240488006617 0.760158188585608 0.8948252688172043 0.7614505789909016 0.8974100496277916 0.7632599255583127 0.8994778742762614 0.7645523159636063 0.9023211331679074 0.7663616625310173 0.9041304797353185 0.7676540529363111 0.9059398263027295 0.7694633995037221 0.907490694789082 0.7712727460711332 0.9085246071133167 0.7733405707196029 0.9098169975186104 0.7754083953680728 0.9105924317617866 0.7774762200165426 0.9113678660049628 0.7803194789081885 0.9116263440860215 0.7834212158808934 0.9116263440860215 0.7854890405293631 0.9113678660049628 0.7880738213399504 0.9105924317617866 0.7914340363937138 0.9098169975186104 0.7937603391232424 0.9087830851943756 0.7960866418527709 0.907490694789082 0.7984129445822995 0.9056813482216709 0.800739247311828 0.9043889578163772 0.8020316377171216 0.902579611248966 0.8033240281224152 0.8999948304383788 0.8048748966087677 0.8974100496277916 0.8059088089330025 0.8945667907361456 0.8069427212572374 0.8919820099255583 0.8074596774193549 0.8888802729528537 0.8079766335814723 0.8862954921422664 0.8084935897435898 0.8824183209263855 0.8087520678246486 0.8780241935483871 0.8087520678246486 0.8746639784946237 0.8087520678246486 0.8723376757650951 0.8084935897435898 0.8700113730355666 0.8077181555004136 0.866909636062862 0.8069427212572374 0.8643248552522746 0.8061672870140613 0.861998552522746 0.8051333746898263 0.860189205955335 0.8043579404466501 0.8578629032258065 0.8033240281224152 0.8557950785773367 0.802548593879239 0.8534687758478081 0.8009977253928867
1 0.8842276674937966 0.9111093879239041 0.8816428866832093 0.9077491728701406 0.8806089743589743 0.9059398263027295 0.8795750620347395 0.903613523573201 0.879058105872622 0.90180417700579 0.8782826716294458 0.8997363523573202 0.877248759305211 0.8974100496277916 0.8767318031430934 0.8950837468982631 0.8756978908188586 0.8927574441687346 0.8749224565756824 0.8909480976013234 0.8746639784946237 0.8896557071960297 0.8741470223325062 0.88758788254756 0.8733715880893301 0.8850031017369727 0.8731131100082713 0.8824183209263855 0.8725961538461539 0.8798335401157983 0.8725961538461539 0.8767318031430934 0.8725961538461539 0.8744055004135649 0.8725961538461539 0.8720791976840364 0.8728546319272126 0.8689774607113316 0.8733715880893301 0.865875723738627 0.8738885442514476 0.8632909429280397 0.8749224565756824 0.8609646401985113 0.8764733250620348 0.8576044251447478 0.8777657154673284 0.8555366004962779 0.8800920181968569 0.8539857320099257 0.8824183209263855 0.852693341604632 0.8844861455748553 0.8519179073614558 0.886553970223325 0.8514009511993383 0.8899141852770885 0.8514009511993383 0.8937913564929694 0.8521763854425145 0.8971515715467329 0.8532102977667494 0.9046474358974359 0.8552781224152193 0.9111093879239041 0.8578629032258065 0.9142111248966087 0.8588968155500414 0.9170543837882548 0.860189205955335 0.919639164598842 0.8617400744416874 0.922482423490488 0.8632909429280397 0.9250672043010754 0.8648418114143921 0.9276519851116626 0.8661342018196857 0.9294613316790736 0.8674265922249794 0.9312706782464847 0.8692359387923905 0.9333385028949546 0.8710452853598015 0.9354063275434243 0.8736300661703887 0.9377326302729528 0.8756978908188586 0.9387665425971878 0.8769902812241522 0.9400589330024814 0.8793165839536807 0.9410928453267163 0.8826767990074441 0.9421267576509512 0.884744623655914 0.9434191480562448 0.8878463606286187 0.944194582299421 0.890431141439206 0.9449700165425973 0.8930159222497932 0.9462624069478909 0.8966346153846154 0.9472963192721257 0.9010287427626138 0.9480717535153019 0.9049059139784946 0.9485887096774194 0.9090415632754342 0.9488471877584781 0.9126602564102565 0.9488471877584781 0.9162789495450786 0.9488471877584781 0.9188637303556658 0.9480717535153019 0.9217069892473119 0.9467793631100083 0.9248087262200165 0.9454869727047146 0.9279104631927212 0.944194582299421 0.9299782878411911 0.9423852357320099 0.9317876344086021 0.9405758891645989 0.9335969809760133 0.9377326302729528 0.9348893713813069 0.9346308933002482 0.9354063275434243 0.9307537220843672 0.9354063275434243 0.927135028949545 0.9354063275434243 0.9242917700578991 0.9351478494623656 0.9219654673283705 0.9343724152191893 0.9183467741935484 0.9330800248138957 0.9149865591397849 0.9317876344086021 0.9118848221670802 0.9304952440033085 0.90180417700579 0.9268765508684864 0.8935328784119106 0.9217069892473119 0.892240488006617 0.9204145988420183 0.8909480976013234 0.9188637303556658 0.8896557071960297 0.9173128618693135 0.8883633167907361 0.9155035153019023
1 0.9483302315963607 0.7878153432588917 0.9416098014888338 0.7831627377998346 0.9405758891645989 0.7813533912324235 0.9392834987593053 0.7790270885028949 0.9379911083540117 0.7759253515301903 0.9361817617866006 0.7730820926385443 0.9346308933002482 0.7707557899090157 0.9330800248138957 0.7681710090984285 0.9312706782464847 0.7655862282878412 0.9304952440033085 0.7635184036393714 0.9297198097601325 0.7611921009098429 0.9299782878411911 0.7596412324234905 0.9317876344086021 0.7593827543424319 0.9335969809760133 0.7619675351530191 0.9354063275434243 0.7635184036393714 0.9372156741108354 0.7642938378825476 0.9377326302729528 0.7611921009098429 0.9374741521918942 0.7596412324234905 0.936698717948718 0.7580903639371381 0.9364402398676592 0.7560225392886684 0.9361817617866006 0.7539547146401985 0.9359232837055418 0.75162841191067 0.9359232837055418 0.7490436311000828 0.9364402398676592 0.7474927626137303 0.9372156741108354 0.7459418941273781 0.9395419768403639 0.7438740694789082 0.9408343672456575 0.7428401571546732 0.9431606699751861 0.7420647229114972 0.9465208850289496 0.7420647229114972 0.950915012406948 0.7418062448304384 0.9532413151364765 0.7418062448304384 0.9566015301902399 0.7418062448304384 0.9622880479735318 0.7415477667493796 0.9651313068651779 0.7418062448304384 0.9674576095947064 0.7423232009925559 0.9700423904052936 0.7436155913978495 0.9723686931348222 0.7449079818031431 0.9736610835401158 0.7462003722084367 0.9749534739454095 0.7485266749379653 0.9767628205128206 0.7503360215053764 0.9783136889991728 0.7524038461538463 0.9796060794044664 0.7547301488833748 0.9808984698097601 0.7575734077750208 0.9821908602150538 0.760158188585608 0.9832247725392887 0.7624844913151365 0.9837417287014062 0.7655862282878412 0.9842586848635235 0.7686879652605458 0.9842586848635235 0.7720481803143093 0.9842586848635235 0.7754083953680728 0.9842586848635235 0.7787686104218363 0.9834832506203474 0.781870347394541 0.9821908602150538 0.7849720843672456 0.9803815136476427 0.7878153432588917 0.9780552109181142 0.7888492555831266 0.9752119520264682 0.7893662117452441 0.9721102150537635 0.7896246898263027 0.9700423904052936 0.7898831679073616 0.9666821753515301 0.7901416459884202 0.9640973945409429 0.7901416459884202 0.9609956575682382 0.7901416459884202 0.9576354425144747 0.7898831679073616 0.9532413151364765 0.7891077336641853
1 0.6580593465674112 0.991496071133168 0.6596102150537635 0.985809553349876 0.6609026054590571 0.9834832506203474 0.6624534739454095 0.9808984698097601 0.6640043424317618 0.9788306451612904 0.6660721670802316 0.9754704301075269 0.667623035566584 0.9734026054590571 0.669432382133995 0.9710763027295286 0.6717586848635235 0.96875 0.6740849875930521 0.9664236972704715 0.676152812241522 0.9653897849462365 0.6782206368899917 0.9646143507030605 0.6805469396195203 0.9646143507030605 0.6841656327543425 0.9643558726220017 0.6864919354838711 0.9643558726220017 0.6890767162944583 0.9648728287841191 0.6919199751861043 0.9664236972704715 0.693987799834574 0.9677160876757651 0.6965725806451614 0.9695254342431762 0.6986404052936311 0.9713347808105872 0.7004497518610422 0.9736610835401158 0.7025175765095121 0.9767628205128206 0.7038099669148057 0.9793476013234078 0.7048438792390406 0.9824493382961125 0.705360835401158 0.985809553349876 0.7058777915632756 0.9891697684036395 0.7061362696443342 0.9925299834574027 0.7063947477253929 0.9945978081058726 0.7066532258064516 0.9966656327543425 0.7066532258064516 0.9989583333333333 0.7048438792390406 0.9989583333333333 0.6580593465674112 0.9989583333333333 0.6570254342431762 0.9966656327543425
1 0.8961805555555556 0.1392361111111111 0.892361111111111 0.13472222222222224 0.8909722222222223 0.13194444444444445 0.8895833333333333 0.12916666666666668 0.8885416666666667 0.12569444444444444 0.888888888888889 0.12083333333333333 0.890625 0.11597222222222221 0.8927083333333333 0.1125 0.8944444444444444 0.11006944444444446 0.8975694444444444 0.10763888888888888 0.9010416666666666 0.10520833333333333 0.9041666666666667 0.10347222222222222 0.9083333333333333 0.10208333333333333 0.9125 0.10069444444444445 0.9170138888888889 0.09965277777777778 0.920138888888889 0.09861111111111112 0.9239583333333333 0.09791666666666667 0.929861111111111 0.09722222222222222 0.9347222222222222 0.09652777777777778 0.9378472222222223 0.09652777777777778 0.9423611111111111 0.09652777777777778 0.9465277777777777 0.09722222222222222 0.9503472222222222 0.09791666666666667 0.9545138888888889 0.09895833333333333 0.9586805555555556 0.1 0.9618055555555556 0.10208333333333333 0.9677083333333333 0.10590277777777778 0.9697916666666667 0.10729166666666666 0.9711805555555556 0.10902777777777778 0.9729166666666667 0.11145833333333334 0.9743055555555556 0.11423611111111112 0.9756944444444444 0.11770833333333333 0.9774305555555556 0.12048611111111111 0.9784722222222223 0.12395833333333334 0.9791666666666666 0.12604166666666666 0.9795138888888889 0.12881944444444446 0.9795138888888889 0.13159722222222223 0.978125 0.13506944444444444 0.9756944444444444 0.13819444444444443 0.9732638888888889 0.14027777777777778 0.9684027777777777 0.14375 0.9645833333333333 0.14652777777777776 0.960763888888889 0.14895833333333333 0.9572916666666667 0.15069444444444444 0.953125 0.15277777777777776 0.9482638888888889 0.1545138888888889 0.9440972222222223 0.15520833333333334 0.9395833333333333 0.15520833333333334 0.934375 0.15416666666666667 0.9305555555555556 0.15277777777777776 0.9267361111111111 0.1517361111111111 0.9232638888888889 0.15069444444444444 0.9197916666666667 0.15 0.9180555555555556 0.14930555555555555 0.9145833333333333 0.1482638888888889 0.9114583333333334 0.14652777777777776 0.9055555555555556 0.14444444444444443 0.9010416666666666 0.1420138888888889
0 0.9422482332155476 0.1258465842167256 0.927893109540636 0.12731890459363962 0.9223719081272085 0.1280550647820966 0.9190591872791518 0.12879122497055362 0.9164826266195524 0.12915930506478213 0.9105933451118964 0.1284231448763251 0.9072806242638397 0.1280550647820966 0.9050721436984688 0.1276869846878681 0.9047040636042403 0.12511042402826858 0.9069125441696112 0.12363810365135455 0.9087529446407537 0.12253386336866905 0.9116975853945818 0.12179770318021203 0.9153783863368669 0.12179770318021203 0.9186911071849234 0.12216578327444054 0.9220038280329799 0.12216578327444054 0.9267888692579506 0.12179770318021203 0.932310070671378 0.12106154299175503 0.9363589517078916 0.12069346289752653 0.9400397526501767 0.12032538280329802 0.9433524734982331 0.11995730270906951 0.9477694346289752 0.119589222614841 0.9521863957597173 0.119589222614841 0.9569714369846878 0.119589222614841 0.9613883981154299 0.12032538280329802 0.9610203180212014 0.12216578327444054 0.9591799175500589 0.12327002355712606 0.9551310365135454 0.12437426383981157 0.9470332744405182 0.1258465842167256
0 0.692689929328622 0.1184849823321555 0.6948984098939929 0.1269508244994111 0.6952664899882214 0.1298954652532391 0.6952664899882214 0.13247202591283866 0.6960026501766784 0.1357847467608952 0.6960026501766784 0.13946554770318023 0.6967388103651354 0.14241018845700829 0.697106890459364 0.1449867491166078 0.697106890459364 0.14793138987043583 0.697106890459364 0.15161219081272087 0.697106890459364 0.15529299175500594 0.6934260895170788 0.1512441107184924 0.6930580094228505 0.14903563015312135 0.692689929328622 0.14609098939929333 0.6919537691401648 0.1431463486454653 0.6915856890459364 0.14020170789163725 0.6908495288574793 0.1361528268551237 0.6897452885747939 0.13136778563015314 0.6897452885747939 0.1265827444051826 0.6882729681978799 0.12253386336866905 0.6871687279151943 0.118853062426384 0.6864325677267372 0.11517226148409897 0.6860644876325088 0.11296378091872795 0.6856964075382803 0.10965106007067141 0.6864325677267372 0.10744257950530038 0.6871687279151943 0.10670641931684338 0.6890091283863369 0.10707449941107187 0.6901133686690224 0.11038722025912842 0.6912176089517079 0.11406802120141345
0 0.8263030035335689 0.249521495877503 0.8255668433451119 0.25504269729093054 0.8263030035335689 0.2583554181389871 0.8263030035335689 0.2609319787985866 0.8266710836277974 0.26461277974087166 0.8270391637220258 0.2682935806831567 0.8270391637220258 0.27160630153121323 0.8270391637220258 0.2745509422850413 0.8270391637220258 0.2771275029446408 0.8266710836277974 0.28080830388692585 0.8263030035335689 0.28375294464075385 0.8244626030624264 0.2852252650176679 0.8226222025912838 0.28448910482921086 0.8211498822143698 0.2793359835100118 0.8207818021201413 0.2741828621908127 0.8207818021201413 0.2697659010600707 0.8207818021201413 0.2657170200235572 0.8207818021201413 0.2616681389870436 0.8207818021201413 0.2568830977620731 0.8215179623085984 0.252466136631331 0.8215179623085984 0.2491534157832745 0.8222541224970553 0.24584069493521796 0.8222541224970553 0.24252797408716142 0.8226222025912838 0.2406875736160189 0.8255668433451119 0.23958333333333337 0.8274072438162544 0.24473645465253244
0 0.021148989898989896 0.12089646464646463 0.010732323232323232 0.12058080808080808 0.007260101010101009 0.11994949494949494 0.0037878787878787876 0.11931818181818181 0.0009469696969696969 0.11837121212121211 0.00031565656565656563 0.11584595959595959 0.006628787878787878 0.11584595959595959 0.011047979797979798 0.11584595959595959 0.01578282828282828 0.11710858585858586 0.030934343434343432 0.11900252525252525 0.03314393939393939 0.11931818181818181 0.03566919191919192 0.11963383838383838 0.03535353535353535 0.1212121212121212 0.03156565656565656 0.1212121212121212 0.02746212121212121 0.1212121212121212
1 0.9985119047619047 0.42410714285714285 0.9918154761904762 0.42931547619047616 0.9866071428571428 0.4352678571428571 0.9813988095238095 0.4434523809523809 0.978422619047619 0.44940476190476186 0.9769345238095238 0.45312499999999994 0.9754464285714285 0.45758928571428564 0.9754464285714285 0.46354166666666663 0.9754464285714285 0.46949404761904756 0.9761904761904762 0.47619047619047616 0.9791666666666666 0.47991071428571425 0.9858630952380951 0.48288690476190477 0.9918154761904762 0.48511904761904756 0.9962797619047618 0.48511904761904756 0.9989583333333333 0.48435374149659854
1 0.9985119047619047 0.03571428571428571 0.9880952380952379 0.031994047619047616 0.978422619047619 0.023809523809523805 0.9709821428571428 0.01636904761904762 0.9642857142857143 0.00818452380952381 0.9642857142857143 0.0007440476190476189 0.9989583333333333 0.0007440476190476189
0 0.4838102409638554 0.7112826305220883 0.47941767068273083 0.7037525100401606 0.47879016064257024 0.7021837349397589 0.4781626506024096 0.6996736947791165 0.47784889558232924 0.6971636546184737 0.47753514056224894 0.6930848393574297 0.47722138554216864 0.689633534136546 0.47722138554216864 0.6861822289156626 0.47941767068273083 0.6849272088353413 0.48161395582329314 0.6871234939759036 0.48443775100401604 0.6902610441767068 0.4856927710843373 0.6927710843373494 0.48600652610441764 0.6962223895582329 0.48600652610441764 0.6999874497991968 0.48757530120481923 0.7043800200803213 0.4891440763052209 0.7081450803212851 0.4913403614457831 0.7122238955823293 0.493222891566265 0.7144201807228915 0.4954191767068272 0.7166164658634538 0.49761546184738953 0.7194402610441767 0.4994979919678714 0.7228915662650602 0.5007530120481927 0.7260291164658634 0.5007530120481927 0.7282254016064257 0.4973017068273092 0.7250878514056224 0.4954191767068272 0.7238328313253012 0.4922816265060241 0.7222640562248995 0.4897715863453815 0.719754016064257 0.48757530120481923 0.716930220883534 0.4856927710843373 0.7137926706827309
0 0.45431726907630515 0.9362449799196786 0.44615963855421686 0.9340486947791165 0.44364959839357426 0.9340486947791165 0.44113955823293166 0.9340486947791165 0.4389432730923694 0.9321661646586344 0.44176706827309237 0.9305973895582329 0.44364959839357426 0.9299698795180722 0.4464733935742971 0.9299698795180722 0.45117971887550196 0.9299698795180722 0.45525853413654616 0.9309111445783133 0.458082329317269 0.9321661646586344 0.46027861445783125 0.9340486947791165 0.46090612449799195 0.9340486947791165 0.46278865461847385 0.9337349397590361 0.46561244979919675 0.9337349397590361 0.46561244979919675 0.935617469879518 0.4640436746987951 0.9368724899598393 0.46027861445783125 0.938441265060241
0 0.22966867469879518 0.9710717871485942 0.21837349397590358 0.9660517068273092 0.21303965863453814 0.9641691767068272 0.20833333333333331 0.961972891566265 0.2064508032128514 0.9594628514056224 0.2067645582329317 0.9572665662650601 0.20833333333333331 0.9556977911646585 0.2108433734939759 0.9556977911646585 0.2155496987951807 0.9578940763052208 0.21805973895582328 0.9588353413654617 0.22119728915662648 0.9607178714859437 0.2243348393574297 0.9629141566265059 0.22778614457831325 0.9651104417670682 0.23123744979919678 0.9673067269076304 0.23406124497991965 0.9688755020080321 0.2362575301204819 0.9704442771084337 0.23970883534136542 0.9720130522088353 0.24316014056224897 0.9738955823293173 0.2450426706827309 0.9748368473895581 0.24723895582329317 0.9764056224899598 0.24943524096385541 0.9779743975903614 0.2497489959839357 0.9792294176706826 0.2484939759036144 0.9807981927710843 0.24567018072289154 0.9811119477911646 0.24002259036144577 0.9798569277108433 0.2375125502008032 0.9786019076305219 0.23406124497991965 0.9751506024096385
0 0.17978162650602408 0.7649347389558232 0.173820281124498 0.7730923694779116 0.1722515060240964 0.7768574297188754 0.1709964859437751 0.7796812248995982 0.1697414658634538 0.7825050200803213 0.1681726907630522 0.7843875502008031 0.16754518072289154 0.7862700803212851 0.16597640562248994 0.7897213855421686 0.16440763052208834 0.7922314257028111 0.1634663654618474 0.7947414658634538 0.16127008032128512 0.7972515060240963 0.1593875502008032 0.797879016064257 0.15907379518072287 0.795055220883534 0.16001506024096385 0.7912901606425702 0.1622113453815261 0.788152610441767 0.1637801204819277 0.7853288152610441 0.16566265060240962 0.7812499999999999 0.16691767068273092 0.778426204819277 0.1681726907630522 0.7759161646586344 0.16942771084337346 0.7730923694779116 0.17036897590361447 0.7712098393574297 0.1716239959839357 0.7686997991967871 0.17319277108433734 0.7665035140562249 0.17476154618473894 0.7639934738955823 0.17633032128514053 0.7611696787148594 0.1788403614457831 0.7589733935742972 0.1804091365461847 0.7583458835341365 0.18135040160642568 0.7614834337349397
0 0.2036270080321285 0.6347264056224898 0.19829317269076305 0.6187248995983936 0.19672439759036145 0.6143323293172691 0.19515562248995982 0.6102535140562249 0.19390060240963852 0.6077434738955823 0.19358684738955823 0.6058609437751004 0.19452811244979917 0.6049196787148594 0.19641064257028112 0.6049196787148594 0.19860692771084337 0.6071159638554217 0.2004894578313253 0.6102535140562249 0.20174447791164657 0.6130773092369477 0.20237198795180722 0.6159011044176705 0.2036270080321285 0.6196661646586344 0.20456827309236944 0.6228037148594378 0.20550953815261044 0.625941265060241 0.2064508032128514 0.6287650602409638 0.20707831325301204 0.6322163654618473 0.208019578313253 0.6356676706827309 0.20864708835341364 0.6394327309236947 0.20864708835341364 0.6419427710843373 0.20864708835341364 0.6444528112449799 0.2064508032128514 0.6441390562248995 0.20488202811244977 0.6400602409638554
0 0.17633032128514053 0.018197791164658632 0.1681726907630522 0.025727911646586343 0.16409387550200802 0.029179216867469878 0.1609563253012048 0.03231676706827309 0.15907379518072287 0.03482680722891566 0.15687751004016062 0.03765060240963855 0.1546812248995984 0.04047439759036144 0.15311244979919678 0.041101907630522086 0.15154367469879518 0.038278112449799194 0.15279869477911648 0.032944277108433735 0.15562248995983935 0.028551706827309235 0.1593875502008032 0.024472891566265056 0.16409387550200802 0.020394076305220884 0.16785893574297187 0.017570281124497992 0.1709964859437751 0.01506024096385542 0.1744477911646586 0.013177710843373493
0 0.044239457831325296 0.7288529116465863 0.041415662650602404 0.7153614457831324 0.041415662650602404 0.7112826305220883 0.04204317269076305 0.7075175702811245 0.043298192771084335 0.7043800200803213 0.04549447791164658 0.7037525100401606 0.04737700803212851 0.7053212851405621 0.04863202811244979 0.710027610441767 0.04925953815261044 0.7147339357429718 0.04957329317269076 0.718812751004016 0.04957329317269076 0.7225778112449799 0.04957329317269076 0.7260291164658634 0.04988704819277108 0.7291666666666665 0.05082831325301205 0.7335592369477911 0.0530245983935743 0.7376380522088353 0.053652108433734934 0.7401480923694778 0.05176957831325301 0.7417168674698794 0.0502008032128514 0.7401480923694778 0.04769076305220883 0.7366967871485943 0.046121987951807226 0.7332454819277108
0 0.0031375502008032124 0.8543549196787148 0.014118975903614456 0.8549824297188754 0.017570281124497992 0.8549824297188754 0.021021586345381524 0.8543549196787148 0.023845381526104416 0.8537274096385541 0.025414156626506024 0.8524723895582329 0.026041666666666664 0.8502761044176705 0.023217871485943772 0.8480798192771084 0.020707831325301202 0.8461972891566264 0.017570281124497992 0.8449422690763052 0.014118975903614456 0.8440010040160641 0.010667670682730923 0.8440010040160641 0.006902610441767068 0.8440010040160641 0.004706325301204819 0.8440010040160641 0.0028237951807228916 0.8440010040160641 0.0015687751004016062 0.8443147590361445 0.0 0.8537274096385541
0 0.03859186746987951 0.9447163654618473 0.04957329317269076 0.9406375502008031 0.05239708835341365 0.9400100401606425 0.055220883534136546 0.9390687751004015 0.057730923694779106 0.9374999999999999 0.059927208835341354 0.9353037148594378 0.058358433734939756 0.9331074297188754 0.056789658634538144 0.9318524096385541 0.05427961847389558 0.9324799196787148 0.051455823293172685 0.9343624497991967 0.04863202811244979 0.9359312248995982 0.04549447791164658 0.9374999999999999 0.04267068273092369 0.9381275100401606 0.04016064257028112 0.9390687751004015 0.03670933734939759 0.9403237951807227 0.03482680722891566 0.9415788152610441 0.03357178714859437 0.9437751004016063
0 0.9177334337349397 0.9054969879518071 0.9114583333333333 0.8989081325301205 0.9039282128514056 0.889809236947791 0.9026731927710843 0.8872991967871485 0.8967118473895581 0.8800828313253012 0.8951430722891566 0.8782003012048192 0.8929467871485942 0.8756902610441767 0.8910642570281124 0.8744352409638554 0.8876129518072289 0.8722389558232931 0.8863579317269076 0.8703564257028111 0.8860441767068272 0.8687876506024096 0.8872991967871485 0.8669051204819276 0.8891817269076304 0.8665913654618473 0.8945155622489959 0.8697289156626505 0.8960843373493975 0.8712976907630522 0.8989081325301205 0.8744352409638554 0.9001631526104418 0.8775727911646585 0.9017319277108433 0.8803965863453815 0.9042419678714858 0.8841616465863453 0.9064382530120482 0.8866716867469879 0.9089482931726907 0.889809236947791 0.9114583333333333 0.8920055220883534 0.9133408634538152 0.8945155622489959 0.9152233935742972 0.8967118473895581 0.9177334337349397 0.8989081325301205 0.9202434738955823 0.901418172690763 0.9221260040160641 0.903300702811245 0.9243222891566264 0.9061244979919678 0.9271460843373494 0.9086345381526103 0.9293423694779116 0.9108308232931727 0.9315386546184737 0.9136546184738955 0.932793674698795 0.9167921686746987 0.932793674698795 0.918988453815261 0.9287148594377509 0.9158509036144576 0.926832329317269 0.9130271084337348 0.9246360441767068 0.9108308232931727 0.9214984939759036 0.90832078313253
0 0.9588353413654617 0.7671310240963856 0.9538152610441767 0.7658760040160641 0.9497364457831324 0.7636797188755019 0.9481676706827308 0.7621109437751004 0.9478539156626505 0.7602284136546184 0.9494226907630522 0.7583458835341365 0.9519327309236947 0.7589733935742972 0.9550702811244979 0.7605421686746987 0.9578940763052208 0.7614834337349397 0.9607178714859437 0.7624246987951807 0.9629141566265059 0.7633659638554217 0.9647966867469878 0.7649347389558232 0.9657379518072289 0.7668172690763052 0.9638554216867469 0.767758534136546
0 0.9472264056224898 0.2315512048192771 0.9396962851405621 0.22715863453815258 0.9371862449799196 0.2259036144578313 0.9334211847389557 0.2243348393574297 0.9302836345381525 0.22245230923694775 0.92777359437751 0.2215110441767068 0.9296561244979918 0.21900100401606426 0.9321661646586344 0.21837349397590358 0.935617469879518 0.2186872489959839 0.9387550200803213 0.21962851405622488 0.9415788152610441 0.22088353413654618 0.9450301204819276 0.2227660642570281 0.9478539156626505 0.22402108433734938 0.951305220883534 0.22621736947791163 0.9538152610441767 0.22841365461847388 0.9556977911646585 0.23060993975903613 0.9575803212851405 0.23343373493975902 0.9582078313253012 0.23594377510040157 0.9535015060240963 0.23468875502008033 0.9503639558232931 0.23280622489959837
0 0.769641064257028 0.03325803212851405 0.76179718875502 0.027296686746987948 0.7602284136546184 0.02478664658634538 0.7583458835341365 0.022276606425702807 0.7561495983935742 0.01976656626506024 0.7542670682730923 0.017570281124497992 0.7501882530120482 0.014746485943775098 0.7461094377510039 0.011608935742971886 0.7423443775100401 0.008157630522088353 0.7388930722891566 0.005647590361445783 0.7357555220883534 0.0031375502008032124 0.7360692771084337 0.0009412650602409637 0.7448544176706826 0.0 0.7492469879518071 0.002196285140562249 0.753012048192771 0.00502008032128514 0.7555220883534136 0.00753012048192771 0.7583458835341365 0.01004016064257028 0.76179718875502 0.013177710843373493 0.7633659638554217 0.01568775100401606 0.7646209839357428 0.018825301204819275 0.7668172690763052 0.022276606425702807 0.7693273092369477 0.025727911646586343 0.7718373493975903 0.028237951807228913 0.7740336345381525 0.030434236947791165 0.7765436746987951 0.032944277108433735 0.778426204819277 0.03576807228915662 0.779367469879518 0.039219377510040156 0.7796812248995982 0.04204317269076305 0.7777986947791165 0.04204317269076305 0.7752886546184737 0.038278112449799194 0.7727786144578312 0.03576807228915662
1 0.0012019230769231134 0.1587873931623932 0.015224358974359002 0.16145833333333337 0.019898504273504317 0.16279380341880348 0.02323717948717953 0.16412927350427353 0.02590811965811971 0.16546474358974364 0.029914529914529957 0.1681356837606838 0.035924145299145345 0.17147435897435903 0.039930555555555594 0.17481303418803423 0.044604700854700884 0.17815170940170946 0.049946581196581234 0.18282585470085475 0.051949786324786376 0.1881677350427351 0.05261752136752141 0.19284188034188038 0.05328525641025645 0.1995192307692308 0.05261752136752141 0.20619658119658124 0.049278846153846194 0.2115384615384616 0.04527243589743592 0.21554487179487183 0.03926282051282056 0.22088675213675218 0.03191773504273507 0.22355769230769235 0.02323717948717953 0.22489316239316243 0.015892094017094037 0.22489316239316243 0.010550213675213716 0.22489316239316243 0.0045405982905983265 0.22556089743589747 0.0005341880341880767 0.22556089743589747
0 0.6771470828233374 0.9989545083639331 0.679952060383517 0.9900295797633619 0.6810995512035904 0.9823796409628723 0.6844145246838025 0.9795746634026927 0.6869645042839657 0.9790646674826602 0.6887494900040799 0.9850571195430436 0.6878569971440228 0.9905395756833946 0.684032027743778 0.9971695226438189 0.6830382440273811 0.9989583333333333
