1 0.2559905372405373 0.4376144688644689 0.25370115995116 0.43036477411477414 0.25331959706959706 0.4276938339438339 0.25331959706959706 0.4257860195360196 0.25446428571428575 0.4234966422466423 0.2556089743589744 0.42120726495726496 0.2575167887667888 0.4185363247863248 0.2598061660561661 0.4166285103785104 0.2636217948717949 0.4131944444444445 0.2670558608058608 0.41090506715506714 0.26972680097680096 0.4086156898656899 0.2720161782661783 0.4074710012210012 0.2758318070818071 0.405181623931624 0.2807921245421246 0.40403693528693535 0.2868971306471307 0.40327380952380953 0.2926205738705739 0.40327380952380953 0.2983440170940171 0.40327380952380953 0.3029227716727717 0.40327380952380953 0.3067384004884005 0.40327380952380953 0.30940934065934067 0.40327380952380953 0.31284340659340665 0.4044184981684982 0.3174221611721612 0.4063263125763126 0.32085622710622713 0.4074710012210012 0.32429029304029305 0.4086156898656899 0.3269612332112332 0.41014194139194143 0.3292506105006105 0.4128128815628816 0.33192155067155066 0.4162469474969475 0.33306623931623935 0.4200625763125763 0.33344780219780223 0.42425976800976806 0.33192155067155066 0.4269307081807082 0.32963217338217343 0.42998321123321126 0.3265796703296704 0.4330357142857143 0.32238247863247865 0.4357066544566545 0.3185668498168498 0.4383775946275946 0.31398809523809523 0.44104853479853484 0.3097909035409036 0.44257478632478636 0.30597527472527475 0.4441010378510379 0.30215964590964595 0.4456272893772894 0.29987026862026867 0.44677197802197804 0.2956730769230769 0.44829822954822957 0.29109432234432236 0.4498244810744811 0.2888049450549451 0.45020604395604397 0.2849893162393162 0.45020604395604397 0.2800289987789988 0.4490613553113553 0.27621336996337004 0.44829822954822957 0.2723977411477412 0.44677197802197804 0.26896367521367526 0.4456272893772894 0.2655296092796093 0.4441010378510379 0.2609508547008547 0.4418116605616606
1 0.4093788156288156 0.41929945054945056 0.39716880341880345 0.41548382173382176 0.39449786324786323 0.41357600732600736 0.39259004884004883 0.4112866300366301 0.39068223443223443 0.4078525641025641 0.38991910866910867 0.40480006105006106 0.38991910866910867 0.40098443223443225 0.39068223443223443 0.39678724053724057 0.3914453601953602 0.3929716117216117 0.392208485958486 0.3903006715506716 0.39335317460317465 0.38686660561660563 0.39487942612942617 0.3838141025641026 0.39602411477411475 0.3807615995115995 0.40098443223443225 0.3754197191697192 0.4070894383394384 0.36969627594627597 0.4089972527472528 0.36817002442002444 0.41357600732600736 0.3654990842490842 0.41586538461538464 0.36435439560439564 0.4185363247863248 0.363209706959707 0.42120726495726496 0.3616834554334555 0.4250228937728938 0.36015720390720396 0.4288385225885226 0.35863095238095244 0.43227258852258854 0.35748626373626374 0.4353250915750916 0.3563415750915751 0.43952228327228327 0.3559600122100122 0.443719474969475 0.3559600122100122 0.4479166666666667 0.3563415750915751 0.4509691697191698 0.35710470085470086 0.4544032356532357 0.35901251526251526 0.45745573870573875 0.3616834554334555 0.4601266788766789 0.3647359584859585 0.46088980463980467 0.3674068986568987 0.4612713675213675 0.3712225274725275 0.4605082417582418 0.3746565934065934 0.45898199023199027 0.3780906593406594 0.45707417582417587 0.3815247252747253 0.45554792429792434 0.38457722832722835 0.4540216727716728 0.3876297313797314 0.45287698412698413 0.38991910866910867 0.4517322954822955 0.392208485958486 0.45020604395604397 0.39449786324786323 0.4479166666666667 0.3975503663003663 0.4452457264957265 0.40098443223443225 0.4421932234432235 0.40480006105006106 0.4402854090354091 0.4067078754578755 0.4383775946275946 0.4078525641025641 0.4345619658119658 0.40976037851037855 0.43189102564102566 0.4112866300366301 0.42807539682539686 0.41357600732600736 0.4246413308913309 0.4151022588522589 0.42082570207570213 0.41586538461538464 0.4162469474969475 0.4166285103785104
1 0.22126831501831506 0.3578678266178266 0.21859737484737488 0.350236568986569 0.21859737484737488 0.34756562881562886 0.218215811965812 0.3456578144078144 0.218215811965812 0.3429868742368743 0.21897893772893776 0.33993437118437125 0.2201236263736264 0.33726343101343104 0.22203144078144083 0.334210927960928 0.2239392551892552 0.33153998778998783 0.22584706959706963 0.32963217338217343 0.2281364468864469 0.3273427960927961 0.2300442612942613 0.3258165445665446 0.2327152014652015 0.3239087301587302 0.2365308302808303 0.3220009157509158 0.24034645909645913 0.3193299755799756 0.24416208791208793 0.3170405982905983 0.24874084249084252 0.31436965811965817 0.2514117826617827 0.3124618437118437 0.2540827228327229 0.3105540293040293 0.2575167887667888 0.3097909035409036 0.2609508547008547 0.30940934065934067 0.2647664835164835 0.30940934065934067 0.2685821123321123 0.30940934065934067 0.2720161782661783 0.30940934065934067 0.2746871184371185 0.3097909035409036 0.27850274725274726 0.3113171550671551 0.2815552503052503 0.3124618437118437 0.2849893162393162 0.31436965811965817 0.2868971306471307 0.31551434676434675 0.2884233821733822 0.3178037240537241 0.2899496336996337 0.32047466422466425 0.2903311965811966 0.3235271672771673 0.28956807081807084 0.3273427960927961 0.2868971306471307 0.33192155067155066 0.28384462759462764 0.3361187423687424 0.2811736874236875 0.33840811965811973 0.27773962148962156 0.3414606227106228 0.2743055555555556 0.3448946886446887 0.2704899267399268 0.34794719169719174 0.2666742979242979 0.3506181318681319 0.26247710622710624 0.3529075091575092 0.25827991452991456 0.3544337606837607 0.25446428571428575 0.35557844932844934 0.2514117826617827 0.3563415750915751 0.24874084249084252 0.35710470085470086 0.24568833943833948 0.3578678266178266 0.2426358363858364 0.35939407814407814 0.24034645909645913 0.3605387667887668 0.23614926739926742 0.3624465811965812 0.23347832722832726 0.3628281440781441 0.22928113553113555 0.3628281440781441 0.22584706959706963 0.36206501831501836
1 0.3113171550671551 0.2739239926739927 0.3067384004884005 0.2704899267399268 0.3048305860805861 0.26896367521367526 0.3029227716727717 0.2666742979242979 0.3010149572649573 0.26018772893772896 0.3002518315018315 0.25827991452991456 0.2991071428571429 0.2552274114774115 0.2983440170940171 0.25064865689865695 0.29719932844932845 0.247214590964591 0.29681776556776557 0.24339896214896217 0.29681776556776557 0.23805708180708185 0.29796245421245426 0.23424145299145302 0.2994887057387058 0.2300442612942613 0.3010149572649573 0.22508394383394387 0.30330433455433453 0.22126831501831506 0.30559371184371187 0.21707112332112335 0.3082646520146521 0.21287393162393167 0.31017246642246643 0.20943986568986572 0.31322496947496953 0.20600579975579977 0.3151327838827839 0.20409798534798537 0.3185668498168498 0.20371642246642246 0.32085622710622713 0.2033348595848596 0.3235271672771673 0.2029532967032967 0.3258165445665446 0.20257173382173385 0.32848748473748474 0.20257173382173385 0.33153998778998783 0.20257173382173385 0.33497405372405376 0.20447954822954825 0.3376449938949939 0.2056242368742369 0.34069749694749696 0.20715048840048841 0.3429868742368743 0.20982142857142858 0.3445131257631258 0.21325549450549453 0.3464209401709402 0.21745268620268624 0.34794719169719174 0.22203144078144083 0.34871031746031744 0.22775488400488403 0.3490918803418804 0.23347832722832726 0.34871031746031744 0.2388202075702076 0.3483287545787546 0.24378052503052505 0.34756562881562886 0.24759615384615385 0.3464209401709402 0.2510302197802198 0.3445131257631258 0.2559905372405373 0.3422237484737485 0.2613324175824176 0.3395528083028083 0.2651480463980464 0.33726343101343104 0.2678189865689866 0.33497405372405376 0.26934523809523814 0.33153998778998783 0.2720161782661783 0.327724358974359 0.2739239926739927 0.3239087301587302 0.27506868131868134 0.32047466422466425 0.2754502442002442 0.31551434676434675 0.2754502442002442
1 0.4681394993894994 0.2617139804639805 0.46317918192918195 0.25866147741147744 0.46165293040293043 0.25675366300366304 0.45936355311355315 0.25484584859584863 0.4578373015873016 0.25179334554334554 0.45554792429792434 0.24874084249084252 0.4536401098901099 0.24568833943833948 0.4524954212454213 0.24149114774114777 0.4524954212454213 0.2372939560439561 0.453258547008547 0.23424145299145302 0.45478479853479853 0.2300442612942613 0.45669261294261293 0.22737332112332115 0.45936355311355315 0.2243208180708181 0.4620344932844933 0.22241300366300368 0.46546855921855923 0.2205051892551893 0.46852106227106227 0.21897893772893776 0.47233669108669113 0.21859737484737488 0.4784416971916972 0.21859737484737488 0.48187576312576313 0.21897893772893776 0.48530982905982906 0.2201236263736264 0.4891254578754579 0.22126831501831506 0.4929410866910867 0.22203144078144083 0.49599358974358976 0.22279456654456659 0.4990460927960928 0.2239392551892552 0.5020985958485958 0.22546550671550675 0.5051510989010989 0.22737332112332115 0.508203601953602 0.22966269841269846 0.5112561050061051 0.2323336385836386 0.5143086080586081 0.2346230158730159 0.5162164224664225 0.23767551892551894 0.517742673992674 0.2411095848595849 0.5185057997557998 0.2445436507936508 0.5192689255189256 0.24797771672771676 0.5200320512820513 0.250267094017094 0.5204136141636142 0.25331959706959706 0.5204136141636142 0.2578983516483517 0.5185057997557998 0.2609508547008547 0.5162164224664225 0.26400335775335776 0.5139270451770452 0.2666742979242979 0.5112561050061051 0.26896367521367526 0.508203601953602 0.27010836385836384 0.5040064102564102 0.27087148962148966 0.5005723443223443 0.27163461538461536 0.4963751526251527 0.2720161782661783 0.49217796092796096 0.27163461538461536 0.4872176434676435 0.27163461538461536 0.48378357753357754 0.27125305250305254 0.4803495115995116 0.27010836385836384 0.47577075702075705 0.2685821123321123 0.472718253968254 0.26629273504273504
1 0.6366971207087485 0.2307585825027686 0.6290836101882614 0.2234911406423035 0.6276993355481727 0.22176079734219276 0.625968992248062 0.21933831672203769 0.623546511627907 0.21691583610188267 0.6221622369878184 0.21483942414174978 0.6207779623477298 0.21310908084163904 0.619047619047619 0.21103266888150615 0.6176633444075305 0.20791805094130683 0.6155869324473976 0.20480343300110748 0.6145487264673312 0.20203488372093031 0.6135105204872647 0.1992663344407531 0.6128183831672203 0.19684385382059807 0.6124723145071982 0.1940753045404209 0.6135105204872647 0.19165282392026584 0.6138565891472868 0.1892303433001108 0.6145487264673312 0.18680786267995578 0.6152408637873754 0.18369324473975643 0.616625138427464 0.18092469545957926 0.6183554817275747 0.1778100775193799 0.6200858250276854 0.17573366555924702 0.6221622369878184 0.17365725359911413 0.6238925802879292 0.17227297895902552 0.625968992248062 0.1712347729789591 0.6290836101882614 0.17054263565891478 0.6342746400885936 0.1698504983388705 0.637735326688815 0.16950442967884835 0.6415420819490586 0.1691583610188262 0.6443106312292358 0.1691583610188262 0.6491555924695459 0.1698504983388705 0.6522702104097452 0.17088870431893696 0.6553848283499446 0.17192691029900337 0.6584994462901439 0.17296511627906982 0.6619601328903655 0.1746954595791806 0.6650747508305648 0.1771179401993356 0.6685354374307863 0.1791943521594685 0.6716500553709855 0.18161683277962354 0.6754568106312292 0.18438538205980073 0.6775332225913622 0.18646179401993362 0.6792635658914729 0.18853820598006651 0.6816860465116279 0.19165282392026584 0.6837624584717609 0.19442137320044303 0.6861849390919158 0.19822812846068666 0.6875692137320044 0.20099667774086385 0.6889534883720929 0.2041112956810632 0.6899916943521593 0.20791805094130683 0.6903377630121815 0.21103266888150615 0.6906838316722037 0.2141472868217055 0.6906838316722037 0.21691583610188267 0.6906838316722037 0.2207225913621263 0.6906838316722037 0.2234911406423035 0.6899916943521593 0.22729789590254715 0.6879152823920265 0.22972037652270216 0.6858388704318936 0.2321428571428572 0.6841085271317829 0.23456533776301222 0.6813399778516057 0.23698781838316726 0.6778792912513842 0.238718161683278 0.675110741971207 0.23941029900332234 0.6713039867109635 0.2401024363233666 0.6674972314507197 0.24044850498338877 0.6598837209302325 0.24044850498338877 0.656423034330011 0.2401024363233666 0.6522702104097452 0.238718161683278 0.6498477297895902 0.23767995570321157 0.6463870431893688 0.236295681063123 0.642580287929125 0.23456533776301222
1 0.784814507198228 0.34703765227021044 0.7789313399778516 0.34150055370985605 0.7778931339977851 0.33977021040974537 0.7768549280177186 0.3376937984496125 0.7754706533776301 0.3349252491694353 0.7737403100775193 0.33181063122923593 0.7723560354374308 0.3290420819490587 0.7713178294573644 0.3262735326688816 0.770279623477298 0.32315891472868224 0.7695874861572535 0.320390365448505 0.7688953488372092 0.31727574750830567 0.768549280177187 0.3134689922480621 0.768203211517165 0.3103543743078628 0.7688953488372092 0.30620155038759694 0.7699335548172758 0.3034330011074198 0.7733942414174972 0.299280177187154 0.7765088593576965 0.2972037652270211 0.7803156146179402 0.2954734219269104 0.7851605758582502 0.2937430786267996 0.7889673311184938 0.2937430786267996 0.7941583610188261 0.2944352159468439 0.7976190476190476 0.29685769656699895 0.8014258028792912 0.299280177187154 0.8038482834994463 0.301702657807309 0.8062707641196013 0.3044712070874862 0.8083471760797342 0.30758582502768556 0.810077519379845 0.3107004429678849 0.8121539313399778 0.3134689922480621 0.8135382059800664 0.3151993355481728 0.8152685492801771 0.31831395348837216 0.8169988925802879 0.32073643410852715 0.8190753045404208 0.3248892580287929 0.8204595791805094 0.3280038759689923 0.821843853820598 0.3314645625692138 0.8228820598006644 0.33457918050941315 0.8232281284606865 0.3376937984496125 0.8235741971207087 0.3404623477297896 0.8235741971207087 0.34357696566998897 0.8235741971207087 0.3456533776301219 0.8225359911406422 0.34842192691029905 0.8211517165005536 0.3511904761904762 0.819421373200443 0.35395902547065344 0.8173449612403101 0.3560354374307863 0.8142303433001107 0.35707364341085274 0.8093853820598007 0.3577657807308971 0.8052325581395349 0.3577657807308971 0.8003875968992247 0.3567275747508306 0.7965808416389811 0.3560354374307863 0.7924280177187153 0.3536129568106313 0.7886212624584718 0.3511904761904762
1 0.49480897009966784 0.4709302325581396 0.4892718715393134 0.46643133997785163 0.48788759689922484 0.46435492801771877 0.4868493909191584 0.462624584717608 0.4858111849390919 0.4595099667774087 0.4854651162790698 0.4560492801771872 0.4854651162790698 0.45328073089701 0.48615725359911405 0.4487818383167221 0.48788759689922484 0.4446290143964563 0.4899640088593577 0.44151439645625695 0.4920404208194906 0.4380537098560355 0.49515503875968997 0.43493909191583613 0.4989617940199336 0.43286267995570327 0.5027685492801772 0.43078626799557035 0.5058831672203765 0.4290559246954596 0.5100359911406424 0.4269795127353267 0.5134966777408638 0.4245570321151717 0.5179955703211517 0.42213455149501666 0.5218023255813954 0.42075027685492805 0.525609080841639 0.4200581395348838 0.5290697674418605 0.41971207087486156 0.5328765227021042 0.4200581395348838 0.5377214839424141 0.42144241417497236 0.5425664451827242 0.4231727574750831 0.5463732004429679 0.425249169435216 0.549141749723145 0.4269795127353267 0.5515642303433002 0.4297480620155039 0.5532945736434108 0.43217054263565896 0.5543327796234773 0.4356312292358805 0.5553709856035437 0.4397840531561462 0.5553709856035437 0.4425526024363234 0.5550249169435215 0.4449750830564784 0.553640642303433 0.4487818383167221 0.5519102990033222 0.4515503875968993 0.5501799557032114 0.45362679955703217 0.5481035437430786 0.4560492801771872 0.5453349944629015 0.45881782945736443 0.5432585825027686 0.4612403100775194 0.539797895902547 0.46331672203765234 0.5356450719822813 0.4657392026578073 0.5332225913621262 0.4674695459579181 0.5297619047619048 0.4709302325581396 0.5280315614617941 0.47266057585825033 0.5242248062015504 0.474390919158361 0.520764119601329 0.47473698781838325 0.5148809523809524 0.47473698781838325 0.5114202657807309 0.4754291251384275 0.5079595791805095 0.4757751937984497 0.5062292358803987 0.4757751937984497 0.5034606866002215 0.47473698781838325 0.4989617940199336 0.4733527131782946
1 0.4515503875968993 0.17365725359911413 0.4446290143964563 0.1691583610188262 0.4425526024363234 0.1677740863787376 0.4359772978959026 0.16223698781838322 0.4342469545957918 0.1608527131782946 0.4314784053156147 0.1584302325581396 0.4297480620155039 0.157045957918051 0.42836378737541536 0.15462347729789597 0.4280177187153932 0.15185492801771877 0.4273255813953489 0.14874031007751942 0.4273255813953489 0.1463178294573644 0.4280177187153932 0.14354928017718724 0.4294019933554818 0.14112679955703217 0.43078626799557035 0.13905038759689928 0.4332087486157254 0.13662790697674423 0.43528516057585825 0.13524363233665565 0.4377076411960133 0.13385935769656707 0.44082225913621265 0.1328211517165006 0.44359080841638987 0.1321290143964563 0.44774363233665565 0.1321290143964563 0.45293466223698786 0.1321290143964563 0.45743355481727577 0.13316722037652276 0.462624584717608 0.1348975636766335 0.4674695459579181 0.1362818383167221 0.471968438538206 0.13801218161683285 0.4761212624584718 0.14008859357696574 0.47992801771871546 0.14216500553709863 0.4823504983388705 0.14424141749723152 0.48442691029900337 0.14666389811738656 0.48719545957918053 0.1504706533776302 0.48857973421926915 0.15358527131782954 0.4892718715393134 0.15739202657807316 0.4896179401993356 0.1611987818383168 0.4899640088593577 0.1643133997785161 0.4896179401993356 0.16673588039867118 0.48857973421926915 0.16881229235880407 0.4865033222591363 0.1712347729789591 0.48408084163898124 0.17331118493909198 0.481312292358804 0.1743493909191584 0.47888981173864903 0.17573366555924702 0.4754291251384275 0.1764258028792913 0.47058416389811747 0.17677187153931348 0.4674695459579181 0.17677187153931348 0.4619324473975637 0.1764258028792913 0.45777962347729795 0.17538759689922487
1 0.2664036544850499 0.2006506090808417 0.2622508305647841 0.20791805094130683 0.26052048726467336 0.21103266888150615 0.25913621262458475 0.2127630121816169 0.2567137320044297 0.2141472868217055 0.25394518272425254 0.21587763012181624 0.2518687707641197 0.2186461794019934 0.2487541528239203 0.2221068660022149 0.2466777408637874 0.22383720930232565 0.24460132890365452 0.22522148394241423 0.24148671096345523 0.22660575858250281 0.23837209302325588 0.22764396456256927 0.2342192691029901 0.22799003322259143 0.2307585825027686 0.2286821705426357 0.22729789590254715 0.2286821705426357 0.22245293466223703 0.22799003322259143 0.21795404208194913 0.2262596899224807 0.21518549280177193 0.22383720930232565 0.2141472868217055 0.22141472868217058 0.21380121816168335 0.21691583610188267 0.21483942414174978 0.21241694352159474 0.2162236987818384 0.2086101882613511 0.21726190476190482 0.20514950166112964 0.21899224806201556 0.20238095238095244 0.2207225913621263 0.19961240310077524 0.2227990033222592 0.1971899224806202 0.22487541528239208 0.1951135105204873 0.22695182724252497 0.19338316722037657 0.2286821705426357 0.191998892580288 0.23110465116279075 0.18957641196013295 0.2335271317829458 0.18750000000000006 0.23594961240310083 0.18576965669988932 0.23941029900332234 0.18265503875969 0.24287098560354378 0.1798864894795128 0.24529346622369885 0.17815614617940204 0.24910022148394248 0.1771179401993356 0.252560908084164 0.1764258028792913 0.25532945736434115 0.1764258028792913 0.2584440753045405 0.1764258028792913 0.261904761904762 0.17677187153931348 0.26501937984496127 0.17677187153931348 0.26744186046511637 0.1771179401993356 0.26986434108527135 0.17884828349944637 0.27124861572536 0.18230897009966782 0.27159468438538215 0.18542358803986717 0.27159468438538215 0.18957641196013295 0.27159468438538215 0.19303709856035445 0.26951827242524923 0.1978820598006645
1 0.3913344407530454 0.5391057585825028 0.38960409745293473 0.5335686600221483 0.38960409745293473 0.5318383167220377 0.3892580287929126 0.5283776301218163 0.3889119601328904 0.5252630121816169 0.3885658914728683 0.5211101882613511 0.3885658914728683 0.5183416389811739 0.3892580287929126 0.5145348837209303 0.38995016611295685 0.5110741971207088 0.3913344407530454 0.506921373200443 0.39237264673311184 0.5038067552602437 0.39410299003322263 0.5000000000000001 0.3954872646733112 0.49757751937984496 0.39687153931339986 0.49515503875968997 0.3989479512735327 0.4916943521594685 0.4075996677740864 0.48615725359911405 0.4093300110741972 0.4851190476190476 0.41140642303433006 0.48442691029900337 0.41486710963455153 0.48373477297895906 0.4172895902547066 0.48373477297895906 0.42109634551495023 0.48373477297895906 0.4235188261351052 0.48408084163898124 0.425249169435216 0.4854651162790698 0.4269795127353267 0.4875415282392027 0.43009413067552604 0.4903100775193799 0.43217054263565896 0.49307862679955705 0.4332087486157254 0.4955011074197121 0.4342469545957918 0.4989617940199336 0.43493909191583613 0.502076411960133 0.43493909191583613 0.5051910299003323 0.43493909191583613 0.509343853820598 0.43493909191583613 0.513842746400886 0.43493909191583613 0.5166112956810631 0.4335548172757476 0.5200719822812847 0.43251661129568114 0.5228405315614618 0.4314784053156147 0.5259551495016611 0.43009413067552604 0.5287236987818383 0.4290559246954596 0.5314922480620156 0.42767165005537106 0.5335686600221483 0.42559523809523814 0.5363372093023256 0.4235188261351052 0.5394518272425249 0.42109634551495023 0.5418743078626799 0.41867386489479513 0.544296788482835 0.41625138427464015 0.5456810631229235 0.41209856035437437 0.54671926910299 0.40829180509413077 0.5477574750830564 0.4034468438538206 0.5484496124031008 0.39964008859357697 0.5481035437430786 0.39583333333333337 0.5463732004429679 0.3937569213732005 0.5439507198228128
1 0.49377076411960136 0.6076273532668881 0.48719545957918053 0.602782392026578 0.4847729789590255 0.6007059800664452 0.48269656699889263 0.5986295681063123 0.4809662236987819 0.5955149501661129 0.4802740863787376 0.5924003322259136 0.47992801771871546 0.5889396456256921 0.47923588039867115 0.5854789590254706 0.47854374307862685 0.5799418604651162 0.47854374307862685 0.5754429678848284 0.47819767441860467 0.5709440753045404 0.47854374307862685 0.5667912513842747 0.47888981173864903 0.5636766334440753 0.4795819490586933 0.5595238095238095 0.4806201550387597 0.5557170542635659 0.4820044296788483 0.5526024363233666 0.48338870431893693 0.5487956810631228 0.4851190476190476 0.5453349944629015 0.48719545957918053 0.5415282392026578 0.4896179401993356 0.5373754152823921 0.49238648947951275 0.5332225913621262 0.49515503875968997 0.530107973421927 0.4979235880398672 0.5276854928017719 0.5013842746400886 0.5266472868217055 0.5048449612403101 0.525609080841639 0.5076135105204873 0.5252630121816169 0.5100359911406424 0.5252630121816169 0.5128045404208196 0.525609080841639 0.5159191583610189 0.5269933554817275 0.5190337763012182 0.5287236987818383 0.5228405315614618 0.5314922480620156 0.525609080841639 0.5346068660022147 0.5280315614617941 0.5391057585825028 0.5297619047619048 0.5436046511627908 0.5304540420819491 0.5481035437430786 0.5304540420819491 0.5508720930232557 0.5294158361018827 0.569905869324474 0.5252630121816169 0.5847868217054264 0.5238787375415282 0.5879014396456257 0.5221483942414176 0.5920542635658914 0.5204180509413068 0.5951688815060907 0.5197259136212625 0.5968992248062015 0.5176495016611296 0.5993217054263565 0.5159191583610189 0.6007059800664452 0.5141888150609081 0.6020902547065338 0.5121124031007752 0.6034745293466223 0.509343853820598 0.6045127353266887 0.5062292358803987 0.6055509413067551 0.5017303433001108 0.6069352159468439 0.49930786267995575 0.607281284606866
1 0.7200996677740863 0.5526024363233666 0.7121400885935769 0.5460271317829457 0.7090254706533776 0.5384136212624585 0.7079872646733112 0.5363372093023256 0.7066029900332225 0.5342607973421927 0.705218715393134 0.5318383167220377 0.7041805094130675 0.5290697674418605 0.7034883720930232 0.5266472868217055 0.7024501661129567 0.5228405315614618 0.7014119601328903 0.518687707641196 0.7007198228128461 0.5145348837209303 0.7007198228128461 0.5114202657807309 0.7007198228128461 0.5079595791805095 0.7010658914728682 0.5048449612403101 0.7014119601328903 0.5013842746400886 0.7021040974529347 0.4979235880398672 0.7031423034330011 0.49446290143964566 0.7045265780730896 0.4927325581395349 0.7062569213732004 0.4903100775193799 0.7083333333333334 0.48788759689922484 0.710063676633444 0.4854651162790698 0.7124861572535991 0.48338870431893693 0.714908637873754 0.48165836101882614 0.7176771871539314 0.4806201550387597 0.7207918050941307 0.4802740863787376 0.7249446290143965 0.47992801771871546 0.7280592469545958 0.4802740863787376 0.7318660022148394 0.48165836101882614 0.735672757475083 0.4830426356589148 0.7394795127353266 0.4854651162790698 0.7429401993355481 0.4875415282392027 0.747093023255814 0.4899640088593577 0.7515919158361019 0.49377076411960136 0.7553986710963455 0.4989617940199336 0.7581672203765226 0.5041528239202658 0.7602436323366555 0.509343853820598 0.7612818383167219 0.513842746400886 0.7637043189368771 0.5263012181616833 0.7637043189368771 0.5311461794019934 0.7637043189368771 0.5373754152823921 0.7633582502768549 0.5408361018826134 0.7626661129568106 0.5436046511627908 0.7612818383167219 0.5477574750830564 0.7602436323366555 0.5508720930232557 0.758859357696567 0.553640642303433 0.7567829457364341 0.556063122923588 0.7540143964562568 0.5577934662236987 0.7505537098560354 0.5598698781838317 0.7464008859357697 0.5616002214839424 0.7432862679955703 0.5616002214839424 0.740171650055371 0.5616002214839424 0.7377491694352158 0.5616002214839424 0.7353266888150608 0.5609080841638981 0.7318660022148394 0.5595238095238095 0.72875138427464 0.5577934662236987 0.7249446290143965 0.5564091915836101
1 0.8125 0.6356589147286821 0.8062707641196013 0.6294296788482835 0.8045404208194905 0.6266611295681063 0.8028100775193798 0.6242386489479512 0.8014258028792912 0.6221622369878184 0.7993493909191582 0.6193936877076411 0.7983111849390918 0.616625138427464 0.7972729789590254 0.6138565891472868 0.7965808416389811 0.6100498338870431 0.7965808416389811 0.6069352159468439 0.7965808416389811 0.602782392026578 0.7965808416389811 0.5989756367663345 0.7969269102990033 0.5955149501661129 0.7979651162790697 0.5924003322259136 0.7993493909191582 0.5889396456256921 0.8014258028792912 0.5851328903654485 0.8035022148394241 0.5820182724252491 0.8052325581395349 0.5799418604651162 0.8062707641196013 0.5782115171650055 0.808001107419712 0.5764811738648948 0.8111157253599114 0.5740586932447397 0.8128460686600221 0.5733665559246954 0.8149224806201549 0.5726744186046511 0.8169988925802879 0.5726744186046511 0.8197674418604651 0.5726744186046511 0.8232281284606865 0.5730204872646733 0.8270348837209303 0.5740586932447397 0.8298034330011074 0.5754429678848284 0.8329180509413068 0.5775193798449613 0.8356866002214839 0.5789036544850498 0.8391472868217054 0.5809800664451826 0.8422619047619048 0.5830564784053156 0.8450304540420819 0.5858250276854928 0.8467607973421926 0.5885935769656699 0.8484911406423035 0.5917081949058693 0.8495293466223699 0.5944767441860465 0.8505675526024363 0.5975913621262458 0.8512596899224806 0.5993217054263565 0.852297895902547 0.6024363233665558 0.8533361018826134 0.6052048726467331 0.8540282392026577 0.6079734219269103 0.8543743078626799 0.6107419712070874 0.854720376522702 0.6128183831672203 0.854720376522702 0.6159330011074197 0.854720376522702 0.6187015503875969 0.8536821705426356 0.6225083056478405 0.8529900332225913 0.6252768549280177 0.8519518272425248 0.6280454042081949 0.8509136212624584 0.6308139534883721 0.8495293466223699 0.6335825027685492 0.8481450719822813 0.6360049833887043 0.8471068660022147 0.637735326688815 0.8446843853820597 0.6415420819490586 0.8422619047619048 0.642580287929125 0.8388012181616832 0.6436184939091915 0.8332641196013288 0.6443106312292358 0.8280730897009966 0.6436184939091915 0.8242663344407529 0.642234219269103 0.8204595791805094 0.6411960132890365 0.8159606866002214 0.6387735326688815
1 0.7249446290143965 0.6792635658914729 0.7232142857142857 0.6754568106312292 0.7228682170542636 0.6733803986710963 0.7225221483942413 0.6716500553709855 0.7225221483942413 0.6692275747508306 0.7228682170542636 0.6668050941306755 0.7245985603543743 0.6640365448504983 0.7259828349944629 0.6623062015503876 0.7280592469545958 0.6598837209302325 0.730827796234773 0.6571151716500553 0.7342884828349944 0.6550387596899224 0.7370570321151716 0.6533084163898117 0.7398255813953488 0.6522702104097452 0.7432862679955703 0.6512320044296788 0.7474390919158361 0.6512320044296788 0.7508997785160575 0.6508859357696566 0.7543604651162791 0.6508859357696566 0.7574750830564784 0.6512320044296788 0.7609357696566998 0.651924141749723 0.7637043189368771 0.6526162790697675 0.768203211517165 0.6543466223698782 0.7720099667774086 0.6560769656699889 0.7758167220376522 0.6578073089700996 0.7803156146179402 0.6602297895902546 0.7844684385382059 0.663344407530454 0.7875830564784053 0.6661129568106312 0.7896594684385382 0.6688815060908084 0.7920819490586931 0.6719961240310077 0.7945044296788483 0.6758028792912513 0.7958887043189369 0.6785714285714286 0.7965808416389811 0.6813399778516057 0.7965808416389811 0.6848006644518273 0.796234772978959 0.6886074197120708 0.7948504983388704 0.6917220376522702 0.793812292358804 0.6937984496124031 0.791735880398671 0.6965669988925802 0.7886212624584718 0.6979512735326688 0.7858527131782945 0.6986434108527131 0.7813538205980066 0.6996816168327796 0.7778931339977851 0.6996816168327796 0.7751245847176079 0.6996816168327796 0.7720099667774086 0.7003737541528239 0.770279623477298 0.7003737541528239 0.7699335548172758 0.7007198228128461 0.7640503875968992 0.7031423034330011 0.7609357696566998 0.7034883720930232 0.7574750830564784 0.7027962347729789 0.7536683277962347 0.7010658914728682 0.7515919158361019 0.6993355481727573 0.7488233665559246 0.6972591362126245 0.7457087486157252 0.6944905869324474 0.7419019933554817 0.6924141749723145 0.738095238095238 0.6903377630121815 0.7342884828349944 0.6879152823920265 0.7297895902547065 0.6848006644518273
1 0.4311323366555925 0.8017718715393134 0.4231727574750831 0.793812292358804 0.4200581395348838 0.7910437430786267 0.41625138427464015 0.7875830564784053 0.41486710963455153 0.784814507198228 0.413482834994463 0.7796234772978959 0.41244462901439655 0.7747785160575857 0.41140642303433006 0.77062569213732 0.41071428571428575 0.7678571428571428 0.41071428571428575 0.7637043189368771 0.41036821705426363 0.7602436323366555 0.41036821705426363 0.7567829457364341 0.41140642303433006 0.7533222591362125 0.41209856035437437 0.7512458471760797 0.415905315614618 0.7477851605758582 0.4190199335548173 0.7467469545957918 0.4245570321151717 0.7457087486157252 0.4280177187153932 0.7457087486157252 0.43251661129568114 0.7460548172757474 0.4359772978959026 0.7467469545957918 0.4394379844961241 0.7477851605758582 0.4418604651162791 0.7488233665559246 0.4449750830564784 0.7502076411960132 0.4491279069767442 0.7526301218161683 0.45189645625692143 0.7543604651162791 0.4560492801771872 0.7571290143964562 0.45916389811738656 0.7598975636766334 0.462624584717608 0.7630121816168328 0.4647009966777409 0.7650885935769657 0.46643133997785163 0.7671650055370985 0.4691998892580288 0.7699335548172758 0.47266057585825033 0.7744324473975637 0.4750830564784054 0.7782392026578073 0.4768133997785161 0.7827380952380951 0.47854374307862685 0.7879291251384274 0.4795819490586933 0.7941583610188261 0.4795819490586933 0.8007336655592469 0.47888981173864903 0.8055786267995569 0.47715946843853824 0.8093853820598007 0.4740448504983389 0.8125 0.4691998892580288 0.8145764119601329 0.46608527131782945 0.8156146179401993 0.46227851605758585 0.8159606866002214 0.4557032115171651 0.8159606866002214 0.45189645625692143 0.8149224806201549 0.4470514950166113 0.8128460686600221 0.44220653377630126 0.810077519379845 0.4380537098560355 0.808001107419712 0.4335548172757476 0.8052325581395349
1 0.2771317829457365 0.8024640088593576 0.27055647840531566 0.7969269102990033 0.2670957918050942 0.7934662236987818 0.264327242524917 0.7903516057585824 0.2629429678848284 0.7879291251384274 0.26052048726467336 0.7837763012181616 0.2587901439645626 0.779969545957918 0.2587901439645626 0.7772009966777408 0.2577519379844962 0.7727021040974529 0.2570598006644519 0.7692414174972314 0.2570598006644519 0.7657807308970099 0.2570598006644519 0.7616279069767441 0.2587901439645626 0.759205426356589 0.26017441860465124 0.7557447397563677 0.26155869324473985 0.7533222591362125 0.2636351052048727 0.7512458471760797 0.26605758582502775 0.7502076411960132 0.26986434108527135 0.7498615725359911 0.27505537098560356 0.749515503875969 0.27851605758582504 0.749515503875969 0.2837070874861573 0.7505537098560354 0.28716777408637884 0.7515919158361019 0.2913205980066446 0.7533222591362125 0.2947812846068661 0.7547065337763013 0.29858803986710963 0.7567829457364341 0.30274086378737547 0.7595514950166112 0.30550941306755264 0.7633582502768549 0.30758582502768556 0.7671650055370985 0.3096622369878184 0.7716638981173864 0.31104651162790703 0.7761627906976744 0.31243078626799564 0.7803156146179402 0.3134689922480621 0.7837763012181616 0.3141611295681063 0.786890919158361 0.3148532668881507 0.7924280177187153 0.315545404208195 0.7965808416389811 0.3151993355481728 0.8003875968992247 0.3138150609080842 0.803156146179402 0.31208471760797346 0.8055786267995569 0.3079318936877077 0.8076550387596898 0.30204872646733116 0.8086932447397562 0.29616555924695465 0.8086932447397562 0.29062846068660025 0.808001107419712 0.28612956810631235 0.8069629014396456 0.28059246954595796 0.8052325581395349
1 0.560562015503876 0.8879429678848283 0.5529485049833887 0.8848283499446289 0.5487956810631228 0.8820598006644518 0.5446428571428571 0.8789451827242524 0.5429125138427463 0.8772148394241417 0.5404900332225914 0.8751384274640088 0.5373754152823921 0.8723698781838317 0.5349529346622369 0.8699473975636766 0.5328765227021042 0.8668327796234773 0.5318383167220377 0.8640642303433002 0.5308001107419712 0.8609496124031008 0.5304540420819491 0.8571428571428571 0.5308001107419712 0.8533361018826134 0.532530454042082 0.8495293466223699 0.5349529346622369 0.8467607973421926 0.5377214839424141 0.8446843853820597 0.5401439645625692 0.842954042081949 0.5425664451827242 0.8415697674418604 0.5453349944629015 0.840531561461794 0.5477574750830564 0.8394933554817274 0.5515642303433002 0.8391472868217054 0.5550249169435215 0.838455149501661 0.5602159468438538 0.8370708748615725 0.5643687707641195 0.8367248062015503 0.5692137320044297 0.8363787375415281 0.574750830564784 0.8360326688815061 0.5799418604651162 0.8356866002214839 0.5827104097452935 0.8356866002214839 0.5858250276854928 0.8356866002214839 0.5896317829457364 0.8370708748615725 0.59343853820598 0.8388012181616832 0.5975913621262458 0.8408776301218162 0.6017441860465116 0.8426079734219268 0.6055509413067551 0.8446843853820597 0.6090116279069767 0.8467607973421926 0.6124723145071982 0.8491832779623477 0.6155869324473976 0.8512596899224806 0.6187015503875969 0.8536821705426356 0.6207779623477298 0.856796788482835 0.6225083056478405 0.8599114064230343 0.6238925802879292 0.863718161683278 0.6252768549280177 0.868563122923588 0.6252768549280177 0.8727159468438538 0.6232004429678848 0.8765227021040973 0.6200858250276854 0.8803294573643411 0.6183554817275747 0.8820598006644518 0.6152408637873754 0.8848283499446289 0.6128183831672203 0.8869047619047618 0.6100498338870431 0.8886351052048727 0.607281284606866 0.8900193798449612 0.6045127353266887 0.8910575858250276 0.5996677740863787 0.891749723145072 0.59343853820598 0.892095791805094 0.5879014396456257 0.892095791805094 0.5834025470653378 0.892095791805094 0.5802879291251384 0.892095791805094 0.5768272425249169 0.891749723145072 0.5726744186046511 0.8910575858250276 0.5685215946843853 0.8903654485049833
1 0.7097176079734219 0.8633720930232557 0.7031423034330011 0.8540282392026577 0.7021040974529347 0.8512596899224806 0.7010658914728682 0.8491832779623477 0.6996816168327796 0.8471068660022147 0.6982973421926909 0.8446843853820597 0.6976052048726467 0.8412236987818383 0.6969130675526024 0.8381090808416389 0.6969130675526024 0.8360326688815061 0.6969130675526024 0.8325719822812846 0.6965669988925802 0.8294573643410852 0.6969130675526024 0.8263427464008859 0.6979512735326688 0.8232281284606865 0.6993355481727573 0.8214977851605758 0.7007198228128461 0.8197674418604651 0.7031423034330011 0.8166528239202658 0.705218715393134 0.8135382059800664 0.7072951273532669 0.8114617940199336 0.710063676633444 0.8097314507198228 0.7131782945736433 0.8086932447397562 0.7152547065337763 0.8083471760797342 0.7180232558139534 0.8083471760797342 0.7221760797342192 0.8083471760797342 0.7245985603543743 0.8090393133997785 0.7277131782945736 0.8097314507198228 0.730827796234773 0.8111157253599114 0.7342884828349944 0.8128460686600221 0.7367109634551494 0.8142303433001107 0.7394795127353266 0.8166528239202658 0.7415559246954595 0.819421373200443 0.7439784053156145 0.8235741971207087 0.745016611295681 0.8263427464008859 0.7457087486157252 0.8294573643410852 0.7467469545957918 0.8322259136212623 0.7477851605758582 0.8343023255813953 0.7491694352159468 0.8377630121816168 0.7502076411960132 0.8415697674418604 0.7508997785160575 0.8457225913621261 0.7512458471760797 0.8484911406423035 0.7498615725359911 0.8533361018826134 0.7481312292358804 0.8571428571428571 0.7453626799557032 0.8626799557032114 0.7419019933554817 0.8671788482834994 0.738095238095238 0.8696013289036544 0.7346345514950166 0.8706395348837208 0.7297895902547065 0.8706395348837208 0.7228682170542636 0.870985603543743 0.7183693244739756 0.8696013289036544 0.7162929125138427 0.8689091915836101 0.7138704318936876 0.8675249169435215
1 0.6467331118493909 0.9613095238095237 0.6411960132890365 0.9581949058693244 0.6394656699889257 0.9557724252491694 0.637735326688815 0.9540420819490586 0.6360049833887043 0.9509274640088593 0.6346207087486156 0.9481589147286821 0.6335825027685492 0.945390365448505 0.6321982281284607 0.9426218161683277 0.6321982281284607 0.9395071982281283 0.6321982281284607 0.936046511627907 0.6321982281284607 0.9322397563676632 0.6335825027685492 0.9287790697674418 0.6360049833887043 0.9260105204872645 0.6380813953488372 0.9239341085271316 0.6405038759689922 0.922203765227021 0.6432724252491694 0.9211655592469545 0.6481173864894795 0.9211655592469545 0.6536544850498339 0.9215116279069767 0.6574612403100775 0.9218576965669989 0.6605758582502769 0.9225498338870431 0.6647286821705426 0.9232419712070874 0.6688815060908084 0.9239341085271316 0.6723421926910299 0.9242801771871538 0.6747646733111848 0.924626245847176 0.6768410852713178 0.9253183831672203 0.6785714285714286 0.9263565891472868 0.6806478405315615 0.9280869324473975 0.6834163898117386 0.9305094130675525 0.6851467331118494 0.9322397563676632 0.6879152823920265 0.9350083056478405 0.6892995570321151 0.9367386489479512 0.6903377630121815 0.9391611295681063 0.691375968992248 0.9419296788482835 0.6917220376522702 0.945736434108527 0.6917220376522702 0.9495431893687708 0.6906838316722037 0.9533499446290143 0.6886074197120708 0.9575027685492802 0.686531007751938 0.9602713178294573 0.6848006644518273 0.9623477297895902 0.6827242524916943 0.964078073089701 0.6792635658914729 0.964424141749723 0.6764950166112957 0.9647702104097452 0.6730343300110742 0.9647702104097452 0.6688815060908084 0.9647702104097452 0.6623062015503876 0.9647702104097452 0.6581533776301217 0.9647702104097452 0.6550387596899224 0.964078073089701 0.6512320044296788 0.9630398671096345
1 0.49515503875968997 0.9796511627906975 0.48857973421926915 0.9768826135105204 0.4868493909191584 0.9754983388704318 0.48408084163898124 0.9727297895902546 0.4820044296788483 0.9703073089700995 0.4802740863787376 0.9675387596899224 0.47888981173864903 0.9647702104097452 0.47750553709856036 0.9623477297895902 0.47646733111849393 0.9588870431893688 0.4761212624584718 0.9554263565891472 0.4761212624584718 0.9519656699889257 0.4768133997785161 0.9485049833887043 0.47888981173864903 0.945390365448505 0.48165836101882614 0.9436600221483942 0.4847729789590255 0.9415836101882612 0.48788759689922484 0.9398532668881505 0.49065614617940206 0.9388150609080841 0.49411683277962354 0.9381229235880398 0.4989617940199336 0.9377768549280177 0.5041528239202658 0.9374307862679955 0.5079595791805095 0.9374307862679955 0.5117663344407531 0.9384689922480619 0.516265227021041 0.9395071982281283 0.518687707641196 0.9405454042081948 0.5228405315614618 0.9422757475083057 0.525609080841639 0.9436600221483942 0.5276854928017719 0.9450442967884828 0.5294158361018827 0.9460825027685492 0.5314922480620156 0.9474667774086378 0.5335686600221483 0.9491971207087485 0.5363372093023256 0.9512735326688815 0.5387596899224806 0.9540420819490586 0.5404900332225914 0.9568106312292358 0.5418743078626799 0.9599252491694352 0.5425664451827242 0.9623477297895902 0.5429125138427463 0.9654623477297896 0.5429125138427463 0.9682308970099668 0.5425664451827242 0.971345514950166 0.5418743078626799 0.9741140642303433 0.5404900332225914 0.9765365448504982 0.5380675526024363 0.9789590254706533 0.5349529346622369 0.9810354374307863 0.5314922480620156 0.9827657807308969 0.5276854928017719 0.9844961240310077 0.5245708748615726 0.9855343300110742 0.520764119601329 0.9858803986710962 0.5169573643410853 0.9855343300110742 0.5121124031007752 0.9848421926910298 0.5072674418604651 0.9841500553709855 0.5031146179401994 0.9831118493909191
1 0.38337486157253603 0.9671926910299004 0.3781838316722038 0.9751522702104097 0.3757613510520488 0.9772286821705426 0.3726467331118494 0.9799972314507197 0.37057032115171656 0.9817275747508305 0.36849390919158365 0.9834579180509413 0.3650332225913622 0.9855343300110742 0.36330287929125143 0.9865725359911406 0.35984219269102996 0.9886489479512736 0.35638150609080843 0.9900332225913621 0.35292081949058696 0.9917635658914729 0.3487679955703212 0.9928017718715393 0.3446151716500554 0.9938399778516057 0.3404623477297896 0.9941860465116278 0.33630952380952384 0.9941860465116278 0.33250276854928024 0.99453211517165 0.327311738648948 0.99453211517165 0.32315891472868224 0.99453211517165 0.31831395348837216 0.9938399778516057 0.315545404208195 0.9928017718715393 0.3151993355481728 0.9910714285714285 0.315545404208195 0.9872646733111848 0.31727574750830567 0.9838039867109634 0.3193521594684386 0.9793050941306755 0.32073643410852715 0.9761904761904762 0.3221207087486158 0.9734219269102989 0.32350498338870437 0.9706533776301217 0.3252353266888151 0.9675387596899224 0.32696566998892584 0.9654623477297896 0.32834994462901446 0.9633859357696566 0.3304263565891474 0.9609634551495017 0.33284883720930236 0.9588870431893688 0.3359634551495017 0.9568106312292358 0.33907807308970106 0.954734219269103 0.34253875968992253 0.9530038759689922 0.3453073089700997 0.9516196013289037 0.34842192691029905 0.9498892580287929 0.3518826135105205 0.9481589147286821 0.355343300110742 0.9467746400885935 0.3594961240310078 0.9446982281284606 0.3619186046511629 0.9440060908084164 0.3650332225913622 0.9433139534883721 0.36814784053156147 0.9419296788482835 0.3709163898117387 0.9405454042081948 0.3729928017718716 0.9398532668881505 0.3761074197120709 0.9395071982281283 0.37991417497231456 0.9395071982281283 0.3823366555924696 0.9395071982281283 0.3851052048726468 0.9412375415282391 0.3864894795127354 0.9433139534883721 0.3875276854928018 0.9471207087486156 0.38787375415282394 0.9523117386489479 0.3882198228128461 0.9557724252491694 0.38787375415282394 0.9588870431893688 0.3857973421926911 0.9633859357696566
1 0.315545404208195 0.9208194905869325 0.30827796234772986 0.9308554817275747 0.30620155038759694 0.9329318936877076 0.3044712070874862 0.9353543743078626 0.30274086378737547 0.9374307862679955 0.30101052048726473 0.9391611295681063 0.2978959025470654 0.9415836101882612 0.2951273532668882 0.9433139534883721 0.29201273532668887 0.9440060908084164 0.2878599114064231 0.9446982281284606 0.2840531561461795 0.9450442967884828 0.28024640088593583 0.9450442967884828 0.2757475083056479 0.9446982281284606 0.2733250276854928 0.9440060908084164 0.27021040974529353 0.9422757475083057 0.2677879291251385 0.9381229235880398 0.2664036544850499 0.9353543743078626 0.2664036544850499 0.9305094130675525 0.2664036544850499 0.9256644518272424 0.2670957918050942 0.9215116279069767 0.26813399778516067 0.9125138427464009 0.2684800664451828 0.9093992248062015 0.27194075304540427 0.9021317829457364 0.2733250276854928 0.8990171650055371 0.27436323366555926 0.8959025470653378 0.27678571428571436 0.8941722037652269 0.2795542635658915 0.8924418604651162 0.28128460686600226 0.891749723145072 0.2833610188261352 0.8893272425249169 0.28612956810631235 0.887250830564784 0.2885520487264674 0.8851744186046511 0.2913205980066446 0.8834440753045404 0.2937430786267996 0.8820598006644518 0.2958194905869325 0.8810215946843853 0.29893410852713187 0.8803294573643411 0.30101052048726473 0.8799833887043189 0.3034330011074198 0.8799833887043189 0.30550941306755264 0.8799833887043189 0.308624031007752 0.8810215946843853 0.31104651162790703 0.8820598006644518 0.3131229235880399 0.8834440753045404 0.3151993355481728 0.8858665559246953 0.31692967884828355 0.8879429678848283 0.31866002214839434 0.8907115171650055 0.3193521594684386 0.8931339977851604 0.3200442967884829 0.8962486157253599 0.320390365448505 0.8997093023255813 0.320390365448505 0.9031699889258029 0.3200442967884829 0.9062846068660022 0.3193521594684386 0.9097452934662236 0.31866002214839434 0.9135520487264673 0.31727574750830567 0.9170127353266887
1 0.8239202657807309 0.9384689922480619 0.8211517165005536 0.9374307862679955 0.8169988925802879 0.9357004429678848 0.8145764119601329 0.9343161683277962 0.8125 0.9325858250276854 0.810077519379845 0.9301633444075303 0.8083471760797342 0.9277408637873754 0.8059246954595791 0.9249723145071981 0.8041943521594684 0.9228959025470652 0.8028100775193798 0.9208194905869325 0.8017718715393134 0.9183970099667774 0.8017718715393134 0.9138981173864894 0.8017718715393134 0.9097452934662236 0.8021179401993356 0.9066306755260243 0.8035022148394241 0.9038621262458472 0.8062707641196013 0.9007475083056478 0.8093853820598007 0.8976328903654485 0.8118078626799556 0.8959025470653378 0.8152685492801771 0.8945182724252491 0.8190753045404208 0.8934800664451826 0.8235741971207087 0.8924418604651162 0.8277270210409745 0.892095791805094 0.8298034330011074 0.892095791805094 0.833610188261351 0.8927879291251384 0.8367248062015503 0.8934800664451826 0.8394933554817274 0.8941722037652269 0.842954042081949 0.8948643410852714 0.8457225913621261 0.8959025470653378 0.849875415282392 0.8972868217054263 0.8540282392026577 0.8993632336655591 0.8574889258028793 0.9007475083056478 0.8609496124031008 0.9024778516057584 0.863718161683278 0.9042081949058693 0.8682170542635659 0.9073228128460686 0.8751384274640088 0.9118217054263565 0.8768687707641195 0.912859911406423 0.8785991140642302 0.9135520487264673 0.8817137320044296 0.9159745293466223 0.8841362126245846 0.9173588039867109 0.8862126245847175 0.9190891472868217 0.8882890365448505 0.9211655592469545 0.8896733111849391 0.9235880398671096 0.8900193798449612 0.9263565891472868 0.8903654485049833 0.9284330011074197 0.8896733111849391 0.9305094130675525 0.8879429678848283 0.931547619047619 0.8858665559246953 0.9318936877076411 0.882751937984496 0.9325858250276854 0.8799833887043189 0.9332779623477296 0.8779069767441859 0.9339700996677741 0.8754844961240309 0.936392580287929 0.8734080841638981 0.9377768549280177 0.870985603543743 0.9398532668881505 0.8675249169435215 0.9415836101882612 0.8619878183831672 0.9429678848283499 0.8574889258028793 0.9433139534883721 0.852297895902547 0.9436600221483942 0.849875415282392 0.9436600221483942 0.8453765227021041 0.9436600221483942 0.8422619047619048 0.9436600221483942 0.8377630121816168 0.9433139534883721 0.8356866002214839 0.9429678848283499 0.8329180509413068 0.9419296788482835
1 0.891749723145072 0.5297619047619048 0.8858665559246953 0.5342607973421927 0.8837901439645625 0.5359911406423035 0.8789451827242524 0.5380675526024363 0.8758305647840531 0.5391057585825028 0.873062015503876 0.539797895902547 0.8702934662236987 0.5408361018826134 0.8675249169435215 0.5418743078626799 0.8651024363233666 0.542220376522702 0.8609496124031008 0.5415282392026578 0.8574889258028793 0.5391057585825028 0.8554125138427463 0.5363372093023256 0.8540282392026577 0.5342607973421927 0.8526439645625692 0.5318383167220377 0.8512596899224806 0.5294158361018827 0.8502214839424141 0.5269933554817275 0.849875415282392 0.5249169435215947 0.849875415282392 0.5228405315614618 0.8502214839424141 0.520764119601329 0.8509136212624584 0.5183416389811739 0.8519518272425248 0.516265227021041 0.8536821705426356 0.513842746400886 0.8561046511627907 0.5114202657807309 0.8574889258028793 0.509343853820598 0.85921926910299 0.5065753045404209 0.8612956810631228 0.5041528239202658 0.8633720930232557 0.502422480620155 0.8671788482834994 0.5006921373200444 0.8706395348837208 0.5006921373200444 0.8741002214839424 0.4996539313399779 0.8765227021040973 0.49861572535991144 0.8792912513842747 0.4982696566998893 0.8817137320044296 0.4982696566998893 0.8848283499446289 0.49861572535991144 0.887250830564784 0.4996539313399779 0.8893272425249169 0.5003460686600222 0.8910575858250276 0.5013842746400886 0.8931339977851604 0.5034606866002215 0.8945182724252491 0.5058831672203765 0.8955564784053156 0.5079595791805095 0.8972868217054263 0.5107281284606866 0.8979789590254706 0.5131506090808416 0.8983250276854927 0.5159191583610189 0.8983250276854927 0.5193798449612403 0.896594684385382 0.5228405315614618 0.8945182724252491 0.5259551495016611
1 0.8741002214839424 0.4487818383167221 0.8654485049833887 0.44220653377630126 0.8633720930232557 0.4404761904761905 0.8612956810631228 0.4377076411960133 0.85921926910299 0.4356312292358805 0.8571428571428571 0.43286267995570327 0.8550664451827241 0.43078626799557035 0.8529900332225913 0.4273255813953489 0.8516057585825028 0.4242109634551496 0.8502214839424141 0.42075027685492805 0.8491832779623477 0.4172895902547066 0.8484911406423035 0.413482834994463 0.847799003322259 0.4096760797342193 0.847799003322259 0.40552325581395354 0.8484911406423035 0.40102436323366564 0.8502214839424141 0.3975636766334441 0.8519518272425248 0.39514119601328906 0.8564507198228128 0.3937569213732005 0.8609496124031008 0.3930647840531562 0.8651024363233666 0.3930647840531562 0.8692552602436323 0.3930647840531562 0.8727159468438538 0.3934108527131783 0.8768687707641195 0.39410299003322263 0.8803294573643411 0.3954872646733112 0.8830980066445182 0.3961794019933555 0.887250830564784 0.397217607973422 0.891749723145072 0.3989479512735327 0.8948643410852714 0.40033222591362133 0.8979789590254706 0.40206256921373207 0.9004014396456256 0.40379291251384275 0.9024778516057584 0.40586932447397567 0.9038621262458472 0.4072535991140643 0.9062846068660022 0.41002214839424145 0.9087070874861571 0.4131367663344408 0.9118217054263565 0.4176356589147287 0.9135520487264673 0.4204042081949059 0.9159745293466223 0.4245570321151717 0.9187430786267996 0.4297480620155039 0.919781284606866 0.43286267995570327 0.9215116279069767 0.43701550387596905 0.922203765227021 0.4397840531561462 0.9225498338870431 0.44359080841638987 0.9225498338870431 0.4487818383167221 0.9204734219269103 0.45224252491694356 0.9149363233665558 0.4560492801771872 0.9100913621262458 0.45777962347729795 0.9052464008859358 0.4581256921373201 0.9000553709856035 0.4584717607973422 0.8972868217054263 0.4584717607973422 0.8931339977851604 0.45708748615725364 0.8900193798449612 0.4560492801771872 0.8862126245847175 0.4543189368770764 0.8830980066445182 0.45328073089701 0.8779069767441859 0.4512043189368771
1 0.8619878183831672 0.24460132890365452 0.8526439645625692 0.24114064230343307 0.8495293466223699 0.23941029900332234 0.8464147286821705 0.23802602436323372 0.8426079734219268 0.23387320044296794 0.840531561461794 0.23110465116279075 0.8381090808416389 0.22799003322259143 0.8367248062015503 0.22522148394241423 0.8356866002214839 0.22245293466223703 0.8346483942414175 0.21933831672203769 0.8339562569213732 0.21587763012181624 0.8329180509413068 0.21172480620155046 0.8325719822812846 0.20895625692137326 0.8329180509413068 0.20653377630121822 0.8343023255813953 0.20376522702104102 0.8360326688815061 0.20134274640088598 0.838455149501661 0.19961240310077524 0.8422619047619048 0.19753599114064235 0.8464147286821705 0.19615171650055377 0.8505675526024363 0.1951135105204873 0.8554125138427463 0.19442137320044303 0.8612956810631228 0.19442137320044303 0.866140642303433 0.19476744186046518 0.870985603543743 0.19615171650055377 0.8754844961240309 0.1971899224806202 0.8810215946843853 0.19892026578073096 0.8865586932447397 0.20099667774086385 0.8914036544850498 0.2041112956810632 0.8955564784053156 0.20757198228128465 0.8993632336655591 0.21172480620155046 0.9024778516057584 0.2162236987818384 0.9052464008859358 0.22003045404208202 0.9073228128460686 0.22314507198228134 0.9090531561461793 0.22764396456256927 0.9093992248062015 0.23248892580287933 0.9083610188261351 0.23525747508305656 0.90593853820598 0.23837209302325588 0.9038621262458472 0.24114064230343307 0.9010935769656699 0.24390919158361024 0.8979789590254706 0.2466777408637874 0.8948643410852714 0.24840808416389817 0.892095791805094 0.24910022148394248 0.8896733111849391 0.24944629014396463 0.8869047619047618 0.24944629014396463 0.8834440753045404 0.24944629014396463 0.8796373200442967 0.24944629014396463 0.8754844961240309 0.24910022148394248 0.8716777408637874 0.24840808416389817 0.868563122923588 0.24771594684385387 0.8654485049833887 0.2466777408637874
1 0.9488510520487263 0.29685769656699895 0.9429678848283499 0.29166666666666674 0.9395071982281283 0.2888981173864895 0.9357004429678848 0.28543743078626804 0.9339700996677741 0.2840531561461795 0.9322397563676632 0.28197674418604657 0.9308554817275747 0.2799003322259137 0.9298172757475083 0.2774778516057586 0.9291251384274639 0.27540143964562575 0.9291251384274639 0.27505537098560356 0.9284330011074197 0.27159468438538215 0.9277408637873754 0.26813399778516067 0.9277408637873754 0.26467331118493914 0.9294712070874861 0.26155869324473985 0.931547619047619 0.2577519379844962 0.9350083056478405 0.25602159468438546 0.9374307862679955 0.25532945736434115 0.9398532668881505 0.25498338870431897 0.9429678848283499 0.25498338870431897 0.9471207087486156 0.25498338870431897 0.9498892580287929 0.2563676633444076 0.9519656699889257 0.2577519379844962 0.9543881506090808 0.25948228128460693 0.9575027685492802 0.2608665559246955 0.9613095238095237 0.2629429678848284 0.964078073089701 0.26501937984496127 0.9675387596899224 0.2670957918050942 0.9706533776301217 0.2691722037652271 0.9748062015503876 0.27159468438538215 0.9772286821705426 0.2733250276854928 0.9803433001107419 0.2757475083056479 0.9824197120708749 0.2778239202657808 0.9841500553709855 0.2799003322259137 0.9841500553709855 0.28751384274640096 0.9831118493909191 0.2892441860465117 0.9820736434108527 0.29201273532668887 0.980689368770764 0.2947812846068661 0.9796511627906975 0.2972037652270211 0.9765365448504982 0.2996262458471761 0.9741140642303433 0.30101052048726473 0.9709994462901439 0.30135658914728686 0.9682308970099668 0.30135658914728686 0.9661544850498339 0.30135658914728686 0.9623477297895902 0.30135658914728686 0.9592331118493909 0.30135658914728686 0.9557724252491694 0.30101052048726473 0.9530038759689922 0.2996262458471761
1 0.9969545957918051 0.21760797342192698 0.9924557032115171 0.21691583610188267 0.9889950166112956 0.21656976744186052 0.9865725359911406 0.21587763012181624 0.9834579180509413 0.2141472868217055 0.9813815060908084 0.21241694352159474 0.978266888150609 0.20999446290143972 0.9751522702104097 0.20791805094130683 0.9727297895902546 0.20584163898117394 0.9703073089700995 0.20341915836101887 0.9678848283499446 0.20030454042081955 0.9623477297895902 0.19234496124031014 0.9613095238095237 0.18853820598006651 0.9606173864894795 0.18542358803986717 0.9599252491694352 0.18230897009966782 0.959579180509413 0.17884828349944637 0.959579180509413 0.17538759689922487 0.959579180509413 0.17192691029900337 0.9599252491694352 0.16881229235880407 0.9606173864894795 0.16673588039867118 0.9623477297895902 0.1643133997785161 0.9647702104097452 0.16258305647840537 0.9668466223698782 0.1608527131782946 0.9685769656699889 0.15981450719822818 0.9706533776301217 0.15946843853820605 0.9734219269102989 0.1591223698781839 0.9761904761904762 0.15877630121816175 0.9799972314507197 0.15808416389811744 0.9841500553709855 0.15773809523809532 0.9862264673311184 0.15773809523809532 0.98968715393134 0.15808416389811744 0.9914174972314507 0.15877630121816175 0.9941860465116278 0.16016057585825033 0.9966085271317829 0.16189091915836107 0.9989583333333333 0.1648281769102992 0.9989583333333333 0.21899224806201556
1 0.6910299003322258 0.0691445182724253 0.6886074197120708 0.06879844961240315 0.6803017718715393 0.06602990033222597 0.6775332225913622 0.06499169435215953 0.675110741971207 0.06360741971207093 0.6730343300110742 0.06222314507198234 0.6706118493909191 0.06049280177187159 0.6692275747508306 0.05807032115171655 0.6678433001107419 0.05599390919158367 0.6664590254706533 0.053571428571428624 0.6654208194905868 0.05080287929125144 0.6654208194905868 0.048726467331118545 0.6654208194905868 0.04630398671096351 0.665766888150609 0.043535437430786326 0.6664590254706533 0.040074750830564845 0.6668050941306755 0.03799833887043195 0.6678433001107419 0.03592192691029906 0.6692275747508306 0.033153377630121876 0.6706118493909191 0.031076965669988986 0.6730343300110742 0.0283084163898118 0.6754568106312292 0.02657807308970106 0.67718715393134 0.025539867109634615 0.6799557032115171 0.024501661129568166 0.6834163898117386 0.02346345514950172 0.686531007751938 0.02242524916943528 0.6910299003322258 0.021387043189368835 0.6955287929125138 0.020348837209302386 0.7000276854928018 0.02000276854928024 0.7031423034330011 0.02000276854928024 0.7069490586932446 0.02000276854928024 0.710063676633444 0.02000276854928024 0.7121400885935769 0.020348837209302386 0.7156007751937985 0.020694905869324536 0.719407530454042 0.021387043189368835 0.7228682170542636 0.02207918050941313 0.7266749723145072 0.022771317829457426 0.72875138427464 0.023117386489479575 0.730827796234773 0.023809523809523874 0.7335963455149501 0.024847729789590316 0.7370570321151716 0.02657807308970106 0.7384413067552601 0.0283084163898118 0.7408637873754153 0.03038482834994469 0.7429401993355481 0.03280730897009973 0.7443244739756367 0.035229789590254766 0.7453626799557032 0.0376522702104098 0.7460548172757474 0.040420819490586984 0.7460548172757474 0.043535437430786326 0.7460548172757474 0.04595791805094136 0.7453626799557032 0.04803433001107425 0.7443244739756367 0.05011074197120714 0.7429401993355481 0.05287929125138433 0.7419019933554817 0.05530177187153937 0.7408637873754153 0.05772425249169441 0.7398255813953488 0.0598006644518273 0.7387873754152824 0.061531007751938045 0.7363648947951272 0.06326135105204879 0.730827796234773 0.06776024363233672 0.7284053156146179 0.06949058693244745 0.7256367663344407 0.07052879291251389 0.7207918050941307 0.07087486157253604 0.7159468438538206 0.0712209302325582 0.7114479512735327 0.07156699889258035 0.7083333333333334 0.07156699889258035 0.7045265780730896 0.07156699889258035 0.7007198228128461 0.07156699889258035 0.6965669988925802 0.07087486157253604
1 0.4955011074197121 0.05114894795127359 0.49238648947951275 0.04665005537098566 0.48892580287929127 0.04180509413067558 0.48788759689922484 0.039382613510520546 0.48788759689922484 0.0376522702104098 0.48857973421926915 0.035229789590254766 0.4892718715393134 0.03280730897009973 0.49065614617940206 0.03073089700996684 0.49238648947951275 0.0283084163898118 0.49446290143964566 0.02623200442967891 0.4965393133997785 0.02346345514950172 0.4989617940199336 0.02242524916943528 0.5017303433001108 0.02207918050941313 0.5062292358803987 0.02173311184939098 0.5117663344407531 0.02173311184939098 0.5148809523809524 0.02173311184939098 0.5183416389811739 0.02207918050941313 0.5228405315614618 0.022771317829457426 0.5269933554817275 0.023809523809523874 0.5311461794019934 0.024501661129568166 0.5352990033222592 0.024501661129568166 0.539797895902547 0.025193798449612465 0.5439507198228128 0.02623200442967891 0.5477574750830564 0.028654485049833946 0.5508720930232557 0.03142303433001113 0.553640642303433 0.03419158361018832 0.556063122923588 0.036614064230343364 0.558485603543743 0.03972868217054269 0.560562015503876 0.04249723145071988 0.5622923588039866 0.04665005537098566 0.5640227021040974 0.05080287929125144 0.5650609080841639 0.05460963455149507 0.5650609080841639 0.0584163898117387 0.5654069767441859 0.06222314507198234 0.5650609080841639 0.06568383167220382 0.5636766334440753 0.068452380952381 0.5619462901439646 0.07156699889258035 0.556063122923588 0.07364341085271324 0.5543327796234773 0.07398947951273538 0.5487956810631228 0.07641196013289041 0.5470653377630121 0.07675802879291257 0.5436046511627908 0.07675802879291257 0.5404900332225914 0.07675802879291257 0.5359911406423035 0.07571982281284613 0.5328765227021042 0.07433554817275752 0.5304540420819491 0.07295127353266893 0.5283776301218163 0.07156699889258035 0.5259551495016611 0.07018272425249175 0.5224944629014396 0.068452380952381 0.5197259136212625 0.06706810631229242 0.5169573643410853 0.06568383167220382 0.513842746400886 0.06429955703211523 0.5114202657807309 0.06326135105204879 0.5096899224806202 0.06222314507198234 0.5062292358803987 0.06049280177187159 0.5027685492801772 0.0584163898117387 0.49930786267995575 0.05599390919158367
0 0.651578073089701 0.2127630121816169 0.647079180509413 0.20757198228128465 0.6394656699889257 0.19961240310077524 0.6335825027685492 0.1951135105204873 0.6304678848283499 0.191998892580288 0.6294296788482835 0.18957641196013295 0.6294296788482835 0.18680786267995578 0.6321982281284607 0.185077519379845 0.63531284606866 0.1892303433001108 0.6366971207087485 0.19130675526024368 0.6387735326688815 0.1926910299003323 0.6436184939091915 0.19684385382059807 0.6477713178294573 0.2006506090808417 0.6505398671096345 0.2041112956810632 0.6578073089700996 0.21172480620155046 0.6602297895902546 0.21241694352159474 0.6629983388704319 0.21310908084163904 0.6647286821705426 0.21449335548172763 0.6654208194905868 0.2162236987818384 0.6636904761904762 0.21760797342192698 0.6619601328903655 0.21830011074197128 0.6595376522702103 0.21795404208194913 0.6567691029900332 0.21656976744186052
0 0.8727159468438538 0.2262596899224807 0.8668327796234773 0.22141472868217058 0.8640642303433002 0.21968438538205987 0.8623338870431893 0.21899224806201556 0.8595653377630121 0.21760797342192698 0.8578349944629015 0.21691583610188267 0.8554125138427463 0.21587763012181624 0.8529900332225913 0.21483942414174978 0.8509136212624584 0.21345514950166117 0.8484911406423035 0.21241694352159474 0.8471068660022147 0.20964839424141754 0.8502214839424141 0.20757198228128465 0.8526439645625692 0.20757198228128465 0.8557585825027686 0.2086101882613511 0.8595653377630121 0.21034053156146185 0.8623338870431893 0.2120708748615726 0.8651024363233666 0.2141472868217055 0.8668327796234773 0.21518549280177193 0.8706395348837208 0.21726190476190482 0.873062015503876 0.2186461794019934 0.8744462901439646 0.21933831672203769 0.8765227021040973 0.22037652270210414 0.8792912513842747 0.2221068660022149 0.882405869324474 0.22383720930232565 0.8844822812846068 0.22556755260243638 0.8855204872646733 0.2286821705426357 0.882751937984496 0.2286821705426357 0.8796373200442967 0.2286821705426357 0.8761766334440753 0.22764396456256927
0 0.8910575858250276 0.434593023255814 0.882751937984496 0.4273255813953489 0.8734080841638981 0.418327796234773 0.8713316722037653 0.41659745293466227 0.8696013289036544 0.41521317829457366 0.8671788482834994 0.4131367663344408 0.8647563676633444 0.41071428571428575 0.8633720930232557 0.4086378737541529 0.8633720930232557 0.4069075304540421 0.8651024363233666 0.40621539313399785 0.8675249169435215 0.4075996677740864 0.8706395348837208 0.41002214839424145 0.873062015503876 0.41244462901439655 0.8737541528239202 0.413482834994463 0.8820598006644518 0.42144241417497236 0.8893272425249169 0.42767165005537106 0.8955564784053156 0.4335548172757476 0.8976328903654485 0.434593023255814 0.8997093023255813 0.43632336655592474 0.901439645625692 0.4390919158361019 0.9010935769656699 0.4411683277962348 0.8986710963455149 0.44220653377630126 0.896594684385382 0.4401301218161684 0.8941722037652269 0.4377076411960133
0 0.4903100775193799 0.25117663344407537 0.4896179401993356 0.25117663344407537 0.48269656699889263 0.24840808416389817 0.47888981173864903 0.24598560354374313 0.4768133997785161 0.2449473975636767 0.47369878183831676 0.24252491694352163 0.4712763012181617 0.24044850498338877 0.47058416389811747 0.23837209302325588 0.47369878183831676 0.2366417497231451 0.4761212624584718 0.23733388704318945 0.47854374307862685 0.238718161683278 0.4806201550387597 0.23941029900332234 0.48338870431893693 0.2401024363233666 0.4858111849390919 0.2407945736434109 0.48788759689922484 0.24148671096345523 0.4910022148394242 0.24252491694352163 0.49307862679955705 0.2435631229235881 0.4958471760797343 0.24563953488372098 0.4989617940199336 0.24806201550387602 0.5006921373200444 0.25013842746400894 0.5027685492801772 0.252560908084164 0.502076411960133 0.25463732004429684 0.49930786267995575 0.25498338870431897 0.4961932447397564 0.25394518272425254
0 0.4567414174972315 0.16050664451827248 0.4505121816168328 0.1563538205980067 0.4480897009966778 0.15462347729789597 0.4453211517165006 0.15220099667774092 0.44359080841638987 0.15012458471760803 0.4446290143964563 0.1483942414174973 0.4470514950166113 0.14804817275747514 0.4494739756367664 0.1483942414174973 0.45293466223698786 0.15012458471760803 0.4553571428571429 0.1511627906976745 0.45743355481727577 0.15220099667774092 0.4608942414174973 0.15393133997785166 0.465047065337763 0.157045957918051 0.46781561461794025 0.15946843853820605 0.469545957918051 0.1608527131782946 0.4709302325581396 0.16362126245847183 0.4688538205980067 0.16465946843853826 0.4647009966777409 0.16396733111849396
0 0.7111018826135105 0.04941860465116285 0.7007198228128461 0.04976467331118499 0.6982973421926909 0.05011074197120714 0.6955287929125138 0.05080287929125144 0.6934523809523809 0.05114894795127359 0.6896456256921373 0.05080287929125144 0.6899916943521593 0.04768826135105211 0.6927602436323367 0.04595791805094136 0.6948366555924695 0.04457364341085277 0.6965669988925802 0.043535437430786326 0.6982973421926909 0.04284330011074203 0.7003737541528239 0.042151162790697735 0.7038344407530454 0.042151162790697735 0.707641196013289 0.04180509413067558 0.7107558139534883 0.04180509413067558 0.7142165005537098 0.04180509413067558 0.7187153931339978 0.042151162790697735 0.7214839424141749 0.04284330011074203 0.7232142857142857 0.04388150609080847 0.7228682170542636 0.044919712070874925 0.719407530454042 0.047342192691029954 0.7162929125138427 0.048380398671096406
0 0.9893410852713178 0.19372923588039873 0.9820736434108527 0.18576965669988932 0.9803433001107419 0.18369324473975643 0.9786129568106311 0.18161683277962354 0.9768826135105204 0.1791943521594685 0.9754983388704318 0.17607973421926915 0.9744601328903654 0.17296511627906982 0.9754983388704318 0.17088870431893696 0.9772286821705426 0.17088870431893696 0.9786129568106311 0.1712347729789591 0.980689368770764 0.17400332225913626 0.9817275747508305 0.17538759689922487 0.9834579180509413 0.1771179401993356 0.985188261351052 0.17815614617940204 0.9869186046511627 0.17954042081949065 0.9889950166112956 0.18230897009966782 0.9907253599114064 0.1847314507198229 0.9924557032115171 0.18750000000000006 0.9941860465116278 0.18957641196013295 0.9959163898117386 0.191998892580288 0.9976467331118494 0.19372923588039873 0.9989583333333333 0.19635243632336666 0.9989583333333333 0.19995847176079742 0.9989583333333333 0.20238095238095244 0.9962624584717606 0.20030454042081955 0.9934939091915835 0.19753599114064235
0 0.5266472868217055 0.4487818383167221 0.5200719822812847 0.45328073089701 0.5179955703211517 0.4546650055370986 0.5152270210409745 0.4557032115171651 0.5134966777408638 0.45639534883720934 0.5107281284606866 0.45777962347729795 0.5083056478405317 0.4584717607973422 0.5058831672203765 0.4584717607973422 0.504498892580288 0.4567414174972315 0.5055370985603544 0.45328073089701 0.5079595791805095 0.4494739756367664 0.5100359911406424 0.4473975636766335 0.5128045404208196 0.4453211517165006 0.5155730897009967 0.443936877076412 0.518687707641196 0.44220653377630126 0.523186600221484 0.44082225913621265 0.5259551495016611 0.4394379844961241 0.5290697674418605 0.4390919158361019 0.5314922480620156 0.4390919158361019 0.532530454042082 0.44082225913621265 0.5314922480620156 0.443936877076412 0.5294158361018827 0.44635935769656704
0 0.41625138427464015 0.5076135105204873 0.41521317829457366 0.5169573643410853 0.41279069767441867 0.5193798449612403 0.4110603543743079 0.5193798449612403 0.41002214839424145 0.5179955703211517 0.408983942414175 0.513842746400886 0.4093300110741972 0.5114202657807309 0.4096760797342193 0.5086517165005537 0.4110603543743079 0.5062292358803987 0.4117524916943522 0.504498892580288 0.4138289036544851 0.5038067552602437 0.41521317829457366 0.5041528239202658
0 0.5110741971207088 0.5567552602436323 0.5096899224806202 0.5705980066445182 0.5089977851605759 0.5740586932447397 0.5079595791805095 0.5768272425249169 0.506921373200443 0.5799418604651162 0.5055370985603544 0.5834025470653378 0.5038067552602437 0.5868632336655593 0.5027685492801772 0.5896317829457364 0.5006921373200444 0.5872093023255813 0.49930786267995575 0.5830564784053156 0.49861572535991144 0.5806339977851606 0.4979235880398672 0.5775193798449613 0.4979235880398672 0.5750968992248062 0.49861572535991144 0.5719822812846068 0.4989617940199336 0.5692137320044297 0.49930786267995575 0.5654069767441859 0.4996539313399779 0.5616002214839424 0.5000000000000001 0.5588316722037653 0.5006921373200444 0.5553709856035437 0.5013842746400886 0.5515642303433002 0.502422480620155 0.5487956810631228 0.5041528239202658 0.5460271317829457 0.5062292358803987 0.544296788482835 0.5079595791805095 0.542220376522702 0.5096899224806202 0.542220376522702 0.5107281284606866 0.5474114064230343 0.5110741971207088 0.5519102990033222
0 0.7294435215946843 0.5328765227021042 0.7273671096345514 0.5252630121816169 0.7259828349944629 0.5224944629014396 0.7249446290143965 0.5197259136212625 0.7245985603543743 0.5169573643410853 0.7228682170542636 0.5131506090808416 0.7211378737541527 0.5100359911406424 0.7197535991140642 0.5065753045404209 0.7197535991140642 0.5041528239202658 0.7204457364341085 0.5017303433001108 0.7239064230343301 0.5031146179401994 0.7259828349944629 0.5048449612403101 0.7277131782945736 0.506921373200443 0.7301356589147286 0.5107281284606866 0.7315199335548173 0.5145348837209303 0.7325581395348837 0.5166112956810631 0.7342884828349944 0.5190337763012182 0.735672757475083 0.5221483942414176 0.7367109634551494 0.5238787375415282 0.738095238095238 0.5263012181616833 0.7387873754152824 0.5283776301218163 0.7398255813953488 0.5318383167220377 0.7398255813953488 0.5356450719822813 0.7394795127353266 0.5394518272425249 0.7391334440753046 0.542220376522702 0.7384413067552601 0.5432585825027686 0.7353266888150608 0.5401439645625692 0.7332502768549279 0.5373754152823921
0 0.8242663344407529 0.6159330011074197 0.8211517165005536 0.6086655592469545 0.8204595791805094 0.6058970099667774 0.8197674418604651 0.602782392026578 0.8190753045404208 0.5993217054263565 0.8183831672203765 0.5951688815060907 0.8183831672203765 0.5917081949058693 0.8197674418604651 0.5889396456256921 0.8232281284606865 0.5899778516057587 0.8249584717607974 0.5927464008859358 0.8263427464008859 0.5958610188261351 0.8277270210409745 0.5989756367663345 0.8287652270210409 0.6020902547065338 0.8287652270210409 0.6045127353266887 0.829111295681063 0.6079734219269103 0.8298034330011074 0.6107419712070874 0.8298034330011074 0.6138565891472868 0.8298034330011074 0.616625138427464 0.8298034330011074 0.6197397563676633 0.8294573643410852 0.6225083056478405 0.8266888150609081 0.6211240310077518
0 0.8799833887043189 0.518687707641196 0.8747923588039866 0.5238787375415282 0.873062015503876 0.5252630121816169 0.870985603543743 0.5266472868217055 0.8692552602436323 0.5276854928017719 0.8668327796234773 0.5266472868217055 0.8657945736434108 0.5245708748615726 0.8664867109634551 0.5228405315614618 0.8678709856035437 0.5204180509413068 0.8692552602436323 0.5179955703211517 0.873062015503876 0.5152270210409745 0.8754844961240309 0.513842746400886 0.8785991140642302 0.5131506090808416 0.8813676633444075 0.5134966777408638 0.8817137320044296 0.5152270210409745
0 0.7232142857142857 0.8495293466223699 0.7197535991140642 0.8453765227021041 0.7183693244739756 0.8433001107419712 0.7176771871539314 0.8401854928017719 0.7173311184939092 0.8374169435215946 0.716985049833887 0.8346483942414175 0.716985049833887 0.8308416389811738 0.716985049833887 0.8270348837209303 0.716985049833887 0.8246124031007752 0.7183693244739756 0.8235741971207087 0.7204457364341085 0.8263427464008859 0.7221760797342192 0.8294573643410852 0.7232142857142857 0.8329180509413068 0.7245985603543743 0.8363787375415281 0.7256367663344407 0.8398394241417496 0.726328903654485 0.8426079734219268 0.7273671096345514 0.8453765227021041 0.7280592469545958 0.8481450719822813 0.7290974529346622 0.8512596899224806 0.7297895902547065 0.8540282392026577 0.7294435215946843 0.856796788482835 0.7273671096345514 0.8564507198228128 0.7256367663344407 0.8536821705426356
0 0.5705980066445182 0.8571428571428571 0.5795957918050941 0.8595653377630121 0.5820182724252491 0.8606035437430786 0.5847868217054264 0.861641749723145 0.5868632336655593 0.861641749723145 0.5889396456256921 0.8619878183831672 0.5924003322259136 0.8623338870431893 0.5958610188261351 0.8633720930232557 0.597937430786268 0.8640642303433002 0.600359911406423 0.8651024363233666 0.6031284606866002 0.8664867109634551 0.6041666666666666 0.8696013289036544 0.6020902547065338 0.870985603543743 0.5986295681063123 0.8716777408637874 0.5937846068660022 0.8723698781838317 0.5879014396456257 0.8727159468438538 0.5827104097452935 0.8727159468438538 0.5782115171650055 0.8723698781838317 0.574404761904762 0.8713316722037653 0.5702519379844961 0.8702934662236987 0.5664451827242524 0.8692552602436323 0.5616002214839424 0.8671788482834994 0.5595238095238095 0.8654485049833887 0.5577934662236987 0.8630260243632336 0.5564091915836101 0.8606035437430786 0.556063122923588 0.8585271317829457 0.558485603543743 0.8561046511627907 0.5609080841638981 0.8557585825027686 0.5650609080841639 0.8561046511627907
0 0.4411683277962348 0.7858527131782945 0.4366694352159469 0.7796234772978959 0.4339008859357697 0.7768549280177186 0.4311323366555925 0.7751245847176079 0.4273255813953489 0.7723560354374308 0.42628737541528244 0.770279623477298 0.42628737541528244 0.7671650055370985 0.4280177187153932 0.7657807308970099 0.43078626799557035 0.7654346622369878 0.4342469545957918 0.7664728682170542 0.4366694352159469 0.768203211517165 0.44566722037652273 0.7803156146179402 0.4480897009966778 0.7830841638981173 0.45016611295681064 0.7861987818383167 0.45362679955703217 0.7900055370985603 0.4546650055370986 0.7920819490586931 0.4546650055370986 0.7945044296788483 0.45362679955703217 0.796234772978959 0.4512043189368771 0.7972729789590254 0.44843576965669996 0.796234772978959 0.4453211517165006 0.7934662236987818 0.44324473975636774 0.7896594684385382
0 0.663344407530454 0.9478128460686599 0.6553848283499446 0.9433139534883721 0.6533084163898117 0.9419296788482835 0.6512320044296788 0.9384689922480619 0.6553848283499446 0.9367386489479512 0.6588455149501661 0.9370847176079734 0.6619601328903655 0.9384689922480619 0.6654208194905868 0.9398532668881505 0.6674972314507197 0.9412375415282391 0.6695736434108527 0.9422757475083057 0.6713039867109635 0.9436600221483942 0.6733803986710963 0.945390365448505 0.6737264673311184 0.9471207087486156 0.6723421926910299 0.9495431893687708 0.670265780730897 0.9505813953488372 0.6685354374307863 0.9505813953488372
0 0.49757751937984496 0.9571566998892579 0.504498892580288 0.9568106312292358 0.506921373200443 0.9571566998892579 0.5096899224806202 0.9578488372093024 0.5124584717607974 0.9588870431893688 0.5141888150609081 0.9599252491694352 0.516265227021041 0.9620016611295681 0.5183416389811739 0.9637320044296788 0.5200719822812847 0.9654623477297896 0.5218023255813954 0.9685769656699889 0.5224944629014396 0.9706533776301217 0.5190337763012182 0.971345514950166 0.5152270210409745 0.9706533776301217 0.5124584717607974 0.9703073089700995 0.5083056478405317 0.9699612403100775 0.5051910299003323 0.968923034330011 0.5013842746400886 0.9675387596899224 0.4982696566998893 0.9661544850498339 0.4958471760797343 0.9637320044296788 0.49446290143964566 0.9613095238095237 0.49307862679955705 0.9588870431893688
0 0.8346483942414175 0.9166666666666666 0.8270348837209303 0.9149363233665558 0.8239202657807309 0.9142441860465116 0.8208056478405316 0.9132059800664452 0.8187925960346963 0.911535780669145 0.8178245043370508 0.9092123605947955 0.8193734510532839 0.9090187422552665 0.8222777261462205 0.9088251239157373 0.826150092936803 0.9090187422552665 0.8298288413878563 0.9094059789343247 0.8329267348203222 0.9095995972738538 0.8362182465923172 0.9107613073110286 0.8381090808416389 0.9111295681063123 0.8398394241417496 0.912859911406423 0.8398394241417496 0.9145902547065338
0 0.30308693244739765 0.9055924695459578 0.2996262458471761 0.9132059800664452 0.29858803986710963 0.915282392026578 0.2978959025470654 0.9173588039867109 0.29685769656699895 0.9201273532668881 0.2954734219269104 0.9225498338870431 0.2937430786267996 0.924626245847176 0.29166666666666674 0.927048726467331 0.2895902547065338 0.9287790697674418 0.28751384274640096 0.9294712070874861 0.28578349944629017 0.9305094130675525 0.2850913621262459 0.9253183831672203 0.2850913621262459 0.9225498338870431 0.28612956810631235 0.9183970099667774 0.28716777408637884 0.9156284606866002 0.2885520487264674 0.912859911406423 0.2913205980066446 0.9100913621262458 0.29235880398671105 0.9073228128460686 0.29408914728682173 0.9049003322259136 0.29651162790697677 0.901439645625692 0.29893410852713187 0.8983250276854927 0.30101052048726473 0.8979789590254706 0.3023947951273533 0.9000553709856035
0 0.09959856035437435 0.7612818383167219 0.09648394241417503 0.7678571428571428 0.09475359911406428 0.7695874861572535 0.09302325581395353 0.7713178294573644 0.09094684385382065 0.7730481727574751 0.08852436323366561 0.7758167220376522 0.08679401993355487 0.7772009966777408 0.08506367663344412 0.7765088593576965 0.08506367663344412 0.7720099667774086 0.08610188261351057 0.7695874861572535 0.08783222591362132 0.7650885935769657 0.08956256921373205 0.7612818383167219 0.09198504983388708 0.7571290143964562 0.09440753045404214 0.7557447397563677 0.09717607973421932 0.7547065337763013 0.09925249169435221 0.7540143964562568 0.1006367663344408 0.7564368770764119
0 0.28543743078626804 0.7747785160575857 0.2930509413067553 0.7810077519379844 0.2947812846068661 0.7830841638981173 0.29616555924695465 0.7858527131782945 0.2972037652270211 0.7886212624584718 0.2975498338870432 0.7913898117386489 0.2975498338870432 0.793812292358804 0.29408914728682173 0.7924280177187153 0.2913205980066446 0.7903516057585824 0.2892441860465117 0.7889673311184938 0.2868217054263566 0.786890919158361 0.2837070874861573 0.7841223698781837 0.2816306755260244 0.7816998892580287 0.2792081949058694 0.7785852713178295 0.2771317829457365 0.7758167220376522 0.27540143964562575 0.7733942414174972 0.27540143964562575 0.770279623477298 0.27540143964562575 0.768549280177187 0.2771317829457365 0.7675110741971206 0.28024640088593583 0.7675110741971206 0.2826688815060908 0.7695874861572535
0 0.30066445182724255 0.42767165005537106 0.2944352159468439 0.4269795127353267 0.29270487264673317 0.4273255813953489 0.29062846068660025 0.4280177187153932 0.28820598006644527 0.4290559246954596 0.2837070874861573 0.4290559246954596 0.2799003322259137 0.4280177187153932 0.2771317829457365 0.4273255813953489 0.2771317829457365 0.4269795127353267 0.2788621262458472 0.425249169435216 0.28059246954595796 0.4238648947951274 0.2823228128460687 0.4228266888150609 0.2843992248062016 0.4217884828349945 0.2868217054263566 0.42075027685492805 0.2895902547065338 0.4200581395348838 0.2937430786267996 0.41971207087486156 0.29685769656699895 0.41936600221483944 0.30066445182724255 0.41936600221483944 0.30585548172757476 0.41936600221483944 0.3093161683277963 0.42075027685492805 0.3093161683277963 0.4217884828349945 0.3079318936877077 0.4235188261351052 0.30550941306755264 0.425249169435216
0 0.2584440753045405 0.33215669988925806 0.25048449612403106 0.33700166112956814 0.24840808416389817 0.33838593576965675 0.24529346622369885 0.3394241417497232 0.2407945736434109 0.33977021040974537 0.23837209302325588 0.33977021040974537 0.2401024363233666 0.33838593576965675 0.2421788482834995 0.336655592469546 0.2442552602436324 0.3349252491694353 0.24736987818383174 0.3331949058693245 0.25048449612403106 0.3314645625692138 0.2542912513842747 0.329734219269103 0.2587901439645626 0.32765780730897015 0.2625968992248063 0.32696566998892584 0.26536544850498345 0.3266196013289037 0.26328903654485053 0.329734219269103
0 0.252560908084164 0.19303709856035445 0.24979235880398676 0.1985741971207088 0.24806201550387602 0.20030454042081955 0.24598560354374313 0.20238095238095244 0.24252491694352163 0.20480343300110748 0.2401024363233666 0.2072259136212625 0.236295681063123 0.20895625692137326 0.23456533776301222 0.20653377630121822 0.23491140642303437 0.20238095238095244 0.23733388704318945 0.1992663344407531 0.24044850498338877 0.19580564784053162 0.2435631229235881 0.19303709856035445 0.2470238095238096 0.19026854928017725 0.25013842746400894 0.18750000000000006 0.2522148394241418 0.18576965669988932 0.25394518272425254 0.18542358803986717 0.25463732004429684 0.18750000000000006 0.2542912513842747 0.1899224806201551
0 0.06049280177187159 0.06014673311184945 0.058762458471760856 0.06014673311184945 0.05287929125138433 0.05945459579180515 0.04941860465116285 0.05703211517165011 0.04699612403100781 0.05530177187153937 0.044919712070874925 0.05253322259136218 0.048380398671096406 0.05149501661129574 0.05114894795127359 0.05149501661129574 0.05391749723145078 0.05218715393134003 0.05633997785160581 0.05253322259136218 0.0584163898117387 0.05253322259136218 0.061531007751938045 0.05253322259136218 0.06464562569213737 0.053225359911406485 0.06741417497231456 0.05391749723145078 0.0698366555924696 0.05460963455149507 0.07225913621262464 0.055647840531561514 0.0712209302325582 0.0584163898117387 0.06672203765227028 0.0598006644518273
1 0.05218715393134003 0.07745016611295687 0.04388150609080847 0.07641196013289041 0.04076688815060914 0.07606589147286827 0.03799833887043195 0.07502768549280182 0.03592192691029906 0.07398947951273538 0.03419158361018832 0.0726052048726468 0.032461240310077584 0.07087486157253604 0.03038482834994469 0.068452380952381 0.028654485049833946 0.06499169435215953 0.026924141749723206 0.06222314507198234 0.025539867109634615 0.05807032115171655 0.025193798449612465 0.05391749723145078 0.025193798449612465 0.05080287929125144 0.02623200442967891 0.047342192691029954 0.029000553709856096 0.045265780730897064 0.03211517165005543 0.04284330011074203 0.03557585825027691 0.04145902547065343 0.039382613510520546 0.04076688815060914 0.04457364341085277 0.040074750830564845 0.0490725359911407 0.040074750830564845 0.05391749723145078 0.040420819490586984 0.058762458471760856 0.04076688815060914 0.06291528239202664 0.04076688815060914 0.06602990033222597 0.04076688815060914 0.07018272425249175 0.04076688815060914 0.07398947951273538 0.04076688815060914 0.07675802879291257 0.04111295681063129 0.0798726467331119 0.043189368770764174 0.08229512735326695 0.045265780730897064 0.08506367663344412 0.04699612403100781 0.08817829457364347 0.04941860465116285 0.0906007751937985 0.05184108527131789 0.0933693244739757 0.05460963455149507 0.09475359911406428 0.05737818383167226 0.09475359911406428 0.05945459579180515 0.0933693244739757 0.061877076411960184 0.09094684385382065 0.06499169435215953 0.08817829457364347 0.06810631229235886 0.08575581395348843 0.07052879291251389 0.08194905869324479 0.07225913621262464 0.07779623477297902 0.07398947951273538 0.07398947951273538 0.07502768549280182 0.07018272425249175 0.07606589147286827 0.06499169435215953 0.07745016611295687 0.06049280177187159 0.07779623477297902
1 0.0726052048726468 0.16189091915836107 0.06464562569213737 0.16016057585825033 0.06222314507198234 0.1591223698781839 0.0598006644518273 0.15739202657807316 0.05737818383167226 0.1549695459579181 0.05599390919158367 0.1528931339977852 0.05426356589147293 0.1504706533776302 0.05253322259136218 0.14735603543743087 0.05184108527131789 0.14458748615725367 0.05149501661129574 0.14251107419712078 0.05149501661129574 0.13939645625692146 0.05149501661129574 0.1362818383167221 0.05218715393134003 0.13420542635658922 0.05391749723145078 0.13178294573643418 0.05633997785160581 0.12901439645625698 0.05945459579180515 0.1269379844961241 0.06360741971207093 0.12520764119601335 0.06672203765227028 0.12382336655592474 0.06949058693244745 0.1234772978959026 0.07433554817275752 0.1234772978959026 0.0791805094130676 0.1234772978959026 0.0833333333333334 0.1241694352159469 0.08783222591362132 0.12520764119601335 0.09198504983388708 0.12624584717607978 0.09683001107419717 0.12763012181616837 0.10029069767441866 0.12901439645625698 0.10375138427464013 0.13109080841638987 0.10617386489479518 0.1328211517165006 0.10894241417497237 0.1348975636766335 0.11171096345514955 0.13732004429678854 0.11309523809523815 0.14112679955703217 0.11344130675526029 0.14424141749723152 0.11378737541528244 0.14804817275747514 0.11378737541528244 0.1508167220376523 0.112749169435216 0.1528931339977852 0.1113648947951274 0.15531561461794027 0.10928848283499451 0.15808416389811744 0.10617386489479518 0.15981450719822818 0.10305924695459585 0.16154485049833894 0.10098283499446296 0.16258305647840537 0.09752214839424146 0.16362126245847183 0.09475359911406428 0.16362126245847183 0.09163898117386494 0.16362126245847183 0.08783222591362132 0.16362126245847183 0.08229512735326695 0.16362126245847183
1 0.0726052048726468 0.6910299003322258 0.06429955703211523 0.686531007751938 0.06049280177187159 0.6830703211517164 0.05772425249169441 0.6799557032115171 0.05495570321151722 0.6764950166112957 0.05218715393134003 0.6716500553709855 0.050456810631229296 0.6678433001107419 0.04976467331118499 0.6640365448504983 0.04941860465116285 0.6602297895902546 0.0490725359911407 0.6560769656699889 0.0490725359911407 0.6522702104097452 0.04976467331118499 0.6481173864894795 0.05149501661129574 0.6439645625692136 0.053225359911406485 0.6408499446290143 0.056686046511627966 0.6384274640088593 0.0598006644518273 0.6370431893687708 0.06326135105204879 0.6356589147286821 0.06776024363233672 0.6349667774086378 0.07087486157253604 0.6346207087486156 0.07606589147286827 0.6346207087486156 0.07952657807308976 0.63531284606866 0.08402547065337768 0.6366971207087485 0.08956256921373205 0.6387735326688815 0.09406146179401999 0.6411960132890365 0.09683001107419717 0.6436184939091915 0.1013289036544851 0.6477713178294573 0.10548172757475088 0.6512320044296788 0.10928848283499451 0.6546926910299004 0.1120570321151717 0.6578073089700996 0.11447951273532674 0.660921926910299 0.11620985603543747 0.6640365448504983 0.11759413067552608 0.6692275747508306 0.11828626799557036 0.6740725359911406 0.11828626799557036 0.6775332225913622 0.11724806201550392 0.68203211517165 0.11517165005537104 0.6861849390919158 0.11309523809523815 0.6896456256921373 0.11067275747508311 0.6920681063122923 0.10617386489479518 0.6944905869324474 0.10202104097452941 0.6955287929125138 0.09544573643410859 0.696220930232558 0.08748615725359916 0.6965669988925802 0.08402547065337768 0.6965669988925802 0.0812569213732005 0.696220930232558 0.07745016611295687 0.6944905869324474
1 0.08679401993355487 0.7941583610188261 0.07675802879291257 0.791735880398671 0.07329734219269109 0.7910437430786267 0.07087486157253604 0.7889673311184938 0.0691445182724253 0.786890919158361 0.06810631229235886 0.7830841638981173 0.06810631229235886 0.7785852713178295 0.06879844961240315 0.7751245847176079 0.06949058693244745 0.7713178294573644 0.07018272425249175 0.768203211517165 0.0712209302325582 0.7650885935769657 0.0726052048726468 0.7619739756367664 0.07364341085271324 0.7595514950166112 0.07468161683277968 0.7578211517165006 0.07606589147286827 0.7553986710963455 0.07779623477297902 0.7519379844961239 0.07952657807308976 0.7488233665559246 0.08160299003322265 0.7467469545957918 0.08402547065337768 0.7443244739756367 0.08644795127353272 0.7419019933554817 0.08956256921373205 0.7391334440753046 0.09302325581395353 0.7370570321151716 0.09544573643410859 0.7360188261351052 0.09821428571428577 0.7349806201550387 0.10029069767441866 0.7342884828349944 0.10271317829457369 0.7339424141749723 0.10513565891472873 0.7335963455149501 0.10790420819490593 0.7335963455149501 0.10998062015503882 0.7342884828349944 0.112749169435216 0.735672757475083 0.11620985603543747 0.7377491694352158 0.11863233665559253 0.7412098560354374 0.11967054263565897 0.7439784053156145 0.12105481727574756 0.7477851605758582 0.12243909191583616 0.7522840531561461 0.1227851605758583 0.7560908084163898 0.1227851605758583 0.759205426356589 0.1227851605758583 0.7626661129568106 0.12174695459579185 0.7661267995570321 0.12001661129568111 0.7688953488372092 0.11794019933554822 0.7720099667774086 0.11586378737541533 0.7747785160575857 0.11378737541528244 0.7778931339977851 0.1120570321151717 0.779969545957918 0.10998062015503882 0.782392026578073 0.10755813953488377 0.7844684385382059 0.10409745293466229 0.786890919158361 0.10236710963455155 0.7882751937984496 0.09925249169435221 0.7903516057585824 0.09717607973421932 0.791735880398671 0.09371539313399783 0.7931201550387595
1 0.12624584717607978 0.9948781838316721 0.12659191583610194 0.9879568106312291 0.1269379844961241 0.985188261351052 0.12728405315614622 0.9820736434108527 0.12832225913621267 0.9779208194905868 0.12901439645625698 0.9737679955703211 0.12970653377630129 0.9706533776301217 0.13074473975636772 0.9654623477297896 0.13178294573643418 0.9626937984496123 0.13385935769656707 0.9602713178294573 0.13558970099667783 0.9588870431893688 0.138358250276855 0.9578488372093024 0.14181893687707647 0.9575027685492802 0.14527962347729798 0.9575027685492802 0.14770210409745302 0.9575027685492802 0.1511627906976745 0.9592331118493909 0.15427740863787381 0.9609634551495017 0.157045957918051 0.9637320044296788 0.15981450719822818 0.9661544850498339 0.16258305647840537 0.9696151716500553 0.1643133997785161 0.9723837209302324 0.16604374307862685 0.9754983388704318 0.1677740863787376 0.9789590254706533 0.16881229235880407 0.9824197120708749 0.1698504983388705 0.9862264673311184 0.1698504983388705 0.98968715393134 0.1698504983388705 0.9934939091915835 0.1698504983388705 0.9973006644518272 0.1698504983388705 0.9989583333333333 0.1269379844961241 0.9989583333333333
1 0.20791805094130683 0.9149363233665558 0.19995847176079742 0.9183970099667774 0.1978820598006645 0.9187430786267996 0.19476744186046518 0.9187430786267996 0.19130675526024368 0.9183970099667774 0.18680786267995578 0.9166666666666666 0.18334717607973428 0.9145902547065338 0.18023255813953493 0.9111295681063123 0.17815614617940204 0.9076688815060907 0.17746400885935776 0.9038621262458472 0.1764258028792913 0.9007475083056478 0.17607973421926915 0.8979789590254706 0.17573366555924702 0.8945182724252491 0.17573366555924702 0.8907115171650055 0.17607973421926915 0.8869047619047618 0.1778100775193799 0.8820598006644518 0.17954042081949065 0.8789451827242524 0.18127076411960139 0.8775609080841638 0.18334717607973428 0.8751384274640088 0.18611572535991144 0.8734080841638981 0.18888427464008867 0.8713316722037653 0.19234496124031014 0.8689091915836101 0.1951135105204873 0.8664867109634551 0.1978820598006645 0.8644102990033222 0.20168881506090813 0.8619878183831672 0.20445736434108533 0.8602574750830564 0.20653377630121822 0.8599114064230343 0.20895625692137326 0.8599114064230343 0.21380121816168335 0.8599114064230343 0.21830011074197128 0.8609496124031008 0.22106866002214845 0.8623338870431893 0.22314507198228134 0.8644102990033222 0.22383720930232565 0.8668327796234773 0.22383720930232565 0.8699473975636766 0.2241832779623478 0.8737541528239202 0.2241832779623478 0.8775609080841638 0.22383720930232565 0.882405869324474 0.22314507198228134 0.8865586932447397 0.2227990033222592 0.8903654485049833 0.2221068660022149 0.8934800664451826 0.22106866002214845 0.8962486157253599 0.21968438538205987 0.8990171650055371 0.21830011074197128 0.9024778516057584 0.21656976744186052 0.9062846068660022 0.21483942414174978 0.9087070874861571 0.21137873754152828 0.9114756367663345
0 0.08345883534136546 0.6711219879518071 0.07749748995983935 0.6679844377510039 0.07561495983935743 0.666101907630522 0.0737324297188755 0.6639056224899598 0.07184989959839357 0.6610818273092369 0.06965361445783132 0.6588855421686746 0.0709086345381526 0.6570030120481928 0.07310491967871485 0.657316767068273 0.07624246987951806 0.6591992971887549 0.07843875502008031 0.6610818273092369 0.08094879518072289 0.6632781124497992 0.0840863453815261 0.6648468875502008 0.08596887550200803 0.6664156626506023 0.08816516064257027 0.6686119477911646 0.08973393574297188 0.6704944779116465 0.09036144578313253 0.6733182730923695 0.08785140562248996 0.6739457831325301
0 0.08207481412639407 0.14732419454770757 0.07433008054522926 0.14480715613382902 0.0725875154894672 0.14403268277571254 0.07103856877323422 0.14287097273853783 0.06987685873605949 0.1409347893432466 0.06948962205700125 0.13957946096654275 0.07161942379182158 0.1389986059479554 0.0737492255266419 0.14054755266418836 0.07587902726146223 0.14132202602230487 0.0785896840148699 0.14209649938042135 0.08149395910780671 0.14325820941759607 0.08401099752168527 0.14422630111524168 0.08652803593556384 0.14538801115241637 0.0880769826517968 0.14693695786864935 0.08691527261462208 0.14829228624535318
0 0.5376587670384139 0.05496824659231724 0.5293331784386618 0.05322568153655516 0.5272033767038414 0.05283844485749692 0.5244927199504337 0.0516767348203222 0.5225565365551426 0.0507086431226766 0.520039498141264 0.049740551425031 0.5179096964064437 0.0487724597273854 0.5155862763320942 0.04761074969021068 0.5132628562577447 0.04606180297397771 0.5107458178438662 0.04431923791821563 0.5078415427509294 0.04218943618339531 0.5070670693928129 0.040640489467162345 0.5099713444857498 0.03986601610904587 0.5134564745972738 0.040059634448574986 0.5186841697645601 0.04083410780669147 0.5223629182156134 0.041608581164807944 0.5242991016109045 0.04218943618339531 0.5275906133828997 0.04335114622057003 0.5304948884758365 0.04490009293680299 0.5326246902106567 0.04567456629491948 0.5353353469640645 0.047029894671623315 0.5386268587360594 0.0487724597273854 0.5409502788104089 0.0507086431226766 0.5436609355638166 0.0526448265179678 0.5452098822800496 0.054581009913259 0.5419183705080546 0.05516186493184636
0 0.43891341387856264 0.3754065985130112 0.4354282837670384 0.38121514869888473 0.43329848203221816 0.38392580545229243 0.4321367719950434 0.38586198884758366 0.4307814436183396 0.3874109355638166 0.42942611524163576 0.3891535006195787 0.42748993184634454 0.39089606567534074 0.4259409851301115 0.39205777571251554 0.4240048017348203 0.39341310408921937 0.4211005266418836 0.3947684324659232 0.4180026332094176 0.39612376084262707 0.41335579306071873 0.39728547087980176 0.41025789962825276 0.3978663258983891 0.40851533457249073 0.3986407992565056 0.4081280978934325 0.3951556691449814 0.4098706629491946 0.3918641573729864 0.4118068463444858 0.38934711895910784 0.413743029739777 0.3874109355638166 0.4160664498141264 0.3856683705080545 0.4183898698884759 0.3843130421313507 0.4211005266418836 0.38276409541511774 0.4226494733581165 0.381602385377943 0.42439203841387857 0.3794725836431227 0.4263282218091698 0.37753640024783147 0.42826440520446096 0.37560021685254025 0.4303942069392813 0.37405127013630735 0.43271762701363076 0.3728895600991326 0.43562190210656754 0.3715342317224288 0.43755808550185876 0.3707597583643123 0.44026874225526647 0.37056614002478316 0.4393006505576208 0.37308317843866173
0 0.3624341697645601 0.961489312267658 0.35875542131350685 0.966136152416357 0.35643200123915736 0.9676850991325898 0.3548830545229244 0.9688468091697646 0.35255963444857497 0.9700085192069393 0.3498489776951673 0.971170229244114 0.3457829925650558 0.9729127942998761 0.3426850991325898 0.974461741016109 0.34036167905824044 0.9767851610904584 0.34036167905824044 0.9787213444857498 0.34345957249070636 0.9789149628252788 0.3457829925650558 0.9779468711276332 0.34849364931846344 0.9763979244114004 0.3508170693928129 0.9746553593556383 0.35314048946716237 0.9731064126394052 0.35507667286245354 0.9715574659231723 0.357400092936803 0.969621282527881 0.35914265799256506 0.9682659541511772 0.36204693308550184 0.9665233890954152 0.36398311648079307 0.9655552973977695 0.3663065365551425 0.9641999690210656 0.36785548327137546 0.9626510223048328 0.368629956629492 0.9607148389095416 0.36727462825278817 0.9595531288723668 0.36437035315985133 0.9603276022304833
0 0.7521878872366792 0.6782256815365552 0.7574155824039653 0.67938739157373 0.759932620817844 0.6791937732342007 0.7622560408921933 0.6791937732342007 0.7641922242874846 0.6805491016109045 0.7655475526641884 0.6813235749690211 0.7672901177199505 0.6822916666666666 0.7692263011152416 0.6828725216852541 0.771356102850062 0.6832597583643124 0.7727114312267658 0.6832597583643124 0.772905049566295 0.6822916666666666 0.7723241945477075 0.6807427199504338 0.7711624845105329 0.6786129182156134 0.7690326827757126 0.6768703531598513 0.7674837360594796 0.6757086431226766 0.7651603159851301 0.6743533147459728 0.7624496592317224 0.6739660780669146 0.7597390024783147 0.6743533147459728 0.755285780669145 0.6741596964064436 0.7529623605947955 0.673191604708798 0.7508325588599754 0.6720298946716233 0.7471538104089219 0.6712554213135069 0.74541124535316 0.6708681846344486 0.7450240086741017 0.6722235130111525 0.7465729553903346 0.6745469330855018 0.748702757125155 0.6764831164807931
1 0.6437616171003718 0.4445283457249071 0.6433743804213136 0.44317301734820325 0.6418254337050805 0.44143045229244116 0.6398892503097894 0.43949426889714993 0.6385339219330856 0.43755808550185876 0.6369849752168526 0.434653810408922 0.6362105018587361 0.4319431536555143 0.636016883519207 0.42923249690210663 0.6358232651796778 0.4272963135068154 0.634467936802974 0.42497289343246597 0.6336934634448574 0.42303671003717475 0.6336934634448574 0.42090690830235444 0.6333062267657993 0.4183898698884759 0.6331126084262702 0.4154855947955391 0.6331126084262702 0.41335579306071873 0.6331126084262702 0.41122599132589843 0.6336934634448574 0.40870895291201986 0.6348551734820322 0.40774086121437425 0.6365977385377943 0.4075472428748451 0.6385339219330856 0.4071600061957869 0.6400828686493185 0.4059982961586122 0.6404701053283767 0.4044493494423792 0.6398892503097894 0.40290040272614625 0.6396956319702602 0.40115783767038415 0.6406637236679059 0.39941527261462206 0.6414381970260223 0.39767270755886003 0.6429871437422553 0.39612376084262707 0.6449233271375464 0.39534928748451054 0.6464722738537795 0.3939939591078067 0.647246747211896 0.3922513940520446 0.647246747211896 0.3910896840148699 0.6476339838909542 0.38973435563816605 0.6491829306071871 0.3891535006195787 0.6503446406443618 0.3891535006195787 0.6524744423791822 0.38934711895910784 0.6540233890954152 0.3889598822800496 0.6563468091697646 0.38760455390334575 0.6578957558859976 0.38683008054522927 0.6588638475836431 0.3866364622057002 0.6604127942998761 0.3872173172242875 0.661961741016109 0.38837902726146223 0.6638979244114004 0.3901215923172243 0.6654468711276332 0.39147692069392814 0.6669958178438662 0.3926386307311029 0.6687383828996283 0.39360672242874845 0.6702873296158612 0.394381195786865 0.6722235130111525 0.39534928748451054 0.6737724597273853 0.39593014250309794 0.6751277881040892 0.3963173791821562 0.6760958798017349 0.3963173791821562 0.6776448265179678 0.3965109975216853 0.6791937732342007 0.3970918525402726 0.679581009913259 0.3986407992565056 0.67938739157373 0.4007706009913259 0.6797746282527881 0.4027067843866171 0.6809363382899628 0.4048365861214374 0.681129956629492 0.4065791511771995 0.6813235749690211 0.40870895291201986 0.6815171933085502 0.4110323729863693 0.6815171933085502 0.4131621747211896 0.6809363382899628 0.41529197645600996 0.6807427199504338 0.4162600681536555 0.6803554832713755 0.41780901486988853 0.6797746282527881 0.4189707249070632 0.6788065365551426 0.4214877633209418 0.678032063197026 0.42477927509293684 0.6770639714993805 0.42787716852540275 0.6759022614622057 0.43136229863692693 0.6751277881040892 0.43329848203221816 0.6741596964064436 0.43562190210656754 0.6728043680297398 0.4381389405204461 0.6720298946716233 0.4398815055762082 0.6704809479553904 0.44143045229244116 0.6687383828996283 0.4425921623296159 0.666608581164808 0.4433666356877323 0.6644787794299877 0.4433666356877323 0.6631234510532839 0.4433666356877323 0.6604127942998761 0.4439474907063197 0.6569276641883519 0.44472196406443626 0.653829770755886 0.44588367410161095 0.6516999690210656 0.44665814745972743 0.6487956939281289 0.4472390024783148 0.6476339838909542 0.4472390024783148 0.6458914188351922 0.44704538413878564
0 0.6559595724907064 0.421875 0.6565404275092936 0.4201324349442379 0.657121282527881 0.4154855947955391 0.657121282527881 0.4127749380421314 0.6578957558859976 0.41006428128872374 0.6580893742255267 0.40774086121437425 0.6580893742255267 0.4046429677819083 0.6580893742255267 0.400964219330855 0.6582829925650557 0.3988344175960347 0.6594447026022305 0.3974790892193309 0.6608000309789344 0.39728547087980176 0.6621553593556382 0.39902803593556385 0.66176812267658 0.4027067843866171 0.6613808859975218 0.40638553283767037 0.6608000309789344 0.41006428128872374 0.6604127942998761 0.41354941140024787 0.6598319392812887 0.4160664498141264 0.6592510842627014 0.41858348822800495 0.6588638475836431 0.4211005266418836 0.6584766109045849 0.4240048017348203 0.6578957558859976 0.4265218401486989 0.6575085192069393 0.42865164188351923 0.6569276641883519 0.4303942069392813 0.6559595724907064 0.43174953531598514 0.6553787174721191 0.43058782527881045 0.6551850991325898 0.42865164188351923 0.6553787174721191 0.4257473667905824
