1 0.038080601092896224 0.15818533697632062 0.03381147540983612 0.15676229508196726 0.031534608378870725 0.15647768670309656 0.029542349726776006 0.15590846994535523 0.02698087431693994 0.1550546448087432 0.022996357012750504 0.15306238615664852 0.02157331511839714 0.15306238615664852 0.017304189435337024 0.15306238615664852 0.013604280510018267 0.15249316939890714 0.011327413479052873 0.1507855191256831 0.00961976320582883 0.14936247723132973 0.008196721311475462 0.14680100182149367 0.00734289617486344 0.14395491803278693 0.0064890710382514176 0.14053961748633884 0.0025045537340619827 0.1322859744990893 0.0013661202185792866 0.12943989071038256 2.312964634635743e-19 0.12452185792349714 0.0005122950819672647 0.09443306010928967 0.003642987249544678 0.09016393442622955 0.004781420765027374 0.08874089253187618 0.0064890710382514176 0.08674863387978146 0.008196721311475462 0.08475637522768675 0.009904371584699504 0.08361794171220406 0.012181238615664896 0.08219489981785069 0.015027322404371634 0.08048724954462665 0.018442622950819724 0.07821038251366125 0.02157331511839714 0.07735655737704922 0.0241347905282332 0.07678734061930788 0.027265482695810618 0.07707194899817855 0.03039617486338803 0.07792577413479057 0.03210382513661207 0.0787795992714026 0.03494990892531881 0.08020264116575597 0.03694216757741353 0.08162568306010934 0.0383652094717669 0.08304872495446271 0.04121129326047364 0.08561020036429877 0.042634335154827 0.08788706739526415 0.044341985428051046 0.09044854280510023 0.04604963570127509 0.09301001821493629 0.04747267759562846 0.09614071038251372 0.04861111111111116 0.09870218579234978 0.04974954462659386 0.10097905282331517 0.05117258652094723 0.10325591985428056 0.05231102003642992 0.10496357012750461 0.054303278688524644 0.1061020036429873 0.05601092896174868 0.10809426229508201 0.056864754098360705 0.1115095628415301 0.056864754098360705 0.11435564663023684 0.057149362477231375 0.1169171220400729 0.057149362477231375 0.12090163934426235 0.05743397085610205 0.12346311475409841 0.05743397085610205 0.12744763205828785 0.057149362477231375 0.1288706739526412 0.05601092896174868 0.13285519125683065 0.05515710382513666 0.1354166666666667 0.0537340619307833 0.13940118397085616 0.052880236794171274 0.14253187613843357 0.0525956284153006 0.14594717668488164 0.0525956284153006 0.14907786885245905 0.05231102003642992 0.1522085610200365 0.05088797814207655 0.15477003642987253 0.04918032786885251 0.15647768670309656 0.04633424408014577 0.15761612021857926 0.04291894353369768 0.15818533697632062
1 0.10980191256830606 0.10240209471766853 0.10780965391621135 0.0995560109289618 0.10667122040072866 0.09813296903460843 0.10467896174863392 0.09670992714025504 0.10183287795992718 0.09528688524590169 0.10069444444444449 0.09301001821493629 0.09984061930783247 0.08987932604735889 0.09898679417122044 0.08589480874316945 0.09813296903460843 0.08134107468123866 0.09784836065573775 0.07735655737704922 0.09784836065573775 0.07394125683060114 0.09841757741347909 0.06938752276867036 0.0995560109289618 0.0656876138433516 0.10126366120218584 0.06227231329690351 0.1038251366120219 0.05771857923497273 0.1061020036429873 0.054303278688524644 0.10894808743169403 0.05088797814207655 0.11094034608378875 0.04918032786885251 0.11464025500910752 0.046903460837887115 0.11976320582877964 0.04405737704918038 0.12317850637522773 0.04291894353369768 0.12716302367941718 0.04092668488160297 0.13057832422586527 0.03950364298724959 0.13313979963570133 0.03921903460837892 0.13712431693989077 0.03921903460837892 0.1408242258652095 0.03978825136612027 0.1431010928961749 0.04092668488160297 0.14566256830601096 0.04206511839708566 0.1476548269581057 0.043488160291439024 0.1487932604735884 0.045480418943533746 0.14708561020036434 0.048041894353369814 0.14708561020036434 0.05117258652094723 0.1476548269581057 0.0537340619307833 0.14850865209471772 0.05629553734061935 0.14907786885245905 0.058287795992714074 0.14964708561020043 0.060564663023679466 0.15021630236794176 0.0634107468123862 0.1507855191256831 0.06540300546448093 0.1507855191256831 0.06796448087431699 0.1507855191256831 0.0710951730418944 0.15050091074681243 0.07337204007285979 0.14993169398907108 0.07593351548269586 0.14907786885245905 0.0787795992714026 0.14822404371584702 0.08134107468123866 0.14680100182149367 0.08475637522768675 0.1442395264116576 0.08902550091074686 0.14196265938069222 0.09272540983606563 0.13940118397085616 0.09614071038251372 0.1365551001821494 0.09841757741347909 0.13370901639344268 0.10012522768670314 0.1300091074681239 0.10240209471766853 0.12659380692167582 0.10410974499089258 0.12317850637522773 0.10496357012750461 0.12090163934426235 0.10524817850637527 0.11862477231329695 0.10496357012750461 0.11606329690346089 0.10439435336976326 0.11435564663023684 0.1038251366120219
1 0.20372267759562845 0.018727231329690397 0.19973816029143904 0.017304189435337024 0.19831511839708565 0.016165755919854332 0.19632285974499095 0.014458105646630286 0.1946152094717669 0.013035063752276917 0.1923383424408015 0.011327413479052873 0.1900614754098361 0.009050546448087482 0.1877846083788707 0.007058287795992766 0.18550774134790532 0.004212204007286027 0.18579234972677602 0.0005122950819672647 0.24240095628415878 -5.782411586589357e-20 0.24755236794171226 0.0 0.24612932604735888 0.0027891621129326563 0.2447062841530055 0.004781420765027374 0.24271402550091078 0.0064890710382514176 0.24043715846994537 0.008196721311475462 0.2378756830601093 0.00961976320582883 0.23588342440801463 0.010473588342440852 0.23218351548269583 0.01246584699453557 0.22933743169398912 0.01388888888888894 0.2270605646630237 0.015027322404371634 0.224214480874317 0.016165755919854332 0.22250683060109294 0.017304189435337024 0.22108378870673956 0.017873406193078374 0.21823770491803282 0.019296448087431743 0.21596083788706746 0.019865664845173093 0.2131147540983607 0.019865664845173093 0.20799180327868858 0.019296448087431743
1 0.32638888888888895 0.12972449908925324 0.3229735883424409 0.12915528233151188 0.3201275045537341 0.1280168488160292 0.3172814207650274 0.12602459016393447 0.315004553734062 0.12317850637522773 0.31329690346083794 0.11976320582877964 0.31187386156648456 0.11663251366120224 0.3113046448087432 0.11236338797814212 0.3115892531876139 0.10780965391621135 0.31187386156648456 0.10496357012750461 0.31187386156648456 0.10211748633879786 0.31187386156648456 0.09841757741347909 0.3121584699453553 0.09528688524590169 0.31272768670309664 0.09215619307832427 0.3135815118397086 0.08931010928961754 0.3144353369763207 0.0864640255009108 0.31557377049180335 0.08333333333333338 0.3172814207650274 0.08020264116575597 0.31841985428051006 0.07621812386156653 0.3204121129326048 0.07223360655737711 0.3218351548269582 0.07024134790528237 0.3238274134790529 0.06767987249544632 0.32525045537340624 0.06511839708561025 0.3266734972677596 0.06284153005464485 0.32838114754098363 0.05999544626593812 0.3300887978142077 0.05743397085610205 0.3320810564663024 0.05515710382513666 0.33435792349726784 0.0537340619307833 0.3374886156648452 0.05231102003642992 0.34147313296903464 0.050318761384335206 0.34403460837887073 0.04946493624772318 0.3471653005464482 0.04889571948998184 0.3508652094717669 0.04889571948998184 0.3545651183970857 0.04946493624772318 0.3574112021857924 0.05117258652094723 0.3591188524590165 0.053164845173041944 0.3605418943533698 0.055726320582878006 0.3619649362477232 0.05857240437158475 0.3633879781420765 0.061703096539162165 0.36481102003642996 0.06511839708561025 0.3650956284153006 0.06824908925318766 0.36538023679417125 0.0710951730418944 0.36594945355191266 0.07536429872495451 0.36594945355191266 0.07963342440801462 0.36481102003642996 0.08191029143898002 0.3645264116575593 0.08390255009107474 0.3639571948998179 0.08731785063752281 0.3631033697632059 0.09130236794171225 0.36253415300546454 0.09443306010928967 0.3619649362477232 0.09756375227686707 0.3608265027322405 0.10126366120218584 0.35997267759562845 0.10410974499089258 0.35854963570127507 0.10724043715847 0.35712659380692174 0.11065573770491807 0.355134335154827 0.11321721311475415 0.3520036429872496 0.1169171220400729 0.34744990892531885 0.12118624772313301 0.3428961748633881 0.12431693989071044 0.33862704918032793 0.12716302367941718 0.3357809653916212 0.1288706739526412 0.3326502732240438 0.1300091074681239 0.3292349726775957 0.1302937158469946
1 0.23929872495446272 0.21112249544626596 0.23645264116575596 0.20713797814207655 0.23446038251366125 0.20486111111111116 0.23332194899817854 0.20173041894353375 0.23218351548269583 0.19803051001821498 0.2316142987249545 0.19404599271402556 0.2316142987249545 0.1900614754098361 0.23275273224043722 0.1843693078324226 0.23446038251366125 0.17953096539162117 0.23673724954462663 0.17611566484517308 0.23872950819672134 0.17412340619307837 0.24186020036429878 0.17213114754098366 0.24641393442622955 0.16985428051001827 0.2509676684881603 0.16814663023679424 0.2569444444444445 0.1650159380692168 0.2617827868852459 0.1630236794171221 0.26889799635701284 0.16103142076502736 0.27259790528233163 0.16017759562841535 0.27459016393442626 0.16017759562841535 0.2774362477231331 0.16046220400728603 0.2799977231329691 0.16188524590163939 0.2817053734061931 0.1630236794171221 0.28512067395264123 0.16444672131147545 0.2893897996357014 0.16643897996357018 0.2919512750455374 0.16757741347905286 0.29422814207650283 0.16900045537340624 0.2959357923497269 0.17099271402550095 0.2973588342440802 0.17355418943533701 0.2984972677595629 0.17753870673952646 0.29935109289617495 0.18123861566484523 0.29935109289617495 0.18465391621129332 0.29935109289617495 0.18664617486338803 0.29935109289617495 0.1889230418943534 0.29821265938069225 0.19205373406193083 0.2959357923497269 0.19489981785063756 0.29308970856102007 0.19831511839708565 0.289674408014572 0.20144581056466307 0.28711293260473597 0.20372267759562845 0.2845514571948999 0.2057149362477232 0.28085154826958114 0.20827641165755925 0.2777208561020037 0.21055327868852464 0.27430555555555564 0.21254553734061937 0.2711748633879782 0.21453779599271405 0.2697518214936248 0.21567622950819676 0.26747495446265945 0.2162454462659381 0.26405965391621133 0.2165300546448088 0.2603597449908926 0.2165300546448088 0.2569444444444445 0.2165300546448088 0.25466757741347906 0.2165300546448088 0.2515368852459017 0.21567622950819676 0.24812158469945358 0.21453779599271405 0.24271402550091078 0.211976320582878
1 0.3699339708561021 0.31585837887067403 0.36025728597449913 0.3110200364298726 0.3554189435336977 0.3076047358834245 0.3508652094717669 0.30333561020036437 0.34744990892531885 0.2996357012750456 0.34488843351548276 0.29394353369763215 0.3423269581056467 0.2882513661202186 0.3417577413479053 0.28483606557377056 0.3417577413479053 0.28085154826958114 0.3417577413479053 0.2774362477231331 0.3417577413479053 0.27288251366120225 0.3417577413479053 0.2697518214936248 0.3417577413479053 0.2646288706739527 0.34403460837887073 0.2577982695810565 0.34602686703096547 0.25438296903460844 0.3483037340619308 0.251252276867031 0.35058060109289624 0.2492600182149363 0.3520036429872496 0.24840619307832426 0.3545651183970857 0.24726775956284155 0.3574112021857924 0.24612932604735888 0.3611111111111112 0.24641393442622955 0.3633879781420765 0.24755236794171226 0.36594945355191266 0.2492600182149363 0.36908014571949005 0.25068306010928965 0.37135701275045546 0.25210610200364303 0.3747723132969035 0.2535291438979964 0.37733378870673956 0.25495218579234974 0.380464480874317 0.2563752276867031 0.3835951730418944 0.25950591985428056 0.38757969034608386 0.2632058287795993 0.3890027322404372 0.26519808743169404 0.3895719489981786 0.26662112932604737 0.39042577413479057 0.2683287795992715 0.3912795992714026 0.2703210382513662 0.3924180327868853 0.27259790528233163 0.39298724954462666 0.27515938069216767 0.3946948998178507 0.27857468123861573 0.395264116575592 0.28113615664845176 0.39583333333333337 0.2831284153005465 0.3961179417122041 0.28483606557377056 0.3964025500910748 0.2868283242258653 0.3969717668488161 0.2891051912568307 0.3978255919854281 0.2919512750455374 0.3983948087431695 0.29394353369763215 0.3992486338797815 0.29565118397085616 0.4001024590163935 0.2979280510018215 0.40095628415300555 0.29992030965391625 0.4018101092896176 0.30248178506375234 0.4020947176684882 0.3044740437158471 0.4020947176684882 0.30675091074681243 0.40095628415300555 0.3093123861566485 0.39981785063752284 0.3110200364298726 0.39725637522768675 0.3135815118397086 0.39441029143898004 0.31557377049180335 0.3912795992714026 0.3164275956284153 0.3881489071038252 0.3172814207650274 0.3858720400728598 0.31785063752276876 0.38245673952641174 0.31870446265938074 0.3807490892531877 0.31927367941712215 0.3776183970856103 0.31870446265938074 0.3753415300546449 0.31785063752276876
1 0.4513319672131148 0.2834130236794172 0.4484858834244081 0.2791438979963571 0.4470628415300547 0.2774362477231331 0.44563979963570133 0.275728597449909 0.4445013661202186 0.2737363387978143 0.44336293260473597 0.2711748633879782 0.4425091074681239 0.2677595628415301 0.44108606557377056 0.264344262295082 0.4396630236794172 0.26092896174863395 0.4385245901639345 0.2569444444444445 0.43738615664845176 0.25381375227686703 0.4362477231329691 0.24954462659380697 0.4362477231329691 0.24641393442622955 0.43681693989071047 0.24214480874316943 0.43823998178506385 0.23759107468123866 0.4393784153005465 0.23474499089253192 0.44137067395264123 0.23218351548269583 0.4427937158469946 0.2304758652094718 0.4453551912568307 0.22791438979963574 0.44763205828779606 0.22563752276867036 0.45047814207650283 0.22336065573770497 0.45332422586520954 0.22136839708561024 0.4564549180327869 0.21994535519125688 0.45958561020036437 0.21909153005464485 0.4635701275045538 0.21880692167577417 0.46584699453551914 0.21909153005464485 0.4715391621129327 0.2205145719489982 0.47580828779599277 0.22136839708561024 0.4789389799635702 0.22222222222222227 0.48263888888888895 0.22336065573770497 0.4877618397085611 0.22563752276867036 0.4914617486338798 0.2276297814207651 0.49402322404371596 0.22990664845173045 0.49630009107468126 0.23189890710382519 0.498292349726776 0.2338911657559199 0.5002846083788708 0.23616803278688528 0.5028460837887068 0.23929872495446272 0.5051229508196722 0.2424294171220401 0.5071152094717669 0.24499089253187617 0.5091074681238617 0.24954462659380697 0.5099612932604737 0.25438296903460844 0.5102459016393444 0.2577982695810565 0.5102459016393444 0.2603597449908926 0.5102459016393444 0.264344262295082 0.5093920765027323 0.26889799635701284 0.5079690346083789 0.27288251366120225 0.5065459927140256 0.27544398907103834 0.5054075591985429 0.2777208561020037 0.5034153005464481 0.28085154826958114 0.5017076502732241 0.2834130236794172 0.4997153916211294 0.2856898907103826 0.49686930783242267 0.28739754098360665 0.4923155737704919 0.2893897996357014 0.4891848816029144 0.2899590163934427 0.48406193078324233 0.2908128415300547 0.4778005464480875 0.29109744990892544 0.4741006375227687 0.29109744990892544 0.4701161202185793 0.29138205828779606 0.4672700364298726 0.29138205828779606 0.4644239526411658 0.29052823315118403 0.4612932604735884 0.2893897996357014 0.4578779599271403 0.28739754098360665 0.4550318761384336 0.28597449908925326
1 0.26633652094717675 0.3724954462659381 0.26491347905282336 0.3682263205828781 0.26349043715847 0.36538023679417125 0.2632058287795993 0.3633879781420765 0.26292122040072863 0.3613957194899819 0.26263661202185795 0.35854963570127507 0.26206739526411665 0.35570355191256836 0.2617827868852459 0.35285746812386165 0.2617827868852459 0.3500113843351549 0.26206739526411665 0.34744990892531885 0.2623520036429873 0.3434653916211294 0.26263661202185795 0.34061930783242267 0.2632058287795993 0.33720400728597455 0.26349043715847 0.33407331511839716 0.264344262295082 0.33037340619307837 0.26662112932604737 0.3238274134790529 0.2680441712204008 0.3212659380692168 0.26946721311475413 0.3181352459016394 0.2708902550091076 0.3147199453551913 0.27259790528233163 0.3115892531876139 0.274874772313297 0.30874316939890717 0.2777208561020037 0.3056124772313298 0.2794285063752277 0.3050432604735884 0.2822745901639345 0.3039048269581057 0.28483606557377056 0.3030510018214937 0.2876821493624773 0.30276639344262307 0.289674408014572 0.30276639344262307 0.2936589253187615 0.3030510018214937 0.29565118397085616 0.30362021857923505 0.2990664845173043 0.3044740437158471 0.3016279599271403 0.3053278688524591 0.3041894353369764 0.30618169398907114 0.3076047358834245 0.3078893442622952 0.3093123861566485 0.30959699453551914 0.31016621129326055 0.3121584699453553 0.3110200364298726 0.315004553734062 0.31244307832422596 0.3181352459016394 0.31329690346083794 0.3206967213114755 0.3138661202185793 0.3235428051001822 0.3144353369763207 0.3266734972677596 0.3147199453551913 0.3295195810564664 0.315004553734062 0.3326502732240438 0.315004553734062 0.33549635701275055 0.315004553734062 0.3389116575591986 0.315004553734062 0.3423269581056467 0.315004553734062 0.34602686703096547 0.3144353369763207 0.34915755919854286 0.3135815118397086 0.3522882513661203 0.3110200364298726 0.35854963570127507 0.30959699453551914 0.3605418943533698 0.3084585610200365 0.36224954462659387 0.30618169398907114 0.36481102003642996 0.30276639344262307 0.36794171220400734 0.29992030965391625 0.37050318761384343 0.2976434426229509 0.37221083788706744 0.2947973588342441 0.37505692167577415 0.2922358834244081 0.37733378870673956 0.29024362477231336 0.37961065573770497 0.28796675774134795 0.3816029143897997 0.28597449908925326 0.3830259562841531 0.2822745901639345 0.38331056466302377 0.27857468123861573 0.3827413479052824 0.275728597449909 0.3807490892531877 0.2734517304189436 0.3793260473588343 0.2700364298724955 0.3764799635701276
1 0.3115892531876139 0.46812386156648456 0.3084585610200365 0.4655623861566485 0.3050432604735884 0.460724043715847 0.30333561020036437 0.4578779599271403 0.301912568306011 0.4550318761384336 0.30077413479052834 0.4516165755919855 0.3002049180327869 0.44791666666666674 0.3002049180327869 0.44364754098360665 0.30077413479052834 0.4385245901639345 0.3016279599271403 0.4339708561020037 0.30276639344262307 0.4299863387978143 0.3039048269581057 0.4262864298724955 0.3056124772313298 0.42230191256830607 0.3076047358834245 0.41888661202185795 0.31016621129326055 0.4163251366120219 0.3135815118397086 0.41376366120218583 0.3172814207650274 0.41148679417122047 0.3215505464480875 0.40949453551912574 0.32610428051001833 0.4080714936247724 0.3352117486338798 0.407502276867031 0.33862704918032793 0.407502276867031 0.3428961748633881 0.40778688524590173 0.34602686703096547 0.4083561020036431 0.35058060109289624 0.41006375227686714 0.35342668488160295 0.41177140255009115 0.3562727686703097 0.4149020947176686 0.3579804189435338 0.41860200364298733 0.35940346083788716 0.4234403460837888 0.35997267759562845 0.42941712204007293 0.36025728597449913 0.4342554644808744 0.35997267759562845 0.4379553734061931 0.35940346083788716 0.44137067395264123 0.35854963570127507 0.44393214936247727 0.35655737704918045 0.44763205828779606 0.3548497267759564 0.45047814207650283 0.352572859744991 0.4538934426229509 0.34972677595628426 0.45702413479052834 0.34744990892531885 0.45987021857923505 0.3426115664845174 0.46527777777777785 0.3357809653916212 0.46954690346083794 0.33293488160291446 0.47040072859744997 0.33065801457194904 0.471254553734062 0.32752732240437166 0.4715391621129327 0.32439663023679427 0.47182377049180335 0.3195582877959928 0.4715391621129327 0.3161429872495447 0.4706853369763207
1 0.09414845173041898 0.4706853369763207 0.08874089253187618 0.4672700364298726 0.08219489981785069 0.46413934426229514 0.07934881602914395 0.4624316939890711 0.07678734061930788 0.4610086520947177 0.07451047358834248 0.458162568306011 0.07337204007285979 0.4547472677595629 0.07280282331511843 0.4513319672131148 0.07251821493624777 0.445924408014572 0.07251821493624777 0.43994763205828785 0.07337204007285979 0.4356785063752277 0.07536429872495451 0.43226320582877964 0.07821038251366125 0.4297017304189436 0.08475637522768675 0.42486338797814216 0.08731785063752281 0.4240095628415301 0.09101775956284158 0.4228711293260474 0.09443306010928967 0.42201730418943545 0.09784836065573775 0.42144808743169404 0.10211748633879786 0.4208788706739527 0.10496357012750461 0.4208788706739527 0.11037112932604741 0.42144808743169404 0.11435564663023684 0.42201730418943545 0.11834016393442628 0.4228711293260474 0.1223246812386157 0.4237249544626594 0.12545537340619312 0.4245787795992715 0.12972449908925324 0.4260018214936248 0.13484744990892536 0.42799408014571955 0.1379781420765028 0.42941712204007293 0.14053961748633884 0.43169398907103834 0.14480874316939893 0.4365323315118398 0.14566256830601096 0.44023224043715853 0.14680100182149367 0.4453551912568307 0.1476548269581057 0.44933970856102007 0.14793943533697637 0.4536088342440802 0.1476548269581057 0.4578779599271403 0.14480874316939893 0.4632855191256831 0.1396857923497268 0.4672700364298726 0.13740892531876142 0.4684084699453553 0.134278233151184 0.47040072859744997 0.1314321493624773 0.47210837887067403 0.12915528233151188 0.4735314207650274 0.12488615664845178 0.4752390710382514 0.12061703096539166 0.47609289617486344 0.1169171220400729 0.47580828779599277 0.10752504553734067 0.47495446265938074 0.09784836065573775 0.4715391621129327
1 0.08219489981785069 0.3522882513661203 0.08162568306010934 0.34688069216757744 0.081056466302368 0.3446038251366121 0.08077185792349731 0.3417577413479053 0.08077185792349731 0.3389116575591986 0.08162568306010934 0.3360655737704919 0.08247950819672135 0.33321948998178513 0.08304872495446271 0.33122723132969045 0.08390255009107474 0.3292349726775957 0.08475637522768675 0.32752732240437166 0.08902550091074686 0.3235428051001822 0.09272540983606563 0.3201275045537341 0.09471766848816034 0.31785063752276876 0.09699453551912574 0.3161429872495447 0.10012522768670314 0.31272768670309664 0.10325591985428056 0.31016621129326055 0.10695582877959932 0.3081739526411658 0.11435564663023684 0.30276639344262307 0.11663251366120224 0.30219717668488166 0.11976320582877964 0.30134335154826963 0.12260928961748639 0.30077413479052834 0.12630919854280515 0.29992030965391625 0.1300091074681239 0.2990664845173043 0.13313979963570133 0.2987818761384336 0.1354166666666667 0.2987818761384336 0.13854735883424413 0.29935109289617495 0.14509335154826963 0.30048952641165766 0.146516393442623 0.301058743169399 0.14907786885245905 0.30362021857923505 0.15135473588342446 0.30646630236794176 0.15277777777777782 0.3093123861566485 0.15391621129326052 0.3135815118397086 0.15391621129326052 0.3175660291438981 0.15334699453551917 0.3212659380692168 0.15306238615664852 0.32468123861566495 0.15277777777777782 0.32838114754098363 0.15192395264116582 0.3323656648451731 0.15050091074681243 0.33549635701275055 0.14907786885245905 0.33777322404371596 0.14708561020036434 0.33976548269581064 0.1453779599271403 0.342042349726776 0.14338570127504557 0.3446038251366121 0.14139344262295087 0.3471653005464482 0.1396857923497268 0.3500113843351549 0.13826275045537345 0.3522882513661203 0.1354166666666667 0.3539959016393443 0.13257058287795997 0.3554189435336977 0.1300091074681239 0.35684198542805107 0.12830145719489985 0.3582650273224044 0.12602459016393447 0.35968806921675783 0.12346311475409841 0.3608265027322405 0.1191939890710383 0.3613957194899819 0.11577868852459021 0.3616803278688525 0.11321721311475415 0.3619649362477232 0.1115095628415301 0.36224954462659387 0.10809426229508201 0.3628187613843352 0.10553278688524595 0.3631033697632059 0.10211748633879786 0.36367258652094725 0.10012522768670314 0.3639571948998179 0.09813296903460843 0.3642418032786886 0.09528688524590169 0.3642418032786886 0.09301001821493629 0.3645264116575593 0.0907331511839709 0.3639571948998179 0.0864640255009108 0.3613957194899819 0.08361794171220406 0.3588342440801458
1 0.4624316939890711 0.0634107468123862 0.45901639344262296 0.06113387978142081 0.4538934426229509 0.05857240437158475 0.44877049180327877 0.057149362477231375 0.44563979963570133 0.055726320582878006 0.4422244990892532 0.0525956284153006 0.4405168488160292 0.050318761384335206 0.43767076502732244 0.04718806921675779 0.4365323315118398 0.04462659380692172 0.4356785063752277 0.040072859744990946 0.4356785063752277 0.03580373406193083 0.43596311475409844 0.031819216757741395 0.43710154826958114 0.02755009107468129 0.4379553734061931 0.023850182149362527 0.4390938069216758 0.020150273224043766 0.43994763205828785 0.0175887978142077 0.4419398907103826 0.013604280510018267 0.44393214936247727 0.0110428051001822 0.44734744990892533 0.007912112932604787 0.45190118397085616 0.0056352459016393965 0.45844717668488166 0.0030737704918033302 0.4655623861566485 0.0019353369763206345 0.47182377049180335 0.0013661202185792866 0.4778005464480875 0.0010815118397086126 0.483492714025501 0.0010815118397086126 0.4891848816029144 0.0013661202185792866 0.49487704918032793 0.0019353369763206345 0.4988615664845174 0.0025045537340619827 0.5028460837887068 0.003927595628415352 0.5079690346083789 0.0064890710382514176 0.5119535519125684 0.010473588342440852 0.5150842440801457 0.015027322404371634 0.5173611111111112 0.01958105646630242 0.5184995446265939 0.0241347905282332 0.5187841530054645 0.028973132969034657 0.5187841530054645 0.03409608378870679 0.5187841530054645 0.037795992714025554 0.5182149362477232 0.04064207650273229 0.5176457194899818 0.042634335154827 0.5167918943533698 0.04462659380692172 0.5150842440801457 0.04747267759562846 0.513091985428051 0.05088797814207655 0.5108151183970857 0.053164845173041944 0.5079690346083789 0.055726320582878006 0.5042691256830601 0.058287795992714074 0.4994307832422587 0.060564663023679466 0.4943078324225866 0.061987704918032835 0.48520036429872504 0.06312613843351553 0.47922358834244083 0.0634107468123862 0.4715391621129327 0.0634107468123862
1 0.3522882513661203 0.5443989071038252 0.3494421675774136 0.5424066484517305 0.3480191256830602 0.5398451730418945 0.3471653005464482 0.5369990892531876 0.34688069216757744 0.5341530054644809 0.34602686703096547 0.5310223132969035 0.34659608378870677 0.5264685792349727 0.34915755919854286 0.52106102003643 0.35058060109289624 0.5179303278688525 0.3531420765027323 0.5142304189435338 0.355134335154827 0.511384335154827 0.3579804189435338 0.5091074681238617 0.3611111111111112 0.5079690346083789 0.3650956284153006 0.5068306010928962 0.3693647540983607 0.5054075591985429 0.37221083788706744 0.5036999089253188 0.3739184881602915 0.5019922586520947 0.3770491803278689 0.5002846083788708 0.3801798724954463 0.5002846083788708 0.38387978142076506 0.5002846083788708 0.3872950819672132 0.5014230418943534 0.39156420765027333 0.5028460837887068 0.3949795081967214 0.5042691256830601 0.3978255919854281 0.5056921675774135 0.4020947176684882 0.5079690346083789 0.40494080145719497 0.509676684881603 0.407502276867031 0.5116689435336977 0.40949453551912574 0.5139458105646632 0.4112021857923498 0.5173611111111112 0.41205601092896177 0.5216302367941713 0.41177140255009115 0.5250455373406193 0.4109175774134791 0.5290300546448088 0.4097791438979964 0.5330145719489983 0.4086407103825137 0.5361452641165756 0.40693306010928965 0.539275956284153 0.4046561930783243 0.5426912568306012 0.4012408925318762 0.5461065573770493 0.3983948087431695 0.5478142076502732 0.3895719489981786 0.5512295081967213 0.37847222222222227 0.552367941712204 0.3761953551912569 0.552367941712204 0.37050318761384343 0.5526525500910747 0.366518670309654 0.5520833333333335 0.3645264116575593 0.5515141165755921 0.3631033697632059 0.5509448998178507 0.3608265027322405 0.549806466302368 0.35712659380692174 0.5483834244080146
1 0.16900045537340624 0.5500910746812387 0.16900045537340624 0.5438296903460837 0.1695696721311476 0.5409836065573771 0.17070810564663028 0.537568306010929 0.1729849726775957 0.5341530054644809 0.17554644808743175 0.5324453551912569 0.17867714025500916 0.5310223132969035 0.18266165755919858 0.5281762295081968 0.18522313296903464 0.5264685792349727 0.1892076502732241 0.524476320582878 0.19319216757741353 0.5227686703096539 0.19717668488160295 0.5207764116575593 0.20144581056466307 0.5193533697632059 0.2057149362477232 0.5179303278688525 0.2096994535519126 0.5167918943533698 0.21453779599271405 0.5162226775956285 0.2193761384335155 0.5159380692167578 0.2227914389799636 0.5167918943533698 0.22905282331511845 0.5187841530054645 0.23246812386156654 0.5199225865209472 0.23645264116575596 0.5224840619307833 0.23901411657559202 0.524476320582878 0.24157559198542808 0.5267531876138434 0.2447062841530055 0.5298838797814208 0.24812158469945358 0.5344376138433516 0.2509676684881603 0.5381375227686703 0.25295992714025506 0.5409836065573771 0.25495218579234974 0.5438296903460837 0.25722905282331515 0.5472449908925319 0.25836748633879786 0.5503756830601093 0.2589367030965392 0.5532217668488161 0.2592213114754099 0.5574908925318761 0.2592213114754099 0.562898451730419 0.2592213114754099 0.5691598360655737 0.25836748633879786 0.5737135701275046 0.2569444444444445 0.577698087431694 0.25381375227686703 0.5805441712204008 0.24812158469945358 0.5839594717668489 0.24186020036429878 0.5859517304189436 0.24015255009107472 0.5868055555555556 0.23759107468123866 0.5879439890710383 0.2350295992714026 0.589082422586521 0.23246812386156654 0.5896516393442623 0.2284836065573771 0.5902208561020037 0.22535291438979968 0.5905054644808744 0.22136839708561024 0.590790072859745 0.21396857923497273 0.5905054644808744 0.21169171220400734 0.589936247723133 0.20770719489981787 0.589082422586521 0.20030737704918036 0.5879439890710383 0.1957536429872496 0.586520947176685 0.19319216757741353 0.5850979052823316 0.19091530054644812 0.5836748633879782 0.1869307832422587 0.5802595628415301 0.18323087431693993 0.5774134790528234 0.17981557377049187 0.5742827868852459 0.17526183970856107 0.5683060109289618 0.17156193078324228 0.5614754098360656 0.16985428051001827 0.5560678506375228
1 0.13285519125683065 0.6679189435336976 0.12260928961748639 0.6645036429872496 0.10980191256830606 0.6576730418943535 0.10752504553734067 0.65625 0.10496357012750461 0.654542349726776 0.10268670309653921 0.6522654826958106 0.10126366120218584 0.6511270491803279 0.09984061930783247 0.6497040072859745 0.09898679417122044 0.6474271402550092 0.09841757741347909 0.6445810564663024 0.09756375227686707 0.6417349726775956 0.0972791438979964 0.6391734972677596 0.0972791438979964 0.6366120218579235 0.0972791438979964 0.6337659380692169 0.09813296903460843 0.6314890710382514 0.10012522768670314 0.6289275956284154 0.10183287795992718 0.6263661202185793 0.10354052823315123 0.6235200364298726 0.10524817850637527 0.6212431693989071 0.10809426229508201 0.6198201275045537 0.11122495446265943 0.6186816939890711 0.1149248633879782 0.6186816939890711 0.12004781420765033 0.6192509107468124 0.12517076502732247 0.6209585610200364 0.1288706739526412 0.6220969945355193 0.133424408014572 0.6238046448087432 0.13883196721311478 0.6257969034608379 0.14338570127504557 0.627504553734062 0.14793943533697637 0.630066029143898 0.1507855191256831 0.6314890710382514 0.15391621129326052 0.6331967213114755 0.15790072859744997 0.6354735883424408 0.16046220400728603 0.6380350637522769 0.16245446265938074 0.641450364298725 0.16473132969034615 0.6465733151183971 0.16643897996357018 0.6516962659380693 0.16700819672131154 0.6551115664845174 0.16700819672131154 0.6590960837887069 0.16700819672131154 0.6622267759562842 0.16586976320582883 0.6645036429872496 0.16416211293260477 0.665926684881603 0.16245446265938074 0.6673497267759564 0.15932377049180332 0.6693419854280511 0.15761612021857926 0.6704804189435337 0.15562386156648456 0.6707650273224045 0.15334699453551917 0.6704804189435337 0.15050091074681243 0.6699112021857924 0.14850865209471772 0.6696265938069217 0.14594717668488164 0.6696265938069217 0.14253187613843357 0.6696265938069217 0.1402550091074682 0.6693419854280511 0.13712431693989077 0.6687727686703098
1 0.29109744990892544 0.6895491803278689 0.29024362477231336 0.6801571038251366 0.2891051912568307 0.6767418032786885 0.28796675774134795 0.6730418943533698 0.2868283242258653 0.6699112021857924 0.2865437158469946 0.666780510018215 0.28711293260473597 0.6630806010928961 0.2885359744990893 0.6602345173041895 0.289674408014572 0.6573884335154827 0.29109744990892544 0.6531193078324227 0.2928051001821494 0.6485655737704918 0.29451275045537345 0.6440118397085611 0.2965050091074682 0.6400273224043717 0.2976434426229509 0.6377504553734062 0.2996357012750456 0.6340505464480874 0.30134335154826963 0.6314890710382514 0.30333561020036437 0.6289275956284154 0.30646630236794176 0.6269353369763206 0.30874316939890717 0.6255122950819673 0.31244307832422596 0.624089253187614 0.3172814207650274 0.6223816029143898 0.32211976320582886 0.6218123861566485 0.32638888888888895 0.6209585610200364 0.32866575591985436 0.6212431693989071 0.33293488160291446 0.6232354280510018 0.3360655737704919 0.6246584699453552 0.3391962659380693 0.6269353369763206 0.3417577413479053 0.6289275956284154 0.3443192167577414 0.6309198542805101 0.34602686703096547 0.6340505464480874 0.34659608378870677 0.6377504553734062 0.3483037340619308 0.641450364298725 0.34915755919854286 0.6451502732240437 0.3494421675774136 0.6491347905282332 0.34915755919854286 0.6522654826958106 0.3485883424408015 0.6556807832422588 0.3480191256830602 0.6588114754098361 0.3477345173041895 0.6625113843351549 0.3471653005464482 0.6653574681238617 0.34688069216757744 0.668488160291439 0.34602686703096547 0.6724726775956285 0.3443192167577414 0.6767418032786885 0.3428961748633881 0.6804417122040074 0.34061930783242267 0.6835724043715847 0.3374886156648452 0.6875569216757742 0.33407331511839716 0.6909722222222222 0.33037340619307837 0.6941029143897998 0.32610428051001833 0.6978028233151184 0.3232581967213115 0.7003642987249545 0.3206967213114755 0.7020719489981785 0.31870446265938074 0.7037795992714027 0.31585837887067403 0.705202641165756 0.31301229508196726 0.706056466302368 0.3107354280510019 0.7063410746812387 0.30675091074681243 0.706056466302368 0.30276639344262307 0.7049180327868853 0.3002049180327869 0.7040642076502732 0.29707422586520954 0.7006489071038252 0.29394353369763215 0.6966643897996357 0.29252049180327877 0.6923952641165756
1 0.03494990892531881 0.8494990892531876 0.02612704918032792 0.8423838797814208 0.023565573770491854 0.8401070127504554 0.021288706739526462 0.8372609289617488 0.018442622950819724 0.8338456284153006 0.016165755919854332 0.8301457194899818 0.01388888888888894 0.8255919854280511 0.01246584699453557 0.8210382513661203 0.011896630236794221 0.8170537340619308 0.011896630236794221 0.8119307832422588 0.012181238615664896 0.8070924408014573 0.01246584699453557 0.8042463570127505 0.012750455373406244 0.8005464480874317 0.013604280510018267 0.7962773224043717 0.015027322404371634 0.7934312386156649 0.016450364298725005 0.7920081967213116 0.018158014571949047 0.7903005464480874 0.02157331511839714 0.7885928961748635 0.0252732240437159 0.78716985428051 0.028688524590163984 0.7866006375227688 0.03210382513661207 0.786316029143898 0.03494990892531881 0.7868852459016394 0.03864981785063757 0.7883082877959927 0.04178051001821499 0.7900159380692169 0.043203551912568354 0.7920081967213116 0.045480418943533746 0.7945696721311476 0.04775728597449914 0.7974157559198543 0.04974954462659386 0.8005464480874317 0.05202641165755925 0.8045309653916212 0.05401867030965397 0.8076616575591985 0.05601092896174868 0.8102231329690347 0.05743397085610205 0.8125 0.05857240437158475 0.8167691256830601 0.059426229508196766 0.8193306010928961 0.06028005464480879 0.8224612932604737 0.06113387978142081 0.8261612021857924 0.061703096539162165 0.8298611111111112 0.061987704918032835 0.8338456284153006 0.06113387978142081 0.8372609289617488 0.05999544626593812 0.8401070127504554 0.05857240437158475 0.8420992714025501 0.05629553734061935 0.8440915300546449 0.0537340619307833 0.8463683970856103 0.051741803278688575 0.8494990892531876 0.05003415300546453 0.8520605646630237 0.04775728597449914 0.8540528233151184 0.04576502732240442 0.8546220400728598 0.04234972677595634 0.8540528233151184 0.03921903460837892 0.8526297814207651
1 0.10325591985428056 0.9653346994535519 0.09784836065573775 0.9659039162112932 0.09528688524590169 0.9667577413479053 0.09329462659380698 0.9673269581056466 0.0907331511839709 0.967896174863388 0.08731785063752281 0.967896174863388 0.08561020036429877 0.9673269581056466 0.08304872495446271 0.9647654826958106 0.08077185792349731 0.9613501821493625 0.07934881602914395 0.9582194899817851 0.07849499089253192 0.9536657559198543 0.07906420765027326 0.9485428051001822 0.08020264116575597 0.9431352459016394 0.08077185792349731 0.93915072859745 0.08134107468123866 0.9357354280510018 0.08219489981785069 0.9317509107468124 0.08333333333333338 0.9280510018214937 0.08475637522768675 0.9249203096539163 0.0864640255009108 0.9217896174863388 0.08731785063752281 0.9197973588342442 0.08902550091074686 0.9175204918032788 0.09130236794171225 0.9152436247723134 0.09357923497267764 0.9135359744990893 0.09557149362477237 0.9126821493624774 0.09756375227686707 0.9115437158469946 0.0995560109289618 0.9104052823315119 0.10154826958105652 0.9092668488160293 0.10410974499089258 0.9072745901639345 0.10638661202185797 0.9055669398907104 0.10894808743169403 0.9035746812386157 0.1115095628415301 0.9018670309653917 0.11321721311475415 0.9010132058287798 0.11520947176684886 0.8998747723132969 0.1180555555555556 0.899020947176685 0.12147085610200369 0.8981671220400729 0.1246015482695811 0.8975979052823316 0.1268784153005465 0.8975979052823316 0.13057832422586527 0.8978825136612022 0.1357012750455374 0.8998747723132969 0.13997040072859748 0.902436247723133 0.14338570127504557 0.9052823315118398 0.14623178506375234 0.9089822404371585 0.14793943533697637 0.9121129326047359 0.14850865209471772 0.915528233151184 0.14907786885245905 0.9195127504553735 0.14936247723132973 0.9229280510018216 0.1487932604735884 0.926058743169399 0.14737021857923502 0.928620218579235 0.14594717668488164 0.9311816939890711 0.1442395264116576 0.9337431693989071 0.14139344262295087 0.9371584699453552 0.13740892531876142 0.9419968123861566 0.13399362477231333 0.9459813296903461 0.13200136612021862 0.9482581967213115 0.12943989071038256 0.9511042805100183 0.1268784153005465 0.9533811475409837 0.12431693989071044 0.9550887978142076 0.12147085610200369 0.9570810564663024 0.11777094717668493 0.9596425318761385 0.11321721311475415 0.9616347905282332 0.1083788706739527 0.9636270491803279
1 0.4632855191256831 0.8016848816029145 0.458162568306011 0.796846539162113 0.45617030965391625 0.7940004553734062 0.4541780510018215 0.7900159380692169 0.45303961748633886 0.7868852459016394 0.45190118397085616 0.7831853369763206 0.4516165755919855 0.7794854280510018 0.4516165755919855 0.7760701275045537 0.4516165755919855 0.7720856102003643 0.45190118397085616 0.768101092896175 0.45303961748633886 0.7635473588342442 0.4538934426229509 0.7595628415300547 0.4550318761384336 0.7547244990892532 0.45617030965391625 0.7498861566484518 0.4578779599271403 0.7450478142076503 0.4593010018214937 0.7410632969034608 0.4610086520947177 0.7379326047358835 0.46271630236794176 0.7345173041894354 0.4644239526411658 0.73224043715847 0.4675546448087432 0.7285405282331513 0.4706853369763207 0.7259790528233151 0.4741006375227687 0.723417577413479 0.4766621129326048 0.7217099271402551 0.4789389799635702 0.7217099271402551 0.4809312386156649 0.7219945355191257 0.48377732240437166 0.7239867941712205 0.486054189435337 0.7259790528233151 0.48804644808743175 0.7285405282331513 0.49089253187613846 0.73224043715847 0.4931693989071039 0.7367941712204008 0.4951616575591986 0.7410632969034608 0.496584699453552 0.7464708561020037 0.497438524590164 0.7507399817850637 0.4985769581056467 0.7564321493624774 0.497438524590164 0.769808743169399 0.49686930783242267 0.7729394353369764 0.49630009107468126 0.7763547358834245 0.4954462659380693 0.7800546448087432 0.49487704918032793 0.7826161202185793 0.4937386156648452 0.784608378870674 0.4920309653916212 0.7860314207650274 0.4900387067395265 0.7880236794171221 0.48804644808743175 0.7903005464480874 0.48690801457194904 0.7925774134790529 0.4854849726775957 0.795138888888889 0.48406193078324233 0.797700364298725 0.4832081056466303 0.7991234061930784 0.4820696721311476 0.8008310564663024 0.48121584699453557 0.8022540983606558 0.47865437158469953 0.8039617486338798 0.4738160291438981 0.8045309653916212 0.47040072859744997 0.8045309653916212 0.4669854280510019 0.8033925318761385
1 0.19717668488160295 0.9989184881602914 0.20002276867030971 0.9946493624772313 0.2022996357012751 0.9920878870673953 0.20400728597449913 0.9900956284153006 0.20628415300546452 0.9875341530054645 0.20770719489981787 0.9855418943533698 0.2096994535519126 0.9829804189435337 0.21140710382513667 0.9815573770491803 0.2142531876138434 0.9804189435336976 0.2176684881602915 0.9787112932604737 0.2207991803278689 0.9778574681238617 0.2239298724954463 0.9775728597449909 0.2273451730418944 0.9772882513661203 0.22990664845173045 0.9778574681238617 0.23303734061930786 0.979280510018215 0.23645264116575596 0.981841985428051 0.24015255009107472 0.9841188524590164 0.24271402550091078 0.9866803278688525 0.24442167577413484 0.9900956284153006 0.24556010928961752 0.99408014571949 0.24641393442622955 0.9980646630236795 0.24656287947783853 0.9989583333333333
1 0.5757058287795993 0.9980646630236795 0.5745673952641166 0.9943647540983608 0.5745673952641166 0.9912340619307832 0.5754212204007287 0.9883879781420766 0.5774134790528234 0.9858265027322405 0.5799749544626595 0.9838342440801457 0.5831056466302369 0.9824112021857924 0.5868055555555556 0.980988160291439 0.590790072859745 0.9798497267759564 0.5939207650273225 0.9789959016393442 0.5970514571948998 0.9784266848816029 0.6001821493624774 0.9772882513661203 0.604735883424408 0.9767190346083789 0.6090050091074682 0.9761498178506376 0.6138433515482696 0.9761498178506376 0.617827868852459 0.9767190346083789 0.6215277777777779 0.9781420765027323 0.6255122950819673 0.979280510018215 0.6292122040072861 0.9807035519125684 0.6326275045537341 0.9821265938069217 0.6354735883424408 0.9835496357012751 0.6386042805100183 0.9858265027322405 0.6423041894353371 0.9889571948998179 0.6454348816029145 0.9918032786885246 0.6482809653916212 0.9943647540983608 0.6497040072859745 0.9972108378870674 0.6504529339058027 0.9989583333333333 0.5765596539162113 0.9989583333333333
1 0.6377504553734062 0.9291894353369764 0.6306352459016394 0.9320355191256832 0.62665072859745 0.9326047358834245 0.6235200364298726 0.9328893442622951 0.6201047358834245 0.9337431693989071 0.6166894353369764 0.9345969945355193 0.6146971766848817 0.9348816029143898 0.611851092896175 0.9343123861566485 0.6072973588342442 0.9326047358834245 0.5942053734061932 0.9291894353369764 0.5836748633879782 0.9226434426229508 0.5825364298724955 0.9203665755919855 0.5816826047358835 0.9166666666666666 0.5816826047358835 0.9132513661202186 0.5836748633879782 0.9092668488160293 0.5856671220400729 0.9058515482695811 0.5887978142076503 0.9027208561020037 0.5916438979963571 0.900728597449909 0.5944899817850637 0.8981671220400729 0.5970514571948998 0.8956056466302369 0.6010359744990893 0.8921903460837888 0.6044512750455374 0.8893442622950821 0.6078665755919855 0.8870673952641166 0.6109972677595629 0.8845059198542805 0.6138433515482696 0.8822290528233151 0.6169740437158471 0.8813752276867032 0.6201047358834245 0.8816598360655737 0.6238046448087432 0.8827982695810566 0.6272199453551913 0.8830828779599271 0.630066029143898 0.8830828779599271 0.6337659380692169 0.8825136612021859 0.6363274134790529 0.8822290528233151 0.6400273224043717 0.8827982695810566 0.6434426229508198 0.8839367030965393 0.6477117486338798 0.8853597449908926 0.6508424408014573 0.8867827868852459 0.653688524590164 0.8887750455373407 0.6568192167577414 0.8910519125683061 0.6590960837887069 0.8933287795992714 0.6608037340619308 0.8958902550091075 0.6622267759562842 0.899020947176685 0.6633652094717669 0.902436247723133 0.6627959927140256 0.9055669398907104 0.6619421675774135 0.9078438069216759 0.6602345173041895 0.9112591074681239 0.6588114754098361 0.91382058287796 0.6559653916211293 0.9166666666666666 0.6525500910746813 0.9195127504553735 0.6485655737704918 0.9226434426229508 0.643158014571949 0.9254895264116576
1 0.5239071038251367 0.8403916211293261 0.5179303278688525 0.8364071038251366 0.5165072859744991 0.8341302367941713 0.5153688524590164 0.8321379781420766 0.5145150273224044 0.8295765027322405 0.5142304189435338 0.8272996357012751 0.5139458105646632 0.8250227686703098 0.5139458105646632 0.822176684881603 0.5142304189435338 0.8198998178506376 0.5150842440801457 0.8176229508196722 0.5162226775956285 0.8156306921675774 0.5179303278688525 0.8127846083788708 0.5199225865209472 0.8102231329690347 0.5221994535519127 0.80823087431694 0.5247609289617486 0.8059540072859745 0.5284608378870674 0.8028233151183971 0.5321607468123862 0.7999772313296903 0.535006830601093 0.797700364298725 0.5378529143897998 0.7959927140255009 0.5415528233151184 0.7942850637522769 0.5446835154826959 0.7925774134790529 0.5486680327868854 0.7903005464480874 0.5515141165755921 0.7894467213114755 0.5552140255009108 0.7894467213114755 0.5600523679417122 0.7911543715846995 0.5637522768670311 0.7928620218579235 0.5663137522768671 0.7945696721311476 0.5688752276867032 0.796846539162113 0.5708674863387979 0.8008310564663024 0.5722905282331513 0.8042463570127505 0.5731443533697632 0.8076616575591985 0.573428961748634 0.8110769581056466 0.5731443533697632 0.8147768670309655 0.5717213114754098 0.8190459927140256 0.5697290528233151 0.8235997267759564 0.5677367941712205 0.8275842440801457 0.5657445355191257 0.8309995446265938 0.5634676684881603 0.8332764116575593 0.5589139344262295 0.8364071038251366 0.5554986338797814 0.8381147540983608 0.55066029143898 0.8401070127504554 0.5449681238615666 0.8418146630236795 0.5398451730418945 0.8420992714025501 0.5347222222222222 0.8420992714025501 0.5293146630236795 0.8420992714025501
1 0.6440118397085611 0.8056693989071039 0.6451502732240437 0.8008310564663024 0.6454348816029145 0.7988387978142076 0.6457194899817851 0.7962773224043717 0.6457194899817851 0.7942850637522769 0.6448656648451732 0.7905851548269581 0.6448656648451732 0.78716985428051 0.6462887067395264 0.7851775956284154 0.6479963570127505 0.7823315118397086 0.6499886156648452 0.7797700364298726 0.6525500910746813 0.7769239526411659 0.6542577413479054 0.7757855191256832 0.6559653916211293 0.7735086520947178 0.6585268670309655 0.770662568306011 0.6610883424408016 0.7683857012750456 0.6642190346083789 0.7666780510018216 0.666780510018215 0.7652550091074681 0.6704804189435337 0.7632627504553735 0.6744649362477232 0.7615551001821494 0.6784494535519127 0.7604166666666666 0.68158014571949 0.7598474499089254 0.6847108378870674 0.759278233151184 0.6875569216757742 0.7589936247723134 0.6904030054644809 0.7589936247723134 0.6943875227686703 0.7589936247723134 0.6978028233151184 0.7598474499089254 0.7009335154826959 0.760985883424408 0.704348816029144 0.7626935336976322 0.706056466302368 0.7663934426229508 0.708617941712204 0.770662568306011 0.7091871584699454 0.7735086520947178 0.7097563752276869 0.7763547358834245 0.7106102003642988 0.7794854280510018 0.7106102003642988 0.7817622950819673 0.7103255919854281 0.7843237704918032 0.7089025500910747 0.7877390710382514 0.7074795081967213 0.7908697632058288 0.7057718579234974 0.7940004553734062 0.7034949908925319 0.7971311475409837 0.7009335154826959 0.7999772313296903 0.6983720400728598 0.8031079234972679 0.6952413479052824 0.8062386156648452 0.6935336976320584 0.8079462659380693 0.6909722222222222 0.8090846994535519 0.6875569216757742 0.8105077413479054 0.6838570127504554 0.8119307832422588 0.6795878870673954 0.8133538251366121 0.6758879781420766 0.8144922586520947 0.6710496357012751 0.8153460837887069 0.6662112932604737 0.8159153005464481 0.6639344262295083 0.8161999089253188 0.6616575591985429 0.8161999089253188 0.6565346083788708 0.8153460837887069 0.6542577413479054 0.8139230418943534 0.65198087431694 0.8125 0.6491347905282332 0.8113615664845174 0.6471425318761385 0.8096539162112932
1 0.5128073770491803 0.7145947176684883 0.5136612021857924 0.7074795081967213 0.5139458105646632 0.704348816029144 0.5147996357012751 0.6997950819672132 0.5165072859744991 0.6972336065573771 0.5182149362477232 0.6952413479052824 0.5204918032786886 0.6932490892531876 0.524476320582878 0.6906876138433516 0.5287454462659381 0.6878415300546449 0.5330145719489983 0.6855646630236795 0.5364298724954464 0.6838570127504554 0.5409836065573771 0.6827185792349727 0.5486680327868854 0.6824339708561021 0.5546448087431695 0.683287795992714 0.560336976320583 0.6847108378870674 0.5657445355191257 0.6875569216757742 0.5702982695810566 0.6904030054644809 0.5739981785063752 0.6926798724954464 0.5765596539162113 0.695525956284153 0.5796903460837888 0.6995104735883425 0.5825364298724955 0.704348816029144 0.5850979052823316 0.7103255919854281 0.5868055555555556 0.7163023679417122 0.5870901639344264 0.7214253187613845 0.5862363387978142 0.7254098360655737 0.5845286885245903 0.7282559198542806 0.5822518214936249 0.7308173952641166 0.5802595628415301 0.7333788706739527 0.577698087431694 0.7365095628415301 0.5757058287795993 0.7382172131147542 0.5731443533697632 0.7399248633879782 0.5705828779599271 0.7416325136612022 0.5665983606557378 0.7430555555555556 0.5620446265938069 0.7441939890710383 0.5577755009107469 0.7447632058287798 0.5526525500910747 0.7450478142076503 0.5446835154826959 0.744478597449909 0.5401297814207651 0.7433401639344264 0.5344376138433516 0.7422017304189436 0.5310223132969035 0.7404940801457195 0.5276070127504554 0.7382172131147542 0.524476320582878 0.7350865209471766 0.5216302367941713 0.7319558287795993 0.5182149362477232 0.7279713114754098 0.5162226775956285 0.723417577413479 0.5147996357012751 0.7182946265938069
1 0.511384335154827 0.6471425318761385 0.5073998178506376 0.643158014571949 0.5045537340619308 0.6408811475409837 0.5028460837887068 0.6391734972677596 0.5011384335154827 0.6368966302367942 0.5002846083788708 0.6337659380692169 0.5000000000000001 0.630066029143898 0.5002846083788708 0.6263661202185793 0.5019922586520947 0.6232354280510018 0.5034153005464481 0.6206739526411659 0.5054075591985429 0.6175432604735884 0.5073998178506376 0.615266393442623 0.509676684881603 0.6132741347905283 0.5122381602914391 0.6107126593806922 0.5153688524590164 0.6084357923497269 0.5184995446265939 0.6064435336976322 0.5221994535519127 0.604735883424408 0.5258993624772315 0.6035974499089254 0.5287454462659381 0.603028233151184 0.5327299635701276 0.6033128415300547 0.5384221311475411 0.6041666666666666 0.5432604735883425 0.6053051001821494 0.5475295992714027 0.6061589253187614 0.5512295081967213 0.6075819672131147 0.5546448087431695 0.6087204007285975 0.5586293260473589 0.6104280510018216 0.5614754098360656 0.611851092896175 0.562898451730419 0.613558743169399 0.5640368852459017 0.6158356102003644 0.5648907103825137 0.6201047358834245 0.5663137522768671 0.6255122950819673 0.5668829690346084 0.6294968123861566 0.5665983606557378 0.6329121129326047 0.5654599271402551 0.6363274134790529 0.5637522768670311 0.6397427140255009 0.5614754098360656 0.6425887978142077 0.5589139344262295 0.6445810564663024 0.5560678506375228 0.6457194899817851 0.5520833333333335 0.6474271402550092 0.5478142076502732 0.6485655737704918 0.5432604735883425 0.6499886156648452 0.5384221311475411 0.6511270491803279 0.5335837887067396 0.6516962659380693 0.5290300546448088 0.6516962659380693 0.524476320582878 0.6516962659380693 0.5207764116575593 0.6514116575591985 0.5165072859744991 0.6502732240437159 0.5136612021857924 0.6488501821493625
1 0.6864184881602914 0.6664959016393442 0.683287795992714 0.6576730418943535 0.6824339708561021 0.6551115664845174 0.6818647540983608 0.65198087431694 0.6812955373406193 0.649419398907104 0.6804417122040074 0.6465733151183971 0.679872495446266 0.6440118397085611 0.679872495446266 0.6411657559198543 0.679872495446266 0.6374658469945356 0.6812955373406193 0.6331967213114755 0.6830031876138434 0.6294968123861566 0.6841416211293261 0.6277891621129327 0.6855646630236795 0.6257969034608379 0.6881261384335156 0.6223816029143898 0.6904030054644809 0.6195355191256832 0.692964480874317 0.6166894353369764 0.6960951730418945 0.6138433515482696 0.7000796903460837 0.611851092896175 0.705202641165756 0.6109972677595629 0.7108948087431695 0.6109972677595629 0.7140255009107469 0.6115664845173042 0.7171561930783242 0.6127049180327869 0.7211407103825137 0.6141279599271403 0.7251252276867032 0.6155510018214937 0.7282559198542806 0.6169740437158471 0.7308173952641166 0.6183970856102003 0.7336634790528234 0.6209585610200364 0.7365095628415301 0.624089253187614 0.7393556466302369 0.6280737704918032 0.7416325136612022 0.6320582877959927 0.7424863387978142 0.6363274134790529 0.7430555555555556 0.6400273224043717 0.7433401639344264 0.6445810564663024 0.7436247723132969 0.649419398907104 0.7436247723132969 0.6548269581056466 0.7436247723132969 0.65625 0.7407786885245903 0.6687727686703098 0.7387864298724955 0.6719034608378871 0.7365095628415301 0.6747495446265938 0.7330942622950821 0.6784494535519127 0.7288251366120219 0.6810109289617488 0.7254098360655737 0.6821493624772313 0.7214253187613845 0.6838570127504554 0.7197176684881603 0.6844262295081969 0.7165869763205829 0.6849954462659381 0.7134562841530055 0.6852800546448088 0.7100409836065574 0.6849954462659381 0.7071948998178507 0.6841416211293261 0.7029257741347906 0.6818647540983608 0.6983720400728598 0.6781648451730419 0.6943875227686703 0.6747495446265938 0.6898337887067395 0.6704804189435337
1 0.5532217668488161 0.5398451730418945 0.5529371584699454 0.5338683970856103 0.5537909836065574 0.5264685792349727 0.5543602003642988 0.5241917122040074 0.5549294171220401 0.5216302367941713 0.5560678506375228 0.5182149362477232 0.5580601092896175 0.5153688524590164 0.560336976320583 0.5125227686703098 0.5631830601092898 0.5102459016393444 0.5657445355191257 0.5085382513661203 0.5691598360655737 0.5079690346083789 0.5745673952641166 0.5079690346083789 0.5785519125683061 0.5079690346083789 0.5816826047358835 0.508822859744991 0.5856671220400729 0.5102459016393444 0.5887978142076503 0.5116689435336977 0.5930669398907104 0.5142304189435338 0.5959130236794171 0.5170765027322405 0.598759107468124 0.5199225865209472 0.600466757741348 0.5224840619307833 0.6024590163934427 0.5256147540983608 0.6033128415300547 0.5284608378870674 0.6067281420765027 0.5378529143897998 0.6075819672131147 0.5415528233151184 0.6081511839708561 0.5441142987249545 0.6084357923497269 0.5469603825136613 0.6081511839708561 0.5503756830601093 0.6078665755919855 0.5549294171220401 0.6070127504553735 0.5583447176684883 0.6058743169398908 0.5614754098360656 0.6041666666666666 0.5643214936247724 0.60132058287796 0.5680214025500911 0.5976206739526412 0.5705828779599271 0.5936361566484518 0.573428961748634 0.5905054644808744 0.5742827868852459 0.5870901639344264 0.5748520036429874 0.5839594717668489 0.5748520036429874 0.5788365209471767 0.5739981785063752 0.5731443533697632 0.5720059198542806 0.5700136612021859 0.5700136612021859 0.5668829690346084 0.5674521857923498 0.564606102003643 0.564606102003643 0.5617600182149364 0.561190801457195 0.5597677595628416 0.5583447176684883 0.5580601092896175 0.5549294171220401 0.5560678506375228 0.5512295081967213 0.5543602003642988 0.5469603825136613 0.5532217668488161 0.5432604735883425
1 0.6775956284153006 0.5771288706739527 0.6707650273224045 0.5725751366120219 0.668488160291439 0.5708674863387979 0.6653574681238617 0.5677367941712205 0.6639344262295083 0.5660291438979964 0.6627959927140256 0.562898451730419 0.6622267759562842 0.5580601092896175 0.6619421675774135 0.5535063752276869 0.6625113843351549 0.5486680327868854 0.6636498178506376 0.5452527322404372 0.6653574681238617 0.5429758652094718 0.666780510018215 0.5409836065573771 0.6679189435336976 0.539275956284153 0.6693419854280511 0.5369990892531876 0.6707650273224045 0.535006830601093 0.6724726775956285 0.5321607468123862 0.6744649362477232 0.5295992714025501 0.6761725865209472 0.5273224043715847 0.6784494535519127 0.524476320582878 0.68158014571949 0.5216302367941713 0.6844262295081969 0.5184995446265939 0.6875569216757742 0.5159380692167578 0.6906876138433516 0.5142304189435338 0.6952413479052824 0.5122381602914391 0.7003642987249545 0.5102459016393444 0.7040642076502732 0.5091074681238617 0.7074795081967213 0.5085382513661203 0.7117486338797814 0.508822859744991 0.7151639344262295 0.5093920765027323 0.7185792349726776 0.5108151183970857 0.7217099271402551 0.5128073770491803 0.7239867941712205 0.5153688524590164 0.7248406193078325 0.5176457194899818 0.7259790528233151 0.5207764116575593 0.7268328779599271 0.5239071038251367 0.7279713114754098 0.5258993624772315 0.7291097449908926 0.5276070127504554 0.7305327868852459 0.5321607468123862 0.7311020036429874 0.535860655737705 0.731386612021858 0.5395605646630237 0.7305327868852459 0.5446835154826959 0.7262636612021859 0.5546448087431695 0.7245560109289618 0.5577755009107469 0.7225637522768671 0.5609061930783242 0.7205714936247724 0.5640368852459017 0.7182946265938069 0.5668829690346084 0.7157331511839709 0.5691598360655737 0.7128870673952642 0.5720059198542806 0.7091871584699454 0.575136612021858 0.705202641165756 0.577698087431694 0.7015027322404371 0.5794057377049181 0.6975182149362478 0.5808287795992714 0.692964480874317 0.5816826047358835 0.6895491803278689 0.5816826047358835 0.6852800546448088 0.5805441712204008
1 0.513091985428051 0.16416211293260477 0.5099612932604737 0.15932377049180332 0.508822859744991 0.15761612021857926 0.5079690346083789 0.15562386156648456 0.5071152094717669 0.15277777777777782 0.5065459927140256 0.14993169398907108 0.5059767759562842 0.14680100182149367 0.5056921675774135 0.14395491803278693 0.5068306010928962 0.13997040072859748 0.5085382513661203 0.13712431693989077 0.5102459016393444 0.134278233151184 0.5125227686703098 0.13171675774134795 0.5165072859744991 0.12972449908925324 0.5199225865209472 0.1280168488160292 0.5247609289617486 0.1277322404371585 0.5310223132969035 0.1277322404371585 0.535006830601093 0.12830145719489985 0.5412682149362478 0.12972449908925324 0.5449681238615666 0.13086293260473594 0.548098816029144 0.1322859744990893 0.5517987249544627 0.13399362477231333 0.5552140255009108 0.1357012750455374 0.5586293260473589 0.1379781420765028 0.5617600182149364 0.13997040072859748 0.5640368852459017 0.1411088342440802 0.5668829690346084 0.1431010928961749 0.5705828779599271 0.14594717668488164 0.5725751366120219 0.1487932604735884 0.5742827868852459 0.15249316939890714 0.5757058287795993 0.15448542805100188 0.5768442622950821 0.1561930783242259 0.577698087431694 0.159608378870674 0.5754212204007287 0.16586976320582883 0.5737135701275046 0.16900045537340624 0.5722905282331513 0.17156193078324228 0.5694444444444445 0.17412340619307837 0.5674521857923498 0.17640027322404378 0.5660291438979964 0.17668488160291443 0.564606102003643 0.17668488160291443 0.5631830601092898 0.1769694899817851 0.561190801457195 0.17782331511839714 0.5583447176684883 0.17896174863387984 0.5557832422586522 0.17981557377049187 0.5517987249544627 0.18010018214936252 0.5472449908925319 0.1803847905282332 0.5432604735883425 0.1803847905282332 0.5389913479052824 0.1803847905282332 0.5332991803278689 0.18010018214936252 0.5295992714025501 0.1792463570127505 0.527037795992714 0.1781079234972678 0.523622495446266 0.17611566484517308 0.5207764116575593 0.1738387978142077 0.5176457194899818 0.17127732240437163 0.5142304189435338 0.16757741347905286
1 0.5794057377049181 0.09329462659380698 0.5731443533697632 0.08788706739526415 0.5660291438979964 0.08191029143898002 0.5651753187613845 0.08020264116575597 0.5643214936247724 0.0787795992714026 0.5637522768670311 0.07678734061930788 0.562898451730419 0.07451047358834248 0.5623292349726776 0.07194899817850642 0.5623292349726776 0.06796448087431699 0.5626138433515483 0.06483378870673957 0.5654599271402551 0.06084927140255014 0.5674521857923498 0.058287795992714074 0.5708674863387979 0.05515710382513666 0.573428961748634 0.052880236794171274 0.5765596539162113 0.05088797814207655 0.5794057377049181 0.04889571948998184 0.5819672131147542 0.04747267759562846 0.5850979052823316 0.04604963570127509 0.5853825136612022 0.04604963570127509 0.5885132058287798 0.04519581056466307 0.5910746812386157 0.04462659380692172 0.5964822404371585 0.04405737704918038 0.6001821493624774 0.0437727686703097 0.6038820582877961 0.04405737704918038 0.6112818761384335 0.04519581056466307 0.613558743169399 0.04604963570127509 0.6164048269581056 0.048326502732240484 0.6181124772313298 0.05060336976320588 0.6198201275045537 0.0525956284153006 0.6215277777777779 0.05458788706739532 0.624089253187614 0.05629553734061935 0.6257969034608379 0.058287795992714074 0.6272199453551913 0.05999544626593812 0.6292122040072861 0.06284153005464485 0.6306352459016394 0.06597222222222227 0.6317736794171221 0.06938752276867036 0.6323428961748635 0.07280282331511843 0.6323428961748635 0.07650273224043722 0.6323428961748635 0.07991803278688529 0.6323428961748635 0.08333333333333338 0.6326275045537341 0.08589480874316945 0.6317736794171221 0.08817167577413484 0.627504553734062 0.0918715846994536 0.6235200364298726 0.09443306010928967 0.6215277777777779 0.09585610200364303 0.6201047358834245 0.0972791438979964 0.6181124772313298 0.0995560109289618 0.616120218579235 0.10211748633879786 0.6138433515482696 0.10496357012750461 0.6104280510018216 0.10809426229508201 0.6075819672131147 0.10866347905282336 0.6055897085610201 0.10866347905282336 0.6016051912568307 0.10809426229508201 0.5984744990892532 0.10695582877959932 0.5944899817850637 0.10553278688524595 0.5919285063752278 0.1038251366120219 0.588228597449909 0.10126366120218584 0.5836748633879782 0.09813296903460843
1 0.5546448087431695 0.023565573770491854 0.5466757741347906 0.017873406193078374 0.5441142987249545 0.016734972677595678 0.5412682149362478 0.015596539162112984 0.5398451730418945 0.014742714025500961 0.5395605646630237 0.012750455373406244 0.539275956284153 0.009904371584699504 0.539275956284153 0.00734289617486344 0.5401297814207651 0.004496812386156701 0.5412682149362478 0.0019353369763206345 0.5432035519125685 2.312964634635743e-19 0.6018897996357013 0.0005122950819672647 0.6041666666666666 0.0010815118397086126 0.6078665755919855 0.0025045537340619827 0.6098588342440803 0.004781420765027374 0.6104280510018216 0.0064890710382514176 0.6095742258652095 0.008765938069216809 0.6075819672131147 0.010473588342440852 0.6053051001821494 0.013604280510018267 0.6038820582877961 0.015596539162112984 0.602174408014572 0.0175887978142077 0.5998975409836066 0.018727231329690397 0.5967668488160293 0.01958105646630242 0.5939207650273225 0.020434881602914443 0.590790072859745 0.021288706739526462 0.5873747723132969 0.021857923497267808 0.5833902550091075 0.02214253187613848 0.5799749544626595 0.02271174863387983 0.5762750455373407 0.02328096539162118 0.5737135701275046 0.023850182149362527 0.5708674863387979 0.024419398907103877 0.5691598360655737 0.024419398907103877 0.5663137522768671 0.024419398907103877 0.5626138433515483 0.024419398907103877 0.5583447176684883 0.024419398907103877
1 0.848360655737705 0.16814663023679424 0.8457991803278689 0.16473132969034615 0.8440915300546449 0.15704690346083794 0.8435223132969035 0.1542008196721312 0.8429530965391622 0.1516393442622951 0.8420992714025501 0.14907786885245905 0.8415300546448088 0.1453779599271403 0.8412454462659381 0.14196265938069222 0.8418146630236795 0.1365551001821494 0.8426684881602914 0.13057832422586527 0.8438069216757742 0.1277322404371585 0.8440915300546449 0.12545537340619312 0.8449453551912569 0.12289389799635705 0.8460837887067395 0.12033242258652099 0.8469376138433516 0.11834016393442628 0.849214480874317 0.11606329690346089 0.8506375227686703 0.11435564663023684 0.8526297814207651 0.11236338797814212 0.8554758652094718 0.11094034608378875 0.8586065573770493 0.11037112932604741 0.86316029143898 0.10980191256830606 0.8682832422586522 0.10980191256830606 0.8731215846994537 0.11037112932604741 0.8759676684881603 0.11122495446265943 0.8779599271402551 0.11207877959927146 0.8793829690346084 0.11350182149362481 0.8805214025500911 0.11634790528233156 0.8813752276867032 0.11976320582877964 0.8822290528233151 0.1223246812386157 0.8847905282331513 0.12630919854280515 0.885928961748634 0.1280168488160292 0.8873520036429874 0.1302937158469946 0.88849043715847 0.1376935336976321 0.8893442622950821 0.14850865209471772 0.8893442622950821 0.15135473588342446 0.8890596539162113 0.15363160291438985 0.88849043715847 0.15590846994535523 0.887636612021858 0.15875455373406197 0.8864981785063752 0.16273907103825141 0.8850751366120219 0.16586976320582883 0.8839367030965393 0.1684312386156649 0.8822290528233151 0.17127732240437163 0.8805214025500911 0.1738387978142077 0.8788137522768671 0.1758310564663024 0.877106102003643 0.17753870673952646 0.8751138433515483 0.17953096539162117 0.8725523679417122 0.1815232240437159 0.8702755009107469 0.18323087431693993 0.8677140255009108 0.18408469945355196 0.8654371584699454 0.1838000910746813 0.862306466302368 0.18180783242258655 0.8591757741347906 0.18010018214936252 0.8566142987249545 0.17782331511839714 0.8537682149362478 0.17469262295081972
1 0.940858378870674 0.09101775956284158 0.9371584699453552 0.08845628415300551 0.9357354280510018 0.08674863387978146 0.9337431693989071 0.08390255009107474 0.9320355191256832 0.08191029143898002 0.930327868852459 0.07963342440801462 0.928620218579235 0.07678734061930788 0.926912568306011 0.07365664845173046 0.9252049180327869 0.06995673952641171 0.9252049180327869 0.06767987249544632 0.9252049180327869 0.06511839708561025 0.9257741347905283 0.06227231329690351 0.9266279599271403 0.05885701275045542 0.9280510018214937 0.055726320582878006 0.9300432604735884 0.05344945355191262 0.9317509107468124 0.0514571948998179 0.9340277777777779 0.04946493624772318 0.9365892531876139 0.048041894353369814 0.9388661202185793 0.046618852459016445 0.9414275956284154 0.0449112021857924 0.9439890710382514 0.04405737704918038 0.9471197632058288 0.043488160291439024 0.9502504553734062 0.043488160291439024 0.9533811475409837 0.04462659380692172 0.9559426229508198 0.045480418943533746 0.9582194899817851 0.04633424408014577 0.9607809653916212 0.04747267759562846 0.9630578324225866 0.04889571948998184 0.9659039162112932 0.05060336976320588 0.9681807832422588 0.05202641165755925 0.9710268670309655 0.05401867030965397 0.9741575591985429 0.05658014571949003 0.9761498178506376 0.05971083788706744 0.9778574681238617 0.06312613843351553 0.979280510018215 0.0656876138433516 0.9807035519125684 0.06853369763205834 0.981841985428051 0.07137978142076508 0.9826958105646632 0.07394125683060114 0.9835496357012751 0.07707194899817855 0.9841188524590164 0.08048724954462665 0.9844034608378871 0.08333333333333338 0.9844034608378871 0.08617941712204011 0.9838342440801457 0.08874089253187618 0.9826958105646632 0.09130236794171225 0.980988160291439 0.09357923497267764 0.9787112932604737 0.09614071038251372 0.9761498178506376 0.09784836065573775 0.9730191256830601 0.09841757741347909 0.9693192167577414 0.09841757741347909 0.9667577413479053 0.09841757741347909 0.9627732240437159 0.09813296903460843 0.9602117486338798 0.09784836065573775 0.9570810564663024 0.09756375227686707 0.953950364298725 0.0972791438979964 0.9508196721311476 0.09642531876138438 0.9474043715846995 0.09471766848816034 0.9437044626593808 0.09244080145719495
1 0.9377276867030966 0.2264913479052824 0.9363046448087432 0.2227914389799636 0.9363046448087432 0.22022996357012753 0.9363046448087432 0.21795309653916214 0.9363046448087432 0.21596083788706746 0.9360200364298726 0.21339936247723137 0.9360200364298726 0.2108378870673953 0.9360200364298726 0.2085610200364299 0.9363046448087432 0.20599954462659384 0.9368738615664846 0.20315346083788713 0.9377276867030966 0.20030737704918036 0.9385815118397086 0.19746129326047365 0.93915072859745 0.19489981785063756 0.9394353369763206 0.1923383424408015 0.940858378870674 0.1900614754098361 0.9422814207650274 0.1877846083788707 0.9448428961748634 0.1838000910746813 0.9476889799635703 0.18180783242258655 0.9496812386156649 0.18095400728597452 0.9528119307832423 0.17896174863387984 0.9565118397085611 0.17640027322404378 0.9587887067395264 0.17526183970856107 0.9624886156648452 0.17355418943533701 0.9656193078324227 0.17270036429872498 0.96875 0.17270036429872498 0.9727345173041895 0.1738387978142077 0.9770036429872495 0.17440801457194904 0.9807035519125684 0.17440801457194904 0.9841188524590164 0.17440801457194904 0.9861111111111112 0.17440801457194904 0.9883879781420766 0.17469262295081972 0.991518670309654 0.17725409836065578 0.993226320582878 0.1792463570127505 0.9943647540983608 0.1815232240437159 0.9955031876138434 0.18465391621129332 0.9966416211293261 0.1877846083788707 0.9974954462659381 0.19063069216757747 0.9977800546448088 0.19404599271402556 0.9977800546448088 0.19746129326047365 0.9969262295081968 0.20002276867030971 0.9955031876138434 0.20457650273224048 0.9943647540983608 0.20799180327868858 0.9935109289617486 0.21169171220400734 0.9918032786885246 0.21510701275045543 0.9903802367941713 0.21795309653916214 0.9883879781420766 0.2219376138433516 0.9832650273224045 0.22933743169398912 0.9750113843351548 0.23417577413479057 0.9713114754098361 0.23588342440801463 0.9684653916211293 0.2370218579234973 0.96448087431694 0.23901411657559202 0.9604963570127505 0.24072176684881608 0.9570810564663024 0.24214480874316943 0.953950364298725 0.24356785063752281 0.951388888888889 0.24442167577413484 0.9485428051001822 0.2447062841530055 0.9462659380692169 0.24442167577413484 0.9437044626593808 0.24157559198542808 0.9419968123861566 0.23759107468123866 0.9414275956284154 0.23360655737704925 0.9402891621129327 0.23019125683060115
1 0.7666780510018216 0.5128073770491803 0.7612704918032788 0.5091074681238617 0.7589936247723134 0.5076844262295083 0.756716757741348 0.5059767759562842 0.7544398907103826 0.5042691256830601 0.7530168488160293 0.5017076502732241 0.7518784153005466 0.4997153916211294 0.7510245901639345 0.49686930783242267 0.7513091985428051 0.4928847905282332 0.7527322404371585 0.4889002732240438 0.7541552823315119 0.4863387978142077 0.7561475409836066 0.4832081056466303 0.75757058287796 0.4809312386156649 0.7598474499089254 0.47751593806921677 0.7618397085610201 0.4752390710382514 0.7638319672131147 0.4741006375227687 0.7661088342440803 0.4726775956284153 0.7689549180327869 0.4709699453551913 0.7712317850637523 0.46954690346083794 0.774077868852459 0.46812386156648456 0.7763547358834245 0.4669854280510019 0.7800546448087432 0.46584699453551914 0.7831853369763206 0.46499316939890717 0.786316029143898 0.4644239526411658 0.7897313296903461 0.46413934426229514 0.7931466302367942 0.46413934426229514 0.7962773224043717 0.46499316939890717 0.7991234061930784 0.46584699453551914 0.8022540983606558 0.4669854280510019 0.8051001821493625 0.46869307832422596 0.80823087431694 0.47040072859744997 0.809938524590164 0.47182377049180335 0.8110769581056466 0.47324681238615673 0.8119307832422588 0.47552367941712215 0.8130692167577414 0.47865437158469953 0.8133538251366121 0.48263888888888895 0.8139230418943534 0.48520036429872504 0.8139230418943534 0.4874772313296904 0.8139230418943534 0.4900387067395265 0.8130692167577414 0.49345400728597455 0.8125 0.49573087431693996 0.8105077413479054 0.4991461748633881 0.8085154826958106 0.5017076502732241 0.8059540072859745 0.5036999089253188 0.8033925318761385 0.5056921675774135 0.8008310564663024 0.5076844262295083 0.7979849726775956 0.5093920765027323 0.795138888888889 0.510530510018215 0.7920081967213116 0.5119535519125684 0.7888775045537341 0.5128073770491803 0.7837545537340619 0.5133765938069217 0.7789162112932605 0.5136612021857924 0.7746470856102003 0.5136612021857924 0.769808743169399 0.5133765938069217
1 0.93915072859745 0.5321607468123862 0.9334585610200364 0.5284608378870674 0.9308970856102003 0.5256147540983608 0.9289048269581056 0.5221994535519127 0.926912568306011 0.5176457194899818 0.9254895264116576 0.5139458105646632 0.924351092896175 0.5093920765027323 0.9234972677595629 0.5054075591985429 0.9229280510018216 0.5022768670309655 0.9226434426229508 0.5000000000000001 0.9223588342440803 0.49630009107468126 0.9223588342440803 0.4937386156648452 0.9220742258652095 0.49089253187613846 0.9223588342440803 0.4889002732240438 0.9232126593806922 0.4863387978142077 0.9246357012750456 0.48434653916211295 0.9266279599271403 0.4817850637522769 0.928620218579235 0.47922358834244083 0.9308970856102003 0.4766621129326048 0.9343123861566485 0.4738160291438981 0.9368738615664846 0.47239298724954465 0.9397199453551913 0.47210837887067403 0.9431352459016394 0.47210837887067403 0.9459813296903461 0.47239298724954465 0.9491120218579235 0.472962204007286 0.9525273224043717 0.47324681238615673 0.9548041894353371 0.4741006375227687 0.9596425318761385 0.47580828779599277 0.9630578324225866 0.47751593806921677 0.9659039162112932 0.4800774134790529 0.9693192167577414 0.4832081056466303 0.9721653005464481 0.48690801457194904 0.9738729508196722 0.49032331511839716 0.9755806010928961 0.4937386156648452 0.9767190346083789 0.498292349726776 0.9772882513661203 0.5019922586520947 0.9772882513661203 0.5059767759562842 0.9770036429872495 0.5133765938069217 0.9758652094717669 0.5167918943533698 0.9747267759562842 0.5193533697632059 0.9738729508196722 0.521914845173042 0.9727345173041895 0.5250455373406193 0.9701730418943534 0.5276070127504554 0.9693192167577414 0.5293146630236795 0.967896174863388 0.5324453551912569 0.9659039162112932 0.5347222222222222 0.9624886156648452 0.5364298724954464 0.9596425318761385 0.5372836976320584 0.9567964480874317 0.5372836976320584 0.9525273224043717 0.536714480874317 0.9488274134790529 0.5355760473588342 0.9442736794171221 0.5341530054644809
1 0.7783469945355193 0.5742827868852459 0.7783469945355193 0.5717213114754098 0.7789162112932605 0.5702982695810566 0.7792008196721312 0.5685906193078325 0.7809084699453552 0.5663137522768671 0.7814776867030966 0.5648907103825137 0.7834699453551913 0.562898451730419 0.7857468123861566 0.560336976320583 0.7880236794171221 0.5580601092896175 0.7903005464480874 0.5563524590163935 0.7917235883424408 0.5557832422586522 0.7945696721311476 0.5549294171220401 0.7982695810564664 0.5549294171220401 0.8053847905282332 0.5552140255009108 0.8090846994535519 0.5554986338797814 0.8130692167577414 0.5560678506375228 0.8170537340619308 0.5572062841530055 0.8216074681238617 0.5591985428051003 0.8258765938069217 0.5606215846994537 0.8298611111111112 0.562898451730419 0.83356102003643 0.5665983606557378 0.8364071038251366 0.5694444444444445 0.8381147540983608 0.5714367030965393 0.8401070127504554 0.5745673952641166 0.8412454462659381 0.5774134790528234 0.8415300546448088 0.5808287795992714 0.8415300546448088 0.5850979052823316 0.839537795992714 0.5893670309653917 0.8375455373406193 0.592497723132969 0.8332764116575593 0.5956284153005466 0.8298611111111112 0.5976206739526412 0.824738160291439 0.5984744990892532 0.8176229508196722 0.598759107468124 0.8125 0.5990437158469946 0.80823087431694 0.5981898907103826 0.8025387067395264 0.5976206739526412 0.7985541894353371 0.5967668488160293 0.795138888888889 0.5950591985428051 0.7903005464480874 0.592497723132969 0.7866006375227688 0.5902208561020037 0.7826161202185793 0.5868055555555556 0.7803392531876139 0.5825364298724955 0.7792008196721312 0.5782673041894354
1 0.7786316029143898 0.9653346994535519 0.7823315118397086 0.9627732240437159 0.7840391621129327 0.9622040072859745 0.7857468123861566 0.9610655737704918 0.7888775045537341 0.9607809653916212 0.7928620218579235 0.9616347905282332 0.797700364298725 0.9636270491803279 0.8022540983606558 0.9673269581056466 0.8045309653916212 0.9701730418943534 0.8070924408014573 0.9744421675774135 0.8090846994535519 0.979280510018215 0.809938524590164 0.9829804189435337 0.8110769581056466 0.9869649362477232 0.8122153916211293 0.98981102003643 0.8130692167577414 0.992372495446266 0.8136384335154827 0.9955031876138434 0.8139230418943534 0.9977800546448088 0.8139230418943534 0.9989583333333333 0.7555783242258652 0.9986338797814208 0.7570013661202186 0.9952185792349727 0.7589936247723134 0.991518670309654 0.760985883424408 0.9881033697632059 0.7632627504553735 0.9838342440801457 0.7655396174863388 0.9807035519125684 0.7675318761384335 0.9784266848816029 0.769808743169399 0.9758652094717669 0.7718010018214937 0.9727345173041895 0.7743624772313298 0.9698884335154827 0.7763547358834245 0.967896174863388
1 0.8136384335154827 0.7336634790528234 0.8105077413479054 0.7319558287795993 0.8096539162112932 0.7302481785063752 0.8085154826958106 0.7274020947176685 0.8070924408014573 0.7242714025500911 0.8065232240437159 0.720856102003643 0.8062386156648452 0.7171561930783242 0.8062386156648452 0.7117486338797814 0.8062386156648452 0.7057718579234974 0.8068078324225866 0.7015027322404371 0.8079462659380693 0.6980874316939892 0.8093693078324227 0.6935336976320584 0.810792349726776 0.6906876138433516 0.8127846083788708 0.6864184881602914 0.8159153005464481 0.68158014571949 0.8181921675774135 0.6784494535519127 0.822176684881603 0.6741803278688525 0.8258765938069217 0.6713342440801457 0.8292918943533698 0.6682035519125684 0.8324225865209471 0.665926684881603 0.8355532786885246 0.6647882513661203 0.8409608378870674 0.6636498178506376 0.8457991803278689 0.6630806010928961 0.8497836976320584 0.6630806010928961 0.8531989981785064 0.6636498178506376 0.8560450819672132 0.6647882513661203 0.8588911657559198 0.666780510018215 0.8617372495446266 0.6699112021857924 0.8640141165755921 0.6730418943533698 0.8651525500910747 0.67731102003643 0.8662909836065574 0.6812955373406193 0.8662909836065574 0.6849954462659381 0.8662909836065574 0.6892645719489983 0.8651525500910747 0.693818306010929 0.8640141165755921 0.6983720400728598 0.862306466302368 0.7020719489981785 0.860598816029144 0.706056466302368 0.8586065573770493 0.7103255919854281 0.8560450819672132 0.7148793260473589 0.8531989981785064 0.719148451730419 0.8503529143897998 0.723417577413479 0.8469376138433516 0.7271174863387979 0.8429530965391622 0.7305327868852459 0.8406762295081969 0.7311020036429874 0.836976320582878 0.7328096539162113 0.8329918032786885 0.7336634790528234 0.8298611111111112 0.7336634790528234 0.8258765938069217 0.733948087431694 0.8213228597449909 0.7342326958105647 0.8170537340619308 0.7342326958105647
1 0.9579348816029145 0.9747267759562842 0.9533811475409837 0.9656193078324227 0.9522427140255009 0.9636270491803279 0.9511042805100183 0.9604963570127505 0.9505350637522769 0.9562272313296903 0.9511042805100183 0.9525273224043717 0.9536657559198543 0.9488274134790529 0.9570810564663024 0.9456967213114755 0.9613501821493625 0.9428506375227688 0.9667577413479053 0.9397199453551913 0.9747267759562842 0.9394353369763206 0.9761498178506376 0.9400045537340619 0.9789959016393442 0.9411429872495447 0.981841985428051 0.9422814207650274 0.9852572859744991 0.9437044626593808 0.9881033697632059 0.9451275045537341 0.9912340619307832 0.9471197632058288 0.9946493624772313 0.9491120218579235 0.9974954462659381 0.951388888888889 0.9989583333333333 0.9528517759562842 0.9989583333333333 0.9989583333333333 0.9909494535519127 0.9989583333333333 0.9841188524590164 0.9974954462659381 0.9758652094717669 0.9937955373406193 0.9741575591985429 0.9926571038251366 0.9718806921675774 0.9912340619307832 0.9696038251366121 0.9892418032786885 0.967042349726776 0.9863957194899818 0.96448087431694 0.9829804189435337 0.9622040072859745 0.9804189435336976 0.9602117486338798 0.9781420765027323
1 0.9952185792349727 0.6986566484517305 0.9886725865209471 0.6949567395264117 0.9872495446265938 0.6943875227686703 0.9815573770491803 0.6918260473588342 0.979280510018215 0.6904030054644809 0.9767190346083789 0.6878415300546449 0.9744421675774135 0.6858492714025501 0.9730191256830601 0.6838570127504554 0.9718806921675774 0.6812955373406193 0.9701730418943534 0.6784494535519127 0.9673269581056466 0.6687727686703098 0.967042349726776 0.6642190346083789 0.967042349726776 0.6608037340619308 0.9681807832422588 0.6565346083788708 0.9701730418943534 0.6531193078324227 0.9718806921675774 0.6505578324225866 0.9741575591985429 0.6485655737704918 0.9764344262295083 0.6460040983606559 0.9787112932604737 0.6437272313296903 0.980988160291439 0.6417349726775956 0.9829804189435337 0.6403119307832423 0.9869649362477232 0.6386042805100183 0.98981102003643 0.6380350637522769 0.993226320582878 0.6380350637522769 0.9966416211293261 0.6380350637522769 0.9989583333333333 0.6380350637522769 0.9989583333333333 0.7003642987249545
0 0.9727345173041895 0.20087659380692174 0.967896174863388 0.20998406193078328 0.966188524590164 0.21339936247723137 0.9653346994535519 0.21482240437158476 0.9633424408014571 0.21596083788706746 0.9604963570127505 0.21738387978142082 0.9587887067395264 0.21709927140255011 0.9582194899817851 0.21510701275045543 0.9585040983606558 0.21283014571949002 0.9596425318761385 0.20913023679417128 0.9602117486338798 0.20742258652094722 0.9630578324225866 0.20201502732240442 0.9673269581056466 0.19689207650273227 0.9684653916211293 0.19518442622950824 0.9704576502732241 0.19376138433515486 0.9718806921675774 0.1923383424408015 0.9741575591985429 0.19205373406193083 0.9761498178506376 0.19290755919854286 0.9764344262295083 0.19489981785063756 0.9755806010928961 0.19717668488160295
0 0.9570810564663024 0.07849499089253192 0.9550887978142076 0.07707194899817855 0.9536657559198543 0.07593351548269586 0.9522427140255009 0.07451047358834248 0.9505350637522769 0.07337204007285979 0.9488274134790529 0.07052595628415306 0.9485428051001822 0.06853369763205834 0.9511042805100183 0.06739526411657563 0.9533811475409837 0.06796448087431699 0.9559426229508198 0.06995673952641171 0.9585040983606558 0.07194899817850642 0.9610655737704918 0.07422586520947182 0.9627732240437159 0.07621812386156653 0.9639116575591985 0.07821038251366125 0.9627732240437159 0.08077185792349731
0 0.4741006375227687 0.0372267759562842 0.4661316029143899 0.03637295081967218 0.4604394353369764 0.03438069216757746 0.4578779599271403 0.03267304189435342 0.45759335154826963 0.030965391621129375 0.45901639344262296 0.028688524590163984 0.4610086520947177 0.027265482695810618 0.4635701275045538 0.025842440801457246 0.46527777777777785 0.0252732240437159 0.4672700364298726 0.024988615664845223 0.4701161202185793 0.024988615664845223 0.4743852459016394 0.025842440801457246 0.4766621129326048 0.026411657559198595 0.4795081967213115 0.02669626593806927 0.48235428051001833 0.02755009107468129 0.48463114754098363 0.02840391621129331 0.4857695810564664 0.030680783242258702 0.486054189435337 0.03238843351548275 0.48491575591985436 0.03494990892531881 0.483492714025501 0.03637295081967218 0.4817850637522769 0.0372267759562842 0.47836976320582886 0.038080601092896224
0 0.5754212204007287 0.010758196721311527 0.5694444444444445 0.0110428051001822 0.5665983606557378 0.00961976320582883 0.564606102003643 0.007912112932604787 0.5657445355191257 0.006204462659380744 0.5671675774134791 0.0056352459016393965 0.5691598360655737 0.004781420765027374 0.5705828779599271 0.004496812386156701 0.5745673952641166 0.004496812386156701 0.5779826958105647 0.004496812386156701 0.5805441712204008 0.0050660291438980485 0.5831056466302369 0.006204462659380744 0.5831056466302369 0.007912112932604787 0.5791211293260474 0.01018897996357018
0 0.5398451730418945 0.15761612021857926 0.5327299635701276 0.15363160291438985 0.5307377049180328 0.15249316939890714 0.5284608378870674 0.1522085610200365 0.5264685792349727 0.1522085610200365 0.5230532786885246 0.15192395264116582 0.5221994535519127 0.14793943533697637 0.523622495446266 0.14566256830601096 0.52533014571949 0.1453779599271403 0.5278916211293261 0.14566256830601096 0.5313069216757742 0.14708561020036434 0.5443989071038252 0.15363160291438985 0.5472449908925319 0.15477003642987253 0.5492372495446266 0.15562386156648456 0.5509448998178507 0.1573315118397086 0.5515141165755921 0.16017759562841535 0.5515141165755921 0.16216985428051006 0.548952641165756 0.16216985428051006 0.5446835154826959 0.16103142076502736 0.5432604735883425 0.16017759562841535
0 0.47324681238615673 0.2592213114754099 0.46897768670309664 0.25495218579234974 0.4669854280510019 0.2535291438979964 0.4655623861566485 0.25210610200364303 0.4644239526411658 0.250398451730419 0.46584699453551914 0.24840619307832426 0.4678392531876139 0.24812158469945358 0.4709699453551913 0.24954462659380697 0.47324681238615673 0.25182149362477235 0.4752390710382514 0.25495218579234974 0.4769467213114755 0.2563752276867031 0.47922358834244083 0.25836748633879786 0.48121584699453557 0.26092896174863395 0.4817850637522769 0.2632058287795993 0.48150045537340624 0.26491347905282336 0.47922358834244083 0.2646288706739527 0.4752390710382514 0.2617827868852459
0 0.7900159380692169 0.48946948998178513 0.7848929872495447 0.4928847905282332 0.7823315118397086 0.4943078324225866 0.7800546448087432 0.49487704918032793 0.7772085610200364 0.4954462659380693 0.7743624772313298 0.49630009107468126 0.7720856102003643 0.496584699453552 0.7695241347905283 0.4960154826958106 0.7686703096539163 0.4937386156648452 0.769808743169399 0.4914617486338798 0.772370218579235 0.4889002732240438 0.7752163023679418 0.48690801457194904 0.7789162112932605 0.48491575591985436 0.7831853369763206 0.483492714025501 0.786316029143898 0.4829234972677596 0.7891621129326047 0.4829234972677596 0.7920081967213116 0.4829234972677596 0.7945696721311476 0.4829234972677596 0.7948542805100183 0.486054189435337
0 0.9488274134790529 0.5085382513661203 0.9456967213114755 0.5025614754098362 0.9439890710382514 0.5005692167577415 0.9411429872495447 0.49772313296903464 0.9397199453551913 0.4954462659380693 0.9388661202185793 0.4923155737704919 0.9400045537340619 0.49060792349726784 0.9417122040072861 0.4900387067395265 0.94341985428051 0.4900387067395265 0.9445582877959927 0.4923155737704919 0.9462659380692169 0.4943078324225866 0.9485428051001822 0.49686930783242267 0.9496812386156649 0.4988615664845174 0.951388888888889 0.5011384335154827 0.953096539162113 0.5036999089253188 0.9548041894353371 0.5059767759562842 0.9565118397085611 0.508822859744991 0.9579348816029145 0.511384335154827 0.9582194899817851 0.5142304189435338 0.9582194899817851 0.5162226775956285 0.9550887978142076 0.5159380692167578 0.9508196721311476 0.5122381602914391
0 0.70691029143898 0.6516962659380693 0.7071948998178507 0.6440118397085611 0.7071948998178507 0.6411657559198543 0.7074795081967213 0.6380350637522769 0.7080487249544627 0.6351889799635703 0.708617941712204 0.6320582877959927 0.7094717668488161 0.6303506375227688 0.7111794171220401 0.6312044626593808 0.7123178506375228 0.6331967213114755 0.7128870673952642 0.6368966302367942 0.7137408925318761 0.6394581056466303 0.7143101092896175 0.6420195810564664 0.7148793260473589 0.6440118397085611 0.7151639344262295 0.6465733151183971 0.7157331511839709 0.6488501821493625 0.7160177595628416 0.65198087431694 0.7165869763205829 0.654542349726776 0.7168715846994537 0.6590960837887069 0.7168715846994537 0.6613729508196722 0.7157331511839709 0.6630806010928961 0.7140255009107469 0.6630806010928961 0.7120332422586522 0.6610883424408016 0.7103255919854281 0.6588114754098361 0.7089025500910747 0.6556807832422588
0 0.8423838797814208 0.6909722222222222 0.8401070127504554 0.6958105646630237 0.8392531876138434 0.6992258652094718 0.8383993624772313 0.7015027322404371 0.836976320582878 0.704348816029144 0.8358378870673953 0.7057718579234974 0.8338456284153006 0.7089025500910747 0.8327071948998179 0.7111794171220401 0.8315687613843352 0.7123178506375228 0.8298611111111112 0.7128870673952642 0.8281534608378871 0.7123178506375228 0.8267304189435337 0.7100409836065574 0.8267304189435337 0.7077641165755921 0.8272996357012751 0.7046334244080146 0.8284380692167578 0.7023565573770493 0.8295765027322405 0.7003642987249545 0.8312841530054645 0.6975182149362478 0.8327071948998179 0.6941029143897998 0.8338456284153006 0.6904030054644809 0.8349840619307832 0.6869877049180328 0.8366917122040074 0.6838570127504554 0.8386839708561021 0.6827185792349727 0.8401070127504554 0.6824339708561021 0.8415300546448088 0.6838570127504554 0.8423838797814208 0.6869877049180328
0 0.7020719489981785 0.5443989071038252 0.7000796903460837 0.548952641165756 0.6986566484517305 0.55066029143898 0.6960951730418945 0.5529371584699454 0.693818306010929 0.5549294171220401 0.6918260473588342 0.5574908925318761 0.6898337887067395 0.5586293260473589 0.6875569216757742 0.5591985428051003 0.6852800546448088 0.5591985428051003 0.6838570127504554 0.5583447176684883 0.6830031876138434 0.5557832422586522 0.6838570127504554 0.5537909836065574 0.6867030965391622 0.5520833333333335 0.6889799635701276 0.5492372495446266 0.6915414389799637 0.5461065573770493 0.6935336976320584 0.5438296903460837 0.6960951730418945 0.5409836065573771 0.6989412568306012 0.5378529143897998 0.7003642987249545 0.5347222222222222 0.7012181238615666 0.5315915300546449 0.7026411657559198 0.5293146630236795 0.7034949908925319 0.5284608378870674 0.706056466302368 0.5284608378870674 0.7063410746812387 0.5298838797814208 0.7063410746812387 0.5324453551912569 0.7054872495446266 0.5352914389799637 0.7040642076502732 0.539275956284153
0 0.5495218579234974 0.7182946265938069 0.5418374316939892 0.7145947176684883 0.5404143897996357 0.7140255009107469 0.5384221311475411 0.7128870673952642 0.5364298724954464 0.7103255919854281 0.5361452641165756 0.7071948998178507 0.5381375227686703 0.7054872495446266 0.5415528233151184 0.7066256830601093 0.5463911657559198 0.7094717668488161 0.5569216757741349 0.7145947176684883 0.5594831511839709 0.7165869763205829 0.561190801457195 0.7194330601092898 0.5572062841530055 0.7205714936247724 0.5526525500910747 0.7194330601092898
0 0.5466757741347906 0.8190459927140256 0.5341530054644809 0.8255919854280511 0.5327299635701276 0.8264458105646632 0.5301684881602915 0.8275842440801457 0.5287454462659381 0.8255919854280511 0.5290300546448088 0.8218920765027323 0.5324453551912569 0.8173383424408015 0.5352914389799637 0.8150614754098361 0.5372836976320584 0.8142076502732241 0.5409836065573771 0.8122153916211293 0.5438296903460837 0.8110769581056466 0.5475295992714027 0.8102231329690347 0.5503756830601093 0.8096539162112932 0.5526525500910747 0.8096539162112932 0.5543602003642988 0.8096539162112932 0.5540755919854281 0.8127846083788708 0.552367941712204 0.8150614754098361 0.5495218579234974 0.8170537340619308
0 0.6249430783242259 0.9115437158469946 0.6192509107468124 0.9135359744990893 0.6172586520947178 0.9143897996357013 0.6146971766848817 0.9149590163934427 0.6132741347905283 0.9149590163934427 0.6112818761384335 0.9149590163934427 0.6095742258652095 0.9146744080145719 0.6078665755919855 0.91382058287796 0.6075819672131147 0.9112591074681239 0.6078665755919855 0.9086976320582879 0.6098588342440803 0.9069899817850637 0.6124203096539164 0.9061361566484518 0.6155510018214937 0.9055669398907104 0.6183970856102003 0.9052823315118398 0.6215277777777779 0.9052823315118398 0.6252276867030966 0.9041438979963571 0.6289275956284154 0.902436247723133 0.6317736794171221 0.9012978142076503 0.6349043715846995 0.900728597449909 0.6383196721311476 0.9004439890710383 0.6417349726775956 0.9010132058287798 0.6403119307832423 0.903290072859745 0.6371812386156649 0.9052823315118398 0.6334813296903461 0.9072745901639345 0.6294968123861566 0.9089822404371585
0 0.33552631578947373 0.4385181704260652 0.3316102756892231 0.44439223057644117 0.3300438596491229 0.44752506265664166 0.32730263157894746 0.4506578947368422 0.324953007518797 0.45144110275689225 0.3222117794486216 0.44909147869674193 0.32142857142857145 0.44595864661654144 0.3265194235588973 0.4377349624060151 0.3276942355889725 0.43499373433583965 0.32926065162907275 0.43303571428571436 0.3320018796992482 0.42990288220551387 0.3339598997493735 0.42755325814536344 0.3359179197994988 0.42598684210526316 0.3382675438596492 0.42559523809523814 0.3402255639097745 0.4271616541353384 0.33983395989974946 0.42990288220551387 0.3390507518796993 0.4326441102756892
0 0.02694235588972438 0.9765820802005013 0.023809523809523878 0.986763784461153 0.023026315789473752 0.9895050125313284 0.01989348370927325 0.9965538847117795 0.018327067669173004 0.9985119047619048 0.017285401002506365 0.9989583333333333 0.011278195488721877 0.9989583333333333 0.010886591478696812 0.993029448621554 0.012061403508772 0.9891134085213033 0.017543859649122875 0.9812813283208021 0.018327067669173004 0.9789317042606516 0.021459899749373502 0.974624060150376 0.023417919799498817 0.9710996240601504 0.025767543859649193 0.96953320802005
1 0.000704887218045184 0.9605263157894738 0.006970551378446186 0.9542606516290727 0.010103383458646689 0.9526942355889724 0.014019423558897315 0.9507362155388471 0.018718671679198065 0.9495614035087719 0.02263471177944869 0.9491697994987469 0.026550751879699314 0.9487781954887218 0.03007518796992488 0.9487781954887218 0.03477443609022564 0.9495614035087719 0.03790726817042613 0.9507362155388471 0.04104010025062664 0.9519110275689223 0.044172932330827135 0.9538690476190477 0.04691416040100258 0.9562186716791979 0.048872180451127886 0.9589598997493735 0.050830200501253205 0.962484335839599 0.05161340852130333 0.9660087719298246 0.052005012531328394 0.969141604010025 0.052396616541353455 0.9730576441102757 0.052396616541353455 0.9769736842105263 0.052396616541353455 0.9801065162907269 0.05161340852130333 0.9836309523809524 0.050046992481203076 0.9859805764411027 0.048480576441102825 0.9898966165413534 0.046522556390977514 0.993421052631579 0.045347744360902324 0.9965538847117795 0.04328678839957048 0.9989583333333333 0.0 0.9989036077894049
0 0.11152882205513791 0.4506578947368422 0.10408834586466173 0.44869987468671685 0.09351503759398504 0.44752506265664166 0.09077380952380959 0.44635025062656647 0.09038220551378454 0.4440006265664161 0.09116541353383466 0.4416510025062657 0.09312343358395997 0.4393013784461154 0.0950814536340853 0.43890977443609025 0.09782268170426071 0.4393013784461154 0.10173872180451135 0.4408677944862156 0.10369674185463666 0.4408677944862156 0.10604636591478703 0.4416510025062657 0.10996240601503766 0.4428258145363409 0.11309523809523817 0.44439223057644117 0.11505325814536348 0.4451754385964913 0.11857769423558903 0.44635025062656647 0.12053571428571436 0.44909147869674193 0.11701127819548879 0.45104949874686723
0 0.1189692982456141 0.33435150375939854 0.11387844611528829 0.337484335839599 0.11113721804511285 0.3402255639097745 0.1083959899749374 0.3421835839598998 0.10408834586466173 0.34335839598997503 0.1001723057644111 0.34375000000000006 0.09821428571428578 0.3414003759398497 0.0989974937343359 0.3378759398496241 0.10173872180451135 0.3339598997493735 0.1044799498746868 0.3316102756892231 0.10761278195488728 0.32926065162907275 0.11152882205513791 0.3265194235588973 0.11622807017543865 0.3241697994987469 0.11975250626566422 0.3229949874686717 0.12445175438596498 0.3210369674185464 0.12758458646616547 0.31986215538847124 0.12993421052631585 0.31868734335839605 0.13032581453634093 0.3226033834586467 0.12915100250626574 0.3257362155388472 0.12797619047619055 0.32926065162907275 0.12406015037593993 0.3316102756892231
0 0.3672462406015038 0.2861842105263159 0.3629385964912281 0.28187656641604014 0.3601973684210527 0.2791353383458647 0.35823934837092736 0.27678571428571436 0.355889724310777 0.2740444862155389 0.35706453634085217 0.2720864661654136 0.3601973684210527 0.2724780701754386 0.3633302005012532 0.2752192982456141 0.3727286967418547 0.2814849624060151 0.3774279448621555 0.2854010025062657 0.37938596491228077 0.28775062656641615 0.38056077694235596 0.2904918546365915 0.38251879699248126 0.29401629072681706 0.3836936090225564 0.2975407268170427 0.38408521303258153 0.299890350877193 0.38134398496240607 0.29910714285714296 0.3782111528822056 0.2967575187969925 0.3754699248120301 0.29519110275689225 0.3727286967418547 0.29323308270676696
0 0.26621240601503765 0.19180764411027573 0.2579887218045113 0.1941572681704261 0.256030701754386 0.1941572681704261 0.25289786967418554 0.1945488721804512 0.24976503759398502 0.19376566416040106 0.2509398496240602 0.18984962406015043 0.25368107769423565 0.187108395989975 0.25681390977443613 0.1859335839598998 0.2595551378446116 0.1859335839598998 0.2634711779448622 0.1859335839598998 0.268170426065163 0.18554197994987476 0.2720864661654136 0.18515037593984968 0.2752192982456141 0.1859335839598998 0.27678571428571436 0.1890664160401003 0.2724780701754386 0.19102443609022562
0 0.12993421052631585 0.07158521303258153 0.12680137844611536 0.07824248120300759 0.12523496240601512 0.08059210526315796 0.12288533834586474 0.08333333333333341 0.12092731829573941 0.08489974937343366 0.11857769423558903 0.0845081453634086 0.11740288220551384 0.07980889724310784 0.11779448621553891 0.07667606516290733 0.1189692982456141 0.07393483709273191 0.11975250626566422 0.0708020050125314 0.12131892230576448 0.06727756892230582 0.12249373433583967 0.06492794486215546 0.12445175438596498 0.06296992481203015 0.12562656641604017 0.06062030075187977 0.12758458646616547 0.05944548872180458 0.12875939849624066 0.05983709273182965 0.12993421052631585 0.06414473684210534
0 0.7986714226633581 0.5774141852770885 0.8004807692307693 0.577931141439206 0.8033240281224152 0.5781896195202647 0.80642576509512 0.5781896195202647 0.8090105459057072 0.5781896195202647 0.8113368486352358 0.5781896195202647 0.8136631513647643 0.577931141439206 0.8172818444995864 0.5768972291149711 0.8201251033912325 0.5756048387096775 0.8227098842018197 0.5745709263854426 0.823485318444996 0.5727615798180314 0.823485318444996 0.5712107113316791 0.8209005376344086 0.570435277088503 0.8183157568238214 0.5709522332506204 0.8149555417700579 0.572244623655914 0.8126292390405294 0.573278535980149 0.808235111662531 0.5737954921422664 0.803582506203474 0.574053970223325 0.7973790322580645 0.5737954921422664
0 0.5748294044665012 0.5357992142266337 0.573278535980149 0.5332144334160464 0.572244623655914 0.5308881306865177 0.5712107113316791 0.5280448717948718 0.5712107113316791 0.524943134822167 0.5725031017369727 0.5239092224979321 0.5743124483043839 0.5244261786600496 0.5763802729528537 0.5275279156327544 0.5784480976013235 0.5301126964433416 0.5805159222497932 0.5326974772539289 0.5828422249793218 0.5360576923076923 0.5856854838709677 0.5396763854425146 0.5872363523573202 0.5430366004962779 0.588270264681555 0.5461383374689828 0.5880117866004964 0.5484646401985113 0.5849100496277917 0.5469137717121588 0.5815498345740282 0.5438120347394542 0.5787065756823822 0.5396763854425146
0 0.6004187344913152 0.08811517783291979 0.5991263440860216 0.08553039702233252 0.5955076509511994 0.08191170388751036 0.5929228701406121 0.07906844499586436 0.591113523573201 0.07674214226633583 0.5887872208436725 0.07415736145574855 0.5864609181141439 0.07286497105045493 0.5833591811414393 0.07183105872622003 0.580774400330852 0.06976323407775023 0.5799989660876758 0.06795388751033914 0.5841346153846154 0.06717845326716296 0.5869778742762614 0.06821236559139786 0.5903380893300249 0.06924627791563277 0.5929228701406121 0.07183105872622003 0.5957661290322581 0.07493279569892475 0.5975754755996692 0.07777605459057074 0.5999017783291977 0.08061931348221672 0.6027450372208437 0.08397952853598016 0.6053298180314309 0.08708126550868488 0.6068806865177834 0.0912169148056245 0.6076561207609594 0.09483560794044667 0.6022280810587263 0.09095843672456577
0 0.8632909429280397 0.1542855665839537 0.8635494210090985 0.15299317617866007 0.8638078990901571 0.14808209263854427 0.8638078990901571 0.145497311827957 0.863032464846981 0.14291253101736973 0.8617400744416874 0.14084470636889992 0.8607061621174524 0.1374844913151365 0.8596722497932175 0.13489971050454924 0.8576044251447478 0.1317979735318445 0.8565705128205129 0.12843775847808106 0.8565705128205129 0.1248190653432589 0.8581213813068652 0.12326819685690654 0.8599307278742763 0.123785153019024 0.8614815963606286 0.1268868899917287 0.8627739867659223 0.13050558312655086 0.8638078990901571 0.13309036393713813 0.8648418114143921 0.13696753515301904 0.8651002894954508 0.139810794044665 0.8656172456575683 0.1413616625310174 0.8663926799007444 0.1434294871794872 0.8674265922249794 0.14575578990901572 0.8684605045492142 0.14859904880066171 0.868718982630273 0.15221774193548387 0.8679435483870968 0.15583643507030603 0.867685070306038 0.15867969396195203 0.8666511579818031 0.1612644747725393 0.8653587675765095 0.16178143093465674 0.8643248552522746 0.15816273779983459
0 0.6771867245657569 0.7914340363937138 0.6787375930521092 0.7901416459884202 0.680805417700579 0.7883322994210091 0.6823562861869313 0.7867814309346568 0.6831317204301076 0.7841966501240695 0.6813223738626966 0.7821288254755997 0.678996071133168 0.7823873035566584 0.676152812241522 0.7849720843672456 0.6738265095119934 0.7867814309346568 0.673309553349876 0.7888492555831266 0.673309553349876 0.7906586021505377
0 0.5272694375516955 0.6275589330024814 0.5293372622001654 0.6267834987593053 0.5308881306865177 0.6260080645161291 0.5324389991728701 0.6252326302729528 0.5342483457402812 0.6244571960297767 0.5360576923076923 0.624198717948718 0.5383839950372209 0.624198717948718 0.5409687758478082 0.6244571960297767 0.5432950785773367 0.6270419768403639 0.5438120347394542 0.628851323407775 0.5440705128205129 0.6306606699751861 0.5425196443341604 0.6322115384615384 0.5412272539288668 0.632728494623656 0.5381255169561622 0.633503928866832 0.5342483457402812 0.6340208850289496 0.5324389991728701 0.6340208850289496 0.5272694375516955 0.6340208850289496 0.5233922663358147 0.6332454507857734 0.5228753101736973 0.631694582299421 0.5246846567411083 0.6293682795698925
0 0.28197373862696445 0.3429745657568238 0.2835246071133168 0.3367710918114144 0.28455851943755167 0.3336693548387097 0.28610938792390406 0.33056761786600497 0.28740177832919767 0.3282413151364764 0.28895264681555 0.32591501240694787 0.29076199338296116 0.324881100082713 0.29179590570719605 0.3269489247311828 0.29127894954507855 0.3308260959470637 0.29076199338296116 0.3347032671629446 0.29024503722084366 0.3383219602977668 0.2892111248966088 0.340906741108354 0.2881772125723739 0.3440084780810587 0.28714330024813894 0.3468517369727047 0.2855924317617866 0.3504704301075269 0.2848169975186104 0.35434760132340776 0.2837830851943755 0.35770781637717125 0.2827491728701406 0.359775641025641 0.2806813482216708 0.3558984698097601 0.2799059139784946 0.3527967328370554 0.28042287014061207 0.3484026054590571
0 0.36727150537634407 0.530629652605459 0.3763182382133995 0.5311466087675765 0.37967845326716293 0.5314050868486352 0.38303866832092637 0.5316635649296939 0.3851064929693962 0.5316635649296939 0.3866573614557485 0.5314050868486352 0.38794975186104214 0.530629652605459 0.3892421422663358 0.5293372622001654 0.3902760545905707 0.5275279156327544 0.3905345326716294 0.5259770471464019 0.3889836641852771 0.5246846567411083 0.38691583953680725 0.5236507444168734 0.38329714640198514 0.5228753101736973 0.3794199751861042 0.5226168320926385 0.37580128205128205 0.5226168320926385 0.3721825889164599 0.5233922663358147 0.3695978081058726 0.5246846567411083 0.36572063688999173 0.5267524813895782 0.36287737799834574 0.5285618279569892
0 0.31247415219189417 0.6813223738626966 0.3132495864350703 0.6802884615384616 0.31764371381306866 0.6758943341604632 0.3189361042183623 0.6738265095119934 0.32048697270471466 0.6717586848635235 0.32177936311000827 0.669432382133995 0.3228132754342432 0.6665891232423491 0.3233302315963606 0.6632289081885857 0.3238471877584781 0.6603856492969397 0.32462262200165426 0.6570254342431762 0.32513957816377176 0.6528897849462366 0.32565653432588915 0.6492710918114144 0.32565653432588915 0.6459108767576509 0.3261734904880066 0.6433260959470637 0.3266904466501241 0.6404828370554178 0.324881100082713 0.6391904466501241 0.3228132754342432 0.6409997932175352 0.32126240694789077 0.6438430521091812 0.3207454507857734 0.6482371794871795 0.31971153846153844 0.6528897849462366 0.319194582299421 0.6565084780810587 0.3184191480562448 0.6603856492969397 0.3179021918941274 0.6637458643507032 0.31686827956989244 0.6665891232423491 0.3153174110835401 0.669432382133995 0.313508064516129 0.6720171629445824 0.31247415219189417 0.675118899917287 0.31169871794871795 0.6777036807278743
0 0.13645057899090157 0.650563482216708 0.12611145574855254 0.6472032671629446 0.12145885028949546 0.6446184863523573 0.11939102564102565 0.6430676178660051 0.11732320099255585 0.6417752274607114 0.11499689826302731 0.640224358974359 0.11422146401985113 0.6389319685690654 0.11396298593879241 0.6363471877584781 0.11551385442514477 0.6358302315963607 0.11939102564102565 0.638415012406948 0.12197580645161292 0.6391904466501241 0.12430210918114144 0.6391904466501241 0.12714536807278745 0.6397074028122416 0.13024710504549217 0.640224358974359 0.13231492969396197 0.6404828370554178 0.13438275434243177 0.6415167493796526 0.13645057899090157 0.6428091397849462 0.13929383788254757 0.6438430521091812 0.1418786186931348 0.6456523986765923 0.14394644334160464 0.6472032671629446 0.14601426799007447 0.6492710918114144 0.14678970223325064 0.6513389164598843 0.14523883374689828 0.6521143507030605 0.14110318444995865 0.6521143507030605
0 0.10879342431761788 0.9418682795698925 0.10931038047973533 0.941351323407775 0.11344602977667494 0.9356648056244831 0.11447994210090986 0.9341139371381307 0.11603081058726221 0.9328215467328371 0.11758167907361457 0.9317876344086021 0.11887406947890819 0.9310122001654261 0.12094189412737802 0.9299782878411911 0.12223428453267164 0.9289443755169562 0.123785153019024 0.9273935070306039 0.12559449958643507 0.9255841604631928 0.12714536807278745 0.9235163358147229 0.12817928039702234 0.9222239454094293 0.12843775847808106 0.9206730769230769 0.12714536807278745 0.9201561207609594 0.12533602150537634 0.9204145988420183 0.12223428453267164 0.9222239454094293 0.11861559139784948 0.9240332919768404 0.11628928866832093 0.926359594706369 0.11370450785773367 0.9289443755169562 0.11163668320926387 0.9310122001654261 0.10982733664185278 0.9335969809760133 0.10879342431761788 0.936698717948718
0 0.026855872622001675 0.11939102564102565 0.025563482216708046 0.11732320099255585 0.023495657568238234 0.11137820512820513 0.022203267162944604 0.10801799007444171 0.02091087675765097 0.10439929693961952 0.020135442514474796 0.10052212572373863 0.019360008271298617 0.09638647642679901 0.019876964433416067 0.09535256410256411 0.02272022332506206 0.09586952026468157 0.025563482216708046 0.09793734491315137 0.02866521918941276 0.10026364764267992 0.030474565756823842 0.1031069065343259 0.03150847808105875 0.10569168734491316 0.03228391232423492 0.10879342431761788 0.03254239040529365 0.11318755169561623 0.0330593465674111 0.11680624483043839 0.034351736972704744 0.11990798180314312 0.035385649296939645 0.12275124069478908 0.036161083540115824 0.12507754342431762 0.036936517783292 0.1276623242349049 0.037970430107526904 0.12998862696443342 0.037970430107526904 0.1325734077750207 0.037711952026468175 0.13515818858560796 0.037194995864350724 0.13722601323407776 0.036678039702233274 0.13851840363937137 0.034351736972704744 0.13696753515301904 0.03254239040529365 0.13489971050454924 0.030991521918941292 0.1328318858560794 0.029699131513647663 0.13050558312655086 0.02866521918941276 0.12636993382961126 0.027631306865177854 0.12223428453267164
0 0.33315239867659224 0.0961279983457403 0.33444478908188585 0.09044148056244831 0.3347032671629446 0.08837365591397851 0.3354787014061208 0.0863058312655087 0.3362541356492969 0.08397952853598016 0.33728804797353185 0.08087779156327544 0.33858043837882545 0.07906844499586436 0.3393558726220017 0.07777605459057074 0.3406482630272953 0.07803453267162945 0.34168217535153017 0.080360835401158 0.34194065343258895 0.08372105045492144 0.34194065343258895 0.08656430934656742 0.3424576095947064 0.08992452440033086 0.3424576095947064 0.09328473945409431 0.34194065343258895 0.09586952026468157 0.340906741108354 0.09871277915632756 0.3393558726220017 0.10026364764267992 0.3367710918114144 0.10078060380479736 0.335220223325062 0.10026364764267992
0 0.473013816925734 0.778497409326425 0.4751727115716753 0.7687823834196892 0.47598229706390327 0.7655440414507773 0.4767918825561313 0.7625755613126081 0.47814119170984454 0.7598769430051814 0.4792206390328152 0.7582577720207254 0.4805699481865285 0.755559153713299 0.4805699481865285 0.7525906735751295 0.48030008635578586 0.749892055267703 0.47814119170984454 0.7477331606217616 0.4765220207253886 0.747463298791019 0.4751727115716753 0.7509715025906736 0.47436312607944736 0.7550194300518135 0.4740932642487046 0.7585276338514682 0.4740932642487046 0.7612262521588947 0.473823402417962 0.7644645941278067 0.473013816925734 0.7674330742659758 0.4716645077720207 0.7695919689119172 0.4705850604490501 0.7722905872193437 0.4684261658031088 0.7747193436960277 0.4670768566493955 0.777687823834197 0.4676165803108808 0.7809261658031089 0.47031519861830745 0.7811960276338515
0 0.991260593220339 0.9771362994350282 0.9864053672316384 0.9705155367231638 0.9841984463276836 0.9696327683615819 0.981108757062147 0.9678672316384181 0.9780190677966102 0.9656603107344633 0.9753707627118644 0.9638947740112994 0.9744879943502824 0.9621292372881356 0.9775776836158193 0.9612464689265536 0.981108757062147 0.9612464689265536 0.9850812146892655 0.9621292372881356 0.9886122881355932 0.9643361581920904 0.9903778248587571 0.9665430790960452 0.99170197740113 0.96875 0.9930261299435028 0.9713983050847458 0.9939088983050848 0.9736052259887006 0.9956744350282486 0.9775776836158193 0.9961158192090396 0.979784604519774 0.9939088983050848 0.980667372881356
