1 0.31335207907293794 0.47780334014996595 0.3125 0.4763122017723245 0.30909168370824813 0.47247784594410364 0.30696148602590323 0.4709867075664622 0.3052573278800273 0.46906952965235177 0.30419222903885484 0.46672631220177235 0.3029141104294479 0.46353101567825494 0.3020620313565099 0.46054873892297205 0.3007839127471029 0.45714042263122023 0.299505794137696 0.45330606680299934 0.29822767552828905 0.45011077027948193 0.2971625766871166 0.4460633946830266 0.29588445807770963 0.4441462167689162 0.2943933197000682 0.4413769597818678 0.2943933197000682 0.43924676209952285 0.2956714383094752 0.4369035446489435 0.2973755964553511 0.434560327198364 0.2988667348329925 0.4309389911383777 0.30035787321063395 0.4285957736877982 0.3024880708929789 0.42603953646898435 0.30461826857532376 0.42369631901840493 0.30781356509884117 0.42092706203135655 0.3095177232447171 0.4194359236537151 0.3118609406952965 0.41794478527607365 0.3139911383776415 0.4166666666666667 0.31654737559645535 0.4153885480572598 0.31931663258350373 0.41496250852079075 0.3214468302658487 0.41496250852079075 0.325068166325835 0.4158145875937287 0.3282634628493524 0.4166666666666667 0.3312457396046353 0.41773176550783914 0.3342280163599182 0.4190098841172461 0.3369972733469666 0.42028800272665306 0.339766530334015 0.4217791411042945 0.34253578732106343 0.42327027948193596 0.34466598500340834 0.42454839809134287 0.34658316291751873 0.42603953646898435 0.3485003408316292 0.4277436946148603 0.35063053851397413 0.43029993183367415 0.3525477164280845 0.4328561690524881 0.3542518745739605 0.435412406271302 0.35595603271983645 0.43860770279481937 0.3576601908657124 0.44265507839127477 0.35872528970688483 0.44542433537832316 0.35957736877982277 0.44798057259713703 0.36042944785276076 0.4509628493524199 0.36106850715746425 0.4539451261077028 0.3627726653033402 0.4569274028629857 0.3640507839127471 0.4584185412406272 0.36532890252215405 0.45948364008179965 0.36703306066803 0.4614008179959101 0.36831117927743695 0.46374403544648946 0.36895023858214043 0.46608725289706887 0.36937627811860946 0.4686434901158828 0.36895023858214043 0.4709867075664622 0.36809815950920244 0.4739689843217451 0.3672460804362645 0.47716428084526247 0.36596796182685754 0.4797205180640764 0.36490286298568514 0.48163769597818684 0.36234662576687116 0.4827027948193593 0.3600034083162918 0.48312883435582826 0.35893830947511934 0.4833418541240627 0.35723415132924335 0.4876022494887526 0.3563820722563054 0.48888036809815955 0.35510395364689845 0.4901584867075665 0.3510565780504431 0.4918626448534424 0.34999147920927065 0.4925017041581459 0.3485003408316292 0.4929277436946149 0.3463701431492843 0.4931407634628494 0.3444529652351739 0.4931407634628494 0.34083162917518744 0.4935668029993184 0.33912747102931157 0.4927147239263804 0.3367842535787321 0.49122358554873896 0.3352931152010907 0.4905845262440355 0.33358895705521474 0.4901584867075665 0.33060668029993184 0.489519427402863 0.32847648261758694 0.4884543285616906 0.32570722563053855 0.4869631901840491 0.3231509884117246 0.4854720518064077 0.3212338104976142 0.4841939331970007 0.31676039536468986 0.48206373551465576 0.3148432174505794 0.4803595773687798
1 0.4400988411724608 0.5321233810497614 0.4369035446489435 0.5270109066121337 0.435412406271302 0.5250937286980232 0.434560327198364 0.5231765507839128 0.43349522835719156 0.5210463531015679 0.4326431492842536 0.518916155419223 0.43179107021131563 0.5167859577368781 0.4309389911383777 0.5148687798227676 0.4300869120654397 0.5129516019086572 0.42902181322426725 0.5110344239945468 0.42838275391956376 0.5093302658486708 0.4273176550783913 0.5072000681663259 0.4273176550783913 0.5054959100204499 0.4281697341513293 0.5035787321063395 0.42880879345603273 0.5025136332651671 0.4313650306748466 0.4982532379004772 0.4326431492842536 0.4965490797546012 0.4337082481254261 0.4956970006816633 0.43498636673483304 0.4931407634628494 0.4369035446489435 0.49101056578050445 0.4381816632583504 0.4901584867075665 0.4403118609406953 0.48888036809815955 0.44244205862304026 0.48802828902522155 0.44457225630538516 0.4873892297205181 0.4462764144512611 0.4869631901840491 0.44819359236537154 0.48653715064758013 0.4494717109747785 0.4863241308793456 0.4509628493524199 0.48653715064758013 0.45288002726653037 0.4873892297205181 0.45479720518064076 0.4884543285616906 0.4567143830947512 0.4897324471710975 0.45863156100886165 0.49101056578050445 0.46054873892297205 0.4927147239263804 0.462678936605317 0.4950579413769598 0.4641700749829585 0.4965490797546012 0.46608725289706887 0.4984662576687117 0.4680044308111793 0.49995739604635314 0.46970858895705525 0.501661554192229 0.4716257668711657 0.503365712338105 0.4731169052488072 0.505069870483981 0.4743950238582141 0.5069870483980914 0.475247102931152 0.5084781867757328 0.476525221540559 0.5110344239945468 0.477377300613497 0.5135906612133606 0.47801635991820046 0.5161468984321745 0.47865541922290394 0.5187031356509885 0.47929447852760737 0.5214723926380368 0.4797205180640764 0.5246676891615543 0.4797205180640764 0.5323364008179959 0.47865541922290394 0.5342535787321064 0.47759032038173144 0.5357447171097479 0.47588616223585556 0.5383009543285617 0.4739689843217451 0.5406441717791411 0.47247784594410364 0.5423483299250171 0.4711997273346967 0.5442655078391275 0.46970858895705525 0.5461826857532379 0.4677914110429448 0.5466087252897069 0.4656612133605999 0.545756646216769 0.46374403544648946 0.544052488070893 0.4624659168370825 0.5429873892297206 0.46076175869120656 0.5421353101567825 0.45863156100886165 0.5419222903885481 0.45650136332651675 0.5419222903885481 0.45437116564417185 0.5417092706203136 0.45181492842535786 0.5408571915473757 0.449684730743013 0.5397920927062032 0.44734151329243355 0.5383009543285617 0.44521131561008864 0.5365967961826857 0.4430811179277437 0.5348926380368099
1 0.5293541240627131 0.5510821404226313 0.5280760054533061 0.5461826857532379 0.5276499659168371 0.5425613496932515 0.5274369461486026 0.5385139740967962 0.5272239263803681 0.5346796182685754 0.5272239263803681 0.531058282208589 0.5272239263803681 0.5272239263803681 0.5270109066121337 0.5240286298568507 0.5267978868438992 0.5208333333333334 0.5278629856850716 0.517211997273347 0.5293541240627131 0.5135906612133606 0.5306322426721201 0.5106083844580778 0.5316973415132924 0.5086912065439673 0.5376618950238582 0.5005964553510566 0.5393660531697342 0.4980402181322427 0.5408571915473757 0.4961230402181323 0.5427743694614862 0.49377982276755283 0.544052488070893 0.4925017041581459 0.5466087252897069 0.4914366053169735 0.5487389229720517 0.49101056578050445 0.5521472392638037 0.49079754601226994 0.5540644171779141 0.49079754601226994 0.5581117927743695 0.4897324471710975 0.5606680299931833 0.489093387866394 0.5623721881390593 0.48888036809815955 0.5634372869802318 0.4886673483299251 0.5689758009543286 0.4871762099522836 0.570892978868439 0.48653715064758013 0.5721710974778459 0.4863241308793456 0.5732361963190183 0.4861111111111111 0.5745143149284254 0.48675017041581464 0.5757924335378324 0.48824130879345606 0.5764314928425358 0.4893064076346285 0.5774965916837083 0.491649625085208 0.5787747102931153 0.49420586230402186 0.5794137695978188 0.49676209952283573 0.5804788684389912 0.49974437627811863 0.5813309475119292 0.5025136332651671 0.5821830265848671 0.5057089297886844 0.583035105657805 0.5082651670074984 0.5838871847307431 0.5108214042263123 0.5849522835719155 0.5138036809815951 0.5858043626448535 0.517211997273347 0.5858043626448535 0.5208333333333334 0.5858043626448535 0.5229635310156783 0.5851653033401499 0.5267978868438992 0.5847392638036811 0.5334014996591684 0.5843132242672121 0.5351056578050443 0.5841002044989775 0.5368098159509204 0.5838871847307431 0.5387269938650306 0.583035105657805 0.5400051124744376 0.5813309475119292 0.5414962508520791 0.5798398091342878 0.5427743694614862 0.5785616905248807 0.5446915473755964 0.5779226312201773 0.5474608043626449 0.5770705521472392 0.5508691206543967 0.5753663940013634 0.5532123381049762 0.573875255623722 0.5542774369461487 0.5713190184049081 0.5564076346284936 0.5679107021131562 0.558750852079073 0.5653544648943423 0.5602419904567145 0.5632242672119973 0.5615201090661214 0.5621591683708248 0.5625852079072938 0.5600289706884799 0.5649284253578732 0.557898773006135 0.5666325835037491 0.5557685753237901 0.5676976823449216 0.5540644171779141 0.5681237218813906 0.5510821404226313 0.5679107021131562 0.5474608043626449 0.5664195637355147 0.544478527607362 0.5649284253578732 0.5425613496932515 0.5632242672119973 0.5412832310838447 0.5617331288343558 0.5400051124744376 0.5606680299931833 0.5383009543285617 0.5596029311520109 0.5361707566462167 0.5585378323108384 0.5336145194274029 0.5570466939331971 0.5304192229038855 0.5540644171779141
1 0.3516956373551466 0.6245739604635311 0.3480743012951602 0.6215916837082481 0.3459441036128153 0.6196745057941377 0.34381390593047034 0.6179703476482618 0.34168370824812544 0.6164792092706204 0.339340490797546 0.6143490115882755 0.33806237218813906 0.6120057941376961 0.33763633265167015 0.6092365371506475 0.3369972733469666 0.6062542603953648 0.3363582140422631 0.6028459441036129 0.3355061349693252 0.5996506475800955 0.33508009543285616 0.5960293115201091 0.33486707566462165 0.5915558963871848 0.33465405589638725 0.5881475800954329 0.33486707566462165 0.5849522835719155 0.3355061349693252 0.5823960463531016 0.33657123381049764 0.5804788684389912 0.3384884117246081 0.5796267893660532 0.34061860940695293 0.5781356509884117 0.34253578732106343 0.5757924335378324 0.3444529652351739 0.5736622358554874 0.3459441036128153 0.5725971370143149 0.34764826175869123 0.5717450579413771 0.35020449897750516 0.570892978868439 0.3525477164280845 0.5702539195637356 0.35446489434219497 0.5696148602590321 0.3570211315610089 0.5689758009543286 0.3591513292433538 0.5687627811860941 0.36255964553510567 0.5687627811860941 0.36532890252215405 0.5687627811860941 0.366607021131561 0.569188820722563 0.36852419904567146 0.5700408997955011 0.3704413769597819 0.5706799591002045 0.3725715746421268 0.570892978868439 0.37512781186094074 0.5711059986366734 0.3783231083844581 0.5711059986366734 0.3798142467620995 0.5713190184049081 0.3810923653715065 0.5721710974778459 0.38386162235855487 0.5736622358554874 0.3864178595773688 0.5747273346966598 0.38918711656441723 0.5757924335378324 0.3917433537832311 0.5770705521472392 0.39366053169734155 0.5789877300613497 0.39536468984321743 0.5811179277436946 0.3970688479890934 0.5834611451942741 0.39834696659850033 0.5858043626448535 0.3998381049761418 0.5875085207907295 0.4013292433537832 0.5892126789366053 0.4032464212678937 0.5911298568507157 0.4043115201090661 0.5926209952283572 0.4058026584867076 0.5953902522154056 0.40750681663258354 0.598159509202454 0.4087849352419905 0.6007157464212679 0.41134117246080437 0.6026329243353783 0.4130453306066803 0.6034850034083163 0.41411042944785276 0.6045501022494888 0.41432344921608727 0.6062542603953648 0.41432344921608727 0.6083844580777097 0.41432344921608727 0.611153715064758 0.41432344921608727 0.6147750511247445 0.41432344921608727 0.6177573278800274 0.41368438991138384 0.6205265848670757 0.4126192910702114 0.6228698023176551 0.4109151329243354 0.625 0.4083588957055215 0.6275562372188139 0.40303340149965916 0.6288343558282209 0.3991990456714383 0.6305385139740969 0.3972818677573279 0.6309645535105658 0.3945126107702795 0.6313905930470348 0.3913173142467621 0.6320296523517382 0.3902522154055897 0.6322426721199729 0.3889740967961827 0.6328817314246763 0.3864178595773688 0.6345858895705522 0.38471370143149286 0.6350119291070212 0.3810923653715065 0.6354379686434901 0.3789621676891616 0.6352249488752556 0.3761929107021132 0.6345858895705522 0.37448875255623726 0.6341598500340832 0.37150647580095436 0.6341598500340832 0.3702283571915474 0.6337338104976141 0.3676721199727335 0.6330947511929107 0.36554192229038857 0.6322426721199729 0.3636247443762782 0.6313905930470348 0.3612815269256987 0.6301124744376279 0.35872528970688483 0.6286213360599864 0.35510395364689845 0.6264911383776415
1 0.2477419904567144 0.6171182685753238 0.24305555555555555 0.6152010906612133 0.23751704158145878 0.611579754601227 0.23559986366734836 0.6100886162235856 0.2336826857532379 0.6083844580777097 0.2309134287661895 0.6058282208588958 0.22878323108384457 0.6034850034083163 0.22707907293796867 0.5987985685071575 0.2262269938650307 0.5962423312883437 0.22558793456032722 0.5930470347648262 0.22494887525562374 0.5892126789366053 0.22494887525562374 0.5883605998636674 0.22452283571915474 0.5862304021813224 0.2234577368779823 0.5836741649625086 0.2230316973415133 0.5804788684389912 0.2232447171097478 0.5774965916837083 0.22494887525562374 0.5751533742331288 0.22665303340149967 0.5745143149284254 0.22984832992501705 0.5728101567825495 0.23261758691206547 0.570892978868439 0.23453476482617588 0.5694018404907976 0.2368779822767553 0.5676976823449216 0.23815610088616224 0.5670586230402181 0.24092535787321065 0.5662065439672802 0.24348159509202455 0.5653544648943423 0.24646387184730745 0.5653544648943423 0.2502982276755283 0.5653544648943423 0.25370654396728015 0.5655674846625767 0.2564758009543286 0.5657805044308113 0.25967109747784595 0.5659935241990457 0.26201431492842536 0.5666325835037491 0.2641445126107703 0.5676976823449216 0.2671267893660532 0.5687627811860941 0.2684049079754602 0.5689758009543286 0.27010906612133606 0.5689758009543286 0.2728783231083845 0.569188820722563 0.2752215405589639 0.5700408997955011 0.2764996591683708 0.570892978868439 0.2792689161554192 0.5728101567825495 0.28118609406952966 0.5743012951601909 0.2835293115201091 0.5762184730743013 0.2854464894342195 0.5779226312201773 0.2873636673483299 0.5800528289025222 0.28949386503067487 0.5826090661213361 0.2905589638718473 0.5845262440354465 0.2916240627130198 0.5870824812542604 0.29290218132242674 0.5898517382413089 0.2939672801635992 0.5926209952283572 0.2941802999318337 0.59560327198364 0.2941802999318337 0.597733469665985 0.29290218132242674 0.5994376278118609 0.2914110429447853 0.6022068847989094 0.29013292433537835 0.6054021813224267 0.2888548057259714 0.6081714383094751 0.2882157464212679 0.6100886162235856 0.2873636673483299 0.6117927743694616 0.28587252897068854 0.613283912747103 0.28438139059304707 0.6145620313565099 0.2824642126789366 0.615840149965917 0.2809730743012952 0.6166922290388548 0.2777777777777778 0.6179703476482618 0.2754345603271984 0.6183963871847308 0.2724522835719155 0.6190354464894342 0.2698960463531016 0.6194614860259032 0.26755282890252213 0.6196745057941377 0.26499659168370826 0.6196745057941377 0.26286639400136336 0.6196745057941377 0.2594580777096115 0.6192484662576688 0.2564758009543286 0.6188224267211998 0.2530674846625767 0.6183963871847308 0.2502982276755283 0.6179703476482618
1 0.4961230402181323 0.6865627130197682 0.49377982276755283 0.6835804362644854 0.4931407634628494 0.6814502385821405 0.4925017041581459 0.67953306066803 0.4920756646216769 0.6769768234492162 0.4918626448534424 0.6742075664621677 0.4914366053169735 0.6718643490115883 0.4914366053169735 0.6693081117927745 0.4914366053169735 0.666112815269257 0.4914366053169735 0.6631305385139741 0.4920756646216769 0.6601482617586912 0.4929277436946149 0.6573790047716429 0.49377982276755283 0.655248807089298 0.4948449216087253 0.6520535105657805 0.4956970006816633 0.6497102931152011 0.4965490797546012 0.6463019768234493 0.49740115882753927 0.642254601226994 0.4980402181322427 0.6403374233128835 0.49910531697341515 0.637994205862304 0.5010224948875256 0.6341598500340832 0.502087593728698 0.6320296523517382 0.5035787321063395 0.6294734151329244 0.5054959100204499 0.6269171779141105 0.5076261077027948 0.6241479209270621 0.5106083844580778 0.6213786639400137 0.5125255623721882 0.6198875255623723 0.5148687798227676 0.6181833674164963 0.5174250170415815 0.6171182685753238 0.5204072937968643 0.6160531697341514 0.5240286298568507 0.6149880708929789 0.5282890252215406 0.6143490115882755 0.5319103612815269 0.6141359918200409 0.5344665985003408 0.6141359918200409 0.5365967961826857 0.6145620313565099 0.5383009543285617 0.6152010906612133 0.5402181322426721 0.6160531697341514 0.5423483299250171 0.6171182685753238 0.544478527607362 0.6179703476482618 0.5468217450579415 0.6198875255623723 0.5487389229720517 0.6218047034764826 0.5510821404226313 0.6241479209270621 0.5529993183367417 0.6269171779141105 0.5540644171779141 0.6298994546693933 0.5551295160190866 0.6333077709611453 0.5559815950920246 0.6360770279481937 0.5568336741649625 0.6392723244717111 0.557898773006135 0.6420415814587594 0.5585378323108384 0.6443847989093389 0.5593899113837765 0.6469410361281528 0.5602419904567145 0.6494972733469666 0.560881049761418 0.652692569870484 0.5610940695296524 0.6618524199045672 0.5600289706884799 0.6654737559645536 0.558750852079073 0.6680299931833674 0.5572597137014316 0.6710122699386504 0.5553425357873212 0.6756987048398091 0.5534253578732107 0.6793200408997956 0.5512951601908658 0.6833674164962509 0.5495910020449898 0.6861366734832992 0.5472477845944105 0.6889059304703478 0.544904567143831 0.6908231083844582 0.5417092706203136 0.6933793456032721 0.5393660531697342 0.6952965235173825 0.5344665985003408 0.6974267211997274 0.5308452624403545 0.6982788002726654 0.5278629856850716 0.6989178595773688 0.5248807089297887 0.6993438991138379 0.5223244717109748 0.6993438991138379 0.5182770961145194 0.6993438991138379 0.5146557600545331 0.6991308793456033 0.5112474437627812 0.6984918200408998 0.5084781867757328 0.6974267211997274 0.5069870483980914 0.696787661895024 0.505069870483981 0.6952965235173825 0.5035787321063395 0.6942314246762099 0.5018745739604635 0.6927402862985687 0.5003834355828222 0.6908231083844582 0.4986792774369462 0.6893319700068167
1 0.33806237218813906 0.7928595773687799 0.33209781867757326 0.7883861622358556 0.3303936605316974 0.7864689843217452 0.32890252215405597 0.7847648261758692 0.32698534423994546 0.7830606680299932 0.3261332651670075 0.7815695296523518 0.32549420586230404 0.7790132924335379 0.325068166325835 0.776457055214724 0.325068166325835 0.7736877982276755 0.32549420586230404 0.7711315610088616 0.3265593047034765 0.7687883435582823 0.3274113837764145 0.7662321063394683 0.32890252215405597 0.764314928425358 0.33081970006816636 0.7623977505112475 0.3333759372869803 0.7604805725971371 0.33614519427402867 0.7587764144512612 0.33955351056578054 0.7572852760736197 0.34253578732106343 0.7557941376959783 0.3463701431492843 0.7551550783912747 0.35063053851397413 0.7547290388548057 0.35318677573278806 0.7547290388548057 0.3565950920245399 0.7547290388548057 0.36085548738922973 0.7555811179277437 0.36532890252215405 0.7564331970006817 0.36831117927743695 0.7579243353783232 0.3706543967280164 0.75920245398773 0.3732106339468303 0.7606935923653715 0.37512781186094074 0.7623977505112475 0.37747102931152016 0.764314928425358 0.38002726653033403 0.7662321063394683 0.3815184049079755 0.7668711656441719 0.3836486025903204 0.7685753237900478 0.38535276073619634 0.7704925017041582 0.3857788002726653 0.7717706203135652 0.3857788002726653 0.7736877982276755 0.3855657805044308 0.7762440354464896 0.3855657805044308 0.7788002726653034 0.3855657805044308 0.7813565098841173 0.3851397409679619 0.7836997273346966 0.3851397409679619 0.7862559645535107 0.3851397409679619 0.7892382413087936 0.38471370143149286 0.7911554192229039 0.38343558282208595 0.7924335378323109 0.382157464212679 0.7932856169052489 0.38002726653033403 0.7939246762099523 0.37704498977505113 0.7943507157464214 0.37470177232447177 0.7947767552828904 0.3732106339468303 0.7960548738922972 0.37193251533742333 0.7975460122699387 0.3700153374233129 0.7988241308793457 0.36809815950920244 0.7998892297205181 0.36532890252215405 0.7998892297205181 0.3614945466939332 0.7996762099522836 0.3585122699386503 0.7994631901840491 0.354890933878664 0.7983980913428766 0.3504175187457396 0.7975460122699387 0.3474352419904567 0.7969069529652353 0.34466598500340834 0.7960548738922972 0.34189672801635995 0.7947767552828904
1 0.2775647580095433 0.8812627811860941 0.27969495569188824 0.8772154055896387 0.2807600545330607 0.8752982276755283 0.28182515337423314 0.873381049761418 0.28267723244717113 0.8718899113837765 0.28438139059304707 0.870398773006135 0.28608554873892295 0.8695466939331971 0.2884287661895024 0.868694614860259 0.29013292433537835 0.8676295160190866 0.29205010224948874 0.8661383776414452 0.2943933197000682 0.8650732788002727 0.3018490115882754 0.8614519427402864 0.30461826857532376 0.8601738241308794 0.30717450579413774 0.8597477845944105 0.31058282208588955 0.8597477845944105 0.31313905930470354 0.8597477845944105 0.31526925698704844 0.859534764826176 0.3178254942058623 0.859534764826176 0.3205947511929107 0.859534764826176 0.3231509884117246 0.8597477845944105 0.32549420586230404 0.8599608043626449 0.32783742331288346 0.8608128834355829 0.3295415814587594 0.8623040218132244 0.33145875937286984 0.8637951601908658 0.3340149965916837 0.8652862985685073 0.33891445126107705 0.8663513974096797 0.34189672801635995 0.8669904567143831 0.3431748466257669 0.8674164962508522 0.3444529652351739 0.8678425357873212 0.3459441036128153 0.869120654396728 0.34700920245398775 0.8701857532379005 0.3489263803680982 0.8723159509202455 0.3504175187457396 0.8748721881390594 0.3508435582822086 0.8761503067484663 0.3516956373551466 0.88296693933197 0.3516956373551466 0.8857361963190186 0.3512695978186776 0.8889314928425358 0.3504175187457396 0.8912747102931153 0.35020449897750516 0.8931918882072256 0.34935241990456717 0.8953220858895706 0.3482873210633947 0.8974522835719155 0.34722222222222227 0.898943421949557 0.3459441036128153 0.9006475800954329 0.3450920245398773 0.9021387184730744 0.34402692569870486 0.9038428766189504 0.34189672801635995 0.9059730743012953 0.339766530334015 0.9068251533742332 0.33763633265167015 0.9074642126789366 0.3357191547375597 0.9085293115201091 0.33316291751874577 0.9102334696659852 0.33081970006816636 0.911937627811861 0.32911554192229037 0.9132157464212679 0.326772324471711 0.9144938650306749 0.32549420586230404 0.9147068847989094 0.3231509884117246 0.9151329243353783 0.3212338104976142 0.9157719836400819 0.3178254942058623 0.9159850034083163 0.3154822767552829 0.9161980231765507 0.31164792092706206 0.9174761417859578 0.3095177232447171 0.9176891615541922 0.30738752556237225 0.9181152010906612 0.3050443081117928 0.9187542603953648 0.30099693251533743 0.9176891615541922 0.2986537150647581 0.9166240627130198 0.29673653715064763 0.9155589638718473 0.29375426039536473 0.9144938650306749 0.2914110429447853 0.9138548057259714 0.28864178595773693 0.9132157464212679 0.2854464894342195 0.9117246080436264 0.2775647580095433 0.9072511929107022 0.27628663940013637 0.9036298568507157 0.27607361963190186 0.899795501022495 0.27607361963190186 0.8968132242672121 0.27628663940013637 0.8917007498295842 0.27671267893660534 0.8880794137695979 0.27692569870483985 0.8842450579413771
1 0.23964723926380369 0.7892382413087936 0.2343217450579414 0.788173142467621 0.23325664621676892 0.7877471029311521 0.23176550783912747 0.7868950238582141 0.23006134969325157 0.7860429447852761 0.22857021131561012 0.7851908657123381 0.22665303340149967 0.7841257668711656 0.2234577368779823 0.7817825494205863 0.2200494205862304 0.7792263122017723 0.217280163599182 0.776883094751193 0.2147239263803681 0.77390081799591 0.21408486707566465 0.7728357191547376 0.2096114519427403 0.7713445807770962 0.2076942740286299 0.7685753237900478 0.20620313565098844 0.7668711656441719 0.204285957736878 0.764740967961827 0.2040729379686435 0.7623977505112475 0.2040729379686435 0.7602675528289026 0.204711997273347 0.7579243353783232 0.20620313565098844 0.7564331970006817 0.2072682344921609 0.7549420586230403 0.20833333333333334 0.7525988411724608 0.2098244717109748 0.7496165644171779 0.21110259032038176 0.7462082481254261 0.2123807089297887 0.7438650306748467 0.2142978868438991 0.7387525562372189 0.21642808452624404 0.7372614178595774 0.21877130197682346 0.7355572597137015 0.21962338104976142 0.73406612133606 0.2202624403544649 0.7321489434219496 0.22217961826857532 0.7298057259713703 0.22452283571915474 0.7283145875937288 0.22750511247443764 0.7270364689843217 0.22984832992501705 0.7268234492160873 0.23283060668029995 0.7249062713019769 0.23602590320381733 0.7242672119972734 0.23900817995910023 0.7234151329243355 0.24156441717791413 0.7234151329243355 0.24390763462849352 0.7232021131561008 0.24688991138377642 0.722776073619632 0.24965916837082483 0.722350034083163 0.25264144512610776 0.721923994546694 0.25477164280845266 0.721923994546694 0.257114860259032 0.722350034083163 0.25988411724608046 0.7229890933878664 0.26244035446489433 0.7232021131561008 0.2652096114519428 0.7236281526925699 0.26755282890252213 0.7240541922290389 0.2686179277436946 0.7244802317655079 0.27053510565780503 0.7251192910702113 0.272239263803681 0.7257583503749149 0.27351738241308793 0.7263974096796183 0.27841683708248127 0.7308708248125427 0.285233469665985 0.7366223585548739 0.28608554873892295 0.7385395364689844 0.28651158827539197 0.7400306748466258 0.2873636673483299 0.7417348329925016 0.2880027266530334 0.7438650306748467 0.28864178595773693 0.7462082481254261 0.28906782549420584 0.7485514655760055 0.28906782549420584 0.7504686434901159 0.28906782549420584 0.7532379004771644 0.2888548057259714 0.7551550783912747 0.2882157464212679 0.7581373551465577 0.2875766871165644 0.7602675528289026 0.28608554873892295 0.762610770279482 0.28480743012951604 0.7649539877300614 0.2839553510565781 0.7675102249488753 0.28267723244717113 0.7692143830947512 0.2807600545330607 0.7711315610088616 0.27969495569188824 0.7730487389229721 0.27884287661895024 0.7760310156782549 0.2779907975460123 0.7777351738241308 0.27628663940013637 0.7794393319700069 0.2750085207907294 0.7798653715064758 0.27266530334015 0.7809304703476483 0.27074812542603954 0.7819955691888207 0.2690439672801636 0.7836997273346966 0.26776584867075665 0.7845518064076347 0.26563565098841174 0.7854038854805727 0.26350545330606684 0.7860429447852761 0.2615882753919564 0.7868950238582141 0.25967109747784595 0.7873210633946831 0.2558367416496251 0.788173142467621 0.25370654396728015 0.78859918200409 0.25178936605316976 0.7888122017723246 0.24816802999318338 0.789451261077028 0.2451857532379005 0.7903033401499661 0.24305555555555555 0.7900903203817314
1 0.3180385139740968 0.9969325153374234 0.3205947511929107 0.9916070211315611 0.3220858895705522 0.9892638036809817 0.3233640081799591 0.9871336059986368 0.32485514655760056 0.9847903885480573 0.3261332651670075 0.9830862304021813 0.32783742331288346 0.980743012951602 0.3295415814587594 0.9796779141104295 0.3318847989093388 0.9779737559645536 0.33358895705521474 0.9758435582822087 0.3357191547375597 0.9732873210633948 0.3372102931152011 0.9713701431492844 0.33891445126107705 0.9696659850034084 0.3423227675528289 0.9679618268575324 0.3474352419904567 0.9679618268575324 0.34977845944103614 0.9683878663940014 0.3525477164280845 0.967322767552829 0.3542518745739605 0.966470688479891 0.3578732106339469 0.9671097477845945 0.36106850715746425 0.967322767552829 0.36383776414451263 0.967322767552829 0.3657549420586231 0.967322767552829 0.368737218813906 0.9675357873210635 0.3708674164962508 0.9679618268575324 0.3736366734832993 0.9683878663940014 0.37470177232447177 0.9688139059304705 0.3761929107021132 0.9698790047716429 0.37874914792092707 0.9713701431492844 0.38045330606680305 0.9728612815269257 0.382157464212679 0.9747784594410362 0.38322256305385144 0.9760565780504431 0.38386162235855487 0.9779737559645536 0.3840746421267894 0.980316973415133 0.38343558282208595 0.9824471710974779 0.3823704839809135 0.9839383094751194 0.38173142467620996 0.9854294478527608 0.380879345603272 0.9864945466939332 0.38045330606680305 0.9879856850715747 0.379601226993865 0.9907549420586231 0.3789621676891616 0.9933111792774371 0.37725800954328564 0.9948023176550785 0.37512781186094074 0.9967194955691888 0.3732106339468303 0.9984236537150648 0.3718204669393321 0.9989583333333333 0.36916325835037495 0.9989583333333333 0.31739945466939334 0.9989583333333333
1 0.1088531015678255 0.9973585548738924 0.10970518064076347 0.9941632583503749 0.10991820040899797 0.9926721199727335 0.10991820040899797 0.9909679618268576 0.11013122017723245 0.9884117246080437 0.11077027948193592 0.9854294478527608 0.11119631901840492 0.9826601908657123 0.11183537832310839 0.9805299931833674 0.11290047716428085 0.978186775732788 0.1139655760054533 0.9758435582822087 0.11545671438309475 0.9739263803680982 0.11758691206543967 0.9720092024539878 0.12142126789366055 0.9690269256987049 0.12546864349011588 0.9666837082481254 0.12866394001363327 0.965618609406953 0.1329243353783231 0.9647665303340152 0.13739775051124745 0.9645535105657805 0.14144512610770282 0.9647665303340152 0.14762269938650308 0.965618609406953 0.15017893660531698 0.966470688479891 0.1529481935923654 0.967748807089298 0.15507839127471032 0.9686008861622359 0.15997784594410364 0.9705180640763463 0.16359918200409 0.9713701431492844 0.16764655760054534 0.9720092024539878 0.17126789366053172 0.9728612815269257 0.1744631901840491 0.9743524199045672 0.176167348329925 0.9758435582822087 0.17936264485344242 0.978186775732788 0.18149284253578735 0.9801039536468985 0.18362304021813225 0.9818081117927745 0.18596625766871167 0.9835122699386504 0.1883094751192911 0.9854294478527608 0.19022665303340153 0.9873466257668713 0.19256987048398094 0.9899028629856852 0.19470006816632585 0.9922460804362646 0.19640422631220178 0.9945892978868439 0.1985344239945467 0.9969325153374234 0.19938650306748468 0.9979976141785958 0.19966099425455255 0.9989583333333333 0.20002556237218816 0.9989583333333333 0.10821404226312202 0.9989583333333333
1 0.0004260395364689843 0.9769086571233812 0.0036213360599863667 0.9703050443081119 0.005112474437627812 0.9679618268575324 0.0066036128152692575 0.966044648943422 0.008733810497614179 0.9639144512610771 0.010650988411724608 0.9619972733469666 0.01278118609406953 0.9605061349693252 0.014911383776414452 0.9588019768234494 0.016615541922290387 0.9570978186775733 0.018958759372869803 0.9553936605316974 0.021941036128152694 0.9532634628493525 0.024071233810497618 0.9517723244717111 0.02556237218813906 0.950494205862304 0.027266530334014997 0.9498551465576006 0.030248807089297888 0.9492160872528971 0.03514826175869121 0.9485770279481937 0.039195637355146556 0.9479379686434902 0.04132583503749148 0.9477249488752556 0.04430811179277437 0.9479379686434902 0.04878152692569871 0.9485770279481937 0.05240286298568508 0.9492160872528971 0.055172119972733476 0.9496421267893661 0.05858043626448535 0.950494205862304 0.06241479209270621 0.9528374233128836 0.06582310838445808 0.9553936605316974 0.06752726653033402 0.9581629175187457 0.06880538513974098 0.9615712338104977 0.06944444444444445 0.965618609406953 0.06944444444444445 0.9686008861622359 0.06880538513974098 0.9713701431492844 0.06646216768916155 0.9758435582822087 0.0653970688479891 0.9783997955010226 0.06411895023858215 0.9818081117927745 0.06284083162917518 0.9852164280845263 0.06113667348329925 0.9892638036809817 0.06007157464212679 0.992885139740968 0.05943251533742332 0.9962934560327199 0.05858043626448535 0.9984236537150648 0.057867530106794005 0.9989583333333333 0.05410702113156101 0.9989583333333333 0.0 0.9988496932515338
1 0.11971710974778461 0.9423994546693935 0.11247443762781187 0.9436775732788003 0.10949216087252898 0.9441036128152693 0.10693592365371507 0.9441036128152693 0.10480572597137015 0.9432515337423314 0.10267552828902524 0.9419734151329244 0.09969325153374234 0.940482276755283 0.09671097477845944 0.9389911383776415 0.09351567825494206 0.9366479209270621 0.08861622358554874 0.9336656441717791 0.08350374914792093 0.9268490115882755 0.08094751192910703 0.924079754601227 0.07903033401499661 0.9213104976141787 0.07753919563735516 0.9185412406271303 0.0762610770279482 0.9151329243353783 0.07583503749147921 0.9108725289706886 0.07519597818677573 0.9068251533742332 0.07519597818677573 0.9029907975460123 0.07583503749147921 0.899369461486026 0.0764740967961827 0.8955351056578051 0.07753919563735516 0.8914877300613497 0.07903033401499661 0.8880794137695979 0.08094751192910703 0.8844580777096115 0.08371676891615541 0.8804107021131562 0.08584696659850036 0.8782805044308113 0.08840320381731424 0.8765763462849353 0.09181152010906612 0.8750852079072938 0.09500681663258351 0.8740201090661214 0.09948023176550785 0.8731680299931834 0.10459270620313567 0.8731680299931834 0.10778800272665305 0.8731680299931834 0.12035616905248808 0.8761503067484663 0.12461656441717793 0.8770023858214043 0.12717280163599182 0.8776414451261078 0.12972903885480574 0.8787065439672802 0.13249829584185413 0.8799846625766872 0.1342024539877301 0.8810497614178596 0.13548057259713703 0.8823278800272666 0.13782379004771644 0.884671097477846 0.14016700749829583 0.8872273346966598 0.14293626448534427 0.8899965916837083 0.14506646216768918 0.8927658486707567 0.1467706203135651 0.8957481254260397 0.14847477845944104 0.898943421949557 0.14932685753237904 0.9021387184730744 0.15017893660531698 0.9059730743012953 0.15039195637355146 0.9093813905930471 0.15017893660531698 0.9134287661895024 0.1495398773006135 0.9172631220177233 0.14847477845944104 0.9213104976141787 0.1469836400817996 0.924079754601227 0.14527948193592366 0.9259969325153374 0.14336230402181324 0.9277010906612134 0.14101908657123383 0.9296182685753238 0.1391019086571234 0.9315354464894343 0.13739775051124745 0.9332396046353103 0.136332651670075 0.9343047034764828 0.13441547375596455 0.9360088616223586 0.13228527607361965 0.937926039536469 0.12930299931833675 0.9400562372188139 0.12440354464894342 0.9426124744376279 0.12184730743012953 0.9428254942058624
1 0.05304192229038855 0.7934986366734833 0.047716428084526245 0.8026584867075665 0.04558623040218133 0.8052147239263804 0.04281697341513293 0.8096881390593047 0.03663940013633265 0.8152266530334015 0.03429618268575323 0.8169308111792775 0.03173994546693933 0.8186349693251534 0.02918370824812543 0.8199130879345604 0.027053510565780505 0.8205521472392638 0.025136332651670076 0.8214042263122019 0.023006134969325152 0.8224693251533743 0.02044989775051125 0.8237474437627813 0.018319700068166325 0.8250255623721882 0.014911383776414452 0.8265167007498296 0.012355146557600545 0.8273687798227677 0.007029652351738242 0.8277948193592366 0.0029822767552828903 0.8282208588957055 0.0004260395364689843 0.8282208588957055 0.0006390593047034765 0.8243865030674847 0.0004260395364689843 0.7704925017041582 0.0019171779141104294 0.7677232447171097 0.004047375596455351 0.7670841854124063 0.005751533742331288 0.7668711656441719 0.007668711656441718 0.7666581458759373 0.009798909338786639 0.7664451261077029 0.012142126789366053 0.7658060668029995 0.013420245398773007 0.7653800272665304 0.01576346284935242 0.7651670074982958 0.019171779141104295 0.7641019086571234 0.02258009543285617 0.7632498295841855 0.027479550102249492 0.7628237900477165 0.03131390593047035 0.7628237900477165 0.035361281526925706 0.7641019086571234 0.03876959781867758 0.7649539877300614 0.04153885480572597 0.7658060668029995 0.04388207225630539 0.7664451261077029 0.04579925017041582 0.7670841854124063 0.047716428084526245 0.7672972051806408 0.04942058623040218 0.7677232447171097 0.05112474437627812 0.7681492842535788 0.05240286298568508 0.7692143830947512 0.0543200408997955 0.7709185412406272 0.055172119972733476 0.7719836400817996 0.05666325835037492 0.7736877982276755 0.05794137695978187 0.775604976141786 0.05858043626448535 0.7775221540558964 0.058793456032719835 0.7800783912747103 0.05836741649625086 0.7824216087252898 0.0573023176550784 0.7849778459441037 0.056237218813905934 0.7873210633946831 0.054533060668029994 0.7900903203817314
1 0.03578732106339468 0.7174505794137697 0.03429618268575323 0.7129771642808453 0.03429618268575323 0.7110599863667348 0.03387014314928426 0.7089297886843899 0.03280504430811179 0.7065865712338105 0.032165985003408316 0.7044563735514656 0.031952965235173825 0.7019001363326517 0.03237900477164281 0.6995569188820723 0.03344410361281527 0.6980657805044308 0.034722222222222224 0.6965746421267894 0.03621336059986367 0.6940184049079755 0.0381305385139741 0.6918882072256306 0.040473755964553514 0.6897580095432857 0.04281697341513293 0.6880538513974097 0.046438309475119295 0.6865627130197682 0.04942058623040218 0.6861366734832992 0.05261588275391957 0.6859236537150648 0.055172119972733476 0.6859236537150648 0.05858043626448535 0.6865627130197682 0.06177573278800273 0.6878408316291753 0.06454498977505113 0.6895449897750512 0.06688820722563053 0.6910361281526926 0.06923142467620996 0.692527266530334 0.07200068166325835 0.695083503749148 0.0739178595773688 0.6974267211997274 0.07562201772324473 0.7004089979550103 0.07690013633265166 0.7036042944785277 0.07817825494205863 0.7065865712338105 0.0792433537832311 0.709355828220859 0.08030845262440355 0.7123381049761419 0.08137355146557601 0.7157464212678938 0.0815865712338105 0.7183026584867076 0.081799591002045 0.7217109747784595 0.08201261077027948 0.7246932515337423 0.08201261077027948 0.7270364689843217 0.081799591002045 0.7285276073619632 0.08073449216087254 0.7315098841172462 0.07988241308793456 0.7330010224948875 0.07796523517382413 0.7351312201772324 0.07583503749147921 0.7364093387866395 0.07285276073619633 0.737474437627812 0.06901840490797546 0.7381134969325154 0.06390593047034765 0.7381134969325154 0.060497614178595775 0.7381134969325154 0.05794137695978187 0.737474437627812 0.05538513974096796 0.7364093387866395 0.053254942058623043 0.734918200408998 0.05091172460804363 0.7327880027266531 0.04878152692569871 0.7308708248125427 0.04665132924335379 0.7289536468984322 0.04452113156100887 0.7276755282890253 0.042390933878663946 0.7259713701431494 0.040686775732788005 0.7240541922290389 0.038982617586912065 0.7217109747784595
1 0.13398943421949558 0.6801721199727335 0.13015507839127471 0.6750596455351057 0.12887695978186778 0.6733554873892298 0.12738582140422633 0.6720773687798228 0.12589468302658488 0.6712252897068848 0.1250426039536469 0.6690950920245399 0.12461656441717793 0.667390933878664 0.12461656441717793 0.6648346966598501 0.12461656441717793 0.6614263803680982 0.12440354464894342 0.6575920245398773 0.12419052488070893 0.6546097477845945 0.12461656441717793 0.652266530334015 0.1252556237218814 0.6494972733469666 0.12589468302658488 0.6473670756646217 0.12717280163599182 0.6443847989093389 0.12866394001363327 0.6426806407634629 0.13100715746421268 0.640976482617587 0.13377641445126107 0.6396983640081799 0.13761077027948196 0.637994205862304 0.1412321063394683 0.6371421267893661 0.1471966598500341 0.6360770279481937 0.1525221540558964 0.6356509884117246 0.15656952965235177 0.6352249488752556 0.1604038854805726 0.6352249488752556 0.16423824130879347 0.6356509884117246 0.16892467620995227 0.6367160872528971 0.17382413087934562 0.637994205862304 0.17829754601226994 0.6394853442399455 0.18191888207225632 0.6407634628493525 0.18596625766871167 0.6431066802999319 0.18937457396046353 0.6454498977505113 0.19193081117927743 0.6471540558963872 0.19427402862985685 0.6488582140422632 0.19640422631220178 0.65013633265167 0.19938650306748468 0.652266530334015 0.20087764144512613 0.6541837082481254 0.20236877982276757 0.6569529652351739 0.20322085889570554 0.6597222222222222 0.2040729379686435 0.6633435582822087 0.204285957736878 0.6663258350374915 0.20385991820040902 0.6686690524880708 0.20279481935923654 0.6714383094751194 0.2019427402862986 0.6742075664621677 0.2013036809815951 0.6765507839127471 0.20045160190865716 0.6797460804362646 0.19981254260395367 0.682941376959782 0.19917348329925016 0.6861366734832992 0.19746932515337426 0.6886929107021131 0.19491308793456033 0.6908231083844582 0.19214383094751195 0.6923142467620996 0.18894853442399456 0.6933793456032721 0.18639229720518063 0.6935923653715065 0.18319700068166328 0.6938053851397411 0.1800017041581459 0.6944444444444445 0.17808452624403548 0.6948704839809134 0.17510224948875258 0.6952965235173825 0.1714809134287662 0.6959355828220859 0.16658145875937289 0.6963616223585549 0.16189502385821405 0.696787661895024 0.15933878663940015 0.6963616223585549 0.1574216087252897 0.695509543285617 0.15529141104294478 0.6946574642126789 0.1527351738241309 0.6933793456032721 0.1495398773006135 0.6918882072256306 0.1469836400817996 0.6901840490797546 0.14336230402181324 0.6876278118609407 0.13995398773006137 0.6848585548738924 0.13654567143830948 0.682941376959782
1 0.08030845262440355 0.5847392638036811 0.0762610770279482 0.5811179277436946 0.07434389911383778 0.5792007498295841 0.0732788002726653 0.5783486707566463 0.07114860259032038 0.5768575323790048 0.06944444444444445 0.5753663940013634 0.06901840490797546 0.5730231765507839 0.06987048398091343 0.57046693933197 0.07157464212678936 0.5683367416496251 0.07455691888207226 0.5638633265167008 0.07455691888207226 0.5604550102249489 0.07455691888207226 0.557898773006135 0.07455691888207226 0.5555555555555556 0.07455691888207226 0.5523602590320382 0.07455691888207226 0.5491649625085208 0.07540899795501023 0.545756646216769 0.07668711656441718 0.5429873892297206 0.07817825494205863 0.5408571915473757 0.07988241308793456 0.5383009543285617 0.0815865712338105 0.5361707566462167 0.08329072937968644 0.5344665985003408 0.08627300613496933 0.5325494205862304 0.08925528289025222 0.5308452624403545 0.09287661895023859 0.5291411042944786 0.095219836400818 0.5282890252215406 0.09884117246080436 0.5272239263803681 0.10203646898432175 0.5265848670756647 0.1058708248125426 0.5259458077709611 0.10927914110429447 0.5257327880027267 0.11353953646898433 0.5253067484662577 0.11843899113837765 0.5248807089297887 0.12120824812542605 0.5248807089297887 0.12482958418541241 0.5248807089297887 0.1282379004771643 0.5250937286980232 0.1333503749147921 0.5265848670756647 0.13697171097477848 0.5280760054533061 0.14016700749829583 0.530206203135651 0.14314928425357873 0.5323364008179959 0.14634458077709614 0.5346796182685754 0.1495398773006135 0.5368098159509204 0.1527351738241309 0.5391530334014997 0.15529141104294478 0.5419222903885481 0.15720858895705522 0.5453306066803 0.15827368779822767 0.5483128834355829 0.15912576687116564 0.5527862985685073 0.15912576687116564 0.5576857532379005 0.15912576687116564 0.5593899113837765 0.1555044308111793 0.5698278800272666 0.15443933197000684 0.5732361963190183 0.15337423312883436 0.5757924335378324 0.1525221540558964 0.5777096114519428 0.15209611451942742 0.5794137695978188 0.15145705521472394 0.5813309475119292 0.15060497614178597 0.5838871847307431 0.1499659168370825 0.585591342876619 0.14868779822767555 0.5879345603271984 0.14762269938650308 0.5896387184730743 0.14634458077709614 0.5907038173142467 0.1442143830947512 0.5919819359236538 0.14229720518064076 0.5924079754601228 0.13995398773006137 0.5934730743012953 0.13761077027948196 0.5943251533742332 0.13505453306066803 0.5949642126789366 0.13164621676891616 0.5960293115201091 0.1278118609406953 0.5968813905930471 0.12355146557600546 0.598159509202454 0.12184730743012953 0.5987985685071575 0.11929107021131562 0.5996506475800955 0.11779993183367418 0.6000766871165645 0.11609577368779823 0.600289706884799 0.11439161554192229 0.6007157464212679 0.11183537832310839 0.6009287661895024 0.11013122017723245 0.600289706884799 0.10821404226312202 0.6000766871165645 0.10714894342194956 0.59986366734833 0.10523176550783914 0.5996506475800955 0.10139740967961827 0.598585548738923 0.09948023176550785 0.597733469665985 0.09756305385139742 0.5968813905930471 0.09628493524199047 0.5962423312883437 0.09543285616905249 0.5949642126789366 0.09500681663258351 0.5930470347648262 0.09415473755964555 0.5919819359236538 0.09181152010906612 0.5915558963871848 0.08861622358554874 0.5909168370824813 0.08648602590320383 0.5898517382413089 0.08243865030674848 0.5877215405589639
1 0.1518830947511929 0.5001704158145877 0.14890081799591 0.4961230402181323 0.1471966598500341 0.49377982276755283 0.14527948193592366 0.4905845262440355 0.1440013633265167 0.48781526925698704 0.14314928425357873 0.4844069529652352 0.14293626448534427 0.48078561690524885 0.14293626448534427 0.476951261077028 0.14336230402181324 0.47290388548057266 0.1444274028629857 0.46885650988411726 0.14634458077709614 0.4645961145194274 0.14826175869120656 0.4616138377641445 0.15124403544648946 0.45927062031356514 0.1555044308111793 0.45650136332651675 0.15955180640763464 0.4545841854124063 0.16296012269938653 0.45309304703476483 0.16572937968643492 0.4524539877300614 0.16977675528289027 0.4522409679618269 0.17361111111111113 0.4522409679618269 0.17638036809815952 0.4524539877300614 0.18064076346284935 0.4526670074982959 0.18277096114519428 0.45309304703476483 0.18554021813224267 0.4537321063394683 0.18916155419222905 0.4550102249488753 0.1927828902522154 0.45650136332651675 0.1957651670074983 0.45777948193592366 0.1981083844580777 0.4596966598500341 0.20045160190865716 0.46225289706884803 0.20236877982276757 0.4654481935923654 0.2036468984321745 0.4677914110429448 0.20513803680981596 0.46949556918882074 0.2066291751874574 0.4714127471029312 0.2076942740286299 0.4733299250170416 0.20875937286980234 0.47482106339468305 0.21067655078391276 0.4767382413087935 0.2123807089297887 0.47801635991820046 0.21387184730743014 0.47929447852760737 0.2153629856850716 0.48078561690524885 0.21706714383094755 0.4824897750511248 0.21813224267211997 0.4839809134287662 0.21919734151329245 0.4856850715746422 0.22047546012269942 0.4876022494887526 0.22111451942740287 0.489519427402863 0.22111451942740287 0.4914366053169735 0.2209014996591684 0.49420586230402186 0.22047546012269942 0.49718813905930476 0.21941036128152694 0.5003834355828222 0.21749318336741652 0.5031526925698705 0.21514996591683708 0.504217791411043 0.2123807089297887 0.505069870483981 0.21046353101567827 0.5067740286298569 0.20897239263803682 0.5084781867757328 0.2064161554192229 0.5101823449216087 0.20343387866394005 0.5114604635310157 0.2013036809815951 0.5118865030674847 0.19789536468984323 0.5129516019086572 0.19491308793456033 0.5135906612133606 0.19256987048398094 0.5140167007498296 0.18937457396046353 0.5146557600545331 0.18703135650988412 0.5148687798227676 0.18383605998636676 0.5148687798227676 0.1821319018404908 0.5148687798227676 0.17893660531697345 0.5146557600545331 0.17638036809815952 0.514229720518064 0.17084185412406272 0.5133776414451261 0.16722051806407637 0.5125255623721882 0.16572937968643492 0.5118865030674847 0.16274710293115202 0.5101823449216087 0.16189502385821405 0.5091172460804363 0.1608299250170416 0.5074130879345603 0.15827368779822767 0.505069870483981 0.15529141104294478 0.5031526925698705
1 0.42421582397003743 0.3191713483146067 0.42099719101123595 0.31419709737827717 0.41807116104868913 0.30805243445692887 0.4174859550561798 0.3060042134831461 0.4169007490636704 0.30366338951310856 0.4163155430711611 0.30102996254681647 0.41602294007490637 0.297811329588015 0.4163155430711611 0.2945926966292135 0.4171933520599251 0.2916666666666667 0.41807116104868913 0.2890332397003745 0.41924157303370785 0.285814606741573 0.4204119850187266 0.2831811797752809 0.42275280898876405 0.27937734082397003 0.42597144194756553 0.27498829588014984 0.42860486891385763 0.272940074906367 0.43182350187265917 0.27030664794007486 0.4332865168539326 0.2688436329588015 0.4365051498127341 0.26621020599250933 0.43972378277153557 0.2638693820224719 0.44294241573033705 0.2621137640449438 0.44557584269662925 0.2609433520599251 0.44850187265917607 0.25948033707865165 0.45113529962546817 0.2588951310861423 0.4537687265917603 0.25830992509363293 0.45552434456928836 0.25830992509363293 0.45903558052434457 0.25948033707865165 0.4622542134831461 0.26065074906367036 0.4651802434456929 0.26269897003745313 0.4681062734082397 0.2650397940074906 0.47015449438202245 0.2667954119850187 0.47249531835205993 0.2688436329588015 0.47483614232209737 0.27089185393258425 0.4774695692883895 0.2738178838951311 0.47863998127340823 0.27615870786516855 0.4792251872659176 0.27937734082397003 0.47834737827715357 0.2814255617977528 0.4768843632958802 0.2881554307116105 0.4760065543071161 0.291374063670412 0.47512874531835203 0.29371488764044945 0.4739583333333333 0.29664091760299627 0.4727879213483146 0.2995669475655431 0.4716175093632959 0.3019077715355805 0.4692766853932584 0.30366338951310856 0.46752106741573035 0.30512640449438205 0.4660580524344569 0.30775983146067415 0.4648876404494382 0.3103932584269663 0.4634246254681648 0.31273408239700373 0.4610838014981274 0.31448970037453183 0.45757256554307113 0.31712312734082393 0.4546465355805243 0.3191713483146067 0.4520131086142322 0.3203417602996255 0.44850187265917607 0.3229751872659176 0.4464536516853933 0.32385299625468167 0.44147940074906367 0.3247308052434457 0.4362125468164794 0.32560861423220977 0.43416432584269665 0.32590121722846443 0.43182350187265917 0.3250234082397004 0.42860486891385763 0.32385299625468167 0.4268492509363296 0.32268258426966295
1 0.3045411985018726 0.14331694756554303 0.2975187265917603 0.13746488764044942 0.29634831460674155 0.13512406367041194 0.29547050561797755 0.13219803370786515 0.2945926966292135 0.13014981273408238 0.29430009363295884 0.12722378277153557 0.2940074906367041 0.12371254681647939 0.29371488764044945 0.12020131086142322 0.29371488764044945 0.11581226591760299 0.2940074906367041 0.1073267790262172 0.2957631086142322 0.10381554307116105 0.297811329588015 0.10088951310861423 0.29985955056179775 0.0994264981273408 0.30278558052434457 0.096500468164794 0.3054190074906367 0.09415964419475654 0.30775983146067415 0.09211142322097378 0.31010065543071164 0.08977059925093632 0.3130266853932584 0.08830758426966291 0.3165379213483146 0.08625936329588013 0.32004915730337075 0.08421114232209738 0.3232677902621723 0.08304073033707864 0.32648642322097376 0.08245552434456928 0.32999765917602997 0.0821629213483146 0.33321629213483145 0.0821629213483146 0.33731273408239704 0.08274812734082396 0.3393609550561798 0.08304073033707864 0.34287219101123595 0.08391853932584267 0.34726123595505615 0.08479634831460674 0.34960205992509363 0.0853815543071161 0.3534058988764045 0.08596676029962545 0.3563319288389513 0.08713717228464418 0.3595505617977528 0.08947799625468164 0.36101357677902624 0.09298923220973782 0.36101357677902624 0.09591526217228462 0.36101357677902624 0.09854868913857677 0.3607209737827715 0.10176732209737827 0.36042837078651685 0.10352294007490635 0.36042837078651685 0.10557116104868913 0.36042837078651685 0.10820458801498127 0.3601357677902622 0.11054541198501872 0.35925795880149813 0.11405664794007489 0.3583801498127341 0.11786048689138576 0.3569171348314607 0.1204939138576779 0.3551615168539326 0.12312734082397002 0.3534058988764045 0.12751638576779026 0.35165028089887646 0.12927200374531833 0.34901685393258425 0.13190543071161048 0.3452130149812734 0.13570926966292132 0.34111657303370785 0.13863529962546814 0.33702013108614237 0.1406835205992509 0.33497191011235955 0.14126872659176026 0.3323384831460674 0.14185393258426962 0.3291198501872659 0.14302434456928836 0.32590121722846443 0.14419475655430708 0.32268258426966295 0.14477996254681644 0.31858614232209737 0.14536516853932582 0.31566011235955055 0.14565777153558052 0.3133192883895131 0.14565777153558052 0.3109784644194757 0.14565777153558052
1 0.3914442883895131 0.14126872659176026 0.3914442883895131 0.13483146067415727 0.39232209737827717 0.1313202247191011 0.39319990636704116 0.12810159176029962 0.3940777153558052 0.1251755617977528 0.39554073033707865 0.12254213483146066 0.3978815543071161 0.11990870786516854 0.40051498127340823 0.1187382958801498 0.4031484082397004 0.11786048689138576 0.40519662921348315 0.11639747191011235 0.40841526217228463 0.11493445692883893 0.41134129213483145 0.11376404494382021 0.4136821161048689 0.11317883895131085 0.41543773408239704 0.11259363295880148 0.41836376404494385 0.1123010299625468 0.4212897940074906 0.11113061797752807 0.4236306179775281 0.10996020599250934 0.4268492509363296 0.10878979400749063 0.4294826779026217 0.10908239700374531 0.43240870786516855 0.11025280898876402 0.4350421348314607 0.11113061797752807 0.43913857677902624 0.11347144194756553 0.44177200374531833 0.11464185393258425 0.44352762172284643 0.11522705992509362 0.4452832397003745 0.11551966292134831 0.44703885767790263 0.11610486891385767 0.44850187265917607 0.1169826779026217 0.44937968164794007 0.11844569288389512 0.4502574906367041 0.1204939138576779 0.4508426966292135 0.12224953183520598 0.4520131086142322 0.12429775280898875 0.45318352059925093 0.1266385767790262 0.454061329588015 0.12956460674157302 0.45435393258426965 0.13249063670411984 0.45435393258426965 0.13629447565543068 0.454061329588015 0.13892790262172283 0.4523057116104869 0.14273174157303367 0.45142790262172283 0.14565777153558052 0.4461610486891386 0.15092462546816476 0.43562734082397003 0.15941011235955052 0.4321161048689139 0.16145833333333331 0.4300678838951311 0.16233614232209737 0.4274344569288389 0.16438436329588013 0.42392322097378277 0.1658473782771535 0.42099719101123595 0.16701779026217226 0.41777855805243447 0.1676029962546816 0.4142673220973783 0.1676029962546816 0.4104634831460674 0.16701779026217226 0.40783005617977525 0.1661399812734082 0.40578183520599254 0.1649695692883895 0.4031484082397004 0.1632139513108614 0.40080758426966295 0.16145833333333331 0.3972963483146067 0.15765449438202245 0.3946629213483146 0.15355805243445692 0.39261470037453183 0.14975421348314605 0.3914442883895131 0.14565777153558052
1 0.07689606741573032 0.09620786516853932 0.07338483146067415 0.09415964419475654 0.07075140449438201 0.08801498127340822 0.06958099250936328 0.08567415730337077 0.06841058052434455 0.08304073033707864 0.0675327715355805 0.08011470037453182 0.06694756554307114 0.07660346441947564 0.06665496254681647 0.0722144194756554 0.06665496254681647 0.06841058052434455 0.0675327715355805 0.06489934456928838 0.06870318352059925 0.06197331460674156 0.06958099250936328 0.059047284644194745 0.07104400749063669 0.05553604868913856 0.07250702247191011 0.05143960674157302 0.07397003745318351 0.048806179775280886 0.0757256554307116 0.04763576779026216 0.07777387640449437 0.04588014981273407 0.08069990636704119 0.042661516853932574 0.08274812734082396 0.041491104868913845 0.08479634831460674 0.0406132958801498 0.08918539325842696 0.04032069288389512 0.09181882022471909 0.04032069288389512 0.09503745318352058 0.0406132958801498 0.09767088014981272 0.04090589887640449 0.10088951310861423 0.04090589887640449 0.10469335205992508 0.04353932584269662 0.10498595505617976 0.045294943820224705 0.10586376404494381 0.04763576779026216 0.10820458801498127 0.05056179775280898 0.10996020599250934 0.0517322097378277 0.11054541198501872 0.05348782771535579 0.11171582397003745 0.05670646067415729 0.1123010299625468 0.059925093632958795 0.1123010299625468 0.06343632958801497 0.11259363295880148 0.06724016853932582 0.11259363295880148 0.07192181647940073 0.1123010299625468 0.07660346441947564 0.11171582397003745 0.07952949438202246 0.11113061797752807 0.08304073033707864 0.11025280898876402 0.08625936329588013 0.10878979400749063 0.08918539325842696 0.10761938202247189 0.09152621722846441 0.10586376404494381 0.09415964419475654 0.10381554307116105 0.09620786516853932 0.10205992509363294 0.0979634831460674 0.10030430711610486 0.09971910112359549 0.0979634831460674 0.10088951310861423 0.09533005617977526 0.10118211610486891 0.09152621722846441 0.10118211610486891 0.08713717228464418 0.10059691011235954 0.08333333333333331 0.10059691011235954 0.08040730337078651 0.10001170411985018
1 0.18457397003745316 0.041491104868913845 0.17989232209737824 0.03797986891385766 0.17813670411985016 0.03651685393258426 0.17608848314606737 0.0341760299625468 0.1743328651685393 0.03212780898876403 0.17316245318352055 0.030079588014981264 0.17199204119850184 0.026568352059925082 0.17111423220973782 0.0230571161048689 0.17052902621722843 0.020131086142322084 0.16994382022471907 0.015449438202247177 0.16994382022471907 0.011645599250936315 0.1696512172284644 0.00696395131086141 0.17082162921348312 0.0028675093632958668 0.17199204119850184 0.00023408239700373204 0.22261235955056174 0.00023408239700373204 0.22349016853932582 0.001989700374531822 0.22466058052434454 0.0037453183520599117 0.2252457865168539 0.006378745318352046 0.2255383895131086 0.010767790262172271 0.2255383895131086 0.013693820224719088 0.22436797752808987 0.017497659176029953 0.22290496254681644 0.02071629213483145 0.22144194756554303 0.023934925093632944 0.21968632958801496 0.027153558052434447 0.21822331460674155 0.029786985018726578 0.21646769662921347 0.032420411985018716 0.21383426966292132 0.03563904494382021 0.21149344569288386 0.03827247191011234 0.20886001872659174 0.040028089887640436 0.2062265917602996 0.04207631086142321 0.2027153558052434 0.043831928838951296 0.2000819288389513 0.045294943820224705 0.19686329588014978 0.04588014981273407 0.1933520599250936 0.04588014981273407 0.18837780898876402 0.04470973782771535
1 0.027446161048689126 0.0008192883895130952 0.028616573033707852 0.0034527153558052298 0.028616573033707852 0.0055009363295880015 0.028031367041198487 0.008134363295880137 0.026568352059925082 0.011352996254681634 0.02452013108614231 0.013401217228464405 0.0230571161048689 0.014864232209737814 0.02071629213483145 0.017497659176029953 0.018375468164793997 0.019838483146067405 0.01603464419475654 0.021886704119850175 0.013108614232209723 0.02481273408239699 0.010767790262172271 0.026568352059925082 0.0087195692883895 0.028323970037453173 0.005793539325842683 0.030079588014981264 0.0031601123595505483 0.03124999999999999 0.0005266853932584137 0.03212780898876403 0.00023461440245146786 0.0
1 0.5474016853932583 0.3019077715355805 0.5485720973782772 0.2928370786516854 0.5488647003745317 0.2887406367041198 0.5491573033707865 0.28522940074906367 0.5497425093632958 0.28171816479400746 0.5512055243445693 0.277621722846442 0.5526685393258427 0.27352528089887646 0.5547167602996254 0.2705992509363296 0.5561797752808988 0.2667954119850187 0.5579353932584269 0.2638693820224719 0.5599836142322097 0.2609433520599251 0.5617392322097378 0.2586025280898876 0.5643726591760299 0.25596910112359544 0.566128277153558 0.25509129213483145 0.5693469101123595 0.25450608614232206 0.5722729400749064 0.2542134831460674 0.5757841760299625 0.25392088014981273 0.5792954119850187 0.25392088014981273 0.5851474719101123 0.2542134831460674 0.5877808988764045 0.25479868913857673 0.5924625468164794 0.25626170411985016 0.5950959737827716 0.2574321161048689 0.5971441947565542 0.25948033707865165 0.5997776217228464 0.2632841760299625 0.6003628277153558 0.26650280898876405 0.6012406367041198 0.26972144194756553 0.6015332397003745 0.2738178838951311 0.6015332397003745 0.2782069288389513 0.6012406367041198 0.28230337078651685 0.6009480337078651 0.285814606741573 0.6003628277153558 0.28932584269662925 0.600070224719101 0.29312968164794007 0.600070224719101 0.2972261235955056 0.5997776217228464 0.3001521535580524 0.598314606741573 0.3033707865168539 0.597436797752809 0.30688202247191015 0.5962663857677902 0.31068586142322097 0.5950959737827716 0.3130266853932584 0.5933403558052434 0.3159527153558052 0.5909995318352059 0.31887874531835203 0.5883661048689138 0.32209737827715357 0.5857326779026216 0.324438202247191 0.5830992509363295 0.3273642322097378 0.5787102059925093 0.33467930711610483 0.5763693820224719 0.3355571161048689 0.5740285580524344 0.33584971910112354 0.5708099250936328 0.3361423220973783 0.5658356741573034 0.3355571161048689 0.5620318352059924 0.33467930711610483 0.5593984082397002 0.3338014981273408 0.5564723782771535 0.331753277153558 0.553253745318352 0.32853464419475653 0.5509129213483146 0.32560861423220977 0.5494499063670412 0.3232677902621723 0.5482794943820224 0.3191713483146067 0.5476942883895131 0.31448970037453183 0.5474016853932583 0.30951544943820225 0.5471090823970037 0.3048338014981274 0.5471090823970037 0.3048338014981274
1 0.6732209737827716 0.3147823033707865 0.6702949438202246 0.30805243445692887 0.6691245318352059 0.3057116104868914 0.6679541198501872 0.30307818352059923 0.6667837078651684 0.30102996254681647 0.6659058988764045 0.2989817415730337 0.6647354868913857 0.2957631086142322 0.663565074906367 0.29254447565543074 0.662687265917603 0.2896184456928839 0.6621020599250935 0.28727762172284643 0.661809456928839 0.28347378277153557 0.661809456928839 0.2799625468164794 0.6615168539325842 0.2770365168539326 0.661809456928839 0.2738178838951311 0.663565074906367 0.26913623595505615 0.6653206928838951 0.2667954119850187 0.6688319288389513 0.26416198501872656 0.6720505617977527 0.26269897003745313 0.6746839887640449 0.2615285580524344 0.678195224719101 0.26006554307116103 0.6805360486891385 0.25948033707865165 0.681999063670412 0.25948033707865165 0.6852176966292134 0.2603581460674157 0.6884363295880149 0.2609433520599251 0.690191947565543 0.26182116104868913 0.6931179775280898 0.2638693820224719 0.6954588014981272 0.26591760299625467 0.6975070224719101 0.26972144194756553 0.6980922284644194 0.2717696629213483 0.6983848314606741 0.2752808988764045 0.6992626404494382 0.2770365168539326 0.7010182584269662 0.2796699438202247 0.7018960674157302 0.28288857677902624 0.7027738764044943 0.2875702247191011 0.7033590823970037 0.2916666666666667 0.7036516853932583 0.2957631086142322 0.7036516853932583 0.2995669475655431 0.7033590823970037 0.3045411985018726 0.7024812734082396 0.30834503745318353 0.7004330524344569 0.31127106741573035 0.6983848314606741 0.3147823033707865 0.6963366104868913 0.31712312734082393 0.6951661985018727 0.31887874531835203 0.6922401685393258 0.3203417602996255 0.689314138576779 0.32092696629213485 0.6852176966292134 0.32092696629213485 0.681999063670412 0.3203417602996255 0.6779026217228464 0.3182935393258427
1 0.7902621722846441 0.30366338951310856 0.7870435393258427 0.2983965355805243 0.7858731273408239 0.29547050561797755 0.7847027153558053 0.291374063670412 0.7838249063670412 0.28727762172284643 0.7835323033707865 0.2831811797752809 0.7835323033707865 0.27908473782771537 0.7835323033707865 0.2752808988764045 0.7835323033707865 0.2711844569288389 0.7841175093632958 0.26796582397003743 0.7861657303370786 0.26562499999999994 0.7879213483146067 0.2638693820224719 0.7908473782771535 0.2615285580524344 0.794066011235955 0.26006554307116103 0.7972846441947564 0.259187734082397 0.8007958801498127 0.2574321161048689 0.8025514981273408 0.25596910112359544 0.8054775280898876 0.25333567415730335 0.807818352059925 0.2509948501872659 0.8095739700374531 0.2501170411985018 0.8116221910112359 0.24953183520599248 0.8133778089887639 0.24953183520599248 0.8154260299625468 0.25040964419475653 0.8174742509363295 0.25216526217228463 0.8201076779026216 0.25392088014981273 0.8227411048689138 0.2556764981273408 0.8259597378277153 0.2568469101123595 0.8283005617977527 0.2580173220973782 0.8312265917602996 0.2609433520599251 0.832689606741573 0.2635767790262172 0.8341526217228464 0.26621020599250933 0.8359082397003745 0.27030664794007486 0.8373712546816479 0.2741104868913858 0.838249063670412 0.27732911985018727 0.839126872659176 0.28054775280898875 0.8397120786516853 0.28347378277153557 0.8402972846441946 0.2863998127340824 0.8408824906367041 0.2910814606741573 0.8411750936329587 0.2957631086142322 0.8408824906367041 0.3001521535580524 0.8402972846441946 0.3039559925093633 0.8394194756554306 0.3060042134831461 0.838249063670412 0.30805243445692887 0.8367860486891385 0.31010065543071164 0.8353230337078651 0.3118562734082397 0.8338600187265917 0.3133192883895131 0.831811797752809 0.31507490636704116 0.8300561797752809 0.31712312734082393 0.8274227528089887 0.32004915730337075 0.8253745318352059 0.32151217228464424 0.8227411048689138 0.32209737827715357 0.8183520599250935 0.32209737827715357 0.8130852059925093 0.32092696629213485 0.807818352059925 0.3191713483146067 0.8040145131086142 0.31683052434456926 0.8002106741573034 0.31448970037453183 0.7969920411985018 0.31244147940074907 0.7934808052434457 0.30951544943820225 0.7911399812734082 0.30688202247191015
1 0.8402972846441946 0.37622893258426965 0.845564138576779 0.37066947565543074 0.8481975655430711 0.3677434456928839 0.8549274344569288 0.36335440074906367 0.8578534644194756 0.36189138576779023 0.8619499063670412 0.3607209737827715 0.8651685393258427 0.35984316479400746 0.8686797752808988 0.35925795880149813 0.8724836142322097 0.3583801498127341 0.8759948501872658 0.3577949438202247 0.8789208801498127 0.35720973782771537 0.8827247191011235 0.356624531835206 0.885943352059925 0.356624531835206 0.8900397940074906 0.3569171348314607 0.8935510299625468 0.3580875468164794 0.9026217228464419 0.3607209737827715 0.907010767790262 0.3651100187265917 0.9096441947565542 0.3683286516853933 0.9122776217228464 0.37183988764044945 0.9143258426966291 0.37505852059925093 0.916374063670412 0.37915496254681647 0.917251872659176 0.3826661985018726 0.9181296816479401 0.3879330524344569 0.9190074906367041 0.3934925093632959 0.9187148876404494 0.39700374531835203 0.9178370786516853 0.3999297752808989 0.9157888576779025 0.40402621722846443 0.9140332397003745 0.4075374531835206 0.9119850187265917 0.41017088014981273 0.9096441947565542 0.41280430711610483 0.9073033707865168 0.41543773408239704 0.9049625468164794 0.4189489700374532 0.9032069288389513 0.4212897940074906 0.9011587078651684 0.4236306179775281 0.8996956928838951 0.42538623595505615 0.8973548689138576 0.42714185393258425 0.8953066479400749 0.42889747191011235 0.8926732209737828 0.43094569288389517 0.8891619850187265 0.43357911985018727 0.8865285580524344 0.43533473782771537 0.8850655430711609 0.43679775280898875 0.8836025280898876 0.43796816479400746 0.8809691011235954 0.44030898876404495 0.8762874531835205 0.4432350187265917 0.8742392322097378 0.4438202247191011 0.8710205992509363 0.4438202247191011 0.8672167602996254 0.44294241573033705 0.8610720973782772 0.4406015917602996 0.8566830524344569 0.4382607677902622 0.8546348314606741 0.434749531835206 0.8522940074906367 0.43182350187265917 0.8505383895131086 0.4294826779026217 0.8479049625468165 0.42655664794007486 0.8449789325842697 0.4233380149812734 0.8411750936329587 0.41836376404494385 0.839126872659176 0.4151451310861423 0.8379564606741572 0.4119264981273408 0.8370786516853932 0.40812265917602997 0.8362008426966291 0.40519662921348315 0.8356156367041198 0.40227059925093633 0.8350304307116104 0.3978815543071161 0.834445224719101 0.3934925093632959 0.834445224719101 0.39085908239700373 0.8350304307116104 0.3873478464419476 0.8362008426966291 0.3835440074906367 0.8376638576779026 0.38091058052434457
1 0.6907771535580524 0.369499063670412 0.6925327715355805 0.36745084269662925 0.6972144194756553 0.3613061797752809 0.7004330524344569 0.3583801498127341 0.7036516853932583 0.35574672284644193 0.7065777153558053 0.3534058988764045 0.7089185393258427 0.3519428838951311 0.7112593632958801 0.35077247191011235 0.7138927902621722 0.34960205992509363 0.716818820224719 0.3493094569288389 0.7191596441947564 0.3493094569288389 0.722378277153558 0.34960205992509363 0.7258895131086142 0.35077247191011235 0.7294007490636704 0.3522354868913858 0.7329119850187265 0.3539911048689139 0.7355454119850187 0.3563319288389513 0.7381788389513109 0.35925795880149813 0.739934456928839 0.36159878277153557 0.7419826779026216 0.36540262172284643 0.7428604868913857 0.36862125468164797 0.7431530898876404 0.37301029962546817 0.7434456928838951 0.3776919475655431 0.7434456928838951 0.38178838951310856 0.7428604868913857 0.38617743445692887 0.741690074906367 0.3917368913857678 0.7396418539325842 0.3964185393258427 0.7384714419475654 0.40051498127340823 0.7375936329588014 0.40373361423220977 0.7367158239700374 0.4072448501872659 0.7358380149812734 0.41075608614232206 0.7343749999999999 0.41309691011235955 0.7311563670411984 0.4157303370786517 0.7291081460674157 0.4174859550561798 0.7253043071161048 0.41807116104868913 0.7217930711610486 0.4189489700374532 0.7194522471910112 0.4207045880149813 0.7165262172284643 0.42099719101123595 0.7124297752808988 0.4212897940074906 0.7068703183520598 0.42158239700374533 0.7013108614232209 0.4204119850187266 0.696629213483146 0.4186563670411985 0.6925327715355805 0.41485252808988765 0.689314138576779 0.4116338951310861 0.6866807116104868 0.4075374531835206 0.6852176966292134 0.40344101123595505 0.6846324906367041 0.3972963483146067 0.6849250936329587 0.39261470037453183 0.6852176966292134 0.38881086142322097 0.6855102996254681 0.3841292134831461 0.6858029026217227 0.37944756554307113 0.6869733146067415 0.37476591760299627
1 0.611189138576779 0.4394311797752809 0.6091409176029962 0.434749531835206 0.6088483146067415 0.43240870786516855 0.6088483146067415 0.42889747191011235 0.6094335205992508 0.4250936329588015 0.6100187265917602 0.42158239700374533 0.6108965355805243 0.4186563670411985 0.611189138576779 0.41660814606741575 0.6126521535580524 0.4142673220973783 0.6164559925093632 0.41075608614232206 0.6190894194756553 0.4087078651685393 0.6214302434456928 0.40695224719101125 0.6243562734082396 0.40578183520599254 0.6275749063670412 0.4049040262172285 0.6310861423220973 0.4049040262172285 0.6337195692883895 0.40461142322097376 0.6395716292134831 0.40227059925093633 0.6439606741573034 0.40080758426966295 0.6477645131086142 0.40051498127340823 0.651568352059925 0.40022237827715357 0.6544943820224719 0.40051498127340823 0.6571278089887639 0.40197799625468167 0.6591760299625468 0.4031484082397004 0.6606390449438202 0.40519662921348315 0.6623946629213483 0.4075374531835206 0.6647354868913857 0.4110486891385768 0.6667837078651684 0.4151451310861423 0.6685393258426965 0.41924157303370785 0.6697097378277153 0.4224602059925094 0.6705875468164794 0.42597144194756553 0.6711727528089887 0.4300678838951311 0.671757958801498 0.43416432584269665 0.672635767790262 0.44001638576779023 0.6729283707865168 0.44177200374531833 0.6732209737827716 0.44352762172284643 0.6735135767790261 0.44557584269662925 0.6735135767790261 0.4479166666666667 0.6729283707865168 0.45142790262172283 0.671757958801498 0.45318352059925093 0.6694171348314606 0.454061329588015 0.6673689138576778 0.45493913857677903 0.6650280898876404 0.4564021535580524 0.6629798689138576 0.4578651685393258 0.6612242509363295 0.45874297752808985 0.6594686329588014 0.4602059925093633 0.6568352059925093 0.4619616104868914 0.6539091760299625 0.46430243445692887 0.6503979400749064 0.4660580524344569 0.6465941011235954 0.4666432584269663 0.6419124531835205 0.4660580524344569 0.6345973782771535 0.46430243445692887 0.6325491573033708 0.46313202247191015 0.6305009363295879 0.4616690074906367 0.6290379213483146 0.4607911985018726 0.6261118913857676 0.45874297752808985 0.624063670411985 0.4566947565543071 0.6220154494382022 0.45493913857677903 0.6202598314606741 0.45435393258426965 0.618504213483146 0.4537687265917603 0.6161633895131086 0.45318352059925093 0.6126521535580524 0.45172050561797755 0.6108965355805243 0.44996488764044945 0.6108965355805243 0.44703885767790263 0.6108965355805243 0.4449906367041198
1 0.6907771535580524 0.5632022471910112 0.6878511235955056 0.560568820224719 0.6858029026217227 0.5579353932584269 0.6840472846441946 0.5553019662921348 0.681999063670412 0.5523759363295879 0.6805360486891385 0.5500351123595505 0.6790730337078651 0.5474016853932583 0.6779026217228464 0.5450608614232209 0.6773174157303371 0.5430126404494382 0.6767322097378277 0.540379213483146 0.676439606741573 0.5380383895131086 0.676439606741573 0.5354049625468165 0.6767322097378277 0.533064138576779 0.6770248127340823 0.5307233146067415 0.6776100187265917 0.5286750936329587 0.6793656367041198 0.5251638576779026 0.6805360486891385 0.5228230337078652 0.6831694756554306 0.5196044007490637 0.6866807116104868 0.5152153558052435 0.6887289325842697 0.5128745318352059 0.6907771535580524 0.5108263108614232 0.6934105805243446 0.5087780898876404 0.6963366104868913 0.506437265917603 0.6986774344569288 0.5052668539325843 0.7018960674157302 0.5023408239700374 0.7068703183520598 0.5017556179775281 0.710381554307116 0.5005852059925093 0.7124297752808988 0.4994147940074906 0.7150632022471909 0.4988295880149813 0.7176966292134831 0.4985369850187266 0.7203300561797753 0.4985369850187266 0.7226708801498127 0.49912219101123595 0.7258895131086142 0.5005852059925093 0.7282303370786516 0.5020482209737828 0.7294007490636704 0.5029260299625469 0.7308637640449438 0.5049742509363296 0.7323267790262171 0.5073150749063671 0.7337897940074906 0.5096558988764045 0.7349602059925093 0.5128745318352059 0.7364232209737828 0.5178487827715356 0.7373010299625468 0.5216526217228464 0.7373010299625468 0.5254564606741573 0.7367158239700374 0.5298455056179775 0.736130617977528 0.5348197565543071 0.7349602059925093 0.5386235955056179 0.7334971910112359 0.5418422284644194 0.7314489700374531 0.5456460674157302 0.729693352059925 0.5491573033707865 0.7279377340823969 0.5514981273408239 0.7255969101123595 0.554131554307116 0.7229634831460673 0.5564723782771535 0.721500468164794 0.5573501872659176 0.7194522471910112 0.5591058052434457 0.7171114232209738 0.5602762172284643 0.7121371722846441 0.5632022471910112 0.7086259363295879 0.5643726591760299 0.7045294943820224 0.5658356741573034 0.7027738764044943 0.5658356741573034 0.6969218164794007 0.566128277153558 0.6939957865168539 0.566128277153558
1 0.8511235955056179 0.6085557116104868 0.8490753745318351 0.6044592696629213 0.8484901685393258 0.600070224719101 0.8484901685393258 0.5968515917602996 0.8499531835205991 0.5933403558052434 0.852001404494382 0.5895365168539325 0.8531718164794007 0.5869030898876404 0.8543422284644194 0.5848548689138576 0.8563904494382021 0.5822214419475654 0.858438670411985 0.5804658239700374 0.8604868913857676 0.5781249999999999 0.8622425093632958 0.5763693820224719 0.8645833333333333 0.5746137640449438 0.8672167602996254 0.5725655430711609 0.8695575842696628 0.5705173220973783 0.8716058052434457 0.5687617041198502 0.8745318352059924 0.5658356741573034 0.877750468164794 0.5632022471910112 0.8812617041198502 0.5608614232209738 0.8844803370786516 0.5593984082397002 0.8876989700374531 0.5585205992509363 0.8915028089887639 0.5576427902621722 0.8967696629213483 0.5573501872659176 0.900573501872659 0.5573501872659176 0.9049625468164794 0.5588132022471909 0.9093515917602996 0.560568820224719 0.9128628277153558 0.5623244382022471 0.9160814606741572 0.5649578651685393 0.9190074906367041 0.5690543071161048 0.9198852996254681 0.5754915730337078 0.9198852996254681 0.5787102059925093 0.9193000936329587 0.585440074906367 0.9184222846441946 0.5895365168539325 0.9178370786516853 0.5927551498127339 0.917251872659176 0.5959737827715356 0.916374063670412 0.5991924157303371 0.9134480337078651 0.6027036516853932 0.9111072097378277 0.6050444756554306 0.9087663857677902 0.6070926966292134 0.9046699438202246 0.6094335205992508 0.9014513108614232 0.6114817415730336 0.8991104868913857 0.6129447565543071 0.897062265917603 0.6138225655430711 0.8941362359550561 0.6155781835205991 0.8912102059925093 0.6173338014981272 0.8876989700374531 0.6190894194756553 0.8841877340823969 0.6202598314606741 0.8812617041198502 0.6202598314606741 0.8780430711610486 0.6199672284644194 0.873068820224719 0.6193820224719101 0.8695575842696628 0.6193820224719101 0.8669241573033708 0.6196746254681647 0.8654611423220973 0.6196746254681647 0.8631203183520598 0.618504213483146 0.8607794943820224 0.6173338014981272 0.858438670411985 0.6158707865168539 0.8555126404494382 0.6141151685393258 0.8525866104868913 0.611189138576779
1 0.9014513108614232 0.7255969101123595 0.9017439138576778 0.7185744382022471 0.9017439138576778 0.7147705992509363 0.9014513108614232 0.7124297752808988 0.9017439138576778 0.709503745318352 0.9029143258426965 0.7056999063670412 0.9046699438202246 0.703066479400749 0.906132958801498 0.7010182584269662 0.9081811797752809 0.6986774344569288 0.9105220037453183 0.695751404494382 0.912570224719101 0.6934105805243446 0.9152036516853932 0.6907771535580524 0.9187148876404494 0.6872659176029962 0.9216409176029962 0.6849250936329587 0.9239817415730336 0.6834620786516853 0.9274929775280898 0.6811212546816479 0.9298338014981272 0.6799508426966291 0.9321746254681647 0.6793656367041198 0.9351006554307115 0.6790730337078651 0.9380266853932583 0.6787804307116104 0.9412453183520598 0.6793656367041198 0.9459269662921347 0.681999063670412 0.9494382022471909 0.6869733146067415 0.9500234082397002 0.6887289325842697 0.951193820224719 0.6916549625468165 0.9523642322097378 0.6948735955056179 0.9529494382022471 0.6977996254681647 0.9535346441947564 0.7007256554307115 0.9535346441947564 0.7039442883895131 0.9526568352059924 0.7074555243445693 0.9517790262172283 0.7092111423220973 0.950316011235955 0.7109667602996254 0.9494382022471909 0.7133075842696628 0.9488529962546816 0.7162336142322097 0.9482677902621722 0.7185744382022471 0.9473899812734082 0.7209152621722846 0.9465121722846441 0.7232560861423221 0.9444639513108614 0.7264747191011235 0.9415379213483146 0.729693352059925 0.9394897003745317 0.7317415730337078 0.936563670411985 0.7340823970037452 0.9345154494382021 0.7349602059925093 0.9327598314606741 0.7352528089887639 0.930126404494382 0.7364232209737828 0.9283707865168539 0.7367158239700374 0.924566947565543 0.7373010299625468 0.9222261235955056 0.7375936329588014 0.9175444756554306 0.7375936329588014 0.9137406367041198 0.7367158239700374 0.9096441947565542 0.7352528089887639 0.906132958801498 0.7329119850187265 0.9023291198501872 0.7288155430711609
1 0.5807584269662921 0.9222261235955056 0.5763693820224719 0.9169592696629213 0.574321161048689 0.9152036516853932 0.5725655430711609 0.9128628277153558 0.5711025280898876 0.9102294007490636 0.5699321161048689 0.9064255617977527 0.5690543071161048 0.9032069288389513 0.5687617041198502 0.900573501872659 0.5678838951310861 0.897940074906367 0.5670060861423221 0.8944288389513109 0.5667134831460673 0.892380617977528 0.5667134831460673 0.8891619850187265 0.5667134831460673 0.886821161048689 0.5670060861423221 0.8824321161048688 0.5684691011235954 0.8765800561797753 0.5696395131086142 0.8733614232209738 0.5722729400749064 0.8686797752808988 0.5749063670411984 0.8654611423220973 0.5784176029962546 0.8616573033707865 0.5816362359550561 0.8601942883895131 0.5851474719101123 0.859316479400749 0.5892439138576778 0.8581460674157302 0.5930477528089887 0.8578534644194756 0.5953885767790261 0.8578534644194756 0.598314606741573 0.858438670411985 0.6015332397003745 0.859316479400749 0.6053370786516853 0.8596090823970037 0.6088483146067415 0.8599016853932583 0.6114817415730336 0.8604868913857676 0.6147003745318352 0.8616573033707865 0.6179190074906367 0.8639981273408239 0.6202598314606741 0.8660463483146067 0.6226006554307115 0.8678019662921347 0.6252340823970037 0.8701427902621722 0.6278675093632958 0.872191011235955 0.6305009363295879 0.8751170411985018 0.6328417602996254 0.8795060861423221 0.6348899812734082 0.8836025280898876 0.6363529962546816 0.8874063670411984 0.6369382022471909 0.8920880149812734 0.637816011235955 0.8964770599250935 0.638693820224719 0.9014513108614232 0.6384012172284643 0.9067181647940075 0.6369382022471909 0.910814606741573 0.6354751872659176 0.9143258426966291 0.6343047752808988 0.9181296816479401 0.6331343632958801 0.9219335205992508 0.632256554307116 0.9239817415730336 0.631378745318352 0.9266151685393258 0.6296231273408239 0.9292485955056179 0.6264044943820224 0.9315894194756553 0.6231858614232209 0.9330524344569288 0.6182116104868913 0.9336376404494382 0.6114817415730336 0.9336376404494382 0.6070926966292134 0.9336376404494382 0.6027036516853932 0.9324672284644194 0.5977294007490636 0.931004213483146 0.5924625468164794 0.9289559925093632 0.5869030898876404 0.9269077715355805
1 0.7671465355805243 0.9690426029962546 0.761001872659176 0.9643609550561797 0.7577832397003745 0.9620201310861423 0.754564606741573 0.9596793071161048 0.7522237827715356 0.9564606741573034 0.749882958801498 0.9535346441947564 0.74812734082397 0.9497308052434457 0.7469569288389513 0.9462195692883895 0.7460791198501872 0.9427083333333333 0.7454939138576778 0.937441479400749 0.7449087078651684 0.9324672284644194 0.7446161048689138 0.9274929775280898 0.7452013108614232 0.923689138576779 0.7457865168539325 0.9201779026217227 0.7469569288389513 0.9157888576779025 0.74812734082397 0.9116924157303371 0.749882958801498 0.9075959737827716 0.7513459737827716 0.9055477528089887 0.7548572097378277 0.9034995318352059 0.7586610486891385 0.9017439138576778 0.7627574906367041 0.9002808988764045 0.7686095505617977 0.8994030898876404 0.773876404494382 0.8994030898876404 0.7762172284644194 0.8994030898876404 0.7794358614232209 0.900573501872659 0.7814840823970037 0.9017439138576778 0.7838249063670412 0.9034995318352059 0.7867509363295879 0.9058403558052434 0.7890917602996254 0.9087663857677902 0.7911399812734082 0.9122776217228464 0.7926029962546816 0.9149110486891385 0.7943586142322097 0.9175444756554306 0.7961142322097378 0.920763108614232 0.7978698501872658 0.9239817415730336 0.799625468164794 0.9274929775280898 0.8010884831460673 0.9324672284644194 0.8019662921348314 0.937441479400749 0.8022588951310861 0.9415379213483146 0.8025514981273408 0.9453417602996254 0.8025514981273408 0.9488529962546816 0.8022588951310861 0.9517790262172283 0.8019662921348314 0.955875468164794 0.8010884831460673 0.9602645131086142 0.7987476591760299 0.9643609550561797 0.7966994382022471 0.9672869850187265 0.7934808052434457 0.9699204119850187 0.7902621722846441 0.9716760299625468 0.7858731273408239 0.9728464419475654 0.7820692883895131 0.9737242509363295 0.7773876404494382 0.9740168539325842 0.7724133895131086 0.9737242509363295 0.7706577715355805 0.9728464419475654
1 0.5272120786516854 0.9924508426966291 0.5301381086142322 0.9898174157303371 0.5345271535580524 0.985135767790262 0.5371605805243446 0.9827949438202246 0.5400866104868913 0.9813319288389513 0.5424274344569288 0.9801615168539325 0.5462312734082396 0.9789911048689138 0.5494499063670412 0.9778206928838951 0.5517907303370786 0.9778206928838951 0.5558871722846441 0.9772354868913857 0.5582279962546816 0.9772354868913857 0.5637874531835205 0.9772354868913857 0.5675912921348314 0.976942883895131 0.5699321161048689 0.976942883895131 0.5737359550561797 0.976942883895131 0.5763693820224719 0.9772354868913857 0.5778323970037452 0.9781132958801497 0.579880617977528 0.9789911048689138 0.5816362359550561 0.9801615168539325 0.5851474719101123 0.9804541198501872 0.5874882958801497 0.9804541198501872 0.5895365168539325 0.9819171348314606 0.5912921348314606 0.9845505617977527 0.5915847378277153 0.9865987827715355 0.59187734082397 0.988939606741573 0.59187734082397 0.9912804307116104 0.59187734082397 0.9947916666666665 0.5915847378277153 0.9974250936329587 0.5910097729400747 0.9989583333333333 0.5225304307116105 0.9989583333333333 0.5225304307116105 0.9983029026217227 0.5231156367041199 0.995376872659176
0 0.6399719673802243 0.42144495412844035 0.6422018348623854 0.42909021406727826 0.6422018348623854 0.4316386340468909 0.6422018348623854 0.4335499490316004 0.642520387359837 0.4367354740061162 0.6409276248725789 0.4392838939857288 0.6383792048929664 0.4396024464831804 0.6358307849133538 0.4351427115188583 0.6332823649337411 0.4224006116207951 0.6329638124362895 0.41921508664627927 0.6329638124362895 0.4166666666666667 0.6336009174311926 0.41539245667686037 0.6351936799184507 0.4150739041794088 0.63710499490316 0.4157110091743119 0.6380606523955148 0.41825942915392456
0 0.7176987767584098 0.3841743119266055 0.7173802242609583 0.3886340468909276 0.7170616717635067 0.3915010193679918 0.7161060142711518 0.39309378185524974 0.7138761467889908 0.39468654434250766 0.7126019367991845 0.3915010193679918 0.7126019367991845 0.3889525993883792 0.7126019367991845 0.3857670744138634 0.7129204892966361 0.38353720693170235 0.7135575942915392 0.3806702344546381 0.7141946992864424 0.378440366972477 0.7157874617737003 0.37812181447502546 0.7173802242609583 0.38003312945973494
0 0.8893985728848114 0.5899592252803262 0.8788863404689093 0.5969673802242609 0.8772935779816514 0.5979230377166157 0.8744266055045872 0.599197247706422 0.8706039755351682 0.5995158002038735 0.8702854230377166 0.5972859327217125 0.8715596330275229 0.5944189602446482 0.873789500509684 0.5921890927624872 0.8769750254841998 0.5899592252803262 0.8795234454638124 0.5877293577981652 0.881434760448522 0.5864551478083588 0.8843017329255861 0.5845438328236494 0.8865316004077471 0.583269622833843 0.8893985728848114 0.5819954128440368 0.8916284403669724 0.5804026503567788 0.8944954128440368 0.5788098878695209 0.8964067278287461 0.5778542303771662 0.8989551478083588 0.5775356778797146 0.8995922528032619 0.581039755351682 0.8976809378185525 0.5839067278287461 0.8941768603465851 0.5874108053007135
0 0.0922418630751964 0.062079124579124574 0.09189113355780022 0.0768097643097643 0.09083894500561167 0.07926487093153758 0.08838383838383838 0.07926487093153758 0.08733164983164983 0.0768097643097643 0.08698092031425365 0.0750561167227834 0.08627946127946128 0.07049663299663299 0.0859287317620651 0.06663860830527497 0.0859287317620651 0.06418350168350168 0.0859287317620651 0.06137766554433221 0.0859287317620651 0.057168911335578 0.08663019079685745 0.05471380471380471 0.08838383838383838 0.05366161616161615 0.09048821548821548 0.054363075196408525 0.09154040404040403 0.058571829405162736
0 0.11889730639730639 0.5618686868686869 0.10942760942760942 0.5611672278338945 0.10697250280583613 0.5608164983164983 0.10521885521885523 0.5601150392817059 0.10416666666666667 0.5594135802469135 0.10346520763187429 0.5569584736251403 0.10451739618406285 0.5555555555555555 0.1073232323232323 0.5552048260381592 0.11153198653198652 0.5552048260381592 0.11468855218855217 0.5552048260381592 0.11819584736251403 0.5552048260381592 0.12100168350168349 0.5555555555555555 0.1252104377104377 0.5562570145903478 0.12766554433221097 0.5573092031425364 0.12871773288439953 0.5608164983164983 0.12626262626262624 0.5615179573512906
0 0.32126823793490455 0.891905162738496 0.3117985409652076 0.8947109988776655 0.3082912457912458 0.8957631874298541 0.3051346801346801 0.8964646464646464 0.29987373737373735 0.8968153759820425 0.2963664421997755 0.8971661054994388 0.29531425364758696 0.8961139169472502 0.2963664421997755 0.8936588103254769 0.29882154882154877 0.8912037037037037 0.3009259259259259 0.8890993265993266 0.3037317620650954 0.8869949494949495 0.306888327721661 0.8855920314253647 0.3103956228956229 0.8841891133557799 0.31495510662177323 0.8827861952861953 0.31776094276094274 0.8820847362514029 0.3226711560044893 0.8806818181818181 0.32652918069584735 0.8799803591470258 0.329685746352413 0.8796296296296295 0.3314393939393939 0.8813832772166105 0.33003647586980916 0.8838383838383838 0.3275813692480359 0.8876964085297417
0 0.0354543172690763 0.9924071285140561 0.03702309236947791 0.9908383534136544 0.04172941767068273 0.98644578313253 0.042984437751004016 0.9845632530120482 0.044239457831325296 0.9823669678714858 0.04486696787148594 0.9807981927710843 0.04486696787148594 0.9782881526104418 0.043298192771084335 0.9770331325301204 0.04078815261044177 0.9773468875502007 0.038278112449799194 0.9804844377510039 0.0354543172690763 0.9836219879518071 0.032944277108433735 0.9867595381526103 0.03137550200803212 0.9892695783132529 0.030747991967871483 0.9920933734939759 0.03168925702811245 0.9936621485943775
0 0.3454442771084337 0.9917796184738955 0.3482680722891566 0.988328313253012 0.35109186746987947 0.98644578313253 0.3542294176706827 0.9845632530120482 0.35673945783132527 0.9833082329317268 0.3589357429718875 0.9829944779116465 0.35862198795180716 0.98644578313253 0.3564257028112449 0.9892695783132529 0.3557981927710843 0.9917796184738955 0.3542294176706827 0.9936621485943775 0.35266064257028107 0.9952309236947791 0.3504643574297189 0.997113453815261 0.3482680722891566 0.9974272088353413 0.346699297188755 0.9977409638554217 0.3451305220883534 0.99617218875502
0 0.003451305220883534 0.8007028112449799 0.010667670682730923 0.7975652610441767 0.012863955823293171 0.7963102409638554 0.01506024096385542 0.795055220883534 0.01694277108433735 0.7938002008032128 0.019139056224899597 0.7925451807228915 0.021021586345381524 0.7903488955823292 0.023217871485943772 0.788152610441767 0.024472891566265056 0.7856425702811245 0.020707831325301202 0.7856425702811245 0.017570281124497992 0.787211345381526 0.015373995983935742 0.7890938755020079 0.013491465863453815 0.7912901606425702 0.010667670682730923 0.7938002008032128 0.008785140562248996 0.795055220883534 0.0065888554216867465 0.795996485943775 0.0031375502008032124 0.7975652610441767
0 0.2537996277915633 0.7547301488833748 0.24682071960297766 0.7531792803970223 0.2432020264681555 0.753437758478081 0.24061724565756826 0.753437758478081 0.23777398676592224 0.7529208023159637 0.23596464019851118 0.7521453680727874 0.23467224979321755 0.7505944995864351 0.23596464019851118 0.7493021091811414 0.23803246484698098 0.7482681968569066 0.24061724565756826 0.7480097187758478 0.2450113730355666 0.7480097187758478 0.24785463192721258 0.7480097187758478 0.25173180314309346 0.7480097187758478 0.2553504962779157 0.748785153019024 0.25871071133167906 0.7498190653432589 0.26155397022332505 0.7511114557485526 0.26336331679073616 0.753437758478081 0.2638802729528536 0.7562810173697271 0.26052005789909016 0.7575734077750208 0.2579352770885029 0.7562810173697271
0 0.36029259718775847 0.7826457816377171 0.3566739040529363 0.7829042597187759 0.3527967328370554 0.7831627377998346 0.34995347394540943 0.7823873035566584 0.3481441273779983 0.7816118693134821 0.34711021505376344 0.7800610008271299 0.346593258891646 0.7785101323407775 0.3476271712158809 0.7764423076923077 0.34943651778329193 0.7756668734491315 0.3525382547559967 0.7754083953680728 0.3566739040529363 0.7764423076923077 0.35874172870140614 0.7777346980976013 0.3613265095119934 0.7795440446650125 0.36236042183622824 0.7808364350703061
0 0.16643403639371385 0.6681399917287014 0.1584212158808933 0.6681399917287014 0.15454404466501243 0.6681399917287014 0.15221774193548387 0.667623035566584 0.15144230769230768 0.6655552109181142 0.15221774193548387 0.6640043424317618 0.15402708850289495 0.6632289081885857 0.16178143093465674 0.6632289081885857 0.16565860215053763 0.6637458643507032 0.16876033912324234 0.6650382547559968 0.17082816377171214 0.6660721670802316 0.17134511993382961 0.6681399917287014 0.16953577336641854 0.6691739040529363
0 0.3724410669975186 0.6055882961124898 0.36985628618693134 0.6045543837882548 0.3675299834574028 0.6032619933829612 0.3652036807278743 0.6017111248966088 0.3633943341604632 0.599643300248139 0.36236042183622824 0.5973169975186104 0.3641697684036394 0.5960246071133167 0.36701302729528534 0.5955076509511994 0.3695978081058726 0.5957661290322581 0.37269954507857733 0.5970585194375517 0.37528432588916455 0.5980924317617866 0.3778691066997518 0.5993848221670802 0.3809708436724566 0.6017111248966088 0.38303866832092637 0.6040374276261373 0.3809708436724566 0.6048128618693135 0.3776106286186931 0.6053298180314309
0 0.4574803556658395 0.5239092224979321 0.45592948717948717 0.523133788254756 0.45463709677419356 0.5218413978494624 0.4525692721257237 0.5200320512820513 0.45101840363937135 0.5179642266335814 0.44972601323407774 0.5156379239040529 0.4486921009098428 0.5133116211745244 0.4473997105045492 0.5107268403639371 0.4463657981803143 0.5078835814722911 0.44584884201819686 0.5052988006617039 0.446624276261373 0.5040064102564102 0.4484336228287841 0.5040064102564102 0.45101840363937135 0.5047818444995864 0.45282775020678245 0.5063327129859387 0.45463709677419356 0.5084005376344086 0.4561879652605459 0.5107268403639371 0.4577388337468982 0.5130531430934656 0.45980665839536805 0.5151209677419355 0.4613575268817204 0.5164133581472291 0.46264991728701405 0.5182227047146402 0.4634253515301902 0.5205490074441687 0.4634253515301902 0.523133788254756 0.46316687344913154 0.5259770471464019 0.460840570719603 0.5264940033085195
0 0.17983716475095782 0.487787356321839 0.1757662835249042 0.4855124521072796 0.17432950191570878 0.48455459770114934 0.17313218390804597 0.48347701149425276 0.17169540229885055 0.48251915708812254 0.17109674329501914 0.4819204980842911 0.17193486590038312 0.4812021072796934 0.1734913793103448 0.48096264367816083 0.17612547892720304 0.48156130268199226 0.17899904214559384 0.48227969348659 0.18103448275862066 0.48359674329501906 0.18306992337164749 0.48443486590038304 0.1843869731800766 0.4855124521072796 0.1845067049808429 0.4864703065134099 0.1843869731800766 0.48730842911877387 0.18354885057471262 0.4880268199233716 0.1815134099616858 0.4879070881226053
0 0.11203866432337434 0.914982425307557 0.10856033977738723 0.9107718219097832 0.10727885178676039 0.9087580550673696 0.10654657293497363 0.906744288224956 0.10599736379613356 0.9050966608084358 0.1052650849443468 0.9034490333919155 0.10453280609256005 0.9012521968365553 0.10434973637961335 0.8997876391329818 0.1052650849443468 0.899055360281195 0.10618043350908025 0.8983230814294083 0.10727885178676039 0.8981400117164616 0.10856033977738723 0.8988722905682482 0.11057410661980081 0.9007029876977152 0.11185559461042764 0.9027167545401288 0.11332015231400115 0.9045474516695957 0.11478471001757469 0.906744288224956 0.11588312829525482 0.909124194493263 0.11661540714704158 0.9113210310486232 0.11661540714704158 0.9138840070298769 0.11661540714704158 0.9162639132981839 0.11570005858230813 0.917911540714704 0.11496777973052137 0.9188268892794375 0.11368629173989454 0.917911540714704
0 0.5556165787932044 0.5431678383128294 0.5590949033391915 0.5360281195079086 0.5598271821909784 0.5347466315172817 0.5603763913298183 0.5329159343878148 0.5611086701816052 0.5307190978324546 0.5614748096074985 0.5287053309900409 0.5620240187463386 0.5266915641476274 0.5622070884592852 0.5248608670181605 0.5625732278851786 0.5230301698886936 0.5631224370240187 0.5213825424721734 0.5633055067369653 0.5199179847685999 0.5633055067369653 0.5182703573520796 0.5633055067369653 0.5164396602226128 0.5633055067369653 0.5146089630931459 0.5631224370240187 0.5129613356766256 0.5614748096074985 0.5120459871118922 0.5601933216168716 0.5118629173989455 0.5583626244874048 0.5149751025190392 0.5568980667838311 0.5173550087873462 0.5559827182190978 0.5201010544815465 0.5556165787932044 0.5222978910369068 0.554701230228471 0.5250439367311072 0.5541520210896309 0.5274238429994141 0.5536028119507909 0.5298037492677211 0.5532366725248975 0.5330990041007616 0.5530536028119507 0.5362111892208553 0.5526874633860573 0.539323374340949 0.5525043936731107 0.5426186291739895 0.552870533099004 0.5448154657293497 0.5539689513766841 0.5449985354422964
0 0.2438488576449912 0.5882029876977152 0.247510251903925 0.5922305213825425 0.2487917398945518 0.5933289396602226 0.25062243702401876 0.594244288224956 0.2526362038664323 0.594793497363796 0.25556531927357934 0.5946104276508494 0.2564806678383128 0.5944273579379027 0.258128295254833 0.5938781487990626 0.25977592267135324 0.5935120093731693 0.2621558289396602 0.5931458699472759 0.2638034563561804 0.5927797305213824 0.26490187463386056 0.5920474516695957 0.2660002929115407 0.5909490333919156 0.26636643233743407 0.5893014059753955 0.2665495020503808 0.5880199179847685 0.2652680140597539 0.5871045694200351 0.26178968951376685 0.5858230814294083 0.2579452255418863 0.5849077328646748 0.25611452841241944 0.5841754540128881 0.25373462214411246 0.5834431751611012 0.250439367311072 0.583077035735208 0.24696104276508493 0.5834431751611012 0.24549648506151142 0.5843585237258347 0.24421499707088457 0.586006151142355
0 0.6030316344463972 0.9001537785588751 0.5999194493263035 0.8952108963093146 0.5977226127709431 0.8931971294669009 0.5957088459285295 0.890817223198594 0.5944273579379027 0.8891695957820738 0.5935120093731693 0.8871558289396602 0.5944273579379027 0.8864235500878733 0.5964411247803163 0.8871558289396602 0.5993702401874633 0.8893526654950203 0.602482425307557 0.8919156414762741 0.6041300527240773 0.893746338605741 0.6057776801405975 0.896126244874048 0.6074253075571178 0.8986892208553016 0.6083406561218511 0.9016183362624487 0.6098052138254246 0.9047305213825425 0.6107205623901582 0.907293497363796 0.6114528412419449 0.9093072642062097 0.6118189806678382 0.9109548916227299 0.6105374926772115 0.9109548916227299 0.6079745166959578 0.909673403632103 0.6065099589923844 0.9078427065026362 0.6050454012888107 0.9056458699472759 0.6037639132981839 0.9032659636789688
0 0.7172671353251318 0.5213825424721734 0.7169009958992383 0.5246777973052138 0.716534856473345 0.5257762155828939 0.7158025776215582 0.5272407732864675 0.7143380199179847 0.5292545401288811 0.7128734622144112 0.5303529584065612 0.7110427650849442 0.5321836555360281 0.7090289982425307 0.5345635618043351 0.7073813708260105 0.536943468072642 0.7055506736965437 0.539323374340949 0.7039030462800234 0.541703280609256 0.701706209724663 0.5428016988869362 0.6995093731693028 0.5437170474516696 0.6984109548916226 0.5439001171646163 0.6980448154657294 0.5413371411833625 0.6991432337434095 0.5385910954891622 0.7004247217340362 0.536394258933802 0.7018892794376098 0.5347466315172817 0.7037199765670767 0.5325497949619215 0.7053676039835969 0.5305360281195078 0.7070152314001171 0.5283391915641477 0.7086628588166374 0.5268746338605741 0.7103104862331576 0.5252270064440538 0.7115919742237844 0.5232132396016402 0.7125073227885178 0.52156561218512 0.7137888107791446 0.5199179847685999 0.7148872290568248 0.5191857059168131
0 0.5719097832454598 0.29986818980667834 0.5733743409490334 0.2923623315758641 0.5739235500878734 0.2905316344463972 0.5744727592267135 0.2881517281780902 0.575388107791447 0.2866871704745167 0.5766695957820738 0.28503954305799645 0.5774018746338605 0.2828427065026362 0.5779510837727007 0.2810120093731693 0.5781341534856473 0.2791813122437024 0.578317223198594 0.2773506151142355 0.5774018746338605 0.2760691271236087 0.575388107791447 0.2749707088459285 0.5739235500878734 0.2749707088459285 0.5728251318101932 0.27551991798476855 0.5720928529584065 0.2771675454012888 0.5720928529584065 0.2789982425307557 0.5722759226713533 0.28082893966022254 0.5722759226713533 0.2821104276508494 0.5717267135325131 0.2839411247803163 0.5709944346807263 0.2859548916227299 0.5704452255418864 0.2877855887521968 0.5698960164030462 0.28998242530755713 0.5691637375512595 0.29217926186291737 0.5687975981253661 0.29437609841827767 0.568248388986526 0.2976713532513181 0.5680653192735793 0.29968512009373166 0.5680653192735793 0.3009666080843585 0.5687975981253661 0.30243116578793205 0.5700790861159929 0.3026142355008787
0 0.8666520210896309 0.40733011130638547 0.8800161101347392 0.4007396016403046 0.8827621558289397 0.3998242530755711 0.8847759226713532 0.39854276508494435 0.8858743409490334 0.39744434680726415 0.8858743409490334 0.39597978910369064 0.8844097832454598 0.3954305799648506 0.8820298769771528 0.3956136496777973 0.8792838312829525 0.3965289982425307 0.8761716461628588 0.39817662565905093 0.8728763913298183 0.3994581136496778 0.8704964850615114 0.4007396016403046 0.8684827182190978 0.4020210896309314 0.8662858816637374 0.4033025776215583 0.8644551845342705 0.4045840656121851 0.8633567662565904 0.4056824838898653 0.8628075571177505 0.40769625073227883 0.862990626830697 0.4086115992970123 0.8640890451083773 0.4086115992970123
0 0.8130125951962507 0.29089777387229054 0.8119141769185705 0.28943321616871703 0.8106326889279437 0.28760251903925016 0.8093512009373168 0.2859548916227299 0.80806971294669 0.2843072642062097 0.8067882249560633 0.28229349736379616 0.8069712946690099 0.28046280023432923 0.8078866432337434 0.2791813122437024 0.8091681312243701 0.2791813122437024 0.8108157586408904 0.2810120093731693 0.812829525483304 0.2830257762155829 0.8139279437609841 0.2844903339191564 0.8155755711775043 0.28613796133567665 0.8172231985940246 0.28796865846514347 0.8177724077328646 0.2905316344463972 0.8177724077328646 0.29217926186291737 0.8163078500292911 0.29254540128881074 0.8146602226127709 0.2923623315758641
0 0.9169791666666666 0.7185416666666666 0.9231250000000001 0.7072916666666667 0.92625 0.7008333333333333 0.9296875 0.6971875 0.9325 0.696875 0.9345833333333334 0.700625 0.9351041666666667 0.70375 0.9321875 0.7111458333333334 0.9235416666666667 0.7180208333333333 0.92 0.7209375 0.9177083333333333 0.7203125
0 0.30994152046783624 0.12262426900584794 0.3154239766081871 0.12335526315789473 0.3205409356725146 0.12317251461988303 0.32529239766081874 0.12171052631578946 0.3283991228070175 0.11988304093567252 0.33059210526315785 0.11769005847953216 0.3336988304093567 0.11476608187134502 0.3360745614035088 0.11275584795321637 0.3384502923976608 0.11092836257309942 0.34064327485380114 0.1065423976608187 0.34100877192982454 0.10434941520467836 0.34100877192982454 0.1025219298245614 0.33753654970760233 0.10087719298245613 0.3329678362573099 0.10014619883040936 0.33040935672514615 0.10142543859649122 0.3267543859649123 0.10380116959064327 0.3230994152046784 0.10635964912280702 0.3190789473684211 0.10983187134502924 0.3154239766081871 0.11293859649122807 0.3128654970760234 0.1158625730994152 0.30994152046783624 0.11805555555555555 0.3084795321637427 0.12043128654970761
0 0.41048728813559326 0.1464292019774011 0.4137976694915254 0.14620850988700565 0.4167770127118644 0.14587747175141244 0.41953566384180796 0.1449947033898305 0.42361846751412435 0.1435602048022599 0.42648746468926557 0.1419050141242938 0.42946680790960456 0.1405808615819209 0.4321151129943503 0.13892567090395483 0.43432203389830515 0.13638771186440676 0.43608757062146897 0.13384975282485875 0.4364186087570622 0.1308704096045198 0.4363082627118644 0.12855314265536724 0.435204802259887 0.12722899011299435 0.4306806144067797 0.1264565677966102 0.4279219632768362 0.1265669138418079 0.4232874293785311 0.12756002824858756 0.420749470338983 0.12855314265536724 0.4173287429378531 0.1306497175141243 0.4149011299435028 0.1323049081920904 0.41236317090395486 0.13396009887005653 0.4109286723163842 0.13605667372881355 0.4091631355932204 0.14036016949152544 0.40828036723163846 0.14344985875706218 0.408059675141243 0.14565677966101695
0 0.327105803800719 0.46433615819209034 0.3312788906009245 0.46497817154596816 0.3359334874165382 0.46674370826913203 0.33930405752439646 0.46786723163841804 0.343156137647663 0.46818823831535694 0.3441191576784797 0.46770672829994864 0.3441191576784797 0.46417565485362094 0.34347714432460197 0.45936055469953774 0.3421931176168464 0.45550847457627114 0.34123009758602973 0.45229840780688235 0.33882254750898816 0.44812532100667696 0.3364149974319466 0.4453967642526964 0.33176040061633283 0.44250770416024654 0.32935285053929125 0.44026065742167436 0.3275873138161274 0.43897663071391885 0.32421674370826914 0.43769260400616333 0.32036466358500254 0.4360875706214689 0.31747560349255266 0.43512455059065225 0.3169940934771443 0.4370505906522855 0.3169940934771443 0.44058166409861327 0.31795711350796096 0.44411273754494096 0.31940164355418593 0.44780431432973805 0.3213276836158192 0.45358243451463787 0.32341422701592193 0.4580765279917822 0.32517976373908575 0.46112609142270156
