1 0.040280577956989284 0.8719338037634409 0.04574092741935488 0.865213373655914 0.0474210349462366 0.8614331317204301 0.048681115591397886 0.8589129704301076 0.049941196236559175 0.8568128360215055 0.05414146505376348 0.8547127016129034 0.058761760752688214 0.8538726478494624 0.06170194892473122 0.8538726478494624 0.06548219086021509 0.8547127016129034 0.07178259408602154 0.8568128360215055 0.07556283602150542 0.8584929435483872 0.08186323924731186 0.8610131048387097 0.08606350806451617 0.8626932123655915 0.0906838037634409 0.8647933467741936 0.09530409946236564 0.8673135080645161 0.09992439516129036 0.8702536962365592 0.1032846102150538 0.8736139112903226 0.10664482526881724 0.8773941532258065 0.10790490591397853 0.88075436827957 0.10832493279569896 0.8849546370967742 0.10706485215053768 0.8920950940860216 0.10664482526881724 0.8954553091397849 0.10496471774193553 0.8975554435483872 0.1032846102150538 0.9017557123655915 0.10034442204301079 0.904275873655914 0.0961441532258065 0.9067960349462366 0.0923639112903226 0.9088961693548387 0.08648353494623659 0.91015625 0.07766297043010756 0.9105762768817205 0.0738827284946237 0.9109963037634409 0.06842237903225809 0.9105762768817205 0.060441868279569926 0.9088961693548387 0.05456149193548391 0.9067960349462366 0.05036122311827961 0.904275873655914 0.04574092741935488 0.9009156586021505 0.04154065860215058 0.8962953629032259 0.038600470430107565 0.8904149865591399 0.037760416666666706 0.8836945564516129 0.037760416666666706 0.8773941532258065
1 0.08228326612903229 0.8236307123655915 0.07556283602150542 0.8156502016129034 0.07430275537634413 0.8118699596774195 0.07304267473118282 0.8080897177419356 0.07094254032258068 0.8038894489247312 0.07010248655913982 0.8005292338709677 0.0696824596774194 0.7963289650537635 0.0696824596774194 0.7917086693548387 0.07010248655913982 0.7875084005376344 0.0713625672043011 0.7837281586021505 0.07220262096774198 0.7807879704301076 0.07346270161290326 0.7774277553763441 0.07514280913978498 0.7749075940860216 0.07724294354838714 0.7723874327956989 0.08018313172043015 0.769447244623656 0.08228326612903229 0.7669270833333334 0.08522345430107531 0.7639868951612904 0.08900369623655918 0.7602066532258065 0.0919438844086022 0.7581065188172044 0.09572412634408606 0.7572664650537635 0.09950436827956993 0.7572664650537635 0.10370463709677423 0.7585265456989247 0.1087449596774194 0.7589465725806452 0.1129452284946237 0.7589465725806452 0.117145497311828 0.7593665994623656 0.12092573924731186 0.7602066532258065 0.12344590053763445 0.7623067876344086 0.12638608870967746 0.7652469758064516 0.13100638440860218 0.7681871639784946 0.13562668010752693 0.7711273521505377 0.1381468413978495 0.7749075940860216 0.13982694892473121 0.7803679435483872 0.1406670026881721 0.7849882392473119 0.14108702956989252 0.7896085349462366 0.14108702956989252 0.7938088037634409 0.14108702956989252 0.7980090725806452 0.14108702956989252 0.80262936827957 0.1406670026881721 0.8076696908602151 0.13982694892473121 0.8110299059139785 0.13856686827956993 0.8148101478494624 0.1364667338709678 0.8185903897849462 0.13394657258064518 0.8232106854838711 0.13184643817204306 0.8265709005376344 0.12932627688172046 0.8290910618279571 0.12638608870967746 0.8311911962365592 0.12344590053763445 0.8328713037634409 0.11798555107526885 0.8353914650537635 0.11378528225806456 0.8353914650537635 0.1087449596774194 0.8345514112903226 0.10538474462365595 0.8332913306451614 0.10160450268817207 0.8316112231182796 0.09824428763440865 0.8299311155913979 0.09446404569892476 0.8290910618279571 0.08858366935483875 0.8274109543010754
1 0.20451108870967746 0.7921286962365592 0.1994707661290323 0.7807879704301076 0.19905073924731187 0.7757476478494624 0.19863071236559143 0.7715473790322581 0.19863071236559143 0.7673471102150539 0.1994707661290323 0.7627268145161291 0.20115087365591403 0.7564264112903226 0.2036710349462366 0.7518061155913979 0.20619119623655918 0.7484459005376344 0.20871135752688177 0.7459257392473119 0.21123151881720434 0.7434055779569894 0.21417170698924737 0.7408854166666666 0.21669186827956993 0.7392053091397849 0.2204721102150538 0.7371051747311828 0.23307291666666669 0.7341649865591399 0.24231350806451615 0.7324848790322581 0.24651377688172046 0.7324848790322581 0.2498739919354839 0.7329049059139785 0.25407426075268824 0.7350050403225806 0.25827452956989255 0.7358450940860216 0.26289482526881724 0.7366851478494624 0.26709509408602156 0.7387852822580645 0.27003528225806456 0.7400453629032259 0.273395497311828 0.7417254704301076 0.276335685483871 0.7442456317204301 0.2775957661290323 0.7463457661290323 0.27969590053763443 0.7492859543010754 0.2813760080645162 0.7530661962365592 0.28221606182795705 0.7572664650537635 0.28221606182795705 0.7606266801075269 0.2813760080645162 0.7648269489247312 0.28011592741935487 0.7690272177419355 0.2784358198924731 0.7728074596774195 0.27717573924731187 0.7761676747311828 0.2759156586021506 0.7803679435483872 0.27423555107526887 0.7841481854838711 0.2729754704301076 0.787088373655914 0.27171538978494625 0.7908686155913979 0.27003528225806456 0.7938088037634409 0.26835517473118287 0.7967489919354839 0.26583501344086025 0.7988491263440861 0.26163474462365593 0.8013692876344086 0.2565944220430108 0.8038894489247312 0.2515540994623656 0.8051495295698925 0.24609375000000003 0.8068296370967742 0.24189348118279572 0.8080897177419356 0.2385332661290323 0.8089297715053764 0.2355930779569893 0.8106098790322581 0.23097278225806456 0.8122899865591399 0.22845262096774197 0.8122899865591399 0.22383232526881722 0.8101898521505377 0.22131216397849465 0.808509744623656 0.21795194892473121 0.8064096102150539 0.21543178763440862 0.8047295026881721 0.21249159946236562 0.8030493951612904 0.20871135752688177 0.7992691532258065
1 0.33303931451612906 0.7270245295698925 0.33303931451612906 0.7203040994623656 0.33303931451612906 0.7161038306451614 0.3347194220430108 0.7123235887096775 0.33723958333333337 0.7098034274193549 0.34101982526881724 0.7068632392473119 0.3435399865591398 0.7047631048387097 0.34648017473118287 0.7014028897849462 0.34984038978494625 0.6984627016129034 0.35320060483870974 0.6955225134408602 0.35614079301075274 0.6934223790322581 0.36034106182795705 0.6917422715053764 0.3645413306451613 0.6904821908602151 0.3687415994623657 0.6904821908602151 0.3742019489247312 0.6909022177419355 0.37840221774193555 0.6921622983870968 0.3821824596774194 0.6934223790322581 0.38596270161290325 0.6951024865591399 0.3901629704301076 0.6967825940860216 0.39394321236559143 0.6984627016129034 0.39730342741935487 0.7009828629032259 0.40024361559139787 0.703082997311828 0.40276377688172044 0.7056031586021505 0.4065440188172043 0.7081233198924732 0.4094842069892473 0.7106434811827957 0.41158434139784955 0.7127436155913979 0.4136844758064517 0.71484375 0.41410450268817206 0.7152637768817205 0.41494455645161293 0.7161038306451614 0.41620463709677424 0.7186239919354839 0.4166246639784947 0.7219842069892474 0.4166246639784947 0.7257644489247312 0.4166246639784947 0.730384744623656 0.41620463709677424 0.7337449596774195 0.41494455645161293 0.7366851478494624 0.4128444220430108 0.7396253360215055 0.4107442876344087 0.742145497311828 0.4078040994623657 0.7446656586021505 0.4048639112903226 0.7467657930107527 0.4006636424731183 0.7488659274193549 0.39730342741935487 0.7505460349462366 0.393523185483871 0.7518061155913979 0.38890288978494625 0.7522261424731183 0.3826024865591398 0.7530661962365592 0.3796622983870968 0.7530661962365592 0.37588205645161293 0.7534862231182796 0.3737819220430108 0.7534862231182796 0.36916162634408606 0.75390625 0.36412130376344093 0.7530661962365592 0.3595010080645162 0.7509660618279571 0.35488071236559143 0.7492859543010754 0.3511004704301076 0.7476058467741936 0.34816028225806456 0.7455057123655915 0.34522009408602156 0.7434055779569894 0.342699932795699 0.7408854166666666 0.3384996639784947 0.7383652553763441 0.33639952956989255 0.736265120967742 0.33429939516129037 0.7337449596774195
1 0.5056703629032259 0.847572244623656 0.498949932795699 0.8425319220430108 0.49726982526881724 0.8404317876344086 0.49558971774193555 0.8383316532258065 0.49348958333333337 0.8362315188172044 0.4918094758064517 0.8337113575268817 0.49012936827956993 0.8311911962365592 0.4884492607526882 0.8240507392473119 0.48676915322580644 0.8152301747311828 0.48676915322580644 0.8127100134408602 0.4876092069892473 0.8106098790322581 0.4888692876344087 0.8080897177419356 0.4909694220430108 0.8051495295698925 0.49432963709677424 0.8013692876344086 0.4981098790322581 0.7971690188172044 0.5010500672043011 0.7938088037634409 0.5031502016129032 0.7912886424731183 0.5065104166666667 0.7891885080645161 0.5090305779569892 0.7887684811827957 0.5123907930107527 0.7908686155913979 0.5161710349462366 0.79296875 0.5195312500000001 0.7946488575268817 0.5228914650537635 0.7963289650537635 0.5258316532258065 0.7975890456989247 0.5291918682795699 0.8001092069892474 0.5329721102150538 0.8038894489247312 0.5359122983870968 0.8072496639784946 0.5375924059139785 0.8097698252688172 0.5401125672043011 0.8131300403225806 0.5422127016129034 0.8173303091397849 0.5438928091397849 0.8206905241935484 0.5447328629032259 0.8232106854838711 0.5451528897849462 0.8274109543010754 0.5459929435483872 0.8311911962365592 0.5459929435483872 0.8341313844086022 0.5459929435483872 0.8374915994623656 0.5455729166666666 0.8412718413978495 0.5443128360215055 0.8463121639784946 0.5430527553763441 0.8496723790322581 0.5413726478494624 0.8521925403225806 0.5371723790322581 0.8551327284946237 0.5329721102150538 0.8563928091397849 0.5287718413978495 0.8563928091397849 0.5220514112903226 0.8555527553763441 0.5170110887096775 0.8538726478494624 0.5128108198924731 0.8517725134408602
1 0.4036038306451613 0.8647933467741936 0.40612399193548393 0.8530325940860216 0.4065440188172043 0.8509324596774195 0.4103242607526882 0.8412718413978495 0.41200436827956993 0.8383316532258065 0.4136844758064517 0.8358114919354839 0.41536458333333337 0.8324512768817205 0.41788474462365593 0.8299311155913979 0.420824932795699 0.8269909274193549 0.42334509408602156 0.8248907930107527 0.42628528225806456 0.8223706317204301 0.4292254704301076 0.8206905241935484 0.4321656586021506 0.8194304435483872 0.43720598118279574 0.8185903897849462 0.44224630376344093 0.8185903897849462 0.44728662634408606 0.8194304435483872 0.45064684139784955 0.8211105510752689 0.45400705645161293 0.8240507392473119 0.4561071908602151 0.8269909274193549 0.45736727150537637 0.8299311155913979 0.4586273521505377 0.8332913306451614 0.459887432795699 0.8362315188172044 0.4615675403225807 0.8400117607526882 0.4632476478494624 0.8433719758064516 0.46450772849462374 0.8467321908602151 0.46534778225806456 0.8488323252688172 0.46660786290322587 0.8521925403225806 0.46744791666666674 0.8551327284946237 0.4682879704301076 0.8589129704301076 0.46912802419354843 0.8626932123655915 0.46954805107526887 0.8660534274193549 0.46996807795698925 0.8694136424731183 0.47038810483870974 0.8727738575268817 0.47038810483870974 0.8773941532258065 0.47038810483870974 0.8815944220430108 0.46954805107526887 0.8862147177419356 0.465767809139785 0.8929351478494624 0.46366767473118287 0.8971354166666666 0.4615675403225807 0.9013356854838711 0.4603074596774194 0.9038558467741936 0.45736727150537637 0.9072160618279571 0.45400705645161293 0.9080561155913979 0.4489667338709678 0.9084761424731183 0.4439264112903226 0.9084761424731183 0.4405661962365592 0.9084761424731183 0.435525873655914 0.9072160618279571 0.43132560483870974 0.9055359543010754 0.42838541666666674 0.9030157930107527 0.42502520161290325 0.9000756048387097 0.4225050403225807 0.8967153897849462 0.42040490591397855 0.8941952284946237 0.41746471774193555 0.8912550403225806 0.41494455645161293 0.8874747983870968 0.4107442876344087 0.8820144489247312 0.4078040994623657 0.8778141801075269 0.4048639112903226 0.8731938844086022 0.4040238575268818 0.8698336693548387
1 0.2729754704301076 0.8597530241935484 0.2696152553763441 0.8526125672043011 0.26919522849462374 0.8496723790322581 0.26877520161290325 0.8471522177419356 0.26877520161290325 0.8437920026881721 0.27003528225806456 0.8404317876344086 0.27171538978494625 0.8379116263440861 0.2738155241935484 0.8341313844086022 0.2754956317204301 0.8316112231182796 0.27717573924731187 0.8290910618279571 0.2788558467741936 0.826150873655914 0.28095598118279574 0.8232106854838711 0.28305611559139787 0.8194304435483872 0.28515625000000006 0.8160702284946237 0.28809643817204306 0.8139700940860216 0.29103662634408606 0.8122899865591399 0.2935567876344087 0.8110299059139785 0.2960769489247312 0.8097698252688172 0.30069724462365593 0.8089297715053764 0.30783770161290325 0.8080897177419356 0.31371807795698925 0.8072496639784946 0.3195984543010753 0.8068296370967742 0.32505880376344093 0.8064096102150539 0.33009912634408606 0.8064096102150539 0.33639952956989255 0.8059895833333334 0.34101982526881724 0.8059895833333334 0.34522009408602156 0.8072496639784946 0.34984038978494625 0.8106098790322581 0.35320060483870974 0.8131300403225806 0.35530073924731187 0.8152301747311828 0.357400873655914 0.8181703629032259 0.3586609543010753 0.8223706317204301 0.3595010080645162 0.8282510080645161 0.3595010080645162 0.8328713037634409 0.3595010080645162 0.8370715725806452 0.3586609543010753 0.8421118951612904 0.357400873655914 0.8458921370967742 0.3557207661290323 0.8496723790322581 0.3536206317204301 0.8530325940860216 0.3519405241935484 0.8568128360215055 0.3490003360215054 0.8601730510752689 0.345640120967742 0.8643733198924732 0.3405997983870968 0.8668934811827957 0.33597950268817206 0.8689936155913979 0.3326192876344087 0.87109375 0.32799899193548393 0.8740339381720431 0.32295866935483875 0.8757140456989247 0.31875840053763443 0.8769741263440861 0.31371807795698925 0.8773941532258065 0.3069976478494624 0.8765540994623656 0.30195732526881724 0.8748739919354839 0.29817708333333337 0.8736139112903226 0.29187668010752693 0.8719338037634409 0.2872563844086022 0.8706737231182796 0.28263608870967744 0.8685735887096775 0.2788558467741936 0.8664734543010754 0.2759156586021506 0.8635332661290323
1 0.342699932795699 0.9269573252688172 0.345640120967742 0.9193968413978495 0.34732022849462374 0.9168766801075269 0.34942036290322587 0.9147765456989247 0.3519405241935484 0.9139364919354839 0.354460685483871 0.9126764112903226 0.357400873655914 0.9118363575268817 0.36076108870967744 0.9114163306451614 0.3653813844086022 0.9114163306451614 0.3712617607526882 0.9114163306451614 0.37546202956989255 0.9114163306451614 0.3805023521505377 0.9122563844086022 0.3851226478494624 0.9139364919354839 0.38848286290322587 0.9156165994623656 0.39226310483870974 0.9172967069892474 0.3956233198924731 0.91981686827957 0.3989835349462366 0.9227570564516129 0.40318380376344093 0.925697244623656 0.4073840725806452 0.9290574596774195 0.4107442876344087 0.9319976478494624 0.4136844758064517 0.9353578629032259 0.41620463709677424 0.9382980510752689 0.41788474462365593 0.9424983198924732 0.4195648521505377 0.9471186155913979 0.4199848790322581 0.9521589381720431 0.4199848790322581 0.9584593413978495 0.41830477150537637 0.9630796370967742 0.4157846102150538 0.9668598790322581 0.41158434139784955 0.9698000672043011 0.4069640456989248 0.9723202284946237 0.40276377688172044 0.9744203629032259 0.39730342741935487 0.9752604166666666 0.39142305107526887 0.9756804435483872 0.3868027553763441 0.9756804435483872 0.3821824596774194 0.9756804435483872 0.3742019489247312 0.9740003360215055 0.3679015456989248 0.9719002016129034 0.3624411962365592 0.9689600134408602 0.3569808467741936 0.9660198252688172 0.3519405241935484 0.9618195564516129 0.34816028225806456 0.9563592069892474 0.34648017473118287 0.9513188844086022 0.3448000672043011 0.9450184811827957 0.3431199596774194 0.9387180779569894 0.34227990591397855 0.9345178091397849
1 0.18855006720430112 0.6623403897849462 0.1839297715053764 0.6551999327956989 0.1826696908602151 0.6501596102150539 0.1826696908602151 0.64637936827957 0.1839297715053764 0.6425991263440861 0.1856098790322581 0.6388188844086021 0.18813004032258068 0.6354586693548387 0.19107022849462368 0.630838373655914 0.19401041666666669 0.6274781586021505 0.19737063172043015 0.6232778897849462 0.20157090053763446 0.619077620967742 0.20619119623655918 0.6165574596774195 0.21165154569892478 0.6140372983870968 0.21837197580645165 0.6127772177419355 0.2246723790322581 0.6115171370967742 0.23181283602150543 0.6115171370967742 0.23895329301075272 0.6115171370967742 0.24441364247311834 0.6119371639784946 0.2494539650537635 0.6123571908602151 0.25617439516129037 0.6123571908602151 0.2603746639784947 0.6136172715053764 0.2649949596774194 0.6161374327956989 0.26919522849462374 0.6199176747311828 0.2708753360215054 0.6228578629032259 0.2729754704301076 0.6270581317204301 0.27465557795698925 0.6329385080645161 0.2754956317204301 0.6379788306451614 0.27507560483870974 0.6434391801075269 0.2729754704301076 0.6480594758064516 0.27003528225806456 0.6514196908602151 0.2666750672043011 0.6543598790322581 0.2633148521505377 0.6573000672043011 0.2603746639784947 0.6602402553763441 0.2574344758064517 0.6631804435483872 0.2536542338709678 0.6657006048387097 0.2498739919354839 0.6678007392473119 0.2469338037634409 0.6690608198924732 0.24231350806451615 0.669900873655914 0.237273185483871 0.6711609543010754 0.23265288978494628 0.6720010080645161 0.22761256720430112 0.6724210349462366 0.2229922715053764 0.6724210349462366 0.21837197580645165 0.6724210349462366 0.2133316532258065 0.6724210349462366 0.2103914650537635 0.6724210349462366 0.20535114247311834 0.6715809811827957 0.20031081989247315 0.6711609543010754 0.19695060483870971 0.6694808467741936 0.19317036290322587 0.6665406586021505
1 0.2498739919354839 0.5338121639784946 0.24735383064516134 0.5291918682795699 0.24651377688172046 0.5270917338709677 0.2456737231182796 0.5245715725806452 0.24525369623655918 0.5212113575268817 0.2456737231182796 0.5170110887096775 0.2469338037634409 0.513650873655914 0.24861391129032262 0.5102906586021506 0.25071404569892475 0.507770497311828 0.25281418010752693 0.5060903897849462 0.25575436827956993 0.5039902553763441 0.25827452956989255 0.5010500672043011 0.2607946908602151 0.4976898521505377 0.26415490591397855 0.4947496639784947 0.26709509408602156 0.49222950268817206 0.270455309139785 0.48970934139784955 0.27423555107526887 0.48718918010752693 0.27801579301075274 0.4859290994623657 0.2817960349462366 0.4855090725806452 0.28599630376344093 0.4859290994623657 0.2906165994623657 0.48676915322580644 0.2956569220430108 0.4876092069892473 0.30069724462365593 0.4880292338709678 0.30615759408602156 0.4888692876344087 0.3116179435483871 0.48970934139784955 0.3179183467741936 0.4913894489247312 0.32169858870967744 0.49222950268817206 0.3254788306451613 0.4939096102150538 0.3284190188172043 0.49642977150537637 0.3317792338709678 0.4997899865591398 0.33387936827956993 0.5031502016129032 0.3355594758064517 0.5069304435483871 0.33639952956989255 0.5102906586021506 0.3376596102150538 0.5132308467741936 0.3384996639784947 0.5182711693548387 0.3384996639784947 0.5228914650537635 0.3384996639784947 0.5266717069892474 0.33639952956989255 0.5321320564516129 0.33387936827956993 0.5367523521505377 0.3313592069892473 0.5392725134408602 0.3288390456989248 0.540952620967742 0.32505880376344093 0.5443128360215055 0.32001848118279574 0.5489331317204301 0.3166582661290323 0.5514532930107527 0.312457997311828 0.5531334005376344 0.30825772849462374 0.5548135080645161 0.30489751344086025 0.5552335349462366 0.29901713709677424 0.5560735887096775 0.2960769489247312 0.5560735887096775 0.2927167338709678 0.5556535618279571 0.2864163306451613 0.5548135080645161 0.2813760080645162 0.5539734543010754 0.27717573924731187 0.552713373655914 0.2729754704301076 0.5518733198924732 0.2679351478494624 0.5497731854838711 0.26289482526881724 0.5476730510752688 0.25827452956989255 0.5451528897849462 0.2536542338709678 0.5413726478494624
1 0.0003780241935484253 0.6715809811827957 0.007098454301075307 0.6715809811827957 0.009198588709677458 0.6720010080645161 0.011718750000000038 0.6724210349462366 0.01465893817204305 0.6736811155913979 0.017179099462365628 0.6753612231182796 0.02011928763440864 0.6778813844086021 0.021799395161290362 0.6808215725806452 0.02389952956989251 0.6833417338709677 0.026839717741935522 0.6867019489247312 0.029779905913978534 0.6892221102150539 0.031039986559139823 0.6917422715053764 0.03146001344086025 0.6946824596774195 0.03188004032258068 0.6967825940860216 0.03146001344086025 0.7001428091397849 0.03146001344086025 0.7022429435483872 0.029359879032258104 0.7093834005376344 0.02389952956989251 0.7186239919354839 0.022219422043010792 0.7215641801075269 0.01969926075268821 0.7270245295698925 0.01759912634408606 0.730384744623656 0.014238911290322618 0.7333249327956989 0.010878696236559179 0.7366851478494624 0.0075184811827957365 0.7383652553763441 0.003738239247311866 0.7396253360215055 0.0007980510752688554 0.7404653897849462 0.0 0.7408644153225806 0.0 0.6715809811827957
1 0.0738827284946237 0.59765625 0.06842237903225809 0.6039566532258065 0.06590221774193553 0.6064768145161291 0.0600218413978495 0.6119371639784946 0.05750168010752692 0.6144573252688172 0.05414146505376348 0.6169774865591399 0.049521169354838745 0.6194976478494624 0.04574092741935488 0.6220178091397849 0.040700604838709714 0.6228578629032259 0.03566028225806455 0.6232778897849462 0.03230006720430111 0.6236979166666666 0.028939852150537675 0.6236979166666666 0.02389952956989251 0.6224378360215055 0.0209593413978495 0.6224378360215055 0.0167590725806452 0.6224378360215055 0.014238911290322618 0.6224378360215055 0.012138776881720468 0.6236979166666666 0.010038642473118317 0.6253780241935484 0.007938508064516167 0.6262180779569894 0.003318212365591436 0.6236979166666666 0.0007980510752688554 0.6215977822580645 0.0 0.6196026545698924 0.0003780241935484253 0.6178175403225806 0.0 0.5777469758064476 0.0007980510752688554 0.5703545026881721 0.006678427419354877 0.5669942876344086 0.009198588709677458 0.5661542338709677 0.013398857526881759 0.5644741263440861 0.01633904569892477 0.5632140456989247 0.02011928763440864 0.5611139112903226 0.02389952956989251 0.5594338037634409 0.026839717741935522 0.5581737231182796 0.029359879032258104 0.5573336693548387 0.03566028225806455 0.5573336693548387 0.040700604838709714 0.5581737231182796 0.04490087365591402 0.5594338037634409 0.04910114247311832 0.5602738575268817 0.05414146505376348 0.5611139112903226 0.058761760752688214 0.5623739919354839 0.06212197580645165 0.5627940188172044 0.06590221774193553 0.5640540994623656 0.06926243279569896 0.5653141801075269 0.07178259408602154 0.5669942876344086 0.07514280913978498 0.5716145833333334 0.07682291666666671 0.5753948252688172 0.07766297043010756 0.5795950940860216 0.07850302419354843 0.5842153897849462 0.07892305107526885 0.5867355510752688 0.07892305107526885 0.5913558467741936 0.07766297043010756 0.5942960349462366
1 0.11756552419354843 0.49852990591397855 0.11252520161290326 0.49264952956989255 0.11126512096774198 0.49054939516129037 0.10916498655913982 0.4876092069892473 0.10790490591397853 0.4850890456989248 0.10664482526881724 0.48088877688172044 0.10664482526881724 0.4766885080645162 0.10706485215053768 0.471648185483871 0.1087449596774194 0.4661878360215054 0.11126512096774198 0.4615675403225807 0.11378528225806456 0.4577872983870968 0.11630544354838714 0.45400705645161293 0.11840557795698928 0.45148689516129037 0.12176579301075273 0.44812668010752693 0.1255460349462366 0.44476646505376344 0.13058635752688177 0.44140625000000006 0.13478662634408606 0.43846606182795705 0.14150705645161293 0.43594590053763443 0.14696740591397853 0.4346858198924731 0.15116767473118284 0.4338457661290323 0.15494791666666669 0.4338457661290323 0.15956821236559143 0.4338457661290323 0.16376848118279572 0.4346858198924731 0.1675487231182796 0.43636592741935487 0.17090893817204306 0.43846606182795705 0.17468918010752693 0.44140625000000006 0.17762936827956993 0.44476646505376344 0.18014952956989252 0.4485467069892473 0.18182963709677422 0.45400705645161293 0.18308971774193553 0.4586273521505377 0.18350974462365596 0.462827620967742 0.18350974462365596 0.46660786290322587 0.1826696908602151 0.47038810483870974 0.18056955645161293 0.474588373655914 0.17930947580645165 0.47920866935483875 0.17804939516129037 0.4829889112903226 0.17384912634408606 0.48718918010752693 0.17090893817204306 0.48970934139784955 0.1675487231182796 0.49222950268817206 0.16544858870967746 0.4939096102150538 0.16208837365591403 0.49558971774193555 0.15998823924731187 0.49726982526881724 0.15662802419354843 0.49852990591397855 0.15368783602150543 0.5002100134408602 0.14990759408602153 0.5014700940860215 0.1465473790322581 0.5031502016129032 0.14402721774193553 0.5035702284946237 0.1394069220430108 0.5035702284946237 0.1352066532258065 0.5035702284946237 0.13016633064516134 0.5031502016129032 0.12596606182795703 0.5027301747311829 0.12344590053763445 0.5023101478494624
1 0.0016381048387097156 0.4489667338709678 0.004998319892473156 0.44224630376344093 0.007938508064516167 0.43888608870967744 0.012138776881720468 0.4346858198924731 0.01549899193548391 0.4317456317204301 0.01969926075268821 0.4288054435483871 0.023059475806451648 0.4271253360215054 0.027259744623655952 0.42544522849462374 0.03188004032258068 0.4241851478494624 0.03650033602150541 0.423765120967742 0.040700604838709714 0.423765120967742 0.04574092741935488 0.423765120967742 0.05120127688172047 0.4241851478494624 0.05624159946236563 0.4258652553763441 0.0600218413978495 0.42796538978494625 0.06380208333333337 0.43006552419354843 0.06716229838709681 0.4317456317204301 0.06926243279569896 0.43426579301075274 0.0713625672043011 0.43720598118279574 0.07304267473118282 0.4405661962365592 0.07430275537634413 0.4439264112903226 0.07514280913978498 0.44728662634408606 0.07556283602150542 0.45106686827956993 0.07556283602150542 0.45526713709677424 0.07472278225806456 0.459887432795699 0.07304267473118282 0.462827620967742 0.07094254032258068 0.4661878360215054 0.06842237903225809 0.4708081317204301 0.06632224462365595 0.4741683467741936 0.06380208333333337 0.47794858870967744 0.060441868279569926 0.4817288306451613 0.05540154569892477 0.48382896505376344 0.051621303763440894 0.4850890456989248 0.0474210349462366 0.4859290994623657 0.040700604838709714 0.48634912634408606 0.03566028225806455 0.48634912634408606 0.030619959677419394 0.48634912634408606 0.02389952956989251 0.48634912634408606 0.01969926075268821 0.4855090725806452 0.0167590725806452 0.48424899193548393 0.0125588037634409 0.4825688844086022 0.009198588709677458 0.48088877688172044 0.005838373655914017 0.47752856182795705 0.003318212365591436 0.4741683467741936 0.0012180779569892855 0.4708081317204301
1 0.3985635080645162 0.48676915322580644 0.3926831317204301 0.4825688844086022 0.38932291666666674 0.4787886424731183 0.38638272849462374 0.47626848118279574 0.3834425403225807 0.4729082661290323 0.38302251344086025 0.47038810483870974 0.3826024865591398 0.46702788978494625 0.38302251344086025 0.4632476478494624 0.3838625672043011 0.4590473790322581 0.38428259408602156 0.45652721774193555 0.38638272849462374 0.45442708333333337 0.38848286290322587 0.4527469758064517 0.3910030241935484 0.45064684139784955 0.39226310483870974 0.44770665322580644 0.393523185483871 0.4439264112903226 0.39814348118279574 0.4405661962365592 0.4015036962365592 0.4397261424731183 0.40570396505376344 0.4380460349462366 0.40822412634408606 0.4367859543010753 0.41242439516129037 0.435525873655914 0.4166246639784947 0.43426579301075274 0.4225050403225807 0.43342573924731187 0.426705309139785 0.43300571236559143 0.429645497311828 0.43300571236559143 0.43342573924731187 0.4338457661290323 0.4367859543010753 0.4351058467741936 0.4405661962365592 0.43636592741935487 0.4439264112903226 0.4380460349462366 0.44770665322580644 0.43930611559139787 0.45106686827956993 0.44140625000000006 0.45442708333333337 0.4439264112903226 0.4586273521505377 0.44770665322580644 0.4615675403225807 0.45148689516129037 0.4649277553763441 0.4556871639784947 0.46744791666666674 0.45946740591397855 0.46996807795698925 0.46366767473118287 0.4708081317204301 0.4678679435483871 0.4712281586021506 0.47248823924731187 0.4712281586021506 0.4758484543010753 0.47038810483870974 0.47836861559139787 0.46912802419354843 0.48046875000000006 0.46744791666666674 0.4829889112903226 0.4649277553763441 0.4855090725806452 0.4619875672043011 0.4880292338709678 0.45946740591397855 0.4888692876344087 0.45652721774193555 0.48970934139784955 0.4527469758064517 0.49054939516129037 0.44812668010752693 0.49222950268817206 0.4439264112903226 0.49432963709677424 0.44140625000000006 0.49558971774193555 0.4376260080645162 0.49558971774193555 0.43300571236559143 0.49432963709677424 0.42838541666666674 0.49348958333333337 0.4225050403225807 0.49222950268817206 0.41830477150537637 0.4918094758064517 0.41536458333333337 0.4913894489247312 0.41116431451612906 0.4909694220430108 0.4065440188172043 0.49054939516129037
1 0.3616011424731183 0.4241851478494624 0.3565608198924731 0.420824932795699 0.35320060483870974 0.41830477150537637 0.35026041666666674 0.4136844758064517 0.34984038978494625 0.40864415322580644 0.34984038978494625 0.40234375000000006 0.34984038978494625 0.39730342741935487 0.3506804435483871 0.3926831317204301 0.35236055107526887 0.38890288978494625 0.3540406586021506 0.3851226478494624 0.35614079301075274 0.38134240591397855 0.3586609543010753 0.3775621639784947 0.3616011424731183 0.3742019489247312 0.36496135752688175 0.3708417338709678 0.36916162634408606 0.3674815188172043 0.37336189516129037 0.36496135752688175 0.3767221102150538 0.36370127688172044 0.38134240591397855 0.3628612231182796 0.38638272849462374 0.3624411962365592 0.39142305107526887 0.3616011424731183 0.39520329301075274 0.36118111559139787 0.39814348118279574 0.36118111559139787 0.40108366935483875 0.36076108870967744 0.40612399193548393 0.36202116935483875 0.41116431451612906 0.36412130376344093 0.41494455645161293 0.36622143817204306 0.41914482526881724 0.3683215725806452 0.423765120967742 0.3716817876344087 0.42754536290322587 0.37504200268817206 0.43006552419354843 0.37924227150537637 0.43006552419354843 0.3826024865591398 0.4288054435483871 0.38722278225806456 0.42838541666666674 0.39184307795698925 0.42754536290322587 0.3956233198924731 0.4258652553763441 0.39982358870967744 0.423765120967742 0.40318380376344093 0.4212449596774194 0.40612399193548393 0.41830477150537637 0.40906418010752693 0.41494455645161293 0.41200436827956993 0.41200436827956993 0.41452452956989255 0.40822412634408606 0.41620463709677424 0.4040238575268818 0.41914482526881724 0.39940356182795705 0.4212449596774194 0.3956233198924731 0.4229250672043011 0.3931031586021506 0.423765120967742 0.3897429435483871 0.42460517473118287 0.3838625672043011 0.42544522849462374 0.37798219086021506 0.4258652553763441 0.37294186827956993 0.42544522849462374 0.3687415994623657 0.42460517473118287
1 0.23181283602150543 0.3851226478494624 0.23265288978494628 0.3805023521505377 0.23265288978494628 0.37630208333333337 0.23265288978494628 0.3687415994623657 0.23265288978494628 0.3628612231182796 0.23223286290322587 0.35824092741935487 0.234332997311828 0.35488071236559143 0.237273185483871 0.3519405241935484 0.2410534274193549 0.35026041666666674 0.24357358870967746 0.34816028225806456 0.24651377688172046 0.34648017473118287 0.2515540994623656 0.34522009408602156 0.25575436827956993 0.3443800403225807 0.25911458333333337 0.34396001344086025 0.2633148521505377 0.342699932795699 0.267515120967742 0.3418598790322581 0.2708753360215054 0.3418598790322581 0.27507560483870974 0.3418598790322581 0.2788558467741936 0.3418598790322581 0.28221606182795705 0.342699932795699 0.2872563844086022 0.34396001344086025 0.29187668010752693 0.34522009408602156 0.29481686827956993 0.345640120967742 0.29901713709677424 0.34690020161290325 0.303637432795699 0.3490003360215054 0.30615759408602156 0.3511004704301076 0.30825772849462374 0.3536206317204301 0.31077788978494625 0.3569808467741936 0.31329805107526887 0.36202116935483875 0.31413810483870974 0.3658014112903226 0.3145581317204301 0.3687415994623657 0.3145581317204301 0.37252184139784955 0.3128780241935484 0.3767221102150538 0.31077788978494625 0.3809223790322581 0.3086777553763441 0.384702620967742 0.30615759408602156 0.38890288978494625 0.3040574596774194 0.3926831317204301 0.3015372983870968 0.396463373655914 0.29985719086021506 0.3977234543010753 0.2956569220430108 0.3977234543010753 0.2922967069892473 0.39814348118279574 0.28851646505376344 0.39940356182795705 0.28683635752688175 0.4015036962365592 0.2864163306451613 0.4040238575268818 0.28557627688172044 0.4069640456989248 0.28011592741935487 0.4099042338709678 0.27507560483870974 0.41116431451612906 0.270455309139785 0.41158434139784955 0.2637348790322581 0.41158434139784955 0.2595346102150538 0.41158434139784955 0.25617439516129037 0.41158434139784955 0.2515540994623656 0.4107442876344087 0.24525369623655918 0.4073840725806452 0.24063340053763446 0.4044438844086022 0.23769321236559143 0.40234375000000006 0.234332997311828 0.40024361559139787 0.231392809139785 0.39688340053763443 0.23055275537634412 0.39436323924731187 0.23055275537634412 0.38932291666666674
1 0.05246135752688176 0.37294186827956993 0.05204133064516133 0.3687415994623657 0.05120127688172047 0.3653813844086022 0.049941196236559175 0.36328125000000006 0.048681115591397886 0.36034106182795705 0.04784106182795703 0.3565608198924731 0.04826108870967746 0.351520497311828 0.05036122311827961 0.34690020161290325 0.05246135752688176 0.342699932795699 0.05540154569892477 0.33933971774193555 0.058761760752688214 0.33681955645161293 0.06254200268817207 0.33387936827956993 0.06632224462365595 0.33093918010752693 0.07052251344086026 0.3292590725806452 0.07556283602150542 0.32799899193548393 0.08060315860215057 0.3267389112903226 0.08564348118279574 0.3267389112903226 0.08900369623655918 0.3267389112903226 0.09362399193548392 0.32757896505376344 0.09866431451612907 0.3284190188172043 0.10286458333333338 0.3296790994623657 0.10706485215053768 0.3317792338709678 0.11000504032258068 0.33387936827956993 0.11210517473118282 0.33597950268817206 0.11336525537634413 0.33933971774193555 0.11378528225806456 0.3405997983870968 0.11420530913978498 0.3448000672043011 0.11420530913978498 0.3477402553763441 0.11462533602150542 0.35026041666666674 0.11462533602150542 0.35488071236559143 0.11336525537634413 0.3599210349462366 0.11126512096774198 0.36496135752688175 0.1087449596774194 0.36958165322580644 0.10538474462365595 0.37630208333333337 0.10244455645161295 0.37924227150537637 0.09824428763440865 0.3821824596774194 0.09446404569892476 0.384702620967742 0.09026377688172046 0.3868027553763441 0.0877436155913979 0.387642809139785 0.08564348118279574 0.38848286290322587 0.08186323924731186 0.38932291666666674 0.07892305107526885 0.3897429435483871 0.07682291666666671 0.3897429435483871 0.07430275537634413 0.38932291666666674 0.06800235215053768 0.3880628360215054 0.06254200268817207 0.38428259408602156 0.058761760752688214 0.38134240591397855 0.05624159946236563 0.3796622983870968
1 0.06464213709677423 0.15704805107526887 0.05960181451612907 0.153267809139785 0.05834173387096778 0.15116767473118284 0.056661626344086065 0.14864751344086027 0.05540154569892477 0.14570732526881722 0.05456149193548391 0.1423471102150538 0.05372143817204305 0.1394069220430108 0.05372143817204305 0.13394657258064518 0.05414146505376348 0.13016633064516134 0.05540154569892477 0.1255460349462366 0.056661626344086065 0.12176579301075273 0.058761760752688214 0.11798555107526885 0.06128192204301079 0.11504536290322584 0.06422211021505381 0.11168514784946242 0.06842237903225809 0.10790490591397853 0.0713625672043011 0.10580477150537639 0.07640288978494628 0.10244455645161295 0.08060315860215057 0.10034442204301079 0.08564348118279574 0.0990843413978495 0.0906838037634409 0.09824428763440865 0.09530409946236564 0.09824428763440865 0.10034442204301079 0.09824428763440865 0.10580477150537639 0.0990843413978495 0.11210517473118282 0.09992439516129036 0.11546538978494628 0.10076444892473123 0.11966565860215057 0.1032846102150538 0.12344590053763445 0.10664482526881724 0.1268061155913979 0.11084509408602154 0.1297463037634409 0.11420530913978498 0.13184643817204306 0.11756552419354843 0.13352654569892478 0.12176579301075273 0.13478662634408606 0.12596606182795703 0.1352066532258065 0.1297463037634409 0.13562668010752693 0.13352654569892478 0.13562668010752693 0.13730678763440862 0.1352066532258065 0.14192708333333337 0.1326864919354839 0.14570732526881722 0.13016633064516134 0.14948756720430112 0.12806619623655918 0.153267809139785 0.12512600806451615 0.15788810483870971 0.12302587365591401 0.16082829301075272 0.11756552419354843 0.16292842741935487 0.1129452284946237 0.16544858870967746 0.10832493279569896 0.16628864247311834 0.10286458333333338 0.1675487231182796 0.0990843413978495 0.16796875000000003 0.09446404569892476 0.16796875000000003 0.09026377688172046 0.16796875000000003 0.08648353494623659 0.16796875000000003 0.08186323924731186 0.1675487231182796 0.078082997311828 0.16628864247311834 0.07430275537634413 0.1646085349462366 0.07094254032258068 0.16208837365591403
1 0.21207157258064518 0.13352654569892478 0.20997143817204306 0.12806619623655918 0.2103914650537635 0.12512600806451615 0.21123151881720434 0.12134576612903229 0.2103914650537635 0.11840557795698928 0.20913138440860218 0.11378528225806456 0.20913138440860218 0.1104250672043011 0.20913138440860218 0.10664482526881724 0.2103914650537635 0.1032846102150538 0.21207157258064518 0.10034442204301079 0.21417170698924737 0.09698420698924734 0.21669186827956993 0.09404401881720434 0.21963205645161293 0.09152385752688176 0.2229922715053764 0.0894237231182796 0.22677251344086027 0.08690356182795703 0.23013272849462368 0.08564348118279574 0.2355930779569893 0.08396337365591401 0.2410534274193549 0.08270329301075273 0.2456737231182796 0.08228326612903229 0.2502940188172043 0.08228326612903229 0.25617439516129037 0.08270329301075273 0.2603746639784947 0.08354334677419359 0.2649949596774194 0.08522345430107531 0.26877520161290325 0.08648353494623659 0.2729754704301076 0.08816364247311831 0.27801579301075274 0.09026377688172046 0.2817960349462366 0.0919438844086022 0.2864163306451613 0.09404401881720434 0.28893649193548393 0.09698420698924734 0.29187668010752693 0.10034442204301079 0.2931367607526882 0.10454469086021509 0.29397681451612906 0.10958501344086026 0.2935567876344087 0.11252520161290326 0.2935567876344087 0.11630544354838714 0.2935567876344087 0.12092573924731186 0.2931367607526882 0.12512600806451615 0.2922967069892473 0.12764616935483875 0.29103662634408606 0.13100638440860218 0.28893649193548393 0.1352066532258065 0.28515625000000006 0.13982694892473121 0.28095598118279574 0.1436071908602151 0.27675571236559143 0.1465473790322581 0.2725554435483871 0.14822748655913984 0.2679351478494624 0.14990759408602153 0.26415490591397855 0.1507476478494624 0.25995463709677424 0.15158770161290328 0.25491431451612906 0.15158770161290328 0.2498739919354839 0.15200772849462368 0.24651377688172046 0.15284778225806456 0.24189348118279572 0.15284778225806456 0.237273185483871 0.15200772849462368 0.23181283602150543 0.14990759408602153 0.22719254032258068 0.1478074596774194 0.22341229838709684 0.1448672715053764 0.22005208333333337 0.14192708333333337 0.21585181451612906 0.13856686827956993
1 0.36328125000000006 0.16964885752688177 0.3595010080645162 0.16124831989247315 0.35824092741935487 0.1574680779569893 0.357400873655914 0.153267809139785 0.3569808467741936 0.14864751344086027 0.3569808467741936 0.1448672715053764 0.3569808467741936 0.14150705645161293 0.357400873655914 0.13772681451612906 0.3586609543010753 0.1326864919354839 0.36034106182795705 0.12890625000000006 0.3628612231182796 0.12596606182795703 0.36496135752688175 0.12344590053763445 0.3687415994623657 0.12134576612903229 0.37336189516129037 0.11924563172043015 0.3767221102150538 0.11840557795698928 0.3805023521505377 0.11840557795698928 0.38554267473118287 0.11840557795698928 0.3897429435483871 0.11882560483870971 0.39394321236559143 0.11924563172043015 0.3985635080645162 0.12050571236559145 0.40276377688172044 0.12176579301075273 0.4078040994623657 0.12386592741935488 0.41242439516129037 0.12596606182795703 0.4166246639784947 0.12848622311827962 0.4212449596774194 0.13184643817204306 0.42544522849462374 0.13604670698924737 0.4288054435483871 0.13898689516129037 0.43132560483870974 0.14276713709677422 0.432585685483871 0.14696740591397853 0.43300571236559143 0.15242775537634412 0.43300571236559143 0.15956821236559143 0.43300571236559143 0.16418850806451615 0.432585685483871 0.16796875000000003 0.43132560483870974 0.17216901881720434 0.43006552419354843 0.17762936827956993 0.42796538978494625 0.18098958333333337 0.42544522849462374 0.18350974462365596 0.423765120967742 0.1856098790322581 0.4216649865591398 0.18813004032258068 0.4166246639784947 0.18939012096774197 0.41242439516129037 0.19149025537634412 0.4069640456989248 0.19359038978494628 0.4036038306451613 0.19359038978494628 0.3989835349462366 0.19275033602150543 0.3926831317204301 0.19149025537634412 0.38848286290322587 0.19023017473118284 0.384702620967742 0.18855006720430112 0.38008232526881724 0.18644993279569896 0.37588205645161293 0.1839297715053764 0.3716817876344087 0.18056955645161293 0.3679015456989248 0.1772093413978495
1 0.30489751344086025 0.20031081989247315 0.29775705645161293 0.19569052419354843 0.29481686827956993 0.19359038978494628 0.2927167338709678 0.19191028225806456 0.2906165994623657 0.19023017473118284 0.28851646505376344 0.18855006720430112 0.28683635752688175 0.18602990591397853 0.28515625000000006 0.18350974462365596 0.28389616935483875 0.18014952956989252 0.28305611559139787 0.1772093413978495 0.28263608870967744 0.17510920698924737 0.2817960349462366 0.1717489919354839 0.2805359543010753 0.1688088037634409 0.279275873655914 0.16628864247311834 0.2788558467741936 0.1633484543010753 0.279275873655914 0.15998823924731187 0.28095598118279574 0.15788810483870971 0.2843161962365592 0.15536794354838712 0.28599630376344093 0.153267809139785 0.2893565188172043 0.14948756720430112 0.29187668010752693 0.14696740591397853 0.29439684139784955 0.1448672715053764 0.2964969758064517 0.14402721774193553 0.30027721774193555 0.14402721774193553 0.3053175403225807 0.14444724462365596 0.30909778225806456 0.14570732526881722 0.3120379704301076 0.1465473790322581 0.315398185483871 0.14822748655913984 0.31875840053763443 0.15032762096774197 0.32211861559139787 0.15158770161290328 0.32589885752688175 0.153267809139785 0.3288390456989248 0.15452788978494628 0.3321992607526882 0.15662802419354843 0.33387936827956993 0.15872815860215056 0.3351394489247312 0.16208837365591403 0.33639952956989255 0.16670866935483877 0.3376596102150538 0.17090893817204306 0.3384996639784947 0.17468918010752693 0.33975974462365593 0.17930947580645165 0.34101982526881724 0.18476982526881722 0.3418598790322581 0.18813004032258068 0.3418598790322581 0.19107022849462368 0.34101982526881724 0.19443044354838712 0.33891969086021506 0.19695060483870971 0.33639952956989255 0.19905073924731187 0.33387936827956993 0.2007308467741936 0.33009912634408606 0.2024109543010753 0.32757896505376344 0.20409106182795703 0.32421875000000006 0.20577116935483877 0.32001848118279574 0.20577116935483877 0.3149781586021506 0.20535114247311834 0.3086777553763441 0.20325100806451615
1 0.4649277553763441 0.20577116935483877 0.45946740591397855 0.2024109543010753 0.4556871639784947 0.19695060483870971 0.4548471102150538 0.19485047043010756 0.45400705645161293 0.19191028225806456 0.45316700268817206 0.18813004032258068 0.4527469758064517 0.18476982526881722 0.4519069220430108 0.18098958333333337 0.4519069220430108 0.17678931451612906 0.4519069220430108 0.17258904569892478 0.4527469758064517 0.1675487231182796 0.45442708333333337 0.16292842741935487 0.4561071908602151 0.15830813172043015 0.4586273521505377 0.15410786290322587 0.4615675403225807 0.15032762096774197 0.4649277553763441 0.1465473790322581 0.46912802419354843 0.14192708333333337 0.47206821236559143 0.1394069220430108 0.4758484543010753 0.1364667338709678 0.47920866935483875 0.1352066532258065 0.48382896505376344 0.13436659946236562 0.4880292338709678 0.13394657258064518 0.49264952956989255 0.13394657258064518 0.49726982526881724 0.13436659946236562 0.5006300403225806 0.1352066532258065 0.5039902553763441 0.13604670698924737 0.5073504704301076 0.13772681451612906 0.5115507392473119 0.14024697580645165 0.5144909274193549 0.14276713709677422 0.5170110887096775 0.14570732526881722 0.5191112231182796 0.14948756720430112 0.5207913306451614 0.15410786290322587 0.5212113575268817 0.15872815860215056 0.5216313844086022 0.16208837365591403 0.5216313844086022 0.16712869623655918 0.5212113575268817 0.1713289650537635 0.5199512768817205 0.17468918010752693 0.5191112231182796 0.1772093413978495 0.5182711693548387 0.18014952956989252 0.5170110887096775 0.18350974462365596 0.5153309811827957 0.1868699596774194 0.513650873655914 0.19023017473118284 0.5115507392473119 0.19275033602150543 0.5094506048387097 0.195270497311828 0.5069304435483871 0.198210685483871 0.5035702284946237 0.20115087365591403 0.4997899865591398 0.20451108870967746 0.49600974462365593 0.20703125000000003 0.49306955645161293 0.20871135752688177 0.48970934139784955 0.20955141129032262 0.4855090725806452 0.20955141129032262 0.4771085349462366 0.20955141129032262 0.471648185483871 0.20829133064516134
1 0.613197244623656 0.12050571236559145 0.6068968413978495 0.11798555107526885 0.5997563844086021 0.11420530913978498 0.5963961693548387 0.11084509408602154 0.5947160618279571 0.1087449596774194 0.5921959005376344 0.10664482526881724 0.5905157930107527 0.10412466397849467 0.5884156586021505 0.10160450268817207 0.5871555779569894 0.0990843413978495 0.5850554435483872 0.09572412634408606 0.5837953629032259 0.09278393817204304 0.5816952284946237 0.0894237231182796 0.5804351478494624 0.08564348118279574 0.5804351478494624 0.08060315860215057 0.5804351478494624 0.07430275537634413 0.5804351478494624 0.06884240591397853 0.5821152553763441 0.06422211021505381 0.5850554435483872 0.060441868279569926 0.5879956317204301 0.05834173387096778 0.5900957661290323 0.05750168010752692 0.5926159274193549 0.05708165322580649 0.5951360887096775 0.05708165322580649 0.5984963037634409 0.05708165322580649 0.6026965725806452 0.057921706989247354 0.6068968413978495 0.059181787634408636 0.6102570564516129 0.06086189516129036 0.6140372983870968 0.06296202956989251 0.6178175403225806 0.06506216397849467 0.6211777553763441 0.06716229838709681 0.6245379704301076 0.06926243279569896 0.6278981854838711 0.07220262096774198 0.6316784274193549 0.07598286290322584 0.6346186155913979 0.07976310483870971 0.6371387768817205 0.08312331989247317 0.6400789650537635 0.08732358870967746 0.6417590725806452 0.09152385752688176 0.6421790994623656 0.09362399193548392 0.6434391801075269 0.09740423387096778 0.6442792338709677 0.10076444892473123 0.6442792338709677 0.10412466397849467 0.6442792338709677 0.10706485215053768 0.6446992607526882 0.1104250672043011 0.6442792338709677 0.11420530913978498 0.6425991263440861 0.11672547043010756 0.6400789650537635 0.11882560483870971 0.6375588037634409 0.12092573924731186 0.6350386424731183 0.12218581989247317 0.6325184811827957 0.12302587365591401 0.6295782930107527 0.12386592741935488 0.6245379704301076 0.12386592741935488 0.6194976478494624 0.12260584677419359
1 0.7366851478494624 0.06632224462365595 0.7329049059139785 0.06296202956989251 0.7287046370967742 0.06170194892473122 0.7261844758064516 0.06128192204301079 0.7253444220430108 0.05960181451612907 0.7240843413978495 0.05708165322580649 0.7236643145161291 0.05288138440860219 0.7236643145161291 0.04910114247311832 0.72450436827957 0.04448084677419359 0.7257644489247312 0.040700604838709714 0.7266045026881721 0.03650033602150541 0.7278645833333334 0.03230006720430111 0.7299647177419355 0.02809979838709681 0.7320648521505377 0.02431955645161294 0.7341649865591399 0.0209593413978495 0.7371051747311828 0.017179099462365628 0.7400453629032259 0.013818884408602189 0.7425655241935484 0.010458669354838747 0.7459257392473119 0.0075184811827957365 0.7488659274193549 0.005418346774193587 0.7526461693548387 0.004578293010752727 0.7555863575268817 0.004578293010752727 0.7639868951612904 0.003318212365591436 0.7673471102150539 0.004578293010752727 0.7719674059139785 0.0075184811827957365 0.7744875672043011 0.009618615591397888 0.7765877016129034 0.011718750000000038 0.7791078629032259 0.013818884408602189 0.7807879704301076 0.0167590725806452 0.7820480510752688 0.02053931451612907 0.7828881048387097 0.02389952956989251 0.7833081317204301 0.026839717741935522 0.7833081317204301 0.03146001344086025 0.7833081317204301 0.03566028225806455 0.7824680779569894 0.039860551075268855 0.7807879704301076 0.04364079301075273 0.7786878360215055 0.04700100806451617 0.7770077284946237 0.04910114247311832 0.775327620967742 0.051621303763440894 0.7736475134408602 0.05372143817204305 0.7711273521505377 0.056661626344086065 0.7681871639784946 0.058761760752688214 0.7648269489247312 0.06086189516129036 0.7618867607526882 0.06254200268817207 0.7593665994623656 0.06464213709677423 0.7560063844086021 0.06590221774193553 0.7534862231182796 0.06674227150537639 0.7509660618279571 0.06716229838709681 0.7463457661290323 0.06758232526881724 0.7442456317204301 0.06758232526881724 0.7408854166666666 0.06758232526881724
1 0.6497395833333334 0.05708165322580649 0.6430191532258065 0.05414146505376348 0.6404989919354839 0.05204133064516133 0.6379788306451614 0.049941196236559175 0.6350386424731183 0.04826108870967746 0.6312584005376344 0.04574092741935488 0.6283182123655915 0.041960685483871 0.6278981854838711 0.039860551075268855 0.6274781586021505 0.036920362903225847 0.6274781586021505 0.03272009408602154 0.6278981854838711 0.02809979838709681 0.6295782930107527 0.023059475806451648 0.6316784274193549 0.01759912634408606 0.6337785618279571 0.012138776881720468 0.6371387768817205 0.007938508064516167 0.6400789650537635 0.004158266129032296 0.6434391801075269 0.0020581317204301456 0.6472194220430108 0.0007980510752688554 0.6532048051075272 0.0 0.6858618951612904 0.0016381048387097156 0.6892221102150539 0.002898185483871006 0.6917422715053764 0.004158266129032296 0.6955225134408602 0.006258400537634447 0.6988827284946237 0.010038642473118317 0.7014028897849462 0.013818884408602189 0.703082997311828 0.017179099462365628 0.7039230510752688 0.021379368279569932 0.7039230510752688 0.025579637096774233 0.7039230510752688 0.029779905913978534 0.7035030241935484 0.0335601478494624 0.7018229166666666 0.038180443548387136 0.7001428091397849 0.04238071236559144 0.6980426747311828 0.04658098118279574 0.6959425403225806 0.050781250000000035 0.6934223790322581 0.05456149193548391 0.6904821908602151 0.05750168010752692 0.6875420026881721 0.05960181451612907 0.6846018145161291 0.06128192204301079 0.6808215725806452 0.06296202956989251 0.6778813844086021 0.06380208333333337 0.6749411962365592 0.06506216397849467 0.6707409274193549 0.06548219086021509 0.6657006048387097 0.06548219086021509 0.6615003360215055 0.06548219086021509 0.658140120967742 0.06422211021505381 0.6543598790322581 0.06170194892473122
1 0.30615759408602156 0.039440524193548425 0.29775705645161293 0.03524025537634413 0.2935567876344087 0.03188004032258068 0.2906165994623657 0.029359879032258104 0.28809643817204306 0.026839717741935522 0.28557627688172044 0.02473958333333337 0.2817960349462366 0.0209593413978495 0.279275873655914 0.01843918010752692 0.2759156586021506 0.015078965053763478 0.2729754704301076 0.012138776881720468 0.27003528225806456 0.009198588709677458 0.26835517473118287 0.007098454301075307 0.2679351478494624 0.003738239247311866 0.2679351478494624 0.0007980510752688554 0.2679351478494624 0.0 0.36412130376344093 0.0003780241935484253 0.3653813844086022 0.0024781586021505758 0.3653813844086022 0.004998319892473156 0.3653813844086022 0.007938508064516167 0.3645413306451613 0.011298723118279608 0.36328125000000006 0.013398857526881759 0.3624411962365592 0.017179099462365628 0.36034106182795705 0.021799395161290362 0.3595010080645162 0.02473958333333337 0.35782090053763443 0.026839717741935522 0.35530073924731187 0.029359879032258104 0.35320060483870974 0.031039986559139823 0.34942036290322587 0.03398017473118284 0.345640120967742 0.03608030913978499 0.34101982526881724 0.039020497311827995 0.3376596102150538 0.040280577956989284 0.33345934139784955 0.041120631720430144 0.3284190188172043 0.041960685483871 0.32505880376344093 0.041960685483871 0.31917842741935487 0.04154065860215058 0.312457997311828 0.041120631720430144
1 0.07682291666666671 0.04364079301075273 0.06548219086021509 0.04448084677419359 0.059181787634408636 0.04364079301075273 0.05498151881720434 0.04154065860215058 0.05246135752688176 0.039440524193548425 0.049941196236559175 0.037760416666666706 0.04700100806451617 0.03566028225806455 0.04448084677419359 0.03146001344086025 0.04364079301075273 0.02809979838709681 0.04238071236559144 0.025159610215053804 0.041960685483871 0.02263944892473122 0.041960685483871 0.01927923387096778 0.041960685483871 0.01549899193548391 0.04238071236559144 0.011718750000000038 0.04280073924731187 0.008778561827957028 0.04364079301075273 0.005838373655914017 0.04490087365591402 0.003318212365591436 0.048681115591397886 0.0007980510752688554 0.057921706989247354 0.0007980510752688554 0.12495799731183123 0.0 0.12932627688172046 0.0016381048387097156 0.13184643817204306 0.006258400537634447 0.13100638440860218 0.008778561827957028 0.12848622311827962 0.011298723118279608 0.1268061155913979 0.014238911290322618 0.12470598118279574 0.017179099462365628 0.12344590053763445 0.01927923387096778 0.12092573924731186 0.023059475806451648 0.11756552419354843 0.026419690860215093 0.1129452284946237 0.03019993279569896 0.1087449596774194 0.03272009408602154 0.10496471774193553 0.0348202284946237 0.10118447580645165 0.03650033602150541 0.0990843413978495 0.037760416666666706 0.0948840725806452 0.039440524193548425 0.09110383064516132 0.040700604838709714 0.08648353494623659 0.04238071236559144 0.08144321236559143 0.04280073924731187
0 0.09446404569892476 0.012138776881720468 0.08396337365591401 0.01633904569892477 0.08144321236559143 0.01801915322580649 0.07934307795698928 0.01885920698924735 0.07682291666666671 0.01927923387096778 0.07430275537634413 0.02011928763440864 0.07178259408602154 0.02053931451612907 0.06926243279569896 0.021379368279569932 0.06716229838709681 0.021379368279569932 0.06380208333333337 0.021379368279569932 0.06128192204301079 0.021379368279569932 0.058761760752688214 0.02053931451612907 0.059181787634408636 0.01843918010752692 0.06212197580645165 0.01549899193548391 0.06422211021505381 0.013398857526881759 0.06590221774193553 0.010878696236559179 0.06842237903225809 0.008778561827957028 0.07052251344086026 0.006678427419354877 0.07262264784946242 0.005838373655914017 0.07472278225806456 0.004578293010752727 0.07766297043010756 0.004158266129032296 0.08144321236559143 0.002898185483871006 0.08690356182795703 0.0012180779569892855 0.08984375000000004 0.0003780241935484253 0.08984375000000004 0.0003780241935484253 0.0990843413978495 0.0003780241935484253 0.1087449596774194 0.0007980510752688554 0.1074848790322581 0.002898185483871006 0.10580477150537639 0.004998319892473156 0.1032846102150538 0.007098454301075307 0.09992439516129036 0.009618615591397888
0 0.32421875000000006 0.012138776881720468 0.315398185483871 0.011298723118279608 0.3099378360215054 0.008778561827957028 0.3027973790322581 0.005838373655914017 0.2985971102150538 0.003318212365591436 0.29523689516129037 0.0007980510752688554 0.3187794018817216 0.0 0.3225386424731183 0.0007980510752688554 0.3313592069892473 0.003318212365591436 0.33387936827956993 0.004158266129032296 0.3355594758064517 0.004998319892473156 0.3384996639784947 0.006678427419354877 0.34101982526881724 0.008358534946236597 0.3414398521505377 0.010878696236559179 0.33891969086021506 0.013398857526881759 0.3351394489247312 0.014238911290322618 0.3317792338709678 0.014238911290322618
0 0.25197412634408606 0.12050571236559145 0.24189348118279572 0.12092573924731186 0.23895329301075272 0.12008568548387101 0.237273185483871 0.12008568548387101 0.23349294354838712 0.12008568548387101 0.23097278225806456 0.11966565860215057 0.22761256720430112 0.11924563172043015 0.22509240591397853 0.11840557795698928 0.22425235215053765 0.11504536290322584 0.22719254032258068 0.11168514784946242 0.23055275537634412 0.10958501344086026 0.23391297043010756 0.10790490591397853 0.23685315860215056 0.1074848790322581 0.24063340053763446 0.10706485215053768 0.24441364247311834 0.10706485215053768 0.24903393817204306 0.10706485215053768 0.25197412634408606 0.10706485215053768 0.2553343413978495 0.10706485215053768 0.25827452956989255 0.10706485215053768 0.26121471774193555 0.10706485215053768 0.26583501344086025 0.1074848790322581 0.26919522849462374 0.10916498655913982 0.27213541666666674 0.11084509408602154 0.27465557795698925 0.11336525537634413 0.273395497311828 0.11630544354838714 0.2696152553763441 0.11756552419354843 0.2654149865591398 0.11924563172043015 0.2595346102150538 0.12050571236559145
0 0.09824428763440865 0.14108702956989252 0.0906838037634409 0.14276713709677422 0.08816364247311831 0.14318716397849465 0.08564348118279574 0.1436071908602151 0.08186323924731186 0.1436071908602151 0.07850302419354843 0.1436071908602151 0.07472278225806456 0.14318716397849465 0.07304267473118282 0.1423471102150538 0.07262264784946242 0.13856686827956993 0.07430275537634413 0.1352066532258065 0.07766297043010756 0.13142641129032262 0.08144321236559143 0.12848622311827962 0.08606350806451617 0.12596606182795703 0.0894237231182796 0.12470598118279574 0.0923639112903226 0.12386592741935488 0.09698420698924734 0.12344590053763445 0.10160450268817207 0.12302587365591401 0.10538474462365595 0.12302587365591401 0.10790490591397853 0.12302587365591401 0.11126512096774198 0.12302587365591401 0.11378528225806456 0.12386592741935488 0.11546538978494628 0.12470598118279574 0.11420530913978498 0.12806619623655918 0.1129452284946237 0.13016633064516134 0.11126512096774198 0.1326864919354839 0.10832493279569896 0.13604670698924737 0.10412466397849467 0.13898689516129037
0 0.312457997311828 0.1797295026881721 0.30741767473118287 0.17594926075268819 0.30489751344086025 0.1717489919354839 0.3023773521505377 0.16796875000000003 0.3015372983870968 0.16544858870967746 0.3027973790322581 0.16250840053763446 0.3057375672043011 0.1633484543010753 0.30825772849462374 0.1646085349462366 0.31035786290322587 0.16628864247311834 0.3128780241935484 0.16796875000000003 0.3149781586021506 0.16964885752688177 0.3179183467741936 0.17216901881720434 0.3195984543010753 0.17510920698924737 0.32127856182795705 0.1772093413978495 0.32211861559139787 0.18014952956989252 0.32169858870967744 0.18224966397849465 0.318338373655914 0.1839297715053764 0.31581821236559143 0.18224966397849465
0 0.393523185483871 0.16250840053763446 0.3868027553763441 0.15494791666666669 0.37840221774193555 0.14738743279569896 0.37630208333333337 0.1448672715053764 0.3746219758064517 0.14318716397849465 0.37336189516129037 0.14108702956989252 0.37336189516129037 0.1394069220430108 0.37714213709677424 0.13898689516129037 0.38134240591397855 0.14024697580645165 0.38848286290322587 0.1423471102150538 0.39940356182795705 0.14990759408602153 0.4019237231182796 0.15242775537634412 0.40570396505376344 0.15704805107526887 0.40822412634408606 0.15998823924731187 0.4094842069892473 0.16250840053763446 0.4103242607526882 0.16502856182795703 0.4103242607526882 0.16838877688172046 0.4103242607526882 0.1713289650537635 0.40906418010752693 0.1713289650537635 0.40570396505376344 0.16964885752688177 0.40276377688172044 0.16712869623655918 0.3989835349462366 0.1646085349462366
0 0.4758484543010753 0.1772093413978495 0.4787886424731183 0.1688088037634409 0.4800487231182796 0.16628864247311834 0.4817288306451613 0.1633484543010753 0.48340893817204306 0.16124831989247315 0.4855090725806452 0.15872815860215056 0.4880292338709678 0.15662802419354843 0.49222950268817206 0.15368783602150543 0.49558971774193555 0.15242775537634412 0.49642977150537637 0.156207997311828 0.4968497983870968 0.15872815860215056 0.49726982526881724 0.1616683467741936 0.49726982526881724 0.1646085349462366 0.4968497983870968 0.1675487231182796 0.49558971774193555 0.17090893817204306 0.49432963709677424 0.17384912634408606 0.49264952956989255 0.17678931451612906 0.4909694220430108 0.17930947580645165 0.4880292338709678 0.1826696908602151 0.4859290994623657 0.18476982526881722 0.4829889112903226 0.1868699596774194 0.4800487231182796 0.18897009408602153 0.47752856182795705 0.19065020161290328 0.4758484543010753 0.18476982526881722
0 0.6119371639784946 0.0961441532258065 0.6060567876344086 0.08900369623655918 0.6043766801075269 0.08480342741935488 0.6031165994623656 0.08228326612903229 0.6031165994623656 0.07934307795698928 0.6043766801075269 0.07640288978494628 0.6064768145161291 0.07640288978494628 0.6085769489247312 0.07640288978494628 0.6127772177419355 0.07976310483870971 0.6152973790322581 0.08186323924731186 0.6165574596774195 0.08480342741935488 0.6178175403225806 0.08690356182795703 0.619077620967742 0.08900369623655918 0.6207577284946237 0.09152385752688176 0.6220178091397849 0.09404401881720434 0.6232778897849462 0.09656418010752693 0.6236979166666666 0.09950436827956993 0.6236979166666666 0.1032846102150538 0.6194976478494624 0.10286458333333338 0.6157174059139785 0.09992439516129036
0 0.6749411962365592 0.01969926075268821 0.6715809811827957 0.02473958333333337 0.6703209005376344 0.027259744623655952 0.6682207661290323 0.029779905913978534 0.6665406586021505 0.03188004032258068 0.6631804435483872 0.0335601478494624 0.6602402553763441 0.03314012096774197 0.6594002016129034 0.028939852150537675 0.6602402553763441 0.025999663978494663 0.6619203629032259 0.023059475806451648 0.6631804435483872 0.0209593413978495 0.6644405241935484 0.01843918010752692 0.6665406586021505 0.0167590725806452 0.6690608198924732 0.015078965053763478 0.6715809811827957 0.013398857526881759 0.6753612231182796 0.015078965053763478
0 0.08522345430107531 0.3683215725806452 0.07892305107526885 0.3687415994623657 0.07472278225806456 0.36622143817204306 0.07010248655913982 0.36370127688172044 0.06632224462365595 0.3624411962365592 0.06506216397849467 0.3586609543010753 0.06926243279569896 0.3565608198924731 0.07262264784946242 0.35488071236559143 0.07682291666666671 0.3536206317204301 0.07976310483870971 0.35320060483870974 0.08270329301075273 0.35278057795698925 0.08522345430107531 0.35278057795698925 0.08858366935483875 0.35278057795698925 0.0923639112903226 0.35278057795698925 0.09572412634408606 0.3536206317204301 0.09950436827956993 0.354460685483871 0.10286458333333338 0.35488071236559143 0.10580477150537639 0.35530073924731187 0.10538474462365595 0.35782090053763443 0.10412466397849467 0.36076108870967744 0.10202452956989251 0.3628612231182796 0.0990843413978495 0.36496135752688175 0.09446404569892476 0.36664146505376344 0.0906838037634409 0.3679015456989248
0 0.27213541666666674 0.3826024865591398 0.26415490591397855 0.38428259408602156 0.2595346102150538 0.38554267473118287 0.25617439516129037 0.38638272849462374 0.25281418010752693 0.38722278225806456 0.2498739919354839 0.38722278225806456 0.24735383064516134 0.38722278225806456 0.24483366935483877 0.38722278225806456 0.24315356182795703 0.3868027553763441 0.24231350806451615 0.3838625672043011 0.2439936155913979 0.38134240591397855 0.24651377688172046 0.37840221774193555 0.24903393817204306 0.37546202956989255 0.25281418010752693 0.37210181451612906 0.25575436827956993 0.3708417338709678 0.25869455645161293 0.37000168010752693 0.26289482526881724 0.3687415994623657 0.267515120967742 0.3674815188172043 0.27213541666666674 0.36664146505376344 0.2759156586021506 0.36622143817204306 0.2788558467741936 0.3658014112903226 0.28263608870967744 0.3658014112903226 0.2872563844086022 0.36622143817204306 0.29103662634408606 0.36706149193548393 0.2927167338709678 0.3679015456989248 0.29145665322580644 0.3704217069892473 0.28683635752688175 0.37504200268817206 0.2843161962365592 0.37714213709677424 0.2805359543010753 0.3796622983870968
0 0.15410786290322587 0.47248823924731187 0.14612735215053765 0.4771085349462366 0.14402721774193553 0.47836861559139787 0.14150705645161293 0.48088877688172044 0.13856686827956993 0.4825688844086022 0.13478662634408606 0.48340893817204306 0.13226646505376347 0.48424899193548393 0.12764616935483875 0.48424899193548393 0.12596606182795703 0.48340893817204306 0.12890625000000006 0.48088877688172044 0.13142641129032262 0.4771085349462366 0.13478662634408606 0.4737483198924731 0.13730678763440862 0.471648185483871 0.14108702956989252 0.468707997311828 0.14318716397849465 0.46660786290322587 0.14612735215053765 0.462827620967742 0.14906754032258068 0.46114751344086025 0.15200772849462368 0.45946740591397855 0.15494791666666669 0.45820732526881724 0.15830813172043015 0.45694724462365593 0.16208837365591403 0.4561071908602151 0.16250840053763446 0.45946740591397855 0.1604082661290323 0.46450772849462374 0.15788810483870971 0.4678679435483871
0 0.040700604838709714 0.4607274865591398 0.03019993279569896 0.46408770161290325 0.02809979838709681 0.46408770161290325 0.025159610215053804 0.46408770161290325 0.021799395161290362 0.46408770161290325 0.01885920698924735 0.4632476478494624 0.0167590725806452 0.4590473790322581 0.0209593413978495 0.4561071908602151 0.02473958333333337 0.45400705645161293 0.026839717741935522 0.4519069220430108 0.03019993279569896 0.45022681451612906 0.0335601478494624 0.4485467069892473 0.03650033602150541 0.44728662634408606 0.039440524193548425 0.44728662634408606 0.04280073924731187 0.44728662634408606 0.04574092741935488 0.44770665322580644 0.049521169354838745 0.4489667338709678 0.05288138440860219 0.4498067876344087 0.055821572580645205 0.45064684139784955 0.05372143817204305 0.45316700268817206 0.05120127688172047 0.45526713709677424 0.0474210349462366 0.4577872983870968
0 0.2960769489247312 0.5279317876344086 0.2813760080645162 0.5283518145161291 0.27717573924731187 0.5279317876344086 0.27213541666666674 0.5270917338709677 0.26877520161290325 0.5262516801075269 0.2662550403225807 0.5254116263440861 0.26709509408602156 0.5207913306451614 0.2696152553763441 0.5186911962365592 0.2738155241935484 0.5165910618279571 0.2788558467741936 0.5149109543010754 0.2834761424731183 0.5144909274193549 0.28809643817204306 0.5140709005376345 0.2922967069892473 0.513650873655914 0.2960769489247312 0.5132308467741936 0.2994371639784947 0.5132308467741936 0.303637432795699 0.5132308467741936 0.30741767473118287 0.5140709005376345 0.3116179435483871 0.5157510080645162 0.3149781586021506 0.5165910618279571 0.31875840053763443 0.5174311155913979 0.31623823924731187 0.5203713037634409 0.3120379704301076 0.5228914650537635 0.3044774865591398 0.5266717069892474
0 0.03272009408602154 0.5955561155913979 0.02431955645161294 0.59765625 0.022219422043010792 0.5980762768817205 0.01927923387096778 0.5984963037634409 0.0167590725806452 0.5984963037634409 0.014238911290322618 0.5984963037634409 0.012138776881720468 0.59765625 0.008778561827957028 0.5955561155913979 0.009618615591397888 0.591775873655914 0.013818884408602189 0.5905157930107527 0.01843918010752692 0.5892557123655915 0.02263944892473122 0.5879956317204301 0.026839717741935522 0.5867355510752688 0.029779905913978534 0.585895497311828 0.0335601478494624 0.585895497311828 0.037760416666666706 0.5854754704301076 0.04154065860215058 0.5846354166666666 0.04574092741935488 0.5846354166666666 0.048681115591397886 0.5846354166666666 0.051621303763440894 0.5846354166666666 0.049941196236559175 0.5884156586021505 0.04658098118279574 0.5909358198924732 0.04238071236559144 0.5926159274193549 0.038180443548387136 0.5938760080645161
0 0.23013272849462368 0.6480594758064516 0.21669186827956993 0.6505796370967742 0.2145917338709678 0.6514196908602151 0.21249159946236562 0.6526797715053764 0.20829133064516134 0.6530997983870968 0.2024109543010753 0.6526797715053764 0.20031081989247315 0.6505796370967742 0.2019909274193549 0.64637936827957 0.20535114247311834 0.6434391801075269 0.20913138440860218 0.6409190188172044 0.21249159946236562 0.6392389112903226 0.21711189516129037 0.6371387768817205 0.22131216397849465 0.6358786962365592 0.22509240591397853 0.6350386424731183 0.22971270161290328 0.6350386424731183 0.23349294354838712 0.6350386424731183 0.23811323924731187 0.6350386424731183 0.2410534274193549 0.6350386424731183 0.24441364247311834 0.6354586693548387 0.24777385752688177 0.63671875 0.24861391129032262 0.6400789650537635 0.24651377688172046 0.6425991263440861 0.24357358870967746 0.6446992607526882 0.2385332661290323 0.6455393145161291
0 0.3746219758064517 0.730384744623656 0.3683215725806452 0.730384744623656 0.36412130376344093 0.7291246639784946 0.36118111559139787 0.7278645833333334 0.3586609543010753 0.7261844758064516 0.35530073924731187 0.72450436827957 0.35236055107526887 0.7232442876344086 0.3511004704301076 0.7211441532258065 0.3536206317204301 0.7194640456989247 0.35614079301075274 0.7182039650537635 0.35908098118279574 0.7173639112903226 0.3624411962365592 0.7161038306451614 0.36664146505376344 0.7152637768817205 0.36958165322580644 0.71484375 0.3742019489247312 0.71484375 0.37882224462365593 0.7152637768817205 0.3821824596774194 0.7165238575268817 0.38554267473118287 0.7182039650537635 0.38932291666666674 0.7203040994623656 0.3926831317204301 0.7232442876344086 0.39226310483870974 0.7253444220430108 0.387642809139785 0.7266045026881721 0.3838625672043011 0.7282846102150539 0.38008232526881724 0.7295446908602151
0 0.32505880376344093 0.8458921370967742 0.315398185483871 0.8488323252688172 0.312457997311828 0.8505124327956989 0.309517809139785 0.8509324596774195 0.3057375672043011 0.8517725134408602 0.30069724462365593 0.8517725134408602 0.2964969758064517 0.8509324596774195 0.2935567876344087 0.8492523521505377 0.29481686827956993 0.8446320564516129 0.29733702956989255 0.84169186827957 0.30111727150537637 0.8383316532258065 0.30489751344086025 0.8362315188172044 0.30909778225806456 0.8349714381720431 0.31329805107526887 0.8341313844086022 0.318338373655914 0.8328713037634409 0.32211861559139787 0.8316112231182796 0.3263188844086022 0.8303511424731183 0.3296790994623657 0.8295110887096775 0.3321992607526882 0.8295110887096775 0.3351394489247312 0.8295110887096775 0.3384996639784947 0.8303511424731183 0.3376596102150538 0.8341313844086022 0.3355594758064517 0.8370715725806452 0.3317792338709678 0.8408518145161291
0 0.43426579301075274 0.8761340725806452 0.43300571236559143 0.8702536962365592 0.4321656586021506 0.8664734543010754 0.4321656586021506 0.8626932123655915 0.4321656586021506 0.8589129704301076 0.4321656586021506 0.8547127016129034 0.43300571236559143 0.8509324596774195 0.4338457661290323 0.847572244623656 0.4351058467741936 0.8433719758064516 0.435525873655914 0.8400117607526882 0.43888608870967744 0.8429519489247312 0.4405661962365592 0.8463121639784946 0.4426663306451613 0.8505124327956989 0.4439264112903226 0.8542926747311828 0.44434643817204306 0.8584929435483872 0.44476646505376344 0.8622731854838711 0.44476646505376344 0.8660534274193549 0.44476646505376344 0.8698336693548387 0.4435063844086022 0.8744539650537635 0.4430863575268818 0.8773941532258065 0.44224630376344093 0.8811743951612904 0.44140625000000006 0.8836945564516129 0.43888608870967744 0.8832745295698925 0.43720598118279574 0.8803343413978495
0 0.5157510080645162 0.8303511424731183 0.5090305779569892 0.8236307123655915 0.5060903897849462 0.8198504704301076 0.5044102822580645 0.8173303091397849 0.5039902553763441 0.8135500672043011 0.5044102822580645 0.8106098790322581 0.5056703629032259 0.8080897177419356 0.5069304435483871 0.8059895833333334 0.5090305779569892 0.8068296370967742 0.510710685483871 0.8101898521505377 0.5132308467741936 0.8135500672043011 0.5157510080645162 0.8164902553763441 0.5178511424731184 0.8194304435483872 0.5199512768817205 0.8223706317204301 0.5216313844086022 0.8253108198924732 0.5233114919354839 0.8290910618279571 0.5245715725806452 0.8341313844086022 0.5249915994623656 0.8383316532258065 0.5237315188172044 0.8387516801075269 0.5199512768817205 0.8362315188172044
0 0.381762432795699 0.9479586693548387 0.37000168010752693 0.9416582661290323 0.3679015456989248 0.9403981854838711 0.3653813844086022 0.9391381048387097 0.3628612231182796 0.9370379704301076 0.3624411962365592 0.9332577284946237 0.36496135752688175 0.9311575940860216 0.36706149193548393 0.9311575940860216 0.37210181451612906 0.931577620967742 0.37546202956989255 0.9328377016129034 0.37882224462365593 0.9349378360215055 0.381762432795699 0.9370379704301076 0.3838625672043011 0.9382980510752689 0.387642809139785 0.9395581317204301 0.39142305107526887 0.9412382392473119 0.393523185483871 0.9429183467741936 0.39520329301075274 0.9450184811827957 0.3960433467741936 0.9471186155913979 0.3956233198924731 0.9496387768817205 0.39436323924731187 0.9513188844086022 0.39184307795698925 0.9521589381720431 0.3897429435483871 0.9521589381720431 0.387642809139785 0.9517389112903226
0 0.07178259408602154 0.8891549059139785 0.06338205645161295 0.8845346102150539 0.06128192204301079 0.8828545026881721 0.059181787634408636 0.8811743951612904 0.058761760752688214 0.8790742607526882 0.0600218413978495 0.8761340725806452 0.06212197580645165 0.8736139112903226 0.06464213709677423 0.8731938844086022 0.0696824596774194 0.8731938844086022 0.07178259408602154 0.8736139112903226 0.07556283602150542 0.8752940188172044 0.07766297043010756 0.8761340725806452 0.07934307795698928 0.8778141801075269 0.08186323924731186 0.8799143145161291 0.08354334677419359 0.8824344758064516 0.08438340053763445 0.886634744623656 0.08480342741935488 0.8891549059139785 0.08186323924731186 0.8904149865591399 0.07892305107526885 0.8908350134408602
0 0.8232106854838711 0.9853410618279571 0.8244707661290323 0.9756804435483872 0.826150873655914 0.9731602822580645 0.8269909274193549 0.9719002016129034 0.8282510080645161 0.9689600134408602 0.8299311155913979 0.9651797715053764 0.8316112231182796 0.9622395833333334 0.8349714381720431 0.9613995295698925 0.8366515456989247 0.9622395833333334 0.8370715725806452 0.9655997983870968 0.8370715725806452 0.9693800403225806 0.8374915994623656 0.9735803091397849 0.8362315188172044 0.9815608198924732 0.8345514112903226 0.9903813844086022 0.8308755760368665 0.9989583333333333 0.8274109543010754 0.9989583333333333 0.8240507392473119 0.9989583333333333 0.8236307123655915 0.9916414650537635
0 0.8912550403225806 0.9298975134408602 0.8862147177419356 0.9231770833333334 0.8841145833333334 0.91981686827957 0.8828545026881721 0.9172967069892474 0.8820144489247312 0.9139364919354839 0.88075436827957 0.9097362231182796 0.8794942876344086 0.9063760080645161 0.8782342069892474 0.9034358198924732 0.8778141801075269 0.9000756048387097 0.8778141801075269 0.8979754704301076 0.8820144489247312 0.8988155241935484 0.8878948252688172 0.9038558467741936 0.8895749327956989 0.9055359543010754 0.8916750672043011 0.9080561155913979 0.8937752016129034 0.9109963037634409 0.8958753360215055 0.9135164650537635 0.8979754704301076 0.9160366263440861 0.8996555779569894 0.9185567876344086 0.9017557123655915 0.9210769489247312 0.9038558467741936 0.9244371639784946 0.9055359543010754 0.9277973790322581 0.9067960349462366 0.9307375672043011 0.9072160618279571 0.9332577284946237 0.9080561155913979 0.937457997311828 0.9080561155913979 0.9399781586021505 0.9059559811827957 0.9416582661290323 0.9034358198924732 0.9391381048387097 0.9000756048387097 0.9366179435483872 0.8954553091397849 0.9328377016129034
0 0.9622395833333334 0.8307711693548387 0.9546790994623656 0.8366515456989247 0.9525789650537635 0.8383316532258065 0.9508988575268817 0.8400117607526882 0.9471186155913979 0.8425319220430108 0.9450184811827957 0.8442120295698925 0.9429183467741936 0.8442120295698925 0.9387180779569894 0.8446320564516129 0.9353578629032259 0.8442120295698925 0.9357778897849462 0.8421118951612904 0.937457997311828 0.8395917338709677 0.9391381048387097 0.8362315188172044 0.9420782930107527 0.8324512768817205 0.9445984543010754 0.8299311155913979 0.9471186155913979 0.8278309811827957 0.9513188844086022 0.8253108198924732 0.9550991263440861 0.8232106854838711 0.9597194220430108 0.8206905241935484 0.9639196908602151 0.8194304435483872 0.9668598790322581 0.8177503360215055 0.9698000672043011 0.8169102822580645 0.9723202284946237 0.8169102822580645 0.9710601478494624 0.8215305779569894 0.9693800403225806 0.8244707661290323 0.9660198252688172 0.8286710349462366
0 0.8341313844086022 0.5913558467741936 0.8282510080645161 0.6018565188172044 0.8265709005376344 0.6039566532258065 0.8244707661290323 0.6056367607526882 0.8219506048387097 0.6085769489247312 0.8185903897849462 0.6110971102150539 0.8169102822580645 0.6098370295698925 0.8160702284946237 0.6056367607526882 0.8177503360215055 0.6035366263440861 0.8198504704301076 0.6005964381720431 0.8219506048387097 0.5972362231182796 0.8236307123655915 0.5947160618279571 0.826150873655914 0.5913558467741936 0.8286710349462366 0.5871555779569894 0.8307711693548387 0.5833753360215055 0.8353914650537635 0.5808551747311828 0.8383316532258065 0.5850554435483872
0 0.9471186155913979 0.4821488575268818 0.9399781586021505 0.47752856182795705 0.9332577284946237 0.4708081317204301 0.9324176747311828 0.4678679435483871 0.9311575940860216 0.465767809139785 0.9290574596774195 0.462827620967742 0.9273773521505377 0.459887432795699 0.925697244623656 0.45694724462365593 0.9235971102150539 0.4548471102150538 0.9235971102150539 0.45316700268817206 0.9277973790322581 0.4523269489247312 0.9303175403225806 0.45358702956989255 0.9328377016129034 0.4548471102150538 0.9353578629032259 0.45652721774193555 0.9399781586021505 0.45946740591397855 0.9437584005376344 0.4615675403225807 0.9466985887096775 0.46366767473118287 0.94921875 0.46660786290322587 0.9517389112903226 0.46954805107526887 0.9542590725806452 0.47206821236559143 0.9559391801075269 0.4741683467741936 0.9580393145161291 0.4771085349462366 0.9601394489247312 0.48088877688172044 0.9618195564516129 0.48424899193548393 0.9630796370967742 0.48676915322580644 0.9643397177419356 0.48928931451612906 0.9626596102150539 0.4909694220430108 0.95887936827957 0.4888692876344087 0.9546790994623656 0.48676915322580644
1 0.8232106854838711 0.7476058467741936 0.8274109543010754 0.742145497311828 0.8299311155913979 0.7392053091397849 0.8328713037634409 0.7379452284946237 0.8353914650537635 0.7366851478494624 0.8400117607526882 0.7366851478494624 0.8458921370967742 0.7375252016129034 0.8509324596774195 0.7392053091397849 0.8559727822580645 0.7413054435483872 0.8610131048387097 0.7442456317204301 0.865213373655914 0.7476058467741936 0.8689936155913979 0.7501260080645161 0.8727738575268817 0.75390625 0.8765540994623656 0.7572664650537635 0.8790742607526882 0.7618867607526882 0.88075436827957 0.7652469758064516 0.8828545026881721 0.769447244623656 0.8841145833333334 0.7732274865591399 0.8845346102150539 0.7770077284946237 0.8845346102150539 0.7816280241935484 0.8841145833333334 0.7862483198924732 0.8832745295698925 0.7904485887096775 0.8820144489247312 0.7942288306451614 0.8803343413978495 0.7992691532258065 0.8782342069892474 0.80262936827957 0.8744539650537635 0.8055695564516129 0.8681535618279571 0.808509744623656 0.8605930779569894 0.8064096102150539 0.8584929435483872 0.8055695564516129 0.8542926747311828 0.8038894489247312 0.8488323252688172 0.80262936827957 0.8442120295698925 0.8017893145161291 0.8404317876344086 0.8005292338709677 0.8374915994623656 0.7988491263440861 0.8353914650537635 0.7971690188172044 0.8332913306451614 0.7954889112903226 0.8307711693548387 0.7925487231182796 0.8278309811827957 0.7887684811827957 0.826150873655914 0.7858282930107527 0.8240507392473119 0.7820480510752688 0.8227906586021505 0.7782678091397849 0.8211105510752689 0.7732274865591399 0.820270497311828 0.769447244623656 0.8190104166666666 0.7656670026881721 0.8181703629032259 0.7618867607526882 0.8190104166666666 0.7564264112903226 0.820270497311828 0.7522261424731183
1 0.9576192876344086 0.8677335349462366 0.9471186155913979 0.8689936155913979 0.943338373655914 0.8681535618279571 0.9391381048387097 0.8677335349462366 0.9349378360215055 0.8664734543010754 0.9311575940860216 0.8639532930107527 0.9277973790322581 0.8614331317204301 0.9252772177419356 0.859332997311828 0.9231770833333334 0.8568128360215055 0.9210769489247312 0.8530325940860216 0.9189768145161291 0.8484122983870968 0.9181367607526882 0.8446320564516129 0.9177167338709677 0.8404317876344086 0.9177167338709677 0.8358114919354839 0.9177167338709677 0.8316112231182796 0.9189768145161291 0.8274109543010754 0.9210769489247312 0.8232106854838711 0.9244371639784946 0.8181703629032259 0.9273773521505377 0.8139700940860216 0.9298975134408602 0.8110299059139785 0.9328377016129034 0.8076696908602151 0.9361979166666666 0.8043094758064516 0.9399781586021505 0.8005292338709677 0.943338373655914 0.7988491263440861 0.9462785618279571 0.7980090725806452 0.9487987231182796 0.7971690188172044 0.9550991263440861 0.7950688844086021 0.9597194220430108 0.7946488575268817 0.9655997983870968 0.7942288306451614 0.9719002016129034 0.7942288306451614 0.9756804435483872 0.7954889112903226 0.9790406586021505 0.7984290994623656 0.9832409274193549 0.8013692876344086 0.9861811155913979 0.8064096102150539 0.9874411962365592 0.8097698252688172 0.9899613575268817 0.8135500672043011 0.9929015456989247 0.8177503360215055 0.9945816532258065 0.8219506048387097 0.9954217069892474 0.8257308467741936 0.9954217069892474 0.8299311155913979 0.9941616263440861 0.8337113575268817 0.9924815188172044 0.8379116263440861 0.9899613575268817 0.8425319220430108 0.9874411962365592 0.8463121639784946 0.9832409274193549 0.8505124327956989 0.9794606854838711 0.8547127016129034 0.9761004704301076 0.8572328629032259 0.9727402553763441 0.8601730510752689 0.9693800403225806 0.8626932123655915 0.9643397177419356 0.8656334005376344
1 0.8660534274193549 0.9395581317204301 0.8601730510752689 0.9290574596774195 0.8589129704301076 0.9248571908602151 0.8580729166666666 0.9223370295698925 0.8563928091397849 0.9185567876344086 0.8555527553763441 0.9147765456989247 0.8555527553763441 0.9084761424731183 0.8563928091397849 0.9025957661290323 0.8589129704301076 0.8971354166666666 0.8614331317204301 0.892515120967742 0.8639532930107527 0.8883148521505377 0.8664734543010754 0.8849546370967742 0.8702536962365592 0.8815944220430108 0.8736139112903226 0.8794942876344086 0.8769741263440861 0.8790742607526882 0.8811743951612904 0.8790742607526882 0.8857946908602151 0.8799143145161291 0.8908350134408602 0.8815944220430108 0.8954553091397849 0.8832745295698925 0.8996555779569894 0.8853746639784946 0.9034358198924732 0.8878948252688172 0.9080561155913979 0.8912550403225806 0.9126764112903226 0.8950352822580645 0.9151965725806452 0.8979754704301076 0.9181367607526882 0.9021757392473119 0.9202368951612904 0.9059559811827957 0.9214969758064516 0.9093161962365592 0.9231770833333334 0.9139364919354839 0.9235971102150539 0.9185567876344086 0.9244371639784946 0.9235971102150539 0.9252772177419356 0.9286374327956989 0.925697244623656 0.9319976478494624 0.9261172715053764 0.9361979166666666 0.9265372983870968 0.9408182123655915 0.9265372983870968 0.9454385080645161 0.9261172715053764 0.94921875 0.9252772177419356 0.9529989919354839 0.9240171370967742 0.9567792338709677 0.9214969758064516 0.9601394489247312 0.9185567876344086 0.9626596102150539 0.9143565188172044 0.9634996639784946 0.9084761424731183 0.9634996639784946 0.9038558467741936 0.9626596102150539 0.898395497311828 0.9618195564516129 0.8937752016129034 0.9601394489247312 0.8878948252688172 0.9584593413978495 0.8836945564516129 0.9567792338709677 0.8799143145161291 0.9546790994623656 0.8765540994623656 0.9525789650537635 0.8723538306451614 0.94921875 0.8685735887096775 0.9454385080645161
1 0.7992691532258065 0.9916414650537635 0.7984290994623656 0.9832409274193549 0.7992691532258065 0.9798807123655915 0.8001092069892474 0.9752604166666666 0.7996891801075269 0.9719002016129034 0.8009492607526882 0.9681199596774195 0.8022093413978495 0.9634996639784946 0.8038894489247312 0.9601394489247312 0.8064096102150539 0.9563592069892474 0.808509744623656 0.9529989919354839 0.8114499327956989 0.94921875 0.814390120967742 0.9466985887096775 0.8185903897849462 0.9437584005376344 0.8232106854838711 0.9412382392473119 0.8265709005376344 0.9403981854838711 0.83203125 0.9395581317204301 0.8374915994623656 0.9391381048387097 0.84169186827957 0.9395581317204301 0.8458921370967742 0.9416582661290323 0.8500924059139785 0.9441784274193549 0.8542926747311828 0.9483786962365592 0.8576528897849462 0.9525789650537635 0.8601730510752689 0.9576192876344086 0.8622731854838711 0.9613995295698925 0.8639532930107527 0.9676999327956989 0.8647933467741936 0.9735803091397849 0.8647933467741936 0.9790406586021505 0.8639532930107527 0.9845010080645161 0.8614331317204301 0.9903813844086022 0.8597530241935484 0.9945816532258065 0.8589129704301076 0.9983618951612904 0.8580729166666666 0.9987819220430108 0.8559727822580645 0.9987819220430108 0.8333921370967782 0.9989583333333333 0.8009492607526882 0.9989583333333333
1 0.8799143145161291 0.6236979166666666 0.8832745295698925 0.6144573252688172 0.8845346102150539 0.6110971102150539 0.886634744623656 0.6089969758064516 0.8895749327956989 0.6060567876344086 0.892515120967742 0.6039566532258065 0.8958753360215055 0.6018565188172044 0.9009156586021505 0.5993363575268817 0.9051159274193549 0.59765625 0.9093161962365592 0.5959761424731183 0.9139364919354839 0.5947160618279571 0.9181367607526882 0.5942960349462366 0.9210769489247312 0.5942960349462366 0.9244371639784946 0.5947160618279571 0.9311575940860216 0.5955561155913979 0.9366179435483872 0.5968161962365592 0.9408182123655915 0.5980762768817205 0.9471186155913979 0.6018565188172044 0.9559391801075269 0.6094170026881721 0.9592993951612904 0.6123571908602151 0.9609795026881721 0.6148773521505377 0.9626596102150539 0.6173975134408602 0.9639196908602151 0.6199176747311828 0.9651797715053764 0.6228578629032259 0.9668598790322581 0.6270581317204301 0.9681199596774195 0.630838373655914 0.9693800403225806 0.6358786962365592 0.9698000672043011 0.6392389112903226 0.9698000672043011 0.6442792338709677 0.9693800403225806 0.6484795026881721 0.9681199596774195 0.6514196908602151 0.9664398521505377 0.6535198252688172 0.9634996639784946 0.6560399865591399 0.9609795026881721 0.658140120967742 0.9584593413978495 0.6610803091397849 0.9563592069892474 0.6657006048387097 0.9550991263440861 0.6694808467741936 0.9521589381720431 0.6720010080645161 0.9483786962365592 0.6753612231182796 0.9441784274193549 0.6774613575268817 0.9408182123655915 0.6783014112903226 0.9361979166666666 0.6795614919354839 0.9332577284946237 0.6799815188172044 0.9290574596774195 0.6804015456989247 0.9244371639784946 0.6808215725806452 0.9210769489247312 0.6804015456989247 0.9181367607526882 0.6795614919354839 0.9109963037634409 0.6762012768817205 0.9038558467741936 0.6732610887096775 0.9000756048387097 0.6711609543010754 0.8967153897849462 0.6682207661290323 0.8937752016129034 0.6652805779569894 0.8908350134408602 0.6627604166666666 0.8862147177419356 0.6573000672043011 0.8836945564516129 0.6535198252688172 0.8811743951612904 0.6484795026881721 0.8794942876344086 0.6425991263440861 0.8786542338709677 0.63671875 0.8786542338709677 0.6312584005376344
1 0.9378780241935484 0.5056703629032259 0.9294774865591399 0.501890120967742 0.9261172715053764 0.498949932795699 0.9231770833333334 0.49726982526881724 0.9206569220430108 0.49600974462365593 0.9172967069892474 0.49432963709677424 0.9135164650537635 0.49222950268817206 0.91015625 0.4888692876344087 0.9084761424731183 0.48340893817204306 0.9076360887096775 0.4796286962365592 0.9059559811827957 0.47542842741935487 0.9051159274193549 0.4708081317204301 0.9038558467741936 0.465767809139785 0.9030157930107527 0.4615675403225807 0.9025957661290323 0.45652721774193555 0.9021757392473119 0.4523269489247312 0.9034358198924732 0.44770665322580644 0.9055359543010754 0.4435063844086022 0.9084761424731183 0.4397261424731183 0.9122563844086022 0.43636592741935487 0.9156165994623656 0.4338457661290323 0.9189768145161291 0.432585685483871 0.9265372983870968 0.4321656586021506 0.9298975134408602 0.43300571236559143 0.9332577284946237 0.43426579301075274 0.9366179435483872 0.4351058467741936 0.9403981854838711 0.435525873655914 0.9450184811827957 0.4367859543010753 0.9483786962365592 0.4376260080645162 0.9517389112903226 0.4380460349462366 0.9576192876344086 0.43930611559139787 0.9597194220430108 0.4397261424731183 0.9626596102150539 0.4409862231182796 0.9655997983870968 0.44224630376344093 0.9689600134408602 0.4439264112903226 0.9719002016129034 0.4464465725806452 0.9748403897849462 0.4493867607526882 0.976520497311828 0.4523269489247312 0.9794606854838711 0.45736727150537637 0.982400873655914 0.46240759408602156 0.9836609543010754 0.465767809139785 0.9845010080645161 0.46954805107526887 0.9861811155913979 0.47500840053763443 0.9878612231182796 0.4796286962365592 0.9887012768817205 0.4846690188172043 0.9887012768817205 0.4876092069892473 0.9887012768817205 0.4909694220430108 0.9878612231182796 0.49348958333333337 0.9849210349462366 0.49600974462365593 0.982400873655914 0.4976898521505377 0.9790406586021505 0.4997899865591398 0.9752604166666666 0.501890120967742 0.9719002016129034 0.5039902553763441 0.9698000672043011 0.5052503360215054 0.9664398521505377 0.5069304435483871 0.9630796370967742 0.507770497311828 0.9580393145161291 0.5086105510752689 0.9517389112903226 0.5094506048387097 0.9462785618279571 0.5090305779569892
1 0.8013692876344086 0.6224378360215055 0.7980090725806452 0.6173975134408602 0.7971690188172044 0.6152973790322581 0.7963289650537635 0.6119371639784946 0.7959089381720431 0.6085769489247312 0.7959089381720431 0.6052167338709677 0.7963289650537635 0.5997563844086021 0.7975890456989247 0.5951360887096775 0.7996891801075269 0.5905157930107527 0.8013692876344086 0.5867355510752688 0.8034694220430108 0.5833753360215055 0.8059895833333334 0.580015120967742 0.808509744623656 0.5770749327956989 0.8135500672043011 0.5732946908602151 0.8169102822580645 0.5711945564516129 0.8198504704301076 0.5690944220430108 0.8227906586021505 0.5678343413978495 0.8265709005376344 0.5661542338709677 0.8290910618279571 0.5653141801075269 0.8324512768817205 0.5644741263440861 0.8374915994623656 0.5640540994623656 0.8421118951612904 0.5644741263440861 0.8467321908602151 0.5661542338709677 0.8513524865591399 0.56825436827957 0.8551327284946237 0.5707745295698925 0.8568128360215055 0.574134744623656 0.8580729166666666 0.5787550403225806 0.8580729166666666 0.5821152553763441 0.8576528897849462 0.5854754704301076 0.8559727822580645 0.5892557123655915 0.8547127016129034 0.5934559811827957 0.8530325940860216 0.5980762768817205 0.8513524865591399 0.6022765456989247 0.8492523521505377 0.6060567876344086 0.8467321908602151 0.6102570564516129 0.8433719758064516 0.6144573252688172 0.8412718413978495 0.6169774865591399 0.8391717069892474 0.6186575940860216 0.8370715725806452 0.6194976478494624 0.8341313844086022 0.6203377016129034 0.8299311155913979 0.6224378360215055 0.8274109543010754 0.6241179435483872 0.8227906586021505 0.6270581317204301 0.8177503360215055 0.6283182123655915 0.8139700940860216 0.6287382392473119 0.8114499327956989 0.6287382392473119 0.8080897177419356 0.6283182123655915 0.8043094758064516 0.6257980510752688
1 0.9962617607526882 0.7702872983870968 0.9903813844086022 0.7652469758064516 0.9870211693548387 0.7627268145161291 0.9853410618279571 0.7597866263440861 0.9832409274193549 0.7564264112903226 0.9815608198924732 0.7534862231182796 0.9807207661290323 0.7488659274193549 0.9803007392473119 0.7442456317204301 0.9803007392473119 0.7400453629032259 0.9807207661290323 0.7354250672043011 0.982400873655914 0.7308047715053764 0.9836609543010754 0.7266045026881721 0.9849210349462366 0.7232442876344086 0.9874411962365592 0.7203040994623656 0.9899613575268817 0.7173639112903226 0.9924815188172044 0.7156838037634409 0.9950016801075269 0.7144237231182796 0.9971018145161291 0.7140036962365592 0.9989583333333333 0.7136942764336919 0.9989583333333333 0.7719674059139785
1 0.9857610887096775 0.39226310483870974 0.9807207661290323 0.38932291666666674 0.9790406586021505 0.387642809139785 0.9773605510752689 0.38596270161290325 0.9752604166666666 0.38428259408602156 0.9735803091397849 0.3826024865591398 0.9681199596774195 0.37588205645161293 0.9668598790322581 0.37336189516129037 0.9655997983870968 0.3712617607526882 0.9639196908602151 0.3683215725806452 0.9622395833333334 0.36412130376344093 0.9609795026881721 0.36076108870967744 0.9609795026881721 0.35614079301075274 0.9613995295698925 0.3519405241935484 0.9630796370967742 0.34942036290322587 0.9655997983870968 0.34648017473118287 0.9685399865591399 0.3435399865591398 0.9710601478494624 0.34017977150537637 0.9735803091397849 0.33681955645161293 0.9769405241935484 0.33387936827956993 0.9798807123655915 0.3317792338709678 0.9836609543010754 0.3296790994623657 0.9887012768817205 0.3288390456989248 0.9924815188172044 0.32757896505376344 0.9962617607526882 0.3263188844086022 0.9983618951612904 0.32589885752688175 0.9989583333333333 0.3257000448028674 0.9987819220430108 0.3977234543010753 0.9920614919354839 0.3956233198924731
1 0.9756804435483872 0.22677251344086027 0.9744203629032259 0.21795194892473121 0.9752604166666666 0.21417170698924737 0.9761004704301076 0.20955141129032262 0.9769405241935484 0.20577116935483877 0.9786206317204301 0.2019909274193549 0.9803007392473119 0.198210685483871 0.982400873655914 0.19359038978494628 0.9845010080645161 0.19023017473118284 0.9870211693548387 0.18771001344086027 0.9903813844086022 0.18518985215053765 0.9933215725806452 0.18434979838709684 0.9958417338709677 0.1826696908602151 0.9987819220430108 0.17930947580645165 0.9989583333333333 0.17913306451612912 0.9987819220430108 0.24189348118279572 0.9966817876344086 0.24189348118279572 0.9950016801075269 0.24189348118279572 0.9929015456989247 0.2414734543010753 0.9895413306451614 0.24021337365591403 0.9857610887096775 0.23895329301075272 0.982400873655914 0.23643313172043015 0.9794606854838711 0.23265288978494628
0 0.8523453476482618 0.7769363496932514 0.848191462167689 0.775019171779141 0.8461145194274028 0.7731019938650305 0.8449961656441718 0.771504345603272 0.8435582822085889 0.7687883435582822 0.8429192229038854 0.7662321063394683 0.8429192229038854 0.7647942229038854 0.8465938139059304 0.7654332822085889 0.8489902862985684 0.7662321063394683 0.8509074642126788 0.7678297546012269 0.8523453476482618 0.7691078732106339 0.8537832310838446 0.7703859918200409 0.8553808793456031 0.7721434049079754 0.8571382924335378 0.7740605828220859 0.8585761758691206 0.7753387014314927 0.8596945296523517 0.7769363496932514 0.8572980572597136 0.7774156441717791 0.8550613496932514 0.7774156441717791
0 0.10174418604651163 0.8056093884582257 0.1025516795865633 0.8031869078380706 0.10335917312661498 0.8007644272179155 0.10470499569336779 0.7972652885443583 0.10524332472006889 0.7929586563307492 0.10551248923341945 0.7883828596037898 0.10551248923341945 0.7854220499569337 0.1065891472868217 0.7832687338501292 0.10874246339362618 0.7808462532299741 0.11089577950043066 0.7784237726098191 0.11170327304048235 0.776001291989664 0.10874246339362618 0.7751937984496123 0.10712747631352282 0.7770779500430663 0.10524332472006889 0.7792312661498708 0.10335917312661498 0.7813845822566753 0.1012058570198105 0.7838070628768303 0.09932170542635659 0.7867678725236864 0.09770671834625323 0.7894595176571921 0.09609173126614987 0.7926894918173988 0.09474590869939707 0.796188630490956 0.09447674418604651 0.7996877691645133 0.09447674418604651 0.8037252368647717 0.09528423772609819 0.8074935400516795 0.09636089577950042 0.8099160206718347 0.09743755383290266 0.8118001722652884 0.09959086993970716 0.8136843238587425 0.10147502153316106 0.813953488372093 0.10389750215331611 0.8126076658053402 0.10416666666666667 0.8112618432385873 0.10309000861326442 0.8093776916451335
0 0.22224799010513296 0.7738095238095238 0.2274659863945578 0.7649196042053185 0.2292053184910328 0.7627937538651824 0.23094465058750777 0.760861162646877 0.23249072356215217 0.759508348794063 0.23442331478045766 0.7577690166975882 0.2365491651205937 0.7558364254792826 0.2384817563388992 0.7544836116264688 0.24060760667903527 0.7533240568954854 0.24254019789734077 0.7529375386518244 0.24582560296846012 0.7525510204081632 0.24853123067408783 0.751777983920841 0.25085034013605445 0.7510049474335189 0.2527829313543599 0.7500386518243662 0.25471552257266544 0.749652133580705 0.254908781694496 0.7513914656771801 0.254908781694496 0.7537105751391466 0.25471552257266544 0.7562229437229439 0.25432900432900435 0.7581555349412492 0.25355596784168216 0.7606679035250464 0.2527829313543599 0.7639533085961658 0.2514301175015461 0.7666589363017935 0.25046382189239336 0.7687847866419296 0.24930426716141002 0.7712971552257266 0.2481447124304267 0.7734230055658629 0.2465986394557823 0.7759353741496599 0.2446660482374768 0.7784477427334571 0.24215367965367968 0.780187074829932 0.2396413110698825 0.781926406926407 0.23674242424242425 0.7838589981447125 0.233843537414966 0.7854050711193569 0.2307513914656772 0.7865646258503403 0.22727272727272727 0.7873376623376624 0.22476035868893013 0.7873376623376624 0.22302102659245518 0.7873376623376624 0.22128169449598023 0.7867578849721707 0.2208951762523191 0.7852118119975263 0.22070191713048856 0.7832792207792209 0.2208951762523191 0.7807668521954236 0.22166821273964132 0.7772881880024738
1 0.24988404452690166 0.9977968460111318 0.25007730364873226 0.9964440321583179 0.2506570810142239 0.9931586270871986 0.2506570810142239 0.9898732220160792 0.2506570810142239 0.9867810760667904 0.25085034013605445 0.983495670995671 0.2514301175015461 0.9800170068027211 0.25297619047619047 0.9751855287569574 0.2545222634508349 0.9717068645640075 0.2562615955473098 0.9680349412492271 0.2580009276437848 0.9637832405689549 0.2599335188620903 0.9599180581323439 0.2622526283240569 0.956825912183055 0.264378478664193 0.9543135435992579 0.2670841063698207 0.9519944341372912 0.2711425479282622 0.9498685837971552 0.2752009894867038 0.949095547309833 0.2790661719233148 0.9496753246753247 0.28157854050711195 0.9521876932591219 0.2838976499690785 0.9550865800865801 0.2866032776747062 0.9591450216450217 0.2883426097711812 0.9632034632034633 0.2902752009894867 0.9666821273964132 0.2920145330859617 0.9690012368583798 0.2939471243042672 0.9713203463203465 0.2954931972789116 0.9738327149041435 0.297039270253556 0.9773113790970934 0.2983920841063698 0.9823361162646876 0.2989718614718615 0.9875541125541126 0.29877860235003095 0.9918058132343847 0.2978123067408782 0.9950912183055041 0.297039270253556 0.9976035868893013 0.2963618970315399 0.9989583333333333 0.2502705627705628 0.9989583333333333
0 0.2610930735930736 0.9848484848484849 0.26128633271490415 0.9819495980210267 0.2614795918367347 0.977504638218924 0.26167285095856524 0.9753787878787878 0.26205936920222633 0.9726731601731602 0.2630256648113791 0.9699675324675325 0.26360544217687076 0.9674551638837354 0.264378478664193 0.9651360544217689 0.2651515151515152 0.9630102040816326 0.2659245516388374 0.9618506493506495 0.2668908472479901 0.9612708719851578 0.2676638837353123 0.9610776128633273 0.26882343846629564 0.9610776128633273 0.2707560296846011 0.9618506493506495 0.272108843537415 0.9622371675943104 0.2738481756338899 0.9632034632034633 0.2755875077303649 0.9653293135435993 0.2767470624613482 0.968421459492888 0.27809987631416205 0.9715136054421769 0.27925943104514533 0.9749922696351269 0.2804189857761286 0.9780844155844156 0.2817717996289425 0.9817563388991961 0.2825448361162647 0.9850417439703154 0.28293135435992584 0.9879406307977737 0.2825448361162647 0.9906462585034015 0.28157854050711195 0.992965367965368 0.2806122448979592 0.994704700061843 0.27983920841063703 0.9962507730364875 0.2790661719233148 0.9976035868893013 0.2775200989486704 0.9979901051329623 0.2748144712430427 0.9979901051329623 0.27191558441558444 0.9979901051329623 0.26920995670995673 0.9981833642547928 0.2674706246134818 0.9983766233766235 0.2655380333951763 0.9964440321583179 0.2641852195423624 0.9939316635745208 0.26321892393320967 0.990839517625232 0.2624458874458874 0.9871675943104514
