1 0.19013554216867468 0.8405496987951807 0.1844879518072289 0.8383534136546184 0.18260542168674698 0.8377259036144579 0.1800953815261044 0.8370983935742972 0.17789909638554216 0.8367846385542168 0.1744477911646586 0.8367846385542168 0.1716239959839357 0.8358433734939759 0.16723142570281124 0.8339608433734939 0.16534889558232932 0.8323920682730923 0.16315261044176707 0.8295682730923695 0.1622113453815261 0.8276857429718875 0.16064257028112447 0.8239206827309237 0.15907379518072287 0.8204693775100401 0.15750502008032127 0.8170180722891566 0.15719126506024095 0.814508032128514 0.15719126506024095 0.8116842369477911 0.15813253012048192 0.8098017068273092 0.16064257028112447 0.8082329317269076 0.16911395582329317 0.8054091365461847 0.1709964859437751 0.804781626506024 0.1744477911646586 0.8044678714859437 0.17915411646586346 0.8041541164658633 0.181664156626506 0.8044678714859437 0.18511546184738953 0.8050953815261044 0.18825301204819275 0.8060366465863453 0.1917043172690763 0.8066641566265059 0.1948418674698795 0.8069779116465863 0.19829317269076305 0.8076054216867469 0.2020582329317269 0.8085466867469879 0.20425451807228914 0.8091741967871485 0.2067645582329317 0.8107429718875501 0.2099021084337349 0.8126255020080321 0.2127259036144578 0.814508032128514 0.2155496987951807 0.8167043172690762 0.21774598393574296 0.8185868473895581 0.21931475903614456 0.8207831325301205 0.22119728915662648 0.8239206827309237 0.2227660642570281 0.8283132530120482 0.22402108433734938 0.832078313253012 0.2243348393574297 0.8349021084337348 0.2227660642570281 0.8383534136546184 0.22056977911646583 0.8405496987951807 0.21680471887550198 0.8421184738955823 0.2127259036144578 0.8430597389558232 0.21052961847389556 0.8436872489959839 0.208019578313253 0.8436872489959839 0.2033132530120482 0.8433734939759036 0.19829317269076305 0.8427459839357428 0.19515562248995982 0.8414909638554217
1 0.29900853413654616 0.909262048192771 0.30277359437751 0.9089482931726907 0.30653865461847385 0.9073795180722891 0.3093624497991968 0.9058107429718875 0.3118724899598393 0.9036144578313252 0.31563755020080314 0.9011044176706826 0.31783383534136544 0.8989081325301205 0.31940261044176704 0.8960843373493975 0.32128514056224894 0.8929467871485942 0.32379518072289154 0.889809236947791 0.32536395582329314 0.8866716867469879 0.32661897590361444 0.8841616465863453 0.3278739959839357 0.8816516064257027 0.32975652610441764 0.8785140562248995 0.33132530120481923 0.8756902610441767 0.33258032128514053 0.873180220883534 0.3328940763052209 0.8694151606425702 0.3328940763052209 0.8659638554216866 0.3328940763052209 0.8634538152610441 0.3319528112449799 0.8612575301204818 0.3294427710843373 0.8578062248995982 0.32567771084337344 0.8559236947791165 0.3219126506024096 0.8543549196787148 0.3187751004016064 0.8518448795180722 0.3153237951807229 0.848707329317269 0.31218624497991965 0.8480798192771084 0.3087349397590361 0.8483935742971888 0.30559738955823296 0.848707329317269 0.301832329317269 0.8499623493975903 0.29869477911646586 0.8512173694779116 0.29618473895582326 0.8527861445783133 0.2943022088353413 0.8540411646586344 0.29147841365461846 0.856551204819277 0.28896837349397586 0.8590612449799196 0.28708584337349397 0.8612575301204818 0.28551706827309237 0.8637675702811245 0.28394829317269077 0.8665913654618473 0.28269327309236947 0.8691014056224898 0.28112449799196787 0.8722389558232931 0.27986947791164657 0.875062751004016 0.2783007028112449 0.8785140562248995 0.27704568273092367 0.8816516064257027 0.2761044176706827 0.8851029116465863 0.2761044176706827 0.8879267068273092 0.2767319277108433 0.8913780120481927 0.2783007028112449 0.8945155622489959 0.2801832329317269 0.8973393574297188 0.28300702811244977 0.8995356425702811 0.2864583333333333 0.9017319277108433 0.2892821285140562 0.9039282128514056 0.2917921686746988 0.9058107429718875 0.29461596385542166 0.90832078313253
1 0.23060993975903613 0.916164658634538 0.2362575301204819 0.9171059236947791 0.23970883534136542 0.9171059236947791 0.24316014056224897 0.9167921686746987 0.2462976907630522 0.9158509036144576 0.24943524096385541 0.9136546184738955 0.251004016064257 0.9108308232931727 0.25131777108433734 0.9086345381526103 0.25131777108433734 0.9045557228915662 0.2506902610441767 0.900476907630522 0.25006275100401604 0.8970256024096385 0.2491214859437751 0.8938880522088353 0.24755271084337346 0.8907505020080321 0.24535642570281124 0.8882404618473896 0.24284638554216864 0.8863579317269076 0.23970883534136542 0.8841616465863453 0.23688504016064255 0.8822791164658633 0.23343373493975902 0.8803965863453815 0.22935491967871482 0.8785140562248995 0.2259036144578313 0.8766315261044176 0.22245230923694775 0.875062751004016 0.21805973895582328 0.874121485943775 0.21429467871485944 0.8738077309236947 0.20550953815261044 0.8725527108433735 0.2008032128514056 0.873180220883534 0.19829317269076305 0.8747489959839356 0.19672439759036145 0.8769452811244979 0.19546937751004015 0.8800828313253012 0.1948418674698795 0.8825928714859437 0.19452811244979917 0.8866716867469879 0.19421435742971885 0.8904367469879517 0.1948418674698795 0.8935742971887549 0.19609688755020077 0.8970256024096385 0.1976656626506024 0.900476907630522 0.19954819277108432 0.9023594377510039 0.20174447791164657 0.9039282128514056 0.20582329317269074 0.9058107429718875 0.2099021084337349 0.9070657630522088 0.21617720883534136 0.9086345381526103 0.22339357429718873 0.9123995983935742 0.22715863453815258 0.9145958835341365
1 0.3445030120481928 0.9572665662650601 0.3495230923694779 0.959149096385542 0.3532881526104417 0.959149096385542 0.3576807228915662 0.9585215863453815 0.3601907630522088 0.9578940763052208 0.36207329317269077 0.9572665662650601 0.36426957831325296 0.9566390562248995 0.36834839357429716 0.9553840361445782 0.3717996987951807 0.9547565261044176 0.3768197791164658 0.9541290160642569 0.3805848393574297 0.9538152610441767 0.38466365461847385 0.9519327309236947 0.3874874497991968 0.9500502008032128 0.3899974899598393 0.9481676706827308 0.3915662650602409 0.946285140562249 0.3934487951807229 0.9437751004016063 0.39439006024096385 0.9406375502008031 0.39439006024096385 0.9374999999999999 0.39439006024096385 0.9340486947791165 0.39439006024096385 0.9299698795180722 0.39376255020080314 0.9255773092369477 0.39313504016064255 0.9227535140562249 0.39219377510040154 0.918988453815261 0.39031124497991965 0.9164784136546184 0.389683734939759 0.9142821285140561 0.38780120481927705 0.9117720883534136 0.38372238955823285 0.910203313253012 0.3780747991967871 0.9098895582329316 0.37462349397590355 0.910203313253012 0.3717996987951807 0.911144578313253 0.3692896586345381 0.9114583333333333 0.3648970883534136 0.9120858433734939 0.3608182730923694 0.9123995983935742 0.3576807228915662 0.9123995983935742 0.354543172690763 0.9123995983935742 0.3517193775100401 0.9130271084337348 0.3488955823293172 0.9145958835341365 0.34701305220883527 0.9164784136546184 0.3451305220883534 0.9183609437751004 0.3419929718875502 0.9214984939759036 0.3394829317269076 0.9249497991967871 0.3376004016064257 0.9280873493975902 0.33571787148594373 0.9312248995983935 0.33383534136546184 0.934676204819277 0.3328940763052209 0.9387550200803213 0.3328940763052209 0.9422063253012047 0.33571787148594373 0.9491089357429718 0.3388554216867469 0.953187751004016 0.34136546184738953 0.9553840361445782
1 0.20456827309236944 0.7774849397590361 0.20739206827309237 0.7768574297188754 0.21052961847389556 0.7752886546184737 0.2124121485943775 0.7743473895582329 0.2155496987951807 0.7718373493975903 0.2186872489959839 0.7690135542168673 0.22182479919678713 0.7668172690763052 0.22464859437751003 0.7646209839357428 0.2274723895582329 0.7624246987951807 0.22966867469879518 0.7602284136546184 0.2315512048192771 0.7574046184738955 0.23374748995983935 0.7542670682730923 0.23468875502008033 0.7517570281124498 0.23594377510040157 0.7489332329317269 0.23594377510040157 0.7439131526104418 0.23563002008032127 0.7404618473895581 0.23500251004016062 0.7385793172690762 0.23374748995983935 0.7351280120481928 0.23217871485943772 0.7310491967871485 0.23060993975903613 0.727597891566265 0.22715863453815258 0.7250878514056224 0.22307981927710843 0.7232053212851405 0.21586345381526104 0.7210090361445782 0.21178463855421684 0.7203815261044176 0.20833333333333331 0.7206952811244979 0.20519578313253012 0.7216365461847388 0.20111696787148592 0.7228915662650602 0.1976656626506024 0.7241465863453815 0.1932730923694779 0.7263428714859437 0.190449297188755 0.7285391566265059 0.18793925702811246 0.7304216867469879 0.1860567269076305 0.7326179718875501 0.18417419678714858 0.7348142570281124 0.181664156626506 0.7379518072289156 0.1800953815261044 0.7398343373493976 0.17821285140562246 0.7420306224899598 0.17633032128514053 0.7454819277108433 0.1753890562248996 0.7473644578313253 0.1741340361445783 0.7489332329317269 0.17350652610441764 0.7511295180722891 0.17350652610441764 0.7536395582329316 0.17350652610441764 0.7570908634538152 0.1741340361445783 0.7602284136546184 0.1753890562248996 0.7627384538152611 0.1772715863453815 0.7655622489959839 0.17915411646586346 0.7671310240963856 0.18197791164658633 0.7690135542168673 0.1888805220883534 0.7730923694779116 0.19295933734939757 0.7752886546184737 0.19703815261044175 0.7768574297188754 0.20143072289156624 0.7774849397590361
1 0.3303840361445783 0.7611696787148594 0.33665913654618473 0.7614834337349397 0.34011044176706823 0.7596009036144579 0.3429342369477911 0.7570908634538152 0.3454442771084337 0.7526982931726907 0.346699297188755 0.7476782128514056 0.346699297188755 0.7439131526104418 0.3460717871485944 0.7392068273092369 0.344816767068273 0.7341867469879517 0.3435617469879518 0.7297941767068272 0.3416792168674698 0.7254016064257027 0.3404241967871486 0.7222640562248995 0.3385416666666667 0.7194402610441767 0.33728664658634533 0.716930220883534 0.33540411646586343 0.7144201807228915 0.33414909638554213 0.711910140562249 0.33258032128514053 0.7094001004016063 0.3310115461847389 0.7072038152610441 0.3288152610441767 0.7037525100401606 0.3269327309236948 0.7021837349397589 0.3244226907630522 0.7006149598393574 0.32128514056224894 0.6990461847389557 0.31783383534136544 0.6968498995983936 0.3143825301204819 0.6959086345381525 0.3103037148594377 0.6955948795180722 0.3084211847389558 0.6959086345381525 0.30465612449799195 0.6968498995983936 0.301832329317269 0.6981049196787148 0.2993222891566265 0.6996736947791165 0.2977535140562249 0.7021837349397589 0.2958709839357429 0.7068900602409638 0.29555722891566266 0.710027610441767 0.2958709839357429 0.7128514056224898 0.29618473895582326 0.716930220883534 0.2968122489959839 0.719754016064257 0.2977535140562249 0.7222640562248995 0.2983810240963855 0.7250878514056224 0.29900853413654616 0.7282254016064257 0.30026355421686746 0.7313629518072289 0.3052836345381526 0.7426581325301205 0.30967620481927705 0.7479919678714858 0.3118724899598393 0.7511295180722891 0.31501004016064255 0.753953313253012 0.3187751004016064 0.7564633534136546 0.32379518072289154 0.7596009036144579
1 0.4226280120481928 0.8392946787148594 0.4245105421686747 0.8392946787148594 0.42670682730923687 0.8389809236947791 0.43266817269076296 0.8358433734939759 0.4386295180722891 0.8308232931726907 0.44113955823293166 0.8279994979919678 0.441453313253012 0.8248619477911646 0.44113955823293166 0.8204693775100401 0.44082580321285136 0.8163905622489959 0.44019829317269077 0.8123117469879517 0.43957078313253006 0.8101154618473896 0.4383157630522088 0.8072916666666665 0.43674698795180716 0.8038403614457831 0.4342369477911646 0.8007028112449799 0.43172690763052207 0.797879016064257 0.4285893574297189 0.7947414658634538 0.4260793172690763 0.7916039156626505 0.4223142570281124 0.7887801204819277 0.41792168674698793 0.7862700803212851 0.41384287148594373 0.7840737951807228 0.40976405622489953 0.782191265060241 0.4056852409638554 0.7803087349397589 0.40129267068273083 0.7781124497991967 0.39878263052208834 0.7768574297188754 0.39282128514056225 0.7749748995983936 0.3881149598393574 0.7752886546184737 0.38372238955823285 0.7762299196787148 0.38027108433734935 0.7774849397590361 0.3777610441767068 0.7790537148594378 0.3758785140562249 0.7809362449799196 0.3733684738955823 0.7850150602409638 0.37117218875502006 0.7890938755020079 0.36960341365461846 0.7928589357429718 0.3689759036144578 0.7975652610441767 0.3692896586345381 0.8010165662650602 0.3699171686746988 0.8041541164658633 0.37117218875502006 0.8072916666666665 0.37305471887550196 0.8104292168674697 0.37525100401606426 0.813566767068273 0.3768197791164658 0.8157630522088353 0.3783885542168674 0.8185868473895581 0.38027108433734935 0.8210968875502007 0.3824673694779116 0.823293172690763 0.3849774096385542 0.825175702811245 0.3874874497991968 0.8264307228915662 0.389683734939759 0.8276857429718875 0.3925075301204819 0.8292545180722891 0.3969001004016064 0.831137048192771 0.4016064257028112 0.8345883534136546 0.4059989959839357 0.8364708835341365 0.41070532128514053 0.8377259036144579 0.415097891566265 0.8392946787148594 0.4169804216867469 0.8396084337349397 0.4204317269076305 0.8396084337349397
1 0.48035893574297184 0.9064382530120482 0.4850652610441767 0.9064382530120482 0.4891440763052209 0.9064382530120482 0.4913403614457831 0.9051832329317268 0.4938504016064257 0.9026731927710843 0.49479166666666663 0.9011044176706826 0.4957329317269076 0.8976531124497991 0.4957329317269076 0.8938880522088353 0.4954191767068272 0.8907505020080321 0.49479166666666663 0.8879267068273092 0.494164156626506 0.8860441767068272 0.493222891566265 0.882906626506024 0.4922816265060241 0.8803965863453815 0.4910266064257028 0.8775727911646585 0.48945783132530113 0.8747489959839356 0.48788905622489953 0.8722389558232931 0.48600652610441764 0.8697289156626505 0.4841239959839357 0.8672188755020079 0.48192771084337344 0.8640813253012047 0.4797314257028112 0.8618850401606425 0.4781626506024096 0.860316265060241 0.47628012048192764 0.8578062248995982 0.4750251004016064 0.8556099397590361 0.4722013052208835 0.8537274096385541 0.4690637550200803 0.8537274096385541 0.46592620481927705 0.854668674698795 0.4634161646586345 0.8559236947791165 0.45902359437751 0.8590612449799196 0.4555722891566265 0.8590612449799196 0.4530622489959839 0.8593749999999999 0.4505522088353413 0.860316265060241 0.4486696787148594 0.8621987951807228 0.44521837349397586 0.8659638554216866 0.4439633534136546 0.8684738955823292 0.44333584337349397 0.8706701807228915 0.4430220883534136 0.873180220883534 0.44333584337349397 0.8766315261044176 0.44427710843373486 0.8788278112449799 0.4455321285140562 0.8807103413654617 0.4474146586345381 0.8844754016064257 0.4486696787148594 0.8866716867469879 0.4499246987951807 0.8885542168674697 0.45117971887550196 0.8907505020080321 0.4521209839357429 0.8929467871485942 0.45682730923694775 0.8985943775100401 0.46090612449799195 0.9039282128514056 0.46372991967871485 0.9064382530120482 0.467808734939759 0.90832078313253 0.47000502008032125 0.90832078313253 0.4737700803212851 0.9076932730923695 0.47596636546184734 0.9070657630522088 0.4781626506024096 0.9061244979919678
1 0.552836345381526 0.7602284136546184 0.5553463855421686 0.7577183734939759 0.5572289156626505 0.7561495983935742 0.5587976907630522 0.7545808232931727 0.5600527108433735 0.7526982931726907 0.5606802208835341 0.7492469879518071 0.5609939759036143 0.747050702811245 0.5613077309236947 0.7445406626506023 0.561621485943775 0.7410893574297188 0.5619352409638554 0.7385793172690762 0.562562751004016 0.7357555220883534 0.562562751004016 0.7316767068273092 0.5622489959839357 0.7269703815261044 0.5606802208835341 0.7228915662650602 0.5587976907630522 0.7194402610441767 0.5572289156626505 0.7175577309236947 0.5540913654618473 0.7147339357429718 0.5512675702811245 0.7125376506024096 0.5481300200803213 0.7103413654618473 0.5453062248995983 0.7078313253012047 0.5421686746987951 0.7072038152610441 0.5387173694779116 0.7075175702811245 0.5358935742971888 0.7084588353413654 0.5324422690763052 0.7103413654618473 0.5296184738955823 0.7125376506024096 0.5277359437751004 0.7144201807228915 0.5264809236947791 0.7166164658634538 0.5249121485943775 0.7206952811244979 0.5239708835341365 0.7241465863453815 0.5239708835341365 0.7272841365461847 0.5242846385542168 0.7307354417670682 0.5242846385542168 0.7345005020080321 0.5245983935742972 0.7373242971887549 0.5249121485943775 0.7401480923694778 0.5255396586345381 0.7445406626506023 0.5264809236947791 0.747050702811245 0.52742218875502 0.7505020080321285 0.5286772088353413 0.7536395582329316 0.5315010040160641 0.7567771084337348 0.5340110441767068 0.7589733935742972 0.5384036144578312 0.7611696787148594 0.5418549196787148 0.7627384538152611 0.546875 0.7633659638554217 0.5512675702811245 0.7621109437751004
1 0.2535140562248996 0.6968498995983936 0.25571034136546184 0.6943398594377509 0.2579066265060241 0.6918298192771084 0.26041666666666663 0.6880647590361445 0.26261295180722893 0.6846134538152611 0.26449548192771083 0.6805346385542168 0.2660642570281124 0.6770833333333334 0.2657505020080321 0.6742595381526103 0.2654367469879518 0.6701807228915662 0.26449548192771083 0.6676706827309237 0.26292670682730923 0.6651606425702811 0.26198544176706823 0.6620230923694778 0.26041666666666663 0.6598268072289156 0.25884789156626503 0.6576305220883534 0.2547690763052209 0.6566892570281124 0.25037650602409633 0.6566892570281124 0.24472891566265056 0.6566892570281124 0.2403363453815261 0.6570030120481928 0.23688504016064255 0.658258032128514 0.23437499999999997 0.6607680722891566 0.2315512048192771 0.6642193775100401 0.2290411646586345 0.6667294176706826 0.22653112449799195 0.6692394578313253 0.2243348393574297 0.6714357429718875 0.22213855421686743 0.6733182730923695 0.2199422690763052 0.6761420682730923 0.2186872489959839 0.6783383534136546 0.21743222891566263 0.6808483935742972 0.21617720883534136 0.6842996987951807 0.21586345381526104 0.6874372489959839 0.21586345381526104 0.6899472891566264 0.21617720883534136 0.6930848393574297 0.21649096385542166 0.6955948795180722 0.21774598393574296 0.7006149598393574 0.21931475903614456 0.7043800200803213 0.2227660642570281 0.7072038152610441 0.22778614457831325 0.7084588353413654 0.23249246987951805 0.7084588353413654 0.23657128514056225 0.7072038152610441 0.24127761044176704 0.7053212851405621 0.24472891566265056 0.7037525100401606 0.2478664658634538 0.7018699799196786 0.251004016064257 0.6993599397590361
1 0.423883032128514 0.7062625502008031 0.4276480923694779 0.7046937751004015 0.4301581325301205 0.7028112449799196 0.43266817269076296 0.7009287148594378 0.4345507028112449 0.6987324297188754 0.4364332329317269 0.6955948795180722 0.4380020080321285 0.6927710843373494 0.4389432730923694 0.6905747991967871 0.43925702811244977 0.6877510040160643 0.43925702811244977 0.6833584337349397 0.4389432730923694 0.6805346385542168 0.4386295180722891 0.6773970883534136 0.43768825301204817 0.6733182730923695 0.4364332329317269 0.668925702811245 0.4354919678714859 0.6651606425702811 0.4339231927710843 0.6632781124497992 0.4310993975903614 0.6610818273092369 0.4279618473895582 0.6595130522088353 0.4245105421686747 0.6585717871485943 0.4213729919678714 0.6576305220883534 0.4176079317269076 0.657316767068273 0.4144703815261044 0.657316767068273 0.4116465863453815 0.6576305220883534 0.40882279116465864 0.658258032128514 0.4066265060240964 0.6585717871485943 0.4041164658634538 0.6595130522088353 0.4009789156626506 0.6604543172690762 0.39784136546184734 0.6617093373493976 0.39439006024096385 0.6632781124497992 0.3915662650602409 0.6648468875502008 0.3884287148594377 0.6667294176706826 0.38591867469879515 0.668925702811245 0.3840361445783132 0.6708082329317269 0.3821536144578313 0.6733182730923695 0.37964357429718876 0.6770833333333334 0.3777610441767068 0.6811621485943775 0.3768197791164658 0.6855547188755019 0.3768197791164658 0.6893197791164659 0.37713353413654616 0.692457329317269 0.3783885542168674 0.6949673694779116 0.3805848393574297 0.6981049196787148 0.38466365461847385 0.7021837349397589 0.38874246987951805 0.7053212851405621 0.39219377510040154 0.7072038152610441 0.3956450803212851 0.7084588353413654 0.4000376506024096 0.7097138554216866 0.40537148594377503 0.7103413654618473 0.4091365461847389 0.710027610441767 0.4125878514056225 0.7097138554216866 0.4157254016064257 0.7087725903614458 0.4198042168674698 0.7075175702811245
1 0.11828564257028112 0.617156124497992 0.12079568273092368 0.61527359437751 0.12299196787148593 0.613391064257028 0.12518825301204817 0.6111947791164659 0.12895331325301204 0.6074297188755019 0.13146335341365462 0.6046059236947791 0.13899347389558234 0.5989583333333334 0.1418172690763052 0.5958207831325301 0.1433860441767068 0.5933107429718875 0.1446410642570281 0.5895456827309237 0.14495481927710843 0.5854668674698794 0.1446410642570281 0.580133032128514 0.14369979919678713 0.5779367469879517 0.14118975903614456 0.5754267068273092 0.13805220883534136 0.5735441767068272 0.1358559236947791 0.5722891566265059 0.1333458835341365 0.5719754016064257 0.13083584337349397 0.5719754016064257 0.12769829317269074 0.5719754016064257 0.1242469879518072 0.5719754016064257 0.11985441767068271 0.5726029116465863 0.11640311244979919 0.5738579317269076 0.11326556224899598 0.5747991967871485 0.10981425702811244 0.5760542168674699 0.10730421686746987 0.5773092369477911 0.1032254016064257 0.5788780120481928 0.1004016064257028 0.580133032128514 0.09663654618473895 0.5826430722891566 0.09381275100401607 0.5845256024096385 0.09067520080321284 0.5864081325301205 0.08659638554216867 0.5892319277108433 0.0825175702811245 0.5958207831325301 0.08440010040160642 0.6027233935742972 0.08502761044176706 0.6058609437751004 0.08659638554216867 0.6096260040160643 0.08879267068273092 0.6130773092369477 0.09224397590361445 0.6159011044176705 0.0960090361445783 0.6180973895582329 0.10102911646586345 0.6196661646586344 0.1063629518072289 0.6199799196787148 0.11012801204819275 0.6199799196787148 0.11452058232931725 0.6187248995983936 0.11671686746987951 0.6180973895582329
1 0.21649096385542166 0.5465612449799196 0.22088353413654618 0.544051204819277 0.22370732931726905 0.5421686746987951 0.22653112449799195 0.5396586345381525 0.22935491967871482 0.5374623493975903 0.23123744979919678 0.5358935742971888 0.23374748995983935 0.533383534136546 0.23531626506024095 0.5318147590361445 0.23688504016064255 0.5299322289156626 0.24221887550200802 0.5224021084337349 0.2450426706827309 0.520519578313253 0.24818022088353411 0.5170682730923695 0.24880773092369476 0.5151857429718876 0.24880773092369476 0.5117344377510039 0.24723895582329317 0.5089106425702811 0.2450426706827309 0.5064006024096385 0.24284638554216864 0.5042043172690762 0.2403363453815261 0.502949297188755 0.23719879518072287 0.502008032128514 0.23406124497991965 0.5016942771084337 0.2315512048192771 0.501066767068273 0.2274723895582329 0.5004392570281124 0.2227660642570281 0.5004392570281124 0.22056977911646583 0.5004392570281124 0.21680471887550198 0.501066767068273 0.21335341365461843 0.502008032128514 0.21021586345381524 0.5026355421686747 0.2067645582329317 0.5035768072289156 0.20394076305220882 0.5042043172690762 0.20017570281124497 0.5042043172690762 0.19672439759036145 0.5045180722891566 0.19421435742971885 0.5054593373493975 0.1917043172690763 0.5064006024096385 0.1891942771084337 0.5076556224899598 0.1860567269076305 0.5101656626506024 0.18354668674698793 0.5129894578313252 0.18135040160642568 0.5158132530120482 0.17915411646586346 0.5189508032128514 0.17789909638554216 0.5214608433734939 0.17695783132530118 0.5249121485943775 0.17601656626506024 0.5296184738955823 0.1753890562248996 0.5327560240963856 0.17476154618473894 0.5380898594377509 0.1753890562248996 0.5421686746987951 0.17664407630522086 0.5443649598393574 0.17852660642570278 0.5459337349397589 0.18197791164658633 0.5471887550200802 0.18511546184738953 0.5484437751004017 0.19013554216867468 0.5496987951807228 0.19609688755020077 0.5509538152610441 0.20143072289156624 0.5509538152610441 0.2064508032128514 0.5503263052208834 0.2095883534136546 0.5493850401606425 0.21303965863453814 0.5481300200803213
1 0.34011044176706823 0.5170682730923695 0.34387550200803213 0.5148719879518072 0.3482680722891566 0.5120481927710843 0.3501506024096385 0.5104794176706827 0.35266064257028107 0.5070281124497992 0.3542294176706827 0.5038905622489959 0.35517068273092367 0.501066767068273 0.3548569277108433 0.4979292168674698 0.35391566265060237 0.4951054216867469 0.3517193775100401 0.4922816265060241 0.3492093373493976 0.4900853413654618 0.346699297188755 0.48883032128514053 0.3432479919678714 0.4872615461847389 0.34073795180722893 0.485379016064257 0.3385416666666667 0.4838102409638554 0.3350903614457831 0.4825552208835341 0.33226656626506024 0.48161395582329314 0.32724648594377503 0.48130020080321284 0.3234814257028112 0.4825552208835341 0.31971636546184734 0.4838102409638554 0.31501004016064255 0.4850652610441767 0.31218624497991965 0.4856927710843373 0.30967620481927705 0.4866340361445783 0.30559738955823296 0.4885165662650602 0.30214608433734935 0.4900853413654618 0.29900853413654616 0.4913403614457831 0.2958709839357429 0.49290913654618473 0.2943022088353413 0.4938504016064257 0.2927334337349397 0.49604668674698793 0.29147841365461846 0.4985567269076305 0.29022339357429716 0.501066767068273 0.2895958835341365 0.5035768072289156 0.28896837349397586 0.510793172690763 0.29053714859437746 0.5154994979919678 0.2936746987951807 0.5183232931726908 0.29712600401606426 0.5208333333333333 0.3012048192771084 0.5230296184738955 0.3043423694779116 0.5239708835341365 0.30716616465863456 0.5249121485943775 0.31218624497991965 0.5255396586345381 0.31626506024096385 0.5252259036144579 0.320343875502008 0.5245983935742972 0.32410893574297184 0.5236571285140562 0.329129016064257 0.5224021084337349 0.3328940763052209 0.520519578313253 0.33540411646586343 0.5192645582329317
1 0.4449046184738955 0.5738579317269076 0.44835592369477906 0.5722891566265059 0.4514934738955823 0.5691516064257027 0.45368975903614456 0.5647590361445782 0.4549447791164658 0.5606802208835341 0.4558860441767068 0.5566014056224898 0.4558860441767068 0.5522088353413654 0.4549447791164658 0.5487575301204818 0.4540035140562249 0.5456199799196786 0.45243473895582326 0.5427961847389557 0.45086596385542166 0.5405998995983936 0.44929718875502006 0.539031124497992 0.44615963855421686 0.5362073293172691 0.44364959839357426 0.5343247991967871 0.44082580321285136 0.5321285140562249 0.4383157630522088 0.5311872489959839 0.43486445783132527 0.5293047188755019 0.43172690763052207 0.5277359437751004 0.4282756024096385 0.5264809236947791 0.4245105421686747 0.5249121485943775 0.4204317269076305 0.5236571285140562 0.41792168674698793 0.5233433734939759 0.4129016064257028 0.5224021084337349 0.4091365461847389 0.5217745983935742 0.40631275100401604 0.5211470883534136 0.40223393574297184 0.5211470883534136 0.397527610441767 0.5214608433734939 0.39313504016064255 0.5224021084337349 0.38905622489959835 0.5242846385542168 0.38623242971887545 0.5261671686746987 0.3840361445783132 0.5277359437751004 0.3821536144578313 0.5299322289156626 0.38027108433734935 0.5327560240963856 0.3790160642570281 0.5355798192771084 0.3783885542168674 0.5387173694779116 0.37870230923694775 0.5418549196787148 0.3790160642570281 0.5453062248995983 0.37964357429718876 0.547816265060241 0.38121234939759036 0.5525225903614458 0.38372238955823285 0.5550326305220883 0.3868599397590361 0.5584839357429718 0.39062499999999994 0.5619352409638554 0.39470381526104414 0.5653865461847389 0.3981551204819277 0.5672690763052208 0.4028614457831325 0.5694653614457831 0.40631275100401604 0.570406626506024 0.4110190763052209 0.5713478915662651 0.41666666666666663 0.5732304216867469 0.4204317269076305 0.5751129518072289 0.4254518072289156 0.5760542168674699 0.42921686746987947 0.5760542168674699 0.43486445783132527 0.5754267068273092 0.44019829317269077 0.5747991967871485
1 0.08785140562248996 0.47439759036144574 0.086910140562249 0.4706325301204819 0.08565512048192771 0.4674949799196787 0.08345883534136546 0.4640436746987951 0.08157630522088354 0.46121987951807225 0.07875251004016064 0.45776857429718876 0.07592871485943774 0.45431726907630515 0.07279116465863453 0.45086596385542166 0.07028112449799197 0.4489834337349397 0.0677710843373494 0.44615963855421686 0.06526104417670682 0.4439633534136546 0.06243724899598393 0.44176706827309237 0.059927208835341354 0.44019829317269077 0.05710341365461847 0.4383157630522088 0.05427961847389558 0.4373744979919678 0.05114206827309236 0.43674698795180716 0.04737700803212851 0.4354919678714859 0.04361194779116465 0.43486445783132527 0.03859186746987951 0.4345507028112449 0.034199297188755015 0.43486445783132527 0.029492971887550196 0.4364332329317269 0.026355421686746986 0.4386295180722891 0.024159136546184738 0.44176706827309237 0.022590361445783132 0.4455321285140562 0.022590361445783132 0.4499246987951807 0.02290411646586345 0.4521209839357429 0.023217871485943772 0.45243473895582326 0.023845381526104416 0.45368975903614456 0.02478664658634538 0.45714106425702805 0.025727911646586343 0.4605923694779116 0.027296686746987948 0.46372991967871485 0.028237951807228913 0.46592620481927705 0.029179216867469878 0.4690637550200803 0.030747991967871483 0.4725150602409638 0.03231676706827309 0.47596636546184734 0.034199297188755015 0.4791039156626506 0.035140562248995984 0.4809864457831325 0.04047439759036144 0.4856927710843373 0.046121987951807226 0.48945783132530113 0.057417168674698794 0.4957329317269076 0.061495983935742966 0.4973017068273092 0.06400602409638553 0.4979292168674698 0.06745732931726907 0.4979292168674698 0.06996736947791164 0.4979292168674698 0.07404618473895581 0.4979292168674698 0.07781124497991967 0.49761546184738953 0.08094879518072289 0.4966741967871486 0.08314508032128513 0.4951054216867469 0.08502761044176706 0.4925953815261044 0.0872238955823293 0.48883032128514053 0.08847891566265059 0.4850652610441767 0.08847891566265059 0.4822414658634538 0.08816516064257027 0.47784889558232924
1 0.14840612449799195 0.4050577309236948 0.14997489959839355 0.40066516064257024 0.15122991967871485 0.3969001004016064 0.15248493975903613 0.39282128514056225 0.15311244979919678 0.3893699799196787 0.15311244979919678 0.3868599397590361 0.15279869477911648 0.38309487951807225 0.1521711847389558 0.38027108433734935 0.1509161646586345 0.3777610441767068 0.14966114457831325 0.37430973895582326 0.147464859437751 0.3705446787148594 0.14558232931726905 0.36803463855421686 0.14244477911646586 0.3664658634538152 0.13993473895582328 0.3664658634538152 0.1358559236947791 0.3664658634538152 0.13209086345381524 0.3664658634538152 0.12863955823293172 0.36709337349397586 0.1255020080321285 0.3677208835341365 0.12267821285140562 0.3689759036144578 0.1195406626506024 0.3705446787148594 0.11734437751004016 0.3717996987951807 0.11452058232931725 0.37430973895582326 0.11232429718875502 0.37619226907630515 0.11012801204819275 0.37870230923694775 0.10793172690763052 0.38152610441767065 0.1063629518072289 0.38434989959839355 0.10510793172690762 0.38780120481927705 0.1047941767068273 0.39062499999999994 0.10416666666666666 0.3940763052208835 0.1032254016064257 0.39721385542168675 0.1032254016064257 0.40035140562248994 0.10353915662650602 0.40317520080321284 0.10448042168674698 0.40882279116465864 0.1047941767068273 0.4129016064257028 0.10573544176706826 0.416039156626506 0.10730421686746987 0.4191767068273092 0.10887299196787148 0.42074548192771083 0.1107555220883534 0.4213729919678714 0.11452058232931725 0.4232555220883534 0.11828564257028112 0.423883032128514 0.12299196787148593 0.4235692771084337 0.1267570281124498 0.4226280120481928 0.13020833333333331 0.4213729919678714 0.13240461847389556 0.4204317269076305 0.1355421686746988 0.4185491967871486 0.13867971887550198 0.41666666666666663 0.1418172690763052 0.4141566265060241 0.1446410642570281 0.41133283132530113 0.14652359437751003 0.40882279116465864
1 0.29555722891566266 0.398468875502008 0.29743975903614456 0.3950175702811245 0.29900853413654616 0.3925075301204819 0.30057730923694775 0.38905622489959835 0.3012048192771084 0.38623242971887545 0.3012048192771084 0.3834086345381526 0.3012048192771084 0.379957329317269 0.3008910642570281 0.37713353413654616 0.30057730923694775 0.37430973895582326 0.2993222891566265 0.3717996987951807 0.29712600401606426 0.3689759036144578 0.2952434738955823 0.3677208835341365 0.2924196787148594 0.3658383534136546 0.28896837349397586 0.3630145582329317 0.28708584337349397 0.36113202811244977 0.2848895582329317 0.35862198795180716 0.2823795180722891 0.35673945783132527 0.2801832329317269 0.3557981927710843 0.276418172690763 0.3548569277108433 0.2735943775100401 0.3548569277108433 0.2717118473895582 0.35517068273092367 0.2692018072289156 0.35673945783132527 0.2670055220883534 0.3583082329317269 0.2641817269076305 0.3601907630522088 0.26135793172690763 0.36270080321285136 0.25884789156626503 0.36521084337349397 0.25727911646586343 0.36709337349397586 0.2553965863453815 0.3708584337349397 0.25414156626506024 0.37430973895582326 0.25320030120481923 0.3777610441767068 0.2522590361445783 0.38089859437751 0.2491214859437751 0.3874874497991968 0.24818022088353411 0.39282128514056225 0.24818022088353411 0.40348895582329314 0.2491214859437751 0.4066265060240964 0.2506902610441767 0.41039156626506024 0.25288654618473894 0.41384287148594373 0.25727911646586343 0.4169804216867469 0.26135793172690763 0.4191767068273092 0.26449548192771083 0.4191767068273092 0.2698293172690763 0.4191767068273092 0.2717118473895582 0.4191767068273092 0.2739081325301205 0.4185491967871486 0.2767319277108433 0.4176079317269076 0.2801832329317269 0.416039156626506 0.2823795180722891 0.4144703815261044 0.284262048192771 0.4129016064257028 0.2864583333333333 0.4100778112449799 0.2892821285140562 0.4066265060240964 0.2911646586345381 0.4041164658634538 0.29304718875502006 0.40223393574297184
1 0.1891942771084337 0.30904869477911645 0.1932730923694779 0.30904869477911645 0.19578313253012045 0.30904869477911645 0.2020582329317269 0.30904869477911645 0.20613704819277107 0.30904869477911645 0.2092745983935743 0.30810742971887545 0.21178463855421684 0.30716616465863456 0.21460843373493974 0.3052836345381526 0.21649096385542166 0.3043423694779116 0.21805973895582328 0.301832329317269 0.21900100401606426 0.2993222891566265 0.2199422690763052 0.29649849397590355 0.2202560240963855 0.2936746987951807 0.22056977911646583 0.29022339357429716 0.2215110441767068 0.28708584337349397 0.22182479919678713 0.28457580321285136 0.22182479919678713 0.2823795180722891 0.22182479919678713 0.27955572289156627 0.22119728915662648 0.276418172690763 0.2202560240963855 0.2732806224899598 0.21900100401606426 0.2707705823293172 0.21680471887550198 0.267633032128514 0.21429467871485944 0.26449548192771083 0.2120983935742972 0.2622991967871486 0.2099021084337349 0.26041666666666663 0.20770582329317266 0.2575928714859438 0.20425451807228914 0.25445532128514053 0.20237198795180722 0.2522590361445783 0.20017570281124497 0.25006275100401604 0.19735190763052207 0.2478664658634538 0.19546937751004015 0.2462976907630522 0.19264558232931725 0.24567018072289154 0.18950803212851405 0.24535642570281124 0.1860567269076305 0.24535642570281124 0.18354668674698793 0.2450426706827309 0.1804091365461847 0.24410140562248994 0.17695783132530118 0.24347389558232932 0.1741340361445783 0.24316014056224897 0.1697414658634538 0.24316014056224897 0.165035140562249 0.24347389558232932 0.16064257028112447 0.24410140562248994 0.15625 0.24472891566265056 0.15279869477911648 0.24567018072289154 0.14997489959839355 0.24692520080321284 0.14683734939759036 0.24943524096385541 0.14495481927710843 0.25194528112449793 0.14275853413654618 0.2547690763052209 0.14118975903614456 0.2569653614457831 0.13962098393574296 0.26041666666666663 0.13836596385542166 0.2635542168674699 0.1371109437751004 0.26731927710843373 0.13648343373493974 0.2707705823293172 0.13679718875502006 0.2735943775100401 0.13867971887550198 0.27955572289156627 0.14118975903614456 0.285203313253012 0.14244477911646586 0.28708584337349397 0.14495481927710843 0.28865461847389556 0.14683734939759036 0.2895958835341365 0.14903363453815258 0.29053714859437746 0.15122991967871485 0.2924196787148594 0.15405371485943772 0.294929718875502 0.15687751004016062 0.29712600401606426 0.15907379518072287 0.29869477911646586 0.16158383534136547 0.2996360441767068 0.16534889558232932 0.3012048192771084 0.16785893574297187 0.30214608433734935 0.17036897590361447 0.30340110441767065 0.1741340361445783 0.30465612449799195 0.1772715863453815 0.3059111445783132 0.17978162650602408 0.3068524096385542 0.18260542168674698 0.3087349397590361 0.18574297188755018 0.30904869477911645
1 0.07279116465863453 0.28143825301204817 0.07310491967871485 0.27704568273092367 0.07279116465863453 0.2732806224899598 0.07247740963855422 0.2698293172690763 0.07153614457831324 0.2660642570281124 0.07028112449799197 0.2638679718875502 0.06808483935742972 0.26198544176706823 0.06557479919678715 0.259789156626506 0.06306475903614457 0.2582203815261044 0.05929969879518072 0.2569653614457831 0.05584839357429718 0.2553965863453815 0.05396586345381526 0.2553965863453815 0.05114206827309236 0.2553965863453815 0.04706325301204819 0.25571034136546184 0.04392570281124498 0.25571034136546184 0.04078815261044177 0.2563378514056225 0.03859186746987951 0.2563378514056225 0.0354543172690763 0.2566516064257028 0.03231676706827309 0.25727911646586343 0.029179216867469878 0.2579066265060241 0.026041666666666664 0.25853413654618473 0.023531626506024094 0.2591616465863454 0.020707831325301202 0.259789156626506 0.017570281124497992 0.2607304216867469 0.01506024096385542 0.26198544176706823 0.012863955823293171 0.26324046184738953 0.010667670682730923 0.2657505020080321 0.008785140562248996 0.2682605421686747 0.006902610441767068 0.2717118473895582 0.005333835341365461 0.276418172690763 0.004706325301204819 0.2792419678714859 0.00502008032128514 0.2836345381526104 0.006275100401606425 0.2867720883534136 0.008157630522088353 0.29022339357429716 0.01004016064257028 0.29210592369477906 0.01568775100401606 0.29712600401606426 0.022276606425702807 0.30026355421686746 0.02698293172690763 0.30151857429718876 0.030747991967871483 0.30277359437751 0.03325803212851405 0.30371485943775095 0.03733684738955823 0.3043423694779116 0.04078815261044177 0.3052836345381526 0.044553212851405614 0.30653865461847385 0.04737700803212851 0.30716616465863456 0.0502008032128514 0.30716616465863456 0.053652108433734934 0.30653865461847385 0.057730923694779106 0.3043423694779116 0.059927208835341354 0.30277359437751 0.06180973895582329 0.3012048192771084 0.06588855421686747 0.2983810240963855 0.06839859437751003 0.29618473895582326 0.07028112449799197 0.2943022088353413 0.07184989959839357 0.2927334337349397 0.07216365461847389 0.28896837349397586 0.07247740963855422 0.28551706827309237
1 0.441453313253012 0.3128137550200803 0.4430220883534136 0.30967620481927705 0.44427710843373486 0.3068524096385542 0.4449046184738955 0.3043423694779116 0.4455321285140562 0.30151857429718876 0.4455321285140562 0.29806726907630515 0.4455321285140562 0.294929718875502 0.44521837349397586 0.29210592369477906 0.44427710843373486 0.2892821285140562 0.44270833333333326 0.2864583333333333 0.44019829317269077 0.284262048192771 0.4370607429718875 0.2817520080321285 0.43486445783132527 0.2801832329317269 0.4323544176706827 0.2792419678714859 0.42921686746987947 0.2779869477911647 0.4254518072289156 0.2776731927710843 0.4226280120481928 0.2779869477911647 0.4198042168674698 0.2783007028112449 0.4157254016064257 0.27955572289156627 0.41227409638554213 0.27986947791164657 0.407254016064257 0.27986947791164657 0.40192018072289154 0.2801832329317269 0.39878263052208834 0.28143825301204817 0.3965863453815261 0.28269327309236947 0.3940763052208835 0.285203313253012 0.39219377510040154 0.28708584337349397 0.39031124497991965 0.2895958835341365 0.38905622489959835 0.29147841365461846 0.3881149598393574 0.2933609437751004 0.38717369477911645 0.29555722891566266 0.38623242971887545 0.29712600401606426 0.3852911646586345 0.2993222891566265 0.3849774096385542 0.30151857429718876 0.3852911646586345 0.3040286144578313 0.38717369477911645 0.30904869477911645 0.38905622489959835 0.3118724899598393 0.39188002008032125 0.31501004016064255 0.3940763052208835 0.3168925702811245 0.3965863453815261 0.31908885542168675 0.3997238955823293 0.32097138554216864 0.40192018072289154 0.32222640562248994 0.4056852409638554 0.32379518072289154 0.40788152610441764 0.32505020080321284 0.41039156626506024 0.32630522088353414 0.4129016064257028 0.32724648594377503 0.415097891566265 0.3269327309236948 0.4191767068273092 0.32567771084337344 0.422941767068273 0.32473644578313254 0.4260793172690763 0.32379518072289154 0.42921686746987947 0.32128514056224894 0.4314131526104417 0.3200301204819277 0.4339231927710843 0.3200301204819277 0.4364332329317269 0.3187751004016064 0.4383157630522088 0.3172063253012048 0.4398845381526104 0.3153237951807229
1 0.47533885542168675 0.40035140562248994 0.47596636546184734 0.39784136546184734 0.47690763052208834 0.3940763052208835 0.47690763052208834 0.3909387550200803 0.47690763052208834 0.38717369477911645 0.476593875502008 0.38466365461847385 0.47533885542168675 0.3821536144578313 0.47282881526104414 0.3793298192771084 0.46937751004016065 0.3768197791164658 0.46592620481927705 0.37525100401606426 0.46278865461847385 0.37368222891566266 0.45965110441767065 0.372113453815261 0.4565135542168674 0.3717996987951807 0.4546310240963855 0.372113453815261 0.4518072289156626 0.3724272088353413 0.4499246987951807 0.37305471887550196 0.4471009036144578 0.3733684738955823 0.4430220883534136 0.37430973895582326 0.4389432730923694 0.37525100401606426 0.4364332329317269 0.3758785140562249 0.43360943775100397 0.3768197791164658 0.4301581325301205 0.3780747991967871 0.4273343373493975 0.3790160642570281 0.424824297188755 0.379957329317269 0.4223142570281124 0.38089859437751 0.4198042168674698 0.38152610441767065 0.4169804216867469 0.3824673694779116 0.4141566265060241 0.38434989959839355 0.41133283132530113 0.38623242971887545 0.4085090361445783 0.3893699799196787 0.4066265060240964 0.3925075301204819 0.40537148594377503 0.3965863453815261 0.40537148594377503 0.4000376506024096 0.40631275100401604 0.4028614457831325 0.40788152610441764 0.40537148594377503 0.41039156626506024 0.407254016064257 0.41635291164658633 0.41039156626506024 0.4198042168674698 0.4116465863453815 0.4235692771084337 0.4132153614457831 0.4270205823293172 0.4141566265060241 0.4329819277108433 0.41541164658634533 0.4398845381526104 0.4157254016064257 0.4430220883534136 0.41635291164658633 0.4464733935742971 0.41635291164658633 0.4489834337349397 0.41635291164658633 0.45368975903614456 0.4157254016064257 0.4565135542168674 0.415097891566265 0.46027861445783125 0.4141566265060241 0.46278865461847385 0.4135291164658634 0.4674949799196787 0.4116465863453815 0.47282881526104414 0.407254016064257 0.4737700803212851 0.40474397590361444 0.47439759036144574 0.40223393574297184
1 0.553777610441767 0.36113202811244977 0.5531501004016064 0.3592494979919678 0.5518950803212851 0.35673945783132527 0.5503263052208834 0.3542294176706827 0.5484437751004017 0.35234688755020077 0.5462474899598393 0.3501506024096385 0.5443649598393574 0.3473268072289156 0.5431099397590361 0.3454442771084337 0.540913654618474 0.34262048192771083 0.5396586345381525 0.3404241967871486 0.5387173694779116 0.3385416666666667 0.5349523092369477 0.33728664658634533 0.5318147590361445 0.33665913654618473 0.5296184738955823 0.33665913654618473 0.5249121485943775 0.337914156626506 0.5217745983935742 0.33822791164658633 0.5189508032128514 0.33979668674698793 0.5164407630522088 0.3416792168674698 0.5148719879518072 0.3445030120481928 0.5136169678714859 0.3473268072289156 0.5133032128514056 0.3498368473895582 0.5133032128514056 0.3520331325301205 0.5133032128514056 0.354543172690763 0.5129894578313252 0.35673945783132527 0.512675702811245 0.3589357429718875 0.5123619477911646 0.3617595381526104 0.5123619477911646 0.36426957831325296 0.5123619477911646 0.36709337349397586 0.512675702811245 0.37023092369477906 0.5133032128514056 0.3733684738955823 0.5145582329317269 0.3765060240963855 0.5158132530120482 0.37964357429718876 0.5170682730923695 0.38309487951807225 0.5180095381526104 0.38623242971887545 0.5189508032128514 0.389683734939759 0.5202058232931727 0.39313504016064255 0.5211470883534136 0.3959588353413654 0.5220883534136546 0.39878263052208834 0.5271084337349398 0.4066265060240964 0.5315010040160641 0.41227409638554213 0.5330697791164658 0.4132153614457831 0.5362073293172691 0.4144703815261044 0.5396586345381525 0.41541164658634533 0.5424824297188754 0.415097891566265 0.5459337349397589 0.4132153614457831 0.5487575301204818 0.4110190763052209 0.5518950803212851 0.40788152610441764 0.5534638554216866 0.4056852409638554 0.5547188755020079 0.40348895582329314 0.555660140562249 0.40129267068273083 0.555660140562249 0.3981551204819277 0.5562876506024096 0.3956450803212851 0.5566014056224898 0.39282128514056225 0.5566014056224898 0.389683734939759 0.5566014056224898 0.38591867469879515 0.5566014056224898 0.38183985943775095 0.5566014056224898 0.3780747991967871 0.5566014056224898 0.37462349397590355 0.5562876506024096 0.37148594377510036 0.555660140562249 0.36803463855421686 0.5550326305220883 0.36458333333333326
1 0.05114206827309236 0.16315261044176707 0.04925953815261044 0.16158383534136547 0.04674949799196786 0.16001506024096385 0.042356927710843366 0.15781877510040157 0.04016064257028112 0.15656375502008033 0.03733684738955823 0.15562248995983935 0.034199297188755015 0.1546812248995984 0.03012048192771084 0.1546812248995984 0.028237951807228913 0.1546812248995984 0.026355421686746986 0.1549949799196787 0.023531626506024094 0.15719126506024095 0.02196285140562249 0.15970130522088352 0.020707831325301202 0.1622113453815261 0.01976656626506024 0.16472138554216864 0.018511546184738954 0.16754518072289154 0.01694277108433735 0.1709964859437751 0.01568775100401606 0.17350652610441764 0.014432730923694776 0.1772715863453815 0.01506024096385542 0.18135040160642568 0.016629016064257027 0.18386044176706826 0.01788403614457831 0.18668423694779115 0.01945281124497992 0.18982178714859438 0.021021586345381524 0.1920180722891566 0.02792419678714859 0.19672439759036145 0.03137550200803212 0.19954819277108432 0.035140562248995984 0.20111696787148592 0.03890562248995984 0.20268574297188752 0.041415662650602404 0.2036270080321285 0.044239457831325296 0.20456827309236944 0.046121987951807226 0.20488202811244977 0.04988704819277108 0.20488202811244977 0.053652108433734934 0.20425451807228914 0.05616214859437751 0.20268574297188752 0.057730923694779106 0.20174447791164657 0.05929969879518072 0.199234437751004 0.05961345381526104 0.19703815261044175 0.06024096385542168 0.1932730923694779 0.061495983935742966 0.19013554216867468 0.0633785140562249 0.18793925702811246 0.06431977911646586 0.18574297188755018 0.06400602409638553 0.18197791164658633 0.06306475903614457 0.17915411646586346 0.061495983935742966 0.17507530120481926 0.05929969879518072 0.1716239959839357 0.057417168674698794 0.16911395582329317 0.055220883534136546 0.16660391566265056 0.05333835341365461 0.16472138554216864
1 0.3043423694779116 0.12236445783132528 0.3012048192771084 0.11985441767068271 0.2996360441767068 0.11891315261044175 0.29712600401606426 0.11828564257028112 0.293988453815261 0.11765813253012047 0.2911646586345381 0.11734437751004016 0.2877133534136546 0.11765813253012047 0.2848895582329317 0.11828564257028112 0.28143825301204817 0.1195406626506024 0.2783007028112449 0.12110943775100401 0.27547690763052207 0.12205070281124497 0.2732806224899598 0.12299196787148593 0.2710843373493976 0.1242469879518072 0.2692018072289156 0.1255020080321285 0.2670055220883534 0.1283258032128514 0.2651229919678715 0.13146335341365462 0.2635542168674699 0.1342871485943775 0.2622991967871486 0.13648343373493974 0.2607304216867469 0.13962098393574296 0.259789156626506 0.14244477911646586 0.2591616465863454 0.14652359437751003 0.2591616465863454 0.14997489959839355 0.25853413654618473 0.15248493975903613 0.2582203815261044 0.1549949799196787 0.2575928714859438 0.15750502008032127 0.2575928714859438 0.16032881526104417 0.2582203815261044 0.1637801204819277 0.25884789156626503 0.16785893574297187 0.259789156626506 0.1716239959839357 0.26135793172690763 0.17507530120481926 0.26324046184738953 0.1788403614457831 0.2651229919678715 0.181664156626506 0.26731927710843373 0.18542921686746985 0.2692018072289156 0.18762550200803213 0.2751631526104417 0.1920180722891566 0.27986947791164657 0.19358684738955823 0.28394829317269077 0.19358684738955823 0.28802710843373497 0.1932730923694779 0.2908509036144578 0.19264558232931725 0.2943022088353413 0.19076305220883533 0.29618473895582326 0.1891942771084337 0.29869477911646586 0.18668423694779115 0.30026355421686746 0.18354668674698793 0.30214608433734935 0.1804091365461847 0.3040286144578313 0.17633032128514053 0.30496987951807225 0.1741340361445783 0.30622489959839355 0.17068273092369476 0.30716616465863456 0.16754518072289154 0.30810742971887545 0.1637801204819277 0.30904869477911645 0.16001506024096385 0.30967620481927705 0.15687751004016062 0.31061746987951805 0.15373995983935743 0.31061746987951805 0.1506024096385542 0.31061746987951805 0.14652359437751003 0.3099899598393574 0.1418172690763052 0.3093624497991968 0.13805220883534136 0.30904869477911645 0.1339733935742972 0.3084211847389558 0.1283258032128514 0.30653865461847385 0.12487449799196786
1 0.4740838353413654 0.15593624497991965 0.4734563253012048 0.15405371485943772 0.4722013052208835 0.15122991967871485 0.4709462851405622 0.14903363453815258 0.4696912650602409 0.1462098393574297 0.4681224899598393 0.14369979919678713 0.46686746987951805 0.14087600401606426 0.46529869477911645 0.1374246987951807 0.4640436746987951 0.1342871485943775 0.46247489959839355 0.13083584337349397 0.46090612449799195 0.12863955823293172 0.45839608433734935 0.12769829317269074 0.4561997991967871 0.12769829317269074 0.4533760040160642 0.12769829317269074 0.4499246987951807 0.12801204819277107 0.4458458835341365 0.12863955823293172 0.44208082329317266 0.129894578313253 0.43925702811244977 0.13209086345381524 0.4373744979919678 0.1342871485943775 0.43486445783132527 0.13773845381526104 0.43329568273092367 0.14056224899598393 0.4323544176706827 0.14401355421686748 0.43204066265060237 0.14652359437751003 0.43172690763052207 0.14934738955823293 0.4310993975903614 0.1521711847389558 0.4310993975903614 0.1549949799196787 0.4310993975903614 0.15781877510040157 0.4314131526104417 0.1609563253012048 0.43172690763052207 0.1637801204819277 0.43172690763052207 0.16691767068273092 0.43204066265060237 0.17005522088353411 0.4329819277108433 0.1722515060240964 0.43486445783132527 0.1753890562248996 0.4358057228915662 0.17758534136546184 0.43674698795180716 0.1800953815261044 0.43957078313253006 0.18825301204819275 0.440512048192771 0.19233182730923692 0.44270833333333326 0.19641064257028112 0.4449046184738955 0.19954819277108432 0.4471009036144578 0.20174447791164657 0.44961094377510036 0.2036270080321285 0.45274849397590355 0.20488202811244977 0.45525853413654616 0.20550953815261044 0.45870983935742965 0.20488202811244977 0.4621611445783132 0.20425451807228914 0.4662399598393574 0.20237198795180722 0.4681224899598393 0.20111696787148592 0.4709462851405622 0.1979794176706827 0.47282881526104414 0.1948418674698795 0.4740838353413654 0.1917043172690763 0.47533885542168675 0.1888805220883534 0.475652610441767 0.18637048192771083 0.47596636546184734 0.18386044176706826 0.47596636546184734 0.1800953815261044 0.47596636546184734 0.17695783132530118 0.47596636546184734 0.173820281124498 0.47596636546184734 0.1709964859437751 0.475652610441767 0.16785893574297187 0.47533885542168675 0.16472138554216864 0.4750251004016064 0.16189759036144577 0.4747113453815261 0.15876004016064255
1 0.36521084337349397 0.04674949799196786 0.3630145582329317 0.04769076305220883 0.36113202811244977 0.04863202811244979 0.35956325301204817 0.050514558232931724 0.35862198795180716 0.05271084337349397 0.35705321285140557 0.05584839357429718 0.3557981927710843 0.05929969879518072 0.35517068273092367 0.06306475903614457 0.35548443775100397 0.06714357429718874 0.35673945783132527 0.07059487951807228 0.35799447791164657 0.07875251004016064 0.3583082329317269 0.0825175702811245 0.35862198795180716 0.08628263052208834 0.3592494979919678 0.0900476907630522 0.3601907630522088 0.09255773092369476 0.3601907630522088 0.0960090361445783 0.3601907630522088 0.09914658634538152 0.3598770080321285 0.10228413654618472 0.3598770080321285 0.10542168674698794 0.3608182730923694 0.10887299196787148 0.363328313253012 0.11012801204819275 0.3664658634538152 0.11044176706827309 0.3689759036144578 0.11044176706827309 0.37117218875502006 0.11012801204819275 0.37462349397590355 0.10918674698795179 0.37619226907630515 0.10887299196787148 0.3780747991967871 0.10824548192771083 0.3805848393574297 0.10793172690763052 0.3840361445783132 0.10699046184738956 0.38623242971887545 0.10573544176706826 0.3884287148594377 0.1032254016064257 0.3899974899598393 0.1004016064257028 0.39188002008032125 0.09632279116465862 0.39470381526104414 0.08847891566265059 0.39470381526104414 0.0840863453815261 0.39470381526104414 0.08094879518072289 0.3940763052208835 0.07749748995983935 0.3934487951807229 0.07435993975903614 0.39313504016064255 0.07279116465863453 0.39313504016064255 0.07028112449799197 0.3925075301204819 0.06714357429718874 0.39219377510040154 0.0649472891566265 0.3925075301204819 0.06306475903614457 0.3925075301204819 0.06024096385542168 0.3925075301204819 0.057417168674698794 0.3925075301204819 0.055220883534136546 0.39219377510040154 0.05271084337349397 0.39188002008032125 0.05114206827309236 0.3893699799196787 0.04894578313253011 0.38874246987951805 0.046435742971887545 0.38560491967871485 0.043298192771084335 0.3852911646586345 0.043298192771084335 0.38372238955823285 0.042984437751004016 0.38183985943775095 0.042356927710843366 0.37964357429718876 0.04172941767068273 0.37713353413654616 0.04078815261044177 0.3739959839357429 0.041415662650602404 0.3724272088353413 0.042356927710843366 0.37023092369477906 0.04392570281124498 0.3677208835341365 0.0458082329317269
1 0.16629016064257027 0.09475401606425703 0.16754518072289154 0.09130271084337349 0.16848644578313252 0.08785140562248996 0.16911395582329317 0.0840863453815261 0.16911395582329317 0.08032128514056223 0.16911395582329317 0.07686997991967871 0.16911395582329317 0.07216365461847389 0.1681726907630522 0.06839859437751003 0.16754518072289154 0.06588855421686747 0.16660391566265056 0.06243724899598393 0.16534889558232932 0.05929969879518072 0.1637801204819277 0.056475903614457826 0.16127008032128512 0.05271084337349397 0.1593875502008032 0.051455823293172685 0.15687751004016062 0.0502008032128514 0.1549949799196787 0.04957329317269076 0.15185742971887548 0.04894578313253011 0.14871987951807228 0.048318273092369475 0.14652359437751003 0.04769076305220883 0.14401355421686748 0.046435742971887545 0.14118975903614456 0.046121987951807226 0.13899347389558234 0.046121987951807226 0.13491465863453814 0.04769076305220883 0.1327183734939759 0.04925953815261044 0.12926706827309237 0.05239708835341365 0.1283258032128514 0.05427961847389558 0.12707078313253012 0.056475903614457826 0.1267570281124498 0.05898594377510039 0.1267570281124498 0.0621234939759036 0.12707078313253012 0.06431977911646586 0.12738453815261044 0.06620230923694778 0.12738453815261044 0.06808483935742972 0.12738453815261044 0.06965361445783132 0.12738453815261044 0.07184989959839357 0.12801204819277107 0.08000753012048192 0.12612951807228914 0.08565512048192771 0.12456074297188754 0.08910642570281123 0.1239332329317269 0.09224397590361445 0.1239332329317269 0.09506777108433734 0.1239332329317269 0.09820532128514056 0.1242469879518072 0.10008785140562249 0.12456074297188754 0.10353915662650602 0.12518825301204817 0.10573544176706826 0.12581576305220882 0.10887299196787148 0.12707078313253012 0.11106927710843371 0.12863955823293172 0.11295180722891565 0.13177710843373494 0.11452058232931725 0.1342871485943775 0.11577560240963855 0.1371109437751004 0.11734437751004016 0.14056224899598393 0.11765813253012047 0.14369979919678713 0.11797188755020079 0.14934738955823293 0.11859939759036144 0.15185742971887548 0.11859939759036144 0.1546812248995984 0.11734437751004016 0.15750502008032127 0.11608935742971886 0.15970130522088352 0.11389307228915663 0.1609563253012048 0.11201054216867469 0.1622113453815261 0.10981425702811244 0.1634663654618474 0.10667670682730922 0.16409387550200802 0.10416666666666666 0.16472138554216864 0.10102911646586345 0.16534889558232932 0.09851907630522087
1 0.07279116465863453 0.03765060240963855 0.06996736947791164 0.036395582329317264 0.06745732931726907 0.036081827309236945 0.0649472891566265 0.03576807228915662 0.06243724899598393 0.0354543172690763 0.06024096385542168 0.03357178714859437 0.057417168674698794 0.032944277108433735 0.054593373493975896 0.03325803212851405 0.05176957831325301 0.03451305220883534 0.04988704819277108 0.03702309236947791 0.04894578313253011 0.04016064257028112 0.04769076305220883 0.04486696787148594 0.04737700803212851 0.048318273092369475 0.046121987951807226 0.05271084337349397 0.04549447791164658 0.057417168674698794 0.04549447791164658 0.06275100401606425 0.0458082329317269 0.06839859437751003 0.046435742971887545 0.07310491967871485 0.04706325301204819 0.07875251004016064 0.04800451807228915 0.0825175702811245 0.05208333333333333 0.086910140562249 0.05616214859437751 0.09098895582329317 0.059927208835341354 0.0944402610441767 0.06369226907630522 0.09632279116465862 0.06839859437751003 0.09757781124497991 0.07247740963855422 0.09820532128514056 0.07592871485943774 0.09851907630522087 0.07875251004016064 0.09851907630522087 0.08157630522088354 0.09695030120481926 0.0825175702811245 0.09475401606425703 0.08283132530120481 0.09287148594377509 0.08314508032128513 0.09067520080321284 0.08345883534136546 0.08785140562248996 0.08440010040160642 0.08440010040160642 0.08502761044176706 0.08126255020080321 0.08596887550200803 0.07781124497991967 0.08596887550200803 0.07435993975903614 0.08565512048192771 0.07059487951807228 0.08565512048192771 0.0677710843373494 0.08534136546184738 0.06526104417670682 0.08502761044176706 0.06275100401606425 0.0840863453815261 0.059927208835341354 0.08283132530120481 0.05710341365461847 0.08157630522088354 0.05396586345381526 0.08094879518072289 0.05082831325301205 0.08000753012048192 0.04769076305220883 0.07875251004016064 0.04486696787148594 0.07718373493975902 0.04204317269076305 0.07592871485943774 0.04016064257028112 0.07435993975903614 0.038278112449799194
1 0.450238453815261 0.01725652610441767 0.4523997890295358 0.018723628691983123 0.455168776371308 0.019910337552742616 0.45806962025316456 0.020042194092827002 0.46121987951807225 0.018825301204819275 0.46561244979919675 0.018511546184738954 0.46843624497991965 0.018511546184738954 0.4731425702811245 0.01694277108433735 0.4750251004016064 0.01506024096385542 0.47628012048192764 0.013491465863453815 0.48192771084337344 0.005961345381526104 0.4850652610441767 0.00031375502008032123 0.4445908634538152 0.0 0.44333584337349397 0.0018825301204819275 0.44364959839357426 0.004392570281124498 0.4445908634538152 0.00753012048192771 0.44521837349397586 0.00972640562248996 0.44615963855421686 0.011922690763052208 0.44772841365461846 0.014746485943775098
1 0.5304588607594937 0.038106540084388185 0.5333597046413502 0.037447257383966245 0.5354694092827005 0.03691983122362869 0.5381065400843882 0.035601265822784806 0.5403481012658228 0.034546413502109706 0.5427215189873418 0.033623417721518986 0.54417194092827 0.03309599156118143 0.546545358649789 0.03217299578059071 0.5487869198312236 0.03138185654008439 0.5510284810126582 0.03032700421940928 0.5531381856540084 0.028481012658227847 0.5549841772151898 0.026371308016877638 0.5564345991561181 0.024789029535864978 0.5580168776371308 0.023074894514767928 0.5599947257383966 0.020701476793248946 0.5617088607594937 0.018723628691983123 0.5631592827004219 0.01661392405063291 0.5651371308016877 0.013317510548523205 0.565928270042194 0.010284810126582278 0.5667194092827005 0.00646097046413502 0.567246835443038 0.0038238396624472575 0.567246835443038 0.0015822784810126582 0.567246835443038 0.0 0.5631592827004219 0.0 0.534678270042194 0.00013185654008438817 0.5338871308016877 0.0007911392405063291 0.5296677215189873 0.0034282700421940926 0.5259757383966245 0.006329113924050633 0.5251845991561181 0.007120253164556962 0.5239978902953586 0.008306962025316455 0.5230748945147679 0.009098101265822785 0.5220200421940928 0.010416666666666666 0.5214926160337553 0.011339662447257383 0.5204377637130801 0.013317510548523205 0.5196466244725738 0.014767932489451475 0.5188554852320675 0.01661392405063291 0.5180643459915611 0.01819620253164557 0.5171413502109704 0.019778481012658226 0.5163502109704641 0.022151898734177215 0.5155590717299579 0.023470464135021095 0.514636075949367 0.02518459915611814 0.5141086497890295 0.02834915611814346 0.5143723628691983 0.02887658227848101 0.514636075949367 0.02979957805907173 0.5148997890295358 0.030986286919831223 0.5151635021097046 0.03190928270042194 0.5155590717299579 0.032964135021097046 0.5160864978902954 0.03415084388185654 0.5166139240506329 0.035601265822784806 0.5172732067510548 0.03665611814345991 0.5184599156118144 0.037842827004219405 0.519382911392405 0.03889767932489451 0.520701476793249 0.039688818565400845 0.5226793248945147 0.039688818565400845 0.5246571729957805 0.03929324894514767 0.5263713080168776 0.038765822784810125 0.5286128691983122 0.038370253164556965
1 0.6875 0.05551160337552742 0.6911919831223627 0.0545886075949367 0.6930379746835443 0.053138185654008435 0.6958069620253163 0.05010548523206751 0.6973892405063291 0.047732067510548516 0.6985759493670886 0.0457542194092827 0.7000263713080168 0.042325949367088604 0.7001582278481012 0.04113924050632911 0.7001582278481012 0.038502109704641345 0.7000263713080168 0.03639240506329114 0.6997626582278481 0.033887130801687766 0.6993670886075949 0.03111814345991561 0.698707805907173 0.028481012658227847 0.6979166666666666 0.026371308016877638 0.6968618143459916 0.023997890295358648 0.695675105485232 0.021492616033755275 0.6943565400843882 0.018855485232067513 0.6929061181434599 0.01595464135021097 0.6915875527426161 0.013581223628691984 0.6905327004219408 0.011735232067510547 0.6893459915611814 0.009889240506329113 0.6877637130801688 0.007647679324894515 0.686181434599156 0.0054061181434599155 0.682753164556962 0.00026371308016877635 0.6499208860759494 0.0 0.6489978902953586 0.0007911392405063291 0.6475474683544303 0.002373417721518987 0.6462289029535865 0.003955696202531645 0.6445147679324895 0.005933544303797469 0.6434599156118143 0.008438818565400843 0.6425369198312236 0.011471518987341773 0.6421413502109704 0.014108649789029535 0.6422732067510548 0.016350210970464137 0.6425369198312236 0.018591772151898733 0.6435917721518987 0.021228902953586495 0.6453059071729957 0.023997890295358648 0.6472837552742615 0.026107594936708858 0.6480748945147679 0.027689873417721517 0.6480748945147679 0.02953586497890295 0.6507120253164557 0.035205696202531646 0.6508438818565401 0.03599683544303797 0.651503164556962 0.038370253164556965 0.6526898734177214 0.040348101265822785 0.6545358649789029 0.04206223628691983 0.6567774261603375 0.04338080168776371 0.6602056962025317 0.04456751054852321 0.6631065400843882 0.04601793248945148 0.6654799578059072 0.04760021097046414 0.6675896624472574 0.049841772151898736 0.6694356540084387 0.052083333333333336 0.6711497890295359 0.053797468354430375 0.6733913502109704 0.05551160337552742 0.6766877637130801 0.056962025316455694 0.6805116033755273 0.05722573839662447 0.6844672995780591 0.056302742616033755
1 0.6161656118143459 0.04680907172995781 0.6136603375527426 0.04720464135021097 0.6108913502109704 0.04786392405063291 0.6074630801687763 0.04878691983122363 0.6039029535864979 0.049973628691983116 0.6016613924050632 0.05102848101265822 0.6000791139240506 0.05261075949367088 0.598496835443038 0.05511603375527426 0.5973101265822784 0.057621308016877634 0.5961234177215189 0.05946729957805907 0.5944092827004219 0.0625 0.5907172995780591 0.07014767932489452 0.5897943037974683 0.07238924050632911 0.5888713080168776 0.07555379746835443 0.5880801687763714 0.07871835443037975 0.587289029535865 0.08175105485232066 0.5863660337552742 0.08491561181434598 0.5857067510548523 0.08768459915611813 0.5851793248945147 0.09203586497890295 0.5853111814345991 0.09520042194092827 0.5857067510548523 0.09691455696202532 0.5863660337552742 0.09902426160337553 0.5870253164556961 0.10060654008438817 0.5887394514767933 0.10390295358649788 0.5903217299578059 0.10680379746835443 0.5919040084388185 0.10878164556962025 0.5930907172995781 0.11010021097046413 0.5945411392405063 0.1115506329113924 0.5958597046413502 0.11260548523206751 0.5975738396624473 0.11352848101265822 0.5992879746835443 0.11326476793248945 0.6015295358649788 0.11247362869198312 0.6035073839662447 0.11181434599156118 0.6062763713080168 0.11075949367088607 0.6149789029535865 0.10667194092827005 0.617879746835443 0.10495780590717299 0.6199894514767933 0.10363924050632911 0.6215717299578059 0.10232067510548523 0.6235495780590716 0.09981540084388185 0.6259229957805907 0.0970464135021097 0.6275052742616033 0.09467299578059071 0.6288238396624471 0.09216772151898733 0.6298786919831224 0.08953059071729957 0.630801687763713 0.08662974683544304 0.6327795358649788 0.08082805907172995 0.6333069620253163 0.07805907172995781 0.6334388185654007 0.07568565400843881 0.6337025316455696 0.06526898734177215 0.6337025316455696 0.06263185654008438 0.633175105485232 0.05933544303797468 0.6321202531645569 0.05617088607594936 0.6304061181434599 0.05392932489451476 0.6285601265822784 0.05168776371308016 0.6263185654008439 0.049841772151898736 0.6232858649789029 0.048259493670886076 0.6198575949367089 0.047336497890295356
1 0.6268459915611814 0.18525843881856538 0.6242088607594937 0.1842035864978903 0.6211761603375527 0.18341244725738398 0.6165611814345991 0.1828850210970464 0.6120780590717299 0.1828850210970464 0.6075949367088607 0.18328059071729955 0.604298523206751 0.18341244725738398 0.6007383966244725 0.1842035864978903 0.5987605485232067 0.18486286919831224 0.5970464135021096 0.18565400843881855 0.5949367088607594 0.18670886075949367 0.5930907172995781 0.18789556962025317 0.5920358649789029 0.18881856540084388 0.5909810126582278 0.19106012658227847 0.5909810126582278 0.19382911392405064 0.5907172995780591 0.19593881856540082 0.5903217299578059 0.1972573839662447 0.5888713080168776 0.198707805907173 0.5876845991561181 0.20015822784810125 0.5870253164556961 0.20239978902953584 0.586629746835443 0.20450949367088608 0.5861023206751054 0.20609177215189872 0.5847837552742615 0.20754219409282698 0.5838607594936709 0.2093881856540084 0.5838607594936709 0.21123417721518986 0.5838607594936709 0.21387130801687762 0.5843881856540084 0.21584915611814343 0.5850474683544303 0.2175632911392405 0.5857067510548523 0.21901371308016876 0.5863660337552742 0.22033227848101264 0.587289029535865 0.22151898734177214 0.5884757383966245 0.22244198312236285 0.5892668776371308 0.22296940928270043 0.5929588607594937 0.22441983122362869 0.5942774261603375 0.22560654008438819 0.5974419831223627 0.22679324894514769 0.6003428270042194 0.2277162447257384 0.6035073839662447 0.2285073839662447 0.60667194092827 0.22929852320675106 0.609704641350211 0.22982594936708858 0.6122099156118143 0.229957805907173 0.6156381856540084 0.22982594936708858 0.6184071729957805 0.22943037974683544 0.6220991561181434 0.2285073839662447 0.6244725738396625 0.2277162447257384 0.6272415611814346 0.22613396624472573 0.6298786919831224 0.22468354430379744 0.6318565400843882 0.22283755274261602 0.6333069620253163 0.22099156118143456 0.6348892405063291 0.21861814345991562 0.6360759493670886 0.21650843881856538 0.6373945147679324 0.21492616033755274 0.6387130801687763 0.21360759493670886 0.6404272151898734 0.21242088607594936 0.6424050632911392 0.21070675105485231 0.6435917721518987 0.2093881856540084 0.6438554852320675 0.20754219409282698 0.6437236286919831 0.205168776371308 0.6434599156118143 0.20253164556962025 0.6431962025316456 0.20029008438818566 0.6428006329113923 0.19804852320675106 0.6418776371308017 0.1960706751054852 0.6404272151898734 0.1940928270042194 0.6387130801687763 0.19198312236286919 0.6363396624472574 0.19013713080168776 0.6334388185654007 0.18855485232067512 0.6304061181434599 0.18670886075949367
1 0.7083333333333334 0.33399261603375524 0.7059599156118143 0.33306962025316456 0.7033227848101266 0.3324103375527426 0.7013449367088607 0.3321466244725738 0.6988396624472574 0.33227848101265817 0.6955432489451476 0.3333333333333333 0.6929061181434599 0.33425632911392406 0.6901371308016877 0.3359704641350211 0.6880274261603375 0.3372890295358649 0.6859177215189872 0.3391350210970464 0.6843354430379747 0.34045358649789026 0.6822257383966245 0.3425632911392405 0.6806434599156117 0.3442774261603375 0.6790611814345991 0.3459915611814346 0.6774789029535865 0.347837552742616 0.6760284810126582 0.3500791139240506 0.6747099156118143 0.35205696202531644 0.6736550632911392 0.3541666666666667 0.6727320675105485 0.35733122362869196 0.6718090717299579 0.3602320675105485 0.6707542194092827 0.36286919831223624 0.669831223628692 0.36537447257383965 0.6695675105485231 0.36761603375527424 0.6694356540084387 0.37012130801687765 0.6700949367088607 0.3744725738396625 0.6703586497890295 0.376714135021097 0.6703586497890295 0.37961497890295354 0.6703586497890295 0.3822521097046413 0.6707542194092827 0.3840981012658228 0.6728639240506329 0.38660337552742613 0.6745780590717299 0.38752637130801687 0.6766877637130801 0.38805379746835444 0.6785337552742615 0.3881856540084388 0.6801160337552742 0.38792194092827004 0.6823575949367089 0.38792194092827004 0.6860495780590716 0.3883175105485232 0.6888185654008439 0.3881856540084388 0.6907964135021096 0.38792194092827004 0.6942246835443038 0.38620780590717296 0.6977848101265823 0.3835706751054852 0.701081223628692 0.3811972573839662 0.7038502109704641 0.3793512658227848 0.7066191983122362 0.3780327004219409 0.7084651898734177 0.37750527426160335 0.7089926160337553 0.3769778481012658 0.7099156118143459 0.37539556962025317 0.7112341772151898 0.3735495780590717 0.7121571729957805 0.3718354430379747 0.7157172995780591 0.36445147679324896 0.7169040084388185 0.36194620253164556 0.7175632911392404 0.35825421940928265 0.7172995780590716 0.35508966244725737 0.7170358649789029 0.3524525316455696 0.7167721518987341 0.3495516877637131 0.7161128691983122 0.34638713080168776 0.7154535864978903 0.3436181434599156 0.7146624472573839 0.34045358649789026 0.7130801687763714 0.3380801687763713 0.7108386075949367 0.3358386075949367
1 0.7341772151898734 0.43868670886075944 0.7337816455696202 0.43644514767932485 0.732331223628692 0.42800632911392406 0.7306170886075949 0.423918776371308 0.7296940928270043 0.4218090717299578 0.7287710970464135 0.41983122362869196 0.7278481012658227 0.41798523206751054 0.7265295358649788 0.4160073839662447 0.7246835443037974 0.4137658227848101 0.7223101265822784 0.4117879746835443 0.7195411392405063 0.41046940928270037 0.7171677215189872 0.40981012658227844 0.7141350210970464 0.4091508438818565 0.7108386075949367 0.4091508438818565 0.7083333333333334 0.4092827004219409 0.7070147679324894 0.4096782700421941 0.7055643459915611 0.41112869198312235 0.7041139240506329 0.4129746835443038 0.702795358649789 0.41468881856540085 0.7016086497890295 0.41640295358649787 0.7005537974683543 0.41838080168776365 0.6997626582278481 0.4200949367088607 0.6989715189873418 0.42233649789029537 0.6983122362869199 0.4243143459915612 0.6973892405063291 0.42681962025316456 0.6965981012658227 0.4294567510548523 0.6959388185654007 0.43183016877637126 0.6955432489451476 0.43354430379746833 0.6958069620253163 0.4404008438818565 0.6958069620253163 0.4427742616033755 0.6959388185654007 0.4455432489451477 0.696334388185654 0.44804852320675104 0.6965981012658227 0.4508175105485232 0.6971255274261604 0.45332278481012656 0.6977848101265823 0.4555643459915612 0.6983122362869199 0.45820147679324896 0.6988396624472574 0.4612341772151899 0.6993670886075949 0.4634757383966245 0.6997626582278481 0.4655854430379746 0.70042194092827 0.46769514767932485 0.7021360759493671 0.4721782700421941 0.7031909282700421 0.4749472573839662 0.703454641350211 0.4762658227848101 0.7043776371308017 0.4790348101265823 0.7059599156118143 0.4812763713080168 0.7076740506329114 0.4829905063291139 0.709256329113924 0.4843090717299578 0.7112341772151898 0.4861550632911392 0.7128164556962026 0.48747362869198313 0.7145305907172995 0.48905590717299574 0.7161128691983122 0.49024261603375524 0.7179588607594937 0.491165611814346 0.7195411392405063 0.4915611814345991 0.7224419831223627 0.4916930379746835 0.7242879746835443 0.49142932489451474 0.7256065400843882 0.49090189873417717 0.7271888185654007 0.4899789029535865 0.7289029535864979 0.4883966244725738 0.7311445147679324 0.48562763713080165 0.7327267932489451 0.48338607594936706 0.7345727848101266 0.4812763713080168 0.7366824894514767 0.47811181434599154 0.7376054852320675 0.4763976793248945 0.7382647679324894 0.4742879746835443 0.7386603375527426 0.4720464135021097 0.7389240506329114 0.4692774261603375 0.7389240506329114 0.46677215189873417 0.7390559071729957 0.4641350210970464 0.7382647679324894 0.45925632911392406 0.7378691983122362 0.4564873417721519 0.7373417721518987 0.4547732067510548 0.7368143459915611 0.45226793248945146 0.7361550632911392 0.4493670886075949 0.7356276371308017 0.44686181434599154 0.7352320675105485 0.44409282700421937 0.734704641350211 0.4413238396624472
1 0.622626582278481 0.4854957805907173 0.6206487341772152 0.48285864978902954 0.6182753164556961 0.47929852320675104 0.6162974683544303 0.4773206751054852 0.614451476793249 0.4762658227848101 0.6123417721518987 0.4754746835443038 0.6094409282700421 0.47481540084388185 0.6068037974683543 0.4742879746835443 0.6050896624472574 0.4741561181434599 0.603243670886076 0.4741561181434599 0.6016613924050632 0.4744198312236287 0.5991561181434599 0.47481540084388185 0.5974419831223627 0.47534282700421937 0.5957278481012658 0.4762658227848101 0.5936181434599156 0.4778481012658228 0.5915084388185653 0.47929852320675104 0.5893987341772152 0.48167194092827004 0.587948312236287 0.48404535864978904 0.5867616033755273 0.4862869198312236 0.5857067510548523 0.48892405063291133 0.5849156118143459 0.4919567510548523 0.5843881856540084 0.4947257383966245 0.5839926160337553 0.49736286919831224 0.5838607594936709 0.4998681434599156 0.5839926160337553 0.502373417721519 0.584256329113924 0.5054061181434599 0.5847837552742615 0.5075158227848101 0.5854430379746834 0.5101529535864979 0.5858386075949367 0.5122626582278481 0.5863660337552742 0.5143723628691983 0.5867616033755273 0.5160864978902954 0.587289029535865 0.5180643459915611 0.5880801687763714 0.5220200421940928 0.5895305907172995 0.5237341772151899 0.5905854430379747 0.5262394514767933 0.5919040084388185 0.5284810126582279 0.5924314345991561 0.5304588607594937 0.59375 0.5325685654008439 0.595464135021097 0.5342827004219408 0.5969145569620252 0.5353375527426161 0.5987605485232067 0.5367879746835443 0.6003428270042194 0.5381065400843882 0.6029799578059072 0.5391613924050632 0.6045622362869199 0.5395569620253163 0.6061445147679324 0.5395569620253163 0.6078586497890295 0.5396888185654007 0.6102320675105485 0.5396888185654007 0.6126054852320675 0.5396888185654007 0.6145833333333334 0.5395569620253163 0.6162974683544303 0.5392932489451476 0.6176160337552742 0.5387658227848101 0.6199894514767933 0.537710970464135 0.6217035864978903 0.5366561181434599 0.6240770042194093 0.5348101265822784 0.6275052742616033 0.5307225738396624 0.629746835443038 0.5270305907172995 0.6311972573839663 0.5238660337552743 0.6321202531645569 0.5203059071729957 0.6327795358649788 0.5179324894514767 0.6333069620253163 0.5151635021097046 0.6335706751054851 0.5092299578059072 0.6333069620253163 0.5060654008438819 0.6326476793248944 0.5039556962025317 0.6318565400843882 0.5015822784810127 0.6304061181434599 0.4992088607594936 0.6288238396624471 0.49670358649789026 0.6271097046413502 0.49380274261603374 0.6257911392405063 0.491165611814346 0.6246044303797469 0.48852848101265817
1 0.6061445147679324 0.5975738396624473 0.6035073839662447 0.5988924050632911 0.6012658227848101 0.6004746835443038 0.5988924050632911 0.6021888185654007 0.5963871308016877 0.6037710970464135 0.5942774261603375 0.6052215189873418 0.5921677215189872 0.6071993670886076 0.5903217299578059 0.609045358649789 0.5884757383966245 0.6110232067510548 0.5871571729957806 0.6128691983122362 0.5864978902953586 0.6156381856540084 0.5862341772151898 0.6181434599156117 0.5868934599156117 0.6203850210970464 0.587948312236287 0.6214398734177214 0.5892668776371308 0.6227584388185653 0.5901898734177214 0.6236814345991561 0.5930907172995781 0.6282964135021096 0.5946729957805907 0.6296149789029536 0.5965189873417721 0.6305379746835443 0.5979694092827005 0.6311972573839663 0.5996835443037974 0.6319883966244725 0.6012658227848101 0.6326476793248944 0.6065400843881856 0.6343618143459916 0.6086497890295359 0.6350210970464135 0.6122099156118143 0.6358122362869199 0.6149789029535865 0.6363396624472574 0.6181434599156117 0.6371308016877637 0.6205168776371308 0.6377900843881856 0.623945147679325 0.6381856540084387 0.6265822784810127 0.6381856540084387 0.6306698312236286 0.6381856540084387 0.6356803797468354 0.63792194092827 0.6395042194092827 0.6373945147679324 0.6418776371308017 0.6364715189873418 0.6441191983122362 0.6352848101265823 0.6478111814345991 0.6327795358649788 0.649789029535865 0.6309335443037974 0.6516350210970464 0.6279008438818565 0.6526898734177214 0.6253955696202531 0.6530854430379747 0.6231540084388185 0.6529535864978903 0.6201213080168776 0.6522943037974683 0.6172204641350211 0.6513713080168776 0.6147151898734177 0.6503164556962026 0.6118143459915611 0.649129746835443 0.6093090717299579 0.6475474683544303 0.6069356540084387 0.6458333333333334 0.6050896624472574 0.6439873417721518 0.6036392405063291 0.6418776371308017 0.6024525316455696 0.6391086497890295 0.6012658227848101 0.6364715189873418 0.6003428270042194 0.633175105485232 0.5992879746835443 0.6298786919831224 0.5979694092827005 0.6265822784810127 0.5970464135021096 0.623945147679325 0.5963871308016877 0.6210443037974683 0.5959915611814346 0.6186708860759494 0.5955959915611814 0.6153744725738396 0.5953322784810127 0.6115506329113923 0.5955959915611814 0.6093090717299579 0.5961234177215189
1 0.7238924050632911 0.5373154008438819 0.7215189873417721 0.5383702531645569 0.7182225738396625 0.5392932489451476 0.7162447257383966 0.5402162447257385 0.7134757383966245 0.5416666666666666 0.7107067510548523 0.5432489451476793 0.7076740506329114 0.544831223628692 0.7046413502109704 0.5466772151898734 0.7026635021097046 0.5479957805907173 0.7005537974683543 0.5498417721518987 0.6983122362869199 0.5518196202531646 0.6959388185654007 0.5549841772151898 0.6943565400843882 0.5586761603375527 0.6936972573839663 0.5621044303797469 0.6936972573839663 0.5651371308016877 0.693960970464135 0.5671149789029536 0.6942246835443038 0.568301687763713 0.6942246835443038 0.5704113924050632 0.6943565400843882 0.5722573839662447 0.6951476793248944 0.5758175105485231 0.6960706751054851 0.5772679324894515 0.6975210970464135 0.5789820675105485 0.7000263713080168 0.5820147679324895 0.7013449367088607 0.5829377637130801 0.7031909282700421 0.5846518987341772 0.7062236286919831 0.5863660337552742 0.7093881856540084 0.5876845991561181 0.7122890295358649 0.5884757383966245 0.7146624472573839 0.5888713080168776 0.717431434599156 0.5892668776371308 0.7202004219409283 0.589003164556962 0.723496835443038 0.5886075949367089 0.7267932489451476 0.5874208860759494 0.7302215189873418 0.5857067510548523 0.7320675105485231 0.5841244725738396 0.734704641350211 0.5818829113924051 0.7364187763713079 0.5799050632911392 0.7399789029535865 0.5773997890295359 0.7420886075949367 0.5759493670886076 0.7439345991561181 0.5744989451476793 0.7453850210970464 0.5727848101265823 0.7460443037974683 0.5709388185654007 0.7461761603375527 0.5685654008438819 0.7463080168776371 0.565928270042194 0.7468354430379747 0.5640822784810127 0.7473628691983122 0.5615770042194093 0.7474947257383966 0.5590717299578059 0.7472310126582278 0.5564345991561181 0.7470991561181434 0.5537974683544303 0.7470991561181434 0.5505010548523206 0.7470991561181434 0.5466772151898734 0.7467035864978903 0.5425896624472574 0.7459124472573839 0.5392932489451476 0.7448575949367089 0.537051687763713 0.742879746835443 0.5357331223628692 0.7403744725738396 0.5352056962025317 0.7382647679324894 0.5352056962025317 0.7356276371308017 0.5352056962025317 0.7329905063291139 0.5353375527426161 0.729298523206751 0.5357331223628692 0.7263976793248944 0.5365242616033755
1 0.7278481012658227 0.6412183544303798 0.7246835443037974 0.6401635021097046 0.7216508438818565 0.6395042194092827 0.7183544303797469 0.6392405063291139 0.7153217299578059 0.6389767932489451 0.7122890295358649 0.6391086497890295 0.7089926160337553 0.6391086497890295 0.7064873417721518 0.6395042194092827 0.702795358649789 0.6401635021097046 0.6984440928270043 0.6410864978902954 0.695675105485232 0.6433280590717299 0.693301687763713 0.6460970464135021 0.6923786919831224 0.6495253164556961 0.6927742616033755 0.6530854430379747 0.6930379746835443 0.65625 0.6950158227848101 0.6629746835443038 0.6967299578059072 0.6664029535864979 0.6983122362869199 0.66917194092827 0.6996308016877637 0.6708860759493671 0.7012130801687763 0.6729957805907173 0.7025316455696202 0.6744462025316456 0.7041139240506329 0.6760284810126582 0.7088607594936709 0.6794567510548523 0.7108386075949367 0.6807753164556961 0.7178270042194093 0.6849947257383966 0.7199367088607594 0.686181434599156 0.7224419831223627 0.6873681434599156 0.7246835443037974 0.6884229957805907 0.726925105485232 0.6893459915611814 0.729298523206751 0.6901371308016877 0.7307489451476793 0.6905327004219408 0.7329905063291139 0.6913238396624471 0.7354957805907173 0.6919831223628692 0.7376054852320675 0.6927742616033755 0.7407700421940928 0.6934335443037974 0.7431434599156117 0.693960970464135 0.7456487341772152 0.6942246835443038 0.7482858649789029 0.6944883966244725 0.7501318565400844 0.6942246835443038 0.751714135021097 0.6935654008438819 0.7527689873417721 0.6927742616033755 0.754087552742616 0.6918512658227848 0.7551424050632911 0.690928270042194 0.756460970464135 0.6894778481012658 0.7590981012658227 0.6867088607594937 0.7609440928270043 0.6844672995780591 0.7630537974683543 0.6818301687763714 0.7651635021097046 0.6785337552742615 0.765954641350211 0.6745780590717299 0.7658227848101266 0.671545358649789 0.7651635021097046 0.6683808016877637 0.7643723628691982 0.6660073839662447 0.7631856540084387 0.6640295358649788 0.7618670886075949 0.6619198312236286 0.7604166666666666 0.659678270042194 0.7552742616033755 0.6553270042194093 0.754087552742616 0.6544040084388185 0.7481540084388185 0.6513713080168776 0.744198312236287 0.6493934599156117 0.7412974683544303 0.6479430379746834 0.7389240506329114 0.6466244725738396 0.7364187763713079 0.6449103375527426 0.7336497890295359 0.6433280590717299 0.7310126582278481 0.6421413502109704
1 0.7217827004219408 0.7215189873417721 0.7170358649789029 0.7219145569620252 0.7118934599156117 0.7223101265822784 0.706882911392405 0.723496835443038 0.7025316455696202 0.7246835443037974 0.6992352320675105 0.7262658227848101 0.6965981012658227 0.7277162447257383 0.6934335443037974 0.7300896624472574 0.6907964135021096 0.7324630801687763 0.6886867088607594 0.7352320675105485 0.6878955696202531 0.7376054852320675 0.6878955696202531 0.7393196202531646 0.6886867088607594 0.7410337552742615 0.6888185654008439 0.7435390295358649 0.6896097046413502 0.7459124472573839 0.6905327004219408 0.7485495780590716 0.6919831223628692 0.7513185654008439 0.6930379746835443 0.7532964135021096 0.6940928270042194 0.755801687763713 0.6958069620253163 0.7576476793248944 0.698048523206751 0.7590981012658227 0.7008175105485231 0.760548523206751 0.7042457805907173 0.7621308016877637 0.7064873417721518 0.7641086497890295 0.7083333333333334 0.7660864978902954 0.7107067510548523 0.7672732067510548 0.7137394514767933 0.7676687763713079 0.7178270042194093 0.7676687763713079 0.7225738396624471 0.7672732067510548 0.7262658227848101 0.7666139240506329 0.7287710970464135 0.7663502109704641 0.7327267932489451 0.7647679324894515 0.7345727848101266 0.7631856540084387 0.7366824894514767 0.7608122362869199 0.7382647679324894 0.7585706751054851 0.7419567510548523 0.7523734177215189 0.7436708860759494 0.7492088607594937 0.745253164556962 0.7457805907172995 0.7459124472573839 0.7420886075949367 0.7457805907172995 0.7390559071729957 0.7451213080168776 0.7364187763713079 0.744198312236287 0.7337816455696202 0.7432753164556961 0.7306170886075949 0.7424841772151898 0.7285073839662447 0.7411656118143459 0.7258702531645569 0.739451476793249 0.7241561181434599 0.7376054852320675 0.7232331223628692 0.7354957805907173 0.7224419831223627 0.7328586497890295 0.7216508438818565 0.7306170886075949 0.7212552742616033 0.7279799578059071 0.7212552742616033 0.7248154008438819 0.7213871308016877
1 0.8400259067357514 0.8465025906735751 0.8351683937823835 0.854598445595855 0.8332793609671848 0.8581066493955095 0.8324697754749569 0.8632340241796201 0.8324697754749569 0.8694408462867014 0.8324697754749569 0.8740284974093265 0.8332793609671848 0.8788860103626944 0.8351683937823835 0.883203799654577 0.8381368739205527 0.8861722797927462 0.8424546632124353 0.8888708981001727 0.8459628670120899 0.8904900690846288 0.8502806563039724 0.8915695164075994 0.8540587219343697 0.8912996545768567 0.8567573402417962 0.8904900690846288 0.8613449913644214 0.8894106217616582 0.864853195164076 0.8869818652849742 0.8675518134715027 0.8853626943005182 0.870520293609672 0.883203799654577 0.8726791882556132 0.879965457685665 0.8748380829015545 0.876727115716753 0.8772668393782385 0.8726791882556132 0.8791558721934369 0.8686312607944733 0.8815846286701209 0.864043609671848 0.8834736614853196 0.8599956822107082 0.8848229706390328 0.8575669257340243 0.8850928324697755 0.853788860103627 0.8848229706390328 0.8500107944732298 0.8848229706390328 0.8454231433506045 0.8842832469775476 0.8408354922279794 0.8834736614853196 0.8367875647668394 0.8815846286701209 0.8330094991364423 0.8786161485319517 0.8308506044905009 0.8759175302245251 0.8297711571675302 0.8721394645941278 0.8295012953367876 0.8683613989637305 0.8289615716753023 0.864043609671848 0.8284218480138169 0.8618847150259068 0.8284218480138169 0.8586463730569949 0.8295012953367876 0.855408031088083 0.8311204663212436 0.852169689119171 0.8335492227979275 0.8492012089810018 0.8359779792746115 0.8465025906735751 0.838676597582038 0.8443436960276339 0.841105354058722 0.8416450777202072 0.8443436960276339
1 0.9234132124352332 0.8324697754749569 0.9234132124352332 0.8378670120898101 0.9250323834196892 0.8424546632124353 0.9258419689119172 0.8467724525043179 0.9269214162348879 0.8500107944732298 0.9293501727115718 0.8540587219343697 0.9309693436960277 0.855408031088083 0.9328583765112264 0.8570272020725389 0.9352871329879103 0.8583765112262522 0.9387953367875649 0.8586463730569949 0.9409542314335061 0.8581066493955095 0.9436528497409327 0.8562176165803109 0.9463514680483593 0.854598445595855 0.9498596718480139 0.8529792746113991 0.9528281519861832 0.8508203799654577 0.9557966321243524 0.8483916234887737 0.9590349740932643 0.8451532815198619 0.9617335924006909 0.8413752158894646 0.9638924870466322 0.8365177029360968 0.9652417962003454 0.8327396373056996 0.9657815198618308 0.8289615716753023 0.9657815198618308 0.8241040587219344 0.9657815198618308 0.8195164075993092 0.9652417962003454 0.8154684801381694 0.9647020725388601 0.8092616580310882 0.9630829015544042 0.8046740069084629 0.9609240069084629 0.8017055267702936 0.9584952504317791 0.7990069084628671 0.9557966321243524 0.7968480138169257 0.9520185664939551 0.7946891191709845 0.9487802245250433 0.7928000863557859 0.945002158894646 0.7914507772020726 0.9428432642487047 0.7914507772020726 0.9409542314335061 0.7922603626943006 0.9387953367875649 0.7938795336787565 0.9358268566493956 0.7957685664939551 0.9331282383419689 0.7979274611398964 0.9301597582037997 0.801435664939551 0.9271912780656304 0.8057534542314336 0.9255721070811745 0.8092616580310882 0.9244926597582039 0.813309585492228 0.9242227979274612 0.8170876511226253 0.9242227979274612 0.8203259930915372 0.9239529360967186 0.8243739205526771 0.9239529360967186 0.8262629533678757
1 0.9730677892918825 0.9406843696027635 0.9744170984455959 0.9425734024179621 0.9765759930915372 0.9452720207253886 0.9776554404145078 0.9468911917098447 0.9795444732297065 0.9495898100172712 0.9822430915371331 0.9522884283246978 0.9841321243523317 0.9541774611398964 0.9860211571675302 0.9560664939550951 0.9873704663212436 0.9571459412780657 0.9903389464594129 0.9598445595854923 0.9916882556131262 0.9609240069084629 0.9954663212435233 0.9620034542314336 0.997355354058722 0.9617335924006909 0.9989583333333333 0.9606541450777203 0.9989583333333333 0.8842562607944732 0.99816493955095 0.8829339378238342 0.9962759067357514 0.8813147668393783 0.9946567357512954 0.8796955958549224 0.9924978411053541 0.8780764248704663 0.9903389464594129 0.8772668393782385 0.9876403281519862 0.8761873920552677 0.9849417098445596 0.8753778065630399 0.983052677029361 0.8748380829015545 0.9806239205526771 0.8748380829015545 0.9787348877374785 0.8753778065630399 0.9765759930915372 0.876727115716753 0.9749568221070812 0.8780764248704663 0.9714486183074267 0.8813147668393783 0.9692897236614855 0.8829339378238342 0.9676705526770294 0.8853626943005182 0.9663212435233162 0.8883311744386874 0.9652417962003454 0.8912996545768567 0.9625431778929189 0.9007448186528498 0.9617335924006909 0.9085708117443869 0.9617335924006909 0.9123488773747842 0.9620034542314336 0.9163968048359241 0.9628130397236615 0.9193652849740933 0.9641623488773748 0.9226036269430052 0.9649719343696028 0.9250323834196892 0.9684801381692574 0.9325885146804836 0.9706390328151986 0.9360967184801382 0.9719883419689119 0.9385254749568221
1 0.9630829015544042 0.9970854922279794 0.9620034542314336 0.9946567357512954 0.9609240069084629 0.9927677029360968 0.959304835924007 0.9906088082901554 0.9574158031088084 0.9887197754749569 0.9552569084628671 0.9871006044905009 0.9533678756476685 0.9852115716753023 0.9509391191709845 0.9835924006908463 0.9490500863557859 0.9819732297063904 0.9471610535405872 0.9803540587219344 0.945002158894646 0.9787348877374785 0.94338298791019 0.9773855785837652 0.9406843696027635 0.9757664075993092 0.9377158894645942 0.9744170984455959 0.9352871329879103 0.9733376511226253 0.932318652849741 0.9719883419689119 0.9290803108808291 0.9703691709844561 0.9253022452504318 0.9692897236614855 0.9204447322970639 0.9690198618307427 0.91801597582038 0.9700993091537133 0.9163968048359241 0.9719883419689119 0.9147776338514682 0.9738773747841106 0.9134283246977548 0.9757664075993092 0.9101899827288429 0.9798143350604491 0.9077612262521589 0.9819732297063904 0.906142055267703 0.9841321243523317 0.9058721934369603 0.9873704663212436 0.906142055267703 0.9895293609671848 0.9064119170984456 0.9914183937823835 0.9072215025906736 0.9943868739205527 0.9080310880829017 0.9960060449050088 0.9091105354058723 0.9989583333333333 0.9638855477424131 0.9989583333333333
1 0.8076424870466322 0.5841968911917098 0.8122301381692574 0.5874352331606219 0.8178972366148533 0.5901338514680484 0.8205958549222798 0.5906735751295338 0.8232944732297065 0.5906735751295338 0.8254533678756477 0.5893242659758204 0.8284218480138169 0.5866256476683938 0.8303108808290156 0.5839270293609673 0.831660189982729 0.580958549222798 0.8324697754749569 0.5777202072538861 0.8327396373056996 0.5742120034542315 0.8330094991364423 0.5704339378238342 0.8330094991364423 0.5666558721934369 0.8330094991364423 0.5631476683937824 0.8327396373056996 0.5585600172711572 0.8321999136442142 0.553972366148532 0.8311204663212436 0.5499244386873922 0.8303108808290156 0.5464162348877376 0.829231433506045 0.5431778929188256 0.8281519861830744 0.5385902417962004 0.8265328151986183 0.5342724525043179 0.8249136442141624 0.5304943868739206 0.8235643350604491 0.5275259067357513 0.8219451640759932 0.5248272884283247 0.8192465457685665 0.5215889464594128 0.8162780656303973 0.5191601899827288 0.813309585492228 0.5178108808290155 0.8095315198618308 0.5175410189982729 0.8071027633851469 0.5183506044905009 0.8057534542314336 0.5191601899827288 0.8033246977547497 0.5210492227979274 0.801435664939551 0.522938255613126 0.7995466321243524 0.52536701208981 0.7973877374784111 0.5280656303972366 0.7963082901554405 0.5304943868739206 0.7949589810017271 0.5337327288428325 0.7941493955094993 0.5369710708117444 0.7938795336787565 0.5402094127806564 0.7938795336787565 0.5437176165803109 0.7938795336787565 0.5472258203799655 0.7949589810017271 0.5512737478411054 0.7965781519861832 0.5547819516407599 0.7971178756476685 0.5574805699481866 0.7990069084628671 0.5639572538860105 0.7995466321243524 0.5663860103626944 0.8033246977547497 0.5779900690846288 0.8046740069084629 0.5804188255613127 0.8060233160621763 0.5823078583765113
1 0.8230246113989638 0.4789507772020725 0.8241040587219344 0.48272884283246975 0.8251835060449051 0.485697322970639 0.826802677029361 0.4894753886010363 0.829231433506045 0.49244386873920554 0.8324697754749569 0.4954123488773748 0.8362478411053541 0.49811096718480136 0.8400259067357514 0.5002698618307426 0.8440738341968912 0.5018890328151986 0.8465025906735751 0.5013493091537132 0.8486614853195165 0.5 0.8505505181347152 0.49811096718480136 0.8527094127806564 0.4951424870466321 0.855408031088083 0.49190414507772023 0.8575669257340243 0.4883959412780656 0.8597258203799656 0.485697322970639 0.8618847150259068 0.48299870466321243 0.8702504317789292 0.46491796200345425 0.8721394645941278 0.4533139032815198 0.8726791882556132 0.4498056994818653 0.8729490500863559 0.44629749568221067 0.8729490500863559 0.44143998272884283 0.8726791882556132 0.4371221934369603 0.8726791882556132 0.4336139896373057 0.8721394645941278 0.4292962003454231 0.8710600172711572 0.4241688255613126 0.8691709844559586 0.41958117443868737 0.8670120898100174 0.41580310880829013 0.864043609671848 0.4133743523316062 0.8599956822107082 0.4120250431778929 0.8556778929188256 0.4106757340241796 0.8510902417962004 0.4106757340241796 0.8462327288428325 0.4112154576856649 0.8440738341968912 0.4122949050086355 0.8413752158894646 0.41391407599309155 0.8389464594127808 0.4155332469775475 0.8370574265975821 0.41742227979274615 0.8357081174438687 0.41904145077720206 0.8338190846286702 0.42120034542314333 0.8321999136442142 0.423089378238342 0.8305807426597583 0.4255181347150259 0.8295012953367876 0.42794689119170987 0.8284218480138169 0.43010578583765113 0.8238341968911918 0.4409002590673575 0.8232944732297065 0.4435988773747841 0.8219451640759932 0.45547279792746115 0.8216753022452504 0.46950561312607947
1 0.9190954231433507 0.5035082037996546 0.9201748704663213 0.5072862694300518 0.9223337651122626 0.509445164075993 0.9244926597582039 0.511873920552677 0.9269214162348879 0.5145725388601037 0.9298898963730571 0.5170012953367876 0.9312392055267704 0.5183506044905009 0.9325885146804836 0.5196999136442142 0.9355569948186528 0.5215889464594128 0.9385254749568221 0.5242875647668394 0.9423035405872194 0.526986183074266 0.946621329879102 0.5280656303972366 0.9509391191709845 0.5277957685664939 0.9530980138169257 0.5264464594127807 0.9555267702936097 0.5242875647668394 0.9584952504317791 0.5207793609671848 0.9603842832469776 0.5178108808290155 0.9622733160621763 0.5137629533678756 0.9638924870466322 0.509445164075993 0.9655116580310882 0.5051273747841105 0.9674006908462868 0.49406303972366145 0.9660513816925734 0.48434801381692577 0.9641623488773748 0.47814119170984454 0.9622733160621763 0.47274395509499134 0.9603842832469776 0.46950561312607947 0.9584952504317791 0.46545768566493956 0.9563363557858378 0.4624892055267703 0.9539075993091538 0.46087003454231434 0.9509391191709845 0.458711139896373 0.94743091537133 0.4573618307426598 0.9444624352331608 0.45655224525043175 0.9409542314335061 0.45601252158894645 0.9379857512953368 0.4562823834196891 0.9352871329879103 0.4570919689119171 0.9320487910189983 0.458711139896373 0.9293501727115718 0.46033031088082904 0.9266515544041452 0.46275906735751293 0.9247625215889465 0.4657275474956822 0.9234132124352332 0.46815630397236613 0.9215241796200346 0.4719343696027634 0.9199050086355787 0.4751727115716753 0.9185556994818653 0.4773316062176166 0.9177461139896373 0.4794905008635579 0.9172063903281521 0.48218911917098445 0.9169365284974094 0.4848877374784111 0.9172063903281521 0.4951424870466321 0.9182858376511227 0.500809585492228
1 0.9107297063903281 0.3553540587219343 0.9080310880829017 0.35751295336787564 0.9064119170984456 0.35940198618307423 0.9042530224525044 0.36291018998272884 0.9031735751295338 0.3653389464594128 0.9002050949913645 0.37343480138169255 0.8991256476683939 0.3772128670120898 0.8988557858376512 0.38153065630397237 0.8991256476683939 0.3861183074265976 0.9010146804835925 0.3904360967184802 0.903713298791019 0.39340457685664937 0.9064119170984456 0.395293609671848 0.9109995682210709 0.3974525043177893 0.9158570811744388 0.39934153713298787 0.9190954231433507 0.4004209844559586 0.9271912780656304 0.4004209844559586 0.9328583765112264 0.4004209844559586 0.9358268566493956 0.39988126079447317 0.9406843696027635 0.39799222797927464 0.9452720207253886 0.3966429188255613 0.9477007772020726 0.3955634715025907 0.9506692573402418 0.39367443868739205 0.9544473229706391 0.3907059585492228 0.9574158031088084 0.38827720207253885 0.9601144214162349 0.3866580310880829 0.9633527633851469 0.38422927461139894 0.9655116580310882 0.382610103626943 0.9682102763385146 0.38045120898100176 0.9714486183074267 0.3772128670120898 0.973607512953368 0.3739745250431779 0.9763061312607946 0.36992659758203794 0.9776554404145078 0.36668825561312607 0.9787348877374785 0.36264032815198616 0.9784650259067359 0.35940198618307423 0.9765759930915372 0.35562392055267705 0.9741472366148533 0.35238557858376507 0.9719883419689119 0.3499568221070811 0.969559585492228 0.3480677892918826 0.967130829015544 0.34644861830742657 0.9641623488773748 0.3448294473229706 0.9611938687392055 0.3434801381692573 0.957685664939551 0.34240069084628666 0.9544473229706391 0.34132124352331605 0.9506692573402418 0.34132124352331605 0.946621329879102 0.34159110535405873 0.9412240932642487 0.34213082901554404 0.9374460276338515 0.34240069084628666 0.934747409326425 0.34294041450777196 0.9309693436960277 0.34375 0.9277310017271158 0.344559585492228 0.9236830742659758 0.34590889464594127 0.9212543177892919 0.34779792746113986 0.9185556994818653 0.3494170984455958 0.9163968048359241 0.35076640759930916 0.9136981865284974 0.3529253022452504
1 0.8408354922279794 0.3440198618307427 0.8454231433506045 0.34671848013816925 0.8505505181347152 0.3486075129533679 0.8567573402417962 0.3496869602763385 0.8608052677029362 0.3494170984455958 0.8643134715025907 0.34563903281519864 0.8672819516407599 0.3399719343696027 0.8683613989637305 0.33646373056994816 0.8686312607944733 0.33187607944732295 0.8683613989637305 0.32674870466321243 0.868091537132988 0.3235103626943005 0.8678216753022453 0.3200021588946459 0.8667422279792747 0.31595423143350604 0.8656627806563041 0.3135254749568221 0.8632340241796201 0.3073186528497409 0.8626943005181348 0.30488989637305697 0.8613449913644214 0.29841321243523317 0.8594559585492229 0.2930159758203799 0.8570272020725389 0.2881584628670121 0.8543285837651122 0.2833009499136442 0.8505505181347152 0.27979274611398963 0.8462327288428325 0.2768242659758204 0.8421848013816927 0.27493523316062174 0.8381368739205527 0.2735859240069084 0.8348985319516409 0.2733160621761658 0.8313903281519862 0.27385578583765113 0.8273424006908463 0.2752050949913644 0.8243739205526771 0.277094127806563 0.8219451640759932 0.28033246977547494 0.8203259930915372 0.2841105354058722 0.8195164075993092 0.2876187392055268 0.8187068221070812 0.2911269430051814 0.8184369602763386 0.29409542314335063 0.8181670984455959 0.30488989637305697 0.818976683937824 0.3113665803108808 0.8195164075993092 0.3154145077720207 0.8205958549222798 0.3205418825561312 0.8227547495682211 0.32674870466321243 0.8251835060449051 0.33079663212435234 0.8289615716753023 0.33565414507772023 0.8324697754749569 0.3380829015544042 0.8365177029360968 0.34105138169257343
1 0.6902525906735751 0.17886442141623485 0.6902525906735751 0.18156303972366147 0.6913320379965459 0.18372193436960274 0.6924114853195165 0.1861506908462867 0.6932210708117444 0.1880397236614853 0.6940306563039724 0.18965889464594127 0.6969991364421416 0.19451640759930913 0.7018566493955095 0.19559585492227977 0.7053648531951641 0.19640544041450778 0.7091429188255614 0.19640544041450778 0.7121113989637305 0.19559585492227977 0.7153497409326426 0.19424654576856648 0.7185880829015545 0.19262737478411054 0.7212867012089811 0.1912780656303972 0.7231757340241797 0.18992875647668392 0.7256044905008636 0.18830958549222795 0.7285729706390328 0.18696027633851467 0.7318113126079449 0.1853411053540587 0.7353195164075994 0.1834520725388601 0.7385578583765113 0.18102331606217614 0.7420660621761659 0.17832469775474954 0.7447646804835925 0.1758959412780656 0.7471934369602764 0.17319732297063903 0.7496221934369603 0.16968911917098445 0.7515112262521589 0.1672603626943005 0.7528605354058723 0.16402202072538857 0.7536701208981003 0.1618631260794473 0.7547495682210709 0.1594343696027634 0.7558290155440415 0.15619602763385146 0.7560988773747842 0.1532275474956822 0.7560988773747842 0.1505289291882556 0.7552892918825562 0.14675086355785838 0.7542098445595856 0.1437823834196891 0.7523208117443869 0.14027417962003452 0.7504317789291883 0.13730569948186527 0.7482728842832471 0.13433721934369602 0.7458441278065632 0.13298791018998274 0.7439550949913645 0.13271804835924006 0.7415263385146805 0.13271804835924006 0.7390975820379967 0.1332577720207254 0.7355893782383421 0.13406735751295334 0.7293825561312609 0.1356865284974093 0.7258743523316064 0.13703583765112262 0.7234455958549224 0.13811528497409326 0.7207469775474957 0.13973445595854922 0.720477115716753 0.13973445595854922 0.7183182210708118 0.14081390328151985 0.714270293609672 0.1432426597582038 0.7094127806563041 0.1464810017271157 0.7067141623488774 0.1491796200345423 0.7002374784110537 0.15754533678756474 0.698348445595855 0.1599740932642487 0.6967292746113991 0.16213298791018996 0.695110103626943 0.16375215889464592 0.6932210708117444 0.1659110535405872 0.6916018998272885 0.1694192573402418 0.6905224525043179 0.17265759930915367 0.6902525906735751 0.1753562176165803
1 0.8111506908462868 0.1667206390328152 0.8119602763385146 0.17103842832469773 0.8138493091537133 0.174006908462867 0.8168177892918825 0.17616580310880828 0.8178972366148533 0.17751511226252156 0.8219451640759932 0.18372193436960274 0.8243739205526771 0.18561096718480136 0.8273424006908463 0.1880397236614853 0.830041018998273 0.18992875647668392 0.8335492227979275 0.19100820379965455 0.8378670120898101 0.1912780656303972 0.842724525043178 0.19100820379965455 0.8478518998272885 0.18965889464594127 0.8518998272884283 0.18830958549222795 0.853788860103627 0.18749999999999997 0.8562176165803109 0.18642055267702937 0.8583765112262522 0.18480138169257337 0.8608052677029362 0.18264248704663213 0.8629641623488774 0.18102331606217614 0.8656627806563041 0.1794041450777202 0.8686312607944733 0.17751511226252156 0.8699805699481866 0.17643566493955096 0.8713298791018999 0.17481649395509496 0.8729490500863559 0.17265759930915367 0.8745682210708118 0.17049870466321243 0.8761873920552677 0.16780008635578583 0.8778065630397237 0.16483160621761656 0.8796955958549224 0.16078367875647667 0.8805051813471503 0.15700561312607944 0.880775043177893 0.15160837651122622 0.8794257340241797 0.14729058721934368 0.8780764248704663 0.14405224525043175 0.8769969775474957 0.1416234887737478 0.8751079447322971 0.1389248704663212 0.8724093264248706 0.13703583765112262 0.8699805699481866 0.13514680483592398 0.8675518134715027 0.13352763385146804 0.864853195164076 0.13217832469775476 0.8618847150259068 0.13001943005181346 0.8589162348877376 0.1284002590673575 0.8562176165803109 0.12732081174438686 0.8540587219343697 0.12597150259067358 0.8505505181347152 0.12489205526770293 0.8473121761658031 0.12489205526770293 0.84191493955095 0.1257016407599309 0.8381368739205527 0.1270509499136442 0.8346286701208981 0.1284002590673575 0.8321999136442142 0.13001943005181346 0.8295012953367876 0.1324481865284974 0.826802677029361 0.13460708117443868 0.8232944732297065 0.13811528497409326 0.819786269430052 0.1424330742659758 0.817357512953368 0.1464810017271157 0.8154684801381694 0.14998920552677028 0.8141191709844561 0.1532275474956822 0.8130397236614855 0.1564658894645941 0.8119602763385146 0.16024395509499134 0.810880829015544 0.16348229706390327
1 0.9042530224525044 0.23472582037996545 0.9069516407599311 0.23634499136442141 0.9096502590673575 0.23742443868739205 0.9128886010362696 0.2376943005181347 0.9153173575129535 0.2376943005181347 0.9172063903281521 0.23742443868739205 0.9188255613126081 0.23634499136442141 0.9212543177892919 0.23310664939550949 0.9234132124352332 0.23013816925734024 0.9247625215889465 0.22716968911917096 0.9261118307426598 0.22447107081174436 0.9274611398963731 0.2215025906735751 0.928270725388601 0.21745466321243523 0.928270725388601 0.21394645941278065 0.9280008635578585 0.20854922279792742 0.9274611398963731 0.20396157167530224 0.9269214162348879 0.19910405872193435 0.9261118307426598 0.19397668393782383 0.9247625215889465 0.1885794473229706 0.9234132124352332 0.18399179620034542 0.92206390328152 0.1799438687392055 0.9201748704663213 0.1758959412780656 0.9182858376511227 0.17157815198618306 0.9161269430051814 0.16753022452504315 0.9134283246977548 0.1645617443868739 0.9104598445595856 0.16321243523316062 0.906142055267703 0.16267271157167526 0.9015544041450778 0.16321243523316062 0.8975064766839379 0.16483160621761656 0.895077720207254 0.16699050086355785 0.8929188255613127 0.1694192573402418 0.8904900690846288 0.17238773747841102 0.8872517271157168 0.1767055267702936 0.8856325561312609 0.18102331606217614 0.8853626943005182 0.1853411053540587 0.8856325561312609 0.1901986183074266 0.8867120034542315 0.1934369602763385 0.8875215889464595 0.19586571675302242 0.8880613126079449 0.19829447322970636 0.8886010362694301 0.2007232297063903 0.8888708981001727 0.2036917098445596 0.8896804835924007 0.2069300518134715 0.8907599309153713 0.21043825561312607 0.8918393782383421 0.21340673575129532 0.8931886873920553 0.21610535405872194 0.8939982728842834 0.21907383419689117 0.8980462003454232 0.22528065630397234 0.8985859240069085 0.2282491364421416 0.9012845423143351 0.23121761658031087 0.9031735751295338 0.23310664939550949
1 0.9644322107081176 0.2762845423143351 0.967130829015544 0.27979274611398963 0.9692897236614855 0.2822215025906736 0.9714486183074267 0.2841105354058722 0.9738773747841106 0.28599956822107075 0.9790047495682211 0.28977763385146804 0.9819732297063904 0.29031735751295334 0.9852115716753023 0.29031735751295334 0.9881800518134715 0.29031735751295334 0.9906088082901554 0.29004749568221067 0.9924978411053541 0.28950777202072536 0.9976252158894646 0.2876187392055268 0.9989583333333333 0.2876187392055268 0.9989583333333333 0.239853195164076 0.9984348013816927 0.239853195164076 0.9954663212435233 0.239853195164076 0.9922279792746115 0.239853195164076 0.9889896373056996 0.24012305699481865 0.9857512953367877 0.24093264248704663 0.9827828151986183 0.24174222797927458 0.9798143350604491 0.24282167530224524 0.9771157167530226 0.24390112262521588 0.9746869602763386 0.2449805699481865 0.9700993091537133 0.24579015544041452 0.9676705526770294 0.24686960276338513 0.9657815198618308 0.2482189119170984 0.9638924870466322 0.25091753022452506 0.9625431778929189 0.25361614853195164 0.9611938687392055 0.25739421416234887 0.9606541450777203 0.2614421416234888 0.9609240069084629 0.26495034542314333 0.9611938687392055 0.2684585492227979 0.9625431778929189 0.2719667530224525
1 0.7714810017271158 0.11922495682210708 0.7736398963730571 0.12030440414507772 0.777687823834197 0.12273316062176165 0.7817357512953368 0.1238126079447323 0.7844343696027635 0.1238126079447323 0.7874028497409327 0.12354274611398965 0.7909110535405872 0.12273316062176165 0.7944192573402418 0.12084412780656303 0.7965781519861832 0.1197646804835924 0.7995466321243524 0.11814550949913644 0.8017055267702936 0.11733592400690847 0.8049438687392055 0.11490716753022452 0.8068329015544042 0.11139896373056994 0.8079123488773748 0.10816062176165803 0.8081822107081176 0.10195379965457686 0.8084520725388601 0.09979490500863557 0.8087219343696028 0.09655656303972365 0.8087219343696028 0.09331822107081174 0.8087219343696028 0.08981001727115716 0.8087219343696028 0.08657167530224524 0.8089917962003454 0.08387305699481866 0.8095315198618308 0.08036485319516408 0.8100712435233162 0.07685664939550949 0.8103411053540588 0.07334844559585492 0.8103411053540588 0.07037996545768567 0.8100712435233162 0.06768134715025906 0.8092616580310882 0.06444300518134713 0.8079123488773748 0.06147452504317788 0.8062931778929189 0.05877590673575128 0.8041342832469776 0.05742659758203798 0.802245250431779 0.05661701208981 0.8000863557858378 0.056077288428324684 0.7973877374784111 0.05634715025906734 0.7933398100172712 0.05634715025906734 0.7898316062176166 0.05742659758203798 0.7852439550949915 0.05904576856649394 0.7814658894645942 0.0606649395509499 0.7798467184801382 0.06255397236614851 0.778497409326425 0.06417314335060448 0.7768782383419689 0.06633203799654576 0.7755289291882558 0.06822107081174437 0.7747193436960277 0.06984024179620034 0.7736398963730571 0.07226899827288429 0.7725604490500864 0.07577720207253885 0.7714810017271158 0.07901554404145078 0.7706714162348879 0.08117443868739205 0.7695919689119172 0.08414291882556131 0.7693221070811745 0.08738126079447323 0.7687823834196892 0.09169905008635577 0.7679727979274612 0.09547711571675302 0.7677029360967185 0.09844559585492227 0.7671632124352332 0.10222366148531951 0.7668933506044906 0.10465241796200345 0.7668933506044906 0.10977979274611398 0.7682426597582039 0.11274827288428324 0.7693221070811745 0.11544689119170985 0.7698618307426598 0.1170660621761658
1 0.9231433506044906 0.030980138169257328 0.9244926597582039 0.026122625215889452 0.9253022452504318 0.021804835924006897 0.9261118307426598 0.01748704663212434 0.9266515544041452 0.013708981001727103 0.9269214162348879 0.010740500863557845 0.9271912780656304 0.0061528497409326305 0.9271912780656304 0.00588298791018997 0.9271912780656304 0.001025474956822095 0.9253022452504318 0.0 0.9153311965811963 0.0 0.9096502590673575 0.001025474956822095 0.9072215025906736 0.0023747841105353938 0.905332469775475 0.002914507772020713 0.9012845423143351 0.002914507772020713 0.8985859240069085 0.003993955094991352 0.8937284110535406 0.008041882556131249 0.8902202072538861 0.011010362694300505 0.8883311744386874 0.013978842832469762 0.8867120034542315 0.016677461139896363 0.8850928324697755 0.01937607944732296 0.8837435233160622 0.022614421416234876 0.8826640759930916 0.025582901554404135 0.8815846286701209 0.02855138169257339 0.880775043177893 0.030710276338514673 0.8796955958549224 0.033948618307426584 0.8796955958549224 0.0371869602763385 0.8796955958549224 0.04042530224525042 0.8802353195164077 0.04420336787564765 0.8805051813471503 0.04690198618307426 0.880775043177893 0.05068005181347149 0.8813147668393783 0.052299222797927446 0.8840133851468048 0.05769645941278065 0.8875215889464595 0.059315630397236606 0.8904900690846288 0.06120466321243522 0.894268134715026 0.06093480138169256 0.8972366148531953 0.06039507772020724 0.8991256476683939 0.059585492227979264 0.9015544041450778 0.059315630397236606 0.9056023316062177 0.05877590673575128 0.909380397236615 0.05769645941278065 0.9112694300518135 0.056077288428324684 0.9126187392055268 0.05445811744386873 0.9142379101899828 0.051489637305699464 0.9158570811744388 0.04906088082901553 0.9174762521588947 0.04582253886010361 0.9190954231433507 0.04204447322970638 0.9199050086355787 0.03934585492227978 0.9212543177892919 0.0358376511226252
1 0.8681445868945867 0.0 0.829231433506045 0.0 0.829231433506045 0.00021588946459411557 0.8286917098445596 0.0026446459412780535 0.8278821243523317 0.005073402417961991 0.826802677029361 0.0075021588946459295 0.8265328151986183 0.009661053540587208 0.8262629533678757 0.012629533678756464 0.8259930915371331 0.015328151986183062 0.8262629533678757 0.019106217616580302 0.8265328151986183 0.02207469775474956 0.827612262521589 0.025852763385146794 0.8295012953367876 0.028281519861830733 0.8319300518134715 0.029630829015544032 0.8343588082901554 0.03124999999999999 0.8362478411053541 0.03178972366148531 0.8389464594127808 0.03178972366148531 0.8424546632124353 0.03178972366148531 0.8473121761658031 0.030710276338514673 0.851360103626943 0.02936096718480137 0.8548683074265977 0.027741796200345413 0.8567573402417962 0.026122625215889452 0.8586463730569949 0.023424006908462858 0.8608052677029362 0.020725388601036256 0.8616148531951641 0.01748704663212434 0.8629641623488774 0.013978842832469762 0.8645833333333335 0.011010362694300505 0.8659326424870467 0.008581606217616567 0.8670120898100174 0.00588298791018997
1 0.02334205933682377 0.36092931937172773 0.01679755671902272 0.3592931937172775 0.012434554973822029 0.35820244328097733 0.007526178010471241 0.35711169284467714 0.000981675392670193 0.3587478184991274 0.0 0.4040139616055846 0.0026178010471204567 0.4040139616055846 0.0069808027923211535 0.4029232111692844 0.012979930191972114 0.4012870855148342 0.017342931937172807 0.400196335078534 0.022251308900523594 0.39801483420593364 0.02497818499127403 0.39637870855148344 0.028795811518324645 0.3947425828970331 0.032068062827225165 0.39310645724258286 0.03534031413612569 0.3892888307155323 0.03534031413612569 0.3854712041884817 0.03534031413612569 0.3789267015706806 0.03534031413612569 0.3723821989528796 0.03370418848167543 0.3658376963350785 0.030431937172774905 0.3631108202443281 0.02770506108202447 0.3620200698080279
1 0.4629144851657941 0.9864746945898778 0.46345986038394416 0.9821116928446771 0.46345986038394416 0.9788394415357765 0.46345986038394416 0.9744764397905759 0.4629144851657941 0.9701134380453752 0.4618237347294939 0.9652050610820243 0.4580061082024433 0.962478184991274 0.4536431064572426 0.9608420593368237 0.4503708551483421 0.9597513089005235 0.4416448516579407 0.9586605584642233 0.43182809773123915 0.9613874345549738 0.42637434554973824 0.9646596858638744 0.424738219895288 0.9668411867364746 0.42255671902268765 0.9706588132635253 0.42146596858638746 0.9744764397905759 0.4198298429319372 0.9793848167539266 0.4176483420593369 0.9842931937172774 0.4165575916230367 0.9870200698080278 0.41492146596858637 0.9919284467713787 0.4127399650959861 0.9984729493891797 0.4588974071303914 0.9989583333333333 0.46073298429319376 0.9957460732984292 0.4618237347294939 0.9908376963350786
0 0.2120302713987474 0.7430845511482255 0.20550626304801672 0.7498260264439804 0.19724251913709118 0.7587421711899791 0.19615518441196939 0.7609168406402227 0.1950678496868476 0.7626565762004175 0.19376304801670147 0.764178844815588 0.1920233124565066 0.7657011134307585 0.19006610995128742 0.7659185803757829 0.18984864300626303 0.7622216423103688 0.19137091162143355 0.7606993736951984 0.19311064718162838 0.7583072372999304 0.1950678496868476 0.7565675017397356 0.19702505219206679 0.7546102992345163 0.1985473208072373 0.7533054975643702 0.2000695894224078 0.7517832289491998 0.2015918580375783 0.7502609603340292 0.2031141266527488 0.7487386917188588 0.2039839944328462 0.7474338900487126 0.20550626304801672 0.7456941544885177 0.2070285316631872 0.7437369519832985 0.20855080027835768 0.7419972164231037 0.20963813500347947 0.7406924147529576 0.21072546972860126 0.7387352122477383 0.21224773834377172 0.7367780097425192 0.2139874739039666 0.7352557411273486 0.21616214335421016 0.7350382741823243 0.21790187891440502 0.7359081419624217 0.21811934585942935 0.738517745302714 0.2159446764091858 0.7402574808629088
0 0.3231558803061934 0.7330810716771051 0.3225034794711204 0.7319937369519833 0.32185107863604734 0.7306889352818371 0.3207637439109255 0.7285142658315936 0.3201113430758525 0.7272094641614475 0.3183716075156576 0.7252522616562282 0.31728427279053584 0.7228601252609603 0.31641440501043844 0.7202505219206681 0.31641440501043844 0.7176409185803758 0.31924147529575503 0.7174234516353514 0.3207637439109255 0.7191631871955463 0.322286012526096 0.7206854558107167 0.32402574808629087 0.7222077244258872 0.3257654836464858 0.7237299930410578 0.3268528183716075 0.7254697286012526 0.32707028531663185 0.728079331941545 0.3277226861517049 0.7306889352818371 0.32794015309672925 0.7339509394572025 0.3281576200417537 0.7365605427974948 0.32467814892136393 0.7352557411273486
0 0.41101252609603345 0.8150661099512874 0.40644572025052195 0.8115866388308977 0.4038361169102297 0.8100643702157272 0.4014439805149618 0.8087595685455811 0.39905184411969385 0.8068023660403618 0.3970946416144746 0.805062630480167 0.39426757132915796 0.8037578288100209 0.39078810020876825 0.8022355601948503 0.38796102992345166 0.8009307585247042 0.38622129436325675 0.7991910229645094 0.38622129436325675 0.7978862212943632 0.38752609603340293 0.7970163535142658 0.3901356993736952 0.7978862212943632 0.3933977035490605 0.7994084899095337 0.3960073068893528 0.8007132915796799 0.39861691022964507 0.8022355601948503 0.40079157967988865 0.8037578288100209 0.40361864996520525 0.80571503131524 0.4062282533054976 0.8074547668754348 0.4090553235908142 0.8091945024356298 0.41166492693110646 0.8107167710508002 0.41427453027139877 0.8124565066109952 0.4160142658315936 0.8150661099512874 0.416884133611691 0.8170233124565066 0.4166666666666667 0.8191979819067502 0.4144919972164231 0.8202853166318719 0.4136221294363257 0.8191979819067502 0.41253479471120386 0.8170233124565066
0 0.30989039665970775 0.8700852470424496 0.30423625608907445 0.8785664578983994 0.3029314544189283 0.88008872651357 0.30119171885873347 0.8813935281837161 0.2985821155184412 0.8826983298538622 0.2961899791231733 0.883785664578984 0.29488517745302717 0.883785664578984 0.29532011134307584 0.880741127348643 0.2972773138482951 0.8787839248434238 0.29988691718858734 0.8761743215031316 0.30097425191370913 0.8746520528879611 0.30227905358385526 0.8726948503827417 0.30445372303409884 0.8700852470424496 0.30684585942936676 0.8683455114822547 0.3083681280445372 0.8668232428670842 0.3101078636047321 0.8661708420320111 0.3105427974947808 0.8676931106471816
0 0.37795755045233126 0.934455462769659 0.36143006263048016 0.9355427974947809 0.3581680584551148 0.9357602644398052 0.35468858733472514 0.9359777313848295 0.3512091162143354 0.9364126652748782 0.3485995128740431 0.936847599164927 0.3464248434237996 0.9372825330549757 0.3438152400835073 0.936847599164927 0.34468510786360473 0.9348903966597076 0.3464248434237996 0.933803061934586 0.34903444676409184 0.9329331941544885 0.35251391788448155 0.9320633263743912 0.3583855254001392 0.9316283924843424 0.3638221990257481 0.9316283924843424 0.3673016701461378 0.931410925539318 0.37143354210160057 0.930758524704245 0.37600034794711207 0.9301061238691718 0.3794798190675017 0.9292362560890745 0.3836116910229645 0.9285838552540013 0.3849164926931107 0.9290187891440501 0.38339422407794016 0.9311934585942937 0.37991475295755045 0.9331506610995128
0 0.12134655532359082 0.5991214335421016 0.11460508002783577 0.6026009046624913 0.1109081419624217 0.6026009046624913 0.10808107167710508 0.6019485038274183 0.107428670842032 0.6008611691022965 0.10873347251217816 0.5986864996520528 0.11069067501739735 0.5971642310368824 0.11264787752261655 0.596294363256785 0.11547494780793319 0.595641962421712 0.11938935281837161 0.5954244954766875 0.12221642310368823 0.595641962421712 0.12308629088378567 0.596946764091858
0 0.1343945720250522 0.3868736951983298 0.13221990257480862 0.39535490605427975 0.13135003479471122 0.39731210855949894 0.12961029923451636 0.39905184411969385 0.12808803061934584 0.401009046624913 0.126348295059151 0.4031837160751566 0.12526096033402923 0.40514091858037576 0.12308629088378567 0.4066631871955463 0.12134655532359082 0.4062282533054976 0.12134655532359082 0.40427105080027836 0.12156402226861517 0.4012265135699373 0.12178148921363953 0.39839944328462074 0.1224338900487126 0.3960073068893528 0.12330375782881002 0.39318023660403617 0.12460855949895615 0.3903531663187196 0.12613082811412665 0.38796102992345166 0.12808803061934584 0.38622129436325675 0.13048016701461376 0.3840466249130132 0.13243736951983298 0.3831767571329158
0 0.18571677105080028 0.2796624913013222 0.18375956854558106 0.2792275574112735 0.18136743215031315 0.27901009046624914 0.17962769659011832 0.2787926235212248 0.17701809324982604 0.2781402226861517 0.17527835768963118 0.2772703549060543 0.17288622129436326 0.2764004871259569 0.17049408489909534 0.27574808629088376 0.16744954766875433 0.27531315240083504 0.16353514265831592 0.27444328462073764 0.16027313848295058 0.27357341684064024 0.15788100208768266 0.2729210160055671 0.15570633263743913 0.2718336812804454 0.15461899791231734 0.2705288796102992 0.15440153096729295 0.2687891440501044 0.15635873347251217 0.2674843423799583 0.15853340292275575 0.2668319415448852 0.1615779401530967 0.2663970076548365 0.1652748782185108 0.2674843423799583 0.16723208072373 0.2683542101600557 0.17027661795407098 0.2696590118302018 0.17288622129436326 0.2709638135003479 0.17527835768963118 0.2720511482254697 0.1776704940848991 0.2731384829505915 0.18028009742519135 0.27400835073068897 0.18267223382045927 0.27466075156576203 0.18528183716075156 0.27531315240083504 0.18767397355601947 0.2761830201809325 0.18941370911621433 0.27683542101600556 0.19245824634655534 0.2774878218510786 0.1950678496868476 0.27792275574112735 0.19680758524704245 0.2787926235212248 0.19811238691718858 0.27987995824634654 0.1985473208072373 0.28227209464161446 0.1985473208072373 0.2840118302018093 0.19702505219206679 0.2850991649269311 0.19528531663187196 0.2850991649269311 0.19289318023660404 0.2846642310368824 0.18941370911621433 0.2831419624217119
0 0.2800974251913709 0.3860038274182324 0.27574808629088376 0.39426757132915796 0.27444328462073764 0.3964422407794015 0.2729210160055671 0.397964509394572 0.27139874739039666 0.4003566457898399 0.27009394572025053 0.4016614474599861 0.26857167710508 0.4025313152400835 0.2672668754349339 0.4031837160751566 0.26509220598469035 0.40361864996520525 0.2642223382045929 0.39970424495476686 0.26400487125956856 0.39687717466945027 0.2646572720946416 0.39405010438413357 0.2653096729297147 0.3910055671537926 0.2666144745998608 0.38861343075852467 0.26791927627000695 0.3860038274182324 0.26922407794015313 0.3836116910229645 0.2705288796102992 0.3814370215727209 0.2720511482254697 0.3794798190675017 0.27335594989561585 0.3777400835073069 0.27531315240083504 0.3762178148921364 0.27683542101600556 0.3751304801670146 0.2783576896311761 0.3746955462769659 0.2800974251913709 0.3738256784968685 0.2816196938065414 0.37339074460681976 0.28335942936673625 0.37556541405706334 0.28357689631176064 0.3781750173973556 0.2824895615866388 0.3812195546276966
0 0.3731732776617954 0.06610995128740431 0.3751304801670146 0.07132915796798886 0.3751304801670146 0.07372129436325679 0.3751304801670146 0.07654836464857341 0.37534794711203895 0.0791579679888657 0.3749130132219902 0.08176757132915796 0.3740431454418928 0.08328983994432847 0.37208594293667363 0.08350730688935282 0.3703462073764788 0.08241997216423104 0.3688239387613083 0.07741823242867084 0.3681715379262352 0.07219902574808629 0.3683890048712596 0.07002435629784272 0.3688239387613083 0.0671972860125261 0.3694763395963813 0.06502261656228253 0.37099860821155184 0.06437021572720945
0 0.7950591510090467 0.08068023660403618 0.7935368823938762 0.09481558803061935 0.7931019485038273 0.09699025748086292 0.7911447459986082 0.09807759220598469 0.7902748782185108 0.09612038970076547 0.789839944328462 0.09329331941544886 0.789839944328462 0.09046624913013222 0.7904923451635352 0.08763917884481559 0.7913622129436325 0.08372477383437717 0.7920146137787056 0.0811151704940849 0.7926670146137786 0.07894050104384133 0.7941892832289492 0.07785316631871957
0 0.7302540013917884 0.16201287404314543 0.7180758524704245 0.16940675017397355 0.7095946416144746 0.17527835768963118 0.7085073068893528 0.1765831593597773 0.7069850382741822 0.17832289491997216 0.7056802366040362 0.17962769659011832 0.7035055671537926 0.18049756437021572 0.7013308977035491 0.17984516353514265 0.7006784968684759 0.1781054279749478 0.7015483646485734 0.17636569241475294 0.703723034098817 0.17440848990953375 0.7061151704940849 0.17223382045929017 0.7089422407794016 0.17005915100904664 0.7124217118997912 0.16766701461377873 0.7154662491301322 0.16592727905358384 0.717205984690327 0.16483994432846208 0.7202505219206681 0.1633176757132916 0.7232950591510091 0.16201287404314543 0.7252522616562282 0.1607080723729993 0.7278618649965206 0.1591858037578288 0.7306889352818371 0.15766353514265832 0.7332985386221295 0.15635873347251217 0.7354732080723729 0.15505393180236604 0.7374304105775923 0.1537491301322199 0.7391701461377871 0.15309672929714682 0.7404749478079331 0.15309672929714682 0.741562282533055 0.1537491301322199 0.7417797494780793 0.15570633263743913 0.7396050800278358 0.15788100208768266 0.7343858733472513 0.15962073764787751
0 0.9066196938065414 0.0223990953375087 0.9050974251913709 0.024356297842727907 0.9042275574112735 0.026096033402922755 0.9031402226861517 0.03001043841336117 0.9031402226861517 0.03262004175365344 0.9029227557411273 0.03522964509394572 0.9024878218510787 0.03740431454418928 0.9014004871259568 0.03957898399443285 0.9003131524008351 0.041971120389700765 0.8992258176757133 0.044363256784968684 0.8979210160055672 0.04610299234516354 0.8963987473903966 0.0467553931802366 0.8948764787752261 0.04545059151009047 0.8946590118302018 0.04284098816979819 0.8955288796102993 0.0397964509394572 0.8963987473903966 0.03653444676409186 0.8966162143354209 0.03240257480862909 0.8970511482254697 0.029358037578288098 0.8981384829505915 0.02696590118302018 0.899008350730689 0.024356297842727907 0.9014004871259568 0.020224425887265137 0.9029227557411273 0.018049756437021572 0.9042275574112735 0.01696242171189979 0.9061847599164926 0.015440153096729298 0.9077070285316632 0.015222686151704941 0.908794363256785 0.015222686151704941 0.909446764091858 0.016744954766875434 0.9083594293667363 0.018919624217119
0 0.954027487821851 0.36599686847599167 0.9464161447459987 0.3701287404314544 0.9455462769659012 0.3716510090466249 0.9444589422407793 0.37339074460681976 0.9429366736256088 0.3751304801670146 0.940544537230341 0.37643528183716074 0.9366301322199025 0.37730514961725814 0.9331506610995128 0.3781750173973556 0.9294537230340988 0.379044885177453 0.925321851078636 0.37969728601252606 0.922277313848295 0.3803496868475992 0.9192327766179541 0.3807846207376479 0.9164057063326374 0.3807846207376479 0.91553583855254 0.37969728601252606 0.9168406402226862 0.3777400835073069 0.9229297146833682 0.37534794711203895 0.9266266527487822 0.37426061238691716 0.930758524704245 0.3727383437717467 0.934455462769659 0.37099860821155184 0.9379349338900487 0.3694763395963813 0.940544537230341 0.36773660403618647 0.9438065414057063 0.36534446764091855 0.9459812108559499 0.36360473208072375 0.9494606819763395 0.36143006263048016 0.9522877522616562 0.3596903270702853 0.9551148225469729 0.3581680584551148 0.957072025052192 0.3577331245650661 0.9585942936673625 0.3583855254001392 0.9575069589422408 0.36121259568545583
0 0.6160838552540013 0.2098556019485038 0.6073851774530271 0.20963813500347947 0.606080375782881 0.20920320111343077 0.6034707724425886 0.20789839944328464 0.6008611691022965 0.20681106471816285 0.5980340988169798 0.20507132915796797 0.5967292971468336 0.20333159359777314 0.5960768963117606 0.2015918580375783 0.5973816979819068 0.2007219902574809 0.599991301322199 0.20028705636743213 0.605427974947808 0.2007219902574809 0.6082550452331245 0.2007219902574809 0.6117345163535143 0.20137439109255392 0.6163013221990258 0.2035490605427975 0.6191283924843424 0.20528879610299233 0.6230427974947809 0.20724599860821155 0.6234777313848295 0.20898573416840638 0.6204331941544885 0.2098556019485038
0 0.6039057063326375 0.5008263743910926 0.6026009046624913 0.49691196938065413 0.6017310368823938 0.4953897007654836 0.6008611691022965 0.49408489909533754 0.6004262352122478 0.49278009742519135 0.6019485038274183 0.4916927627000696 0.6034707724425886 0.4932150313152401 0.6049930410577592 0.4947372999304106 0.6067327766179541 0.4962595685455811 0.6086899791231734 0.49821677105080026 0.6104297146833682 0.4999565066109951 0.6112995824634655 0.50169624217119 0.6123869171885873 0.5040883785664579 0.6126043841336116 0.5062630480167015 0.6123869171885873 0.5086551844119694 0.6119519832985386 0.5108298538622129 0.6119519832985386 0.5130045233124565 0.612169450243563 0.5158315935977732 0.6123869171885873 0.5177887961029923 0.6123869171885873 0.5197459986082115 0.6110821155184412 0.5208333333333334 0.609124913013222 0.5201809324982603 0.6078201113430758 0.5180062630480167 0.6076026443980515 0.5160490605427975 0.6076026443980515 0.5136569241475296 0.6071677105080028 0.5101774530271398 0.6062978427279053 0.5062630480167015
0 0.7143789144050104 0.43667362560890743 0.7163361169102296 0.4375434933890049 0.7174234516353514 0.4399356297842728 0.7182933194154489 0.4423277661795407 0.718945720250522 0.4453723034098817 0.7193806541405706 0.44841684064022264 0.719598121085595 0.4514613778705637 0.719598121085595 0.4549408489909534 0.7193806541405706 0.4571155184411969 0.7187282533054976 0.460812456506611 0.7185107863604733 0.463856993736952 0.7185107863604733 0.4671189979123173 0.7191631871955463 0.46864126652748783 0.7202505219206681 0.4703810020876827 0.7213378566457898 0.4723382045929018 0.7228601252609603 0.47103340292275575 0.7235125260960334 0.4690762004175365 0.7239474599860821 0.46646659707724425 0.7235125260960334 0.46363952679192766 0.7228601252609603 0.45907272094641616 0.7228601252609603 0.4558107167710508 0.7224251913709117 0.45211377870563674 0.7222077244258872 0.44906924147529576 0.7222077244258872 0.4453723034098817 0.7222077244258872 0.441892832289492 0.7215553235908142 0.4386308281141266 0.7209029227557411 0.43602122477383437 0.7193806541405706 0.4338465553235908 0.7176409185803758 0.4316718858733472 0.7167710508002784 0.4299321503131524 0.7159011830201809 0.4279749478079332 0.7150313152400835 0.42688761308281137 0.7139439805149618 0.42667014613778703 0.7132915796798887 0.4284098816979819 0.7130741127348643 0.43123695198329853 0.7130741127348643 0.43449895615866385
0 0.8529053583855254 0.4427627000695894 0.8444241475295755 0.4601600556715379 0.843554279749478 0.46211725817675714 0.8426844119693807 0.46450939457202506 0.8420320111343076 0.4662491301322199 0.8413796102992346 0.46885873347251217 0.8411621433542102 0.47103340292275575 0.8402922755741127 0.47255567153792627 0.8392049408489909 0.47342553931802367 0.8374652052887961 0.47342553931802367 0.8372477383437718 0.47190327070285315 0.8376826722338204 0.46864126652748783 0.8392049408489909 0.46516179540709807 0.840509742519137 0.4625521920668058 0.8424669450243563 0.45907272094641616 0.8437717466945024 0.4564631176061239 0.8450765483646485 0.45298364648573414 0.8461638830897704 0.44993910925539315 0.8468162839248434 0.44711203897007656 0.8476861517049409 0.4453723034098817 0.8487734864300626 0.4431976339596381 0.84964335421016 0.44102296450939454 0.8507306889352819 0.43819589422407795 0.8516005567153793 0.43558629088378564 0.8526878914405011 0.4334116214335421 0.8552974947807933 0.43275922059846905 0.8552974947807933 0.43515135699373697 0.8533402922755741 0.43906576200417535
0 0.8120215727209463 0.5645441892832289 0.8094119693806542 0.5597599164926931 0.8085421016005567 0.558455114822547 0.8078897007654837 0.5569328462073765 0.8074547668754348 0.5551931106471816 0.8072372999304105 0.5532359081419624 0.8070198329853862 0.5510612386917189 0.8068023660403618 0.5484516353514266 0.8068023660403618 0.546276965901183 0.8072372999304105 0.5438848295059151 0.8078897007654837 0.5417101600556715 0.8091945024356298 0.5410577592205984 0.8104993041057759 0.5408402922755741 0.811804105775922 0.5408402922755741 0.8131089074460682 0.5414926931106472 0.8131089074460682 0.5434498956158664 0.8126739735560196 0.5456245650661099 0.8120215727209463 0.5484516353514266 0.8115866388308977 0.5510612386917189 0.8113691718858733 0.5530184411969381 0.811804105775922 0.5551931106471816 0.8131089074460682 0.5573677800974253 0.814848643006263 0.5595424495476687 0.8163709116214335 0.5610647181628392 0.8176757132915797 0.5636743215031316 0.8183281141266527 0.5660664578983995 0.8183281141266527 0.5673712595685456 0.8159359777313848 0.568241127348643 0.8135438413361169 0.5665013917884482
0 0.6241301322199025 0.6208681280445372 0.6208681280445372 0.621303061934586 0.6193458594293667 0.6215205288796103 0.6167362560890745 0.6217379958246346 0.6143441196938065 0.621303061934586 0.6106471816283925 0.6197807933194155 0.6082550452331245 0.618258524704245 0.6082550452331245 0.6160838552540013 0.6102122477383438 0.6143441196938065 0.6130393180236603 0.6136917188587335 0.6171711899791231 0.6136917188587335 0.6202157272094642 0.6141266527487822 0.6228253305497565 0.6145615866388309 0.6252174669450243 0.615213987473904 0.6276096033402924 0.6171711899791231 0.6293493389004872 0.6186934585942937 0.6295668058455115 0.6197807933194155 0.6265222686151705 0.6204331941544885
0 0.7315588030619345 0.6717553931802366 0.7256871955462769 0.66892832289492 0.7237299930410578 0.6678409881697982 0.7219902574808629 0.6667536534446764 0.7206854558107167 0.6656663187195547 0.7187282533054976 0.6639265831593597 0.7165535838552539 0.6619693806541406 0.7143789144050104 0.6600121781489213 0.71285664578984 0.6584899095337509 0.7111169102296451 0.6567501739735561 0.7100295755045233 0.6547929714683368 0.7117693110647181 0.6541405706332637 0.7161186499652052 0.6547929714683368 0.7204679888656924 0.6552279053583855 0.7245998608211551 0.656097773138483 0.7274269311064718 0.6565327070285317 0.7298190675017397 0.6574025748086291 0.7326461377870565 0.6587073764787752 0.7359081419624217 0.6602296450939457 0.7380828114126653 0.6619693806541406 0.7406924147529576 0.6641440501043842 0.7430845511482255 0.6661012526096034 0.7456941544885177 0.6682759220598469 0.74830375782881 0.6704505915100906 0.7509133611691023 0.6724077940153097 0.7522181628392485 0.6741475295755045 0.7467814892136395 0.6743649965205288 0.741562282533055 0.6743649965205288 0.7365605427974948 0.6737125956854558
0 0.987517397355602 0.8994432846207376 0.9907794015309672 0.9074895615866388 0.9909968684759917 0.9098816979819068 0.991214335421016 0.9120563674321504 0.991214335421016 0.9151009046624913 0.9909968684759917 0.917927974947808 0.9909968684759917 0.9207550452331245 0.9909968684759917 0.9242345163535143 0.991214335421016 0.9268441196938065 0.9927366040361866 0.9298886569241475 0.9940414057063326 0.930758524704245 0.9953462073764787 0.927713987473904 0.9953462073764787 0.9251043841336116 0.9953462073764787 0.9220598469032707 0.9953462073764787 0.9192327766179541 0.9953462073764787 0.9166231732776619 0.9953462073764787 0.9133611691022965 0.9944763395963814 0.9105340988169798 0.9938239387613083 0.9079244954766875 0.9933890048712596 0.9055323590814196 0.9927366040361866 0.9035751565762005 0.9920842032011133 0.9011830201809324 0.9914318023660403 0.8994432846207376 0.9905619345859429 0.8974860821155184 0.9896920668058455 0.8950939457202505 0.9883872651356994 0.8933542101600557 0.9870824634655532 0.8920494084899094 0.9864300626304802 0.8927018093249826 0.9866475295755045 0.8966162143354209
0 0.7296862011637573 0.5586294679966749 0.7254000415627597 0.5614869077306733 0.7235816708229427 0.5622662094763092 0.7220230673316709 0.5627857439733999 0.7205943474646718 0.5630455112219452 0.7199449293433084 0.5630455112219452 0.7196851620947631 0.5614869077306733 0.7199449293433084 0.5600581878636742 0.7215035328345802 0.5581099334995845 0.7229322527015793 0.5566812136325852 0.7252701579384871 0.5553823773898586 0.7272184123025769 0.5548628428927681 0.7296862011637573 0.5548628428927681 0.7311149210307565 0.5564214463840399
0 0.5359162019826518 0.36708100991325904 0.5390140954151177 0.3786981102850062 0.5397885687732342 0.38063429368029744 0.5403694237918216 0.38276409541511774 0.541143897149938 0.38411942379182157 0.5419183705080546 0.3860556071871128 0.5432736988847584 0.3881854089219331 0.5442417905824041 0.3907024473358117 0.5446290272614622 0.3926386307311029 0.5446290272614622 0.3947684324659232 0.5436609355638166 0.39554290582403967 0.5417247521685254 0.39554290582403967 0.5403694237918216 0.39496205080545227 0.5392077137546469 0.3930258674101611 0.5386268587360594 0.3901215923172243 0.5384332403965304 0.38683008054522927 0.5378523853779431 0.3843130421313507 0.5370779120198266 0.3821832403965304 0.53630343866171 0.378310873605948 0.5357225836431228 0.37501936183395296 0.5349481102850062 0.3726959417596035 0.5341736369268897 0.3701789033457249 0.5332055452292441 0.3668873915737299 0.5322374535315986 0.36437035315985133 0.5310757434944239 0.36204693308550184 0.5291395600991327 0.36088522304832715 0.5270097583643123 0.3585618029739777 0.5264289033457249 0.3566256195786865 0.5273969950433706 0.3560447645600992 0.5291395600991327 0.35585114622057007 0.5308821251548947 0.3562383828996282 0.5332055452292441 0.35701285625774476 0.5353353469640645 0.3585618029739777 0.5364970570012393 0.3610788413878563 0.5366906753407683 0.3645639714993804
0 0.8485449735449735 0.32506613756613756 0.8409391534391535 0.318452380952381 0.8392857142857143 0.3158068783068783 0.8376322751322751 0.3131613756613757 0.8366402116402117 0.3105158730158731 0.8359788359788359 0.3072089947089947 0.8353174603174603 0.30324074074074076 0.8336640211640212 0.29794973544973546 0.8323412698412699 0.294973544973545 0.8323412698412699 0.29298941798941797 0.8346560846560848 0.29365079365079366 0.8373015873015873 0.2953042328042328 0.8406084656084656 0.2969576719576719 0.8449074074074073 0.29960317460317465 0.8472222222222222 0.30224867724867727 0.8488756613756614 0.3048941798941799 0.8501984126984128 0.30787037037037035 0.8511904761904762 0.31117724867724866 0.8511904761904762 0.31448412698412703 0.8511904761904762 0.3177910052910053 0.8511904761904762 0.3220899470899471 0.8518518518518519 0.3253968253968254 0.8521825396825397 0.32771164021164023 0.8508597883597884 0.32837301587301587
0 0.04931972789115646 0.28784013605442177 0.039115646258503396 0.28869047619047616 0.036989795918367346 0.28869047619047616 0.03358843537414966 0.28869047619047616 0.02933673469387755 0.2869897959183673 0.026360544217687073 0.2857142857142857 0.02593537414965986 0.2852891156462585 0.028911564625850338 0.2831632653061224 0.03188775510204082 0.2827380952380952 0.03486394557823129 0.282312925170068 0.038265306122448974 0.282312925170068 0.04336734693877551 0.282312925170068 0.04804421768707482 0.282312925170068 0.052721088435374146 0.282312925170068
0 0.06757216775599129 0.0806781045751634 0.06433823529411765 0.0764229302832244 0.06161492374727669 0.0636574074074074 0.061274509803921566 0.05735974945533769 0.06348720043572985 0.05446623093681917 0.06655092592592592 0.05855119825708061 0.07063589324618737 0.06893382352941176 0.069614651416122 0.07693355119825708
0 0.18739787581699346 0.5313861655773421 0.19692946623093682 0.5235566448801743 0.2039079520697168 0.5201525054466231 0.21650326797385622 0.5175994008714597 0.2297794117647059 0.5181100217864923 0.2355664488017429 0.5181100217864923 0.2270561002178649 0.5237268518518519 0.2139501633986928 0.5286628540305011 0.2028867102396514 0.5307053376906318 0.19250408496732027 0.5317265795206971
0 0.920819716775599 0.9860089869281045 0.9250748910675382 0.9863494008714596 0.9323937908496732 0.990093954248366 0.9393722766884532 0.9938385076252723 0.9451593137254902 0.998944716775599 0.9286492374727668 0.998944716775599 0.9237132352941176 0.9924768518518517 0.9218409586056644 0.9889025054466231 0.9211601307189542 0.9878812636165577
0 0.9089583333333333 0.21958333333333335 0.9027083333333333 0.21739583333333332 0.8996875000000001 0.21312499999999998 0.8986458333333334 0.206875 0.8981250000000001 0.19739583333333333 0.8987499999999999 0.19104166666666667 0.90125 0.18625 0.9033333333333334 0.18416666666666667 0.9058333333333334 0.18489583333333334 0.90875 0.1890625 0.9109375 0.19312500000000002 0.9122916666666666 0.19875 0.9135416666666667 0.2065625 0.9137500000000001 0.21197916666666666 0.9121875 0.21677083333333333 0.9111458333333334 0.21958333333333335
0 0.45339729328883943 0.17542639970337412 0.45015294771968856 0.17021227289581015 0.44737208008898777 0.16163793103448273 0.4470244716351502 0.15456989247311828 0.44957360029662585 0.1517890248424175 0.4524703374119392 0.16013162773451983 0.45362903225806456 0.16615684093437152 0.45432424916573966 0.1707916203188728 0.45501946607341487 0.1742677048572488 0.45420837968112715 0.17658509454949944
