1 0.09386384335154832 0.5085382513661203 0.08760245901639349 0.5056921675774135 0.08561020036429877 0.5048383424408015 0.08361794171220406 0.5034153005464481 0.08048724954462665 0.5011384335154827 0.07792577413479057 0.4988615664845174 0.07621812386156653 0.49630009107468126 0.07365664845173046 0.4928847905282332 0.0710951730418944 0.4889002732240438 0.06853369763205834 0.483492714025501 0.06654143897996362 0.4780851548269582 0.06540300546448093 0.47324681238615673 0.06540300546448093 0.4701161202185793 0.06540300546448093 0.46527777777777785 0.06540300546448093 0.4601548269581057 0.06654143897996362 0.4558857012750456 0.06767987249544632 0.4527550091074682 0.06796448087431699 0.4524704007285975 0.06967213114754103 0.4510473588342441 0.07223360655737711 0.4490551001821494 0.07564890710382519 0.44763205828779606 0.07821038251366125 0.4470628415300547 0.08333333333333338 0.44734744990892533 0.08674863387978146 0.44791666666666674 0.08931010928961754 0.4490551001821494 0.09301001821493629 0.4510473588342441 0.09500227686703101 0.4527550091074682 0.09784836065573775 0.4550318761384336 0.10069444444444449 0.45844717668488166 0.10325591985428056 0.4615778688524591 0.10553278688524595 0.4647085610200365 0.10780965391621135 0.4675546448087432 0.11008652094717672 0.47040072859744997 0.11179417122040076 0.47324681238615673 0.1137864298724955 0.4766621129326048 0.11549408014571955 0.48064663023679427 0.1169171220400729 0.48520036429872504 0.11777094717668493 0.49060792349726784 0.11777094717668493 0.496584699453552 0.11720173041894359 0.5011384335154827 0.11577868852459021 0.5039845173041895 0.11350182149362481 0.5062613843351549 0.11094034608378875 0.5079690346083789 0.10496357012750461 0.508822859744991 0.09927140255009112 0.5091074681238617 0.09699453551912574 0.5091074681238617
1 0.3616803278688525 0.5384221311475411 0.3554189435336977 0.535006830601093 0.35428051001821503 0.5330145719489983 0.3531420765027323 0.5310223132969035 0.3522882513661203 0.5287454462659381 0.35143442622950827 0.5250455373406193 0.3511498178506376 0.5207764116575593 0.3511498178506376 0.5179303278688525 0.3517190346083789 0.5147996357012751 0.352572859744991 0.511384335154827 0.3539959016393443 0.5076844262295083 0.35570355191256836 0.5048383424408015 0.3574112021857924 0.5019922586520947 0.3588342440801458 0.4991461748633881 0.35997267759562845 0.49630009107468126 0.3619649362477232 0.4931693989071039 0.3633879781420765 0.49060792349726784 0.36538023679417125 0.4877618397085611 0.3670878870673953 0.4854849726775957 0.36908014571949005 0.4832081056466303 0.3710724043715848 0.4809312386156649 0.3736338797814208 0.47865437158469953 0.37790300546448097 0.47751593806921677 0.3855874316939891 0.47552367941712215 0.3890027322404372 0.4741006375227687 0.39156420765027333 0.47324681238615673 0.3955487249544627 0.472962204007286 0.3992486338797815 0.4726775956284153 0.4018101092896176 0.4738160291438981 0.40494080145719497 0.47580828779599277 0.4072176684881603 0.4778005464480875 0.4097791438979964 0.48121584699453557 0.41177140255009115 0.48434653916211295 0.41319444444444453 0.4877618397085611 0.4134790528233152 0.49089253187613846 0.4134790528233152 0.4943078324225866 0.41290983606557385 0.497438524590164 0.41177140255009115 0.5002846083788708 0.41034836065573776 0.5031306921675774 0.4083561020036431 0.5062613843351549 0.40693306010928965 0.5091074681238617 0.40522540983606564 0.5116689435336977 0.40351775956284164 0.5145150273224044 0.4015255009107469 0.5170765027322405 0.39953324225865217 0.5190687613843352 0.39725637522768675 0.5213456284153006 0.3949795081967214 0.5233378870673954 0.39298724954462666 0.52533014571949 0.39071038251366125 0.5276070127504554 0.38786429872495454 0.5298838797814208 0.3850182149362478 0.5324453551912569 0.38188752276867033 0.5344376138433516 0.3793260473588343 0.5361452641165756 0.37562613843351556 0.5387067395264117 0.3733492714025502 0.5401297814207651 0.3707877959927141 0.5409836065573771 0.3685109289617487 0.5412682149362478 0.3645264116575593 0.5404143897996357
1 0.2734517304189436 0.48406193078324233 0.2700364298724955 0.4778005464480875 0.2677595628415301 0.4709699453551913 0.2669057377049181 0.46812386156648456 0.2669057377049181 0.46527777777777785 0.2669057377049181 0.46214708561020046 0.26747495446265945 0.45873178506375234 0.2683287795992715 0.45617030965391625 0.26946721311475413 0.4541780510018215 0.2708902550091076 0.4527550091074682 0.27288251366120225 0.4510473588342441 0.274874772313297 0.4490551001821494 0.276582422586521 0.4470628415300547 0.27857468123861573 0.445924408014572 0.28085154826958114 0.4447859744990893 0.2834130236794172 0.44364754098360665 0.2862591074681239 0.4430783242258653 0.2893897996357014 0.4430783242258653 0.29337431693989074 0.4430783242258653 0.2953665755919855 0.44393214936247727 0.2973588342440802 0.4453551912568307 0.29992030965391625 0.44677823315118403 0.30219717668488166 0.4490551001821494 0.3039048269581057 0.45190118397085616 0.3050432604735884 0.45446265938069225 0.30646630236794176 0.45730874316939896 0.3073201275045538 0.4601548269581057 0.3081739526411658 0.46271630236794176 0.3084585610200365 0.4655623861566485 0.30874316939890717 0.4684084699453553 0.30902777777777785 0.471254553734062 0.30902777777777785 0.4735314207650274 0.30902777777777785 0.4766621129326048 0.30874316939890717 0.4797928051001822 0.3078893442622952 0.4820696721311476 0.3073201275045538 0.48434653916211295 0.30618169398907114 0.486054189435337 0.3041894353369764 0.48804644808743175 0.301912568306011 0.4897540983606558 0.29935109289617495 0.4920309653916212 0.29678961748633886 0.4943078324225866 0.29451275045537345 0.4960154826958106 0.29337431693989074 0.496584699453552 0.29052823315118403 0.49715391621129335 0.2876821493624773 0.49715391621129335 0.2822745901639345 0.4951616575591986 0.2791438979963571 0.4928847905282332 0.27686703096539167 0.4891848816029144
1 0.32468123861566495 0.6576730418943535 0.3201275045537341 0.6539731329690347 0.31841985428051006 0.6514116575591985 0.31699681238615673 0.6499886156648452 0.3152891621129327 0.6479963570127505 0.3138661202185793 0.6462887067395264 0.31272768670309664 0.6423041894353371 0.31244307832422596 0.6391734972677596 0.31244307832422596 0.6360428051001822 0.31244307832422596 0.6337659380692169 0.3121584699453553 0.6309198542805101 0.3121584699453553 0.6280737704918032 0.31301229508196726 0.6260815118397086 0.3147199453551913 0.624089253187614 0.3161429872495447 0.6220969945355193 0.3181352459016394 0.6206739526411659 0.3201275045537341 0.6189663023679418 0.3218351548269582 0.6175432604735884 0.32439663023679427 0.6164048269581056 0.32781193078324233 0.6155510018214937 0.33321948998178513 0.615266393442623 0.33777322404371596 0.615266393442623 0.34061930783242267 0.6158356102003644 0.3443192167577414 0.6175432604735884 0.3485883424408015 0.6198201275045537 0.3517190346083789 0.6226662112932605 0.35428051001821503 0.6257969034608379 0.35655737704918045 0.6292122040072861 0.3579804189435338 0.6331967213114755 0.3591188524590165 0.6368966302367942 0.35997267759562845 0.6403119307832423 0.36025728597449913 0.6437272313296903 0.36025728597449913 0.6477117486338798 0.36025728597449913 0.6502732240437159 0.3588342440801458 0.6522654826958106 0.3576958105646631 0.6542577413479054 0.35570355191256836 0.65625 0.3537112932604736 0.6579576502732241 0.3517190346083789 0.6590960837887069 0.3494421675774136 0.6602345173041895 0.3471653005464482 0.6608037340619308 0.34375000000000006 0.6613729508196722 0.34090391621129335 0.6616575591985429 0.33777322404371596 0.6616575591985429 0.33492714025500914 0.6619421675774135 0.3323656648451731 0.6616575591985429 0.3292349726775957 0.6605191256830601
1 0.3770491803278689 0.6141279599271403 0.37505692167577415 0.6104280510018216 0.37505692167577415 0.6072973588342442 0.37505692167577415 0.6038820582877961 0.37505692167577415 0.6018897996357013 0.37562613843351556 0.5996129326047359 0.3761953551912569 0.5973360655737706 0.3767645719489982 0.5953438069216759 0.3776183970856103 0.5930669398907104 0.37847222222222227 0.590790072859745 0.3793260473588343 0.589082422586521 0.380464480874317 0.5870901639344264 0.3816029143897997 0.5856671220400729 0.3835951730418944 0.5839594717668489 0.3850182149362478 0.5828210382513661 0.3867258652094719 0.5813979963570127 0.3890027322404372 0.5794057377049181 0.3912795992714026 0.577698087431694 0.39355646630236796 0.5762750455373407 0.3961179417122041 0.5748520036429874 0.3992486338797815 0.5731443533697632 0.40266393442622955 0.5714367030965393 0.40607923497267767 0.5700136612021859 0.40949453551912574 0.5685906193078325 0.41234061930783245 0.5671675774134791 0.4149020947176686 0.5665983606557378 0.41717896174863395 0.5660291438979964 0.41974043715847004 0.5657445355191257 0.42258652094717675 0.5657445355191257 0.42571721311475413 0.5660291438979964 0.42941712204007293 0.5680214025500911 0.43311703096539167 0.5700136612021859 0.4356785063752277 0.5717213114754098 0.4379553734061931 0.5739981785063752 0.4393784153005465 0.5771288706739527 0.44023224043715853 0.5802595628415301 0.4396630236794172 0.5828210382513661 0.43823998178506385 0.5862363387978142 0.43681693989071047 0.5896516393442623 0.4353938979963571 0.5927823315118398 0.4342554644808744 0.5950591985428051 0.432832422586521 0.5967668488160293 0.431124772313297 0.598759107468124 0.42913251366120225 0.600466757741348 0.4271402550091075 0.602174408014572 0.42514799635701284 0.6035974499089254 0.42258652094717675 0.6050204918032788 0.4166097449908926 0.6087204007285975 0.4112021857923498 0.6124203096539164 0.4080714936247724 0.6129895264116576 0.40607923497267767 0.613558743169399 0.4023793260473589 0.615266393442623 0.3992486338797815 0.6169740437158471 0.39725637522768675 0.617827868852459 0.395264116575592 0.6181124772313298 0.39213342440801463 0.6189663023679418 0.39042577413479057 0.6192509107468124 0.3890027322404372 0.6195355191256832 0.3870104735883425 0.6195355191256832 0.38473360655737715 0.6186816939890711 0.38217213114754106 0.6172586520947178 0.37961065573770497 0.6155510018214937
1 0.16387750455373412 0.06483378870673957 0.15932377049180332 0.06853369763205834 0.15590846994535523 0.07052595628415306 0.1542008196721312 0.07194899817850642 0.15249316939890714 0.07251821493624777 0.14964708561020043 0.07251821493624777 0.146516393442623 0.07251821493624777 0.14338570127504557 0.07194899817850642 0.13883196721311478 0.06995673952641171 0.13484744990892536 0.06767987249544632 0.1322859744990893 0.06511839708561025 0.12972449908925324 0.06113387978142081 0.1277322404371585 0.0580031876138434 0.12630919854280515 0.05458788706739532 0.12545537340619312 0.05117258652094723 0.12517076502732247 0.04775728597449914 0.12517076502732247 0.04405737704918038 0.12517076502732247 0.04092668488160297 0.1257399817850638 0.037795992714025554 0.1280168488160292 0.03466530054644813 0.1302937158469946 0.03267304189435342 0.13513205828779604 0.029542349726776006 0.13911657559198548 0.02755009107468129 0.1411088342440802 0.027265482695810618 0.14367030965391628 0.02698087431693994 0.14509335154826963 0.02698087431693994 0.14680100182149367 0.02783469945355196 0.14907786885245905 0.02840391621129331 0.15135473588342446 0.029257741347905333 0.15363160291438985 0.03039617486338803 0.15590846994535523 0.031819216757741395 0.1584699453551913 0.03352686703096544 0.16046220400728603 0.035519125683060156 0.16188524590163939 0.03751138433515488 0.16330828779599274 0.03978825136612027 0.16444672131147545 0.04234972677595634 0.1650159380692168 0.04576502732240442 0.16558515482695815 0.04918032786885251 0.16586976320582883 0.05231102003642992 0.16586976320582883 0.05544171220400733 0.16586976320582883 0.0591416211293261
1 0.2501138433515483 0.1126479963570128 0.2492600182149363 0.10524817850637527 0.2492600182149363 0.10297131147540987 0.24954462659380697 0.09984061930783247 0.24954462659380697 0.09642531876138438 0.24982923497267764 0.09329462659380698 0.2509676684881603 0.08987932604735889 0.25182149362477235 0.08788706739526415 0.25324453551912574 0.0841871584699454 0.25495218579234974 0.08134107468123866 0.25836748633879786 0.07792577413479057 0.2612135701275046 0.07507969034608383 0.26377504553734066 0.07280282331511843 0.26633652094717675 0.07052595628415306 0.2680441712204008 0.06995673952641171 0.2706056466302369 0.06967213114754103 0.27515938069216767 0.06967213114754103 0.2791438979963571 0.07024134790528237 0.28113615664845176 0.0710951730418944 0.2825591985428052 0.07223360655737711 0.2845514571948999 0.07337204007285979 0.2865437158469946 0.07536429872495451 0.28796675774134795 0.07821038251366125 0.2891051912568307 0.081056466302368 0.2899590163934427 0.08361794171220406 0.2908128415300547 0.08617941712204011 0.29166666666666674 0.08874089253187618 0.2922358834244081 0.0918715846994536 0.2922358834244081 0.09443306010928967 0.29252049180327877 0.0972791438979964 0.29252049180327877 0.10012522768670314 0.29252049180327877 0.10268670309653921 0.29166666666666674 0.10524817850637527 0.2908128415300547 0.10809426229508201 0.2899590163934427 0.11122495446265943 0.2891051912568307 0.1137864298724955 0.28796675774134795 0.11663251366120224 0.2865437158469946 0.11976320582877964 0.28483606557377056 0.12118624772313301 0.2828438069216758 0.12175546448087436 0.2799977231329691 0.12289389799635705 0.27686703096539167 0.12346311475409841 0.27259790528233163 0.12374772313296908 0.2700364298724955 0.12431693989071044 0.26662112932604737 0.1246015482695811 0.26491347905282336 0.12517076502732247 0.26263661202185795 0.1257399817850638 0.2606443533697632 0.12630919854280515 0.2589367030965392 0.12602459016393447 0.2563752276867031 0.12488615664845178 0.25438296903460844 0.12346311475409841 0.2523907103825137 0.12061703096539166 0.2515368852459017 0.1180555555555556
1 0.16359289617486344 0.13285519125683065 0.16558515482695815 0.13171675774134795 0.16757741347905286 0.13171675774134795 0.1704234972677596 0.1314321493624773 0.1729849726775957 0.1314321493624773 0.17611566484517308 0.1314321493624773 0.1792463570127505 0.1322859744990893 0.18237704918032793 0.133424408014572 0.1843693078324226 0.13399362477231333 0.1869307832422587 0.1354166666666667 0.1900614754098361 0.13854735883424413 0.1914845173041895 0.1408242258652095 0.1923383424408015 0.1431010928961749 0.19319216757741353 0.14594717668488164 0.19319216757741353 0.14850865209471772 0.19347677595628418 0.15192395264116582 0.19376138433515486 0.15477003642987253 0.19376138433515486 0.15761612021857926 0.19376138433515486 0.16046220400728603 0.19376138433515486 0.16245446265938074 0.19290755919854286 0.1650159380692168 0.19176912568306015 0.16786202185792354 0.1903460837887068 0.1704234972677596 0.18835382513661206 0.17326958105646634 0.1869307832422587 0.17497723132969037 0.18408469945355196 0.17753870673952646 0.18237704918032793 0.17953096539162117 0.1803847905282332 0.18095400728597452 0.1792463570127505 0.18209244080145723 0.17725409836065578 0.1835154826958106 0.1758310564663024 0.18465391621129332 0.17412340619307837 0.18550774134790532 0.17156193078324228 0.18465391621129332 0.1695696721311476 0.18408469945355196 0.16643897996357018 0.1843693078324226 0.1650159380692168 0.1843693078324226 0.16273907103825141 0.18465391621129332 0.15989298724954465 0.18465391621129332 0.1584699453551913 0.1843693078324226 0.15704690346083794 0.18408469945355196 0.15477003642987253 0.18408469945355196 0.1522085610200365 0.18408469945355196 0.1487932604735884 0.18237704918032793 0.146516393442623 0.17953096539162117 0.14509335154826963 0.17611566484517308 0.14480874316939893 0.1724157559198543 0.14452413479052828 0.16900045537340624 0.14452413479052828 0.16558515482695815 0.14452413479052828 0.1616006375227687 0.1453779599271403 0.15761612021857926 0.14623178506375234 0.15334699453551917 0.14737021857923502 0.15021630236794176 0.14850865209471772 0.14708561020036434 0.14964708561020043 0.14395491803278693 0.15135473588342446 0.1408242258652095 0.15334699453551917 0.13883196721311478 0.1553392531876139 0.1368397085610201 0.15790072859744997 0.1354166666666667
1 0.3801798724954463 0.015881147540983655 0.3733492714025502 0.019296448087431743 0.3710724043715848 0.020150273224043766 0.3682263205828781 0.021288706739526462 0.36481102003642996 0.02214253187613848 0.36253415300546454 0.022996357012750504 0.35968806921675783 0.023565573770491854 0.35655737704918045 0.023850182149362527 0.35428051001821503 0.0241347905282332 0.3517190346083789 0.024419398907103877 0.3485883424408015 0.02470400728597455 0.34602686703096547 0.024988615664845223 0.3431807832422587 0.024988615664845223 0.3389116575591986 0.02470400728597455 0.3352117486338798 0.023850182149362527 0.33122723132969045 0.022427140255009158 0.3292349726775957 0.020719489981785116 0.327242714025501 0.018727231329690397 0.3232581967213115 0.015596539162112984 0.3204121129326048 0.013319672131147592 0.31841985428051006 0.00961976320582883 0.31785063752276876 0.0053506375227687225 0.3181352459016394 0.0033583788706740047 0.3204121129326048 0.0 0.3843010018214962 2.312964634635743e-19 0.3872950819672132 0.0002276867030965909 0.3872950819672132 0.0033583788706740047 0.38644125683060115 0.0053506375227687225 0.38530282331511845 0.007912112932604787 0.3844489981785065 0.009904371584699504 0.3835951730418944 0.012181238615664896
1 0.34602686703096547 0.14708561020036434 0.3417577413479053 0.14395491803278693 0.33720400728597455 0.1396857923497268 0.3326502732240438 0.13399362477231333 0.33179644808743175 0.13285519125683065 0.3309426229508198 0.1314321493624773 0.3300887978142077 0.12972449908925324 0.32895036429872504 0.1277322404371585 0.32809653916211295 0.12545537340619312 0.327242714025501 0.12317850637522773 0.327242714025501 0.12090163934426235 0.327242714025501 0.11748633879781425 0.327242714025501 0.1149248633879782 0.32781193078324233 0.11293260473588347 0.3295195810564664 0.11179417122040076 0.33179644808743175 0.10980191256830606 0.3337887067395265 0.10809426229508201 0.33549635701275055 0.10695582877959932 0.33777322404371596 0.10524817850637527 0.33976548269581064 0.1038251366120219 0.34147313296903464 0.10240209471766853 0.3443192167577414 0.10069444444444449 0.34631147540983614 0.09984061930783247 0.34915755919854286 0.0995560109289618 0.35285746812386165 0.0995560109289618 0.35570355191256836 0.09984061930783247 0.3576958105646631 0.10040983606557383 0.35997267759562845 0.10126366120218584 0.36253415300546454 0.10240209471766853 0.3650956284153006 0.10410974499089258 0.3670878870673953 0.10581739526411663 0.3687955373406194 0.10809426229508201 0.3707877959927141 0.11037112932604741 0.3724954462659381 0.11293260473588347 0.3739184881602915 0.11520947176684886 0.37562613843351556 0.11748633879781425 0.3770491803278689 0.12004781420765033 0.37818761384335164 0.12260928961748639 0.3790414389799636 0.12488615664845178 0.3798952641165757 0.12716302367941718 0.380464480874317 0.1300091074681239 0.3807490892531877 0.13285519125683065 0.3807490892531877 0.1354166666666667 0.3807490892531877 0.13854735883424413 0.3798952641165757 0.14139344262295087 0.37847222222222227 0.14480874316939893 0.3767645719489982 0.14822404371584702 0.37505692167577415 0.14964708561020043 0.37221083788706744 0.1507855191256831 0.3696493624772314 0.15192395264116582 0.36680327868852464 0.15249316939890714 0.3642418032786886 0.15306238615664852 0.3611111111111112 0.15306238615664852 0.3588342440801458 0.15306238615664852 0.35570355191256836 0.15249316939890714 0.3531420765027323 0.15135473588342446 0.34972677595628426 0.14993169398907108
1 0.41034836065573776 0.17013888888888892 0.40949453551912574 0.1650159380692168 0.4089253187613844 0.16273907103825141 0.4089253187613844 0.15590846994535523 0.40920992714025506 0.15334699453551917 0.41034836065573776 0.1510701275045538 0.41148679417122047 0.14850865209471772 0.4126252276867032 0.14680100182149367 0.4134790528233152 0.1453779599271403 0.4154713114754099 0.14367030965391628 0.4177481785063753 0.14139344262295087 0.4203096539162114 0.1396857923497268 0.42230191256830607 0.1376935336976321 0.42486338797814216 0.13598588342440807 0.4274248633879782 0.134278233151184 0.4299863387978143 0.13285519125683065 0.4325478142076503 0.13171675774134795 0.4351092896174864 0.1302937158469946 0.4379553734061931 0.12915528233151188 0.4419398907103826 0.1280168488160292 0.4453551912568307 0.12716302367941718 0.4484858834244081 0.12630919854280515 0.4513319672131148 0.12545537340619312 0.4536088342440802 0.1246015482695811 0.45617030965391625 0.12374772313296908 0.4593010018214937 0.12260928961748639 0.46300091074681243 0.12260928961748639 0.4669854280510019 0.12260928961748639 0.4698315118397086 0.12260928961748639 0.472962204007286 0.12317850637522773 0.47580828779599277 0.12431693989071044 0.4789389799635702 0.12545537340619312 0.4817850637522769 0.12630919854280515 0.48406193078324233 0.1277322404371585 0.4863387978142077 0.12943989071038256 0.4886156648451731 0.1311475409836066 0.4900387067395265 0.13285519125683065 0.49174635701275055 0.13484744990892536 0.4931693989071039 0.1368397085610201 0.49402322404371596 0.1396857923497268 0.4943078324225866 0.14281648451730425 0.4943078324225866 0.14566256830601096 0.4943078324225866 0.14822404371584702 0.49345400728597455 0.1516393442622951 0.49089253187613846 0.1553392531876139 0.4883310564663024 0.1584699453551913 0.48491575591985436 0.16188524590163939 0.48150045537340624 0.16473132969034615 0.4769467213114755 0.16757741347905286 0.47239298724954465 0.17013888888888892 0.46869307832422596 0.17213114754098366 0.46527777777777785 0.1738387978142077 0.4615778688524591 0.1758310564663024 0.45873178506375234 0.17725409836065578 0.4550318761384336 0.17896174863387984 0.4527550091074682 0.17981557377049187 0.4482012750455374 0.18123861566484523 0.4445013661202186 0.18180783242258655 0.44023224043715853 0.18237704918032793 0.4362477231329691 0.18266165755919858 0.43226320582877964 0.18266165755919858 0.42913251366120225 0.18266165755919858 0.42571721311475413 0.18123861566484523 0.4217326958105648 0.17953096539162117 0.41831739526411665 0.17753870673952646 0.41575591985428056 0.17526183970856107 0.41319444444444453 0.17355418943533701
1 0.36481102003642996 0.26149817850637525 0.36253415300546454 0.2612135701275046 0.3608265027322405 0.2592213114754099 0.3605418943533698 0.2577982695810565 0.35997267759562845 0.25609061930783245 0.3591188524590165 0.25466757741347906 0.35854963570127507 0.25295992714025506 0.3579804189435338 0.25068306010928965 0.35712659380692174 0.24783697632058294 0.35684198542805107 0.24499089253187617 0.35655737704918045 0.2424294171220401 0.3574112021857924 0.23901411657559202 0.3582650273224044 0.23588342440801463 0.3591188524590165 0.23332194899817854 0.36025728597449913 0.23076047358834248 0.3616803278688525 0.2284836065573771 0.3631033697632059 0.22620673952641168 0.3650956284153006 0.2239298724954463 0.36680327868852464 0.22136839708561024 0.3685109289617487 0.21909153005464485 0.3702185792349727 0.21681466302367947 0.37164162112932614 0.2142531876138434 0.3733492714025502 0.21254553734061937 0.37591074681238623 0.21055327868852464 0.37790300546448097 0.20941484517304193 0.37961065573770497 0.20827641165755925 0.3827413479052824 0.20713797814207655 0.38786429872495454 0.2065687613843352 0.3924180327868853 0.2065687613843352 0.3964025500910748 0.2065687613843352 0.4001024590163935 0.20770719489981787 0.40323315118397096 0.2096994535519126 0.40607923497267767 0.21339936247723137 0.407502276867031 0.21681466302367947 0.4080714936247724 0.2205145719489982 0.4083561020036431 0.22364526411657562 0.4083561020036431 0.22620673952641168 0.4083561020036431 0.22876821493624774 0.40778688524590173 0.2316142987249545 0.40636384335154835 0.2350295992714026 0.405794626593807 0.23730646630236799 0.4046561930783243 0.24015255009107472 0.40380236794171226 0.24299863387978146 0.40294854280510023 0.24499089253187617 0.4018101092896176 0.24641393442622955 0.40038706739526414 0.24840619307832426 0.3983948087431695 0.25068306010928965 0.3964025500910748 0.25210610200364303 0.3946948998178507 0.2535291438979964 0.39213342440801463 0.25523679417122047 0.3892873406193079 0.2569444444444445 0.3872950819672132 0.2580828779599272 0.38473360655737715 0.25950591985428056 0.3816029143897997 0.26149817850637525 0.3793260473588343 0.2623520036429873 0.37562613843351556 0.2632058287795993 0.37221083788706744 0.2632058287795993 0.3685109289617487 0.2632058287795993
1 0.47836976320582886 0.30959699453551914 0.47466985428051006 0.3050432604735884 0.47324681238615673 0.30333561020036437 0.47182377049180335 0.301912568306011 0.4706853369763207 0.3002049180327869 0.4698315118397086 0.2987818761384336 0.46897768670309664 0.29678961748633886 0.46812386156648456 0.2947973588342441 0.4672700364298726 0.29308970856102007 0.46641621129326055 0.29166666666666674 0.4655623861566485 0.289674408014572 0.46499316939890717 0.28739754098360665 0.46413934426229514 0.2854052823315119 0.4638547358834245 0.2831284153005465 0.4635701275045538 0.2799977231329691 0.4635701275045538 0.2774362477231331 0.46413934426229514 0.27515938069216767 0.46527777777777785 0.27288251366120225 0.46670081967213123 0.2711748633879782 0.4684084699453553 0.2691826047358835 0.4706853369763207 0.2669057377049181 0.47239298724954465 0.26519808743169404 0.4741006375227687 0.26377504553734066 0.47580828779599277 0.26263661202185795 0.47865437158469953 0.2617827868852459 0.4809312386156649 0.2612135701275046 0.48377732240437166 0.26092896174863395 0.48690801457194904 0.26092896174863395 0.4891848816029144 0.26149817850637525 0.49089253187613846 0.26349043715847 0.4923155737704919 0.26519808743169404 0.49402322404371596 0.26747495446265945 0.4960154826958106 0.2697518214936248 0.4980077413479053 0.2723132969034609 0.5000000000000001 0.2737363387978143 0.5022768670309655 0.27544398907103834 0.5042691256830601 0.2774362477231331 0.5045537340619308 0.2794285063752277 0.5045537340619308 0.2828438069216758 0.5048383424408015 0.2856898907103826 0.5048383424408015 0.2885359744990893 0.5048383424408015 0.29109744990892544 0.5051229508196722 0.29394353369763215 0.5051229508196722 0.2976434426229509 0.5051229508196722 0.30077413479052834 0.5048383424408015 0.30333561020036437 0.5042691256830601 0.30618169398907114 0.5034153005464481 0.30874316939890717 0.5025614754098362 0.3110200364298726 0.5022768670309655 0.31329690346083794 0.5014230418943534 0.31585837887067403 0.5005692167577415 0.3175660291438981 0.4988615664845174 0.31870446265938074 0.49772313296903464 0.31927367941712215 0.49402322404371596 0.31841985428051006 0.49174635701275055 0.31699681238615673 0.4897540983606558 0.31585837887067403 0.48662340619307837 0.3144353369763207 0.483492714025501 0.31329690346083794 0.4803620218579236 0.31187386156648456
1 0.395264116575592 0.39412568306010937 0.3955487249544627 0.3887181238615665 0.39583333333333337 0.3870104735883425 0.39754098360655743 0.3830259562841531 0.39981785063752284 0.38103369763205835 0.4023793260473589 0.3790414389799636 0.405794626593807 0.3767645719489982 0.4089253187613844 0.37505692167577415 0.41205601092896177 0.3730646630236795 0.4149020947176686 0.3710724043715848 0.418032786885246 0.36908014571949005 0.42144808743169404 0.3670878870673953 0.42543260473588346 0.36538023679417125 0.4282786885245902 0.3642418032786886 0.4336862477231331 0.3619649362477232 0.43681693989071047 0.3613957194899819 0.4405168488160292 0.3613957194899819 0.44364754098360665 0.3613957194899819 0.4470628415300547 0.3619649362477232 0.4499089253187615 0.36253415300546454 0.4527550091074682 0.3633879781420765 0.45617030965391625 0.3645264116575593 0.45873178506375234 0.36538023679417125 0.4610086520947177 0.36623406193078334 0.46271630236794176 0.36794171220400734 0.4655623861566485 0.3702185792349727 0.4675546448087432 0.37192622950819676 0.4698315118397086 0.37420309653916217 0.4706853369763207 0.3767645719489982 0.4715391621129327 0.3793260473588343 0.47239298724954465 0.38131830601092903 0.47182377049180335 0.3835951730418944 0.4701161202185793 0.3867258652094719 0.46812386156648456 0.3892873406193079 0.46584699453551914 0.39156420765027333 0.4635701275045538 0.39355646630236796 0.4612932604735884 0.39583333333333337 0.45873178506375234 0.3983948087431695 0.4564549180327869 0.40038706739526414 0.45446265938069225 0.4015255009107469 0.4510473588342441 0.40351775956284164 0.44877049180327877 0.4046561930783243 0.445924408014572 0.4055100182149363 0.4416552823315119 0.40636384335154835 0.43738615664845176 0.40693306010928965 0.4334016393442624 0.407502276867031 0.42941712204007293 0.4080714936247724 0.4271402550091075 0.4083561020036431 0.4234403460837888 0.4083561020036431 0.420594262295082 0.4080714936247724 0.4149020947176686 0.407502276867031 0.41034836065573776 0.40636384335154835 0.40522540983606564 0.4046561930783243 0.4023793260473589 0.40351775956284164 0.4001024590163935 0.40266393442622955 0.3978255919854281 0.4006716757741348 0.39668715846994546 0.39867941712204014
1 0.1365551001821494 0.8264458105646632 0.13171675774134795 0.8315687613843352 0.12915528233151188 0.8332764116575593 0.12716302367941718 0.8349840619307832 0.1246015482695811 0.836122495446266 0.12175546448087436 0.8372609289617488 0.11834016393442628 0.8381147540983608 0.11464025500910752 0.8383993624772313 0.10951730418943538 0.836976320582878 0.10524817850637527 0.8349840619307832 0.10211748633879786 0.8301457194899818 0.10012522768670314 0.8258765938069217 0.0995560109289618 0.823030510018215 0.09927140255009112 0.8198998178506376 0.09870218579234978 0.8156306921675774 0.09813296903460843 0.8119307832422588 0.09784836065573775 0.8079462659380693 0.0972791438979964 0.8045309653916212 0.09699453551912574 0.7996926229508198 0.09813296903460843 0.7965619307832423 0.10012522768670314 0.7925774134790529 0.10126366120218584 0.7900159380692169 0.10211748633879786 0.7874544626593808 0.10325591985428056 0.7843237704918032 0.1083788706739527 0.7777777777777779 0.10980191256830606 0.7763547358834245 0.1115095628415301 0.7743624772313298 0.1137864298724955 0.7720856102003643 0.11549408014571955 0.770662568306011 0.1169171220400729 0.7692395264116576 0.11890938069216762 0.7675318761384335 0.12204007285974504 0.7658242258652095 0.12488615664845178 0.7641165755919855 0.12858606557377053 0.7632627504553735 0.13200136612021862 0.7626935336976322 0.13513205828779604 0.7624089253187614 0.13740892531876142 0.7624089253187614 0.13940118397085616 0.7635473588342442 0.14139344262295087 0.7649704007285975 0.14281648451730425 0.7666780510018216 0.1442395264116576 0.7692395264116576 0.14566256830601096 0.7703779599271403 0.146516393442623 0.7732240437158471 0.146516393442623 0.7763547358834245 0.14623178506375234 0.7794854280510018 0.14594717668488164 0.78290072859745 0.14566256830601096 0.78716985428051 0.14594717668488164 0.7945696721311476 0.14594717668488164 0.8022540983606558 0.14623178506375234 0.8053847905282332 0.14623178506375234 0.8085154826958106 0.1453779599271403 0.811646174863388 0.1442395264116576 0.8144922586520947 0.14281648451730425 0.8170537340619308 0.14167805100182154 0.8198998178506376 0.14053961748633884 0.8227459016393442
1 0.17896174863387984 0.8270150273224045 0.17554644808743175 0.8235997267759564 0.1738387978142077 0.8224612932604737 0.17127732240437163 0.8196152094717669 0.16985428051001827 0.8179075591985429 0.1692850637522769 0.8156306921675774 0.16900045537340624 0.8125 0.1684312386156649 0.8090846994535519 0.16814663023679424 0.8059540072859745 0.16786202185792354 0.8025387067395264 0.16757741347905286 0.799408014571949 0.16786202185792354 0.7959927140255009 0.16786202185792354 0.7937158469945356 0.16871584699453557 0.7911543715846995 0.1692850637522769 0.7883082877959927 0.1704234972677596 0.7851775956284154 0.17156193078324228 0.7831853369763206 0.17326958105646634 0.7794854280510018 0.17440801457194904 0.7777777777777779 0.17640027322404378 0.7755009107468124 0.17839253187613846 0.7737932604735884 0.1815232240437159 0.7709471766848817 0.18465391621129332 0.7686703096539163 0.1877846083788707 0.7669626593806922 0.1911999089253188 0.7658242258652095 0.19376138433515486 0.7649704007285975 0.19746129326047365 0.7649704007285975 0.20087659380692174 0.7663934426229508 0.20286885245901642 0.7692395264116576 0.20457650273224048 0.771516393442623 0.2051457194899818 0.7749316939890711 0.20543032786885249 0.7786316029143898 0.2057149362477232 0.78290072859745 0.2057149362477232 0.78716985428051 0.2057149362477232 0.7908697632058288 0.2057149362477232 0.7945696721311476 0.2051457194899818 0.7982695810564664 0.20486111111111116 0.8019694899817851 0.20429189435336978 0.8056693989071039 0.20343806921675778 0.8090846994535519 0.2022996357012751 0.8125 0.20059198542805104 0.8153460837887069 0.19945355191256833 0.8179075591985429 0.19746129326047365 0.8207536429872495 0.1957536429872496 0.823030510018215 0.19262295081967215 0.8250227686703098 0.18977686703096544 0.8270150273224045 0.18636156648451735 0.8281534608378871 0.18237704918032793 0.8284380692167578
1 0.25751366120218583 0.8093693078324227 0.2580828779599272 0.8028233151183971 0.2589367030965392 0.7996926229508198 0.2600751366120219 0.7965619307832423 0.26149817850637525 0.7940004553734062 0.2632058287795993 0.7917235883424408 0.26491347905282336 0.7900159380692169 0.2671903460837888 0.7883082877959927 0.26946721311475413 0.7874544626593808 0.2723132969034609 0.7868852459016394 0.27544398907103834 0.7868852459016394 0.27829007285974505 0.7868852459016394 0.28142076502732244 0.78716985428051 0.28426684881602926 0.7877390710382514 0.2882513661202186 0.7885928961748635 0.29166666666666674 0.7894467213114755 0.29451275045537345 0.7905851548269581 0.2976434426229509 0.7920081967213116 0.301058743169399 0.7940004553734062 0.30362021857923505 0.7959927140255009 0.30589708561020046 0.7979849726775956 0.3076047358834245 0.7999772313296903 0.3093123861566485 0.8028233151183971 0.31045081967213123 0.8053847905282332 0.3113046448087432 0.80823087431694 0.31187386156648456 0.8110769581056466 0.3121584699453553 0.8133538251366121 0.31244307832422596 0.8161999089253188 0.3107354280510019 0.8193306010928961 0.3093123861566485 0.8216074681238617 0.30675091074681243 0.824738160291439 0.30362021857923505 0.8284380692167578 0.30134335154826963 0.8307149362477232 0.2984972677595629 0.8324225865209471 0.29422814207650283 0.8341302367941713 0.28796675774134795 0.8346994535519127 0.28426684881602926 0.8346994535519127 0.28056693989071047 0.8344148451730419 0.2762978142076503 0.83356102003643 0.2734517304189436 0.8321379781420766 0.2691826047358835 0.8292918943533698 0.26633652094717675 0.8272996357012751 0.2632058287795993 0.8241689435336976 0.2612135701275046 0.8218920765027323 0.25950591985428056 0.8179075591985429 0.2580828779599272 0.8136384335154827
1 0.10951730418943538 0.9582194899817851 0.10752504553734067 0.9525273224043717 0.10724043715847 0.9493966302367942 0.10752504553734067 0.9474043715846995 0.10752504553734067 0.9448428961748634 0.10724043715847 0.9417122040072861 0.10724043715847 0.9388661202185793 0.10724043715847 0.9360200364298726 0.10724043715847 0.9323201275045537 0.10724043715847 0.9300432604735884 0.1061020036429873 0.9280510018214937 0.10524817850637527 0.9263433515482695 0.10524817850637527 0.9237818761384335 0.10638661202185797 0.9206511839708561 0.10695582877959932 0.9183743169398908 0.10809426229508201 0.915528233151184 0.10923269581056472 0.9123975409836066 0.11094034608378875 0.9092668488160293 0.11321721311475415 0.9055669398907104 0.11464025500910752 0.903290072859745 0.11777094717668493 0.9004439890710383 0.12033242258652099 0.8987363387978142 0.12403233151183975 0.8970286885245903 0.12830145719489985 0.8958902550091075 0.13370901639344268 0.8958902550091075 0.13854735883424413 0.8967440801457195 0.1402550091074682 0.8981671220400729 0.14253187613843357 0.900728597449909 0.14338570127504557 0.9041438979963571 0.14395491803278693 0.9072745901639345 0.146516393442623 0.9123975409836066 0.14850865209471772 0.9160974499089254 0.14907786885245905 0.91808970856102 0.14964708561020043 0.9206511839708561 0.14993169398907108 0.9234972677595629 0.15050091074681243 0.9257741347905283 0.1516393442622951 0.9291894353369764 0.15249316939890714 0.9323201275045537 0.15334699453551917 0.9348816029143898 0.15391621129326052 0.9374430783242259 0.15448542805100188 0.940858378870674 0.15448542805100188 0.94341985428051 0.15477003642987253 0.9462659380692169 0.15477003642987253 0.9485428051001822 0.15477003642987253 0.9516734972677595 0.15477003642987253 0.9550887978142076 0.1542008196721312 0.9573656648451732 0.15363160291438985 0.9602117486338798 0.15334699453551917 0.9633424408014571 0.15249316939890714 0.9673269581056466 0.15135473588342446 0.9693192167577414 0.15021630236794176 0.9713114754098361 0.14907786885245905 0.9735883424408015 0.14680100182149367 0.9764344262295083 0.14452413479052828 0.9787112932604737 0.14253187613843357 0.980988160291439 0.1408242258652095 0.9824112021857924 0.1379781420765028 0.9838342440801457 0.13598588342440807 0.9838342440801457 0.13313979963570133 0.9838342440801457 0.12858606557377053 0.9829804189435337 0.1246015482695811 0.9807035519125684 0.12118624772313301 0.9778574681238617 0.11862477231329695 0.9747267759562842 0.1169171220400729 0.9710268670309655 0.1149248633879782 0.967042349726776 0.11293260473588347 0.9627732240437159
1 0.022427140255009158 0.8734061930783242 0.020719489981785116 0.8688524590163935 0.01958105646630242 0.8651525500910747 0.016450364298725005 0.8568989071038252 0.015027322404371634 0.8526297814207651 0.014458105646630286 0.848360655737705 0.014458105646630286 0.8438069216757742 0.014458105646630286 0.8403916211293261 0.014458105646630286 0.83783014571949 0.014742714025500961 0.8341302367941713 0.014742714025500961 0.8312841530054645 0.015027322404371634 0.8275842440801457 0.015596539162112984 0.8250227686703098 0.016734972677595678 0.8213228597449909 0.018158014571949047 0.8187613843351549 0.019865664845173093 0.8167691256830601 0.021857923497267808 0.8150614754098361 0.0241347905282332 0.8136384335154827 0.02669626593806927 0.8125 0.030111566484517353 0.8110769581056466 0.032957650273224094 0.8105077413479054 0.036657559198542855 0.809938524590164 0.04064207650273229 0.8096539162112932 0.0437727686703097 0.8093693078324227 0.04633424408014577 0.8093693078324227 0.04889571948998184 0.8093693078324227 0.05088797814207655 0.810792349726776 0.053164845173041944 0.8130692167577414 0.05515710382513666 0.8161999089253188 0.056864754098360705 0.8201844262295083 0.05743397085610205 0.8241689435336976 0.05743397085610205 0.8278688524590164 0.05743397085610205 0.8321379781420766 0.05743397085610205 0.835268670309654 0.05629553734061935 0.8389685792349727 0.05544171220400733 0.8418146630236795 0.05401867030965397 0.8446607468123861 0.053164845173041944 0.848360655737705 0.05231102003642992 0.8523451730418945 0.05117258652094723 0.8560450819672132 0.05060336976320588 0.8586065573770493 0.04918032786885251 0.8611680327868853 0.046903460837887115 0.8634448998178507 0.044341985428051046 0.8660063752276866 0.041495901639344315 0.8679986338797814 0.0372267759562842 0.8702755009107469 0.032957650273224094 0.8719831511839709 0.02982695810564668 0.8728369763205829 0.02612704918032792 0.8728369763205829
1 0.2563752276867031 0.9132513661202186 0.2612135701275046 0.9058515482695811 0.26633652094717675 0.900728597449909 0.2683287795992715 0.899020947176685 0.2703210382513662 0.8975979052823316 0.27259790528233163 0.8961748633879781 0.27515938069216767 0.8950364298724955 0.27857468123861573 0.8933287795992714 0.28113615664845176 0.8921903460837888 0.28426684881602926 0.8904826958105647 0.28711293260473597 0.8893442622950821 0.289674408014572 0.8879212204007286 0.2928051001821494 0.8870673952641166 0.2947973588342441 0.8862135701275046 0.29707422586520954 0.8856443533697632 0.30048952641165766 0.8853597449908926 0.3047586520947177 0.8847905282331513 0.3073201275045538 0.8845059198542805 0.3098816029143899 0.8845059198542805 0.31244307832422596 0.8850751366120219 0.3152891621129327 0.8856443533697632 0.31785063752276876 0.8873520036429874 0.3212659380692168 0.8896288706739527 0.3241120218579236 0.8933287795992714 0.3255350637522769 0.8958902550091075 0.3269581056466303 0.899020947176685 0.32752732240437166 0.9027208561020037 0.32781193078324233 0.9055669398907104 0.327242714025501 0.9086976320582879 0.32610428051001833 0.9109744990892532 0.32496584699453557 0.912966757741348 0.3232581967213115 0.915528233151184 0.32098132969034615 0.9183743169398908 0.3181352459016394 0.9215050091074681 0.3161429872495447 0.9232126593806922 0.3138661202185793 0.9254895264116576 0.31045081967213123 0.9274817850637523 0.30618169398907114 0.9294740437158471 0.30134335154826963 0.9311816939890711 0.2984972677595629 0.9320355191256832 0.29451275045537345 0.9334585610200364 0.2899590163934427 0.9348816029143898 0.2854052823315119 0.9360200364298726 0.2802823315118398 0.9377276867030966 0.275728597449909 0.9385815118397086 0.2703210382513662 0.9394353369763206 0.2657673041894354 0.9397199453551913 0.26405965391621133 0.93915072859745 0.26206739526411665 0.9382969034608379 0.25865209471766853 0.9371584699453552 0.2563752276867031 0.9365892531876139 0.25495218579234974 0.9357354280510018 0.25324453551912574 0.9345969945355193 0.25182149362477235 0.9331739526411658 0.250398451730419 0.9300432604735884 0.24982923497267764 0.9263433515482695 0.250398451730419 0.9226434426229508 0.25210610200364303 0.9192281420765027 0.2535291438979964 0.9166666666666666
1 0.0005122950819672647 0.9459813296903461 0.0027891621129326563 0.94341985428051 0.004212204007286027 0.9428506375227688 0.0064890710382514176 0.9417122040072861 0.008196721311475462 0.9411429872495447 0.010758196721311527 0.9405737704918032 0.015027322404371634 0.9411429872495447 0.018158014571949047 0.942566029143898 0.020434881602914443 0.9442736794171221 0.021857923497267808 0.9459813296903461 0.02612704918032792 0.9502504553734062 0.02755009107468129 0.953096539162113 0.029257741347905333 0.9565118397085611 0.030111566484517353 0.9596425318761385 0.03039617486338803 0.9619193989071039 0.030680783242258702 0.9650500910746813 0.03125000000000005 0.9681807832422588 0.03125000000000005 0.9707422586520947 0.031534608378870725 0.9750113843351548 0.031819216757741395 0.9778574681238617 0.031819216757741395 0.980988160291439 0.03210382513661207 0.9838342440801457 0.031819216757741395 0.9878187613843352 0.030680783242258702 0.991518670309654 0.02982695810564668 0.9952185792349727 0.029257741347905333 0.9969262295081968 0.028128794778384997 0.9989583333333333 0.02755009107468129 0.9989583333333333 0.0002276867030965909 0.9989583333333333
1 0.5301684881602915 0.9906648451730419 0.526183970856102 0.9852572859744991 0.5227686703096539 0.9798497267759564 0.521914845173042 0.9781420765027323 0.5213456284153006 0.9761498178506376 0.5207764116575593 0.9741575591985429 0.5199225865209472 0.9715960837887069 0.5196379781420766 0.9690346083788708 0.5193533697632059 0.9659039162112932 0.5193533697632059 0.9622040072859745 0.5196379781420766 0.9590733151183971 0.5204918032786886 0.9553734061930784 0.521914845173042 0.9522427140255009 0.5239071038251367 0.9496812386156649 0.5267531876138434 0.9474043715846995 0.5290300546448088 0.9462659380692169 0.5321607468123862 0.9456967213114755 0.535860655737705 0.9454121129326047 0.5401297814207651 0.9456967213114755 0.5438296903460837 0.9465505464480874 0.5472449908925319 0.9485428051001822 0.5503756830601093 0.9508196721311476 0.5540755919854281 0.9542349726775956 0.5566370673952642 0.9570810564663024 0.5589139344262295 0.9599271402550091 0.5614754098360656 0.9630578324225866 0.564606102003643 0.9650500910746813 0.5677367941712205 0.966188524590164 0.5700136612021859 0.9693192167577414 0.5737135701275046 0.9775728597449909 0.5745673952641166 0.9804189435336976 0.5754212204007287 0.9829804189435337 0.57599043715847 0.9852572859744991 0.5768442622950821 0.9889571948998179 0.577698087431694 0.9926571038251366 0.5779826958105647 0.9955031876138434 0.5782673041894354 0.9980646630236795 0.5773736338797816 0.9989583333333333 0.537568306010929 0.9989583333333333 0.5338683970856103 0.9952185792349727
1 0.7302481785063752 0.9983492714025501 0.731386612021858 0.9906648451730419 0.7319558287795993 0.9875341530054645 0.7325250455373407 0.9849726775956285 0.733948087431694 0.981841985428051 0.7353711293260474 0.9787112932604737 0.7370787795992714 0.9758652094717669 0.7404940801457195 0.9707422586520947 0.7422017304189436 0.9684653916211293 0.7447632058287798 0.9656193078324227 0.7476092896174864 0.9633424408014571 0.7504553734061932 0.9607809653916212 0.7533014571948998 0.9587887067395264 0.7555783242258652 0.9573656648451732 0.7581397996357013 0.9567964480874317 0.7621243169398908 0.9567964480874317 0.7658242258652095 0.9576502732240437 0.7720856102003643 0.9587887067395264 0.7746470856102003 0.9599271402550091 0.7769239526411659 0.9613501821493625 0.7786316029143898 0.9627732240437159 0.7806238615664846 0.9641962659380693 0.7823315118397086 0.9664731329690347 0.7831853369763206 0.9696038251366121 0.7834699453551913 0.9730191256830601 0.7834699453551913 0.9764344262295083 0.7820469034608379 0.9838342440801457 0.7809084699453552 0.9875341530054645 0.777454647985767 0.9989583333333333
1 0.5549294171220401 0.67731102003643 0.5535063752276869 0.6724726775956285 0.5529371584699454 0.6707650273224045 0.5535063752276869 0.668488160291439 0.5546448087431695 0.666780510018215 0.5560678506375228 0.6650728597449909 0.5580601092896175 0.6627959927140256 0.5606215846994537 0.6602345173041895 0.5634676684881603 0.6571038251366121 0.5663137522768671 0.654542349726776 0.5688752276867032 0.6522654826958106 0.5720059198542806 0.6505578324225866 0.575136612021858 0.6485655737704918 0.5785519125683061 0.6465733151183971 0.5816826047358835 0.6451502732240437 0.586520947176685 0.6440118397085611 0.5919285063752278 0.643158014571949 0.5976206739526412 0.6417349726775956 0.6007513661202187 0.641450364298725 0.6033128415300547 0.641450364298725 0.6064435336976322 0.641450364298725 0.6095742258652095 0.643158014571949 0.611851092896175 0.6445810564663024 0.6138433515482696 0.6468579234972679 0.6155510018214937 0.649419398907104 0.6164048269581056 0.6531193078324227 0.6164048269581056 0.65625 0.6158356102003644 0.6596653005464481 0.6138433515482696 0.6619421675774135 0.6121357012750456 0.6645036429872496 0.6098588342440803 0.6673497267759564 0.6070127504553735 0.6701958105646632 0.6033128415300547 0.6736111111111112 0.5996129326047359 0.6761725865209472 0.5967668488160293 0.6784494535519127 0.5936361566484518 0.6801571038251366 0.5896516393442623 0.6821493624772313 0.5859517304189436 0.6838570127504554 0.5828210382513661 0.6849954462659381 0.5799749544626595 0.6855646630236795 0.57599043715847 0.6855646630236795 0.5702982695810566 0.6855646630236795 0.5668829690346084 0.6855646630236795 0.5637522768670311 0.6855646630236795 0.5597677595628416 0.683287795992714
1 0.5125227686703098 0.5873747723132969 0.5085382513661203 0.5850979052823316 0.5073998178506376 0.5828210382513661 0.5065459927140256 0.5799749544626595 0.5059767759562842 0.5762750455373407 0.5056921675774135 0.5725751366120219 0.5056921675774135 0.5688752276867032 0.5056921675774135 0.5660291438979964 0.508822859744991 0.5594831511839709 0.5153688524590164 0.5492372495446266 0.5179303278688525 0.5463911657559198 0.52106102003643 0.5426912568306012 0.5239071038251367 0.5401297814207651 0.5267531876138434 0.537568306010929 0.5295992714025501 0.5352914389799637 0.5330145719489983 0.5327299635701276 0.5364298724954464 0.5304530965391622 0.5395605646630237 0.5293146630236795 0.5435450819672132 0.5284608378870674 0.5475295992714027 0.5281762295081968 0.5515141165755921 0.5281762295081968 0.5552140255009108 0.5281762295081968 0.5589139344262295 0.5293146630236795 0.5626138433515483 0.5313069216757742 0.5654599271402551 0.5330145719489983 0.5683060109289618 0.5361452641165756 0.5700136612021859 0.5398451730418945 0.5708674863387979 0.5441142987249545 0.5708674863387979 0.5483834244080146 0.5700136612021859 0.5515141165755921 0.5685906193078325 0.5546448087431695 0.5665983606557378 0.5589139344262295 0.5651753187613845 0.5617600182149364 0.5637522768670311 0.5637522768670311 0.5620446265938069 0.5660291438979964 0.5589139344262295 0.5685906193078325 0.5560678506375228 0.5711520947176685 0.5535063752276869 0.5728597449908926 0.55066029143898 0.575136612021858 0.5469603825136613 0.577698087431694 0.5443989071038252 0.5799749544626595 0.5412682149362478 0.5825364298724955 0.5384221311475411 0.5842440801457195 0.535006830601093 0.5848132969034608 0.5307377049180328 0.5856671220400729 0.5267531876138434 0.586520947176685 0.5233378870673954 0.5873747723132969 0.5202071948998179 0.5876593806921676 0.5159380692167578 0.5876593806921676
1 0.6571038251366121 0.5887978142076503 0.6522654826958106 0.5870901639344264 0.6502732240437159 0.5859517304189436 0.6488501821493625 0.5845286885245903 0.6468579234972679 0.5819672131147542 0.6454348816029145 0.5794057377049181 0.6445810564663024 0.5768442622950821 0.6442964480874317 0.5737135701275046 0.6442964480874317 0.5711520947176685 0.6448656648451732 0.5640368852459017 0.6457194899817851 0.5609061930783242 0.6497040072859745 0.5495218579234974 0.6508424408014573 0.5463911657559198 0.6522654826958106 0.5426912568306012 0.6542577413479054 0.5387067395264117 0.65625 0.5347222222222222 0.6585268670309655 0.5315915300546449 0.6608037340619308 0.5293146630236795 0.6636498178506376 0.527037795992714 0.6656420765027323 0.526183970856102 0.668488160291439 0.5256147540983608 0.6730418943533698 0.5247609289617486 0.6761725865209472 0.5241917122040074 0.6795878870673954 0.523622495446266 0.683287795992714 0.5233378870673954 0.6867030965391622 0.5230532786885246 0.6898337887067395 0.5233378870673954 0.692964480874317 0.524476320582878 0.6960951730418945 0.5258993624772315 0.6983720400728598 0.5276070127504554 0.7006489071038252 0.5307377049180328 0.7023565573770493 0.5344376138433516 0.7032103825136613 0.5378529143897998 0.7034949908925319 0.5418374316939892 0.7032103825136613 0.5458219489981785 0.7026411657559198 0.5486680327868854 0.7017873406193079 0.5515141165755921 0.6992258652094718 0.5572062841530055 0.6926798724954464 0.5694444444444445 0.6909722222222222 0.5728597449908926 0.6889799635701276 0.5757058287795993 0.6875569216757742 0.5782673041894354 0.6861338797814208 0.5805441712204008 0.6841416211293261 0.5831056466302369 0.68158014571949 0.5853825136612022 0.679018670309654 0.5873747723132969 0.6767418032786885 0.588228597449909 0.6730418943533698 0.5896516393442623 0.6690573770491803 0.589936247723133 0.6633652094717669 0.5902208561020037
1 0.7385018214936248 0.6331967213114755 0.7348019125683061 0.6317736794171221 0.7319558287795993 0.6294968123861566 0.729678961748634 0.6272199453551913 0.7285405282331513 0.6249430783242259 0.7274020947176685 0.6223816029143898 0.7268328779599271 0.6189663023679418 0.7265482695810566 0.6155510018214937 0.7262636612021859 0.6115664845173042 0.7279713114754098 0.600466757741348 0.7345173041894354 0.5833902550091075 0.7356557377049181 0.5811133879781422 0.7407786885245903 0.5722905282331513 0.7430555555555556 0.5697290528233151 0.7447632058287798 0.5680214025500911 0.7467554644808744 0.5668829690346084 0.7496015482695811 0.5651753187613845 0.7530168488160293 0.5640368852459017 0.7558629326047359 0.5634676684881603 0.7595628415300547 0.5631830601092898 0.7632627504553735 0.5634676684881603 0.7655396174863388 0.5640368852459017 0.7678164845173042 0.5654599271402551 0.7689549180327869 0.5680214025500911 0.7700933515482696 0.5708674863387979 0.7709471766848817 0.5742827868852459 0.7712317850637523 0.5774134790528234 0.7712317850637523 0.5805441712204008 0.7712317850637523 0.5836748633879782 0.7712317850637523 0.5862363387978142 0.7712317850637523 0.589936247723133 0.770662568306011 0.5933515482695811 0.7703779599271403 0.5964822404371585 0.769808743169399 0.5998975409836066 0.7692395264116576 0.6027436247723134 0.768101092896175 0.6058743169398908 0.7675318761384335 0.6095742258652095 0.7663934426229508 0.6129895264116576 0.7655396174863388 0.616120218579235 0.7641165755919855 0.6189663023679418 0.7624089253187614 0.6223816029143898 0.7607012750455374 0.6252276867030966 0.7581397996357013 0.6277891621129327 0.7561475409836066 0.6294968123861566 0.7541552823315119 0.6306352459016394 0.7521630236794171 0.6314890710382514 0.7481785063752278 0.6323428961748635 0.7430555555555556 0.6331967213114755
1 0.6329121129326047 0.7103255919854281 0.6314890710382514 0.7080487249544627 0.6312044626593808 0.7057718579234974 0.6312044626593808 0.7034949908925319 0.6314890710382514 0.7003642987249545 0.6331967213114755 0.6975182149362478 0.6351889799635703 0.6949567395264117 0.6377504553734062 0.6923952641165756 0.6400273224043717 0.6904030054644809 0.6428734061930784 0.6886953551912569 0.6522654826958106 0.6855646630236795 0.6664959016393442 0.683287795992714 0.6810109289617488 0.6830031876138434 0.6849954462659381 0.6830031876138434 0.6878415300546449 0.6838570127504554 0.6909722222222222 0.6849954462659381 0.6943875227686703 0.6861338797814208 0.6978028233151184 0.6878415300546449 0.7000796903460837 0.6898337887067395 0.7023565573770493 0.6926798724954464 0.7032103825136613 0.695525956284153 0.7037795992714027 0.6995104735883425 0.7037795992714027 0.7026411657559198 0.7023565573770493 0.7063410746812387 0.7009335154826959 0.7091871584699454 0.6983720400728598 0.7120332422586522 0.6952413479052824 0.7145947176684883 0.6923952641165756 0.7165869763205829 0.6892645719489983 0.7177254098360656 0.6855646630236795 0.7194330601092898 0.6827185792349727 0.7202868852459017 0.6781648451730419 0.7202868852459017 0.6704804189435337 0.7205714936247724 0.665926684881603 0.7205714936247724 0.6613729508196722 0.7205714936247724 0.6573884335154827 0.7202868852459017 0.6528346994535519 0.7194330601092898 0.6488501821493625 0.7182946265938069 0.6425887978142077 0.7163023679417122 0.6391734972677596 0.7148793260473589 0.6360428051001822 0.7126024590163935
1 0.8125 0.6747495446265938 0.8079462659380693 0.6721880692167578 0.8062386156648452 0.6704804189435337 0.8045309653916212 0.6690573770491803 0.8031079234972679 0.6670651183970856 0.8016848816029145 0.6642190346083789 0.8011156648451732 0.6613729508196722 0.8008310564663024 0.6582422586520947 0.8005464480874317 0.653688524590164 0.8005464480874317 0.649419398907104 0.8011156648451732 0.6454348816029145 0.8016848816029145 0.6411657559198543 0.8022540983606558 0.6374658469945356 0.8028233151183971 0.6349043715846995 0.8036771402550092 0.6326275045537341 0.8048155737704918 0.6303506375227688 0.8065232240437159 0.627504553734062 0.8085154826958106 0.6249430783242259 0.8105077413479054 0.6229508196721312 0.8127846083788708 0.6206739526411659 0.8156306921675774 0.6186816939890711 0.8181921675774135 0.617827868852459 0.8210382513661203 0.6172586520947178 0.8241689435336976 0.6175432604735884 0.8258765938069217 0.6189663023679418 0.8275842440801457 0.6212431693989071 0.8287226775956285 0.6235200364298726 0.8298611111111112 0.6257969034608379 0.8309995446265938 0.6286429872495447 0.8318533697632059 0.6306352459016394 0.8327071948998179 0.6334813296903461 0.8332764116575593 0.6363274134790529 0.83356102003643 0.6391734972677596 0.8338456284153006 0.641450364298725 0.83356102003643 0.6440118397085611 0.8329918032786885 0.6465733151183971 0.8321379781420766 0.6497040072859745 0.8309995446265938 0.6528346994535519 0.8298611111111112 0.6556807832422588 0.8287226775956285 0.6582422586520947 0.8278688524590164 0.6605191256830601 0.8258765938069217 0.6633652094717669 0.823884335154827 0.665926684881603 0.822176684881603 0.6679189435336976 0.8204690346083789 0.6699112021857924 0.8184767759562842 0.6721880692167578 0.8161999089253188 0.6736111111111112
1 0.9360200364298726 0.6317736794171221 0.9340277777777779 0.6286429872495447 0.9317509107468124 0.6215277777777779 0.9314663023679418 0.6183970856102003 0.9311816939890711 0.6149817850637523 0.9311816939890711 0.611851092896175 0.9314663023679418 0.6078665755919855 0.9323201275045537 0.6044512750455374 0.9334585610200364 0.6007513661202187 0.9348816029143898 0.5976206739526412 0.9360200364298726 0.5947745901639345 0.9377276867030966 0.5922131147540984 0.9400045537340619 0.5896516393442623 0.9419968123861566 0.5879439890710383 0.9442736794171221 0.5873747723132969 0.9468351548269581 0.5873747723132969 0.953096539162113 0.5873747723132969 0.9562272313296903 0.5870901639344264 0.9593579234972679 0.5870901639344264 0.9619193989071039 0.588228597449909 0.9641962659380693 0.5893670309653917 0.9667577413479053 0.5910746812386157 0.9684653916211293 0.5933515482695811 0.9696038251366121 0.5970514571948998 0.9704576502732241 0.6001821493624774 0.9710268670309655 0.603028233151184 0.9718806921675774 0.6064435336976322 0.9724499089253188 0.6107126593806922 0.9733037340619308 0.6158356102003644 0.9735883424408015 0.6198201275045537 0.9738729508196722 0.6238046448087432 0.9735883424408015 0.6277891621129327 0.9724499089253188 0.6317736794171221 0.9704576502732241 0.6354735883424408 0.9681807832422588 0.6386042805100183 0.9656193078324227 0.6408811475409837 0.9636270491803279 0.6417349726775956 0.9604963570127505 0.6423041894353371 0.9565118397085611 0.6423041894353371 0.953096539162113 0.6423041894353371 0.9496812386156649 0.6411657559198543 0.9465505464480874 0.6400273224043717 0.9419968123861566 0.6383196721311476 0.9382969034608379 0.6360428051001822
1 0.9656193078324227 0.7496015482695811 0.9636270491803279 0.7467554644808744 0.9610655737704918 0.7416325136612022 0.9599271402550091 0.7390710382513661 0.9593579234972679 0.7365095628415301 0.9587887067395264 0.7330942622950821 0.9587887067395264 0.7293943533697632 0.9590733151183971 0.7259790528233151 0.9599271402550091 0.723417577413479 0.9607809653916212 0.7205714936247724 0.9619193989071039 0.717440801457195 0.9633424408014571 0.7140255009107469 0.9647654826958106 0.7108948087431695 0.966188524590164 0.708617941712204 0.9698884335154827 0.705202641165756 0.9752959927140256 0.7015027322404371 0.9772882513661203 0.7003642987249545 0.979280510018215 0.6995104735883425 0.9815573770491803 0.6989412568306012 0.9844034608378871 0.6986566484517305 0.9872495446265938 0.6983720400728598 0.9903802367941713 0.6986566484517305 0.9929417122040074 0.6997950819672132 0.9946493624772313 0.7006489071038252 0.9966416211293261 0.7023565573770493 0.9983492714025501 0.704348816029144 0.9989184881602914 0.7057718579234974 0.9989184881602914 0.7120332422586522 0.9986338797814208 0.7254098360655737 0.9977800546448088 0.7291097449908926 0.9963570127504554 0.7333788706739527 0.9946493624772313 0.7362249544626595 0.992372495446266 0.7393556466302369 0.9900956284153006 0.7422017304189436 0.9878187613843352 0.7447632058287798 0.9861111111111112 0.7464708561020037 0.9841188524590164 0.7481785063752278 0.981841985428051 0.7498861566484518 0.9795651183970856 0.7507399817850637 0.9772882513661203 0.7513091985428051 0.9738729508196722 0.7515938069216759 0.9698884335154827 0.7515938069216759
1 0.82022921108742 0.517501776830135 0.8164534470504619 0.5117270788912579 0.8153429282160626 0.5103944562899786 0.8142324093816631 0.5088397299218195 0.8135660980810234 0.5068407960199005 0.8126776830135038 0.5048418621179815 0.8126776830135038 0.5023987206823027 0.8120113717128642 0.4992892679459843 0.8113450604122244 0.49640191897654584 0.810456645344705 0.4932924662402274 0.8093461265103056 0.48973880597014924 0.8086798152096659 0.4866293532338308 0.8080135039090262 0.48218727789623306 0.8080135039090262 0.47818941009239513 0.8086798152096659 0.474635749822317 0.8100124378109452 0.4719705046197583 0.8111229566453447 0.4697494669509595 0.8126776830135038 0.4673063255152807 0.8142324093816631 0.46508528784648184 0.8157871357498222 0.46286425017768296 0.8175639658848614 0.4613095238095238 0.82022921108742 0.4599769012082444 0.8240049751243781 0.458866382373845 0.8277807391613361 0.45842217484008524 0.8308901918976546 0.45842217484008524 0.833777540867093 0.45842217484008524 0.8364427860696517 0.45864427860696516 0.8388859275053304 0.4595326936744847 0.8411069651741293 0.4606432125088841 0.8424395877754086 0.4621979388770433 0.8437722103766879 0.4648631840796019 0.8453269367448472 0.4673063255152807 0.8466595593461264 0.4701936744847192 0.8477700781805259 0.472636815920398 0.8491027007818052 0.47552416488983645 0.8504353233830845 0.4788557213930348 0.851323738450604 0.482409381663113 0.8519900497512437 0.4855188343994314 0.8526563610518834 0.4895167022032693 0.8528784648187633 0.49373667377398717 0.853322672352523 0.49751243781094523 0.853322672352523 0.5012882018479032 0.853322672352523 0.5032871357498222 0.8535447761194029 0.5059523809523809 0.8524342572850034 0.5092839374555792 0.851323738450604 0.5132818052594171 0.8502132196162047 0.5172796730632551 0.8488805970149254 0.5212775408670931 0.8471037668798862 0.525275408670931 0.8451048329779672 0.5286069651741293 0.8426616915422884 0.5303837953091685 0.8402185501066097 0.5303837953091685 0.8364427860696517 0.529051172707889 0.8322228144989339 0.5263859275053304 0.8288912579957355 0.5246090973702914 0.8251154939587775 0.5221659559346127 0.822006041222459 0.519500710732054
1 0.6831911869225301 0.4493159203980099 0.6800817341862118 0.4466506751954513 0.6785270078180525 0.44442963752665243 0.6771943852167731 0.44243070362473347 0.6758617626154939 0.4397654584221748 0.6747512437810944 0.4366560056858564 0.6734186211798151 0.43310234541577824 0.6725302061122956 0.4293265813788202 0.6720859985785359 0.42510660980810233 0.671863894811656 0.42155294953802414 0.6720859985785359 0.4184434968017057 0.6727523098791756 0.4153340440653873 0.6729744136460554 0.41289090262970857 0.6734186211798151 0.41000355366027 0.673862828713575 0.4073383084577114 0.6743070362473347 0.4046730632551528 0.6754175550817342 0.40134150675195446 0.6760838663823738 0.3991204690831556 0.6771943852167731 0.39734363894811653 0.6785270078180525 0.3962331201137171 0.679637526652452 0.39556680881307743 0.6816364605543709 0.3953447050461975 0.68341329068941 0.3953447050461975 0.6858564321250887 0.3946783937455579 0.6869669509594882 0.39334577114427854 0.6887437810945273 0.39290156361051876 0.691186922530206 0.39290156361051876 0.6938521677327647 0.39290156361051876 0.6962953091684434 0.3931236673773987 0.6982942430703625 0.39356787491115847 0.6994047619047618 0.3946783937455579 0.7005152807391613 0.3957889125799573 0.7014036958066808 0.3977878464818763 0.7027363184079601 0.40023098791755507 0.7038468372423595 0.4026741293532338 0.7047352523098791 0.40489516702203265 0.7051794598436388 0.40756041222459133 0.7058457711442786 0.4113361762615494 0.7062899786780383 0.4153340440653873 0.7062899786780383 0.41888770433546546 0.7062899786780383 0.4231076759061833 0.7062899786780383 0.4271055437100213 0.7058457711442786 0.4317697228144989 0.704957356076759 0.4362117981520966 0.7038468372423595 0.4397654584221748 0.7025142146410803 0.443319118692253 0.7009594882729211 0.44576226012793174 0.6994047619047618 0.4482054015636105 0.6976279317697228 0.4493159203980099 0.6958511016346837 0.4499822316986496 0.6942963752665245 0.4499822316986496 0.6925195451314854 0.45020433546552946 0.6905206112295663 0.45020433546552946 0.6887437810945273 0.45020433546552946 0.6851901208244492 0.4504264392324094
1 0.49884506041222454 0.41666666666666663 0.4990671641791044 0.4155561478322672 0.4997334754797441 0.414001421464108 0.5001776830135038 0.41266879886282865 0.5008439943141435 0.4108919687277896 0.5015103056147832 0.4091151385927505 0.5017324093816631 0.40667199715707175 0.5015103056147832 0.404228855721393 0.501954513148543 0.4015636105188343 0.5032871357498222 0.3997867803837953 0.5055081734186211 0.39845415778251597 0.5086176261549396 0.3971215351812366 0.513726012793177 0.39512260127931764 0.5210554371002132 0.39267945984363894 0.5250533049040511 0.3915689410092395 0.529051172707889 0.3906805259417199 0.5314943141435678 0.3902363184079602 0.5346037668798862 0.38957000710732054 0.5379353233830846 0.38912579957356075 0.540822672352523 0.38912579957356075 0.5425995024875622 0.38912579957356075 0.5450426439232409 0.3893479033404406 0.5474857853589196 0.3897921108742004 0.5494847192608386 0.39001421464108027 0.552594171997157 0.3902363184079602 0.5557036247334755 0.3909026297085998 0.5594793887704336 0.3915689410092395 0.5643656716417911 0.39290156361051876 0.5672530206112295 0.39334577114427854 0.5696961620469082 0.39356787491115847 0.572139303482587 0.3942341862117981 0.5734719260838663 0.3949004975124378 0.5739161336176261 0.396455223880597 0.5734719260838663 0.3977878464818763 0.5730277185501066 0.40045309168443494 0.5730277185501066 0.4026741293532338 0.5728056147832267 0.4046730632551528 0.5723614072494669 0.40644989339019183 0.5725835110163469 0.40822672352523093 0.5732498223169865 0.4113361762615494 0.5725835110163469 0.4151119402985074 0.5710287846481876 0.4171108742004264 0.5654761904761904 0.4206645344705046 0.5588130774697938 0.42377398720682297 0.5481520966595592 0.42688343994314143 0.5448205401563609 0.42754975124378103 0.5421552949538024 0.42821606254442074 0.5399342572850034 0.42866027007818047 0.5372690120824449 0.42866027007818047 0.5348258706467661 0.42910447761194026 0.5323827292110874 0.42910447761194026 0.5299395877754086 0.4293265813788202 0.5274964463397299 0.4293265813788202 0.525275408670931 0.4295486851457 0.5223880597014925 0.4295486851457 0.5192786069651741 0.4293265813788202 0.5170575692963753 0.42910447761194026 0.5148365316275764 0.4288823738450604 0.5123933901918976 0.4284381663113006 0.5099502487562189 0.42821606254442074 0.5061744847192607 0.42643923240938164 0.5041755508173418 0.4253287135749822 0.501954513148543 0.4233297796730632 0.4997334754797441 0.42110874200426435
1 0.7964641080312721 0.40644989339019183 0.7951314854299928 0.4028962331201137 0.7946872778962331 0.39734363894811653 0.7946872778962331 0.39512260127931764 0.7946872778962331 0.3924573560767591 0.7951314854299928 0.3902363184079602 0.7955756929637526 0.38779317697228144 0.7964641080312721 0.3853500355366027 0.7973525230987917 0.3831289978678038 0.7980188343994314 0.38090796019900497 0.7984630419331911 0.37890902629708595 0.7995735607675906 0.3773542999289268 0.8004619758351101 0.3753553660270078 0.8015724946695095 0.3733564321250888 0.8029051172707888 0.3709132906894101 0.8040156361051882 0.36935856432125086 0.8055703624733475 0.36758173418621176 0.8073471926083865 0.3653606965174129 0.8093461265103056 0.3629175550817341 0.8162313432835819 0.3562544420753376 0.8206734186211797 0.3524786780383795 0.8222281449893389 0.35136815920398007 0.8237828713574982 0.3502576403695806 0.8260039090262971 0.3489250177683013 0.8284470504619759 0.34781449893390187 0.8313343994314143 0.34692608386638235 0.8344438521677326 0.3460376687988628 0.8368869936034115 0.3453713574982231 0.8388859275053304 0.3453713574982231 0.8424395877754086 0.3453713574982231 0.8451048329779672 0.3458155650319829 0.8475479744136459 0.3471481876332623 0.8491027007818052 0.34914712153518124 0.8508795309168442 0.35136815920398007 0.8524342572850034 0.35314498933901917 0.8542110874200426 0.35536602700781805 0.8550995024875621 0.3571428571428571 0.8555437100213219 0.359363894811656 0.8562100213219616 0.36202914001421466 0.8564321250888415 0.3644722814498934 0.8562100213219616 0.3669154228855721 0.8555437100213219 0.36980277185501065 0.8546552949538023 0.3733564321250888 0.853322672352523 0.3760216773276474 0.8519900497512437 0.37935323383084574 0.8504353233830845 0.38201847903340436 0.8486584932480454 0.3849058280028429 0.8466595593461264 0.3875710732054015 0.8444385216773276 0.39001421464108027 0.8419953802416488 0.39267945984363894 0.8395522388059701 0.3957889125799573 0.8373312011371712 0.39845415778251597 0.8353322672352522 0.4011194029850746 0.8333333333333333 0.4033404406538735 0.8313343994314143 0.4051172707889126 0.8288912579957355 0.40711620469083154 0.8266702203269367 0.40822672352523093 0.8244491826581377 0.40933724235963037 0.8217839374555792 0.4106698649609097 0.82000710732054 0.41155828002842926 0.8173418621179814 0.41289090262970857 0.8146766169154228 0.41377931769722814 0.812233475479744 0.41422352523098793 0.8089019189765457 0.414001421464108 0.8060145700071073 0.41289090262970857 0.8037935323383084 0.41155828002842926 0.8011282871357498 0.41000355366027 0.7982409381663113 0.40800461975835106
1 0.5559257285003554 0.28518123667377393 0.5501510305614783 0.2829601990049751 0.5485963041933191 0.2818496801705757 0.5465973702914001 0.28051705756929635 0.5448205401563609 0.27918443496801704 0.5434879175550816 0.2778518123667377 0.5421552949538024 0.2758528784648187 0.540822672352523 0.27385394456289974 0.5397121535181236 0.2718550106609808 0.538823738450604 0.269411869225302 0.5381574271499645 0.26696872778962333 0.5381574271499645 0.2645255863539445 0.5379353233830846 0.26252665245202556 0.5381574271499645 0.25963930348258707 0.5386016346837242 0.25786247334754797 0.5390458422174839 0.2554193319118692 0.5392679459843638 0.25342039800995025 0.5397121535181236 0.25119936034115137 0.5401563610518834 0.24942253020611227 0.5401563610518834 0.2489783226723525 0.5406005685856432 0.24786780383795307 0.5410447761194029 0.24675728500355365 0.5421552949538024 0.2458688699360341 0.5441542288557213 0.2443141435678749 0.5465973702914001 0.24320362473347545 0.5499289267945984 0.2425373134328358 0.5539267945984363 0.2423152096659559 0.5592572850035537 0.2427594171997157 0.5621446339729921 0.24320362473347545 0.5659203980099502 0.244092039800995 0.5699182658137881 0.24520255863539442 0.5736940298507461 0.246090973702914 0.5781361051883439 0.2472014925373134 0.5816897654584222 0.24853411513859272 0.5856876332622601 0.2509772565742715 0.5879086709310589 0.25319829424307033 0.5894633972992182 0.2554193319118692 0.5910181236673773 0.25764036958066805 0.5919065387348968 0.25986140724946694 0.5930170575692963 0.26252665245202556 0.593683368869936 0.2645255863539445 0.5939054726368159 0.26741293532338306 0.5941275764036958 0.2698560767590618 0.5939054726368159 0.27207711442786064 0.5934612651030561 0.2745202558635394 0.5927949538024164 0.27651918976545836 0.5916844349680169 0.2785181236673774 0.5907960199004975 0.2798507462686567 0.5896855010660981 0.2816275764036958 0.5881307746979388 0.2834044065387349 0.5863539445628997 0.28495913290689406 0.5841329068941009 0.2860696517412935 0.5816897654584222 0.28718017057569295 0.5794687277896232 0.2882906894100924 0.5770255863539445 0.288957000710732 0.5734719260838663 0.288957000710732 0.5696961620469082 0.2887348969438522 0.5656982942430703 0.28806858564321247 0.5617004264392323 0.2874022743425728 0.5581467661691542 0.28629175550817343
1 0.5414889836531628 0.22921108742004262 0.5425995024875622 0.224546908315565 0.5434879175550816 0.22210376687988628 0.5443763326226012 0.22032693674484716 0.5448205401563609 0.2185501066098081 0.5463752665245203 0.21610696517412933 0.5472636815920399 0.21410803127221037 0.5481520966595592 0.21210909737029138 0.5490405117270788 0.2103322672352523 0.5503731343283582 0.20877754086709308 0.5521499644633973 0.20722281449893387 0.5539267945984363 0.2056680881307747 0.5565920398009949 0.20411336176261546 0.558590973702914 0.20322494669509591 0.5605899076048328 0.2021144278606965 0.5628109452736318 0.20100390902629706 0.5652540867093105 0.19989339019189764 0.5676972281449894 0.1985607675906183 0.5699182658137881 0.19722814498933902 0.5719171997157072 0.19633972992181947 0.574138237384506 0.19500710732054014 0.5768034825870647 0.19434079601990048 0.580135039090263 0.19367448471926083 0.5843550106609807 0.19345238095238093 0.5881307746979388 0.19345238095238093 0.5912402274342572 0.1941186922530206 0.5945717839374556 0.1956734186211798 0.5970149253731343 0.19700604122245913 0.5987917555081734 0.1987828713574982 0.6003464818763325 0.20122601279317695 0.601457000710732 0.2034470504619758 0.6021233120113717 0.2056680881307747 0.6027896233120114 0.20811122956645345 0.6030117270788913 0.21099857853589196 0.6027896233120114 0.21366382373845058 0.6025675195451314 0.21655117270788912 0.6016791044776119 0.21921641791044774 0.6005685856432125 0.22210376687988628 0.5992359630419332 0.2249911158493248 0.5979033404406539 0.22699004975124376 0.595682302771855 0.23009950248756217 0.5930170575692963 0.23343105899076047 0.5907960199004975 0.23520788912579957 0.5887970859985785 0.23698471926083864 0.5856876332622601 0.23853944562899784 0.5830223880597014 0.23987206823027715 0.5803571428571428 0.24031627576403694 0.5776918976545841 0.2407604832977967 0.5748045486851456 0.2409825870646766 0.5694740582800283 0.2409825870646766 0.5674751243781094 0.2407604832977967 0.5634772565742715 0.24009417199715705 0.5601457000710732 0.2394278606965174 0.5550373134328358 0.23876154939587774 0.550595238095238 0.23809523809523808 0.5479299928926794 0.2376510305614783 0.5452647476901208 0.23742892679459843 0.5432658137882017 0.23654051172707885 0.5417110874200426 0.23520788912579957 0.540822672352523 0.23187633262260127
1 0.8024609097370291 0.25297619047619047 0.7957977967306324 0.25319829424307033 0.7926883439943141 0.2520877754086709 0.7889125799573561 0.2509772565742715 0.7871357498223169 0.24986673773987206 0.7846926083866382 0.24786780383795307 0.7818052594171996 0.24498045486851455 0.7798063255152807 0.24187100213219612 0.7782515991471215 0.23609630419331912 0.7775852878464817 0.23076581378820185 0.7773631840796019 0.2249911158493248 0.7773631840796019 0.21921641791044774 0.7778073916133617 0.21366382373845058 0.7780294953802416 0.20811122956645345 0.7789179104477612 0.20278073916133618 0.7798063255152807 0.19789445628997865 0.7809168443496801 0.19300817341862117 0.7826936744847192 0.18856609808102345 0.7849147121535182 0.18456823027718547 0.7875799573560767 0.18145877754086706 0.7909115138592749 0.1794598436389481 0.7957977967306324 0.17834932480454865 0.80068407960199 0.17746090973702913 0.8049040511727078 0.17746090973702913 0.8077914001421463 0.17790511727078892 0.8111229566453447 0.179681947405828 0.8135660980810234 0.18145877754086706 0.8155650319829424 0.1843461265103056 0.8173418621179814 0.18812189054726366 0.8191186922530206 0.19256396588486138 0.8204513148542998 0.19656183368869934 0.8213397299218194 0.2005597014925373 0.8217839374555792 0.20411336176261546 0.8217839374555792 0.20744491826581377 0.822006041222459 0.2103322672352523 0.822006041222459 0.21388592750533048 0.822006041222459 0.2185501066098081 0.8217839374555792 0.2218816631130064 0.8213397299218194 0.2249911158493248 0.8208955223880596 0.22810056858564318 0.82022921108742 0.23165422885572137 0.8195628997867803 0.23431947405828 0.8191186922530206 0.23654051172707885 0.818230277185501 0.23853944562899784 0.8171197583511015 0.24142679459843638 0.8155650319829424 0.24498045486851455 0.8140103056147832 0.24786780383795307 0.812233475479744 0.24942253020611227 0.8106787491115849 0.2505330490405117 0.8082356076759061 0.2514214641080313 0.8049040511727078 0.25275408670931054
1 0.6936237854141709 0.24802005871701557 0.6882932950090536 0.25046320015269424 0.6865164648740145 0.25046320015269424 0.6847396347389754 0.25046320015269424 0.6829628046039363 0.2495747850851748 0.6802975594013777 0.24802005871701557 0.6776323141988191 0.24557691728133677 0.6747449652293805 0.24313377584565807 0.6729681350943415 0.24046853064309948 0.6707470974255425 0.23691487037302122 0.6685260597567437 0.23336121010294306 0.665860814554185 0.22803071969782576 0.6640839844191461 0.22425495566086778 0.6625292580509867 0.22047919162390972 0.6614187392165873 0.21670342758695163 0.6605303241490679 0.2122613522493539 0.660308220382188 0.2075971731448763 0.6609745316828276 0.20470982417543776 0.662085050517227 0.20248878650663896 0.6627513618178666 0.20004564507096012 0.6636397768853862 0.19715829610152164 0.6649723994866655 0.19404884336520328 0.665860814554185 0.19138359816264455 0.6671934371554644 0.18894045672696586 0.6687481635236237 0.18760783412568657 0.6714134087261823 0.18605310775752731 0.6736344463949812 0.18516469269000776 0.6760775878306599 0.18427627762248824 0.6787428330332185 0.18405417385560835 0.6814080782357771 0.18383207008872846 0.6840733234383357 0.18427627762248824 0.6869606724077743 0.18538679645688766 0.6898480213772128 0.1864973152912871 0.6931795778804111 0.18782993789256647 0.6960669268498496 0.1893846642607256 0.699398483353048 0.19116149439576474 0.7016195210218468 0.19249411699704402 0.7022858323224864 0.19471515466584288 0.7022858323224864 0.19738039986840153 0.7018416247887267 0.20137826767223949 0.7018416247887267 0.20515403170919752 0.7018416247887267 0.20915189951303548 0.7022858323224864 0.21181714471559418 0.7025079360893663 0.21448238991815277 0.7029521436231261 0.2173697388875913 0.703174247390006 0.21959077655639012 0.7033963511568859 0.22225602175894885 0.7033963511568859 0.22514337072838733 0.703174247390006 0.22758651216406597 0.7029521436231261 0.22914123853222523 0.7027300398562463 0.23114017243414425 0.7020637285556065 0.2351380402379822 0.7011753134880869 0.2391359080418201 0.7002868984205673 0.2418011532443787 0.6989542758192882 0.24402219091317762 0.6973995494511289 0.24579902104821666
1 0.6540955934612651 0.11993603411513858 0.6554282160625444 0.11682658137882017 0.6554282160625444 0.11504975124378108 0.655872423596304 0.11260660980810235 0.6567608386638236 0.11060767590618337 0.6578713574982231 0.10883084577114427 0.6596481876332623 0.10749822316986495 0.6612029140014214 0.10683191186922529 0.6623134328358209 0.10616560056858564 0.6625355366027007 0.10416666666666666 0.6643123667377397 0.10216773276474768 0.6660891968727789 0.10016879886282871 0.6683102345415778 0.09928038379530915 0.6714196872778962 0.09861407249466951 0.675639658848614 0.09794776119402984 0.6791933191186922 0.09750355366027007 0.6831911869225301 0.09728144989339019 0.687411158493248 0.09839196872778962 0.691186922530206 0.09928038379530915 0.6936300639658849 0.10016879886282871 0.7009594882729211 0.10394456289978678 0.7034026297085998 0.10483297796730631 0.7065120824449183 0.10594349680170574 0.7091773276474769 0.10749822316986495 0.7120646766169153 0.10949715707178394 0.714729921819474 0.11194029850746268 0.7169509594882728 0.11504975124378108 0.7180614783226723 0.1181592039800995 0.718727789623312 0.1212686567164179 0.7189498933901919 0.12437810945273631 0.718727789623312 0.12793176972281448 0.7178393745557924 0.1310412224591329 0.7167288557213929 0.13326226012793177 0.7153962331201137 0.13548329779673063 0.7142857142857142 0.13792643923240935 0.7125088841506751 0.1403695806680881 0.7107320540156361 0.14192430703624734 0.7085110163468371 0.1441453447050462 0.7058457711442786 0.14570007107320537 0.7029584221748401 0.14636638237384506 0.6996268656716417 0.1472547974413646 0.693407960199005 0.1472547974413646 0.687411158493248 0.14658848614072492 0.6843017057569296 0.14592217484008527 0.6803038379530917 0.14458955223880596 0.6765280739161336 0.14325692963752665 0.673862828713575 0.14214641080312723 0.6705312722103767 0.1410358919687278 0.6669776119402985 0.13948116560056859 0.6643123667377397 0.1377043354655295 0.661869225302061 0.13570540156361052 0.6589818763326226 0.13348436389481166 0.6565387348969438 0.13126332622601278 0.6549840085287847 0.1292643923240938 0.6534292821606253 0.12637704335465527 0.6527629708599857 0.12326759061833688
1 0.9110696517412934 0.15591684434968017 0.9135127931769722 0.16257995735607675 0.9141791044776119 0.16413468372423595 0.9146233120113717 0.16591151385927505 0.9150675195451314 0.16768834399431412 0.915733830845771 0.169909381663113 0.91773276474769 0.1761282871357498 0.9195095948827291 0.18367981520966595 0.9206201137171285 0.18545664534470505 0.9215085287846481 0.1876776830135039 0.9223969438521676 0.18945451314854297 0.9232853589196872 0.19145344705046197 0.9241737739872067 0.19367448471926083 0.9246179815209665 0.1954513148542999 0.9248400852878463 0.19700604122245913 0.9248400852878463 0.1987828713574982 0.9248400852878463 0.20100390902629706 0.9248400852878463 0.2038912579957356 0.9243958777540866 0.2058901918976546 0.9241737739872067 0.20744491826581377 0.9252842928216062 0.20966595593461262 0.9252842928216062 0.21299751243781093 0.9255063965884861 0.21655117270788912 0.9237295664534471 0.2185501066098081 0.9208422174840084 0.2198827292110874 0.9172885572139303 0.22099324804548684 0.9141791044776119 0.22121535181236673 0.9115138592750532 0.22121535181236673 0.9088486140724946 0.22121535181236673 0.906183368869936 0.22077114427860695 0.9039623312011371 0.22032693674484716 0.9008528784648188 0.21921641791044774 0.8959665955934611 0.21743958777540864 0.8939676616915422 0.21521855010660979 0.8908582089552238 0.2103322672352523 0.8895255863539444 0.20766702203269366 0.8881929637526652 0.205001776830135 0.8870824449182657 0.2021144278606965 0.8857498223169864 0.1985607675906183 0.8841950959488273 0.19589552238805968 0.8828624733475479 0.1941186922530206 0.8819740582800283 0.1921197583511016 0.8813077469793886 0.18989872068230274 0.880641435678749 0.1876776830135039 0.8804193319118692 0.1856787491115849 0.8799751243781094 0.1832356076759062 0.8797530206112295 0.18057036247334754 0.8793088130774698 0.17834932480454865 0.8788646055437099 0.17546197583511017 0.8786425017768301 0.1730188343994314 0.8786425017768301 0.17013148542999287 0.8786425017768301 0.16746624022743423 0.8788646055437099 0.16502309879175547 0.8790867093105899 0.16235785358919685 0.8795309168443496 0.16080312722103765 0.8801972281449894 0.15880419331911869 0.8808635394456289 0.1570273631840796 0.8817519545131485 0.15480632551528073 0.8833066808813077 0.15280739161336176 0.8853056147832266 0.1505863539445629 0.8873045486851456 0.1472547974413646 0.8886371712864249 0.1443674484719261 0.890414001421464 0.1437011371712864 0.892635039090263 0.14347903340440651 0.8948560767590618 0.14347903340440651 0.8975213219616205 0.1443674484719261 0.9010749822316986 0.14636638237384506 0.9039623312011371 0.14880952380952378 0.9059612651030561 0.1505863539445629 0.907960199004975 0.15236318407960198
1 0.8339996446339729 0.07818052594171995 0.8293354655294952 0.07151741293532338 0.8251154939587775 0.06485429992892679 0.8244491826581377 0.06329957356076758 0.8235607675906184 0.061744847192608386 0.8228944562899786 0.05996801705756929 0.822006041222459 0.05796908315565032 0.8213397299218194 0.056192253020611226 0.8204513148542998 0.05463752665245202 0.8195628997867803 0.05286069651741294 0.8186744847192607 0.05019545131485429 0.8177860696517413 0.04797441364605544 0.8171197583511015 0.04575337597725657 0.8166755508173418 0.04308813077469794 0.8166755508173418 0.04131130063965884 0.8160092395167021 0.039090262970859976 0.8155650319829424 0.03664712153518123 0.8151208244491827 0.03375977256574271 0.8146766169154228 0.03198294243070362 0.8146766169154228 0.02976190476190476 0.814454513148543 0.027762970859985785 0.814454513148543 0.025986140724946694 0.8151208244491827 0.02398720682302772 0.8162313432835819 0.022432480454868512 0.8177860696517413 0.020433546552949537 0.82000710732054 0.018656716417910446 0.8222281449893389 0.01732409381663113 0.8246712864250176 0.016435678749111584 0.8273365316275764 0.015103056147832267 0.830001776830135 0.013770433546552947 0.8317786069651741 0.012882018479033402 0.8348880597014925 0.01243781094527363 0.8377754086709309 0.01243781094527363 0.8408848614072494 0.01243781094527363 0.8431058990760483 0.012659914712153518 0.8448827292110874 0.013326226012793176 0.8464374555792465 0.013992537313432835 0.8482142857142857 0.01488095238095238 0.8497690120824449 0.016213574982231697 0.851323738450604 0.01821250888415067 0.853322672352523 0.020433546552949537 0.855321606254442 0.02309879175550817 0.8566542288557213 0.025319829424307036 0.8577647476901208 0.027096659559346127 0.8593194740582799 0.029539800995024876 0.8608742004264391 0.03153873489694385 0.8626510305614783 0.03375977256574271 0.8644278606965173 0.03642501776830134 0.8657604832977966 0.038868159203980096 0.8673152096659559 0.04175550817341862 0.8722014925373133 0.052416488983653156 0.8733120113717128 0.05508173418621179 0.8742004264392323 0.058413290689410084 0.874866737739872 0.061300639658848605 0.8755330490405117 0.06418798862828713 0.8759772565742715 0.06640902629708599 0.8761993603411514 0.06863006396588485 0.8761993603411514 0.06996268656716417 0.8757551528073916 0.07218372423596305 0.8750888415067519 0.07484896943852168 0.8746446339729921 0.07684790334044064 0.8737562189054725 0.07906894100923952 0.872867803837953 0.08128997867803837 0.8717572850035537 0.08351101634683725 0.8704246624022743 0.08573205401563609 0.8690920398009949 0.08728678038379531 0.8668710021321961 0.08928571428571427 0.8648720682302771 0.09061833688699358 0.8633173418621178 0.09128464818763325 0.861318407960199 0.09128464818763325 0.8584310589907604 0.09106254442075337 0.8550995024875621 0.09106254442075337 0.8519900497512437 0.09106254442075337 0.8504353233830845 0.09084044065387348 0.8473258706467661 0.08950781805259417 0.8437722103766879 0.08839729921819474 0.8419953802416488 0.08750888415067519 0.8393301350390902 0.08528784648187632 0.8364427860696517 0.08262260127931768
1 0.6980721393034826 0.055303837953091683 0.6958511016346837 0.054193319118692254 0.695184790334044 0.05308280028429282 0.6945184790334042 0.05130597014925373 0.6940742714996446 0.049307036247334755 0.6940742714996446 0.04753020611229566 0.6940742714996446 0.044864960909737024 0.6940742714996446 0.04219971570717839 0.6945184790334042 0.039978678038379525 0.6956289978678037 0.03753553660270078 0.696961620469083 0.03464818763326226 0.6985163468372424 0.03176083866382374 0.7002931769722813 0.02887348969438521 0.7018479033404407 0.026652452025586353 0.7038468372423595 0.02398720682302772 0.7058457711442786 0.021766169154228854 0.7080668088130774 0.019989339019189763 0.7102878464818763 0.017768301350390904 0.7131751954513148 0.015325159914712151 0.7158404406538735 0.013770433546552947 0.718727789623312 0.012215707178393743 0.7211709310589907 0.011549395877754085 0.724724591329069 0.011327292110874198 0.7289445628997868 0.011105188343994314 0.7322761194029851 0.010883084577114427 0.7349413646055436 0.010883084577114427 0.738050817341862 0.010883084577114427 0.7409381663113006 0.011549395877754085 0.743825515280739 0.01243781094527363 0.746268656716418 0.013104122245913289 0.7487117981520967 0.013992537313432835 0.7520433546552948 0.015103056147832267 0.753820184790334 0.016213574982231697 0.7560412224591329 0.018434612651030562 0.7569296375266524 0.02087775408670931 0.7562633262260127 0.023542999289267945 0.7544864960909737 0.02643034825870647 0.7524875621890547 0.028651385927505327 0.7507107320540156 0.03042821606254442 0.7489339019189765 0.032205046197583506 0.7476012793176972 0.0339818763326226 0.746046552949538 0.03620291400142146 0.7444918265813788 0.037979744136460554 0.7422707889125798 0.04020078180525941 0.740049751243781 0.04219971570717839 0.7373845060412224 0.04464285714285714 0.7351634683724235 0.04641968727789623 0.7331645344705046 0.04819651741293532 0.7304992892679459 0.04997334754797441 0.7280561478322672 0.0517501776830135 0.724724591329069 0.053304904051172705 0.7211709310589907 0.05485963041933191 0.7180614783226723 0.05597014925373134 0.714952025586354 0.057302771855010655 0.7125088841506751 0.05796908315565032 0.7096215351812366 0.05796908315565032 0.7071783937455579 0.05796908315565032 0.7045131485429992 0.05752487562189054 0.7018479033404407 0.05685856432125089
1 0.9748134328358209 0.19367448471926083 0.9723702914001421 0.1892324093816631 0.9717039800995023 0.1876776830135039 0.9710376687988628 0.1856787491115849 0.9703713574982231 0.1841240227434257 0.9692608386638236 0.18212508884150674 0.9681503198294242 0.18012615493958775 0.9672619047619047 0.17790511727078892 0.9663734896943852 0.17523987206823027 0.9657071783937455 0.1727967306325515 0.964596659559346 0.169909381663113 0.9634861407249465 0.1670220326936745 0.9625977256574271 0.1648009950248756 0.9617093105899076 0.16280206112295664 0.9610429992892678 0.1603589196872779 0.9610429992892678 0.1570273631840796 0.9612651030561478 0.15458422174840084 0.9619314143567874 0.15236318407960198 0.9625977256574271 0.14969793887704336 0.9637082444918265 0.14681058990760482 0.964596659559346 0.1443674484719261 0.9661513859275053 0.14192430703624734 0.9672619047619047 0.1401474769012082 0.968594527363184 0.13792643923240935 0.9701492537313432 0.13570540156361052 0.9717039800995023 0.1341506751954513 0.9734808102345415 0.13348436389481166 0.9759239516702202 0.13326226012793177 0.9792555081734186 0.13348436389481166 0.9825870646766168 0.13437277896233119 0.9845859985785358 0.1359275053304904 0.986140724946695 0.1372601279317697 0.988139658848614 0.13948116560056859 0.990138592750533 0.14148009950248755 0.9919154228855721 0.1437011371712864 0.9932480454868513 0.14658848614072492 0.9941364605543709 0.14858742004264391 0.9952469793887704 0.15103056147832264 0.9963574982231698 0.1534737029140014 0.9976901208244491 0.15569474058280028 0.9989583333333333 0.15801979684908807 0.9989583333333333 0.160136815920398 0.9989583333333333 0.1956734186211798 0.9988006396588485 0.19633972992181947 0.9968017057569296 0.19922707889125799 0.9930259417199715 0.20167022032693674 0.992137526652452 0.2018923240938166 0.989916488983653 0.20300284292821605 0.9879175550817342 0.20322494669509591 0.986140724946695 0.20322494669509591 0.9841417910447761 0.20322494669509591 0.9821428571428571 0.2021144278606965 0.9803660270078179 0.20122601279317695 0.9785891968727789 0.19989339019189764 0.9770344705046197 0.19767235252309875
1 0.5796908315565031 0.028429282160625444 0.5743603411513859 0.030206112295664535 0.5714729921819474 0.030872423596304193 0.5674751243781094 0.03176083866382374 0.5652540867093105 0.03242714996446339 0.5628109452736318 0.03287135749822317 0.560367803837953 0.03331556503198294 0.5565920398009949 0.03331556503198294 0.5523720682302771 0.03331556503198294 0.5490405117270788 0.03264925373134328 0.5454868514570007 0.03042821606254442 0.5425995024875622 0.02731876332622601 0.5399342572850034 0.022654584221748396 0.5374911158493247 0.01887882018479033 0.5354921819474058 0.014214641080312722 0.5348258706467661 0.008439943141435678 0.5354921819474058 0.005108386638237384 0.537046908315565 0.002665245202558635 0.5386016346837242 0.0006663113006396587 0.538823738450604 0.00022210376687988628 0.603455934612651 0.0 0.6025675195451314 0.003775764036958067 0.6019012082444918 0.005552594171997157 0.6007906894100923 0.0073294243070362464 0.5996801705756929 0.008884150675195452 0.5985696517412935 0.010883084577114427 0.5970149253731343 0.013326226012793176 0.5950159914712152 0.015769367448471926 0.5932391613361763 0.017768301350390904 0.5914623312011371 0.01976723525230988 0.5894633972992182 0.02154406538734897 0.5874644633972992 0.02309879175550817 0.5850213219616205 0.025097725657427145 0.5823560767590618 0.027096659559346127
1 0.9978197674418605 0.038113695090439305 0.9881298449612405 0.04295865633074939 0.984092377260982 0.046188630490956104 0.9776324289405683 0.05103359173126619 0.9735949612403102 0.05587855297157626 0.9711724806201549 0.05910852713178298 0.9663275193798451 0.0663759689922481 0.9614825581395349 0.07606589147286824 0.9598675710594314 0.08091085271317834 0.9598675710594314 0.08575581395348841 0.9630975452196383 0.09060077519379849 0.9695574935400517 0.0970607235142119 0.9768249354005168 0.10029069767441863 0.9857073643410852 0.10190568475452201 0.9913598191214471 0.1010981912144703 0.9989583333333333 0.09764432111815832 0.9989583333333333 0.09463824289405688 0.9989583333333333 0.09463824289405688
0 0.5316189827429609 0.55858310626703 0.5358764759309718 0.5520549500454133 0.5372956403269755 0.5512034514078111 0.5389986376021799 0.5503519527702089 0.540985467756585 0.549216621253406 0.5435399636693915 0.5480812897366031 0.546094459582198 0.5472297910990009 0.5483651226158038 0.546094459582198 0.5497842870118075 0.5452429609445958 0.5520549500454133 0.5446752951861943 0.5517711171662126 0.5475136239782016 0.5500681198910082 0.5495004541326067 0.5475136239782016 0.5517711171662126 0.5458106267029973 0.5531902815622162 0.5443914623069936 0.5548932788374206 0.5424046321525886 0.5580154405086285 0.5407016348773842 0.5605699364214352 0.5387148047229791 0.5625567665758402 0.536727974568574 0.5642597638510445 0.5341734786557676 0.5662465940054495 0.5319028156221617 0.5682334241598547 0.5299159854677566 0.5696525885558583 0.528496821071753 0.5705040871934606 0.5282129881925522 0.5705040871934606 0.52736148955495 0.5673819255222524 0.5279291553133515 0.5642597638510445 0.5293483197093551 0.5614214350590372
0 0.683185740236149 0.5449591280653951 0.6780767484105359 0.5526226158038147 0.6766575840145322 0.5551771117166212 0.674954586739328 0.5580154405086285 0.6732515894641236 0.5614214350590372 0.6718324250681199 0.564827429609446 0.6704132606721163 0.5676657584014533 0.6689940962761126 0.5705040871934606 0.6678587647593097 0.5724909173478656 0.6667234332425068 0.5741939146230699 0.6647366030881018 0.575045413260672 0.6641689373297003 0.573058583106267 0.6653042688465032 0.5693687556766576 0.6667234332425068 0.5656789282470481 0.668710263396912 0.561705267938238 0.670697093551317 0.5597184377838329 0.6726839237057222 0.5571639418710264 0.6746707538601272 0.5534741144414169 0.6760899182561307 0.5497842870118075 0.6772252497729336 0.5469459582198002 0.6780767484105359 0.5435399636693915 0.6786444141689374 0.5412693006357857 0.6797797456857403 0.5378633060853769 0.6811989100817438 0.5358764759309718 0.685172570390554 0.5355926430517711 0.6854564032697549 0.5389986376021799
0 0.7461966394187102 0.6108083560399638 0.744493642143506 0.6014418710263397 0.7442098092643051 0.5988873751135332 0.744493642143506 0.5960490463215259 0.7453451407811081 0.5937783832879201 0.746480472297911 0.5909400544959128 0.7481834695731153 0.588669391462307 0.7504541326067212 0.585547229791099 0.7524409627611263 0.5832765667574933 0.7552792915531336 0.582425068119891 0.7569822888283378 0.5841280653950954 0.7569822888283378 0.5863987284287012 0.7569822888283378 0.5892370572207085 0.7569822888283378 0.5923592188919165 0.7566984559491371 0.5951975476839237 0.7552792915531336 0.5983197093551317 0.754711625794732 0.6005903723887375 0.7544277929155314 0.6031448683015441 0.7538601271571299 0.6059831970935513 0.7532924613987285 0.6082538601271571 0.752724795640327 0.6105245231607629 0.7507379654859219 0.6139305177111717 0.7478996366939146 0.6139305177111717
0 0.3357742960944596 0.6471389645776567 0.3306653042688465 0.6451521344232517 0.3286784741144414 0.6437329700272479 0.32669164396003636 0.6423138056312444 0.324988646684832 0.6408946412352406 0.32300181653042687 0.6386239782016349 0.3221503178928247 0.6366371480472298 0.3221503178928247 0.6349341507720254 0.3241371480472298 0.6349341507720254 0.3261239782016349 0.6349341507720254 0.32811080835603995 0.6355018165304269 0.3303814713896458 0.6363533151680291 0.3318006357856494 0.6366371480472298 0.33407129881925524 0.637488646684832 0.3363419618528611 0.6380563124432334 0.34003178928247046 0.6400431425976385 0.3414509536784741 0.6411784741144415 0.342586285195277 0.6431653042688465 0.34400544959128065 0.645719800181653 0.34485694822888285 0.6474227974568574 0.34173478655767486 0.6485581289736603
0 0.6982288828337875 0.12999545867393278 0.689430063578565 0.12658946412352406 0.687159400544959 0.12517029972752045 0.6854564032697549 0.12431880108991826 0.683185740236149 0.12318346957311535 0.6809150772025432 0.12233197093551317 0.6772252497729336 0.12176430517711172 0.6732515894641236 0.121480472297911 0.6712647593097184 0.12119663941871027 0.6689940962761126 0.12034514078110808 0.6670072661217076 0.11807447774750227 0.6664396003633061 0.11665531335149865 0.6684264305177111 0.115236148955495 0.6709809264305178 0.11551998183469574 0.6758060853769301 0.11637148047229792 0.6794959128065395 0.11637148047229792 0.6826180744777476 0.11637148047229792 0.6863079019073569 0.11665531335149865 0.6897138964577657 0.11693914623069937 0.6934037238873751 0.11779064486830154 0.6965258855585831 0.11949364214350591 0.6996480472297911 0.121480472297911 0.7016348773841962 0.12289963669391463 0.703905540417802 0.124602633969119 0.705892370572207 0.12602179836512262 0.7073115349682108 0.1280086285195277 0.7075953678474114 0.12971162579473206 0.7047570390554042 0.13027929155313353
0 0.5832765667574933 0.0014191643960036332 0.5787352406902816 0.005960490463215258 0.5767484105358764 0.007663487738419618 0.5739100817438693 0.009650317892824705 0.5707879200726612 0.011069482288828338 0.5685172570390554 0.011637148047229791 0.5639759309718438 0.012204813805631244 0.5591507720254314 0.013056312443233424 0.5582992733878293 0.00993415077202543 0.5602861035422343 0.007379654859218892 0.562840599455041 0.006244323342415985 0.5653950953678474 0.0048251589464123525 0.5679495912806539 0.0028383287920072664 0.5705040871934606 0.0011353315168029065 0.5716394187102635 0.0008514986376021798
0 0.1663260672116258 0.1651907356948229 0.1663260672116258 0.15809491371480475 0.16689373297002724 0.15440508628519528 0.16802906448683017 0.15099909173478657 0.16944822888283378 0.14901226158038147 0.17086739327883743 0.14844459582198002 0.17228655767484105 0.14844459582198002 0.1739895549500454 0.15014759309718437 0.17512488646684832 0.15213442325158946 0.17569255222524977 0.15525658492279745 0.1759763851044505 0.1586625794732062 0.17569255222524977 0.1620685740236149 0.17455722070844687 0.16604223433242507 0.17313805631244325 0.16888056312443236 0.17058356039963668 0.17115122615803816 0.1685967302452316 0.17086739327883743
0 0.11779064486830154 0.8055177111716622 0.11920980926430519 0.7961512261580381 0.12006130790190736 0.7927452316076294 0.12204813805631246 0.7893392370572206 0.12318346957311535 0.7879200726612171 0.12545413260672117 0.7873524069028156 0.12630563124432334 0.7887715712988193 0.12630563124432334 0.7918937329700273 0.1257379654859219 0.7950158946412352 0.12517029972752045 0.7987057220708447 0.12488646684831971 0.8023955495004542 0.12403496821071754 0.8052338782924615 0.12318346957311535 0.8086398728428701 0.12176430517711172 0.8123297002724796 0.12062897366030881 0.8146003633060854 0.11920980926430519 0.8163033605812898 0.11807447774750227 0.8117620345140781
0 0.2895095367847411 0.8180063578564941 0.2872388737511354 0.8168710263396911 0.28496821071752954 0.8160195277020891 0.282413714804723 0.8148841961852861 0.2795753860127157 0.812897366030881 0.276169391462307 0.8114782016348774 0.27276339691189827 0.8103428701180745 0.2704927338782925 0.8086398728428701 0.2696412352406903 0.8069368755676657 0.2710603996366939 0.8052338782924615 0.2733310626702997 0.80466621253406 0.2770208900999092 0.80466621253406 0.2807107175295186 0.8052338782924615 0.28383287920072664 0.8069368755676657 0.2872388737511354 0.8092075386012716 0.28979336966394187 0.8111943687556767 0.2931993642143506 0.812897366030881 0.2960376930063579 0.8143165304268847 0.2971730245231608 0.8180063578564941 0.2931993642143506 0.819141689373297
0 0.18363987284287014 0.8001248864668483 0.18392370572207087 0.797286557674841 0.1844913714804723 0.7944482288828338 0.1856267029972752 0.7921775658492279 0.18732970027247958 0.7916099000908265 0.18846503178928248 0.7930290644868302 0.18818119891008175 0.7955835603996367 0.18818119891008175 0.7981380563124432 0.18846503178928248 0.8004087193460491 0.18846503178928248 0.8029632152588556 0.1887488646684832 0.8055177111716622 0.18818119891008175 0.8072207084468666 0.18704586739327883 0.8089237057220708 0.18505903723887374 0.8109105358764759 0.18363987284287014 0.8123297002724796 0.18193687556766577 0.8103428701180745 0.18278837420526794 0.8083560399636694 0.18392370572207087 0.8049500454132607
0 0.12971162579473206 0.9184831970935513 0.13198228882833787 0.9269981834695731 0.1322661217075386 0.9306880108991825 0.13283378746594007 0.9343778383287921 0.1331176203451408 0.9375 0.1331176203451408 0.9409059945504088 0.13368528610354222 0.9451634877384196 0.1342529518619437 0.9485694822888283 0.13510445049954586 0.9522593097184378 0.1353882833787466 0.9556653042688465 0.13595594913714804 0.9593551316984559 0.1362397820163488 0.962477293369664 0.13595594913714804 0.9661671207992734 0.1353882833787466 0.9681539509536784 0.13368528610354222 0.9687216167120799 0.13198228882833787 0.9681539509536784 0.13084695731153498 0.9644641235240691 0.13084695731153498 0.9610581289736603 0.13084695731153498 0.9573683015440508 0.13084695731153498 0.9533946412352406 0.13084695731153498 0.9485694822888283 0.13084695731153498 0.9451634877384196 0.13027929155313353 0.9400544959128065 0.12999545867393278 0.935513169845595 0.1291439600363306 0.9315395095367848 0.12829246139872844 0.9278496821071752 0.1271571298819255 0.9241598546775659 0.12658946412352406 0.9213215258855586 0.12630563124432334 0.9184831970935513 0.1257379654859219 0.9150772025431426 0.12602179836512262 0.9125227066303361 0.1268732970027248 0.9099682107175295 0.12886012715712988 0.9091167120799273 0.1311307901907357 0.910535876475931 0.13169845594913715 0.9130903723887375
0 0.3059718437783833 0.9057107175295187 0.2971730245231608 0.9147933696639419 0.29490236148955495 0.9164963669391463 0.29178019981834696 0.9176316984559492 0.2872388737511354 0.9187670299727521 0.28298138056312444 0.9193346957311536 0.28014305177111715 0.919902361489555 0.2775885558583106 0.9201861943687557 0.2753178928247048 0.9204700272479565 0.2738987284287012 0.9207538601271571 0.27446639418710267 0.9170640326975477 0.2770208900999092 0.9130903723887375 0.2795753860127157 0.9113873751135332 0.2832652134423252 0.9096843778383288 0.28695504087193463 0.9085490463215259 0.29007720254314256 0.9071298819255222 0.2934831970935513 0.9051430517711172 0.29745685740236144 0.9028723887375114 0.3014305177111717 0.9017370572207085 0.3054041780199819 0.9014532243415077 0.30795867393278836 0.9017370572207085 0.3076748410535876 0.9034400544959128
0 0.9857515894641236 0.7180971843778383 0.9814940962761126 0.7251930063578566 0.9797910990009082 0.7283151680290645 0.9783719346049047 0.730869663941871 0.976952770208901 0.7331403269754768 0.9749659400544959 0.735127157129882 0.9735467756584923 0.735127157129882 0.9729791099000908 0.7314373297002724 0.9729791099000908 0.7280313351498637 0.9732629427792916 0.7249091734786558 0.9743982742960945 0.7220708446866485 0.9761012715712988 0.7189486830154406 0.9780881017257038 0.7158265213442326 0.9797910990009082 0.7135558583106267 0.981210263396912 0.7115690281562216 0.9840485921889193 0.7104336966394187 0.9851839237057222 0.7124205267938238
0 0.9536784741144415 0.6085376930063578 0.9539623069936422 0.613646684831971 0.9545299727520435 0.6153496821071752 0.955097638510445 0.6181880108991825 0.9559491371480473 0.6201748410535877 0.9565168029064488 0.6227293369663942 0.9559491371480473 0.6247161671207994 0.9528269754768393 0.6227293369663942 0.9516916439600364 0.6207425068119892 0.949988646684832 0.6179041780199819 0.9491371480472298 0.6144981834695731 0.9485694822888283 0.6119436875567666 0.9485694822888283 0.6088215258855586 0.9488533151680291 0.6059831970935513 0.9511239782016349 0.6051316984559492
0 0.8307788374205268 0.49415304268846505 0.8290758401453224 0.48705722070844687 0.8282243415077203 0.4847865576748411 0.8279405086285195 0.48166439600363303 0.8299273387829247 0.4808128973660309 0.831630336058129 0.482799727520436 0.8333333333333334 0.4847865576748411 0.8344686648501363 0.4873410535876476 0.8358878292461399 0.4907470481380563 0.8367393278837422 0.4947207084468665 0.8367393278837422 0.4978428701180745 0.8341848319709355 0.4992620345140781 0.831630336058129 0.49699137148047234
0 0.8466734786557676 0.06329473206176203 0.840996821071753 0.04995458673932788 0.8390099909173478 0.04711625794732062 0.8375908265213442 0.04399409627611262 0.8358878292461399 0.04058810172570391 0.8344686648501363 0.03633060853769301 0.8333333333333334 0.033492279745685735 0.8333333333333334 0.031221616712079927 0.8353201634877384 0.030937783832879203 0.837874659400545 0.03207311534968211 0.8401453224341507 0.0351952770208901 0.8412806539509536 0.03860127157129882 0.8418483197093551 0.04143960036330609 0.8432674841053588 0.0448455949137148 0.8444028156221617 0.04768392370572207 0.8455381471389647 0.050806085376930064 0.8469573115349682 0.05364441416893733 0.8480926430517711 0.0564827429609446 0.8495118074477748 0.059321071752951864 0.8506471389645777 0.061591734786557675 0.852350136239782 0.06443006357856494 0.853485467756585 0.06755222524977293 0.8543369663941872 0.0703905540417802 0.8517824704813806 0.07124205267938238 0.8495118074477748 0.0681198910081744
0 0.8967895224849328 0.18891979601298098 0.8941817338896615 0.18486323597589244 0.8938919796012981 0.18355934167825685 0.8937471024571163 0.1816759388038943 0.8936022253129345 0.1799374130737135 0.8936022253129345 0.17776425591098746 0.8940368567454798 0.17602573018080667 0.8946163653222068 0.1750115901715345 0.8951958738989336 0.17428720445062587 0.8969343996291144 0.1741423273064441 0.8975139082058414 0.17559109874826145 0.8978036624942048 0.17732962447844225 0.8980934167825684 0.17906815020862307 0.8986729253592952 0.18138618451553082 0.8992524339360222 0.18355934167825685 0.9001216968011126 0.1851529902642559 0.9008460825220213 0.18660176170607323 0.90157046824293 0.18834028743625406 0.9017153453871117 0.19007881316643485 0.9014255910987482 0.19210709318497915 0.9002665739452944 0.19225197032916086 0.8978036624942048 0.19051344459898006
0 0.34835693536673934 0.007942992011619462 0.3535766158315178 0.0027233115468409588 0.3581154684095861 0.0006808278867102397 0.36310820624546114 0.002042483660130719 0.36469680464778503 0.003858024691358025 0.36197349310094407 0.007489106753812636 0.3551652142338417 0.00907770515613653 0.3497185911401598 0.010212418300653595
