1 0.2607304216867469 0.9569528112449799 0.2535140562248996 0.953187751004016 0.251004016064257 0.951305220883534 0.24818022088353411 0.9491089357429718 0.24567018072289154 0.9465988955823292 0.24347389558232932 0.944402610441767 0.24159136546184737 0.9422063253012047 0.23939508032128512 0.9396962851405621 0.23814006024096382 0.9362449799196786 0.2375125502008032 0.9321661646586344 0.23719879518072287 0.9290286144578312 0.23719879518072287 0.9262048192771084 0.23814006024096382 0.9230672690763052 0.23939508032128512 0.9205572289156625 0.24096385542168672 0.9183609437751004 0.24284638554216864 0.9167921686746987 0.24535642570281124 0.9152233935742972 0.24755271084337346 0.9142821285140561 0.25194528112449793 0.9133408634538152 0.25445532128514053 0.9130271084337348 0.2575928714859438 0.9127133534136546 0.2622991967871486 0.9127133534136546 0.266691767068273 0.9133408634538152 0.2682605421686747 0.9142821285140561 0.2698293172690763 0.9152233935742972 0.2726531124497992 0.9164784136546184 0.2757906626506024 0.9177334337349397 0.2779869477911647 0.918988453815261 0.28049698795180716 0.9202434738955823 0.28300702811244977 0.9218122489959839 0.28551706827309237 0.9243222891566264 0.2877133534136546 0.926832329317269 0.29022339357429716 0.9299698795180722 0.29210592369477906 0.932793674698795 0.293988453815261 0.9359312248995982 0.294929718875502 0.9403237951807227 0.294929718875502 0.9437751004016063 0.294929718875502 0.9465988955823292 0.293988453815261 0.9497364457831324 0.29304718875502006 0.951305220883534 0.2917921686746988 0.9538152610441767 0.28896837349397586 0.9575803212851405 0.28739959839357426 0.959149096385542 0.2848895582329317 0.961031626506024 0.28143825301204817 0.9622866465863453 0.2783007028112449 0.9632279116465863 0.27453564257028107 0.9632279116465863 0.2710843373493976 0.9616591365461847 0.26731927710843373 0.9600903614457831
1 0.12738453815261044 0.91804718875502 0.13209086345381524 0.918988453815261 0.13648343373493974 0.9193022088353413 0.13993473895582328 0.9193022088353413 0.14432730923694778 0.9193022088353413 0.14903363453815258 0.9193022088353413 0.1521711847389558 0.918988453815261 0.15656375502008033 0.91804718875502 0.1609563253012048 0.9158509036144576 0.1637801204819277 0.9136546184738955 0.16629016064257027 0.9120858433734939 0.16660391566265056 0.9105170682730923 0.16660391566265056 0.9073795180722891 0.16660391566265056 0.9045557228915662 0.16723142570281124 0.9017319277108433 0.16785893574297187 0.8998493975903614 0.1681726907630522 0.8967118473895581 0.16848644578313252 0.8929467871485942 0.16880020080321284 0.8904367469879517 0.16785893574297187 0.8876129518072289 0.16629016064257027 0.8857304216867469 0.16409387550200802 0.8835341365461847 0.1622113453815261 0.8822791164658633 0.1593875502008032 0.881024096385542 0.15719126506024095 0.8800828313253012 0.15436746987951805 0.8785140562248995 0.15122991967871485 0.8769452811244979 0.14934738955823293 0.875062751004016 0.14715110441767065 0.8734939759036143 0.1433860441767068 0.8712976907630522 0.14024849397590358 0.8703564257028111 0.1339733935742972 0.8691014056224898 0.12644327309236947 0.8684738955823292 0.11859939759036144 0.8687876506024096 0.11263805220883533 0.8697289156626505 0.10855923694779115 0.8719252008032128 0.10573544176706826 0.8747489959839356 0.10353915662650602 0.8775727911646585 0.10197038152610441 0.8797690763052208 0.1016566265060241 0.8822791164658633 0.10197038152610441 0.8841616465863453 0.10197038152610441 0.8866716867469879 0.10197038152610441 0.8879267068273092 0.10197038152610441 0.889809236947791 0.10197038152610441 0.8932605421686746 0.10197038152610441 0.8957705823293173 0.10259789156626506 0.8989081325301205 0.1032254016064257 0.9020456827309236 0.10385291164658633 0.9048694779116465 0.1047941767068273 0.9076932730923695 0.10761797188755019 0.9114583333333333 0.1107555220883534 0.9130271084337348 0.12236445783132528 0.916164658634538
1 0.39439006024096385 0.9792294176706826 0.3953313253012048 0.9823669678714858 0.39627259036144574 0.9855045180722891 0.397527610441767 0.987387048192771 0.39878263052208834 0.9892695783132529 0.40066516064257024 0.9914658634538152 0.4025476907630522 0.9920933734939759 0.4066265060240964 0.9920933734939759 0.4125878514056225 0.9920933734939759 0.41823544176706823 0.9917796184738955 0.4223142570281124 0.9908383534136544 0.424824297188755 0.9898970883534136 0.42670682730923687 0.988328313253012 0.4285893574297189 0.9855045180722891 0.4301581325301205 0.9826807228915662 0.4314131526104417 0.9804844377510039 0.4354919678714859 0.9701305220883534 0.44019829317269077 0.9582078313253012 0.441453313253012 0.9538152610441767 0.4430220883534136 0.9491089357429718 0.44427710843373486 0.9456576305220883 0.44427710843373486 0.9412650602409638 0.44333584337349397 0.9378137550200802 0.44208082329317266 0.9349899598393574 0.44019829317269077 0.9318524096385541 0.4380020080321285 0.9290286144578312 0.4358057228915662 0.9262048192771084 0.4339231927710843 0.9230672690763052 0.4310993975903614 0.9208709839357428 0.424824297188755 0.9199297188755019 0.4216867469879518 0.9205572289156625 0.4169804216867469 0.9227535140562249 0.4135291164658634 0.9243222891566264 0.41039156626506024 0.9262048192771084 0.4075677710843373 0.9284011044176705 0.40474397590361444 0.9312248995983935 0.40223393574297184 0.934676204819277 0.3997238955823293 0.9374999999999999 0.3969001004016064 0.9412650602409638 0.3950175702811245 0.9440888554216866 0.3934487951807229 0.946285140562249 0.39188002008032125 0.9494226907630522 0.39062499999999994 0.952246485943775 0.389683734939759 0.9547565261044176 0.389683734939759 0.9572665662650601 0.389683734939759 0.9600903614457831 0.389683734939759 0.9632279116465863 0.389683734939759 0.9651104417670682 0.39125251004016065 0.9723268072289156 0.39313504016064255 0.9760918674698794
1 0.5133032128514056 0.8932605421686746 0.5139307228915662 0.8982806224899598 0.5158132530120482 0.9026731927710843 0.5180095381526104 0.9061244979919678 0.5208333333333333 0.9095758032128514 0.5245983935742972 0.9130271084337348 0.5286772088353413 0.916164658634538 0.5336972891566264 0.9199297188755019 0.539031124497992 0.9224397590361445 0.5446787148594378 0.9243222891566264 0.5484437751004017 0.924008534136546 0.552836345381526 0.9233810240963856 0.5553463855421686 0.9224397590361445 0.5587976907630522 0.9199297188755019 0.5613077309236947 0.9164784136546184 0.5631902610441767 0.9130271084337348 0.5647590361445782 0.9089482931726907 0.5663278112449799 0.9054969879518071 0.5678965863453815 0.9026731927710843 0.568524096385542 0.8998493975903614 0.568524096385542 0.8976531124497991 0.5682103413654619 0.8945155622489959 0.5675828313253012 0.8920055220883534 0.5663278112449799 0.8891817269076304 0.5650727911646586 0.8860441767068272 0.5638177710843374 0.8835341365461847 0.5622489959839357 0.8807103413654617 0.5603664658634538 0.8782003012048192 0.5584839357429718 0.876004016064257 0.5562876506024096 0.8738077309236947 0.553777610441767 0.8716114457831324 0.5518950803212851 0.8694151606425702 0.5496987951807228 0.8672188755020079 0.5475025100401606 0.8650225903614458 0.5453062248995983 0.8634538152610441 0.5421686746987951 0.8612575301204818 0.5396586345381525 0.8596887550200802 0.5355798192771084 0.8581199799196786 0.5315010040160641 0.857492469879518 0.528363453815261 0.8578062248995982 0.5258534136546185 0.8584337349397589 0.5236571285140562 0.8600025100401606 0.5211470883534136 0.8621987951807228 0.519578313253012 0.8640813253012047 0.5183232931726908 0.8665913654618473 0.5170682730923695 0.8691014056224898 0.5161270080321284 0.8712976907630522 0.5114206827309237 0.8803965863453815 0.512675702811245 0.8860441767068272 0.5129894578313252 0.8891817269076304
1 0.5374623493975903 0.833019578313253 0.5396586345381525 0.8342745983935742 0.5434236947791165 0.8352158634538152 0.5481300200803213 0.8364708835341365 0.5522088353413654 0.8370983935742972 0.5553463855421686 0.8367846385542168 0.5578564257028111 0.8364708835341365 0.5606802208835341 0.8361571285140562 0.5628765060240963 0.8355296184738955 0.5650727911646586 0.8352158634538152 0.5682103413654619 0.8345883534136546 0.5719754016064257 0.8342745983935742 0.5744854417670683 0.8333333333333333 0.5776229919678715 0.8314508032128514 0.5795055220883534 0.83019578313253 0.5813880522088353 0.8286270080321284 0.5832705823293173 0.8261169678714858 0.5854668674698794 0.8229794176706826 0.5867218875502008 0.8207831325301205 0.587976907630522 0.8192143574297188 0.588918172690763 0.8176455823293173 0.589859437751004 0.8148217871485942 0.589859437751004 0.8123117469879517 0.589859437751004 0.8094879518072289 0.588918172690763 0.8069779116465863 0.5876631526104418 0.8050953815261044 0.5857806224899598 0.8035266064257027 0.5832705823293173 0.8019578313253012 0.5810742971887549 0.8007028112449799 0.5788780120481928 0.7994477911646586 0.5766817269076304 0.7981927710843373 0.5744854417670683 0.7972515060240963 0.5716616465863453 0.7966239959839356 0.5691516064257027 0.795996485943775 0.5657003012048192 0.795055220883534 0.562562751004016 0.7944277108433735 0.5597389558232931 0.7938002008032128 0.555660140562249 0.7938002008032128 0.552836345381526 0.7941139558232931 0.5512675702811245 0.7944277108433735 0.5487575301204818 0.795996485943775 0.5459337349397589 0.7972515060240963 0.5434236947791165 0.7991340361445782 0.5415411646586344 0.8010165662650602 0.5399723895582329 0.8025853413654617 0.5387173694779116 0.8044678714859437 0.53714859437751 0.8066641566265059 0.5362073293172691 0.8082329317269076 0.535266064257028 0.8101154618473896 0.5346385542168675 0.8126255020080321 0.5336972891566264 0.8198418674698794 0.5330697791164658 0.8254894578313253 0.5340110441767068 0.8289407630522088 0.5355798192771084 0.8314508032128514
1 0.5471887550200802 0.7803087349397589 0.5515813253012049 0.7803087349397589 0.5562876506024096 0.7803087349397589 0.5609939759036143 0.7803087349397589 0.5644452811244979 0.7799949799196786 0.5669553212851405 0.7787399598393574 0.5710341365461847 0.7759161646586344 0.5738579317269076 0.773406124497992 0.5760542168674699 0.7712098393574297 0.5782505020080321 0.769641064257028 0.5807605421686746 0.767758534136546 0.5829568273092369 0.7665035140562249 0.5857806224899598 0.7646209839357428 0.5886044176706826 0.7633659638554217 0.5904869477911646 0.7614834337349397 0.5926832329317269 0.7596009036144579 0.5945657630522088 0.7580321285140562 0.5970758032128514 0.7545808232931727 0.5983308232931727 0.7526982931726907 0.5995858433734939 0.7505020080321285 0.6008408634538152 0.7483057228915662 0.6027233935742972 0.745168172690763 0.603664658634538 0.7426581325301205 0.603664658634538 0.7398343373493976 0.6030371485943775 0.7373242971887549 0.6011546184738955 0.7341867469879517 0.5989583333333334 0.7310491967871485 0.5970758032128514 0.7288529116465863 0.5945657630522088 0.7263428714859437 0.5933107429718875 0.7244603413654619 0.590800702811245 0.7228915662650602 0.5873493975903614 0.7206952811244979 0.5842118473895581 0.7203815261044176 0.580133032128514 0.7203815261044176 0.5760542168674699 0.7206952811244979 0.5719754016064257 0.7216365461847388 0.5691516064257027 0.7225778112449799 0.5666415662650602 0.7235190763052208 0.563504016064257 0.7260291164658634 0.5613077309236947 0.7288529116465863 0.5587976907630522 0.7316767068273092 0.5566014056224898 0.7341867469879517 0.5544051204819277 0.7366967871485943 0.552836345381526 0.7392068273092369 0.5515813253012049 0.7410893574297188 0.5496987951807228 0.7435993975903614 0.5475025100401606 0.7457956827309237 0.5456199799196786 0.7486194779116465 0.544051204819277 0.7511295180722891 0.5424824297188754 0.754894578313253 0.5415411646586344 0.7574046184738955 0.5405998995983936 0.7602284136546184 0.5399723895582329 0.7627384538152611 0.5387173694779116 0.7702685742971888 0.539031124497992 0.773406124497992 0.5405998995983936 0.7762299196787148 0.5424824297188754 0.778426204819277 0.544992469879518 0.7803087349397589
1 0.49353664658634533 0.691516064257028 0.4957329317269076 0.691516064257028 0.4985567269076305 0.691516064257028 0.5013805220883534 0.691516064257028 0.5038905622489959 0.6918298192771084 0.5079693775100401 0.6921435742971888 0.5114206827309237 0.6918298192771084 0.5142444779116465 0.6918298192771084 0.5180095381526104 0.6912023092369477 0.5217745983935742 0.6905747991967871 0.5255396586345381 0.689633534136546 0.5280496987951807 0.6886922690763052 0.5299322289156626 0.6877510040160643 0.5315010040160641 0.6871234939759036 0.533383534136546 0.6855547188755019 0.5362073293172691 0.6827309236947791 0.5380898594377509 0.6799071285140562 0.5393448795180723 0.6773970883534136 0.5405998995983936 0.6739457831325301 0.5405998995983936 0.6714357429718875 0.5402861445783133 0.6686119477911646 0.5396586345381525 0.6651606425702811 0.5384036144578312 0.6620230923694778 0.5374623493975903 0.660140562248996 0.5358935742971888 0.657316767068273 0.533383534136546 0.6551204819277108 0.5311872489959839 0.6535517068273092 0.528363453815261 0.6522966867469879 0.5252259036144579 0.6507279116465863 0.5224021084337349 0.6497866465863453 0.519578313253012 0.6491591365461847 0.5158132530120482 0.6491591365461847 0.512675702811245 0.6491591365461847 0.5101656626506024 0.6494728915662651 0.5073418674698795 0.6494728915662651 0.5038905622489959 0.6501004016064257 0.4998117469879518 0.6501004016064257 0.49479166666666663 0.6507279116465863 0.49290913654618473 0.6516691767068272 0.4897715863453815 0.6529241967871485 0.48694779116465864 0.6544929718875501 0.48443775100401604 0.6563755020080321 0.4822414658634538 0.658258032128514 0.48035893574297184 0.660140562248996 0.47879016064257024 0.6626506024096385 0.47722138554216864 0.6648468875502008 0.47628012048192764 0.6673569277108433 0.47596636546184734 0.6692394578313253 0.475652610441767 0.6714357429718875 0.476593875502008 0.6786521084337348 0.48035893574297184 0.68367218875502 0.48286897590361444 0.6864959839357428 0.485379016064257 0.6880647590361445 0.48788905622489953 0.689633534136546 0.49039909638554213 0.6908885542168673
1 0.5682103413654619 0.6538654618473896 0.5716616465863453 0.6544929718875501 0.5751129518072289 0.6544929718875501 0.5782505020080321 0.6544929718875501 0.5807605421686746 0.6544929718875501 0.5842118473895581 0.6538654618473896 0.5876631526104418 0.6529241967871485 0.590800702811245 0.6519829317269076 0.5945657630522088 0.6504141566265059 0.5961345381526103 0.6497866465863453 0.5983308232931727 0.6482178714859437 0.6002133534136546 0.6463353413654619 0.6020958835341366 0.6441390562248995 0.6033509036144579 0.6413152610441767 0.6052334337349397 0.6381777108433735 0.6068022088353413 0.6353539156626505 0.6080572289156626 0.6322163654618473 0.6080572289156626 0.6297063253012047 0.6080572289156626 0.6262550200803213 0.6064884538152611 0.6237449799196786 0.6049196787148594 0.6215486947791165 0.6024096385542168 0.6193524096385541 0.6002133534136546 0.6177836345381525 0.5970758032128514 0.6165286144578312 0.5955070281124498 0.6155873493975903 0.5923694779116465 0.6143323293172691 0.5892319277108433 0.6130773092369477 0.5867218875502008 0.6124497991967871 0.5835843373493976 0.6121360441767068 0.5798192771084337 0.6121360441767068 0.5763679718875501 0.6121360441767068 0.5732304216867469 0.6121360441767068 0.5710341365461847 0.6124497991967871 0.568524096385542 0.6127635542168675 0.5660140562248995 0.613391064257028 0.5628765060240963 0.6146460843373494 0.5603664658634538 0.6159011044176705 0.5581701807228915 0.6174698795180722 0.555660140562249 0.6190386546184737 0.553777610441767 0.6206074297188754 0.5515813253012049 0.622176204819277 0.5503263052208834 0.6237449799196786 0.5490712851405621 0.625941265060241 0.5481300200803213 0.6278237951807228 0.5475025100401606 0.6300200803212851 0.546875 0.6328438755020079 0.5471887550200802 0.6356676706827309 0.5481300200803213 0.6381777108433735 0.5522088353413654 0.6431977911646586 0.553777610441767 0.6463353413654619 0.5569151606425702 0.648531626506024 0.5597389558232931 0.6504141566265059 0.5622489959839357 0.6516691767068272 0.5647590361445782 0.6522966867469879 0.5663278112449799 0.6532379518072289
1 0.17319277108433734 0.7922314257028111 0.17507530120481926 0.7922314257028111 0.1788403614457831 0.7922314257028111 0.1829191767068273 0.7919176706827308 0.18731174698795178 0.7909764056224898 0.19076305220883533 0.790035140562249 0.19421435742971885 0.7875251004016063 0.19703815261044175 0.7853288152610441 0.199234437751004 0.7834462851405621 0.20143072289156624 0.7806224899598393 0.20394076305220882 0.7774849397590361 0.20519578313253012 0.7746611445783133 0.20582329317269074 0.7721511044176705 0.20707831325301204 0.7690135542168673 0.208019578313253 0.7652484939759036 0.2095883534136546 0.7621109437751004 0.2099021084337349 0.7589733935742972 0.20864708835341364 0.7558358433734939 0.20550953815261044 0.753012048192771 0.20143072289156624 0.7514432730923695 0.19735190763052207 0.7505020080321285 0.19390060240963852 0.7498744979919678 0.19013554216867468 0.7486194779116465 0.18637048192771083 0.7473644578313253 0.18386044176706826 0.7467369477911646 0.1804091365461847 0.7464231927710843 0.17664407630522086 0.7467369477911646 0.1722515060240964 0.747050702811245 0.16691767068273092 0.7476782128514056 0.1637801204819277 0.7483057228915662 0.16064257028112447 0.7495607429718875 0.15781877510040157 0.7511295180722891 0.1546812248995984 0.753012048192771 0.15248493975903613 0.753953313253012 0.15122991967871485 0.7564633534136546 0.14934738955823293 0.7596009036144579 0.14840612449799195 0.7633659638554217 0.14809236947791163 0.7655622489959839 0.1462098393574297 0.7683860441767068 0.1462098393574297 0.7718373493975903 0.14715110441767065 0.7768574297188754 0.14777861445783133 0.7796812248995982 0.14809236947791163 0.7828187751004015 0.15028865461847388 0.7875251004016063 0.15405371485943772 0.790035140562249 0.15907379518072287 0.7916039156626505 0.16189759036144577 0.7922314257028111 0.16534889558232932 0.7922314257028111 0.16848644578313252 0.7922314257028111 0.17068273092369476 0.7922314257028111
1 0.0916164658634538 0.718812751004016 0.08847891566265059 0.719754016064257 0.08596887550200803 0.7203815261044176 0.08314508032128513 0.7216365461847388 0.08126255020080321 0.7222640562248995 0.07875251004016064 0.7241465863453815 0.07561495983935743 0.7269703815261044 0.0737324297188755 0.7285391566265059 0.07216365461847389 0.7313629518072289 0.07059487951807228 0.7348142570281124 0.06996736947791164 0.7376380522088353 0.06933985943775099 0.7414031124497991 0.06902610441767068 0.7432856425702811 0.0677710843373494 0.7457956827309237 0.06682981927710843 0.7483057228915662 0.0665160642570281 0.7511295180722891 0.0665160642570281 0.7533258032128514 0.06557479919678715 0.7558358433734939 0.06463353413654618 0.7574046184738955 0.0649472891566265 0.7596009036144579 0.06557479919678715 0.7621109437751004 0.06557479919678715 0.7652484939759036 0.06526104417670682 0.7680722891566264 0.06526104417670682 0.7708960843373494 0.06526104417670682 0.773406124497992 0.06463353413654618 0.782191265060241 0.06431977911646586 0.7847013052208834 0.06463353413654618 0.7878388554216866 0.06557479919678715 0.790035140562249 0.06682981927710843 0.7919176706827308 0.06871234939759036 0.7922314257028111 0.07624246987951806 0.7912901606425702 0.08094879518072289 0.7909764056224898 0.08628263052208834 0.7906626506024096 0.08910642570281123 0.790035140562249 0.09193022088353413 0.7894076305220883 0.09381275100401607 0.7884663654618473 0.09538152610441766 0.7875251004016063 0.09695030120481926 0.7862700803212851 0.09914658634538152 0.7840737951807228 0.10102911646586345 0.7825050200803213 0.10259789156626506 0.7806224899598393 0.10510793172690762 0.7781124497991967 0.10699046184738956 0.7759161646586344 0.10855923694779115 0.7737198795180722 0.11012801204819275 0.770582329317269 0.11169678714859436 0.7674447791164657 0.11295180722891565 0.7652484939759036 0.11389307228915663 0.7630522088353413 0.11671686746987951 0.7536395582329316 0.11797188755020079 0.7495607429718875 0.11922690763052209 0.7473644578313253 0.1195406626506024 0.744226907630522 0.1195406626506024 0.7414031124497991 0.11922690763052209 0.7385793172690762 0.11765813253012047 0.7332454819277108 0.11671686746987951 0.7304216867469879 0.1151480923694779 0.7263428714859437 0.11295180722891565 0.7238328313253012 0.10855923694779115 0.7210090361445782 0.10416666666666666 0.7194402610441767 0.09946034136546184 0.7184989959839356 0.09538152610441766 0.7181852409638554
1 0.18197791164658633 0.700301204819277 0.1832329317269076 0.6971636546184737 0.1832329317269076 0.6943398594377509 0.1829191767068273 0.6905747991967871 0.18260542168674698 0.6874372489959839 0.18229166666666663 0.6852409638554217 0.18197791164658633 0.6824171686746987 0.18135040160642568 0.6799071285140562 0.1804091365461847 0.6780245983935742 0.1788403614457831 0.675828313253012 0.1772715863453815 0.6736320281124498 0.1753890562248996 0.6717494979919678 0.173820281124498 0.6698669678714858 0.1716239959839357 0.6673569277108433 0.16942771084337346 0.6654743975903614 0.16534889558232932 0.6645331325301205 0.15907379518072287 0.6648468875502008 0.15562248995983935 0.6654743975903614 0.15154367469879518 0.6682981927710843 0.14966114457831325 0.6704944779116465 0.14777861445783133 0.6723770080321285 0.14558232931726905 0.674887048192771 0.14432730923694778 0.6770833333333334 0.14307228915662648 0.6789658634538152 0.14150351405622488 0.6811621485943775 0.13993473895582328 0.68367218875502 0.13867971887550198 0.6858684738955823 0.13773845381526104 0.6877510040160643 0.13616967871485944 0.6912023092369477 0.1339733935742972 0.69339859437751 0.1330321285140562 0.6959086345381525 0.13209086345381524 0.6993599397590361 0.13146335341365462 0.7015562248995983 0.13146335341365462 0.7046937751004015 0.1327183734939759 0.7084588353413654 0.13365963855421686 0.7106551204819277 0.1352284136546185 0.7131651606425702 0.1371109437751004 0.7147339357429718 0.1421310240963855 0.7175577309236947 0.1458960843373494 0.7200677710843373 0.14997489959839355 0.7210090361445782 0.1521711847389558 0.7210090361445782 0.15625 0.7210090361445782 0.16001506024096385 0.719754016064257 0.16315261044176707 0.7175577309236947 0.16629016064257027 0.7147339357429718 0.16848644578313252 0.7125376506024096 0.17193775100401607 0.7094001004016063 0.1741340361445783 0.7075175702811245 0.17695783132530118 0.7056350401606425 0.17946787148594376 0.7031249999999999
1 0.2707705823293172 0.6711219879518071 0.27296686746987947 0.6679844377510039 0.2742218875502008 0.6645331325301205 0.2748493975903614 0.6617093373493976 0.2757906626506024 0.658258032128514 0.276418172690763 0.6551204819277108 0.2767319277108433 0.6522966867469879 0.2761044176706827 0.6501004016064257 0.2748493975903614 0.6469628514056224 0.2739081325301205 0.6444528112449799 0.27296686746987947 0.6413152610441767 0.2723393574297189 0.6378639558232931 0.2717118473895582 0.6344126506024096 0.2707705823293172 0.6315888554216866 0.270456827309237 0.6287650602409638 0.2698293172690763 0.6253137550200802 0.269515562248996 0.622176204819277 0.269515562248996 0.6196661646586344 0.268574297188755 0.6174698795180722 0.266691767068273 0.61527359437751 0.26449548192771083 0.6130773092369477 0.2622991967871486 0.611508534136546 0.2594754016064257 0.6096260040160643 0.2579066265060241 0.6077434738955823 0.2553965863453815 0.6068022088353413 0.25288654618473894 0.6071159638554217 0.251004016064257 0.6080572289156626 0.24598393574297187 0.6108810240963856 0.2419051204819277 0.611508534136546 0.23939508032128512 0.6118222891566264 0.23688504016064255 0.6121360441767068 0.23468875502008033 0.6140185742971888 0.23249246987951805 0.6165286144578312 0.2315512048192771 0.6184111445783133 0.2302961847389558 0.6212349397590361 0.22935491967871482 0.6234312248995983 0.2287274096385542 0.625 0.22809989959839355 0.6290788152610441 0.2274723895582329 0.6347264056224898 0.22778614457831325 0.6375502008032128 0.22841365461847388 0.6410015060240963 0.22935491967871482 0.6447665662650602 0.23092369477911642 0.6479041164658634 0.23186495983935743 0.6504141566265059 0.23280622489959837 0.6526104417670683 0.23343373493975902 0.6554342369477911 0.23437499999999997 0.6588855421686746 0.23468875502008033 0.6623368473895581 0.23500251004016062 0.6651606425702811 0.23594377510040157 0.6676706827309237 0.2375125502008032 0.6695532128514056 0.24002259036144577 0.6717494979919678 0.24284638554216864 0.674887048192771 0.24410140562248994 0.6764558232931727 0.2466114457831325 0.6780245983935742 0.25131777108433734 0.6795933734939759 0.2569653614457831 0.6808483935742972 0.2610441767068273 0.6805346385542168 0.2648092369477911 0.6783383534136546 0.267633032128514 0.6752008032128514 0.2692018072289156 0.6730045180722891
1 0.3925075301204819 0.6457078313253012 0.39627259036144574 0.6428840361445782 0.39909638554216864 0.6394327309236947 0.40129267068273083 0.6359814257028111 0.40192018072289154 0.6334713855421686 0.40192018072289154 0.630961345381526 0.40192018072289154 0.6278237951807228 0.4016064257028112 0.625 0.4009789156626506 0.6209211847389557 0.4000376506024096 0.6165286144578312 0.39878263052208834 0.6127635542168675 0.39721385542168675 0.6089984939759036 0.3950175702811245 0.6052334337349397 0.39313504016064255 0.6024096385542168 0.39062499999999994 0.5995858433734939 0.3881149598393574 0.5970758032128514 0.38560491967871485 0.5951932730923695 0.38278112449799195 0.5926832329317269 0.3805848393574297 0.590800702811245 0.3777610441767068 0.587976907630522 0.37556475903614456 0.5854668674698794 0.37305471887550196 0.5829568273092369 0.3705446787148594 0.5807605421686746 0.3677208835341365 0.5785642570281124 0.3648970883534136 0.5769954819277108 0.362387048192771 0.5760542168674699 0.3598770080321285 0.5754267068273092 0.35705321285140557 0.5751129518072289 0.3532881526104417 0.5754267068273092 0.3492093373493976 0.5763679718875501 0.3454442771084337 0.5788780120481928 0.34230672690763053 0.5810742971887549 0.3391691767068273 0.5845256024096385 0.3376004016064257 0.5876631526104418 0.33697289156626503 0.589859437751004 0.33571787148594373 0.5923694779116465 0.33540411646586343 0.5945657630522088 0.33571787148594373 0.5983308232931727 0.3360316265060241 0.6011546184738955 0.3360316265060241 0.6042921686746987 0.33665913654618473 0.6071159638554217 0.33697289156626503 0.6096260040160643 0.3376004016064257 0.6124497991967871 0.33822791164658633 0.6159011044176705 0.3394829317269076 0.6193524096385541 0.34073795180722893 0.622176204819277 0.3419929718875502 0.6253137550200802 0.3432479919678714 0.6278237951807228 0.3445030120481928 0.6300200803212851 0.3473268072289156 0.6331576305220883 0.3482680722891566 0.6347264056224898 0.35391566265060237 0.6391189759036143 0.3561119477911647 0.6422565261044176 0.35862198795180716 0.6441390562248995 0.36113202811244977 0.6463353413654619 0.36426957831325296 0.6475903614457831 0.36803463855421686 0.6491591365461847 0.3708584337349397 0.6497866465863453 0.37525100401606426 0.6510416666666666 0.37964357429718876 0.6513554216867469 0.38278112449799195 0.6510416666666666 0.38623242971887545 0.6504141566265059 0.3893699799196787 0.6482178714859437
1 0.3350903614457831 0.5550326305220883 0.3376004016064257 0.5506400602409638 0.33822791164658633 0.5471887550200802 0.33822791164658633 0.5437374497991968 0.33665913654618473 0.5399723895582329 0.3344628514056225 0.5377761044176707 0.3316390562248996 0.5362073293172691 0.3285015060240964 0.5349523092369477 0.32505020080321284 0.533383534136546 0.32128514056224894 0.5318147590361445 0.3184613453815261 0.5311872489959839 0.31501004016064255 0.5305597389558233 0.31218624497991965 0.5296184738955823 0.30904869477911645 0.5289909638554217 0.30559738955823296 0.5280496987951807 0.3024598393574297 0.5267946787148594 0.2993222891566265 0.5261671686746987 0.29649849397590355 0.5264809236947791 0.2917921686746988 0.52742218875502 0.2883408634538152 0.528363453815261 0.28583082329317266 0.5293047188755019 0.28394829317269077 0.5305597389558233 0.28269327309236947 0.5321285140562249 0.28143825301204817 0.5336972891566264 0.2801832329317269 0.5358935742971888 0.27955572289156627 0.5380898594377509 0.27955572289156627 0.5412274096385541 0.2792419678714859 0.544051204819277 0.2792419678714859 0.546875 0.2792419678714859 0.5490712851405621 0.2792419678714859 0.5509538152610441 0.27986947791164657 0.5540913654618473 0.2808107429718875 0.5569151606425702 0.2817520080321285 0.5591114457831325 0.28269327309236947 0.5609939759036143 0.284262048192771 0.562562751004016 0.28708584337349397 0.5644452811244979 0.29022339357429716 0.5660140562248995 0.29304718875502006 0.5672690763052208 0.30026355421686746 0.5691516064257027 0.30496987951807225 0.5694653614457831 0.3099899598393574 0.5694653614457831 0.3128137550200803 0.5691516064257027 0.3159513052208835 0.568524096385542 0.3184613453815261 0.5682103413654619 0.3219126506024096 0.5678965863453815 0.32473644578313254 0.5669553212851405 0.32724648594377503 0.5653865461847389 0.3294427710843373 0.5638177710843374 0.33132530120481923 0.5619352409638554 0.33320783132530113 0.5591114457831325
1 0.5145582329317269 0.5688378514056224 0.5154994979919678 0.5650727911646586 0.5161270080321284 0.561621485943775 0.5161270080321284 0.5569151606425702 0.5161270080321284 0.5534638554216866 0.5154994979919678 0.5506400602409638 0.5145582329317269 0.5471887550200802 0.5133032128514056 0.544051204819277 0.5120481927710843 0.5418549196787148 0.5101656626506024 0.5387173694779116 0.5082831325301205 0.5358935742971888 0.5067143574297188 0.5336972891566264 0.5054593373493975 0.5315010040160641 0.5032630522088353 0.5286772088353413 0.5007530120481927 0.5264809236947791 0.4982429718875502 0.5245983935742972 0.49604668674698793 0.5224021084337349 0.49353664658634533 0.5208333333333333 0.4907128514056225 0.518637048192771 0.4872615461847389 0.5167545180722891 0.4841239959839357 0.5151857429718876 0.48130020080321284 0.5136169678714859 0.47784889558232924 0.5123619477911646 0.47439759036144574 0.5114206827309237 0.4715737951807229 0.5104794176706827 0.4681224899598393 0.509851907630522 0.46435742971887545 0.509851907630522 0.4615336345381526 0.509851907630522 0.45870983935742965 0.510793172690763 0.4558860441767068 0.5123619477911646 0.4530622489959839 0.5142444779116465 0.450238453815261 0.5154994979919678 0.4486696787148594 0.5164407630522088 0.44678714859437746 0.5183232931726908 0.44521837349397586 0.5202058232931727 0.4439633534136546 0.5224021084337349 0.44239457831325296 0.5249121485943775 0.44208082329317266 0.5267946787148594 0.44239457831325296 0.5289909638554217 0.44270833333333326 0.533383534136546 0.44333584337349397 0.53714859437751 0.4445908634538152 0.540913654618474 0.44615963855421686 0.5443649598393574 0.44804216867469876 0.5471887550200802 0.450238453815261 0.5500125502008032 0.4518072289156626 0.5525225903614458 0.45368975903614456 0.5547188755020079 0.4561997991967871 0.5569151606425702 0.45839608433734935 0.5591114457831325 0.4649849397590361 0.5653865461847389 0.46874999999999994 0.568524096385542 0.47282881526104414 0.5713478915662651 0.47784889558232924 0.5738579317269076 0.4809864457831325 0.5754267068273092 0.4841239959839357 0.5769954819277108 0.48694779116465864 0.5788780120481928 0.4897715863453815 0.5798192771084337 0.49290913654618473 0.5804467871485943 0.4979292168674698 0.5804467871485943 0.5038905622489959 0.5804467871485943 0.5076556224899598 0.5788780120481928 0.5114206827309237 0.5757404618473896 0.5133032128514056 0.5726029116465863
1 0.5973895582329317 0.5587976907630522 0.5995858433734939 0.5575426706827309 0.6011546184738955 0.5566014056224898 0.603664658634538 0.553777610441767 0.6046059236947791 0.5515813253012049 0.6068022088353413 0.5475025100401606 0.6071159638554217 0.5446787148594378 0.6068022088353413 0.5412274096385541 0.6068022088353413 0.5393448795180723 0.6058609437751004 0.53714859437751 0.6042921686746987 0.535266064257028 0.6027233935742972 0.5336972891566264 0.6005271084337349 0.5321285140562249 0.598644578313253 0.5311872489959839 0.5964482931726907 0.530245983935743 0.5936244979919678 0.5293047188755019 0.5911144578313253 0.5286772088353413 0.5892319277108433 0.528363453815261 0.5864081325301205 0.528363453815261 0.5842118473895581 0.528363453815261 0.5823293172690762 0.528363453815261 0.5788780120481928 0.5286772088353413 0.5757404618473896 0.5289909638554217 0.5732304216867469 0.5289909638554217 0.5710341365461847 0.5296184738955823 0.5678965863453815 0.530245983935743 0.563504016064257 0.5311872489959839 0.5603664658634538 0.5318147590361445 0.5581701807228915 0.5327560240963856 0.5550326305220883 0.5349523092369477 0.5525225903614458 0.5365210843373494 0.5503263052208834 0.5393448795180723 0.5484437751004017 0.5418549196787148 0.5465612449799196 0.5453062248995983 0.5453062248995983 0.5471887550200802 0.544051204819277 0.5503263052208834 0.5431099397590361 0.5531501004016064 0.5427961847389557 0.555660140562249 0.5434236947791165 0.5572289156626505 0.5453062248995983 0.5587976907630522 0.5471887550200802 0.5600527108433735 0.547816265060241 0.5619352409638554 0.5509538152610441 0.5660140562248995 0.5540913654618473 0.5675828313253012 0.5566014056224898 0.5682103413654619 0.5594252008032128 0.5682103413654619 0.5631902610441767 0.5682103413654619 0.5669553212851405 0.5682103413654619 0.5713478915662651 0.5675828313253012 0.5741716867469879 0.5669553212851405 0.5779367469879517 0.5660140562248995 0.5807605421686746 0.5657003012048192 0.5838980923694778 0.5653865461847389 0.5873493975903614 0.5641315261044176 0.5904869477911646 0.5628765060240963 0.5933107429718875 0.561621485943775
1 0.4973017068273092 0.37525100401606426 0.4982429718875502 0.37274096385542166 0.4991842369477911 0.36960341365461846 0.4998117469879518 0.36615210843373486 0.5001255020080321 0.362387048192771 0.4998117469879518 0.3592494979919678 0.4994979919678714 0.3557981927710843 0.4982429718875502 0.35234688755020077 0.4966741967871486 0.34858182730923687 0.494164156626506 0.345758032128514 0.4913403614457831 0.34387550200803213 0.4885165662650602 0.34230672690763053 0.485379016064257 0.34073795180722893 0.48286897590361444 0.34073795180722893 0.47941767068273083 0.3416792168674698 0.47628012048192764 0.34262048192771083 0.4734563253012048 0.3432479919678714 0.47000502008032125 0.3441892570281124 0.46718122489959835 0.3454442771084337 0.4634161646586345 0.3473268072289156 0.4615336345381526 0.3488955823293172 0.45965110441767065 0.3504643574297189 0.458082329317269 0.35234688755020077 0.4565135542168674 0.35391566265060237 0.4555722891566265 0.3564257028112449 0.4546310240963855 0.3592494979919678 0.45368975903614456 0.3614457831325301 0.4530622489959839 0.36395582329317266 0.45243473895582326 0.36615210843373486 0.4518072289156626 0.36866214859437746 0.45117971887550196 0.3708584337349397 0.45086596385542166 0.3733684738955823 0.450238453815261 0.37619226907630515 0.450238453815261 0.3783885542168674 0.450238453815261 0.38152610441767065 0.4505522088353413 0.3840361445783132 0.45117971887550196 0.38623242971887545 0.4518072289156626 0.38874246987951805 0.45274849397590355 0.39062499999999994 0.45368975903614456 0.3925075301204819 0.45933734939759036 0.39470381526104414 0.46278865461847385 0.3950175702811245 0.4649849397590361 0.3956450803212851 0.4674949799196787 0.39721385542168675 0.4706325301204819 0.39721385542168675 0.4731425702811245 0.39627259036144574 0.47753514056224894 0.3950175702811245 0.48161395582329314 0.39470381526104414 0.48318273092369474 0.39439006024096385 0.48600652610441764 0.39219377510040154 0.4882028112449799 0.3899974899598393 0.4900853413654618 0.38780120481927705 0.4922816265060241 0.3849774096385542 0.494164156626506 0.38183985943775095 0.49604668674698793 0.3780747991967871
1 0.38278112449799195 0.29210592369477906 0.3834086345381526 0.28865461847389556 0.38372238955823285 0.28551706827309237 0.38434989959839355 0.2823795180722891 0.3849774096385542 0.27892821285140557 0.38623242971887545 0.276418172690763 0.38623242971887545 0.2735943775100401 0.38591867469879515 0.2707705823293172 0.3852911646586345 0.26731927710843373 0.38372238955823285 0.2641817269076305 0.38278112449799195 0.26167168674698793 0.38027108433734935 0.2594754016064257 0.3783885542168674 0.25853413654618473 0.37619226907630515 0.2582203815261044 0.37274096385542166 0.2582203815261044 0.36960341365461846 0.2582203815261044 0.3664658634538152 0.2582203815261044 0.36270080321285136 0.25853413654618473 0.3608182730923694 0.25884789156626503 0.35799447791164657 0.2594754016064257 0.3557981927710843 0.2607304216867469 0.3532881526104417 0.2622991967871486 0.3504643574297189 0.26449548192771083 0.346699297188755 0.26731927710843373 0.3445030120481928 0.2692018072289156 0.3416792168674698 0.2713980923694779 0.3391691767068273 0.2732806224899598 0.3376004016064257 0.27453564257028107 0.3347766064257028 0.27735943775100397 0.33226656626506024 0.2792419678714859 0.32975652610441764 0.28143825301204817 0.3269327309236948 0.284262048192771 0.32473644578313254 0.2867720883534136 0.3228539156626506 0.28865461847389556 0.32065763052208834 0.29147841365461846 0.3187751004016064 0.293988453815261 0.3172063253012048 0.2968122489959839 0.31563755020080314 0.2996360441767068 0.31563755020080314 0.301832329317269 0.3153237951807229 0.30716616465863456 0.31626506024096385 0.31061746987951805 0.3175200803212851 0.31375502008032125 0.31908885542168675 0.3175200803212851 0.32222640562248994 0.3200301204819277 0.32661897590361444 0.32254016064257024 0.3316390562248996 0.32379518072289154 0.33540411646586343 0.32379518072289154 0.34073795180722893 0.32254016064257024 0.3451305220883534 0.32128514056224894 0.3492093373493976 0.31908885542168675 0.3542294176706827 0.31626506024096385 0.3589357429718875 0.31375502008032125 0.36270080321285136 0.311558734939759 0.3664658634538152 0.3084211847389558 0.37023092369477906 0.3052836345381526 0.37368222891566266 0.30277359437751 0.3774472891566265 0.2999497991967871 0.38027108433734935 0.29712600401606426 0.3821536144578313 0.294929718875502
1 0.494164156626506 0.2751631526104417 0.4954191767068272 0.2717118473895582 0.49604668674698793 0.268574297188755 0.49604668674698793 0.2654367469879518 0.4957329317269076 0.26198544176706823 0.49447791164658633 0.2582203815261044 0.493222891566265 0.2550828313253012 0.4910266064257028 0.25194528112449793 0.4891440763052209 0.24943524096385541 0.48694779116465864 0.24692520080321284 0.48443775100401604 0.24472891566265056 0.48192771084337344 0.24284638554216864 0.48004518072289154 0.2419051204819277 0.47722138554216864 0.24065010040160642 0.47439759036144574 0.23970883534136542 0.4715737951807229 0.23876757028112447 0.46843624497991965 0.23845381526104417 0.46529869477911645 0.2375125502008032 0.4631024096385542 0.23657128514056225 0.46121987951807225 0.23531626506024095 0.4561997991967871 0.23374748995983935 0.45243473895582326 0.23374748995983935 0.4486696787148594 0.23374748995983935 0.4464733935742971 0.23406124497991965 0.44364959839357426 0.23500251004016062 0.441453313253012 0.23594377510040157 0.4383157630522088 0.23719879518072287 0.43517821285140557 0.23845381526104417 0.43329568273092367 0.23970883534136542 0.43172690763052207 0.24096385542168672 0.4289031124497991 0.24284638554216864 0.42670682730923687 0.24567018072289154 0.424824297188755 0.24818022088353411 0.422941767068273 0.2497489959839357 0.4213729919678714 0.25163152610441764 0.4210592369477911 0.2547690763052209 0.4213729919678714 0.2582203815261044 0.4220005020080321 0.26167168674698793 0.422941767068273 0.2648092369477911 0.4245105421686747 0.2679467871485944 0.4254518072289156 0.2710843373493976 0.42670682730923687 0.2726531124497992 0.4276480923694779 0.2751631526104417 0.43266817269076296 0.27955572289156627 0.4373744979919678 0.28300702811244977 0.44113955823293166 0.285203313253012 0.4455321285140562 0.2867720883534136 0.4489834337349397 0.28802710843373497 0.45117971887550196 0.2883408634538152 0.4558860441767068 0.28865461847389556 0.45933734939759036 0.28865461847389556 0.4631024096385542 0.2883408634538152 0.46718122489959835 0.28802710843373497 0.47031877510040154 0.28739959839357426 0.4722013052208835 0.28708584337349397 0.47533885542168675 0.2864583333333333 0.4781626506024096 0.28583082329317266 0.4822414658634538 0.28457580321285136 0.48600652610441764 0.28300702811244977 0.4897715863453815 0.2808107429718875 0.4925953815261044 0.2779869477911647
1 0.1374246987951807 0.36521084337349397 0.14087600401606426 0.36426957831325296 0.14432730923694778 0.363328313253012 0.14715110441767065 0.36207329317269077 0.14966114457831325 0.3598770080321285 0.15311244979919678 0.3573669678714859 0.1549949799196787 0.3557981927710843 0.15813253012048192 0.35266064257028107 0.16032881526104417 0.3498368473895582 0.1637801204819277 0.346699297188755 0.16629016064257027 0.34387550200803213 0.1681726907630522 0.34136546184738953 0.16880020080321284 0.3391691767068273 0.16942771084337346 0.33697289156626503 0.1697414658634538 0.33414909638554213 0.1697414658634538 0.33132530120481923 0.1697414658634538 0.3285015060240964 0.1697414658634538 0.32567771084337344 0.16911395582329317 0.3234814257028112 0.1681726907630522 0.3215988955823293 0.16660391566265056 0.31940261044176704 0.16440763052208834 0.3172063253012048 0.1622113453815261 0.31501004016064255 0.15907379518072287 0.31218624497991965 0.15687751004016062 0.31061746987951805 0.15405371485943772 0.30904869477911645 0.1506024096385542 0.30779367469879515 0.14840612449799195 0.3068524096385542 0.14526857429718873 0.30622489959839355 0.14275853413654618 0.30559738955823296 0.14118975903614456 0.3052836345381526 0.1374246987951807 0.3052836345381526 0.1342871485943775 0.30559738955823296 0.13209086345381524 0.3059111445783132 0.12863955823293172 0.3068524096385542 0.12518825301204817 0.30779367469879515 0.12142319277108432 0.3084211847389558 0.11828564257028112 0.3093624497991968 0.11577560240963855 0.3099899598393574 0.11263805220883533 0.3109312248995984 0.11012801204819275 0.311558734939759 0.10761797188755019 0.3128137550200803 0.10416666666666666 0.3143825301204819 0.10134287148594376 0.31626506024096385 0.0988328313253012 0.3175200803212851 0.09663654618473895 0.3187751004016064 0.0944402610441767 0.3200301204819277 0.09193022088353413 0.3219126506024096 0.08973393574297188 0.32379518072289154 0.0872238955823293 0.32536395582329314 0.08534136546184738 0.3269327309236948 0.08314508032128513 0.3294427710843373 0.08157630522088354 0.33132530120481923 0.08000753012048192 0.3335215863453815 0.07843875502008031 0.3360316265060241 0.07718373493975902 0.3388554216867469 0.07592871485943774 0.34136546184738953 0.07498744979919678 0.3435617469879518 0.07435993975903614 0.347640562248996 0.07435993975903614 0.3504643574297189 0.07655622489959839 0.35673945783132527 0.08032128514056223 0.3605045180722891 0.08471385542168673 0.36426957831325296 0.0872238955823293 0.36615210843373486 0.08973393574297188 0.3674071285140562 0.09255773092369476 0.36866214859437746 0.09569528112449799 0.36960341365461846 0.09946034136546184 0.37023092369477906 0.1032254016064257 0.3705446787148594 0.10761797188755019 0.3705446787148594 0.11138303212851405 0.3705446787148594 0.11452058232931725 0.37023092369477906 0.11891315261044175 0.3699171686746988 0.12236445783132528 0.36960341365461846 0.12644327309236947 0.36866214859437746 0.12926706827309237 0.36803463855421686 0.13177710843373494 0.36709337349397586 0.13491465863453814 0.36615210843373486
1 0.28049698795180716 0.24410140562248994 0.2779869477911647 0.24065010040160642 0.27453564257028107 0.23688504016064255 0.2723393574297189 0.23468875502008033 0.2698293172690763 0.23249246987951805 0.26731927710843373 0.2302961847389558 0.26449548192771083 0.22935491967871482 0.2622991967871486 0.22998242971887548 0.26041666666666663 0.23092369477911642 0.25884789156626503 0.23123744979919678 0.25727911646586343 0.23060993975903613 0.25257279116465864 0.22935491967871482 0.25037650602409633 0.22841365461847388 0.24818022088353411 0.22778614457831325 0.24535642570281124 0.22684487951807228 0.24253263052208834 0.22684487951807228 0.2403363453815261 0.22715863453815258 0.2375125502008032 0.2287274096385542 0.2362575301204819 0.23060993975903613 0.23500251004016062 0.23280622489959837 0.23374748995983935 0.23468875502008033 0.23186495983935743 0.23719879518072287 0.2302961847389558 0.2390813253012048 0.2290411646586345 0.24065010040160642 0.2290411646586345 0.24316014056224897 0.2290411646586345 0.24598393574297187 0.22935491967871482 0.24880773092369476 0.22998242971887548 0.25163152610441764 0.23060993975903613 0.25414156626506024 0.23217871485943772 0.2566516064257028 0.23374748995983935 0.25853413654618473 0.23531626506024095 0.2607304216867469 0.23719879518072287 0.26292670682730923 0.23970883534136542 0.2648092369477911 0.24127761044176704 0.266691767068273 0.24316014056224897 0.268574297188755 0.24943524096385541 0.2735943775100401 0.25571034136546184 0.2779869477911647 0.25853413654618473 0.2792419678714859 0.26167168674698793 0.28049698795180716 0.2654367469879518 0.2808107429718875 0.269515562248996 0.28049698795180716 0.2720256024096385 0.27986947791164657 0.2751631526104417 0.2783007028112449 0.2776731927710843 0.2767319277108433 0.28049698795180716 0.27453564257028107 0.2833207831325301 0.2720256024096385 0.2867720883534136 0.2692018072289156 0.2883408634538152 0.2670055220883534 0.28896837349397586 0.26449548192771083 0.28896837349397586 0.2610441767068273 0.28865461847389556 0.25727911646586343 0.28739959839357426 0.25414156626506024 0.28583082329317266 0.251004016064257 0.28394829317269077 0.24880773092369476 0.2823795180722891 0.24692520080321284
1 0.31406877510040154 0.21805973895582328 0.3134412650602409 0.2155496987951807 0.3128137550200803 0.2124121485943775 0.311558734939759 0.20896084337349397 0.3103037148594377 0.20582329317269074 0.3087349397590361 0.20268574297188752 0.30747991967871485 0.19986194779116465 0.3052836345381526 0.19703815261044175 0.30340110441767065 0.19515562248995982 0.30057730923694775 0.19358684738955823 0.29806726907630515 0.19233182730923692 0.2943022088353413 0.1917043172690763 0.2911646586345381 0.1917043172690763 0.2883408634538152 0.1917043172690763 0.28551706827309237 0.19233182730923692 0.28300702811244977 0.19358684738955823 0.2817520080321285 0.19515562248995982 0.2808107429718875 0.19703815261044175 0.2801832329317269 0.19892068273092367 0.27955572289156627 0.2008032128514056 0.27861445783132527 0.2033132530120482 0.2783007028112449 0.20550953815261044 0.2776731927710843 0.20739206827309237 0.27704568273092367 0.2095883534136546 0.2767319277108433 0.2114708835341365 0.2767319277108433 0.21900100401606426 0.2783007028112449 0.22402108433734938 0.27955572289156627 0.22653112449799195 0.28112449799196787 0.22966867469879518 0.2823795180722891 0.2331199799196787 0.28394829317269077 0.2362575301204819 0.28583082329317266 0.23939508032128512 0.2883408634538152 0.24221887550200802 0.2917921686746988 0.24567018072289154 0.2958709839357429 0.24818022088353411 0.29869477911646586 0.24818022088353411 0.30151857429718876 0.24723895582329317 0.3040286144578313 0.2450426706827309 0.30747991967871485 0.24221887550200802 0.3093624497991968 0.23939508032128512 0.311558734939759 0.2362575301204819 0.3128137550200803 0.2331199799196787 0.31375502008032125 0.22998242971887548 0.3143825301204819 0.22715863453815258 0.3143825301204819 0.22370732931726905 0.31406877510040154 0.22088353413654618
1 0.3689759036144578 0.19672439759036145 0.36834839357429716 0.19452811244979917 0.36803463855421686 0.1917043172690763 0.3674071285140562 0.18825301204819275 0.3664658634538152 0.18480170682730923 0.36552459839357426 0.18135040160642568 0.36458333333333326 0.17789909638554216 0.363328313253012 0.17507530120481926 0.3617595381526104 0.1722515060240964 0.3598770080321285 0.17005522088353411 0.3583082329317269 0.16848644578313252 0.3561119477911647 0.16723142570281124 0.35234688755020077 0.16597640562248994 0.34858182730923687 0.16629016064257027 0.3460717871485944 0.16691767068273092 0.34230672690763053 0.16848644578313252 0.3391691767068273 0.17005522088353411 0.33728664658634533 0.1709964859437751 0.33540411646586343 0.17193775100401607 0.33414909638554213 0.17350652610441764 0.3328940763052209 0.1753890562248996 0.33132530120481923 0.17758534136546184 0.3303840361445783 0.17946787148594376 0.32975652610441764 0.18135040160642568 0.32975652610441764 0.18386044176706826 0.32975652610441764 0.18668423694779115 0.330070281124498 0.18982178714859438 0.33069779116465864 0.19295933734939757 0.33132530120481923 0.19578313253012045 0.3316390562248996 0.19892068273092367 0.3335215863453815 0.2120983935742972 0.3347766064257028 0.21680471887550198 0.33665913654618473 0.2202560240963855 0.3394829317269076 0.2227660642570281 0.3416792168674698 0.22402108433734938 0.344816767068273 0.22402108433734938 0.34701305220883527 0.22496234939759036 0.3492093373493976 0.2259036144578313 0.3517193775100401 0.22653112449799195 0.35360190763052207 0.22621736947791163 0.35705321285140557 0.22402108433734938 0.3589357429718875 0.22370732931726905 0.3614457831325301 0.22245230923694775 0.3630145582329317 0.22088353413654618 0.3648970883534136 0.21805973895582328 0.3658383534136546 0.21586345381526104 0.36709337349397586 0.21303965863453814 0.36803463855421686 0.2099021084337349 0.3689759036144578 0.20707831325301204 0.3699171686746988 0.20425451807228914 0.3699171686746988 0.20143072289156624 0.36960341365461846 0.19954819277108432
1 0.11357931726907629 0.1932730923694779 0.11452058232931725 0.18950803212851405 0.11483433734939759 0.18668423694779115 0.11483433734939759 0.18354668674698793 0.11452058232931725 0.17978162650602408 0.11452058232931725 0.17664407630522086 0.11452058232931725 0.1741340361445783 0.11452058232931725 0.1716239959839357 0.11389307228915663 0.16785893574297187 0.11295180722891565 0.16440763052208834 0.11169678714859436 0.16127008032128512 0.11106927710843371 0.15907379518072287 0.10981425702811244 0.15750502008032127 0.1063629518072289 0.15593624497991965 0.10259789156626506 0.15530873493975902 0.09726405622489959 0.15562248995983935 0.09130271084337349 0.15625 0.08785140562248996 0.15719126506024095 0.08596887550200803 0.15844628514056225 0.0840863453815261 0.16001506024096385 0.08126255020080321 0.16283885542168672 0.07938002008032127 0.165035140562249 0.07781124497991967 0.16723142570281124 0.07624246987951806 0.1697414658634538 0.07310491967871485 0.18103664658634538 0.07247740963855422 0.18417419678714858 0.07247740963855422 0.18856676706827308 0.07279116465863453 0.19233182730923692 0.07341867469879518 0.1979794176706827 0.07435993975903614 0.20174447791164657 0.07624246987951806 0.20582329317269074 0.07875251004016064 0.20864708835341364 0.0825175702811245 0.2111571285140562 0.08534136546184738 0.21303965863453814 0.08879267068273092 0.21460843373493974 0.09255773092369476 0.21492218875502006 0.09412650602409638 0.21460843373493974 0.09789156626506022 0.21335341365461843 0.09946034136546184 0.21335341365461843 0.10134287148594376 0.21335341365461843 0.10353915662650602 0.2127259036144578 0.1060491967871486 0.21052961847389556 0.10730421686746987 0.208019578313253 0.10824548192771083 0.20550953815261044 0.10918674698795179 0.20299949799196784 0.11138303212851405 0.19892068273092367 0.11232429718875502 0.19609688755020077
1 0.008471385542168674 0.0753012048192771 0.008785140562248996 0.08032128514056223 0.00972640562248996 0.0840863453815261 0.010667670682730923 0.08785140562248996 0.011922690763052208 0.0916164658634538 0.014118975903614456 0.09506777108433734 0.016315261044176705 0.09789156626506022 0.018511546184738954 0.10008785140562249 0.021335341365461846 0.10353915662650602 0.023217871485943772 0.10542168674698794 0.0251004016064257 0.10793172690763052 0.026669176706827304 0.11012801204819275 0.028865461847389553 0.11263805220883533 0.0310617469879518 0.11452058232931725 0.032944277108433735 0.11577560240963855 0.035140562248995984 0.11703062248995982 0.03733684738955823 0.11828564257028112 0.0398468875502008 0.11922690763052209 0.044239457831325296 0.12110943775100401 0.04737700803212851 0.12110943775100401 0.05114206827309236 0.12110943775100401 0.054593373493975896 0.12048192771084336 0.05710341365461847 0.11891315261044175 0.05898594377510039 0.11640311244979919 0.060554718875502005 0.11389307228915663 0.0621234939759036 0.11106927710843371 0.06306475903614457 0.10887299196787148 0.06431977911646586 0.1032254016064257 0.06369226907630522 0.09726405622489959 0.06306475903614457 0.09381275100401607 0.0621234939759036 0.09067520080321284 0.06086847389558233 0.08659638554216867 0.05961345381526104 0.0840863453815261 0.05804467871485943 0.08189006024096385 0.05616214859437751 0.0796937751004016 0.054593373493975896 0.07781124497991967 0.05271084337349397 0.0753012048192771 0.051455823293172685 0.07341867469879518 0.04894578313253011 0.07122238955823293 0.04706325301204819 0.06933985943775099 0.044239457831325296 0.06714357429718874 0.041101907630522086 0.06463353413654618 0.03796435742971887 0.06243724899598393 0.03482680722891566 0.060554718875502005 0.03168925702811245 0.05929969879518072 0.026355421686746986 0.05867218875502008 0.022590361445783132 0.05898594377510039 0.018197791164658632 0.06086847389558233 0.014118975903614456 0.06400602409638553 0.010981425702811244 0.06745732931726907 0.009098895582329316 0.0709086345381526
1 0.12110943775100401 0.0677710843373494 0.11985441767068271 0.0649472891566265 0.11828564257028112 0.06243724899598393 0.11671686746987951 0.059927208835341354 0.1151480923694779 0.057730923694779106 0.11232429718875502 0.05490712851405622 0.11012801204819275 0.05271084337349397 0.10761797188755019 0.05114206827309236 0.10573544176706826 0.0502008032128514 0.10291164658634537 0.04894578313253011 0.09977409638554216 0.04769076305220883 0.09695030120481926 0.04800451807228915 0.09475401606425703 0.04863202811244979 0.09255773092369476 0.050514558232931724 0.0900476907630522 0.05271084337349397 0.08816516064257027 0.054593373493975896 0.086910140562249 0.05710341365461847 0.08596887550200803 0.05898594377510039 0.08534136546184738 0.06180973895582329 0.08502761044176706 0.06526104417670682 0.08440010040160642 0.06808483935742972 0.0840863453815261 0.0709086345381526 0.0840863453815261 0.07341867469879518 0.08440010040160642 0.07655622489959839 0.08440010040160642 0.07938002008032127 0.08471385542168673 0.08220381526104417 0.08502761044176706 0.08596887550200803 0.08596887550200803 0.08973393574297188 0.08659638554216867 0.09224397590361445 0.086910140562249 0.09475401606425703 0.09193022088353413 0.10291164658634537 0.0960090361445783 0.10824548192771083 0.10102911646586345 0.11138303212851405 0.10385291164658633 0.11263805220883533 0.10761797188755019 0.11326556224899598 0.11044176706827309 0.11389307228915663 0.11263805220883533 0.11420682730923694 0.11546184738955821 0.11483433734939759 0.11797188755020079 0.11295180722891565 0.1195406626506024 0.1107555220883534 0.12048192771084336 0.10887299196787148 0.12267821285140562 0.10699046184738956 0.12487449799196786 0.10448042168674698 0.12644327309236947 0.10228413654618472 0.12707078313253012 0.10008785140562249 0.1267570281124498 0.09695030120481926 0.1267570281124498 0.09412650602409638 0.1267570281124498 0.09067520080321284 0.12644327309236947 0.086910140562249 0.12612951807228914 0.08377259036144577 0.12581576305220882 0.08063504016064256 0.12518825301204817 0.078125 0.12456074297188754 0.07592871485943774 0.12361947791164658 0.07341867469879518 0.12236445783132528 0.0709086345381526
1 0.17664407630522086 0.046435742971887545 0.1744477911646586 0.04361194779116465 0.17131024096385541 0.041101907630522086 0.16723142570281124 0.03890562248995984 0.16409387550200802 0.03765060240963855 0.16064257028112447 0.03765060240963855 0.15750502008032127 0.03765060240963855 0.15530873493975902 0.03890562248995984 0.15311244979919678 0.041101907630522086 0.15122991967871485 0.043298192771084335 0.14966114457831325 0.046121987951807226 0.14840612449799195 0.04769076305220883 0.14715110441767065 0.0502008032128514 0.14558232931726905 0.053652108433734934 0.1446410642570281 0.05616214859437751 0.14369979919678713 0.058358433734939756 0.1421310240963855 0.0621234939759036 0.1421310240963855 0.06526104417670682 0.14244477911646586 0.06871234939759036 0.14244477911646586 0.07279116465863453 0.14307228915662648 0.0753012048192771 0.14369979919678713 0.07875251004016064 0.14432730923694778 0.08283132530120481 0.14495481927710843 0.08628263052208834 0.14558232931726905 0.08942018072289155 0.1462098393574297 0.09193022088353413 0.14652359437751003 0.09318524096385541 0.15122991967871485 0.09789156626506022 0.15436746987951805 0.09946034136546184 0.15750502008032127 0.1016566265060241 0.1609563253012048 0.10353915662650602 0.16409387550200802 0.10448042168674698 0.16566265060240962 0.10416666666666666 0.16754518072289154 0.10259789156626506 0.17036897590361447 0.10008785140562249 0.1722515060240964 0.09789156626506022 0.17476154618473894 0.09475401606425703 0.1772715863453815 0.0916164658634538 0.1788403614457831 0.08910642570281123 0.17978162650602408 0.0872238955823293 0.18135040160642568 0.08440010040160642 0.18197791164658633 0.08220381526104417 0.18197791164658633 0.07906626506024096 0.18197791164658633 0.07561495983935743 0.181664156626506 0.07310491967871485 0.18135040160642568 0.07028112449799197 0.18135040160642568 0.06745732931726907 0.18103664658634538 0.06431977911646586 0.18072289156626506 0.061495983935742966 0.1804091365461847 0.05867218875502008 0.17946787148594376 0.054593373493975896 0.1788403614457831 0.05208333333333333 0.17821285140562246 0.04988704819277108
1 0.3482680722891566 0.057730923694779106 0.345758032128514 0.05490712851405622 0.3435617469879518 0.05271084337349397 0.3419929718875502 0.05114206827309236 0.34011044176706823 0.050514558232931724 0.33697289156626503 0.04925953815261044 0.33414909638554213 0.04957329317269076 0.3319528112449799 0.04988704819277108 0.3294427710843373 0.051455823293172685 0.32724648594377503 0.05333835341365461 0.32567771084337344 0.05427961847389558 0.32316767068273095 0.055220883534136546 0.32065763052208834 0.056789658634538144 0.31940261044176704 0.05929969879518072 0.3187751004016064 0.061495983935742966 0.31783383534136544 0.06431977911646586 0.3168925702811245 0.06682981927710843 0.31563755020080314 0.06996736947791164 0.31501004016064255 0.07310491967871485 0.31469628514056225 0.07592871485943774 0.31469628514056225 0.07906626506024096 0.31501004016064255 0.08283132530120481 0.31501004016064255 0.08565512048192771 0.31501004016064255 0.08847891566265059 0.3153237951807229 0.09067520080321284 0.3153237951807229 0.09349899598393573 0.3159513052208835 0.09569528112449799 0.31783383534136544 0.09820532128514056 0.3215988955823293 0.10291164658634537 0.32222640562248994 0.1063629518072289 0.32410893574297184 0.10855923694779115 0.32724648594377503 0.1107555220883534 0.33069779116465864 0.11138303212851405 0.3344628514056225 0.11106927710843371 0.33728664658634533 0.11106927710843371 0.3416792168674698 0.11106927710843371 0.3454442771084337 0.10887299196787148 0.34701305220883527 0.1060491967871486 0.3488955823293172 0.10228413654618472 0.3501506024096385 0.09946034136546184 0.3514056224899598 0.09695030120481926 0.3520331325301205 0.0944402610441767 0.35266064257028107 0.09224397590361445 0.35360190763052207 0.09036144578313253 0.3542294176706827 0.08816516064257027 0.3548569277108433 0.08502761044176706 0.3548569277108433 0.08189006024096385 0.3548569277108433 0.07875251004016064 0.354543172690763 0.07624246987951806 0.3542294176706827 0.07404618473895581 0.35360190763052207 0.0709086345381526 0.3529743975903614 0.06839859437751003 0.35234688755020077 0.06620230923694778 0.3514056224899598 0.06306475903614457 0.3498368473895582 0.059927208835341354
1 0.3915662650602409 0.07749748995983935 0.3874874497991968 0.07718373493975902 0.3840361445783132 0.07749748995983935 0.38152610441767065 0.08000753012048192 0.37964357429718876 0.0825175702811245 0.3783885542168674 0.08502761044176706 0.37713353413654616 0.08785140562248996 0.3765060240963855 0.09067520080321284 0.3765060240963855 0.09318524096385541 0.3768197791164658 0.09632279116465862 0.37713353413654616 0.09946034136546184 0.3774472891566265 0.10197038152610441 0.3777610441767068 0.10510793172690762 0.3783885542168674 0.10761797188755019 0.3790160642570281 0.11012801204819275 0.37964357429718876 0.11232429718875502 0.3805848393574297 0.11452058232931725 0.3821536144578313 0.11828564257028112 0.38309487951807225 0.12016817269076305 0.38623242971887545 0.1255020080321285 0.3893699799196787 0.12801204819277107 0.39219377510040154 0.129894578313253 0.39470381526104414 0.13083584337349397 0.397527610441767 0.13146335341365462 0.40192018072289154 0.13209086345381524 0.4050577309236948 0.13209086345381524 0.4100778112449799 0.13209086345381524 0.4129016064257028 0.129894578313253 0.415097891566265 0.12707078313253012 0.41666666666666663 0.12330572289156624 0.41792168674698793 0.12110943775100401 0.41823544176706823 0.11765813253012047 0.41823544176706823 0.11389307228915663 0.41823544176706823 0.11044176706827309 0.41823544176706823 0.10699046184738956 0.4169804216867469 0.10291164658634537 0.416039156626506 0.1004016064257028 0.415097891566265 0.09820532128514056 0.4132153614457831 0.09506777108433734 0.4116465863453815 0.09255773092369476 0.41039156626506024 0.09036144578313253 0.4085090361445783 0.08785140562248996 0.40631275100401604 0.08565512048192771 0.40380271084337344 0.08377259036144577 0.4016064257028112 0.0825175702811245 0.398468875502008 0.08032128514056223 0.3950175702811245 0.07843875502008031
1 0.5365210843373494 0.0840863453815261 0.5343247991967871 0.08063504016064256 0.5321285140562249 0.07781124497991967 0.5293047188755019 0.07498744979919678 0.5271084337349398 0.07341867469879518 0.5242846385542168 0.07059487951807228 0.5211470883534136 0.06839859437751003 0.5180095381526104 0.0665160642570281 0.5148719879518072 0.06526104417670682 0.5123619477911646 0.06463353413654618 0.5089106425702811 0.06463353413654618 0.5054593373493975 0.06463353413654618 0.5013805220883534 0.06557479919678715 0.4979292168674698 0.06682981927710843 0.4954191767068272 0.06839859437751003 0.49290913654618473 0.07059487951807228 0.49039909638554213 0.07341867469879518 0.4882028112449799 0.07592871485943774 0.4866340361445783 0.07875251004016064 0.485379016064257 0.08157630522088354 0.48443775100401604 0.0840863453815261 0.4838102409638554 0.086910140562249 0.4838102409638554 0.08942018072289155 0.4838102409638554 0.0916164658634538 0.4838102409638554 0.09475401606425703 0.4838102409638554 0.09663654618473895 0.4841239959839357 0.09914658634538152 0.48443775100401604 0.10134287148594376 0.485379016064257 0.10385291164658633 0.48600652610441764 0.10573544176706826 0.4866340361445783 0.10824548192771083 0.4872615461847389 0.11012801204819275 0.4891440763052209 0.11577560240963855 0.4925953815261044 0.12205070281124497 0.49479166666666663 0.12518825301204817 0.4966741967871486 0.1283258032128514 0.4991842369477911 0.13240461847389556 0.5026355421686747 0.13491465863453814 0.5070281124497992 0.13679718875502006 0.5120481927710843 0.13836596385542166 0.5167545180722891 0.13805220883534136 0.5198920682730923 0.1374246987951807 0.5230296184738955 0.13616967871485944 0.5264809236947791 0.1346009036144578 0.5293047188755019 0.1330321285140562 0.5315010040160641 0.13146335341365462 0.5340110441767068 0.12895331325301204 0.535266064257028 0.1267570281124498 0.5358935742971888 0.12487449799196786 0.53714859437751 0.12236445783132528 0.5380898594377509 0.1195406626506024 0.5384036144578312 0.11703062248995982 0.539031124497992 0.11389307228915663 0.5393448795180723 0.1107555220883534 0.5396586345381525 0.10855923694779115 0.5399723895582329 0.10510793172690762 0.5402861445783133 0.10197038152610441 0.5402861445783133 0.0988328313253012 0.5399723895582329 0.09506777108433734 0.5393448795180723 0.09193022088353413 0.5380898594377509 0.08785140562248996
1 0.6271962851405621 0.04486696787148594 0.6271962851405621 0.041415662650602404 0.6271962851405621 0.03953313253012048 0.6265687751004017 0.03733684738955823 0.625 0.035140562248995984 0.6237449799196786 0.03357178714859437 0.6215486947791165 0.03231676706827309 0.6187248995983936 0.030434236947791165 0.6162148594377509 0.03012048192771084 0.6137048192771084 0.03012048192771084 0.6102535140562249 0.030434236947791165 0.6068022088353413 0.030434236947791165 0.6039784136546184 0.030747991967871483 0.6014683734939759 0.030747991967871483 0.5989583333333334 0.03137550200803212 0.5964482931726907 0.032944277108433735 0.5942520080321285 0.035140562248995984 0.5926832329317269 0.03702309236947791 0.5901731927710843 0.0398468875502008 0.588918172690763 0.04204317269076305 0.587976907630522 0.04392570281124498 0.5867218875502008 0.046121987951807226 0.5857806224899598 0.04863202811244979 0.5848393574297188 0.051455823293172685 0.5838980923694778 0.053652108433734934 0.5829568273092369 0.056789658634538144 0.5823293172690762 0.05898594377510039 0.5813880522088353 0.0621234939759036 0.5804467871485943 0.06463353413654618 0.5795055220883534 0.0677710843373494 0.5788780120481928 0.06996736947791164 0.5788780120481928 0.07279116465863453 0.5785642570281124 0.08000753012048192 0.5763679718875501 0.08314508032128513 0.5754267068273092 0.08471385542168673 0.5760542168674699 0.08659638554216867 0.5779367469879517 0.08910642570281123 0.580133032128514 0.09067520080321284 0.5829568273092369 0.09193022088353413 0.5860943775100401 0.09318524096385541 0.588918172690763 0.09349899598393573 0.5914282128514056 0.09349899598393573 0.5948795180722891 0.09349899598393573 0.596762048192771 0.09318524096385541 0.598644578313253 0.09287148594377509 0.6011546184738955 0.09255773092369476 0.603664658634538 0.09224397590361445 0.6058609437751004 0.09130271084337349 0.6077434738955823 0.08910642570281123 0.6102535140562249 0.08534136546184738 0.6121360441767068 0.08189006024096385 0.6137048192771084 0.078125 0.6155873493975903 0.0753012048192771 0.617156124497992 0.07247740963855422 0.6190386546184737 0.06871234939759036 0.6206074297188754 0.06620230923694778 0.6218624497991968 0.06306475903614457 0.623117469879518 0.05961345381526104 0.6240587349397589 0.057417168674698794 0.6253137550200802 0.05427961847389558 0.6262550200803213 0.05114206827309236 0.6271962851405621 0.04800451807228915
1 0.5760542168674699 0.14871987951807228 0.5716616465863453 0.14777861445783133 0.5688378514056224 0.14777861445783133 0.5650727911646586 0.14777861445783133 0.562562751004016 0.14777861445783133 0.5606802208835341 0.14871987951807228 0.5591114457831325 0.14997489959839355 0.5562876506024096 0.15248493975903613 0.5547188755020079 0.15405371485943772 0.552836345381526 0.15562248995983935 0.5515813253012049 0.15719126506024095 0.5509538152610441 0.16064257028112447 0.5509538152610441 0.1637801204819277 0.5509538152610441 0.16629016064257027 0.5512675702811245 0.1697414658634538 0.5518950803212851 0.1725652610441767 0.5522088353413654 0.1744477911646586 0.552836345381526 0.17664407630522086 0.5534638554216866 0.17915411646586346 0.5550326305220883 0.18135040160642568 0.5566014056224898 0.18354668674698793 0.5581701807228915 0.18574297188755018 0.5600527108433735 0.18793925702811246 0.5619352409638554 0.18950803212851405 0.563504016064257 0.19076305220883533 0.5694653614457831 0.19546937751004015 0.5741716867469879 0.19735190763052207 0.5782505020080321 0.19892068273092367 0.5817018072289156 0.2004894578313253 0.5851531124497992 0.20174447791164657 0.5876631526104418 0.20237198795180722 0.5911144578313253 0.2033132530120482 0.5951932730923695 0.2033132530120482 0.5983308232931727 0.2033132530120482 0.6011546184738955 0.20299949799196784 0.6042921686746987 0.20237198795180722 0.6071159638554217 0.2008032128514056 0.6099397590361445 0.19860692771084337 0.6121360441767068 0.19703815261044175 0.6140185742971888 0.19452811244979917 0.6149598393574297 0.190449297188755 0.6146460843373494 0.18699799196787145 0.613391064257028 0.18229166666666663 0.6121360441767068 0.1788403614457831 0.6108810240963856 0.17633032128514053 0.6093122489959839 0.173820281124498 0.6064884538152611 0.17036897590361447 0.603664658634538 0.16691767068273092 0.6014683734939759 0.16440763052208834 0.5989583333333334 0.1622113453815261 0.5955070281124498 0.15907379518072287 0.5929969879518071 0.15687751004016062 0.589859437751004 0.1546812248995984 0.5867218875502008 0.15311244979919678 0.5829568273092369 0.15122991967871485 0.5788780120481928 0.14966114457831325
1 0.6234312248995983 0.2378263052208835 0.6193524096385541 0.2390813253012048 0.6162148594377509 0.2403363453815261 0.6130773092369477 0.2419051204819277 0.6105672690763052 0.24347389558232932 0.6083709839357428 0.24472891566265056 0.60554718875502 0.2466114457831325 0.6020958835341366 0.24880773092369476 0.5992720883534136 0.251004016064257 0.596762048192771 0.25320030120481923 0.5948795180722891 0.25602409638554213 0.5933107429718875 0.2579066265060241 0.5923694779116465 0.26010291164658633 0.5914282128514056 0.26261295180722893 0.5911144578313253 0.2660642570281124 0.5917419678714858 0.2692018072289156 0.5926832329317269 0.2723393574297189 0.5942520080321285 0.2757906626506024 0.5958207831325301 0.2776731927710843 0.5989583333333334 0.27986947791164657 0.6046059236947791 0.28143825301204817 0.6089984939759036 0.2823795180722891 0.6121360441767068 0.28269327309236947 0.6140185742971888 0.28269327309236947 0.617156124497992 0.28269327309236947 0.6193524096385541 0.2820657630522088 0.6224899598393574 0.28112449799196787 0.625941265060241 0.2801832329317269 0.6306475903614458 0.27861445783132527 0.6347264056224898 0.27704568273092367 0.6378639558232931 0.27547690763052207 0.640687751004016 0.2735943775100401 0.6441390562248995 0.2713980923694779 0.646649096385542 0.269515562248996 0.6494728915662651 0.2670055220883534 0.6519829317269076 0.2638679718875502 0.6544929718875501 0.2607304216867469 0.6570030120481928 0.2575928714859438 0.6591992971887549 0.25320030120481923 0.6598268072289156 0.25006275100401604 0.6595130522088353 0.2462976907630522 0.6579442771084337 0.24221887550200802 0.6551204819277108 0.23970883534136542 0.6510416666666666 0.2378263052208835 0.6475903614457831 0.23657128514056225 0.6435115461847388 0.23531626506024095 0.639746485943775 0.23500251004016062 0.6359814257028111 0.23500251004016062 0.6322163654618473 0.23531626506024095 0.6290788152610441 0.23563002008032127 0.6265687751004017 0.23657128514056225
1 0.736383032128514 0.16660391566265056 0.7326179718875501 0.16911395582329317 0.7294804216867469 0.17131024096385541 0.726656626506024 0.172879016064257 0.724774096385542 0.1741340361445783 0.7216365461847388 0.17664407630522086 0.7194402610441767 0.17821285140562246 0.7166164658634538 0.1804091365461847 0.7137926706827309 0.18260542168674698 0.7109688755020079 0.18574297188755018 0.7084588353413654 0.18856676706827308 0.7059487951807228 0.19358684738955823 0.7043800200803213 0.19703815261044175 0.7031249999999999 0.20174447791164657 0.7021837349397589 0.20550953815261044 0.701242469879518 0.2095883534136546 0.700301204819277 0.2139809236947791 0.700301204819277 0.21837349397590358 0.700301204819277 0.22307981927710843 0.7015562248995983 0.22653112449799195 0.7053212851405621 0.23406124497991965 0.7081450803212851 0.23657128514056225 0.7131651606425702 0.2378263052208835 0.718812751004016 0.2378263052208835 0.7244603413654619 0.2375125502008032 0.7288529116465863 0.23688504016064255 0.7341867469879517 0.23531626506024095 0.7388930722891566 0.23280622489959837 0.7429718875502007 0.23060993975903613 0.7479919678714858 0.2274723895582329 0.7533258032128514 0.2243348393574297 0.7574046184738955 0.22245230923694775 0.7605421686746987 0.21931475903614456 0.7633659638554217 0.2155496987951807 0.7665035140562249 0.2111571285140562 0.7690135542168673 0.2067645582329317 0.7712098393574297 0.20174447791164657 0.773406124497992 0.19609688755020077 0.7749748995983936 0.19076305220883533 0.7768574297188754 0.1860567269076305 0.7781124497991967 0.18135040160642568 0.778426204819277 0.1757028112449799 0.7774849397590361 0.17193775100401607 0.7752886546184737 0.16785893574297187 0.7724648594377509 0.16440763052208834 0.769641064257028 0.1622113453815261 0.7658760040160641 0.15970130522088352 0.7611696787148594 0.15844628514056225 0.7577183734939759 0.15876004016064255 0.7536395582329316 0.16001506024096385 0.7505020080321285 0.16064257028112447 0.7454819277108433 0.16189759036144577 0.7410893574297188 0.1637801204819277
1 0.9196159638554217 0.14244477911646586 0.9164784136546184 0.14369979919678713 0.9130271084337348 0.14526857429718873 0.9105170682730923 0.14652359437751003 0.9070657630522088 0.14809236947791163 0.9045557228915662 0.14966114457831325 0.9017319277108433 0.15122991967871485 0.8989081325301205 0.15248493975903613 0.8960843373493975 0.1546812248995984 0.8938880522088353 0.15656375502008033 0.891691767068273 0.15907379518072287 0.8901229919678714 0.1622113453815261 0.8894954819277108 0.16472138554216864 0.8891817269076304 0.16754518072289154 0.8907505020080321 0.1741340361445783 0.8929467871485942 0.1772715863453815 0.8948293172690762 0.17946787148594376 0.8973393574297188 0.18072289156626506 0.8998493975903614 0.181664156626506 0.903300702811245 0.18260542168674698 0.9064382530120482 0.18260542168674698 0.911144578313253 0.18229166666666663 0.9142821285140561 0.18229166666666663 0.9177334337349397 0.18103664658634538 0.9221260040160641 0.17946787148594376 0.9252635542168673 0.17821285140562246 0.9287148594377509 0.1772715863453815 0.932793674698795 0.17601656626506024 0.9362449799196786 0.1757028112449799 0.9403237951807227 0.1753890562248996 0.9431475903614458 0.173820281124498 0.9453438755020079 0.1722515060240964 0.9472264056224898 0.17036897590361447 0.9497364457831324 0.16754518072289154 0.952246485943775 0.16440763052208834 0.9538152610441767 0.16064257028112447 0.9544427710843373 0.15656375502008033 0.9544427710843373 0.15185742971887548 0.9538152610441767 0.14777861445783133 0.951305220883534 0.14526857429718873 0.9484814257028111 0.14369979919678713 0.9450301204819276 0.14275853413654618 0.9406375502008031 0.1418172690763052 0.9368724899598393 0.14087600401606426 0.932793674698795 0.14024849397590358 0.9274598393574297 0.14024849397590358 0.9227535140562249 0.14087600401606426
1 0.8370983935742972 0.26261295180722893 0.8339608433734939 0.26198544176706823 0.8298820281124498 0.26198544176706823 0.8279994979919678 0.2622991967871486 0.825175702811245 0.2638679718875502 0.8226656626506023 0.2663780120481928 0.8189006024096385 0.2701430722891566 0.8157630522088353 0.2735943775100401 0.813566767068273 0.27704568273092367 0.8119979919678714 0.27986947791164657 0.8113704819277108 0.2823795180722891 0.8113704819277108 0.2848895582329317 0.8116842369477911 0.28708584337349397 0.8116842369477911 0.29053714859437746 0.8119979919678714 0.293988453815261 0.8123117469879517 0.29618473895582326 0.8129392570281124 0.29869477911646586 0.8138805220883534 0.3008910642570281 0.8151355421686746 0.30340110441767065 0.8160768072289156 0.30496987951807225 0.8195281124497991 0.3109312248995984 0.8204693775100401 0.3125 0.8245481927710843 0.3184613453815261 0.8264307228915662 0.32065763052208834 0.8283132530120482 0.32222640562248994 0.8308232931726907 0.32379518072289154 0.8333333333333333 0.32505020080321284 0.8364708835341365 0.32630522088353414 0.8392946787148594 0.32724648594377503 0.8421184738955823 0.3285015060240964 0.8452560240963856 0.3294427710843373 0.8480798192771084 0.329129016064257 0.8502761044176705 0.32818775100401604 0.8524723895582329 0.3269327309236948 0.8552961847389557 0.32567771084337344 0.857492469879518 0.32410893574297184 0.860316265060241 0.3219126506024096 0.8634538152610441 0.320343875502008 0.8659638554216866 0.3187751004016064 0.8672188755020079 0.31626506024096385 0.868160140562249 0.31312751004016065 0.868160140562249 0.3093624497991968 0.8675326305220883 0.3052836345381526 0.8669051204819276 0.3008910642570281 0.8659638554216866 0.2968122489959839 0.8647088353413654 0.2933609437751004 0.8631400602409638 0.2892821285140562 0.8612575301204818 0.28583082329317266 0.8590612449799196 0.28300702811244977 0.856551204819277 0.27986947791164657 0.8543549196787148 0.276418172690763 0.851531124497992 0.2735943775100401 0.8490210843373494 0.2713980923694779 0.8465110441767068 0.2688880522088353 0.8430597389558232 0.2663780120481928 0.8402359437751004 0.26449548192771083
1 0.9331074297188754 0.24221887550200802 0.9312248995983935 0.24221887550200802 0.9293423694779116 0.24284638554216864 0.9265185742971886 0.24316014056224897 0.9246360441767068 0.24378765060240962 0.9224397590361445 0.2450426706827309 0.9205572289156625 0.24692520080321284 0.918988453815261 0.24880773092369476 0.9171059236947791 0.25037650602409633 0.9155371485943775 0.2522590361445783 0.9120858433734939 0.2579066265060241 0.911144578313253 0.26010291164658633 0.9095758032128514 0.2660642570281124 0.9086345381526103 0.268574297188755 0.9076932730923695 0.2713980923694779 0.9064382530120482 0.2742218875502008 0.9061244979919678 0.27735943775100397 0.9058107429718875 0.2808107429718875 0.9054969879518071 0.28394829317269077 0.9051832329317268 0.2867720883534136 0.9054969879518071 0.28990963855421686 0.9054969879518071 0.2933609437751004 0.9058107429718875 0.29712600401606426 0.9061244979919678 0.30026355421686746 0.9064382530120482 0.30308734939759036 0.90832078313253 0.30967620481927705 0.9089482931726907 0.311558734939759 0.911144578313253 0.31406877510040154 0.9142821285140561 0.3159513052208835 0.9186746987951807 0.31814759036144574 0.9243222891566264 0.31814759036144574 0.9293423694779116 0.31783383534136544 0.9324799196787148 0.31657881526104414 0.9362449799196786 0.31469628514056225 0.9396962851405621 0.31312751004016065 0.9431475903614458 0.3109312248995984 0.9456576305220883 0.3087349397590361 0.9475401606425702 0.3068524096385542 0.9494226907630522 0.30496987951807225 0.9506777108433735 0.30277359437751 0.9519327309236947 0.2999497991967871 0.9528739959839356 0.29649849397590355 0.9538152610441767 0.2933609437751004 0.9544427710843373 0.29022339357429716 0.9547565261044176 0.28739959839357426 0.9547565261044176 0.28394829317269077 0.9547565261044176 0.28112449799196787 0.9544427710843373 0.2783007028112449 0.9544427710843373 0.2748493975903614 0.9544427710843373 0.2710843373493976 0.9544427710843373 0.2679467871485944 0.9541290160642569 0.2648092369477911 0.9538152610441767 0.2610441767068273 0.9528739959839356 0.25727911646586343 0.9519327309236947 0.25414156626506024 0.9506777108433735 0.251004016064257 0.9487951807228915 0.24880773092369476 0.946285140562249 0.24692520080321284 0.9440888554216866 0.24535642570281124 0.9418925702811244 0.24410140562248994 0.9387550200803213 0.24316014056224897 0.9362449799196786 0.24221887550200802
1 0.69339859437751 0.34011044176706823 0.691516064257028 0.3429342369477911 0.6905747991967871 0.3451305220883534 0.6899472891566264 0.347640562248996 0.6890060240963856 0.3501506024096385 0.6883785140562249 0.3532881526104417 0.6874372489959839 0.3557981927710843 0.6871234939759036 0.35956325301204817 0.6874372489959839 0.363328313253012 0.6874372489959839 0.36677961847389556 0.6874372489959839 0.37117218875502006 0.6880647590361445 0.3749372489959839 0.6886922690763052 0.3780747991967871 0.6890060240963856 0.38121234939759036 0.6899472891566264 0.38434989959839355 0.6912023092369477 0.38717369477911645 0.6959086345381525 0.39878263052208834 0.7006149598393574 0.4059989959839357 0.7050075301204818 0.40945030120481923 0.709086345381526 0.40976405622489953 0.7122238955823293 0.4091365461847389 0.7163027108433735 0.40819528112449793 0.7194402610441767 0.4066265060240964 0.7232053212851405 0.4041164658634538 0.726656626506024 0.4016064257028112 0.7291666666666665 0.39878263052208834 0.7307354417670682 0.3956450803212851 0.7323042168674697 0.3925075301204819 0.7335592369477911 0.389683734939759 0.7345005020080321 0.38717369477911645 0.7351280120481928 0.3834086345381526 0.7360692771084337 0.3790160642570281 0.7360692771084337 0.3758785140562249 0.7360692771084337 0.37274096385542166 0.7357555220883534 0.3705446787148594 0.735441767068273 0.36709337349397586 0.7348142570281124 0.36364206827309237 0.7341867469879517 0.3598770080321285 0.7338729919678714 0.35705321285140557 0.7332454819277108 0.35391566265060237 0.7319904618473896 0.3488955823293172 0.7310491967871485 0.3445030120481928 0.7285391566265059 0.3391691767068273 0.7254016064257027 0.3350903614457831 0.7219503012048192 0.33226656626506024 0.7194402610441767 0.330070281124498 0.7163027108433735 0.32818775100401604 0.7141064257028111 0.32724648594377503 0.7097138554216866 0.32724648594377503 0.7056350401606425 0.3278739959839357 0.7021837349397589 0.32975652610441764 0.6984186746987951 0.3335215863453815 0.695281124497992 0.33728664658634533
1 0.7856425702811245 0.3790160642570281 0.7840737951807228 0.38121234939759036 0.7825050200803213 0.38372238955823285 0.7809362449799196 0.38591867469879515 0.7803087349397589 0.3884287148594377 0.7790537148594378 0.39031124497991965 0.778426204819277 0.39219377510040154 0.778426204819277 0.39376255020080314 0.7777986947791165 0.3965863453815261 0.7796812248995982 0.3997238955823293 0.7815637550200802 0.40223393574297184 0.7847013052208834 0.4050577309236948 0.787211345381526 0.407254016064257 0.7941139558232931 0.4085090361445783 0.7975652610441767 0.40788152610441764 0.8066641566265059 0.40819528112449793 0.8110567269076304 0.407254016064257 0.8151355421686746 0.4069402610441767 0.8192143574297188 0.4066265060240964 0.8226656626506023 0.40537148594377503 0.8254894578313253 0.4041164658634538 0.8286270080321284 0.4028614457831325 0.8314508032128514 0.40035140562248994 0.8342745983935742 0.39784136546184734 0.8370983935742972 0.3940763052208835 0.8392946787148594 0.39062499999999994 0.83992218875502 0.3874874497991968 0.8396084337349397 0.38372238955823285 0.8386671686746987 0.3805848393574297 0.8364708835341365 0.3783885542168674 0.8345883534136546 0.3774472891566265 0.8317645582329316 0.3768197791164658 0.8283132530120482 0.3758785140562249 0.8245481927710843 0.3749372489959839 0.8210968875502007 0.3749372489959839 0.8185868473895581 0.37525100401606426 0.8170180722891566 0.37556475903614456 0.8141942771084337 0.37556475903614456 0.8116842369477911 0.37556475903614456 0.8082329317269076 0.37556475903614456 0.8041541164658633 0.37525100401606426 0.8010165662650602 0.37525100401606426 0.7975652610441767 0.37462349397590355 0.7934864457831324 0.37462349397590355 0.7906626506024096 0.37525100401606426 0.788152610441767 0.3768197791164658
1 0.883847891566265 0.36803463855421686 0.8819653614457831 0.37023092369477906 0.8794553212851405 0.3733684738955823 0.8775727911646585 0.37619226907630515 0.876004016064257 0.3793298192771084 0.8747489959839356 0.38152610441767065 0.8728664658634538 0.38466365461847385 0.8722389558232931 0.3884287148594377 0.8744352409638554 0.3940763052208835 0.876004016064257 0.39721385542168675 0.8775727911646585 0.40035140562248994 0.8794553212851405 0.40348895582329314 0.8813378514056224 0.4066265060240964 0.8835341365461847 0.40945030120481923 0.8857304216867469 0.41196034136546184 0.8885542168674697 0.4141566265060241 0.8907505020080321 0.41635291164658633 0.8935742971887549 0.4185491967871486 0.8960843373493975 0.4201179718875502 0.8985943775100401 0.4216867469879518 0.901418172690763 0.422941767068273 0.9048694779116465 0.4245105421686747 0.909262048192771 0.425765562248996 0.9133408634538152 0.4260793172690763 0.9199297188755019 0.42513805220883527 0.9249497991967871 0.422941767068273 0.9296561244979918 0.41886295180722893 0.9331074297188754 0.41384287148594373 0.934676204819277 0.40976405622489953 0.934676204819277 0.4059989959839357 0.9337349397590361 0.3997238955823293 0.9324799196787148 0.3950175702811245 0.9309111445783133 0.39125251004016065 0.9293423694779116 0.3874874497991968 0.926832329317269 0.3834086345381526 0.9243222891566264 0.3793298192771084 0.9214984939759036 0.37619226907630515 0.9183609437751004 0.3733684738955823 0.9142821285140561 0.3708584337349397 0.9098895582329316 0.36866214859437746 0.9051832329317268 0.3674071285140562 0.9001631526104418 0.36615210843373486 0.8948293172690762 0.36552459839357426 0.892633032128514 0.36552459839357426 0.8891817269076304 0.3658383534136546 0.8866716867469879 0.36677961847389556
1 0.9898970883534136 0.3868599397590361 0.9886420682730923 0.38905622489959835 0.9870732931726907 0.3909387550200803 0.9855045180722891 0.3934487951807229 0.9839357429718875 0.3965863453815261 0.9820532128514056 0.39909638554216864 0.9811119477911646 0.4009789156626506 0.9801706827309236 0.4041164658634538 0.9798569277108433 0.4075677710843373 0.9798569277108433 0.41070532128514053 0.9801706827309236 0.4141566265060241 0.9807981927710843 0.41635291164658633 0.9823669678714858 0.41949046184738953 0.9836219879518071 0.4213729919678714 0.9855045180722891 0.422941767068273 0.9870732931726907 0.4245105421686747 0.9886420682730923 0.4260793172690763 0.9917796184738955 0.4273343373493975 0.9939759036144576 0.4276480923694779 0.997113453815261 0.4279618473895582 0.9989583333333333 0.4282254016064257 0.9989583333333333 0.3758785140562249 0.99617218875502 0.3790160642570281
1 0.7605421686746987 0.4662399598393574 0.7583458835341365 0.4665537148594377 0.7564633534136546 0.46718122489959835 0.7545808232931727 0.4681224899598393 0.7533258032128514 0.46937751004016065 0.7517570281124498 0.47126004016064255 0.7501882530120482 0.4737700803212851 0.7492469879518071 0.47596636546184734 0.7486194779116465 0.4781626506024096 0.7479919678714858 0.4806726907630522 0.7473644578313253 0.48318273092369474 0.747050702811245 0.4856927710843373 0.7473644578313253 0.48788905622489953 0.7473644578313253 0.4897715863453815 0.7473644578313253 0.4916541164658634 0.7476782128514056 0.49353664658634533 0.7505020080321285 0.5013805220883534 0.7517570281124498 0.5045180722891566 0.753012048192771 0.5079693775100401 0.754894578313253 0.5114206827309237 0.7586596385542168 0.5154994979919678 0.76179718875502 0.5189508032128514 0.7646209839357428 0.5220883534136546 0.767758534136546 0.5242846385542168 0.7712098393574297 0.5264809236947791 0.7752886546184737 0.5277359437751004 0.779367469879518 0.5286772088353413 0.7840737951807228 0.5293047188755019 0.7887801204819277 0.5293047188755019 0.7944277108433735 0.5293047188755019 0.797879016064257 0.5280496987951807 0.7988202811244979 0.5258534136546185 0.8000753012048192 0.5227158634538153 0.8013303212851405 0.5189508032128514 0.8019578313253012 0.5158132530120482 0.8019578313253012 0.5123619477911646 0.8016440763052208 0.5092243975903614 0.8010165662650602 0.5064006024096385 0.8003890562248995 0.502949297188755 0.7997615461847388 0.5001255020080321 0.7988202811244979 0.4973017068273092 0.7975652610441767 0.4938504016064257 0.7963102409638554 0.4897715863453815 0.7953689759036143 0.4872615461847389 0.7938002008032128 0.485379016064257 0.7922314257028111 0.48349648594377503 0.7906626506024096 0.48130020080321284 0.788152610441767 0.47847640562248994 0.7856425702811245 0.47596636546184734 0.7828187751004015 0.4737700803212851 0.7799949799196786 0.4722013052208835 0.7774849397590361 0.4706325301204819 0.7746611445783133 0.4690637550200803 0.7718373493975903 0.4681224899598393 0.7690135542168673 0.46718122489959835 0.7674447791164657 0.4665537148594377 0.7639934738955823 0.4662399598393574
1 0.8333333333333333 0.5503263052208834 0.8258032128514056 0.5506400602409638 0.8207831325301205 0.5512675702811245 0.8170180722891566 0.5534638554216866 0.8129392570281124 0.5566014056224898 0.8101154618473896 0.5597389558232931 0.8076054216867469 0.5644452811244979 0.8066641566265059 0.5682103413654619 0.8063504016064257 0.5722891566265059 0.8066641566265059 0.5773092369477911 0.8069779116465863 0.5813880522088353 0.8076054216867469 0.5845256024096385 0.8088604417670682 0.5873493975903614 0.8101154618473896 0.589859437751004 0.8110567269076304 0.5920557228915662 0.8129392570281124 0.5955070281124498 0.8141942771084337 0.597703313253012 0.8157630522088353 0.6002133534136546 0.8176455823293173 0.6020958835341366 0.8195281124497991 0.603664658634538 0.8210968875502007 0.6049196787148594 0.8267444779116465 0.6096260040160643 0.8286270080321284 0.6108810240963856 0.8314508032128514 0.6130773092369477 0.8349021084337348 0.61527359437751 0.8383534136546184 0.617156124497992 0.8414909638554217 0.6187248995983936 0.8440010040160641 0.6199799196787148 0.847766064257028 0.6212349397590361 0.8505898594377509 0.622176204819277 0.8537274096385541 0.623117469879518 0.8562374497991967 0.6234312248995983 0.8600025100401606 0.623117469879518 0.8631400602409638 0.6228037148594378 0.8672188755020079 0.6215486947791165 0.8697289156626505 0.6199799196787148 0.8722389558232931 0.6180973895582329 0.876004016064257 0.6159011044176705 0.8785140562248995 0.6146460843373494 0.8803965863453815 0.613391064257028 0.8819653614457831 0.611508534136546 0.8832203815261044 0.6089984939759036 0.8841616465863453 0.6068022088353413 0.8851029116465863 0.6042921686746987 0.8860441767068272 0.6017821285140562 0.8872991967871485 0.5998995983935742 0.8888679718875501 0.5973895582329317 0.8891817269076304 0.5939382530120482 0.8888679718875501 0.5914282128514056 0.8869854417670682 0.587976907630522 0.8847891566265059 0.5845256024096385 0.882906626506024 0.580133032128514 0.8813378514056224 0.5763679718875501 0.8788278112449799 0.5729166666666666 0.8766315261044176 0.5688378514056224 0.8744352409638554 0.5653865461847389 0.8716114457831324 0.5619352409638554 0.8678463855421686 0.5591114457831325 0.8643950803212851 0.5572289156626505 0.8590612449799196 0.5553463855421686 0.8549824297188754 0.5534638554216866 0.84964859437751 0.5518950803212851 0.8449422690763052 0.5512675702811245 0.8402359437751004 0.5506400602409638
1 0.6667294176706826 0.6789658634538152 0.6632781124497992 0.6792796184738955 0.6604543172690762 0.6795933734939759 0.658258032128514 0.6805346385542168 0.6563755020080321 0.6821034136546184 0.6541792168674697 0.6846134538152611 0.6522966867469879 0.6883785140562249 0.6507279116465863 0.6908885542168673 0.6488453815261044 0.692457329317269 0.6482178714859437 0.6946536144578312 0.6475903614457831 0.6984186746987951 0.6472766064257027 0.7015562248995983 0.6475903614457831 0.704066265060241 0.6479041164658634 0.7075175702811245 0.6482178714859437 0.710027610441767 0.6488453815261044 0.7131651606425702 0.6497866465863453 0.7159889558232931 0.6507279116465863 0.7181852409638554 0.6513554216867469 0.719754016064257 0.6522966867469879 0.7219503012048192 0.6529241967871485 0.7244603413654619 0.6538654618473896 0.7279116465863453 0.6551204819277108 0.7310491967871485 0.6560617469879517 0.7338729919678714 0.657316767068273 0.736383032128514 0.658258032128514 0.738265562248996 0.6632781124497992 0.7457956827309237 0.6657881526104418 0.7489332329317269 0.6682981927710843 0.7511295180722891 0.6708082329317269 0.753012048192771 0.6733182730923695 0.754894578313253 0.6755145582329317 0.7558358433734939 0.6780245983935742 0.7574046184738955 0.6814759036144579 0.7586596385542168 0.6842996987951807 0.759914658634538 0.6874372489959839 0.7602284136546184 0.691516064257028 0.7592871485943775 0.6965361445783133 0.7570908634538152 0.7009287148594378 0.7545808232931727 0.7043800200803213 0.7520707831325301 0.7078313253012047 0.7486194779116465 0.7094001004016063 0.745168172690763 0.710027610441767 0.7420306224899598 0.7106551204819277 0.7395205823293173 0.7106551204819277 0.7360692771084337 0.7106551204819277 0.7326179718875501 0.7103413654618473 0.7297941767068272 0.7103413654618473 0.7269703815261044 0.7094001004016063 0.7235190763052208 0.7087725903614458 0.7206952811244979 0.7081450803212851 0.7184989959839356 0.7075175702811245 0.7159889558232931 0.7065763052208834 0.7128514056224898 0.7056350401606425 0.710027610441767 0.7043800200803213 0.7072038152610441 0.7024974899598393 0.7043800200803213 0.7009287148594378 0.7021837349397589 0.6993599397590361 0.6990461847389557 0.6968498995983936 0.6955948795180722 0.6946536144578312 0.6927710843373494 0.692457329317269 0.6902610441767068 0.6899472891566264 0.6883785140562249 0.6874372489959839 0.6858684738955823 0.6849272088353413 0.6842996987951807 0.681789658634538 0.6827309236947791 0.6783383534136546 0.6808483935742972 0.6752008032128514 0.6792796184738955 0.6726907630522088 0.6789658634538152 0.6698669678714858 0.6789658634538152
1 0.8747489959839356 0.7009287148594378 0.8753765060240963 0.7031249999999999 0.8756902610441767 0.7056350401606425 0.8766315261044176 0.7078313253012047 0.8775727911646585 0.7097138554216866 0.8791415662650601 0.711910140562249 0.8807103413654617 0.7144201807228915 0.8816516064257027 0.7166164658634538 0.883847891566265 0.719754016064257 0.8869854417670682 0.7222640562248995 0.8891817269076304 0.7241465863453815 0.8948293172690762 0.7294804216867469 0.8973393574297188 0.7310491967871485 0.8998493975903614 0.7326179718875501 0.9020456827309236 0.7335592369477911 0.9048694779116465 0.7348142570281124 0.9073795180722891 0.7357555220883534 0.9108308232931727 0.7357555220883534 0.9149096385542168 0.7357555220883534 0.9183609437751004 0.735441767068273 0.9211847389558232 0.7348142570281124 0.9233810240963856 0.7335592369477911 0.9252635542168673 0.7316767068273092 0.92777359437751 0.7294804216867469 0.9305973895582329 0.7272841365461847 0.9337349397590361 0.7241465863453815 0.935617469879518 0.7219503012048192 0.9371862449799196 0.719754016064257 0.938441265060241 0.716930220883534 0.938441265060241 0.7141064257028111 0.9381275100401606 0.7106551204819277 0.9378137550200802 0.7075175702811245 0.9368724899598393 0.7043800200803213 0.9359312248995982 0.7009287148594378 0.9349899598393574 0.6977911646586344 0.9343624497991967 0.6946536144578312 0.9331074297188754 0.691516064257028 0.9315386546184737 0.6883785140562249 0.9299698795180722 0.6861822289156626 0.9280873493975902 0.68367218875502 0.9262048192771084 0.681789658634538 0.9243222891566264 0.6799071285140562 0.9218122489959839 0.6780245983935742 0.9193022088353413 0.676769578313253 0.9171059236947791 0.676769578313253 0.9130271084337348 0.6780245983935742 0.9086345381526103 0.6789658634538152 0.9020456827309236 0.6805346385542168 0.8938880522088353 0.6821034136546184 0.8879267068273092 0.6833584337349397 0.8832203815261044 0.6852409638554217 0.8800828313253012 0.6871234939759036 0.8778865461847388 0.6893197791164659 0.8763177710843373 0.691516064257028 0.875062751004016 0.6946536144578312 0.8747489959839356 0.6977911646586344
1 0.6093122489959839 0.8421184738955823 0.6099397590361445 0.8468247991967871 0.6108810240963856 0.8490210843373494 0.6127635542168675 0.8505898594377509 0.6149598393574297 0.8521586345381525 0.6177836345381525 0.8527861445783133 0.622176204819277 0.854668674698795 0.6287650602409638 0.854668674698795 0.6328438755020079 0.854668674698795 0.6366089357429718 0.8543549196787148 0.6403739959839357 0.8537274096385541 0.6441390562248995 0.8521586345381525 0.646649096385542 0.8509036144578312 0.6494728915662651 0.848707329317269 0.6513554216867469 0.8465110441767068 0.6538654618473896 0.8440010040160641 0.6557479919678714 0.8414909638554217 0.6576305220883534 0.8392946787148594 0.6595130522088353 0.8361571285140562 0.6610818273092369 0.8323920682730923 0.6620230923694778 0.8292545180722891 0.6626506024096385 0.8264307228915662 0.6626506024096385 0.8236069277108433 0.6620230923694778 0.8220381526104418 0.6595130522088353 0.8201556224899598 0.6570030120481928 0.8189006024096385 0.6551204819277108 0.8151355421686746 0.6544929718875501 0.8107429718875501 0.6541792168674697 0.8076054216867469 0.6541792168674697 0.8054091365461847 0.6513554216867469 0.8022715863453815 0.6491591365461847 0.8013303212851405 0.6453940763052208 0.8007028112449799 0.6422565261044176 0.8007028112449799 0.6384914658634538 0.8010165662650602 0.6353539156626505 0.8016440763052208 0.6325301204819277 0.8022715863453815 0.6293925702811245 0.8044678714859437 0.6262550200803213 0.8063504016064257 0.623117469879518 0.8082329317269076 0.6199799196787148 0.8098017068273092 0.6168423694779116 0.8116842369477911 0.6140185742971888 0.814508032128514 0.6118222891566264 0.8170180722891566 0.6105672690763052 0.8195281124497991 0.6093122489959839 0.8217243975903614 0.6080572289156626 0.8242344377510039 0.6080572289156626 0.8273719879518071 0.6080572289156626 0.83019578313253 0.6080572289156626 0.8336470883534136 0.6083709839357428 0.8361571285140562 0.6089984939759036 0.83992218875502
0 0.4689503205128205 0.522285657051282 0.47345753205128205 0.5305488782051282 0.4749599358974359 0.532051282051282 0.476963141025641 0.5340544871794872 0.4782151442307692 0.5358072916666666 0.48021834935897434 0.5383112980769231 0.48172075320512825 0.5403145032051282 0.48322315705128205 0.542568108974359 0.48497596153846156 0.5445713141025641 0.48647836538461536 0.5463241185897435 0.48873197115384615 0.5485777243589743 0.49048477564102566 0.5505809294871794 0.4924879807692308 0.5530849358974359 0.4944911858974359 0.555839342948718 0.496494391025641 0.5580929487179487 0.4982471955128205 0.5603465544871794 0.49849759615384615 0.5626001602564102 0.4957431891025641 0.5638521634615384 0.49148637820512825 0.5626001602564102 0.48998397435897434 0.5598457532051282 0.4882311698717949 0.5570913461538461 0.48722956730769235 0.5540865384615384 0.4859775641025641 0.5510817307692307 0.4847255608974359 0.5485777243589743 0.4827223557692308 0.546073717948718 0.48096955128205127 0.5440705128205128 0.4784655448717949 0.541816907051282 0.4762119391025641 0.5393129006410257 0.47370793269230765 0.5365584935897435 0.47220552884615385 0.5345552884615384 0.470703125 0.5323016826923077 0.4689503205128205 0.530048076923077 0.46694711538461536 0.528545673076923 0.464443108974359 0.5272936698717949 0.46218950320512825 0.5250400641025641 0.4609375 0.5225360576923077 0.4601862980769231 0.51953125 0.45993589743589747 0.5177784455128205 0.4631911057692308 0.5177784455128205 0.4664463141025641 0.5200320512820513
0 0.6377203525641025 0.25460737179487186 0.6327123397435898 0.25610977564102566 0.6312099358974359 0.2568609775641026 0.6292067307692307 0.2578625801282052 0.6267027243589743 0.25836338141025644 0.623447516025641 0.259364983974359 0.6214443108974359 0.2598657852564103 0.6181891025641025 0.2608673878205129 0.6154346955128206 0.2621193910256411 0.613681891025641 0.26262019230769235 0.6116786858974359 0.2641225961538462 0.6094250801282051 0.2653745993589744 0.6071714743589743 0.2661258012820513 0.6049178685897435 0.26462339743589747 0.6064202724358975 0.2621193910256411 0.6079226762820513 0.26036658653846156 0.6099258814102565 0.259364983974359 0.6124298878205128 0.25911458333333337 0.6139322916666666 0.25836338141025644 0.6176883012820513 0.2563601762820513 0.6209435096153847 0.25460737179487186 0.6244491185897435 0.2536057692307693 0.626953125 0.25335536858974367 0.629707532051282 0.25285456730769235 0.6324619391025641 0.2521033653846154 0.6354667467948718 0.2511017628205129 0.6384715544871794 0.2501001602564103 0.6404747596153847 0.24934895833333337 0.6422275641025641 0.249599358974359 0.642978766025641 0.2508513621794872 0.6424779647435898 0.2526041666666667
0 0.4569310897435897 0.2611177884615385 0.4456630608974359 0.26011618589743596 0.44190705128205127 0.259364983974359 0.43990384615384615 0.2588641826923077 0.43664863782051283 0.2578625801282052 0.43214142628205127 0.256610576923077 0.4291366185897436 0.25535857371794873 0.42788461538461536 0.2543569711538462 0.43439503205128205 0.25460737179487186 0.4379006410256411 0.25485777243589747 0.43990384615384615 0.25510817307692313 0.44290865384615385 0.25535857371794873 0.44516225961538464 0.25610977564102566 0.4479166666666667 0.256610576923077 0.45142227564102566 0.25711137820512825 0.45492788461538464 0.2576121794871795 0.4586838942307692 0.25836338141025644 0.4626903044871795 0.25961538461538464 0.46544471153846156 0.2608673878205129 0.4684495192307692 0.2621193910256411 0.47095352564102566 0.2633713942307693 0.4727063301282051 0.26437299679487186 0.47370793269230765 0.2661258012820513 0.4739583333333333 0.2676282051282051 0.47095352564102566 0.2678786057692308 0.46794871794871795 0.2673778044871795 0.46569511217948717 0.26562500000000006 0.4639423076923077 0.26387219551282054 0.4609375 0.2623697916666667
0 0.5122696314102564 0.1053685897435898 0.5085136217948718 0.09735576923076929 0.5072616185897436 0.09485176282051286 0.5067608173076923 0.09234775641025646 0.506260016025641 0.08934294871794876 0.5050080128205129 0.08658854166666671 0.503505608974359 0.08483573717948723 0.5020032051282051 0.0828325320512821 0.5012520032051282 0.0815805288461539 0.500751201923077 0.07982772435897441 0.5020032051282051 0.0785757211538462 0.5037560096153846 0.0785757211538462 0.5060096153846154 0.08032852564102569 0.5077624198717949 0.08258213141025646 0.5085136217948718 0.08558693910256414 0.5095152243589743 0.08909254807692313 0.510516826923077 0.09284855769230774 0.5112680288461539 0.09585336538461543 0.5142728365384616 0.10261418269230774 0.5155248397435898 0.10461738782051286 0.5175280448717949 0.10912459935897441 0.5180288461538461 0.1108774038461539 0.5180288461538461 0.11237980769230774 0.516025641025641 0.11237980769230774 0.5130208333333334 0.10937500000000004
0 0.9299379006410257 0.16696714743589747 0.9191706730769231 0.17397836538461542 0.916416266025641 0.17447916666666669 0.9141626602564102 0.174979967948718 0.9119090544871794 0.174979967948718 0.9094050480769231 0.174979967948718 0.9076522435897435 0.174979967948718 0.9041466346153846 0.174979967948718 0.903896233974359 0.17372796474358979 0.9058994391025641 0.17222556089743596 0.9091546474358975 0.17097355769230774 0.9124098557692307 0.16972155448717954 0.9151642628205128 0.16846955128205135 0.9176682692307693 0.16696714743589747 0.9206730769230769 0.16546474358974364 0.9239282852564102 0.16396233974358979 0.9269330929487178 0.16296073717948723 0.9301883012820512 0.16195913461538466 0.9326923076923077 0.16170873397435903 0.932441907051282 0.16371193910256415
0 0.9346955128205128 0.26712740384615385 0.9314403044871794 0.2786458333333333 0.9309395032051282 0.28114983974358976 0.9304387019230769 0.2834034455128205 0.9301883012820512 0.28540665064102566 0.9299379006410257 0.28766025641025644 0.9296875 0.29041466346153844 0.9294370993589743 0.2929186698717949 0.9294370993589743 0.2946714743589744 0.9289362980769231 0.29642427884615385 0.9276842948717949 0.29767628205128205 0.9256810897435898 0.298427483974359 0.923427483974359 0.2971754807692308 0.9231770833333334 0.29517227564102566 0.923427483974359 0.29341947115384615 0.9246794871794872 0.29091546474358976 0.9256810897435898 0.28891225961538464 0.9264322916666666 0.28665865384615385 0.9271834935897435 0.28365384615384615 0.9276842948717949 0.28039863782051283 0.9279346955128206 0.2776442307692308 0.9284354967948718 0.27463942307692313 0.9286858974358975 0.27238581730769235 0.9291866987179487 0.27013221153846156 0.9296875 0.2676282051282051 0.9301883012820512 0.26562500000000006 0.9301883012820512 0.26362179487179493 0.9301883012820512 0.2611177884615385 0.9314403044871794 0.2588641826923077 0.933193108974359 0.2586137820512821 0.9349459134615384 0.259364983974359 0.9361979166666666 0.2618689903846154
0 0.9071514423076923 0.39933894230769235 0.9023938301282051 0.3950821314102564 0.9008914262820512 0.39357972756410253 0.8993890224358975 0.39207732371794873 0.8978866185897435 0.3905749198717949 0.8956330128205128 0.3893229166666667 0.8938802083333334 0.38807091346153844 0.8926282051282051 0.38556690705128205 0.8921274038461539 0.38381410256410253 0.8921274038461539 0.38231169871794873 0.8938802083333334 0.38181089743589747 0.8956330128205128 0.38306290064102566 0.8971354166666666 0.3853165064102564 0.8991386217948718 0.38731971153846156 0.9011418269230769 0.3893229166666667 0.9026442307692307 0.39107572115384615 0.9051482371794872 0.3933293269230769 0.9069010416666666 0.3945813301282051 0.9086538461538461 0.3955829326923077 0.91015625 0.39708533653846156 0.9126602564102565 0.3988381410256411 0.9149138621794872 0.4005909455128205 0.9171674679487178 0.40234375 0.9186698717948718 0.40384615384615385 0.9189202724358975 0.40609975961538464 0.9174178685897435 0.4066005608974359 0.9146634615384616 0.4055989583333333 0.9116586538461539 0.4030949519230769
0 0.7791967147435898 0.5052584134615384 0.7771935096153846 0.5032552083333334 0.7756911057692307 0.5010016025641025 0.7739383012820512 0.49849759615384615 0.7721854967948718 0.4967447916666667 0.7706830929487178 0.49399038461538464 0.7691806891025641 0.49148637820512825 0.7674278846153846 0.4882311698717949 0.7654246794871794 0.48547676282051283 0.7641726762820512 0.4827223557692308 0.7651742788461539 0.48147035256410253 0.767177483974359 0.48172075320512825 0.7694310897435898 0.48322315705128205 0.7709334935897435 0.48547676282051283 0.7724358974358975 0.48873197115384615 0.7734375 0.4909855769230769 0.7751903044871794 0.49399038461538464 0.776943108974359 0.49724559294871795 0.7786959134615384 0.49949919871794873 0.7806991185897435 0.5012520032051282 0.7827023237179487 0.502754407051282 0.7844551282051282 0.5047576121794871 0.785957532051282 0.507011217948718 0.785957532051282 0.5095152243589743 0.7844551282051282 0.5095152243589743 0.7822015224358975 0.5082632211538461
0 0.13767027243589747 0.3369891826923077 0.11964142628205132 0.34099559294871795 0.10286458333333338 0.3462540064102564 0.09960937500000004 0.3467548076923077 0.0951021634615385 0.3480068108974359 0.09109575320512825 0.3492588141025641 0.08934294871794876 0.3500100160256411 0.08733974358974363 0.34850761217948717 0.08784054487179492 0.3467548076923077 0.08959334935897441 0.34525240384615385 0.09309895833333338 0.3434995993589744 0.10036057692307696 0.3419971955128205 0.11663661858974363 0.3372395833333333 0.13266225961538466 0.33323317307692313 0.13741987179487183 0.3322315705128205 0.14067508012820518 0.3314803685897436 0.14418068910256415 0.33097956730769235 0.145683092948718 0.3314803685897436 0.145683092948718 0.33323317307692313 0.1439302884615385 0.3347355769230769
0 0.03851161858974363 0.10211338141025646 0.03275240384615389 0.096854967948718 0.03150040064102568 0.0951021634615385 0.030248397435897478 0.09334935897435902 0.028745993589743633 0.09159655448717953 0.027493990384615426 0.08984375000000004 0.02599158653846158 0.08784054487179492 0.024489182692307734 0.0858373397435898 0.02323717948717953 0.08308293269230774 0.02273637820512825 0.08133012820512825 0.02574118589743594 0.08107972756410262 0.028745993589743633 0.08208133012820516 0.030749198717948758 0.08333333333333338 0.03325320512820517 0.08433493589743594 0.035757211538461585 0.0853365384615385 0.03876201923076928 0.08733974358974363 0.04076522435897441 0.08959334935897441 0.042267628205128256 0.09159655448717953 0.04402043269230774 0.09359975961538465 0.045522836538461585 0.0956029647435898 0.046524439102564145 0.09785657051282055 0.04727564102564107 0.10061097756410262 0.04777644230769236 0.10336538461538465 0.04777644230769236 0.1048677884615385 0.045522836538461585 0.10511818910256414 0.04276842948717953 0.10461738782051286
0 0.18120478575403448 0.7693377851975515 0.16903171953255425 0.7702072899276572 0.16694490818030047 0.7705550918196995 0.16451029493600444 0.7709028937117418 0.16190178074568723 0.7717723984418474 0.15981496939343348 0.772468002225932 0.156858653311074 0.7731636060100168 0.15425013912075683 0.7733375069560378 0.15320673344462993 0.7721202003338897 0.15425013912075683 0.7709028937117418 0.15633695047301058 0.7693377851975515 0.15929326655537007 0.7682943795214245 0.16190178074568723 0.7677726766833611 0.165205898720089 0.7672509738452977 0.16833611574846966 0.7670770728992765 0.1714663327768503 0.7667292710072342 0.17459654980523093 0.7665553700612132 0.17842237061769614 0.766381469115192 0.18120478575403448 0.7662075681691708 0.18398720089037285 0.7660336672231497 0.18729131886477463 0.7658597662771285 0.1898998330550918 0.7658597662771285 0.19094323873121868 0.766381469115192 0.19146494156928212 0.7674248747913188 0.19181274346132443 0.768816082359488 0.1898998330550918 0.7695116861435726 0.18642181413466888 0.7696855870895938
0 0.29752178649237476 0.22943899782135077 0.295479302832244 0.22036129266521426 0.2934368191721133 0.21128358750907772 0.29411764705882354 0.20924110384894698 0.2968409586056645 0.21400689905591866 0.2995642701525055 0.22217683369644153 0.2993373275236021 0.2269426289034132
