1 0.14597176079734225 0.8671788482834994 0.14735603543743087 0.8651024363233666 0.14943244739756376 0.8626799557032114 0.1508167220376523 0.8606035437430786 0.15393133997785166 0.8588732004429679 0.1591223698781839 0.8557585825027686 0.16223698781838322 0.8550664451827241 0.16569767441860472 0.854720376522702 0.16881229235880407 0.8543743078626799 0.17296511627906982 0.8536821705426356 0.1771179401993356 0.8533361018826134 0.18023255813953493 0.8533361018826134 0.18403931339977855 0.8529900332225913 0.1871539313399779 0.8529900332225913 0.19026854928017725 0.8526439645625692 0.1940753045404209 0.8526439645625692 0.1978820598006645 0.8529900332225913 0.20168881506090813 0.8550664451827241 0.20480343300110748 0.8574889258028793 0.2072259136212625 0.8609496124031008 0.2086101882613511 0.863718161683278 0.2093023255813954 0.8675249169435215 0.20964839424141754 0.870985603543743 0.20826411960132896 0.8741002214839424 0.20687984496124037 0.8772148394241417 0.20514950166112964 0.8803294573643411 0.20307308970099675 0.8841362126245846 0.20099667774086385 0.887250830564784 0.19995847176079742 0.8903654485049833 0.1978820598006645 0.8941722037652269 0.1971899224806202 0.8962486157253599 0.19338316722037657 0.8979789590254706 0.19096068660022156 0.8983250276854927 0.1878460686600222 0.8986710963455149 0.18438538205980073 0.8997093023255813 0.17954042081949065 0.9010935769656699 0.1771179401993356 0.9017857142857142 0.17296511627906982 0.9021317829457364 0.1670819490586933 0.9007475083056478 0.16189091915836107 0.9000553709856035 0.157045957918051 0.9017857142857142 0.15393133997785166 0.9031699889258029 0.15220099667774092 0.9004014396456256 0.15220099667774092 0.896594684385382 0.15358962829736214 0.8924985011990407 0.1504706533776302 0.8907115171650055 0.14943244739756376 0.887250830564784 0.14908637873754157 0.8837901439645625 0.14804817275747514 0.8799833887043189 0.14700996677740868 0.8775609080841638 0.1463178294573644 0.8744462901439646 0.14562569213732013 0.870985603543743
1 0.03903654485049839 0.8488372093023255 0.040074750830564845 0.8516057585825028 0.04180509413067558 0.8526439645625692 0.043535437430786326 0.8561046511627907 0.04561184939091922 0.8585271317829457 0.04630398671096351 0.8588732004429679 0.048380398671096406 0.85921926910299 0.050456810631229296 0.85921926910299 0.05391749723145078 0.8585271317829457 0.05737818383167226 0.8578349944629015 0.061531007751938045 0.8571428571428571 0.06429955703211523 0.8564507198228128 0.068452380952381 0.8557585825027686 0.07364341085271324 0.8543743078626799 0.07848837209302331 0.8529900332225913 0.08229512735326695 0.8512596899224806 0.08679401993355487 0.8484911406423035 0.08990863787375421 0.8460686600221483 0.0933693244739757 0.8433001107419712 0.09613787375415288 0.8398394241417496 0.09821428571428577 0.8363787375415281 0.09959856035437435 0.8339562569213732 0.1006367663344408 0.8318798449612402 0.10167497231450724 0.8298034330011074 0.1013289036544851 0.8277270210409745 0.0985603543743079 0.8232281284606865 0.09717607973421932 0.8211517165005536 0.09717607973421932 0.8183831672203765 0.09648394241417503 0.8152685492801771 0.09613787375415288 0.8135382059800664 0.0933693244739757 0.8131921373200443 0.0906007751937985 0.8131921373200443 0.08714008859357701 0.8131921373200443 0.08471760797342198 0.8131921373200443 0.0812569213732005 0.8128460686600221 0.07745016611295687 0.8125 0.07468161683277968 0.8125 0.07225913621262464 0.8125 0.06949058693244745 0.8128460686600221 0.06741417497231456 0.8131921373200443 0.06533776301218168 0.8138842746400885 0.06326135105204879 0.8149224806201549 0.06118493909191589 0.8156146179401993 0.059108527131783 0.8169988925802879 0.05530177187153937 0.8187292358803987 0.05253322259136218 0.8211517165005536 0.05080287929125144 0.8235741971207087 0.04941860465116285 0.8256506090808416 0.04768826135105211 0.8277270210409745 0.04630398671096351 0.8301495016611294 0.044919712070874925 0.8322259136212623 0.04422757475083062 0.8343023255813953 0.043189368770764174 0.8360326688815061 0.04249723145071988 0.8377630121816168 0.040420819490586984 0.8443383167220376
1 0.0691445182724253 0.9917635658914729 0.0691445182724253 0.99453211517165 0.0698366555924696 0.9966085271317829 0.07087486157253604 0.9989583333333333 0.09285022148393889 0.9989583333333333 0.10651993355481733 0.9986849390919158 0.110016710172441 0.9989583333333333 0.11309523809523815 0.9973006644518272 0.11517165005537104 0.9952242524916942 0.11863233665559253 0.9931478405315614 0.122093023255814 0.9907253599114064 0.12451550387596905 0.9879568106312291 0.12659191583610194 0.9862264673311184 0.12832225913621267 0.9841500553709855 0.12866832779623483 0.9813815060908084 0.12866832779623483 0.9765365448504982 0.12797619047619052 0.9723837209302324 0.12763012181616837 0.9692691029900332 0.12589977851605763 0.9658084163898117 0.12382336655592474 0.9637320044296788 0.12036267995570325 0.9623477297895902 0.11759413067552608 0.9620016611295681 0.11344130675526029 0.9613095238095237 0.10894241417497237 0.9613095238095237 0.10513565891472873 0.9613095238095237 0.10271317829457369 0.9613095238095237 0.09890642303433007 0.9616555924695459 0.09613787375415288 0.9620016611295681 0.09163898117386494 0.9626937984496123 0.08817829457364347 0.964078073089701 0.08471760797342198 0.9651162790697675 0.08194905869324479 0.9668466223698782 0.0791805094130676 0.968923034330011 0.07606589147286827 0.971345514950166 0.07468161683277968 0.9734219269102989 0.07295127353266893 0.975844407530454 0.0712209302325582 0.9789590254706533 0.068452380952381 0.9841500553709855 0.06776024363233672 0.9889950166112956
1 0.27683762458471767 0.9989583333333333 0.27851605758582504 0.9966085271317829 0.28024640088593583 0.9931478405315614 0.2816306755260244 0.98968715393134 0.2833610188261352 0.9865725359911406 0.2843992248062016 0.9834579180509413 0.28578349944629017 0.9799972314507197 0.28543743078626804 0.9768826135105204 0.2850913621262459 0.9737679955703211 0.2840531561461795 0.971345514950166 0.28197674418604657 0.9696151716500553 0.2795542635658915 0.9678848283499446 0.2771317829457365 0.9668466223698782 0.27436323366555926 0.9658084163898117 0.27124861572536 0.9654623477297896 0.2691722037652271 0.9654623477297896 0.2664036544850499 0.9654623477297896 0.26328903654485053 0.9658084163898117 0.26121262458471767 0.9668466223698782 0.25913621262458475 0.9682308970099668 0.2567137320044297 0.9696151716500553 0.25498338870431897 0.9709994462901439 0.2529069767441861 0.9723837209302324 0.25048449612403106 0.9741140642303433 0.24910022148394248 0.975844407530454 0.2470238095238096 0.9779208194905868 0.24563953488372098 0.9799972314507197 0.2435631229235881 0.9831118493909191 0.24183277962347735 0.9862264673311184 0.24114064230343307 0.9879568106312291 0.2401024363233666 0.9900332225913621 0.23941029900332234 0.9921096345514949 0.23698781838316726 0.9983388704318936 0.26986434108527135 0.9989583333333333 0.2764396456256922 0.9989583333333333
1 0.49377076411960136 0.9955703211517164 0.49238648947951275 0.9931478405315614 0.4910022148394242 0.9910714285714285 0.4896179401993356 0.9883028792912513 0.48788759689922484 0.9855343300110742 0.4865033222591363 0.9827657807308969 0.48408084163898124 0.9799972314507197 0.4823504983388705 0.9772286821705426 0.4806201550387597 0.9754983388704318 0.47785160575858254 0.9737679955703211 0.4750830564784054 0.9723837209302324 0.47231450719822815 0.971345514950166 0.47058416389811747 0.9703073089700995 0.46816168327796237 0.9696151716500553 0.4647009966777409 0.9699612403100775 0.4619324473975637 0.9699612403100775 0.45881782945736443 0.9709994462901439 0.45639534883720934 0.9727297895902546 0.4539728682170543 0.9744601328903654 0.45224252491694356 0.9768826135105204 0.45016611295681064 0.9789590254706533 0.4491279069767442 0.9813815060908084 0.4491279069767442 0.9838039867109634 0.4491279069767442 0.9858803986710962 0.4494739756367664 0.9889950166112956 0.4498200442967885 0.9907253599114064 0.4505121816168328 0.9928017718715393 0.45328073089701 0.9969545957918051 0.4560492801771872 0.9989583333333333 0.4913482834994463 0.9989583333333333 0.4954865725359912 0.9989583333333333 0.49515503875968997 0.9973006644518272
1 0.5152270210409745 0.9730758582502769 0.5193798449612403 0.975844407530454 0.5221483942414176 0.9772286821705426 0.5249169435215947 0.9789590254706533 0.5273394241417498 0.9793050941306755 0.5311461794019934 0.9789590254706533 0.5342607973421927 0.9786129568106311 0.5370293466223699 0.9779208194905868 0.5408361018826134 0.9772286821705426 0.5446428571428571 0.9761904761904762 0.5474114064230343 0.9751522702104097 0.5501799557032114 0.9734219269102989 0.5505260243632336 0.971345514950166 0.5508720930232557 0.9682308970099668 0.551218161683278 0.9658084163898117 0.5519102990033222 0.9630398671096345 0.5519102990033222 0.9606173864894795 0.5515642303433002 0.9571566998892579 0.5508720930232557 0.955080287929125 0.5498338870431893 0.9530038759689922 0.5481035437430786 0.9512735326688815 0.5456810631229235 0.9491971207087485 0.5432585825027686 0.9467746400885935 0.5415282392026578 0.945390365448505 0.5384136212624585 0.9436600221483942 0.5356450719822813 0.9419296788482835 0.5328765227021042 0.9405454042081948 0.5297619047619048 0.9391611295681063 0.5276854928017719 0.9384689922480619 0.5249169435215947 0.9370847176079734 0.5221483942414176 0.936392580287929 0.5200719822812847 0.9367386489479512 0.5173034330011075 0.9367386489479512 0.5145348837209303 0.9374307862679955 0.5107281284606866 0.9384689922480619 0.5072674418604651 0.9401993355481727 0.5058831672203765 0.9419296788482835 0.504498892580288 0.9443521594684385 0.5034606866002215 0.9467746400885935 0.5034606866002215 0.9488510520487263 0.5038067552602437 0.9509274640088593 0.5034606866002215 0.9540420819490586 0.5048449612403101 0.9602713178294573 0.5062292358803987 0.9626937984496123 0.5083056478405317 0.966500553709856 0.5100359911406424 0.968923034330011 0.5121124031007752 0.9709994462901439
1 0.3536129568106313 0.9495431893687708 0.35915005537098565 0.9488510520487263 0.36537929125138435 0.9474667774086378 0.3702242524916944 0.9460825027685492 0.3729928017718716 0.9436600221483942 0.3754152823920266 0.9398532668881505 0.3771456256921374 0.9370847176079734 0.37852990033222594 0.9332779623477296 0.3795681063122924 0.9291251384274639 0.38095238095238104 0.9263565891472868 0.38129844961240317 0.9242801771871538 0.3816445182724253 0.9201273532668881 0.3816445182724253 0.9170127353266887 0.3816445182724253 0.9142441860465116 0.38129844961240317 0.910437430786268 0.3806063122923588 0.90593853820598 0.37922203765227025 0.9021317829457364 0.3778377630121817 0.8983250276854927 0.37679955703211526 0.8952104097452934 0.37506921373200447 0.892095791805094 0.3736849390919159 0.8893272425249169 0.3719545957918051 0.8858665559246953 0.3702242524916944 0.8830980066445182 0.36849390919158365 0.8806755260243632 0.3664174972314508 0.8785991140642302 0.36399501661129574 0.8772148394241417 0.362264673311185 0.8765227021040973 0.3594961240310078 0.8765227021040973 0.3560354374307863 0.8772148394241417 0.3515365448504984 0.8779069767441859 0.34703765227021044 0.8792912513842747 0.34357696566998897 0.8803294573643411 0.3411544850498339 0.8817137320044296 0.33838593576965675 0.8841362126245846 0.336655592469546 0.887250830564784 0.3356173864894796 0.8900193798449612 0.3352713178294574 0.8931339977851604 0.33457918050941315 0.8979789590254706 0.3349252491694353 0.9028239202657807 0.3352713178294574 0.9062846068660022 0.3356173864894796 0.9097452934662236 0.3359634551495017 0.9125138427464009 0.3359634551495017 0.915282392026578 0.33630952380952384 0.9180509413067551 0.336655592469546 0.9204734219269103 0.33873200442967893 0.9277408637873754 0.3394241417497232 0.9298172757475083 0.3408084163898118 0.9339700996677741 0.34253875968992253 0.9384689922480619 0.3439230343300111 0.9412375415282391 0.345999446290144 0.9443521594684385 0.34772978959025475 0.9464285714285714 0.3511904761904762 0.9485049833887043
1 0.4865033222591363 0.9076688815060907 0.4896179401993356 0.9042081949058693 0.4910022148394242 0.9024778516057584 0.49307862679955705 0.8990171650055371 0.49446290143964566 0.8959025470653378 0.4955011074197121 0.8931339977851604 0.49723145071982283 0.8910575858250276 0.4989617940199336 0.8869047619047618 0.5003460686600222 0.882405869324474 0.5017303433001108 0.8779069767441859 0.5031146179401994 0.8744462901439646 0.5038067552602437 0.870985603543743 0.5031146179401994 0.8678709856035437 0.5013842746400886 0.8647563676633444 0.49930786267995575 0.8630260243632336 0.4955011074197121 0.8619878183831672 0.4910022148394242 0.8609496124031008 0.48823366555924697 0.8606035437430786 0.4851190476190476 0.8609496124031008 0.4820044296788483 0.8612956810631228 0.4768133997785161 0.8630260243632336 0.4740448504983389 0.8647563676633444 0.4712763012181617 0.8668327796234773 0.4688538205980067 0.8692552602436323 0.46643133997785163 0.8716777408637874 0.46435492801771877 0.873062015503876 0.462624584717608 0.8747923588039866 0.460202104097453 0.8782530454042081 0.45881782945736443 0.8810215946843853 0.45743355481727577 0.8844822812846068 0.4557032115171651 0.887250830564784 0.4550110741971208 0.8900193798449612 0.4539728682170543 0.8931339977851604 0.45328073089701 0.8969407530454042 0.45293466223698786 0.9000553709856035 0.45189645625692143 0.9031699889258029 0.4512043189368771 0.9062846068660022 0.45085825027685494 0.9097452934662236 0.4515503875968993 0.9135520487264673 0.45293466223698786 0.9170127353266887 0.4584717607973422 0.9204734219269103 0.462624584717608 0.9208194905869325 0.4691998892580288 0.9208194905869325 0.4733527131782946 0.919781284606866 0.47715946843853824 0.9180509413067551 0.4809662236987819 0.9138981173864894 0.48408084163898124 0.9107834994462901
1 0.6304678848283499 0.8893272425249169 0.6325442967884828 0.887250830564784 0.6346207087486156 0.8848283499446289 0.6370431893687708 0.882751937984496 0.6394656699889257 0.8817137320044296 0.642234219269103 0.8796373200442967 0.6439645625692136 0.8775609080841638 0.6456949058693244 0.8744462901439646 0.6467331118493909 0.8720238095238095 0.6467331118493909 0.8689091915836101 0.6460409745293466 0.866140642303433 0.6446566998892579 0.8623338870431893 0.6436184939091915 0.85921926910299 0.6418881506090808 0.856796788482835 0.6398117386489479 0.854720376522702 0.637389258028793 0.8519518272425248 0.6349667774086378 0.8495293466223699 0.6321982281284607 0.8471068660022147 0.6290836101882614 0.8450304540420819 0.6266611295681063 0.842954042081949 0.623546511627907 0.8412236987818383 0.6211240310077518 0.8398394241417496 0.6176633444075305 0.838455149501661 0.6148947951273532 0.8381090808416389 0.6117801771871538 0.8374169435215946 0.6083194905869325 0.8370708748615725 0.6062430786267996 0.8374169435215946 0.6038205980066444 0.838455149501661 0.600359911406423 0.8401854928017719 0.5972452934662236 0.8422619047619048 0.5948228128460686 0.8443383167220376 0.5927464008859358 0.8467607973421926 0.5903239202657807 0.8484911406423035 0.5889396456256921 0.8516057585825028 0.5889396456256921 0.8554125138427463 0.5896317829457364 0.8588732004429679 0.5903239202657807 0.861641749723145 0.5899778516057587 0.8651024363233666 0.5896317829457364 0.868563122923588 0.5896317829457364 0.8713316722037653 0.5913621262458472 0.8747923588039866 0.5930924695459578 0.8768687707641195 0.5968992248062015 0.8806755260243632 0.5986295681063123 0.882405869324474 0.6020902547065338 0.8844822812846068 0.6062430786267996 0.8865586932447397 0.6114341085271318 0.8886351052048727 0.616625138427464 0.8900193798449612 0.6200858250276854 0.8910575858250276 0.6242386489479512 0.891749723145072 0.6263150609080841 0.891749723145072 0.6280454042081949 0.8910575858250276
1 0.26501937984496127 0.7650885935769657 0.2709025470653378 0.7650885935769657 0.2757475083056479 0.7647425249169435 0.28059246954595796 0.7626661129568106 0.2840531561461795 0.7605897009966777 0.2868217054263566 0.7574750830564784 0.2878599114064231 0.7536683277962347 0.2878599114064231 0.7508997785160575 0.2878599114064231 0.7477851605758582 0.2888981173864895 0.7425941306755259 0.2892441860465117 0.7391334440753046 0.2888981173864895 0.7353266888150608 0.28716777408637884 0.7325581395348837 0.28474529346622374 0.7301356589147286 0.2826688815060908 0.72875138427464 0.28024640088593583 0.7277131782945736 0.2774778516057586 0.7256367663344407 0.27505537098560356 0.7239064230343301 0.27194075304540427 0.7225221483942413 0.26986434108527135 0.7218300110741971 0.2670957918050942 0.7207918050941307 0.2636351052048727 0.719407530454042 0.26052048726467336 0.7187153931339978 0.2577519379844962 0.7180232558139534 0.25463732004429684 0.7180232558139534 0.25117663344407537 0.7180232558139534 0.2470238095238096 0.7180232558139534 0.2449473975636767 0.7183693244739756 0.2421788482834995 0.7190614617940199 0.23906423034330018 0.7204457364341085 0.2366417497231451 0.7214839424141749 0.23387320044296794 0.7235603543743079 0.2321428571428572 0.7256367663344407 0.2307585825027686 0.7277131782945736 0.2286821705426357 0.7297895902547065 0.22695182724252497 0.7315199335548173 0.22591362126245854 0.7342884828349944 0.22591362126245854 0.7374031007751937 0.22660575858250281 0.7415559246954595 0.22764396456256927 0.7453626799557032 0.22764396456256927 0.7484772978959026 0.23110465116279075 0.7536683277962347 0.23525747508305656 0.7564368770764119 0.23975636766334446 0.7585132890365448 0.24321705426356596 0.7598975636766334 0.24598560354374313 0.7609357696566998 0.24910022148394248 0.7619739756367664 0.2518687707641197 0.7626661129568106 0.25463732004429684 0.7630121816168328 0.2577519379844962 0.7637043189368771 0.26052048726467336 0.7643964562569213
1 0.12243909191583616 0.7460548172757474 0.1269379844961241 0.7460548172757474 0.12970653377630129 0.745016611295681 0.13316722037652276 0.7425941306755259 0.1362818383167221 0.740171650055371 0.13939645625692146 0.7384413067552601 0.14354928017718724 0.7363648947951272 0.14562569213732013 0.7335963455149501 0.14770210409745302 0.730827796234773 0.14874031007751942 0.7280592469545958 0.14874031007751942 0.7245985603543743 0.14874031007751942 0.7218300110741971 0.14874031007751942 0.7183693244739756 0.14804817275747514 0.714562569213732 0.14735603543743087 0.7097176079734219 0.1463178294573644 0.7048726467331118 0.14562569213732013 0.7017580287929125 0.14389534883720936 0.6972591362126245 0.14251107419712078 0.6931063122923588 0.14112679955703217 0.6896456256921373 0.13905038759689928 0.6861849390919158 0.13732004429678854 0.6830703211517164 0.13524363233665565 0.6809939091915835 0.13039867109634556 0.6782253599114064 0.1269379844961241 0.6764950166112957 0.1234772978959026 0.6764950166112957 0.12070874861572542 0.67718715393134 0.11863233665559253 0.6782253599114064 0.11690199335548178 0.6806478405315615 0.11482558139534889 0.6830703211517164 0.112749169435216 0.6861849390919158 0.11171096345514955 0.6889534883720929 0.10998062015503882 0.6917220376522702 0.10894241417497237 0.6951827242524916 0.10825027685492807 0.6989894795127353 0.10790420819490593 0.7017580287929125 0.10790420819490593 0.7104097452934662 0.10825027685492807 0.7142165005537098 0.10859634551495022 0.7183693244739756 0.10928848283499451 0.7228682170542636 0.11032668881506096 0.7273671096345514 0.11101882613510526 0.7315199335548173 0.11171096345514955 0.7353266888150608 0.112749169435216 0.738095238095238 0.11378737541528244 0.7412098560354374 0.11586378737541533 0.7436323366555924 0.11897840531561467 0.7453626799557032
1 0.06533776301218168 0.6716500553709855 0.06568383167220382 0.6671511627906976 0.06637596899224812 0.6636904761904762 0.06706810631229242 0.660921926910299 0.06776024363233672 0.6578073089700996 0.068452380952381 0.6550387596899224 0.0691445182724253 0.6529623477297896 0.06879844961240315 0.6491555924695459 0.06879844961240315 0.6450027685492802 0.06879844961240315 0.642234219269103 0.068452380952381 0.6387735326688815 0.06776024363233672 0.6356589147286821 0.06706810631229242 0.632890365448505 0.06499169435215953 0.6294296788482835 0.06395348837209308 0.6273532668881505 0.061877076411960184 0.6252768549280177 0.05945459579180515 0.6228543743078627 0.056686046511627966 0.6204318936877076 0.05391749723145078 0.6193936877076411 0.05114894795127359 0.6193936877076411 0.04941860465116285 0.6193936877076411 0.047342192691029954 0.6193936877076411 0.04388150609080847 0.6207779623477298 0.040420819490586984 0.6225083056478405 0.0376522702104098 0.6238925802879292 0.03419158361018832 0.6256229235880398 0.032461240310077584 0.6273532668881505 0.031076965669988986 0.6301218161683279 0.029692691029900395 0.6325442967884828 0.029000553709856096 0.6349667774086378 0.0283084163898118 0.6380813953488372 0.0276162790697675 0.6418881506090808 0.026924141749723206 0.6443106312292358 0.02623200442967891 0.6481173864894795 0.02588593576965676 0.6508859357696566 0.025193798449612465 0.6543466223698782 0.025193798449612465 0.6581533776301217 0.025193798449612465 0.6619601328903655 0.025539867109634615 0.6668050941306755 0.0276162790697675 0.672688261351052 0.0283084163898118 0.675110741971207 0.033153377630121876 0.6806478405315615 0.035229789590254766 0.6830703211517164 0.03903654485049839 0.6854928017718716 0.04111295681063129 0.6858388704318936 0.043189368770764174 0.6858388704318936 0.04768826135105211 0.6858388704318936 0.05287929125138433 0.6854928017718716 0.056686046511627966 0.6834163898117386 0.05945459579180515 0.6816860465116279 0.061877076411960184 0.6789174972314507 0.06360741971207093 0.6768410852713178 0.06499169435215953 0.6740725359911406
1 0.37230066445182725 0.707641196013289 0.3712624584717608 0.7045265780730896 0.36987818383167226 0.7010658914728682 0.36883997785160577 0.6979512735326688 0.36710963455149503 0.6941445182724252 0.3650332225913622 0.6899916943521593 0.362264673311185 0.6861849390919158 0.35984219269102996 0.6830703211517164 0.3574197120708749 0.6809939091915835 0.35465116279069775 0.6806478405315615 0.35222868217054265 0.6809939091915835 0.3491140642303433 0.6823781838316721 0.3453073089700997 0.6844545957918051 0.3418466223698783 0.68687707641196 0.33838593576965675 0.6892995570321151 0.3356173864894796 0.691375968992248 0.33388704318936885 0.6941445182724252 0.33250276854928024 0.6976052048726467 0.3314645625692138 0.7003737541528239 0.3307724252491695 0.7034883720930232 0.3304263565891474 0.7062569213732004 0.329734219269103 0.7086794019933554 0.329734219269103 0.7121400885935769 0.329734219269103 0.7156007751937985 0.3304263565891474 0.7197535991140642 0.3307724252491695 0.7239064230343301 0.33181063122923593 0.7270210409745294 0.33250276854928024 0.730827796234773 0.33354097452934667 0.7339424141749723 0.3349252491694353 0.7363648947951272 0.33630952380952384 0.7384413067552601 0.33873200442967893 0.7412098560354374 0.3421926910299004 0.7453626799557032 0.3456533776301219 0.7484772978959026 0.34842192691029905 0.7508997785160575 0.3518826135105205 0.7529761904761904 0.3560354374307863 0.7536683277962347 0.3608803986710964 0.7522840531561461 0.3657253599114065 0.7498615725359911 0.36814784053156147 0.747093023255814 0.36987818383167226 0.7446705426356588 0.3712624584717608 0.7405177187153931 0.37230066445182725 0.735672757475083 0.3729928017718716 0.7318660022148394 0.3736849390919159 0.7280592469545958 0.3736849390919159 0.7235603543743079 0.37403100775193804 0.7187153931339978 0.37403100775193804 0.714908637873754 0.37333887043189373 0.7111018826135105
1 0.4397840531561462 0.7744324473975637 0.4425526024363234 0.7709717607973422 0.44566722037652273 0.7671650055370985 0.4480897009966778 0.7643964562569213 0.45016611295681064 0.7616279069767441 0.45189645625692143 0.7571290143964562 0.45328073089701 0.7522840531561461 0.4546650055370986 0.7464008859357697 0.4550110741971208 0.7405177187153931 0.4550110741971208 0.7360188261351052 0.4546650055370986 0.7329042081949059 0.4543189368770764 0.7280592469545958 0.4539728682170543 0.7239064230343301 0.45328073089701 0.7204457364341085 0.45293466223698786 0.716985049833887 0.45189645625692143 0.7128322259136212 0.4505121816168328 0.7097176079734219 0.4487818383167221 0.707641196013289 0.44566722037652273 0.7059108527131782 0.44151439645625695 0.705218715393134 0.4377076411960133 0.7059108527131782 0.434593023255814 0.7069490586932446 0.43182447397563684 0.7083333333333334 0.4290559246954596 0.710063676633444 0.42628737541528244 0.7124861572535991 0.4245570321151717 0.714908637873754 0.4224806201550388 0.7180232558139534 0.42109634551495023 0.7200996677740863 0.41971207087486156 0.7225221483942413 0.41936600221483944 0.7245985603543743 0.418327796234773 0.7266749723145072 0.41694352159468445 0.7297895902547065 0.41659745293466227 0.7315199335548173 0.415905315614618 0.7332502768549279 0.41521317829457366 0.7360188261351052 0.41417497231450723 0.7408637873754153 0.4131367663344408 0.745016611295681 0.4131367663344408 0.7491694352159468 0.413482834994463 0.7540143964562568 0.41417497231450723 0.7578211517165006 0.41521317829457366 0.7630121816168328 0.415905315614618 0.7675110741971206 0.41694352159468445 0.7716638981173864 0.4179817275747509 0.7744324473975637 0.4200581395348838 0.7778931339977851 0.4242109634551496 0.7810077519379844 0.42767165005537106 0.7820459579180509 0.4304401993355482 0.7816998892580287 0.4342469545957918 0.7792774086378738 0.43701550387596905 0.7772009966777408
1 0.2556755260243633 0.6325442967884828 0.25463732004429684 0.6290836101882614 0.25394518272425254 0.6266611295681063 0.2529069767441861 0.6238925802879292 0.2522148394241418 0.6214700996677741 0.2515227021040975 0.6183554817275747 0.25013842746400894 0.6152408637873754 0.24910022148394248 0.612126245847176 0.2470238095238096 0.6090116279069767 0.24529346622369885 0.6065891472868217 0.2407945736434109 0.6048588039867109 0.23733388704318945 0.6038205980066444 0.23318106312292367 0.6034745293466223 0.23041251384274647 0.6034745293466223 0.22764396456256927 0.6041666666666666 0.22522148394241423 0.6058970099667774 0.22245293466223703 0.6079734219269103 0.22003045404208202 0.609703765227021 0.21760797342192698 0.612126245847176 0.21587763012181624 0.6135105204872647 0.21449335548172763 0.6152408637873754 0.21310908084163904 0.6176633444075305 0.21241694352159474 0.6207779623477298 0.2120708748615726 0.6242386489479512 0.2120708748615726 0.6276993355481727 0.21241694352159474 0.6315060908084164 0.2127630121816169 0.6346207087486156 0.21380121816168335 0.637389258028793 0.21483942414174978 0.6401578073089701 0.21656976744186052 0.6432724252491694 0.21795404208194913 0.6456949058693244 0.22245293466223703 0.6536544850498339 0.22660575858250281 0.6588455149501661 0.22972037652270216 0.6616140642303433 0.23456533776301222 0.6640365448504983 0.23733388704318945 0.6643826135105204 0.24044850498338877 0.6643826135105204 0.24252491694352163 0.663344407530454 0.24460132890365452 0.6612679955703211 0.2470238095238096 0.6574612403100775 0.24910022148394248 0.6557308970099668 0.2508305647840532 0.6533084163898117 0.2529069767441861 0.651578073089701 0.2556755260243633 0.6484634551495017 0.2567137320044297 0.6450027685492802 0.2567137320044297 0.6415420819490586 0.2567137320044297 0.6380813953488372 0.2563676633444076 0.6360049833887043
1 0.30620155038759694 0.5640227021040974 0.30585548172757476 0.5598698781838317 0.3051633444075305 0.5557170542635659 0.3044712070874862 0.5515642303433002 0.30308693244739765 0.5474114064230343 0.30101052048726473 0.5446428571428571 0.2982419712070875 0.542220376522702 0.2930509413067553 0.5401439645625692 0.2888981173864895 0.539797895902547 0.28578349944629017 0.5401439645625692 0.2826688815060908 0.5411821705426356 0.2788621262458472 0.5436046511627908 0.27609357696567005 0.5453349944629015 0.273671096345515 0.5470653377630121 0.27021040974529353 0.5494878183831672 0.2677879291251385 0.5519102990033222 0.26536544850498345 0.5543327796234773 0.2636351052048727 0.5571013289036544 0.261904761904762 0.5598698781838317 0.26052048726467336 0.5622923588039866 0.2587901439645626 0.5650609080841639 0.257405869324474 0.5674833887043189 0.2563676633444076 0.5692137320044297 0.2556755260243633 0.5730204872646733 0.25532945736434115 0.5764811738648948 0.25498338870431897 0.5802879291251384 0.25532945736434115 0.5834025470653378 0.25602159468438546 0.5872093023255813 0.2570598006644519 0.5910160575858251 0.26052048726467336 0.5965531561461793 0.2688261351052049 0.600359911406423 0.273671096345515 0.6020902547065338 0.2788621262458472 0.6024363233665558 0.2823228128460687 0.6024363233665558 0.28474529346622374 0.6020902547065338 0.2868217054263566 0.6010520487264673 0.2888981173864895 0.5996677740863787 0.29166666666666674 0.5965531561461793 0.29408914728682173 0.5930924695459578 0.29651162790697677 0.5906699889258029 0.299280177187154 0.5868632336655593 0.30101052048726473 0.584094684385382 0.3023947951273533 0.5806339977851606 0.3037790697674419 0.5771733111849391 0.3051633444075305 0.5737126245847175 0.30585548172757476 0.5695598006644518 0.30620155038759694 0.5664451827242524
1 0.17227297895902552 0.5526024363233666 0.17400332225913626 0.5487956810631228 0.17538759689922487 0.5449889258028793 0.17607973421926915 0.5408361018826134 0.17573366555924702 0.5380675526024363 0.1743493909191584 0.5349529346622369 0.1726190476190477 0.5328765227021042 0.17019656699889263 0.5318383167220377 0.1677740863787376 0.5314922480620156 0.1643133997785161 0.5304540420819491 0.1608527131782946 0.5297619047619048 0.15739202657807316 0.5280315614617941 0.15358527131782954 0.5269933554817275 0.1504706533776302 0.5276854928017719 0.14804817275747514 0.5287236987818383 0.14527962347729798 0.530107973421927 0.14320321151716506 0.5314922480620156 0.14008859357696574 0.5335686600221483 0.1369739756367664 0.5359911406423035 0.13524363233665565 0.5373754152823921 0.13316722037652276 0.5394518272425249 0.13109080841638987 0.5418743078626799 0.12866832779623483 0.544296788482835 0.1269379844961241 0.54671926910299 0.12520764119601335 0.5498338870431893 0.1234772978959026 0.5532945736434108 0.122093023255814 0.5564091915836101 0.12105481727574756 0.5588316722037653 0.11897840531561467 0.5612541528239202 0.11794019933554822 0.5643687707641195 0.11655592469545964 0.5678294573643411 0.11620985603543747 0.5712901439645626 0.11620985603543747 0.5733665559246954 0.11586378737541533 0.5799418604651162 0.11655592469545964 0.5834025470653378 0.11863233665559253 0.5879014396456257 0.12036267995570325 0.5906699889258029 0.12313122923588045 0.5927464008859358 0.12866832779623483 0.5955149501661129 0.13039867109634556 0.5955149501661129 0.13662790697674423 0.5944767441860465 0.14008859357696574 0.59343853820598 0.14251107419712078 0.5927464008859358 0.1449335548172758 0.5920542635658914 0.14804817275747514 0.5899778516057587 0.15254706533776308 0.5851328903654485 0.15393133997785166 0.5834025470653378 0.15739202657807316 0.5775193798449613 0.15946843853820605 0.574404761904762 0.16223698781838322 0.5712901439645626 0.16465946843853826 0.5671373200442968 0.1677740863787376 0.5616002214839424 0.17019656699889263 0.5571013289036544
1 0.12140088593576971 0.45328073089701 0.12382336655592474 0.4505121816168328 0.12624584717607978 0.44670542635658916 0.12763012181616837 0.44359080841638987 0.12866832779623483 0.4390919158361019 0.12901439645625698 0.434593023255814 0.12901439645625698 0.4290559246954596 0.12763012181616837 0.4238648947951274 0.12520764119601335 0.4200581395348838 0.12105481727574756 0.41625138427464015 0.11586378737541533 0.41486710963455153 0.11032668881506096 0.41486710963455153 0.10617386489479518 0.4155592469545958 0.1006367663344408 0.4176356589147287 0.09613787375415288 0.41971207087486156 0.09233111849390925 0.4224806201550388 0.08990863787375421 0.42490310077519383 0.08783222591362132 0.4273255813953489 0.08471760797342198 0.4290559246954596 0.0812569213732005 0.4311323366555925 0.0791805094130676 0.43251661129568114 0.07710409745293471 0.4339008859357697 0.07468161683277968 0.4359772978959026 0.07156699889258035 0.43874584717607973 0.07018272425249175 0.44082225913621265 0.06706810631229242 0.4470514950166113 0.06602990033222597 0.45258859357696574 0.06568383167220382 0.4567414174972315 0.06568383167220382 0.4605481727574751 0.06637596899224812 0.46435492801771877 0.06776024363233672 0.46850775193798455 0.07087486157253604 0.4712763012181617 0.07537375415282396 0.4733527131782946 0.0791805094130676 0.4740448504983389 0.08610188261351057 0.4754291251384275 0.08956256921373205 0.4750830564784054 0.09267718715393139 0.474390919158361 0.09579180509413072 0.47231450719822815 0.09786821705426361 0.47058416389811747 0.1006367663344408 0.46850775193798455 0.10513565891472873 0.4657392026578073 0.10790420819490593 0.4640088593576966 0.11032668881506096 0.46227851605758585 0.112749169435216 0.460202104097453 0.11620985603543747 0.45777962347729795 0.11863233665559253 0.4557032115171651
1 0.2933970099667775 0.4176356589147287 0.2933970099667775 0.413482834994463 0.2913205980066446 0.4093300110741972 0.28820598006644527 0.4051771871539314 0.28543743078626804 0.40137043189368776 0.2833610188261352 0.3979097452934663 0.28128460686600226 0.39514119601328906 0.2788621262458472 0.39237264673311184 0.27505537098560356 0.3909883720930233 0.2709025470653378 0.3913344407530454 0.266749723145072 0.3920265780730897 0.2629429678848284 0.3930647840531562 0.2580980066445183 0.39514119601328906 0.25498338870431897 0.39687153931339986 0.2518687707641197 0.3979097452934663 0.24910022148394248 0.40033222591362133 0.2470238095238096 0.4024086378737542 0.24529346622369885 0.40483111849390924 0.24390919158361024 0.4072535991140643 0.24183277962347735 0.4093300110741972 0.23975636766334446 0.4110603543743079 0.23698781838316726 0.41452104097452935 0.23456533776301222 0.4172895902547066 0.2335271317829458 0.41936600221483944 0.23110465116279075 0.42213455149501666 0.23006644518272432 0.425249169435216 0.23006644518272432 0.42836378737541536 0.22972037652270216 0.4304401993355482 0.23041251384274647 0.4377076411960133 0.2307585825027686 0.44324473975636774 0.2321428571428572 0.44601328903654486 0.23491140642303437 0.4498200442967885 0.23837209302325588 0.45189645625692143 0.24390919158361024 0.4539728682170543 0.24736987818383174 0.4539728682170543 0.252560908084164 0.45362679955703217 0.25463732004429684 0.45293466223698786 0.257405869324474 0.4512043189368771 0.2608665559246955 0.4491279069767442 0.26398117386489484 0.4473975636766335 0.26744186046511637 0.44601328903654486 0.2726328903654486 0.4428986710963455 0.27540143964562575 0.44082225913621265 0.28197674418604657 0.43528516057585825 0.2850913621262459 0.4335548172757476 0.2878599114064231 0.4311323366555925 0.29028239202657813 0.42767165005537106 0.2930509413067553 0.4228266888150609
1 0.3619186046511629 0.42663344407530457 0.35880398671096353 0.4228266888150609 0.3567275747508306 0.42075027685492805 0.3536129568106313 0.4190199335548173 0.35049833887043197 0.4176356589147287 0.34772978959025475 0.41625138427464015 0.3449612403100775 0.415905315614618 0.34288482834994466 0.415905315614618 0.3394241417497232 0.41625138427464015 0.336655592469546 0.41694352159468445 0.33354097452934667 0.4190199335548173 0.3311184939091916 0.42075027685492805 0.32834994462901446 0.42213455149501666 0.32592746400885936 0.4238648947951274 0.32142857142857145 0.4273255813953489 0.31866002214839434 0.4304401993355482 0.31623754152823924 0.43286267995570327 0.3138150609080842 0.4359772978959026 0.31208471760797346 0.4394379844961241 0.3103543743078628 0.44220653377630126 0.3093161683277963 0.4449750830564784 0.308624031007752 0.44774363233665565 0.30827796234772986 0.4505121816168328 0.3096622369878184 0.45743355481727577 0.31104651162790703 0.4612403100775194 0.31208471760797346 0.46435492801771877 0.3151993355481728 0.4674695459579181 0.31796788482835 0.469545957918051 0.3221207087486158 0.47058416389811747 0.3252353266888151 0.4709302325581396 0.3286960132890366 0.47058416389811747 0.3311184939091916 0.47023809523809523 0.3356173864894796 0.46816168327796237 0.3401162790697675 0.46608527131782945 0.34357696566998897 0.46331672203765234 0.34772978959025475 0.4605481727574751 0.3508444075304541 0.4581256921373201 0.35395902547065344 0.4550110741971208 0.3556893687707642 0.45258859357696574 0.35845791805094135 0.4491279069767442 0.3601882613510521 0.44601328903654486 0.3619186046511629 0.4425526024363234 0.36364894795127356 0.4383997785160576 0.36399501661129574 0.43493909191583613 0.36364894795127356 0.43009413067552604
1 0.21553156146179406 0.35707364341085274 0.21726190476190482 0.35292081949058696 0.2186461794019934 0.34946013289036554 0.21968438538205987 0.3446151716500554 0.21933831672203769 0.3404623477297896 0.21899224806201556 0.33838593576965675 0.2186461794019934 0.3356173864894796 0.21760797342192698 0.3331949058693245 0.21587763012181624 0.329734219269103 0.21449335548172763 0.32765780730897015 0.21310908084163904 0.3252353266888151 0.21137873754152828 0.32281284606866006 0.20964839424141754 0.3210825027685493 0.2072259136212625 0.31866002214839434 0.20480343300110748 0.31623754152823924 0.20238095238095244 0.3131229235880399 0.20030454042081955 0.31104651162790703 0.1978820598006645 0.3096622369878184 0.19615171650055377 0.3089700996677741 0.1940753045404209 0.3079318936877077 0.18888427464008867 0.3065476190476191 0.18300110741971215 0.30585548172757476 0.1798864894795128 0.30585548172757476 0.1771179401993356 0.3065476190476191 0.1746954595791806 0.308624031007752 0.17227297895902552 0.3096622369878184 0.17019656699889263 0.3107004429678849 0.16742801771871546 0.31243078626799564 0.16569767441860472 0.315545404208195 0.1643133997785161 0.31900609080841646 0.16292912513842753 0.32315891472868224 0.16189091915836107 0.3262735326688816 0.16050664451827248 0.3307724252491695 0.16154485049833894 0.33838593576965675 0.16189091915836107 0.3439230343300111 0.16258305647840537 0.34946013289036554 0.16465946843853826 0.35465116279069775 0.166389811738649 0.3574197120708749 0.1691583610188262 0.3605343300110742 0.1726190476190477 0.36364894795127356 0.17504152823920271 0.36537929125138435 0.18023255813953493 0.36780177187153934 0.18369324473975643 0.36918604651162795 0.18680786267995578 0.3702242524916944 0.1892303433001108 0.37057032115171656 0.1926910299003323 0.37057032115171656 0.19580564784053162 0.37057032115171656 0.19961240310077524 0.37057032115171656 0.20168881506090813 0.37057032115171656 0.20445736434108533 0.37057032115171656 0.2072259136212625 0.36953211517165013 0.20999446290143972 0.3674557032115172 0.21137873754152828 0.3650332225913622 0.2127630121816169 0.3629568106312293 0.2141472868217055 0.3608803986710964
1 0.06706810631229242 0.3003183831672204 0.06533776301218168 0.2972037652270211 0.06360741971207093 0.2944352159468439 0.06083887043189374 0.29201273532668887 0.0584163898117387 0.29028239202657813 0.05633997785160581 0.2892441860465117 0.053571428571428624 0.28820598006644527 0.05114894795127359 0.2878599114064231 0.04941860465116285 0.28820598006644527 0.047342192691029954 0.2885520487264674 0.04388150609080847 0.28993632336655595 0.04111295681063129 0.2913205980066446 0.03799833887043195 0.2933970099667775 0.03453765227021047 0.2958194905869325 0.031076965669988986 0.29858803986710963 0.028654485049833946 0.30135658914728686 0.026924141749723206 0.3041251384274641 0.02588593576965676 0.30689368770764125 0.025193798449612465 0.3103543743078628 0.024501661129568166 0.3138150609080842 0.02415559246954602 0.3165836101882614 0.02415559246954602 0.3193521594684386 0.02415559246954602 0.32315891472868224 0.024847729789590316 0.32592746400885936 0.024847729789590316 0.3293881506090809 0.025193798449612465 0.33215669988925806 0.027962347729789654 0.3411544850498339 0.031076965669988986 0.34703765227021044 0.033845514950166175 0.34980620155038766 0.037306201550387656 0.35292081949058696 0.03903654485049839 0.3536129568106313 0.04145902547065343 0.3536129568106313 0.044919712070874925 0.3536129568106313 0.0490725359911407 0.3536129568106313 0.05253322259136218 0.3536129568106313 0.05530177187153937 0.3536129568106313 0.05772425249169441 0.35292081949058696 0.06222314507198234 0.3508444075304541 0.06602990033222597 0.34807585825027687 0.06879844961240315 0.34253875968992253 0.0712209302325582 0.33734772978959027 0.07225913621262464 0.33250276854928024 0.0726052048726468 0.3280038759689923 0.0726052048726468 0.3241971207087487 0.07225913621262464 0.3200442967884829 0.07191306755260249 0.3158914728682171 0.0712209302325582 0.31277685492801777 0.07052879291251389 0.3096622369878184 0.0698366555924696 0.30689368770764125 0.0691445182724253 0.3044712070874862
1 0.29408914728682173 0.2664036544850499 0.29408914728682173 0.264327242524917 0.2937430786267996 0.26155869324473985 0.2930509413067553 0.25913621262458475 0.29166666666666674 0.252560908084164 0.29062846068660025 0.24944629014396463 0.2892441860465117 0.24598560354374313 0.28716777408637884 0.24321705426356596 0.2850913621262459 0.24044850498338877 0.2837070874861573 0.23837209302325588 0.2816306755260244 0.23560354374307868 0.2799003322259137 0.23283499446290148 0.2771317829457365 0.23041251384274647 0.27505537098560356 0.22937430786268004 0.2722868217054264 0.22833610188261358 0.2691722037652271 0.22729789590254715 0.26605758582502775 0.22556755260243638 0.26398117386489484 0.22487541528239208 0.26155869324473985 0.2241832779623478 0.2587901439645626 0.22452934662236992 0.25602159468438546 0.22556755260243638 0.25325304540420823 0.22695182724252497 0.24979235880398676 0.22833610188261358 0.2466777408637874 0.23006644518272432 0.24390919158361024 0.23283499446290148 0.24183277962347735 0.23594961240310083 0.23941029900332234 0.23906423034330018 0.23767995570321157 0.2421788482834995 0.236295681063123 0.24563953488372098 0.236295681063123 0.25013842746400894 0.236295681063123 0.2542912513842747 0.23733388704318945 0.2584440753045405 0.238718161683278 0.26328903654485053 0.24044850498338877 0.2664036544850499 0.24252491694352163 0.2691722037652271 0.24529346622369885 0.2729789590254707 0.24771594684385387 0.2757475083056479 0.25117663344407537 0.2792081949058694 0.2542912513842747 0.28197674418604657 0.2577519379844962 0.2843992248062016 0.26121262458471767 0.2868217054263566 0.2664036544850499 0.2885520487264674 0.27055647840531566 0.2888981173864895 0.27436323366555926 0.2868217054263566 0.2764396456256922 0.2850913621262459 0.27851605758582504 0.2826688815060908 0.28093853820598014 0.2799003322259137 0.28474529346622374 0.27609357696567005 0.28820598006644527 0.2733250276854928 0.2913205980066446 0.27055647840531566 0.2933970099667775 0.26813399778516067
1 0.59343853820598 0.20653377630121822 0.5920542635658914 0.2041112956810632 0.5906699889258029 0.20203488372093031 0.5889396456256921 0.19995847176079742 0.5875553709856035 0.19822812846068666 0.5854789590254706 0.19580564784053162 0.5834025470653378 0.19338316722037657 0.5809800664451826 0.19130675526024368 0.5761351052048727 0.19130675526024368 0.574404761904762 0.19130675526024368 0.5709440753045404 0.19130675526024368 0.5674833887043189 0.191998892580288 0.5650609080841639 0.1926910299003323 0.5612541528239202 0.1940753045404209 0.5577934662236987 0.19615171650055377 0.5550249169435215 0.19753599114064235 0.5522563676633444 0.19892026578073096 0.5505260243632336 0.20134274640088598 0.5487956810631228 0.20376522702104102 0.5470653377630121 0.20687984496124037 0.5456810631229235 0.20964839424141754 0.5446428571428571 0.21172480620155046 0.5439507198228128 0.21518549280177193 0.5439507198228128 0.21830011074197128 0.544296788482835 0.2221068660022149 0.5446428571428571 0.22556755260243638 0.5449889258028793 0.2286821705426357 0.5460271317829457 0.23248892580287933 0.54671926910299 0.2342192691029901 0.5474114064230343 0.2366417497231451 0.5477574750830564 0.238718161683278 0.5498338870431893 0.24633167220376528 0.551218161683278 0.2508305647840532 0.5532945736434108 0.2542912513842747 0.556063122923588 0.257405869324474 0.5588316722037653 0.25948228128460693 0.5640227021040974 0.26155869324473985 0.5657530454042081 0.2608665559246955 0.5695598006644518 0.25913621262458475 0.5733665559246954 0.2570598006644519 0.5768272425249169 0.2563676633444076 0.5809800664451826 0.25532945736434115 0.5847868217054264 0.2522148394241418 0.5879014396456257 0.25013842746400894 0.5899778516057587 0.2487541528239203 0.5920542635658914 0.24563953488372098 0.59343853820598 0.24287098560354378 0.5944767441860465 0.238718161683278 0.5955149501661129 0.2342192691029901 0.5958610188261351 0.23006644518272432 0.5962070874861571 0.2262596899224807 0.5962070874861571 0.22245293466223703 0.5962070874861571 0.21933831672203769 0.5962070874861571 0.21587763012181624 0.5958610188261351 0.2127630121816169 0.5951688815060907 0.210686600221484 0.5944767441860465 0.20826411960132896
1 0.5089977851605759 0.17400332225913626 0.5051910299003323 0.17158084163898124 0.5017303433001108 0.16881229235880407 0.4982696566998893 0.1670819490586933 0.49515503875968997 0.16742801771871546 0.49238648947951275 0.1677740863787376 0.4903100775193799 0.16812015503875974 0.4875415282392027 0.1698504983388705 0.4854651162790698 0.17158084163898124 0.48408084163898124 0.17331118493909198 0.4823504983388705 0.17573366555924702 0.4802740863787376 0.1778100775193799 0.47854374307862685 0.1798864894795128 0.4768133997785161 0.1819629014396457 0.4754291251384275 0.1847314507198229 0.4733527131782946 0.18853820598006651 0.47231450719822815 0.19130675526024368 0.47058416389811747 0.1940753045404209 0.4691998892580288 0.19753599114064235 0.46816168327796237 0.20030454042081955 0.4667774086378738 0.2041112956810632 0.46643133997785163 0.2072259136212625 0.4667774086378738 0.20999446290143972 0.47058416389811747 0.21691583610188267 0.4761212624584718 0.21933831672203769 0.47854374307862685 0.22037652270210414 0.4802740863787376 0.22245293466223703 0.4823504983388705 0.22383720930232565 0.4847729789590255 0.22452934662236992 0.48857973421926915 0.22452934662236992 0.49238648947951275 0.22314507198228134 0.49480897009966784 0.2221068660022149 0.4982696566998893 0.21968438538205987 0.5006921373200444 0.21795404208194913 0.5027685492801772 0.21656976744186052 0.5051910299003323 0.21483942414174978 0.5062292358803987 0.21380121816168335 0.5083056478405317 0.210686600221484 0.5096899224806202 0.20826411960132896 0.5107281284606866 0.20584163898117394 0.5117663344407531 0.20376522702104102 0.5124584717607974 0.20168881506090813 0.5134966777408638 0.19892026578073096 0.5145348837209303 0.19476744186046518 0.5155730897009967 0.19096068660022156 0.516265227021041 0.18853820598006651 0.516265227021041 0.18646179401993362 0.5155730897009967 0.18230897009966782 0.5141888150609081 0.17954042081949065 0.5117663344407531 0.17607973421926915
1 0.2186461794019934 0.1511627906976745 0.2162236987818384 0.15462347729789597 0.21449335548172763 0.15739202657807316 0.21241694352159474 0.1611987818383168 0.210686600221484 0.16535160575858257 0.2093023255813954 0.1684662236987819 0.2086101882613511 0.17296511627906982 0.20826411960132896 0.17677187153931348 0.20826411960132896 0.18023255813953493 0.2086101882613511 0.18300110741971215 0.2093023255813954 0.185077519379845 0.21034053156146185 0.1871539313399779 0.2120708748615726 0.18888427464008867 0.21518549280177193 0.18957641196013295 0.21795404208194913 0.18888427464008867 0.22245293466223703 0.1871539313399779 0.22972037652270216 0.18576965669988932 0.23283499446290148 0.18438538205980073 0.23560354374307868 0.18265503875969 0.23733388704318945 0.18092469545957926 0.24287098560354378 0.17504152823920271 0.24529346622369885 0.1726190476190477 0.2470238095238096 0.1691583610188262 0.24910022148394248 0.16569767441860472 0.25048449612403106 0.16327519379844968 0.2508305647840532 0.16016057585825033 0.25117663344407537 0.15669988925802886 0.2518687707641197 0.15254706533776308 0.2522148394241418 0.14908637873754157 0.25325304540420823 0.14458748615725367 0.25325304540420823 0.14181893687707647 0.2522148394241418 0.13905038759689928 0.25013842746400894 0.13801218161683285 0.24736987818383174 0.1376661129568107 0.24460132890365452 0.1376661129568107 0.2407945736434109 0.1376661129568107 0.23733388704318945 0.138358250276855 0.23456533776301222 0.13870431893687712 0.23248892580287933 0.13939645625692146 0.23006644518272432 0.14008859357696574 0.22695182724252497 0.1428571428571429 0.2241832779623478 0.1449335548172758 0.22141472868217058 0.14770210409745302
1 0.02242524916943528 0.2781699889258029 0.023809523809523874 0.27194075304540427 0.025193798449612465 0.26605758582502775 0.025193798449612465 0.25913621262458475 0.025193798449612465 0.25463732004429684 0.024847729789590316 0.25013842746400894 0.023809523809523874 0.24563953488372098 0.02173311184939098 0.2401024363233666 0.018618493909191645 0.23525747508305656 0.016196013289036606 0.23318106312292367 0.011697120708748678 0.23110465116279075 0.00892857142857149 0.23041251384274647 0.006506090808416452 0.2307585825027686 0.004429678848283562 0.23110465116279075 0.00269933554817282 0.23179678848283505 0.0002768549280177816 0.23248892580287933 0.0 0.30687481123527643 0.003737541528239265 0.30585548172757476 0.00892857142857149 0.301702657807309 0.01308139534883727 0.29858803986710963 0.01792635658914735 0.29097452934662243 0.021040974529346685 0.2837070874861573
1 0.028654485049833946 0.16465946843853826 0.02623200442967891 0.16465946843853826 0.023117386489479575 0.16465946843853826 0.019656699889258094 0.16465946843853826 0.01515780730897016 0.16465946843853826 0.01135105204872653 0.16465946843853826 0.007544296788482897 0.16465946843853826 0.005121816168327858 0.16500553709856042 0.00269933554817282 0.1670819490586933 0.00062292358803993 0.1691583610188262 0.0002768549280177816 0.22937430786268004 0.0030454042081949685 0.22937430786268004 0.006506090808416452 0.2286821705426357 0.010312846068660085 0.22729789590254715 0.014811738648948015 0.22556755260243638 0.018964562569213795 0.2234911406423035 0.023117386489479575 0.22141472868217058 0.0276162790697675 0.21968438538205987 0.03038482834994469 0.2186461794019934 0.033845514950166175 0.21656976744186052 0.03626799557032121 0.21483942414174978 0.03903654485049839 0.21241694352159474 0.042151162790697735 0.20964839424141754 0.04457364341085277 0.20584163898117394 0.04595791805094136 0.20341915836101887 0.048726467331118545 0.19961240310077524 0.050456810631229296 0.19615171650055377 0.05218715393134003 0.1926910299003323 0.05253322259136218 0.1892303433001108 0.05218715393134003 0.18438538205980073 0.05149501661129574 0.18023255813953493 0.04976467331118499 0.17573366555924702 0.04803433001107425 0.17296511627906982 0.04595791805094136 0.17088870431893696 0.043189368770764174 0.16950442967884835 0.039382613510520546 0.1677740863787376 0.036614064230343364 0.1670819490586933 0.03419158361018832 0.166389811738649 0.031769102990033285 0.16535160575858257
1 0.39479512735326694 0.03626799557032121 0.3927187153931341 0.037306201550387656 0.38960409745293473 0.0383444075304541 0.3871816168327797 0.040074750830564845 0.3851052048726468 0.042151162790697735 0.38372093023255816 0.04457364341085277 0.3823366555924696 0.04768826135105211 0.3816445182724253 0.05114894795127359 0.3806063122923588 0.05460963455149507 0.37991417497231456 0.05772425249169441 0.37922203765227025 0.061877076411960184 0.37852990033222594 0.06533776301218168 0.3781838316722038 0.06776024363233672 0.3778377630121817 0.07052879291251389 0.3774916943521595 0.07295127353266893 0.3774916943521595 0.07571982281284613 0.3774916943521595 0.07814230343300116 0.3781838316722038 0.0812569213732005 0.37922203765227025 0.08575581395348843 0.38095238095238104 0.08783222591362132 0.3851052048726468 0.0906007751937985 0.39237264673311184 0.09371539313399783 0.39410299003322263 0.09440753045404214 0.3965254706533777 0.09440753045404214 0.39860188261351054 0.09302325581395353 0.40033222591362133 0.0912929125138428 0.4031007751937985 0.08748615725359916 0.40586932447397567 0.08506367663344412 0.40794573643410853 0.08402547065337768 0.4093300110741972 0.0812569213732005 0.41002214839424145 0.07883444075304546 0.4110603543743079 0.07571982281284613 0.41279069767441867 0.0726052048726468 0.41486710963455153 0.0698366555924696 0.41694352159468445 0.06810631229235886 0.4176356589147287 0.06602990033222597 0.4176356589147287 0.061531007751938045 0.4176356589147287 0.05772425249169441 0.4176356589147287 0.05391749723145078 0.4172895902547066 0.05114894795127359 0.41659745293466227 0.04768826135105211 0.41659745293466227 0.044919712070874925 0.415905315614618 0.04180509413067558 0.41521317829457366 0.03903654485049839 0.4138289036544851 0.03626799557032121 0.41209856035437437 0.033845514950166175 0.41071428571428575 0.031769102990033285 0.408983942414175 0.03142303433001113 0.4044850498338871 0.031769102990033285 0.40206256921373207 0.03280730897009973 0.39998615725359915 0.03349944629014402 0.3975636766334441 0.03453765227021047
1 0.4546650055370986 0.02173311184939098 0.45189645625692143 0.02242524916943528 0.44843576965669996 0.023809523809523874 0.44635935769656704 0.025539867109634615 0.4446290143964563 0.027962347729789654 0.44324473975636774 0.031076965669988986 0.44324473975636774 0.033845514950166175 0.44324473975636774 0.0369601328903655 0.44359080841638987 0.04076688815060914 0.44359080841638987 0.04388150609080847 0.4442829457364342 0.04699612403100781 0.4446290143964563 0.050456810631229296 0.4446290143964563 0.05426356589147293 0.44566722037652273 0.05807032115171655 0.4470514950166113 0.061877076411960184 0.4487818383167221 0.06568383167220382 0.45085825027685494 0.0691445182724253 0.45293466223698786 0.07225913621262464 0.4550110741971208 0.07468161683277968 0.4595099667774087 0.08021871539313405 0.46366279069767447 0.08264119601328909 0.46643133997785163 0.08437153931339984 0.4712763012181617 0.08575581395348843 0.47369878183831676 0.08610188261351057 0.47715946843853824 0.08610188261351057 0.4820044296788483 0.08471760797342198 0.4851190476190476 0.08298726467331123 0.48823366555924697 0.07952657807308976 0.4896179401993356 0.07710409745293471 0.4903100775193799 0.07433554817275752 0.4903100775193799 0.0712209302325582 0.4903100775193799 0.06741417497231456 0.4903100775193799 0.06499169435215953 0.4896179401993356 0.06083887043189374 0.48857973421926915 0.056686046511627966 0.4868493909191584 0.05426356589147293 0.4858111849390919 0.05253322259136218 0.48338870431893693 0.04941860465116285 0.48165836101882614 0.04768826135105211 0.4806201550387597 0.04595791805094136 0.47888981173864903 0.043189368770764174 0.47750553709856036 0.04076688815060914 0.4757751937984497 0.03592192691029906 0.4757751937984497 0.03419158361018832 0.4740448504983389 0.03073089700996684 0.47266057585825033 0.027962347729789654 0.47058416389811747 0.02657807308970106 0.4688538205980067 0.025193798449612465 0.4647009966777409 0.023809523809523874 0.46227851605758585 0.023117386489479575 0.4595099667774087 0.02207918050941313 0.45708748615725364 0.021387043189368835
1 0.5436046511627908 0.0812569213732005 0.5408361018826134 0.08229512735326695 0.5391057585825028 0.08402547065337768 0.5363372093023256 0.08714008859357701 0.5349529346622369 0.08921650055370992 0.5335686600221483 0.09163898117386494 0.5321843853820598 0.09371539313399783 0.5311461794019934 0.09544573643410859 0.5297619047619048 0.09752214839424146 0.5280315614617941 0.09925249169435221 0.5266472868217055 0.10167497231450724 0.525609080841639 0.10409745293466229 0.5245708748615726 0.10686600221483948 0.523186600221484 0.10963455149501665 0.5221483942414176 0.11309523809523815 0.5211101882613511 0.11586378737541533 0.5204180509413068 0.11932447397563681 0.5200719822812847 0.12243909191583616 0.5200719822812847 0.12555370985603548 0.5200719822812847 0.12901439645625698 0.520764119601329 0.1321290143964563 0.5218023255813954 0.13420542635658922 0.5228405315614618 0.13662790697674423 0.525609080841639 0.1428571428571429 0.5290697674418605 0.14770210409745302 0.5314922480620156 0.1504706533776302 0.5352990033222592 0.15254706533776308 0.5411821705426356 0.15393133997785166 0.5436046511627908 0.15393133997785166 0.5484496124031008 0.15254706533776308 0.553640642303433 0.1504706533776302 0.5564091915836101 0.1483942414174973 0.5595238095238095 0.14562569213732013 0.5616002214839424 0.14320321151716506 0.5633305647840531 0.14112679955703217 0.5650609080841639 0.13801218161683285 0.5660991140642303 0.13558970099667783 0.5674833887043189 0.13247508305647845 0.5688676633444075 0.12866832779623483 0.5702519379844961 0.12486157253599119 0.5709440753045404 0.122093023255814 0.5712901439645626 0.11794019933554822 0.5709440753045404 0.11378737541528244 0.5705980066445182 0.10928848283499451 0.5702519379844961 0.10721207087486162 0.5692137320044297 0.10375138427464013 0.5678294573643411 0.10029069767441866 0.5667912513842747 0.09717607973421932 0.5657530454042081 0.09371539313399783 0.5643687707641195 0.0906007751937985 0.562984496124031 0.08817829457364347 0.560562015503876 0.08679401993355487 0.5574473975636766 0.08540974529346629 0.5557170542635659 0.08471760797342198 0.5526024363233666 0.08367940199335554 0.5498338870431893 0.08298726467331123 0.54671926910299 0.08160299003322265
1 0.5951688815060907 0.00269933554817282 0.5951688815060907 0.0 0.5890434662237033 0.0 0.5432585825027686 0.00062292358803993 0.5425664451827242 0.00269933554817282 0.5432585825027686 0.005813953488372155 0.5439507198228128 0.00892857142857149 0.544296788482835 0.011697120708748678 0.5449889258028793 0.014811738648948015 0.5463732004429679 0.018618493909191645 0.5477574750830564 0.022771317829457426 0.5494878183831672 0.02657807308970106 0.5505260243632336 0.028654485049833946 0.5519102990033222 0.031769102990033285 0.5532945736434108 0.03419158361018832 0.5553709856035437 0.03626799557032121 0.5581395348837208 0.03869047619047625 0.5616002214839424 0.040074750830564845 0.5660991140642303 0.04145902547065343 0.5712901439645626 0.04145902547065343 0.5764811738648948 0.04145902547065343 0.5858250276854928 0.043535437430786326 0.5892857142857142 0.04145902547065343 0.5917081949058693 0.037306201550387656 0.5930924695459578 0.033845514950166175 0.5944767441860465 0.03142303433001113 0.5958610188261351 0.028654485049833946 0.5982834994462901 0.02588593576965676 0.5993217054263565 0.02346345514950172 0.5989756367663345 0.01931063122923594 0.5989756367663345 0.01515780730897016 0.5986295681063123 0.01135105204872653 0.5982834994462901 0.00927464008859364 0.5972452934662236 0.007198228128460748 0.5958610188261351 0.004429678848283562
1 0.8311877076411959 0.023809523809523874 0.8298034330011074 0.02207918050941313 0.8277270210409745 0.020694905869324536 0.8246124031007752 0.02000276854928024 0.8211517165005536 0.019656699889258094 0.8183831672203765 0.019656699889258094 0.8152685492801771 0.02000276854928024 0.8118078626799556 0.020348837209302386 0.8090393133997785 0.021040974529346685 0.8062707641196013 0.02242524916943528 0.8045404208194905 0.024501661129568166 0.8028100775193798 0.02623200442967891 0.8017718715393134 0.027962347729789654 0.7965808416389811 0.03349944629014402 0.7945044296788483 0.03453765227021047 0.7924280177187153 0.035229789590254766 0.7900055370985603 0.037306201550387656 0.7875830564784053 0.040074750830564845 0.7855066445182725 0.04249723145071988 0.7837763012181616 0.044919712070874925 0.7820459579180509 0.04768826135105211 0.7796234772978959 0.05080287929125144 0.7782392026578073 0.05287929125138433 0.7765088593576965 0.05460963455149507 0.7747785160575857 0.056686046511627966 0.7733942414174972 0.059108527131783 0.7720099667774086 0.061877076411960184 0.7716638981173864 0.06464562569213737 0.7713178294573644 0.06706810631229242 0.7713178294573644 0.07018272425249175 0.7713178294573644 0.07364341085271324 0.7720099667774086 0.07641196013289041 0.7740863787375415 0.07952657807308976 0.7792774086378738 0.08437153931339984 0.7830841638981173 0.08610188261351057 0.7865448504983389 0.08748615725359916 0.7900055370985603 0.08921650055370992 0.793812292358804 0.09094684385382065 0.7969269102990033 0.0912929125138428 0.7996954595791804 0.0912929125138428 0.8035022148394241 0.09094684385382065 0.8086932447397562 0.0906007751937985 0.8135382059800664 0.08921650055370992 0.8169988925802879 0.08679401993355487 0.8204595791805094 0.08437153931339984 0.8228820598006644 0.08229512735326695 0.8259966777408638 0.08021871539313405 0.8308416389811738 0.07745016611295687 0.8325719822812846 0.07433554817275752 0.8356866002214839 0.07087486157253604 0.8370708748615725 0.06776024363233672 0.838455149501661 0.06499169435215953 0.8394933554817274 0.06256921373200448 0.8401854928017719 0.06049280177187159 0.8412236987818383 0.05772425249169441 0.8433001107419712 0.05460963455149507 0.8453765227021041 0.05149501661129574 0.8467607973421926 0.04803433001107425 0.8484911406423035 0.04422757475083062 0.8484911406423035 0.04180509413067558 0.8484911406423035 0.039382613510520546 0.8474529346622369 0.0376522702104098 0.8457225913621261 0.03592192691029906 0.8439922480620154 0.03453765227021047 0.8422619047619048 0.03280730897009973 0.8388012181616832 0.029692691029900395 0.8370708748615725 0.0283084163898118 0.8346483942414175 0.027270210409745355 0.8329180509413068 0.02588593576965676
1 0.8806755260243632 0.07364341085271324 0.8785991140642302 0.07606589147286827 0.8765227021040973 0.07814230343300116 0.8737541528239202 0.0798726467331119 0.8716777408637874 0.0833333333333334 0.8699473975636766 0.08610188261351057 0.8692552602436323 0.08852436323366561 0.868563122923588 0.0906007751937985 0.8678709856035437 0.09371539313399783 0.8668327796234773 0.09613787375415288 0.8664867109634551 0.0985603543743079 0.8664867109634551 0.1006367663344408 0.8664867109634551 0.10340531561461799 0.8699473975636766 0.1141334440753046 0.8706395348837208 0.11586378737541533 0.8744462901439646 0.122093023255814 0.8775609080841638 0.1241694352159469 0.882751937984496 0.12555370985603548 0.8858665559246953 0.12520764119601335 0.8900193798449612 0.12486157253599119 0.8927879291251384 0.12486157253599119 0.8955564784053156 0.12486157253599119 0.8990171650055371 0.12451550387596905 0.9049003322259136 0.1227851605758583 0.9097452934662236 0.12036267995570325 0.9121677740863787 0.11828626799557036 0.912859911406423 0.11655592469545964 0.9132059800664452 0.11309523809523815 0.9145902547065338 0.10928848283499451 0.9163205980066444 0.10548172757475088 0.9177048726467331 0.10340531561461799 0.9183970099667774 0.10098283499446296 0.9194352159468439 0.09717607973421932 0.9194352159468439 0.09406146179401999 0.9190891472868217 0.0906007751937985 0.9180509413067551 0.08748615725359916 0.9170127353266887 0.08471760797342198 0.9159745293466223 0.08160299003322265 0.9149363233665558 0.07883444075304546 0.9142441860465116 0.07606589147286827 0.9132059800664452 0.0726052048726468 0.9118217054263565 0.0698366555924696 0.9083610188261351 0.06706810631229242 0.9052464008859358 0.06602990033222597 0.901439645625692 0.06499169435215953 0.8976328903654485 0.06464562569213737 0.8948643410852714 0.06499169435215953 0.892095791805094 0.06568383167220382 0.8896733111849391 0.06672203765227028 0.8875968992248062 0.06810631229235886 0.8855204872646733 0.06949058693244745 0.8830980066445182 0.07156699889258035
1 0.9215116279069767 0.15669988925802886 0.9177048726467331 0.1584302325581396 0.915282392026578 0.15946843853820605 0.912859911406423 0.1608527131782946 0.9107834994462901 0.16258305647840537 0.9087070874861571 0.1643133997785161 0.9055924695459578 0.166389811738649 0.9028239202657807 0.1691583610188262 0.9007475083056478 0.17158084163898124 0.8986710963455149 0.1743493909191584 0.8976328903654485 0.17677187153931348 0.8959025470653378 0.17954042081949065 0.8941722037652269 0.18265503875969 0.8927879291251384 0.1847314507198229 0.8927879291251384 0.18819213732004433 0.8927879291251384 0.19096068660022156 0.8927879291251384 0.19338316722037657 0.8934800664451826 0.19649778516057592 0.8955564784053156 0.20168881506090813 0.8983250276854927 0.2041112956810632 0.9000553709856035 0.20549557032115176 0.9021317829457364 0.20653377630121822 0.9045542635658914 0.20757198228128465 0.9080149501661129 0.20791805094130683 0.9114756367663345 0.20791805094130683 0.9145902547065338 0.20791805094130683 0.9170127353266887 0.2072259136212625 0.9208194905869325 0.20549557032115176 0.9228959025470652 0.20480343300110748 0.9273947951273532 0.2027270210409746 0.9305094130675525 0.20099667774086385 0.9329318936877076 0.19961240310077524 0.9374307862679955 0.1978820598006645 0.9412375415282391 0.19615171650055377 0.9443521594684385 0.19476744186046518 0.9474667774086378 0.19303709856035445 0.9491971207087485 0.19096068660022156 0.9523117386489479 0.18819213732004433 0.9543881506090808 0.185077519379845 0.9564645625692136 0.18127076411960139 0.9581949058693244 0.17677187153931348 0.9585409745293466 0.17331118493909198 0.9585409745293466 0.1691583610188262 0.9581949058693244 0.16465946843853826 0.9578488372093024 0.1611987818383168 0.9568106312292358 0.15773809523809532 0.9543881506090808 0.15531561461794027 0.9505813953488372 0.15358527131782954 0.9474667774086378 0.15323920265780738 0.9440060908084164 0.15323920265780738 0.9398532668881505 0.15323920265780738 0.9357004429678848 0.15323920265780738 0.9318936877076411 0.15358527131782954 0.9291251384274639 0.15462347729789597 0.9256644518272424 0.15531561461794027 0.9232419712070874 0.15600775193798455
1 0.7730481727574751 0.19753599114064235 0.77062569213732 0.20030454042081955 0.768549280177187 0.20341915836101887 0.7668189368770764 0.20653377630121822 0.7650885935769657 0.20999446290143972 0.7630121816168328 0.21345514950166117 0.7609357696566998 0.21830011074197128 0.7598975636766334 0.2227990033222592 0.7598975636766334 0.2286821705426357 0.7602436323366555 0.23283499446290148 0.7619739756367664 0.2366417497231451 0.7630121816168328 0.23975636766334446 0.7647425249169435 0.2421788482834995 0.7657807308970099 0.2442552602436324 0.7733942414174972 0.24736987818383174 0.7778931339977851 0.24840808416389817 0.7816998892580287 0.24840808416389817 0.7865448504983389 0.24806201550387602 0.791735880398671 0.2470238095238096 0.796234772978959 0.24563953488372098 0.7990033222591362 0.24321705426356596 0.8021179401993356 0.2401024363233666 0.8048864894795127 0.23698781838316726 0.8066168327796234 0.23491140642303437 0.8090393133997785 0.2314507198228129 0.8114617940199336 0.22833610188261358 0.8135382059800664 0.22556755260243638 0.8152685492801771 0.2221068660022149 0.8173449612403101 0.21795404208194913 0.8197674418604651 0.21310908084163904 0.8214977851605758 0.2093023255813954 0.8232281284606865 0.20584163898117394 0.8235741971207087 0.20238095238095244 0.8235741971207087 0.19892026578073096 0.8228820598006644 0.19615171650055377 0.8214977851605758 0.19303709856035445 0.8201135105204872 0.19096068660022156 0.8173449612403101 0.18853820598006651 0.8142303433001107 0.18680786267995578 0.8114617940199336 0.1847314507198229 0.8090393133997785 0.18300110741971215 0.8062707641196013 0.18161683277962354 0.803156146179402 0.18023255813953493 0.7990033222591362 0.17954042081949065 0.796234772978959 0.1798864894795128 0.7934662236987818 0.18092469545957926 0.7903516057585824 0.18265503875969 0.7879291251384274 0.18403931339977855 0.7844684385382059 0.18611572535991144 0.7820459579180509 0.18819213732004433 0.7792774086378738 0.19096068660022156 0.7768549280177186 0.19303709856035445 0.7747785160575857 0.19545957918050946
1 0.651924141749723 0.16604374307862685 0.6501937984496123 0.16881229235880407 0.6491555924695459 0.1712347729789591 0.6460409745293466 0.18092469545957926 0.6453488372093024 0.18750000000000006 0.6443106312292358 0.19096068660022156 0.6443106312292358 0.19476744186046518 0.6443106312292358 0.19892026578073096 0.6446566998892579 0.20238095238095244 0.6450027685492802 0.20480343300110748 0.6484634551495017 0.210686600221484 0.6546926910299004 0.21380121816168335 0.6581533776301217 0.21553156146179406 0.6616140642303433 0.21760797342192698 0.6647286821705426 0.21933831672203769 0.6688815060908084 0.22003045404208202 0.672688261351052 0.22003045404208202 0.6761489479512736 0.21830011074197128 0.6792635658914729 0.21553156146179406 0.68203211517165 0.21310908084163904 0.6854928017718716 0.20999446290143972 0.6882613510520487 0.2072259136212625 0.6948366555924695 0.19892026578073096 0.6979512735326688 0.1940753045404209 0.6996816168327796 0.19096068660022156 0.7010658914728682 0.1878460686600222 0.7031423034330011 0.18334717607973428 0.7038344407530454 0.17884828349944637 0.7041805094130675 0.17365725359911413 0.7038344407530454 0.1677740863787376 0.7031423034330011 0.16154485049833894 0.7024501661129567 0.15669988925802886 0.7017580287929125 0.15185492801771877 0.7000276854928018 0.14735603543743087 0.6965669988925802 0.14354928017718724 0.6934523809523809 0.14181893687707647 0.6896456256921373 0.1404346622369879 0.6861849390919158 0.14008859357696574 0.6813399778516057 0.14008859357696574 0.6778792912513842 0.1404346622369879 0.6737264673311184 0.14181893687707647 0.6713039867109635 0.1428571428571429 0.6695736434108527 0.14424141749723152 0.6674972314507197 0.1463178294573644 0.6650747508305648 0.14908637873754157 0.663344407530454 0.15150885935769665 0.6612679955703211 0.15393133997785166 0.6591915836101881 0.15669988925802886 0.6571151716500553 0.15946843853820605 0.6557308970099668 0.16154485049833894 0.654000553709856 0.16396733111849396
1 0.5920542635658914 0.08817829457364347 0.5930924695459578 0.0906007751937985 0.5937846068660022 0.09371539313399783 0.5948228128460686 0.09613787375415288 0.5958610188261351 0.0985603543743079 0.6013981173864894 0.10582779623477304 0.6069352159468439 0.112749169435216 0.609703765227021 0.11482558139534889 0.6124723145071982 0.11724806201550392 0.6162790697674418 0.11932447397563681 0.6187015503875969 0.12036267995570325 0.6228543743078627 0.12036267995570325 0.6256229235880398 0.12036267995570325 0.6287375415282391 0.12001661129568111 0.6318521594684385 0.11967054263565897 0.63531284606866 0.11897840531561467 0.6394656699889257 0.11690199335548178 0.6418881506090808 0.11447951273532674 0.6436184939091915 0.11171096345514955 0.6450027685492802 0.10894241417497237 0.6474252491694352 0.10202104097452941 0.6481173864894795 0.09994462901439652 0.6484634551495017 0.09579180509413072 0.6481173864894795 0.09302325581395353 0.6474252491694352 0.08956256921373205 0.6460409745293466 0.08575581395348843 0.6439645625692136 0.08091085271317834 0.6411960132890365 0.07641196013289041 0.637735326688815 0.07295127353266893 0.6342746400885936 0.07018272425249175 0.6297757475083057 0.06741417497231456 0.625968992248062 0.06499169435215953 0.6232004429678848 0.06326135105204879 0.6204318936877076 0.06222314507198234 0.6176633444075305 0.06014673311184945 0.6148947951273532 0.058762458471760856 0.6100498338870431 0.05772425249169441 0.6055509413067551 0.05807032115171655 0.6017441860465116 0.059108527131783 0.5986295681063123 0.06083887043189374 0.5951688815060907 0.06395348837209308 0.5924003322259136 0.06672203765227028 0.5903239202657807 0.07087486157253604 0.5892857142857142 0.07606589147286827 0.5892857142857142 0.0791805094130676 0.5903239202657807 0.08264119601328909 0.5913621262458472 0.08540974529346629
1 0.8692552602436323 0.2895902547065338 0.8671788482834994 0.2933970099667775 0.8654485049833887 0.29651162790697677 0.8633720930232557 0.299280177187154 0.8623338870431893 0.30308693244739765 0.8623338870431893 0.3065476190476191 0.8633720930232557 0.308624031007752 0.8651024363233666 0.3103543743078628 0.8671788482834994 0.31243078626799564 0.8689091915836101 0.31450719822812856 0.870985603543743 0.31692967884828355 0.8751384274640088 0.3200442967884829 0.8796373200442967 0.3221207087486158 0.8837901439645625 0.32246677740863794 0.8879429678848283 0.32142857142857145 0.8924418604651162 0.3196982281284607 0.8959025470653378 0.31796788482835 0.8986710963455149 0.315545404208195 0.9010935769656699 0.31277685492801777 0.9031699889258029 0.3107004429678849 0.9055924695459578 0.30723975636766343 0.9073228128460686 0.30481727574750833 0.9090531561461793 0.30204872646733116 0.9107834994462901 0.299280177187154 0.9118217054263565 0.2972037652270211 0.9138981173864894 0.2944352159468439 0.9156284606866002 0.29166666666666674 0.9170127353266887 0.2892441860465117 0.9180509413067551 0.28716777408637884 0.9187430786267996 0.28474529346622374 0.9194352159468439 0.2826688815060908 0.9204734219269103 0.28059246954595796 0.9208194905869325 0.27540143964562575 0.9211655592469545 0.2729789590254707 0.9201273532668881 0.26986434108527135 0.9180509413067551 0.26813399778516067 0.9142441860465116 0.266749723145072 0.9111295681063123 0.26536544850498345 0.9073228128460686 0.26398117386489484 0.903516057585825 0.2636351052048727 0.8997093023255813 0.2636351052048727 0.8969407530454042 0.2636351052048727 0.8941722037652269 0.26467331118493914 0.8910575858250276 0.26536544850498345 0.8889811738648947 0.266749723145072 0.8862126245847175 0.2688261351052049 0.8844822812846068 0.27021040974529353 0.8817137320044296 0.2729789590254707 0.8796373200442967 0.27505537098560356 0.8775609080841638 0.2774778516057586 0.8754844961240309 0.2799003322259137 0.8734080841638981 0.2826688815060908 0.8713316722037653 0.28612956810631235
1 0.7640503875968992 0.3823366555924696 0.7626661129568106 0.38614341085271325 0.7609357696566998 0.3889119601328904 0.7595514950166112 0.39237264673311184 0.7585132890365448 0.39514119601328906 0.7578211517165006 0.3979097452934663 0.7567829457364341 0.40137043189368776 0.7567829457364341 0.4051771871539314 0.7571290143964562 0.40794573643410853 0.758859357696567 0.41140642303433006 0.7598975636766334 0.413482834994463 0.7609357696566998 0.41486710963455153 0.7626661129568106 0.41659745293466227 0.7668189368770764 0.4179817275747509 0.7716638981173864 0.4200581395348838 0.7768549280177186 0.42213455149501666 0.7806616832779623 0.4231727574750831 0.7851605758582502 0.4228266888150609 0.7882751937984496 0.42213455149501666 0.7903516057585824 0.42144241417497236 0.7924280177187153 0.4204042081949059 0.7951965669988925 0.4176356589147287 0.7976190476190476 0.41452104097452935 0.7996954595791804 0.4117524916943522 0.8007336655592469 0.4093300110741972 0.8021179401993356 0.40552325581395354 0.8038482834994463 0.40206256921373207 0.8048864894795127 0.39929401993355484 0.8066168327796234 0.3965254706533777 0.8076550387596898 0.39479512735326694 0.8090393133997785 0.3920265780730897 0.8142303433001107 0.3816445182724253 0.8159606866002214 0.376453488372093 0.8159606866002214 0.3726467331118494 0.8152685492801771 0.36883997785160577 0.8138842746400885 0.36468715393134 0.8128460686600221 0.3601882613510521 0.8114617940199336 0.3549972314507199 0.810077519379845 0.35049833887043197 0.808001107419712 0.3463455149501662 0.8055786267995569 0.3449612403100775 0.8003875968992247 0.34426910299003327 0.7951965669988925 0.3446151716500554 0.7910437430786267 0.345999446290144 0.7865448504983389 0.34842192691029905 0.7827380952380951 0.3518826135105205 0.7813538205980066 0.3536129568106313 0.7796234772978959 0.3556893687707642 0.7772009966777408 0.3581118493909192 0.7754706533776301 0.3601882613510521 0.7740863787375415 0.36261074197120713 0.7716638981173864 0.3650332225913622 0.7699335548172758 0.36780177187153934 0.768549280177187 0.37057032115171656 0.7671650055370985 0.37472314507198234 0.7654346622369878 0.3788759689922481
1 0.8855204872646733 0.41452104097452935 0.8844822812846068 0.4172895902547066 0.8837901439645625 0.41936600221483944 0.8820598006644518 0.4290559246954596 0.8820598006644518 0.4339008859357697 0.8830980066445182 0.4394379844961241 0.8848283499446289 0.44359080841638987 0.8869047619047618 0.4480897009966778 0.8896733111849391 0.45258859357696574 0.8924418604651162 0.4560492801771872 0.8948643410852714 0.4595099667774087 0.8972868217054263 0.4619324473975637 0.9004014396456256 0.4640088593576966 0.9049003322259136 0.46608527131782945 0.9097452934662236 0.4674695459579181 0.9156284606866002 0.4674695459579181 0.9194352159468439 0.46608527131782945 0.9225498338870431 0.46331672203765234 0.9253183831672203 0.4605481727574751 0.9273947951273532 0.45777962347729795 0.9294712070874861 0.4550110741971208 0.9312015503875968 0.4512043189368771 0.9322397563676632 0.4473975636766335 0.9332779623477296 0.4453211517165006 0.9343161683277962 0.4418604651162791 0.9346622369878184 0.4383997785160576 0.9353543743078626 0.4335548172757476 0.9353543743078626 0.4294019933554818 0.9350083056478405 0.4245570321151717 0.9346622369878184 0.42075027685492805 0.9336240310077518 0.41521317829457366 0.931547619047619 0.4110603543743079 0.9291251384274639 0.4072535991140643 0.927048726467331 0.40552325581395354 0.9239341085271316 0.40379291251384275 0.9211655592469545 0.4024086378737542 0.9159745293466223 0.39964008859357697 0.9107834994462901 0.40033222591362133 0.9087070874861571 0.39964008859357697 0.90593853820598 0.39964008859357697 0.901439645625692 0.39998615725359915 0.8993632336655591 0.40067829457364346 0.896594684385382 0.40206256921373207 0.8941722037652269 0.4034468438538206 0.8914036544850498 0.40483111849390924 0.8893272425249169 0.4069075304540421 0.8875968992248062 0.408983942414175 0.8862126245847175 0.41209856035437437
1 0.6325442967884828 0.40379291251384275 0.63531284606866 0.40586932447397567 0.6391196013289037 0.4069075304540421 0.642580287929125 0.4069075304540421 0.6467331118493909 0.40586932447397567 0.6498477297895902 0.404138981173865 0.6529623477297896 0.40206256921373207 0.6557308970099668 0.39929401993355484 0.6584994462901439 0.39583333333333337 0.6598837209302325 0.3927187153931341 0.6605758582502769 0.39064230343300116 0.6616140642303433 0.3868355481727575 0.6629983388704319 0.3830287929125139 0.6650747508305648 0.3795681063122924 0.6678433001107419 0.37679955703211526 0.6695736434108527 0.3736849390919159 0.670265780730897 0.36987818383167226 0.6695736434108527 0.3664174972314508 0.6685354374307863 0.3615725359911407 0.6671511627906976 0.3567275747508306 0.6647286821705426 0.35292081949058696 0.6629983388704319 0.3518826135105205 0.6595376522702103 0.3491140642303433 0.6578073089700996 0.34842192691029905 0.6553848283499446 0.34772978959025475 0.6522702104097452 0.34772978959025475 0.6488095238095237 0.34772978959025475 0.6443106312292358 0.3487679955703212 0.6411960132890365 0.34980620155038766 0.6380813953488372 0.3518826135105205 0.63531284606866 0.3549972314507199 0.6335825027685492 0.3574197120708749 0.6318521594684385 0.35984219269102996 0.6301218161683279 0.362264673311185 0.628391472868217 0.3667635658914729 0.6273532668881505 0.36953211517165013 0.6270071982281284 0.3712624584717608 0.6266611295681063 0.37472314507198234 0.625968992248062 0.3774916943521595 0.625968992248062 0.3806063122923588 0.6256229235880398 0.3830287929125139 0.6256229235880398 0.38545127353266895 0.6276993355481727 0.39514119601328906 0.6308139534883721 0.40137043189368776
1 0.6882613510520487 0.49307862679955705 0.6858388704318936 0.4961932447397564 0.6841085271317829 0.49861572535991144 0.6827242524916943 0.5013842746400886 0.6806478405315615 0.504498892580288 0.679609634551495 0.506921373200443 0.6792635658914729 0.5128045404208196 0.6789174972314507 0.5190337763012182 0.6803017718715393 0.5221483942414176 0.6816860465116279 0.5242248062015504 0.6841085271317829 0.5259551495016611 0.6879152823920265 0.5280315614617941 0.6917220376522702 0.530107973421927 0.695874861572536 0.5314922480620156 0.7000276854928018 0.5328765227021042 0.7041805094130675 0.5339147286821705 0.7072951273532669 0.5349529346622369 0.7107558139534883 0.5356450719822813 0.7124861572535991 0.5356450719822813 0.7162929125138427 0.5339147286821705 0.7190614617940199 0.5328765227021042 0.7221760797342192 0.5308001107419712 0.7249446290143965 0.5283776301218163 0.7273671096345514 0.5269933554817275 0.7304817275747507 0.5242248062015504 0.7329042081949059 0.5211101882613511 0.7346345514950166 0.5193798449612403 0.7370570321151716 0.5173034330011075 0.7391334440753046 0.5141888150609081 0.7415559246954595 0.5103820598006644 0.7429401993355481 0.506921373200443 0.7439784053156145 0.5048449612403101 0.7436323366555924 0.5000000000000001 0.7432862679955703 0.49515503875968997 0.7436323366555924 0.4916943521594685 0.7436323366555924 0.48719545957918053 0.7429401993355481 0.48165836101882614 0.7412098560354374 0.47819767441860467 0.7387873754152824 0.4768133997785161 0.7349806201550387 0.4750830564784054 0.7318660022148394 0.47369878183831676 0.7290974529346622 0.47369878183831676 0.7266749723145072 0.4740448504983389 0.7225221483942413 0.4754291251384275 0.7197535991140642 0.47646733111849393 0.7159468438538206 0.47819767441860467 0.7124861572535991 0.4795819490586933 0.7090254706533776 0.481312292358804 0.705564784053156 0.4830426356589148 0.7021040974529347 0.48442691029900337 0.6982973421926909 0.48615725359911405 0.6948366555924695 0.48857973421926915 0.6917220376522702 0.49065614617940206
1 0.6948366555924695 0.637735326688815 0.6986434108527131 0.6398117386489479 0.7041805094130675 0.6415420819490586 0.7083333333333334 0.6415420819490586 0.7121400885935769 0.6408499446290143 0.7159468438538206 0.6398117386489479 0.7187153931339978 0.6384274640088593 0.7218300110741971 0.6363510520487264 0.7252906976744186 0.6339285714285714 0.7277131782945736 0.6315060908084164 0.7301356589147286 0.6290836101882614 0.7315199335548173 0.6266611295681063 0.7325581395348837 0.6242386489479512 0.7335963455149501 0.6211240310077518 0.7346345514950166 0.6183554817275747 0.7353266888150608 0.6155869324473976 0.7360188261351052 0.6131644518272424 0.7363648947951272 0.6090116279069767 0.7367109634551494 0.6041666666666666 0.7374031007751937 0.6013981173864894 0.7374031007751937 0.5982834994462901 0.7370570321151716 0.5944767441860465 0.7360188261351052 0.5906699889258029 0.7339424141749723 0.5861710963455149 0.730827796234773 0.5823643410852714 0.7284053156146179 0.5809800664451826 0.7245985603543743 0.5795957918050941 0.7218300110741971 0.5795957918050941 0.7176771871539314 0.5795957918050941 0.7124861572535991 0.5806339977851606 0.7093715393133998 0.581672203765227 0.7062569213732004 0.58374861572536 0.7034883720930232 0.5858250276854928 0.7010658914728682 0.5885935769656699 0.6989894795127353 0.5913621262458472 0.6972591362126245 0.5948228128460686 0.6955287929125138 0.5972452934662236 0.6934523809523809 0.6007059800664452 0.6920681063122923 0.6031284606866002 0.6910299003322258 0.6069352159468439 0.6899916943521593 0.6103959025470653 0.6886074197120708 0.6135105204872647 0.6879152823920265 0.616625138427464 0.6875692137320044 0.6200858250276854 0.6875692137320044 0.623546511627907 0.6879152823920265 0.6273532668881505 0.6886074197120708 0.6308139534883721 0.6892995570321151 0.6321982281284607
1 0.8010797342192691 0.6173172757475083 0.8038482834994463 0.6180094130675525 0.8086932447397562 0.6193936877076411 0.8125 0.6200858250276854 0.8163067552602435 0.6200858250276854 0.8190753045404208 0.6197397563676633 0.8211517165005536 0.6183554817275747 0.8235741971207087 0.6159330011074197 0.8256506090808416 0.6128183831672203 0.8284191583610188 0.6107419712070874 0.8308416389811738 0.6086655592469545 0.8325719822812846 0.6062430786267996 0.8346483942414175 0.6024363233665558 0.8360326688815061 0.5986295681063123 0.8370708748615725 0.5948228128460686 0.838455149501661 0.5899778516057587 0.8391472868217054 0.5854789590254706 0.8394933554817274 0.5813261351052048 0.8391472868217054 0.5771733111849391 0.8381090808416389 0.5740586932447397 0.8363787375415281 0.5712901439645626 0.8332641196013288 0.5692137320044297 0.8304955703211516 0.5681755260243633 0.8277270210409745 0.5671373200442968 0.8253045404208195 0.5664451827242524 0.821843853820598 0.5664451827242524 0.8183831672203765 0.5667912513842747 0.8156146179401993 0.5678294573643411 0.8128460686600221 0.569905869324474 0.8107696566998892 0.5712901439645626 0.808001107419712 0.5737126245847175 0.8052325581395349 0.5754429678848284 0.8028100775193798 0.5782115171650055 0.7993493909191582 0.5813261351052048 0.7969269102990033 0.5844407530454042 0.7948504983388704 0.5868632336655593 0.7927740863787375 0.5899778516057587 0.7910437430786267 0.5924003322259136 0.7896594684385382 0.5955149501661129 0.7882751937984496 0.5986295681063123 0.7882751937984496 0.6017441860465116 0.7886212624584718 0.6045127353266887 0.7903516057585824 0.6079734219269103 0.7913898117386489 0.609703765227021 0.7941583610188261 0.6138565891472868 0.7969269102990033 0.6155869324473976
1 0.852297895902547 0.5384136212624585 0.8529900332225913 0.5404900332225914 0.8540282392026577 0.5439507198228128 0.854720376522702 0.54671926910299 0.8554125138427463 0.5515642303433002 0.856796788482835 0.5546788482834994 0.8588732004429679 0.5571013289036544 0.861641749723145 0.5591777408637874 0.863718161683278 0.560562015503876 0.8668327796234773 0.5619462901439646 0.8706395348837208 0.562984496124031 0.8744462901439646 0.5633305647840531 0.8796373200442967 0.5633305647840531 0.882405869324474 0.562984496124031 0.887250830564784 0.5616002214839424 0.8903654485049833 0.5602159468438538 0.8927879291251384 0.5574473975636766 0.8945182724252491 0.5546788482834994 0.8959025470653378 0.5519102990033222 0.8969407530454042 0.5481035437430786 0.8972868217054263 0.5446428571428571 0.8972868217054263 0.5411821705426356 0.8969407530454042 0.5384136212624585 0.8962486157253599 0.5352990033222592 0.8952104097452934 0.5328765227021042 0.8941722037652269 0.5294158361018827 0.8934800664451826 0.525609080841639 0.8931339977851604 0.520764119601329 0.891749723145072 0.5166112956810631 0.8900193798449612 0.5128045404208196 0.8889811738648947 0.5096899224806202 0.887250830564784 0.5065753045404209 0.8855204872646733 0.504498892580288 0.8830980066445182 0.5027685492801772 0.8810215946843853 0.5013842746400886 0.8785991140642302 0.4996539313399779 0.8761766334440753 0.49930786267995575 0.8734080841638981 0.49930786267995575 0.870985603543743 0.5000000000000001 0.8692552602436323 0.5006921373200444 0.8654485049833887 0.5031146179401994 0.861641749723145 0.5051910299003323 0.8595653377630121 0.5062292358803987 0.8578349944629015 0.5076135105204873 0.8557585825027686 0.5096899224806202 0.8543743078626799 0.5121124031007752 0.8533361018826134 0.5145348837209303 0.852297895902547 0.5169573643410853 0.8516057585825028 0.5204180509413068 0.8516057585825028 0.5238787375415282 0.8516057585825028 0.5269933554817275 0.852297895902547 0.5308001107419712 0.852297895902547 0.5352990033222592
1 0.9557724252491694 0.551218161683278 0.9592331118493909 0.5553709856035437 0.9599252491694352 0.5557170542635659 0.9651162790697675 0.5588316722037653 0.9692691029900332 0.558485603543743 0.9720376522702103 0.5571013289036544 0.9751522702104097 0.5532945736434108 0.9772286821705426 0.5508720930232557 0.9796511627906975 0.5481035437430786 0.9820736434108527 0.5453349944629015 0.9838039867109634 0.5432585825027686 0.9855343300110742 0.5401439645625692 0.9869186046511627 0.5366832779623477 0.9879568106312291 0.5335686600221483 0.9886489479512736 0.5294158361018827 0.9886489479512736 0.5259551495016611 0.9886489479512736 0.5224944629014396 0.9886489479512736 0.5193798449612403 0.9886489479512736 0.5152270210409745 0.9886489479512736 0.5117663344407531 0.9886489479512736 0.5083056478405317 0.9883028792912513 0.504498892580288 0.9879568106312291 0.5010382059800665 0.9869186046511627 0.4982696566998893 0.9848421926910298 0.4955011074197121 0.9831118493909191 0.49307862679955705 0.9796511627906975 0.4896179401993356 0.9775747508305647 0.48857973421926915 0.9751522702104097 0.48719545957918053 0.9734219269102989 0.4865033222591363 0.9699612403100775 0.48615725359911405 0.9675387596899224 0.4868493909191584 0.9651162790697675 0.48788759689922484 0.9633859357696566 0.4892718715393134 0.9602713178294573 0.49238648947951275 0.9588870431893688 0.49377076411960136 0.9568106312292358 0.49757751937984496 0.9554263565891472 0.5003460686600222 0.9536960132890365 0.5041528239202658 0.9526578073089701 0.506921373200443 0.9519656699889257 0.5096899224806202 0.9509274640088593 0.5128045404208196 0.950235326688815 0.5155730897009967 0.950235326688815 0.5190337763012182 0.950235326688815 0.5214562569213732 0.950235326688815 0.5249169435215947 0.9505813953488372 0.5287236987818383 0.9505813953488372 0.5318383167220377 0.9509274640088593 0.5352990033222592 0.9516196013289037 0.5384136212624585 0.9526578073089701 0.5415282392026578 0.9540420819490586 0.5449889258028793 0.954734219269103 0.5477574750830564
1 0.9512735326688815 0.749515503875969 0.9554263565891472 0.7502076411960132 0.9585409745293466 0.7502076411960132 0.9616555924695459 0.7498615725359911 0.964078073089701 0.7498615725359911 0.966500553709856 0.749515503875969 0.9696151716500553 0.7491694352159468 0.9727297895902546 0.7477851605758582 0.9748062015503876 0.7464008859357697 0.9779208194905868 0.7443244739756367 0.9799972314507197 0.7422480620155039 0.9813815060908084 0.740171650055371 0.9824197120708749 0.7384413067552601 0.9848421926910298 0.7349806201550387 0.9865725359911406 0.7315199335548173 0.9883028792912513 0.7280592469545958 0.98968715393134 0.7242524916943521 0.9914174972314507 0.7204457364341085 0.9917635658914729 0.716985049833887 0.9917635658914729 0.7131782945736433 0.9917635658914729 0.7093715393133998 0.9907253599114064 0.7059108527131782 0.9883028792912513 0.7021040974529347 0.9855343300110742 0.6989894795127353 0.9827657807308969 0.6969130675526024 0.9803433001107419 0.695874861572536 0.9775747508305647 0.6948366555924695 0.975844407530454 0.6948366555924695 0.9727297895902546 0.6951827242524916 0.9696151716500553 0.6955287929125138 0.9668466223698782 0.696220930232558 0.964424141749723 0.6976052048726467 0.9616555924695459 0.6989894795127353 0.9592331118493909 0.7003737541528239 0.9568106312292358 0.7024501661129567 0.9543881506090808 0.7045265780730896 0.9516196013289037 0.7069490586932446 0.9495431893687708 0.7086794019933554 0.9478128460686599 0.710063676633444 0.9460825027685492 0.7124861572535991 0.9446982281284606 0.7156007751937985 0.9429678848283499 0.7187153931339978 0.9415836101882612 0.7218300110741971 0.940891472868217 0.7239064230343301 0.9395071982281283 0.7259828349944629 0.9384689922480619 0.7290974529346622 0.9381229235880398 0.7322120708748616 0.9381229235880398 0.7360188261351052 0.9384689922480619 0.7391334440753046 0.9391611295681063 0.7422480620155039 0.9415836101882612 0.745016611295681 0.9446982281284606 0.7467469545957918
1 0.9121677740863787 0.6159330011074197 0.9107834994462901 0.6187015503875969 0.9097452934662236 0.6218161683277963 0.9090531561461793 0.6249307862679956 0.9076688815060907 0.6287375415282391 0.9076688815060907 0.6342746400885936 0.9076688815060907 0.6380813953488372 0.9135520487264673 0.6467331118493909 0.9156284606866002 0.6498477297895902 0.9187430786267996 0.6522702104097452 0.9218576965669989 0.6543466223698782 0.9242801771871538 0.6560769656699889 0.9277408637873754 0.6605758582502769 0.9305094130675525 0.6623062015503876 0.9336240310077518 0.6626522702104097 0.9367386489479512 0.6619601328903655 0.9412375415282391 0.660921926910299 0.9446982281284606 0.6595376522702103 0.9495431893687708 0.6571151716500553 0.9526578073089701 0.6550387596899224 0.9564645625692136 0.6512320044296788 0.959579180509413 0.6481173864894795 0.9609634551495017 0.6456949058693244 0.9620016611295681 0.642234219269103 0.9637320044296788 0.6394656699889257 0.9661544850498339 0.6363510520487264 0.9675387596899224 0.6332364341085271 0.968923034330011 0.6308139534883721 0.9703073089700995 0.6280454042081949 0.9723837209302324 0.6252768549280177 0.9744601328903654 0.6221622369878184 0.9748062015503876 0.619047619047619 0.975844407530454 0.6159330011074197 0.9768826135105204 0.6124723145071982 0.978266888150609 0.6086655592469545 0.978266888150609 0.6058970099667774 0.9779208194905868 0.602782392026578 0.9772286821705426 0.6007059800664452 0.9761904761904762 0.5986295681063123 0.975844407530454 0.5968992248062015 0.975844407530454 0.5944767441860465 0.9754983388704318 0.5917081949058693 0.9748062015503876 0.5892857142857142 0.9723837209302324 0.5858250276854928 0.9699612403100775 0.584094684385382 0.9675387596899224 0.5827104097452935 0.9647702104097452 0.5820182724252491 0.9613095238095237 0.581672203765227 0.9585409745293466 0.5820182724252491 0.9561184939091915 0.5827104097452935 0.9519656699889257 0.58374861572536 0.9474667774086378 0.5847868217054264 0.9440060908084164 0.5854789590254706 0.9405454042081948 0.5865171650055371 0.9357004429678848 0.5882475083056478 0.931547619047619 0.5896317829457364 0.9284330011074197 0.5910160575858251 0.9263565891472868 0.59343853820598 0.924626245847176 0.5958610188261351 0.9225498338870431 0.5986295681063123 0.9201273532668881 0.6013981173864894 0.9177048726467331 0.6052048726467331 0.9159745293466223 0.6079734219269103 0.9156284606866002 0.6107419712070874 0.9138981173864894 0.6135105204872647
1 0.13278671617161716 0.06987417491749175 0.12788778877887788 0.07271039603960397 0.12350453795379537 0.07683580858085808 0.12092615511551155 0.08070338283828384 0.11783209570957096 0.08663366336633664 0.1157693894389439 0.09462665016501651 0.11499587458745873 0.0977207095709571 0.11473803630363036 0.10261963696369637 0.11473803630363036 0.1080342409240924 0.11525371287128713 0.11396452145214521 0.11654290429042904 0.11783209570957096 0.1186056105610561 0.12092615511551155 0.12041047854785479 0.12221534653465346 0.12376237623762378 0.12298886138613861 0.12634075907590758 0.12350453795379537 0.1276299504950495 0.12402021452145215 0.12995049504950495 0.12453589108910891 0.132013201320132 0.1247937293729373 0.13665429042904292 0.12427805280528052 0.13871699669966997 0.12376237623762378 0.14206889438943895 0.1216996699669967 0.144131600660066 0.11937912541254124 0.14619430693069307 0.11680074257425742 0.14774133663366337 0.11473803630363036 0.1500618811881188 0.11190181518151815 0.15264026402640266 0.1080342409240924 0.1549608085808581 0.10545585808580857 0.15728135313531355 0.10313531353135313 0.15960189768976898 0.10081476897689769 0.16037541254125412 0.09926773927392739 0.16166460396039603 0.09720503300330033 0.16295379537953797 0.09514232673267327 0.1637273102310231 0.09385313531353136 0.16424298679867988 0.09230610561056105 0.16553217821782176 0.08972772277227722 0.16630569306930693 0.08792285478547854 0.16733704620462045 0.08611798679867987 0.16785272277227722 0.08457095709570957 0.1681105610561056 0.08199257425742573 0.1681105610561056 0.07915635313531352 0.16759488448844884 0.07735148514851485 0.16707920792079206 0.07528877887788779 0.16604785478547857 0.07245255775577557 0.16166460396039603 0.06729579207920791 0.1565078382838284 0.06471740924092409 0.15238242574257427 0.0644595709570957 0.14825701320132012 0.06471740924092409 0.1428424092409241 0.066006600660066 0.1379434818481848 0.06729579207920791
1 0.15418729372937295 0.14619430693069307 0.15392945544554457 0.1500618811881188 0.15418729372937295 0.15289810231023102 0.15547648514851486 0.15547648514851486 0.15676567656765675 0.15728135313531355 0.1575391914191419 0.15805486798679869 0.1608910891089109 0.15985973597359734 0.1652743399339934 0.1621802805280528 0.16914191419141913 0.16346947194719472 0.17326732673267328 0.16475866336633663 0.17765057755775576 0.16501650165016502 0.1817759900990099 0.16475866336633663 0.18693275577557758 0.16424298679867988 0.19054249174917492 0.1624381188118812 0.19466790429042904 0.15985973597359734 0.19776196369636964 0.1575391914191419 0.19879331683168316 0.15625 0.20034034653465346 0.15392945544554457 0.20214521452145212 0.1516089108910891 0.20420792079207922 0.14928836633663367 0.2060127887788779 0.14748349834983498 0.2088490099009901 0.14542079207920794 0.21142739273927394 0.14335808580858087 0.21349009900990099 0.1410375412541254 0.21503712871287128 0.13871699669966997 0.21632632013201322 0.13588077557755776 0.2176155115511551 0.13304455445544555 0.21813118811881188 0.13072400990099012 0.21813118811881188 0.12737211221122113 0.2178733498349835 0.12402021452145215 0.2176155115511551 0.11937912541254124 0.21735767326732672 0.11654290429042904 0.21709983498349836 0.11319100660066006 0.21658415841584158 0.10983910891089108 0.21581064356435642 0.10777640264026403 0.21452145214521454 0.10622937293729372 0.21245874587458743 0.10494018151815182 0.20962252475247525 0.10416666666666667 0.2070441419141914 0.10390882838283828 0.20369224422442242 0.1036509900990099 0.20085602310231024 0.10339315181518152 0.1972462871287129 0.10313531353135313 0.19441006600660066 0.10287747524752475 0.1908003300330033 0.10210396039603961 0.18641707920792078 0.10081476897689769 0.18254950495049505 0.10107260726072606 0.180486798679868 0.10261963696369637 0.1789397689768977 0.10390882838283828 0.17765057755775576 0.10545585808580857 0.17610354785478546 0.10726072607260727 0.17455651815181517 0.10854991749174918 0.17197813531353134 0.11087046204620463 0.1699154290429043 0.11293316831683169 0.16733704620462045 0.11499587458745873 0.16475866336633663 0.11783209570957096 0.1621802805280528 0.12195750825082508 0.16011757425742573 0.12582508250825084 0.15857054455445543 0.12969265676567657 0.15728135313531355 0.13484942244224424 0.1559921617161716 0.13871699669966997 0.1549608085808581 0.14206889438943895
0 0.10416666666666667 0.4506874298540965 0.09715207631874298 0.4562991021324354 0.0946969696969697 0.45770202020202017 0.09189113355780022 0.4591049382716049 0.08943602693602694 0.4594556677890011 0.0859287317620651 0.4580527497194164 0.08487654320987655 0.4559483726150393 0.08452581369248034 0.4527918069584736 0.0855780022446689 0.4503367003367003 0.087682379349046 0.44753086419753085 0.0901374859708193 0.44472502805836134 0.09294332210998876 0.44262065095398423 0.09609988776655443 0.44086700336700335 0.09925645342312009 0.4391133557800224 0.10241301907968574 0.43841189674523007 0.10486812570145902 0.43841189674523007 0.10907687991021324 0.43946408529741865 0.11083052749719416 0.44156846240179576 0.1097783389450056 0.44472502805836134
0 0.1929012345679012 0.3444163860830527 0.1844837261503928 0.33915544332210995 0.1827300785634119 0.3370510662177329 0.18167789001122334 0.33459595959595956 0.1802749719416386 0.3321408529741863 0.17887205387205388 0.33003647586980916 0.18237934904601572 0.329685746352413 0.18518518518518517 0.33073793490460157 0.18799102132435463 0.3321408529741863 0.19009539842873174 0.33354377104377103 0.19219977553310885 0.3349466891133558 0.19395342312008976 0.33670033670033667 0.19640852974186307 0.3388047138047138 0.19886363636363635 0.34125982042648706 0.20061728395061726 0.34336419753086417 0.20061728395061726 0.3451178451178451
0 0.2683080808080808 0.421226150392817 0.26024130190796857 0.426837822671156 0.2567340067340067 0.4278900112233445 0.2542789001122334 0.4278900112233445 0.2549803591470258 0.4261363636363636 0.25603254769921435 0.4236812570145903 0.25743546576879905 0.4208754208754209 0.26024130190796857 0.4194725028058361 0.26269640852974185 0.41842031425364756 0.26480078563411896 0.417368125701459 0.2676066217732884 0.4159652076318743 0.2700617283950617 0.4156144781144781
0 0.3416105499438833 0.44297138047138046 0.3349466891133558 0.4471801346801347 0.33319304152637486 0.4482323232323232 0.3314393939393939 0.4485830527497194 0.32723063973063976 0.44893378226711556 0.3247755331088664 0.4482323232323232 0.32723063973063976 0.44507575757575757 0.3293350168350168 0.4436728395061728 0.3321408529741863 0.44226992143658805 0.33564814814814814 0.4405162738496072 0.3384539842873176 0.43876262626262624 0.3405583613916947 0.43735970819304154 0.3426627384960718 0.4370089786756453
0 0.02665544332210999 0.19044612794612795 0.015432098765432096 0.19465488215488216 0.011924803591470256 0.19535634118967452 0.008768237934904602 0.19675925925925924 0.004910213243546577 0.19816217732884397 0.0028058361391694723 0.19921436588103253 0.0014029180695847362 0.1999158249158249 0.0014029180695847362 0.19640852974186307 0.0028058361391694723 0.19605780022446687 0.019290123456790122 0.1890432098765432 0.021394500561167224 0.18799102132435463 0.027356902356902354 0.18518518518518517 0.03051346801346801 0.18483445566778897 0.03226711560044893 0.1865881032547699 0.03191638608305274 0.18974466891133554
0 0.19009539842873174 0.13117283950617284 0.18308080808080807 0.13468013468013465 0.18097643097643096 0.13713524130190796 0.17887205387205388 0.1378367003367003 0.17676767676767677 0.1378367003367003 0.17466329966329966 0.13538159371492706 0.17501402918069583 0.13257575757575757 0.17711840628507294 0.12976992143658808 0.1802749719416386 0.1273148148148148 0.18308080808080807 0.1255611672278339 0.1865881032547699 0.12380751964085297 0.1893939393939394 0.12275533108866442 0.19395342312008976 0.12240460157126823 0.19710998877665542 0.12275533108866442 0.19921436588103253 0.12450897867564532 0.1999158249158249 0.12801627384960718 0.19921436588103253 0.13012065095398428 0.1957070707070707 0.13117283950617284
0 0.2644500561167228 0.25953984287317616 0.2609427609427609 0.25533108866442195 0.25918911335578004 0.25392817059483724 0.25638327721661053 0.2521745230078563 0.2542789001122334 0.2507716049382716 0.2528759820426487 0.24901795735129065 0.2525252525252525 0.24691358024691354 0.2556818181818182 0.24551066217732884 0.25918911335578004 0.2462121212121212 0.2623456790123457 0.2483164983164983 0.26515151515151514 0.2507716049382716 0.2672558922558922 0.25357744107744107 0.2683080808080808 0.2567340067340067 0.26971099887766553 0.25953984287317616 0.2683080808080808 0.26164421997755327
0 0.40404040404040403 0.05576599326599326 0.4033389450056116 0.06383277216610549 0.40298821548821545 0.06663860830527497 0.40158529741863075 0.07014590347923681 0.40018237934904594 0.0726010101010101 0.39877946127946123 0.07400392817059484 0.39702581369248036 0.07084736251402918 0.39702581369248036 0.06663860830527497 0.39702581369248036 0.06278058361391695 0.39737654320987653 0.05892255892255892 0.3977272727272727 0.05541526374859708 0.3980780022446689 0.05225869809203142 0.40158529741863075 0.050505050505050504
0 0.47138047138047134 0.06488496071829404 0.46997755331088664 0.05751964085297419 0.46927609427609424 0.05541526374859708 0.46787317620650953 0.05331088664421998 0.4654180695847362 0.050505050505050504 0.4629629629629629 0.04699775533108866 0.4601571268237935 0.04313973063973064 0.45770202020202017 0.03998316498316498 0.4570005611672278 0.036826599326599326 0.4570005611672278 0.035072951739618406 0.4601571268237935 0.036125140291806954 0.4633136924803591 0.038580246913580245 0.46506734006734 0.040684624017957347 0.4664702581369248 0.043841189674523 0.46787317620650953 0.04559483726150393 0.4696268237934904 0.04734848484848485 0.47208193041526375 0.04980359147025813 0.47348484848484845 0.05296015712682379 0.47383557800224463 0.056467452300785634 0.4741863075196408 0.05892255892255892 0.47523849607182933 0.06137766554433221 0.47523849607182933 0.06453423120089787 0.47558922558922556 0.06734006734006732 0.47593995510662174 0.07014590347923681 0.47593995510662174 0.07225028058361391 0.47383557800224463 0.07119809203142537
0 0.6786616161616161 0.16764870931537598 0.6723484848484848 0.18799102132435463 0.6709455667789002 0.19184904601571265 0.6698933782267116 0.1957070707070707 0.668841189674523 0.19921436588103253 0.6677890011223344 0.20272166105499437 0.6649831649831649 0.20377384960718292 0.6642817059483725 0.20131874298540964 0.6639309764309763 0.19851290684624018 0.6646324354657688 0.19465488215488216 0.6660353535353535 0.19184904601571265 0.6674382716049382 0.1890432098765432 0.668841189674523 0.18553591470258135 0.6698933782267116 0.1827300785634119 0.6702441077441077 0.1802749719416386 0.6709455667789002 0.17746913580246912 0.6719977553310886 0.1739618406285073 0.672699214365881 0.1718574635241302 0.6734006734006733 0.17010381593714924 0.6741021324354658 0.16729797979797978 0.6744528619528619 0.1648428731762065 0.6751543209876544 0.16203703703703703 0.6758557800224466 0.1602833894500561 0.6772586980920313 0.15712682379349047 0.6800645342312008 0.1557239057239057 0.6807659932659932 0.1602833894500561
0 0.5680490654205607 0.240134994807892 0.5669132917964693 0.23575415368639666 0.566588785046729 0.23332035306334373 0.5662642782969887 0.23072429906542055 0.565777518172378 0.2284527518172378 0.5651285046728972 0.22666796469366565 0.5643172377985463 0.22439641744548286 0.563343717549325 0.22082684319833853 0.562532450674974 0.21904205607476637 0.5612344236760125 0.21677050882658358 0.5605854101765317 0.21401220145379024 0.5600986500519212 0.2106048805815161 0.5602609034267912 0.20849558670820353 0.5615589304257528 0.20671079958463137 0.563343717549325 0.2058995327102804 0.5648039979231568 0.20654854620976115 0.5652907580477674 0.20865784008307373 0.5652907580477674 0.2112538940809969 0.5651285046728972 0.21417445482866043 0.5652907580477674 0.21725726895119418 0.5656152647975078 0.22017782969885774 0.5664265316718587 0.22309839044652127 0.5670755451713396 0.22504543094496368 0.5677245586708203 0.227803738317757 0.5683735721703012 0.23007528556593976 0.5690225856697819 0.23250908618899274 0.5696715991692628 0.23478063343717548 0.5703206126687435 0.23672767393561786 0.5712941329179647 0.23916147455867082 0.5722676531671859 0.2415952751817238 0.572429906542056 0.24354231568016615 0.5719431464174456 0.24451583592938733 0.5703206126687435 0.24451583592938733 0.5686980789200415 0.24224428868120457
0 0.721609477124183 0.5040849673202614 0.7168436819172114 0.5098720043572984 0.7144607843137255 0.5115740740740741 0.7120778867102397 0.5122549019607843 0.7093545751633987 0.5125953159041393 0.704248366013072 0.5125953159041393 0.7015250544662309 0.5125953159041393 0.7025462962962963 0.5091911764705882 0.704248366013072 0.5064678649237472 0.7066312636165577 0.5044253812636165 0.7093545751633987 0.5023828976034858 0.7124183006535947 0.5010212418300654 0.7165032679738562 0.4993191721132897 0.7195669934640523 0.49761710239651413 0.7219498910675382 0.4965958605664487 0.7253540305010893 0.49591503267973847 0.7253540305010893 0.4982979302832244 0.7236519607843138 0.5006808278867102
0 0.8679874727668846 0.5405092592592593 0.8673066448801744 0.5377859477124183 0.8662854030501089 0.5354030501089325 0.8652641612200436 0.5323393246187363 0.8649237472766884 0.5296160130718953 0.8652641612200436 0.5268927015250544 0.8679874727668846 0.5262118736383442 0.8696895424836601 0.5279139433551198 0.8710511982570807 0.5296160130718953 0.8724128540305011 0.5323393246187363 0.8730936819172114 0.5354030501089325 0.8734340958605665 0.5391476034858388 0.8737745098039216 0.5428921568627452 0.8737745098039216 0.5452750544662309 0.8717320261437909 0.5452750544662309
0 0.6208469498910676 0.8700299564270152 0.6123366013071896 0.8628812636165577 0.6092728758169934 0.8611791938997821 0.6068899782135077 0.8591367102396514 0.6045070806100218 0.8564133986928104 0.6031454248366013 0.8540305010893247 0.6031454248366013 0.852328431372549 0.6062091503267975 0.852328431372549 0.6096132897603486 0.8540305010893247 0.6133578431372549 0.8564133986928104 0.6160811546840959 0.8584558823529412 0.6188044662309369 0.8601579520697168 0.6211873638344226 0.8622004357298475 0.6239106753812637 0.8645833333333334 0.6262935729847495 0.8666258169934641 0.6286764705882353 0.8696895424836601 0.630378540305011 0.8727532679738562 0.6310593681917211 0.8747957516339869 0.6283360566448801 0.8747957516339869 0.624931917211329 0.8730936819172114
0 0.3577069716775599 0.8989651416122004 0.3604302832244008 0.9132625272331155 0.36111111111111105 0.9159858387799564 0.3614515250544662 0.9193899782135077 0.3614515250544662 0.9224537037037037 0.3617919389978213 0.9248366013071896 0.36213235294117646 0.9275599128540305 0.36213235294117646 0.9306236383442266 0.36213235294117646 0.9340277777777778 0.3597494553376906 0.9357298474945533 0.3573665577342047 0.9350490196078431 0.35668572984749447 0.9309640522875817 0.3573665577342047 0.9279003267973855 0.358047385620915 0.9238153594771242 0.3577069716775599 0.9204112200435729 0.3573665577342047 0.9173474945533769 0.35668572984749447 0.9139433551198256 0.3560049019607843 0.9105392156862745 0.35532407407407407 0.9067946623093682 0.3546432461873638 0.903390522875817 0.35430283224400866 0.9010076252723311 0.3532815904139433 0.8976034858387799 0.35226034858387795 0.894880174291939 0.35157952069716775 0.8907952069716776 0.3512391067538126 0.8890931372549019 0.35226034858387795 0.8870506535947713 0.35430283224400866 0.886369825708061 0.35634531590413937 0.8884123093681917 0.35668572984749447 0.8928376906318083
0 0.5177015250544662 0.9616013071895425 0.5149782135076253 0.9592184095860568 0.5132761437908496 0.9571759259259259 0.5122549019607843 0.9547930283224401 0.5122549019607843 0.9530909586056644 0.5153186274509803 0.9527505446623095 0.5180419389978214 0.9530909586056644 0.5268927015250544 0.9561546840958606 0.5302968409586056 0.9578567538126362 0.5330201525054465 0.9592184095860568 0.5371051198257081 0.9609204793028322 0.539828431372549 0.9636437908496732 0.5401688453159041 0.9653458605664489 0.5374455337690631 0.9670479302832243 0.5323393246187363 0.96875 0.52859477124183 0.9684095860566448 0.5248502178649237 0.9667075163398693 0.5211056644880174 0.9646650326797386
0 0.8250953159041394 0.5888480392156862 0.8199891067538126 0.5980392156862745 0.8159041394335512 0.6017837690631808 0.8128404139433552 0.6038262527233116 0.8101171023965141 0.6051879084967321 0.8080746187363835 0.6051879084967321 0.8063725490196079 0.6041666666666666 0.8053513071895425 0.6004221132897604 0.8063725490196079 0.596677559912854 0.8084150326797386 0.593613834422658 0.8118191721132898 0.590890522875817 0.8142020697167757 0.5871459694989107 0.8172657952069716 0.5840822440087146 0.820669934640523 0.582380174291939 0.8237336601307189 0.5806781045751634 0.8257761437908496 0.5813589324618736 0.8261165577342048 0.5844226579520697
0 0.7971813725490196 0.36723856209150324 0.7883306100217865 0.38562091503267965 0.7828839869281047 0.3965141612200435 0.781181917211329 0.3995778867102396 0.7801606753812637 0.40230119825708055 0.7787990196078431 0.4046840958605664 0.7767565359477124 0.4074074074074074 0.7750544662309369 0.4094498910675381 0.7733523965141612 0.4097903050108932 0.773011982570806 0.4080882352941176 0.7750544662309369 0.40230119825708055 0.7777777777777778 0.3982162309368192 0.7794798474945533 0.39549291938997816 0.7815223311546842 0.3924291938997821 0.7835648148148149 0.38868464052287577 0.7852668845315904 0.3849400871459695 0.7862881263616558 0.3818763616557734 0.7876497821350763 0.37881263616557725 0.7941176470588236 0.366557734204793
0 0.9067946623093682 0.4394063180827886 0.9037309368191722 0.4312363834422657 0.9030501089324618 0.42817265795206966 0.9027096949891067 0.42476851851851843 0.9020288671023965 0.42068355119825707 0.9020288671023965 0.41796023965141604 0.9030501089324618 0.4162581699346405 0.9067946623093682 0.41966230936819165 0.9088371459694989 0.4230664488017429 0.9101988017429193 0.4264705882352941 0.9112200435729848 0.42987472766884527 0.911900871459695 0.43395969498910675 0.9125816993464053 0.4380446623093681 0.9125816993464053 0.44144880174291934 0.9115604575163399 0.4441721132897603 0.9095179738562091 0.4434912854030501
0 0.795138888888889 0.20588235294117646 0.7910539215686274 0.2147331154684096 0.7893518518518519 0.21609477124183005 0.786968954248366 0.21915849673202611 0.7845860566448801 0.2218818082788671 0.7828839869281047 0.22358387799564267 0.7815223311546842 0.2232434640522876 0.781181917211329 0.2201797385620915 0.7822031590413944 0.21609477124183005 0.7835648148148149 0.21235021786492372 0.7845860566448801 0.20962690631808278 0.7862881263616558 0.2065631808278867 0.7879901960784313 0.20520152505446623 0.7900326797385622 0.2031590413943355 0.7924155773420479 0.20111655773420478 0.7958197167755992 0.1997549019607843 0.7975217864923747 0.20009531590413943
0 0.9343681917211328 0.1806917211328976 0.9272194989106753 0.18818082788671023 0.9251770152505447 0.18954248366013068 0.9224537037037037 0.1909041394335512 0.9183687363834423 0.19192538126361655 0.9159858387799564 0.1926062091503268 0.9136029411764707 0.19328703703703703 0.9101988017429193 0.19328703703703703 0.9105392156862745 0.1898828976034858 0.9142837690631808 0.1875 0.9176879084967321 0.18647875816993462 0.9214324618736384 0.18477668845315903 0.9255174291938998 0.1813725490196078 0.9285811546840959 0.178989651416122 0.9313044662309369 0.17626633986928106 0.9340277777777778 0.17456427015250545
0 0.0870571658615137 0.8207528180354268 0.09007648953301128 0.8247785829307569 0.08252818035426732 0.834339774557166 0.07347020933977456 0.8368558776167473 0.06390901771336555 0.8418880837359098 0.062399355877616754 0.8449074074074076 0.05787037037037037 0.8484299516908214 0.053341384863124 0.847926731078905 0.05283816425120773 0.8444041867954912 0.05485104669887279 0.8413848631239936 0.058373590982286644 0.8378623188405798 0.06290257648953301 0.8353462157809984 0.06692834138486313 0.8338365539452497
0 0.259852587244284 0.9984205776173286 0.2602286401925391 0.9980445246690733 0.26549338146811075 0.98676293622142 0.26248495788206977 0.9871389891696751 0.2553399518652226 0.9972924187725631 0.2557160048134777 0.9976684717208183
0 0.9353578629032259 0.6333585349462366 0.9412382392473119 0.6220178091397849 0.9429183467741936 0.6194976478494624 0.9466985887096775 0.6157174059139785 0.9483786962365592 0.6136172715053764 0.9508988575268817 0.6115171370967742 0.9529989919354839 0.6085769489247312 0.9546790994623656 0.6056367607526882 0.9546790994623656 0.6031165994623656 0.9521589381720431 0.6022765456989247 0.9496387768817205 0.6052167338709677 0.9462785618279571 0.6094170026881721 0.943338373655914 0.6144573252688172 0.9412382392473119 0.6173975134408602 0.9395581317204301 0.6199176747311828 0.9370379704301076 0.6228578629032259 0.9345178091397849 0.6253780241935484 0.9298975134408602 0.6274781586021505 0.9273773521505377 0.6291582661290323 0.925697244623656 0.6320984543010754 0.9244371639784946 0.6379788306451614 0.9252772177419356 0.6400789650537635 0.9290574596774195 0.6354586693548387
0 0.9761004704301076 0.7165238575268817 0.9698000672043011 0.7274445564516129 0.9668598790322581 0.7299647177419355 0.9639196908602151 0.7320648521505377 0.9613995295698925 0.7333249327956989 0.9580393145161291 0.7350050403225806 0.9542590725806452 0.7345850134408602 0.9534190188172044 0.730384744623656 0.9567792338709677 0.7282846102150539 0.9613995295698925 0.7249243951612904 0.9643397177419356 0.7232442876344086 0.9672799059139785 0.7203040994623656 0.9693800403225806 0.7161038306451614 0.9714801747311828 0.7127436155913979 0.9740003360215055 0.7110635080645161 0.976520497311828 0.7106434811827957
0 0.7135836693548387 0.6199176747311828 0.7144237231182796 0.6136172715053764 0.7165238575268817 0.6094170026881721 0.7182039650537635 0.6068968413978495 0.7186239919354839 0.6035366263440861 0.7198840725806452 0.6010164650537635 0.7203040994623656 0.5989163306451614 0.7198840725806452 0.59765625 0.7177839381720431 0.5972362231182796 0.7161038306451614 0.6005964381720431 0.7140036962365592 0.6052167338709677 0.7127436155913979 0.6077368951612904 0.7123235887096775 0.6106770833333334 0.7106434811827957 0.6140372983870968 0.708963373655914 0.6178175403225806 0.7077032930107527 0.6203377016129034 0.7068632392473119 0.6236979166666666 0.7068632392473119 0.6257980510752688 0.7110635080645161 0.6232778897849462
0 0.43582906712172925 0.7472625142207054 0.43938424345847554 0.7348193970420933 0.4400952787258248 0.7323307736063709 0.44045079635949946 0.7298421501706485 0.4411618316268487 0.7262869738339022 0.4415173492605234 0.7234428327645052 0.44187286689419797 0.7213097269624574 0.4400952787258248 0.7195321387940842 0.4383176905574517 0.7202431740614335 0.4368956200227531 0.7259314562002275 0.43654010238907853 0.7298421501706485 0.43582906712172925 0.7333973265073949 0.43511803185437997 0.7373080204778157 0.43440699658703075 0.740863196814562
0 0.1296088129496403 0.7208857913669064 0.12679856115107915 0.7171387889688249 0.12286420863309355 0.7045863309352518 0.12436300959232617 0.6997152278177459 0.1290467625899281 0.7010266786570744 0.13260641486810554 0.7072092326139089 0.13429256594724223 0.7137664868105514 0.13429256594724223 0.7191996402877697 0.13148231414868108 0.7208857913669064
0 0.46571492805755393 0.9013039568345323 0.4660896282973621 0.8947467026378896 0.4692745803357314 0.8868779976019184 0.4743330335731415 0.8806954436450839 0.47939148681055155 0.8767610911270983 0.47957883693045567 0.8814448441247003 0.47751798561151076 0.8887514988009592 0.47245953237410077 0.8939973021582734 0.46852517985611514 0.8992431055155875
0 0.4675884292565947 0.9974145683453237 0.4651528776978417 0.9895458633093525 0.463466726618705 0.9822392086330934 0.4728342326139089 0.9929181654676259 0.4792404712593562 0.9989583333333333
