1 0.6127873563218391 0.9705459770114943 0.6081178160919541 0.9676724137931034 0.6063218390804598 0.9647988505747127 0.6045258620689655 0.9608477011494253 0.6038074712643678 0.9565373563218391 0.6034482758620691 0.9518678160919541 0.60308908045977 0.9475574712643678 0.60308908045977 0.9432471264367817 0.6023706896551725 0.9378591954022989 0.6023706896551725 0.9339080459770115 0.6023706896551725 0.9292385057471264 0.6027298850574713 0.9231321839080461 0.6038074712643678 0.9170258620689656 0.6052442528735632 0.9119971264367817 0.6073994252873564 0.9066091954022989 0.6095545977011495 0.9019396551724139 0.6127873563218391 0.8979885057471264 0.6167385057471264 0.8940373563218391 0.6196120689655173 0.8918821839080461 0.6224856321839081 0.8908045977011495 0.6264367816091954 0.8900862068965517 0.632183908045977 0.8900862068965517 0.6375718390804598 0.8911637931034483 0.6426005747126436 0.8929597701149425 0.6454741379310345 0.8951149425287357 0.6479885057471264 0.9008620689655173 0.6515804597701149 0.9087643678160919 0.6530172413793103 0.9123563218390806 0.6540948275862069 0.9148706896551725 0.6551724137931034 0.9173850574712644 0.65625 0.9202586206896551 0.6573275862068966 0.9234913793103449 0.6591235632183908 0.9267241379310345 0.6605603448275862 0.9299568965517242 0.6609195402298851 0.9328304597701149 0.661278735632184 0.9360632183908046 0.6616379310344828 0.9389367816091954 0.661278735632184 0.9421695402298851 0.6605603448275862 0.9457614942528736 0.6594827586206897 0.949353448275862 0.6584051724137931 0.9529454022988506 0.6573275862068966 0.9558189655172414 0.65625 0.9586925287356323 0.6548132183908046 0.9626436781609196 0.6533764367816093 0.9662356321839081 0.6526580459770115 0.9691091954022989 0.6512212643678161 0.9716235632183908 0.649066091954023 0.9730603448275862 0.6461925287356322 0.973778735632184 0.6411637931034483 0.9748563218390806 0.6350574712643678 0.9755747126436781 0.6289511494252874 0.9755747126436781 0.6257183908045978 0.9752155172413793 0.6196120689655173 0.973778735632184
1 0.46372126436781613 0.9917385057471264 0.46048850574712646 0.9838362068965517 0.4597701149425288 0.980962643678161 0.4594109195402299 0.9777298850574713 0.4594109195402299 0.9734195402298851 0.4594109195402299 0.96875 0.46012931034482757 0.9637212643678161 0.4608477011494253 0.9586925287356323 0.46156609195402304 0.9540229885057472 0.46264367816091956 0.949712643678161 0.4644396551724138 0.9454022988505747 0.46623563218390807 0.9418103448275862 0.46875 0.9385775862068966 0.471264367816092 0.9360632183908046 0.4752155172413793 0.9328304597701149 0.4780890804597701 0.930316091954023 0.48204022988505746 0.927801724137931 0.4849137931034483 0.9260057471264368 0.48778735632183906 0.9252873563218391 0.4906609195402299 0.9252873563218391 0.49497126436781613 0.925646551724138 0.5 0.92816091954023 0.5053879310344828 0.930316091954023 0.5104166666666666 0.9324712643678161 0.5147270114942529 0.9353448275862069 0.5179597701149425 0.9389367816091954 0.5204741379310345 0.9432471264367817 0.5222701149425287 0.9471982758620691 0.5237068965517241 0.9518678160919541 0.5244252873563219 0.956896551724138 0.5247844827586207 0.961566091954023 0.5251436781609196 0.9673132183908046 0.5251436781609196 0.9719827586206897 0.524066091954023 0.9777298850574713 0.521551724137931 0.9823994252873564 0.5186781609195402 0.9863505747126436 0.5147270114942529 0.99066091954023 0.5114942528735632 0.9931752873563219 0.5082614942528736 0.9956896551724139 0.501426985370951 0.9989583333333333 0.48886494252873564 0.9989583333333333 0.4701867816091954 0.9989583333333333 0.46839080459770116 0.9978448275862069
1 0.33261494252873564 0.9227729885057472 0.3254310344827587 0.9198994252873564 0.32147988505747127 0.9177442528735632 0.31788793103448276 0.91558908045977 0.3139367816091954 0.9130747126436781 0.31106321839080464 0.9109195402298851 0.3081896551724138 0.9087643678160919 0.30531609195402304 0.90625 0.3031609195402299 0.9026580459770115 0.30064655172413796 0.8972701149425287 0.2999281609195402 0.8954741379310345 0.2988505747126437 0.8929597701149425 0.2988505747126437 0.8900862068965517 0.2988505747126437 0.8861350574712644 0.2999281609195402 0.8825431034482759 0.30136494252873564 0.8803879310344828 0.3024425287356322 0.8785919540229885 0.30495689655172414 0.8760775862068966 0.3081896551724138 0.8732040229885059 0.31106321839080464 0.8714080459770115 0.31429597701149425 0.8703304597701149 0.3189655172413793 0.8696120689655173 0.3250718390804598 0.8696120689655173 0.3308189655172414 0.8696120689655173 0.33512931034482757 0.8706896551724139 0.3405172413793104 0.8724856321839081 0.3448275862068966 0.8739224137931034 0.3494971264367816 0.8760775862068966 0.35272988505747127 0.8778735632183908 0.35596264367816094 0.8803879310344828 0.3588362068965517 0.8829022988505747 0.3620689655172414 0.886853448275862 0.365301724137931 0.8908045977011495 0.36781609195402304 0.894396551724138 0.3692528735632184 0.8972701149425287 0.3706896551724138 0.9008620689655173 0.37212643678160917 0.9044540229885059 0.3728448275862069 0.9080459770114943 0.37320402298850575 0.9116379310344828 0.37320402298850575 0.9148706896551725 0.3728448275862069 0.9170258620689656 0.3714080459770115 0.9191810344827586 0.36745689655172414 0.9220545977011495 0.36278735632183906 0.9231321839080461 0.35811781609195403 0.9231321839080461 0.3556034482758621 0.9234913793103449 0.35201149425287354 0.9238505747126436 0.34806034482758624 0.9238505747126436 0.3441091954022989 0.9238505747126436 0.33836206896551724 0.9234913793103449
1 0.3624281609195402 0.8606321839080461 0.35739942528735635 0.8545258620689656 0.35596264367816094 0.8516522988505747 0.35488505747126436 0.848778735632184 0.3541666666666667 0.8451867816091954 0.35380747126436785 0.8405172413793103 0.3541666666666667 0.8369252873563219 0.35596264367816094 0.8329741379310345 0.35847701149425293 0.8297413793103449 0.36099137931034486 0.8268678160919541 0.36386494252873564 0.824353448275862 0.36673850574712646 0.8221982758620691 0.370330459770115 0.8200431034482759 0.37320402298850575 0.8178879310344828 0.3764367816091954 0.8164511494252874 0.37931034482758624 0.8150143678160919 0.38290229885057475 0.8135775862068966 0.3879310344827587 0.8132183908045978 0.39295977011494254 0.8132183908045978 0.3983477011494253 0.8142959770114943 0.4030172413793104 0.8157327586206897 0.4076867816091954 0.8182471264367817 0.4112787356321839 0.8207614942528736 0.41451149425287354 0.824353448275862 0.4177442528735632 0.8286637931034483 0.41954022988505746 0.831896551724138 0.42061781609195403 0.8351293103448276 0.4213362068965517 0.8394396551724138 0.4213362068965517 0.8433908045977012 0.4213362068965517 0.8466235632183908 0.4213362068965517 0.8502155172413793 0.41954022988505746 0.8545258620689656 0.4170258620689655 0.8588362068965517 0.41451149425287354 0.8620689655172414 0.4112787356321839 0.865301724137931 0.408764367816092 0.8674568965517242 0.4051724137931034 0.8703304597701149 0.4005028735632184 0.8724856321839081 0.3961925287356322 0.8732040229885059 0.3911637931034483 0.8732040229885059 0.3864942528735632 0.8735632183908046 0.3814655172413793 0.8735632183908046 0.37679597701149425 0.8728448275862069 0.37320402298850575 0.8714080459770115 0.3685344827586207 0.8674568965517242
1 0.5007183908045978 0.8498563218390804 0.49820402298850575 0.8512931034482759 0.4942528735632184 0.85308908045977 0.4899425287356322 0.8541666666666666 0.48455459770114945 0.855603448275862 0.478448275862069 0.855962643678161 0.4744971264367816 0.855962643678161 0.4701867816091954 0.8541666666666666 0.46659482758620696 0.8505747126436781 0.4630028735632184 0.8462643678160919 0.46048850574712646 0.8426724137931034 0.4586925287356322 0.8390804597701149 0.45689655172413796 0.83441091954023 0.4551005747126437 0.8297413793103449 0.45330459770114945 0.8250718390804598 0.45222701149425293 0.8211206896551725 0.45186781609195403 0.8168103448275862 0.45186781609195403 0.8132183908045978 0.4525862068965517 0.8096264367816093 0.4540229885057471 0.805316091954023 0.45689655172413796 0.8017241379310345 0.4608477011494253 0.7981321839080461 0.46479885057471265 0.7956178160919541 0.46839080459770116 0.793103448275862 0.47198275862068967 0.7927442528735632 0.47665229885057475 0.7927442528735632 0.48204022988505746 0.7938218390804598 0.48455459770114945 0.7945402298850576 0.48814655172413796 0.7956178160919541 0.49173850574712646 0.7966954022988506 0.4956896551724138 0.7977729885057471 0.49856321839080464 0.7992097701149425 0.5010775862068966 0.8010057471264368 0.5035919540229885 0.8038793103448276 0.5057471264367817 0.8071120689655173 0.5075431034482759 0.8110632183908046 0.5089798850574713 0.8153735632183908 0.509698275862069 0.8193247126436781 0.5104166666666666 0.8232758620689656 0.5107758620689655 0.8275862068965517 0.5111350574712644 0.8315373563218391 0.5111350574712644 0.8351293103448276 0.5107758620689655 0.8394396551724138 0.5100574712643678 0.8423132183908046 0.5086206896551724 0.8448275862068966 0.5057471264367817 0.8480603448275862
1 0.7492816091954023 0.9942528735632183 0.75 0.9856321839080461 0.7503591954022989 0.9823994252873564 0.7514367816091954 0.9788074712643678 0.7532327586206897 0.9755747126436781 0.7553879310344828 0.9712643678160919 0.7579022988505747 0.9669540229885059 0.7611350574712644 0.9626436781609196 0.7647270114942529 0.9583333333333334 0.7683189655172414 0.9543821839080461 0.7711925287356323 0.9511494252873564 0.7751436781609196 0.9486350574712644 0.7790948275862069 0.94683908045977 0.7834051724137931 0.9461206896551725 0.7887931034482759 0.944683908045977 0.793462643678161 0.9439655172413793 0.7981321839080461 0.9432471264367817 0.8024425287356323 0.9432471264367817 0.8078304597701149 0.9443247126436781 0.8121408045977012 0.9471982758620691 0.8150143678160919 0.9511494252873564 0.8160919540229885 0.9572557471264368 0.8164511494252874 0.9626436781609196 0.8164511494252874 0.9691091954022989 0.8160919540229885 0.9752155172413793 0.8150143678160919 0.980962643678161 0.8146551724137931 0.9856321839080461 0.8142959770114943 0.99066091954023 0.8139367816091954 0.9949712643678161 0.8135775862068966 0.9971264367816093 0.8129669540229886 0.9989583333333333 0.8089080459770115 0.9989224137931034 0.75 0.9985632183908046
1 0.5118534482758621 0.6070402298850576 0.5129310344827587 0.5991379310344828 0.5132902298850575 0.5955459770114943 0.514367816091954 0.5923132183908046 0.5161637931034483 0.5883620689655172 0.5183189655172414 0.5858477011494253 0.5204741379310345 0.5833333333333334 0.5229885057471264 0.5808189655172414 0.5258620689655172 0.5793821839080461 0.529094827586207 0.5775862068965517 0.5337643678160919 0.5761494252873564 0.5380747126436781 0.5750718390804598 0.543462643678161 0.574712643678161 0.5549568965517242 0.574712643678161 0.5581896551724138 0.5757902298850576 0.5610632183908046 0.5775862068965517 0.5635775862068966 0.5793821839080461 0.5675287356321839 0.581896551724138 0.5714798850574713 0.58441091954023 0.574353448275862 0.5862068965517242 0.5779454022988505 0.5887212643678161 0.5811781609195402 0.5908764367816093 0.584051724137931 0.5941091954022988 0.5854885057471264 0.5977011494252874 0.5858477011494253 0.6020114942528736 0.5858477011494253 0.6066810344827586 0.5858477011494253 0.6106321839080461 0.5851293103448276 0.6138649425287357 0.5847701149425287 0.6163793103448276 0.584051724137931 0.6192528735632183 0.5829741379310345 0.6217672413793103 0.5815373563218391 0.6246408045977012 0.5793821839080461 0.6275143678160919 0.5761494252873564 0.6303879310344828 0.5732758620689655 0.6325431034482759 0.5711206896551725 0.6339798850574713 0.5671695402298851 0.6346982758620691 0.5585488505747127 0.6354166666666666 0.5542385057471264 0.6354166666666666 0.5484913793103449 0.6357758620689655 0.5459770114942529 0.6354166666666666 0.543103448275862 0.6346982758620691 0.54058908045977 0.6329022988505747 0.5359195402298851 0.6311063218390804 0.5319683908045978 0.6293103448275862 0.5283764367816092 0.6278735632183908 0.5251436781609196 0.6264367816091954 0.52191091954023 0.6246408045977012 0.5186781609195402 0.6224856321839081 0.5161637931034483 0.6192528735632183 0.5140086206896551 0.6160201149425287 0.5122126436781609 0.6120689655172414
1 0.45079022988505746 0.5804597701149425 0.4489942528735632 0.574712643678161 0.44863505747126436 0.5714798850574713 0.4482758620689655 0.5682471264367817 0.4479166666666667 0.5657327586206897 0.44755747126436785 0.5632183908045978 0.44755747126436785 0.5603448275862069 0.44755747126436785 0.5571120689655172 0.4482758620689655 0.5535201149425287 0.4493534482758621 0.5499281609195402 0.45114942528735635 0.5474137931034483 0.4536637931034483 0.5441810344827586 0.4561781609195403 0.5420258620689655 0.45797413793103453 0.5402298850574713 0.46012931034482757 0.5377155172413793 0.4622844827586207 0.5359195402298851 0.4651580459770115 0.5341235632183908 0.46875 0.5326867816091955 0.47270114942528735 0.5323275862068966 0.47629310344827586 0.5319683908045978 0.4802442528735632 0.5323275862068966 0.48347701149425293 0.5334051724137931 0.48599137931034486 0.5352011494252874 0.4885057471264368 0.5377155172413793 0.4906609195402299 0.5413074712643678 0.49173850574712646 0.5445402298850576 0.49281609195402304 0.5481321839080461 0.49389367816091956 0.5520833333333334 0.49497126436781613 0.5549568965517242 0.495330459770115 0.5581896551724138 0.49604885057471265 0.5617816091954023 0.49604885057471265 0.5650143678160919 0.49604885057471265 0.5686063218390804 0.495330459770115 0.5721982758620691 0.49461206896551724 0.5754310344827586 0.49389367816091956 0.5783045977011495 0.4931752873563218 0.5811781609195402 0.49173850574712646 0.5847701149425287 0.4899425287356322 0.5880028735632183 0.4885057471264368 0.5897988505747127 0.4874281609195403 0.5919540229885059 0.48563218390804597 0.5948275862068966 0.48275862068965514 0.5980603448275862 0.4802442528735632 0.600933908045977 0.47737068965517243 0.6020114942528736 0.4723419540229885 0.6027298850574713 0.46659482758620696 0.60308908045977 0.4630028735632184 0.6023706896551725 0.4608477011494253 0.600933908045977 0.4583333333333333 0.5980603448275862 0.45689655172413796 0.5951867816091954 0.4551005747126437 0.5915948275862069 0.45330459770114945 0.586566091954023
1 0.7273706896551725 0.58441091954023 0.7223419540229885 0.5786637931034483 0.7205459770114943 0.5761494252873564 0.7183908045977012 0.5729166666666666 0.7165948275862069 0.5686063218390804 0.7158764367816093 0.5650143678160919 0.7158764367816093 0.5610632183908046 0.7158764367816093 0.5578304597701149 0.7158764367816093 0.5545977011494253 0.7158764367816093 0.5510057471264368 0.7158764367816093 0.5481321839080461 0.7158764367816093 0.5452586206896551 0.7158764367816093 0.5427442528735632 0.7165948275862069 0.5395114942528736 0.7173132183908046 0.5362787356321839 0.71875 0.5330459770114943 0.7194683908045978 0.53125 0.7209051724137931 0.5294540229885057 0.7227011494252874 0.5272988505747126 0.7248563218390804 0.5247844827586207 0.7266522988505747 0.5222701149425287 0.7288074712643678 0.5204741379310345 0.7316810344827586 0.5186781609195402 0.7349137931034483 0.5172413793103449 0.7395833333333334 0.5158045977011495 0.7431752873563219 0.5150862068965517 0.7489224137931034 0.5150862068965517 0.7528735632183908 0.5161637931034483 0.7561063218390804 0.5183189655172414 0.757183908045977 0.5201149425287357 0.7589798850574713 0.5237068965517241 0.7604166666666666 0.5276580459770115 0.7614942528735632 0.53125 0.7625718390804598 0.5337643678160919 0.7636494252873564 0.5380747126436781 0.7647270114942529 0.5416666666666666 0.7658045977011495 0.5456178160919541 0.7668821839080461 0.5492097701149425 0.7668821839080461 0.5517241379310345 0.7668821839080461 0.5556752873563219 0.7665229885057471 0.5596264367816093 0.7650862068965517 0.5632183908045978 0.7636494252873564 0.5671695402298851 0.761853448275862 0.5707614942528736 0.7600574712643678 0.574353448275862 0.7579022988505747 0.5772270114942529 0.7546695402298851 0.5804597701149425 0.7517959770114943 0.5836925287356322 0.7489224137931034 0.5862068965517242 0.7471264367816093 0.5872844827586208 0.7431752873563219 0.5876436781609196 0.7377873563218391 0.5876436781609196 0.7334770114942529 0.5876436781609196
1 0.46659482758620696 0.46587643678160917 0.46012931034482757 0.46048850574712646 0.4572557471264368 0.45761494252873564 0.45438218390804597 0.4551005747126437 0.45150862068965514 0.45186781609195403 0.4489942528735632 0.44863505747126436 0.447198275862069 0.44612068965517243 0.44540229885057475 0.4428879310344828 0.4436063218390805 0.43929597701149425 0.4428879310344828 0.4367816091954023 0.44181034482758624 0.43354885057471265 0.44145114942528735 0.4295977011494253 0.44073275862068967 0.42528735632183906 0.44073275862068967 0.4213362068965517 0.44037356321839083 0.4177442528735632 0.44037356321839083 0.41451149425287354 0.44181034482758624 0.4116379310344828 0.4436063218390805 0.408764367816092 0.44612068965517243 0.40589080459770116 0.44971264367816094 0.4030172413793104 0.45330459770114945 0.3997844827586207 0.45653735632183906 0.39798850574712646 0.4608477011494253 0.3961925287356322 0.4651580459770115 0.39547413793103453 0.4694683908045977 0.39547413793103453 0.4780890804597701 0.3983477011494253 0.4806034482758621 0.3994252873563218 0.48455459770114945 0.40122126436781613 0.4885057471264368 0.40337643678160917 0.4910201149425288 0.4055316091954023 0.4935344827586207 0.4076867816091954 0.495330459770115 0.4098419540229885 0.4967672413793104 0.410919540229885 0.4989224137931034 0.4127155172413793 0.5010775862068966 0.41522988505747127 0.5021551724137931 0.4170258620689655 0.5043103448275862 0.4191810344827587 0.5057471264367817 0.42205459770114945 0.507183908045977 0.4249281609195402 0.507183908045977 0.4274425287356322 0.507183908045977 0.4295977011494253 0.507183908045977 0.43211206896551724 0.507183908045977 0.4339080459770115 0.5068247126436781 0.43606321839080464 0.5064655172413793 0.4389367816091954 0.5061063218390804 0.4428879310344828 0.505028735632184 0.44612068965517243 0.5032327586206897 0.4504310344827587 0.5014367816091955 0.45438218390804597 0.4992816091954023 0.45761494252873564 0.4967672413793104 0.4608477011494253 0.4931752873563218 0.464080459770115 0.4899425287356322 0.46659482758620696 0.4870689655172414 0.4676724137931034 0.4838362068965517 0.46875 0.478448275862069 0.4691091954022989 0.47198275862068967 0.4691091954022989
1 0.5136494252873564 0.49820402298850575 0.5118534482758621 0.49712643678160917 0.509698275862069 0.49604885057471265 0.5064655172413793 0.4931752873563218 0.5032327586206897 0.4910201149425288 0.5007183908045978 0.4885057471264368 0.4992816091954023 0.4863505747126437 0.4992816091954023 0.48311781609195403 0.49964080459770116 0.4791666666666667 0.5014367816091955 0.4755747126436782 0.5028735632183908 0.47270114942528735 0.5053879310344828 0.4698275862068966 0.5079022988505747 0.46695402298850575 0.5100574712643678 0.46479885057471265 0.5118534482758621 0.4619252873563218 0.5147270114942529 0.459051724137931 0.5179597701149425 0.4561781609195403 0.5211925287356322 0.4536637931034483 0.5229885057471264 0.45186781609195403 0.5255028735632183 0.44971264367816094 0.529094827586207 0.4482758620689655 0.5319683908045978 0.447198275862069 0.5355603448275862 0.4468390804597701 0.5391522988505747 0.44647988505747127 0.5448994252873564 0.44647988505747127 0.5495689655172414 0.4468390804597701 0.5524425287356322 0.44755747126436785 0.5549568965517242 0.4482758620689655 0.5589080459770115 0.4500718390804598 0.5617816091954023 0.45222701149425293 0.5632183908045978 0.4551005747126437 0.5639367816091954 0.4586925287356322 0.5635775862068966 0.46120689655172414 0.5621408045977012 0.4655172413793104 0.5610632183908046 0.4680316091954023 0.5599856321839081 0.47054597701149425 0.5585488505747127 0.47270114942528735 0.5571120689655172 0.47593390804597707 0.5560344827586208 0.4795258620689655 0.5545977011494253 0.48204022988505746 0.552801724137931 0.4852729885057471 0.5513649425287357 0.4874281609195403 0.5492097701149425 0.48922413793103453 0.5463362068965517 0.4910201149425288 0.5445402298850576 0.49245689655172414 0.5373563218390804 0.4956896551724138 0.5301724137931034 0.4989224137931034 0.5269396551724138 0.4992816091954023 0.5226293103448276 0.49964080459770116 0.5183189655172414 0.49964080459770116
1 0.5808189655172414 0.44755747126436785 0.5765086206896551 0.4436063218390805 0.574353448275862 0.44181034482758624 0.5725574712643678 0.4389367816091954 0.5721982758620691 0.43570402298850575 0.57183908045977 0.43211206896551724 0.57183908045977 0.42923850574712646 0.5714798850574713 0.4260057471264368 0.5714798850574713 0.42313218390804597 0.5714798850574713 0.42061781609195403 0.57183908045977 0.41846264367816094 0.5721982758620691 0.4155890804597701 0.5736350574712644 0.4123563218390805 0.5750718390804598 0.4098419540229885 0.5779454022988505 0.4073275862068966 0.5801005747126436 0.4055316091954023 0.5829741379310345 0.4040948275862069 0.586566091954023 0.40337643678160917 0.5901580459770115 0.4030172413793104 0.5941091954022988 0.4030172413793104 0.5984195402298851 0.40337643678160917 0.605603448275862 0.40481321839080464 0.6077586206896551 0.40625 0.6099137931034483 0.4069683908045977 0.6138649425287357 0.4098419540229885 0.6163793103448276 0.4116379310344828 0.6188936781609196 0.4123563218390805 0.6217672413793103 0.4127155172413793 0.6253591954022988 0.4127155172413793 0.6278735632183908 0.4127155172413793 0.6314655172413793 0.41487068965517243 0.6332614942528736 0.4166666666666667 0.6346982758620691 0.41846264367816094 0.6361350574712644 0.42025862068965514 0.6379310344827586 0.4224137931034483 0.6393678160919541 0.42420977011494254 0.6404454022988506 0.42636494252873564 0.6415229885057471 0.42923850574712646 0.6426005747126436 0.4331896551724138 0.6436781609195402 0.4364224137931034 0.644396551724138 0.43929597701149425 0.6461925287356322 0.4425287356321839 0.6472701149425287 0.4457614942528736 0.6479885057471264 0.4493534482758621 0.6483477011494253 0.4529454022988506 0.6483477011494253 0.4561781609195403 0.6472701149425287 0.4594109195402299 0.6451149425287357 0.46264367816091956 0.6422413793103449 0.46479885057471265 0.637212643678161 0.46623563218390807 0.632183908045977 0.46731321839080464 0.6275143678160919 0.46731321839080464 0.6228448275862069 0.46695402298850575 0.6192528735632183 0.46623563218390807 0.6160201149425287 0.4651580459770115 0.6120689655172414 0.46372126436781613 0.6088362068965517 0.4619252873563218 0.6066810344827586 0.46120689655172414 0.6023706896551725 0.459051724137931 0.5977011494252874 0.45653735632183906 0.5951867816091954 0.4551005747126437 0.5926724137931034 0.4540229885057471 0.5905172413793103 0.4529454022988506 0.586566091954023 0.45186781609195403 0.5829741379310345 0.4504310344827587
1 0.7061781609195402 0.4281609195402299 0.7051005747126436 0.41630747126436785 0.7051005747126436 0.4130747126436782 0.7051005747126436 0.4098419540229885 0.7051005747126436 0.4076867816091954 0.7051005747126436 0.4051724137931034 0.7051005747126436 0.401580459770115 0.7054597701149425 0.3969109195402299 0.7065373563218391 0.3936781609195402 0.7076149425287357 0.3904454022988506 0.70941091954023 0.3875718390804598 0.7122844827586208 0.3843390804597701 0.7158764367816093 0.3818247126436782 0.7191091954022988 0.379669540229885 0.7216235632183908 0.379669540229885 0.7262931034482759 0.379669540229885 0.7288074712643678 0.3803879310344828 0.7320402298850576 0.3814655172413793 0.7356321839080461 0.38290229885057475 0.740301724137931 0.38397988505747127 0.7442528735632183 0.38505747126436785 0.7489224137931034 0.3868534482758621 0.7514367816091954 0.38864942528735635 0.7539511494252874 0.3911637931034483 0.7557471264367817 0.39403735632183906 0.7575431034482759 0.3972701149425288 0.75933908045977 0.4005028735632184 0.7611350574712644 0.40337643678160917 0.7629310344827586 0.40589080459770116 0.7643678160919541 0.40912356321839083 0.7665229885057471 0.41343390804597707 0.7679597701149425 0.41630747126436785 0.7686781609195402 0.41954022988505746 0.769396551724138 0.42349137931034486 0.7697557471264368 0.4274425287356322 0.7697557471264368 0.4310344827586207 0.7697557471264368 0.4339080459770115 0.7697557471264368 0.4375 0.7697557471264368 0.44073275862068967 0.769396551724138 0.4439655172413793 0.7690373563218391 0.4468390804597701 0.7683189655172414 0.4493534482758621 0.7672413793103449 0.45222701149425293 0.7665229885057471 0.45474137931034486 0.7654454022988506 0.4572557471264368 0.7640086206896551 0.4594109195402299 0.7625718390804598 0.4619252873563218 0.7604166666666666 0.46479885057471265 0.7586206896551725 0.46659482758620696 0.7564655172413793 0.4680316091954023 0.7546695402298851 0.4694683908045977 0.7521551724137931 0.4698275862068966 0.7449712643678161 0.4698275862068966 0.74066091954023 0.4698275862068966 0.7302442528735632 0.4644396551724138 0.7248563218390804 0.4572557471264368 0.7230603448275862 0.4551005747126437 0.7209051724137931 0.4525862068965517 0.71875 0.4504310344827587 0.7169540229885059 0.44755747126436785 0.7144396551724138 0.4439655172413793 0.7126436781609196 0.44145114942528735 0.7108477011494253 0.4375 0.709051724137931 0.4339080459770115
1 0.5330459770114943 0.3232758620689655 0.5298132183908046 0.31537356321839083 0.5251436781609196 0.3045977011494253 0.5237068965517241 0.3010057471264368 0.5226293103448276 0.2963362068965517 0.52191091954023 0.2920258620689655 0.521551724137931 0.28843390804597707 0.5211925287356322 0.2848419540229885 0.5208333333333334 0.2805316091954023 0.5211925287356322 0.2769396551724138 0.5226293103448276 0.27298850574712646 0.5237068965517241 0.2697557471264368 0.5262212643678161 0.2661637931034483 0.5283764367816092 0.2629310344827586 0.5308908045977012 0.2614942528735632 0.5341235632183908 0.259698275862069 0.5369971264367817 0.25862068965517243 0.5402298850574713 0.2582614942528736 0.543462643678161 0.25790229885057475 0.5474137931034483 0.25754310344827586 0.550646551724138 0.25754310344827586 0.5510057471264368 0.25754310344827586 0.5545977011494253 0.25754310344827586 0.5585488505747127 0.25754310344827586 0.5625 0.25862068965517243 0.5660919540229885 0.2604166666666667 0.5700431034482759 0.26329022988505746 0.5736350574712644 0.26724137931034486 0.5772270114942529 0.2719109195402299 0.5793821839080461 0.2780172413793104 0.5804597701149425 0.2826867816091954 0.5815373563218391 0.2877155172413793 0.5826149425287357 0.29346264367816094 0.5829741379310345 0.2988505747126437 0.5829741379310345 0.30495689655172414 0.5829741379310345 0.30962643678160917 0.5822557471264368 0.31429597701149425 0.5815373563218391 0.3189655172413793 0.5808189655172414 0.3232758620689655 0.5797413793103449 0.32722701149425293 0.5786637931034483 0.32974137931034486 0.5772270114942529 0.3322557471264368 0.5754310344827586 0.3336925287356322 0.5725574712643678 0.33548850574712646 0.5693247126436781 0.33656609195402304 0.5653735632183908 0.3369252873563218 0.5617816091954023 0.3372844827586207 0.5578304597701149 0.33764367816091956 0.5535201149425287 0.33764367816091956 0.5492097701149425 0.33656609195402304 0.5445402298850576 0.3344109195402299 0.5398706896551725 0.33189655172413796 0.5355603448275862 0.3290229885057471
1 0.4076867816091954 0.27981321839080464 0.40122126436781613 0.26688218390804597 0.3997844827586207 0.26329022988505746 0.39762931034482757 0.259698275862069 0.3972701149425288 0.257183908045977 0.3969109195402299 0.25323275862068967 0.3969109195402299 0.24748563218390807 0.3969109195402299 0.24281609195402298 0.39762931034482757 0.23886494252873564 0.3997844827586207 0.2349137931034483 0.401580459770115 0.23168103448275862 0.4040948275862069 0.22916666666666666 0.4073275862068966 0.22737068965517243 0.4112787356321839 0.22557471264367818 0.415948275862069 0.22485632183908047 0.4191810344827587 0.22485632183908047 0.4227729885057471 0.22521551724137934 0.42528735632183906 0.22665229885057472 0.4281609195402299 0.22844827586206898 0.4306752873563218 0.23060344827586207 0.4339080459770115 0.23311781609195403 0.4367816091954023 0.23635057471264367 0.4396551724137931 0.23958333333333334 0.4425287356321839 0.24317528735632185 0.4439655172413793 0.24568965517241378 0.44540229885057475 0.24856321839080459 0.44755747126436785 0.2514367816091954 0.4493534482758621 0.25610632183908044 0.45079022988505746 0.2593390804597701 0.45186781609195403 0.2625718390804598 0.4525862068965517 0.2661637931034483 0.4525862068965517 0.26903735632183906 0.45186781609195403 0.2719109195402299 0.44971264367816094 0.27514367816091956 0.44863505747126436 0.27873563218390807 0.4443247126436782 0.28304597701149425 0.4425287356321839 0.2848419540229885 0.4389367816091954 0.2869971264367816 0.43462643678160917 0.28843390804597707 0.427801724137931 0.28843390804597707 0.42313218390804597 0.28843390804597707 0.4191810344827587 0.2873563218390805 0.4155890804597701 0.28556034482758624 0.4116379310344828 0.28304597701149425
1 0.6533764367816093 0.29561781609195403 0.6497844827586208 0.2869971264367816 0.6487068965517242 0.28412356321839083 0.6479885057471264 0.28089080459770116 0.6476293103448276 0.27729885057471265 0.6472701149425287 0.27370689655172414 0.6472701149425287 0.27011494252873564 0.6472701149425287 0.2665229885057471 0.6476293103448276 0.2629310344827586 0.6479885057471264 0.25897988505747127 0.6487068965517242 0.2557471264367816 0.6497844827586208 0.2535919540229885 0.6508620689655173 0.25071839080459773 0.6519396551724138 0.24856321839080459 0.6537356321839081 0.24568965517241378 0.6566091954022988 0.24317528735632185 0.6587643678160919 0.24137931034482757 0.661278735632184 0.23958333333333334 0.6666666666666666 0.2392241379310345 0.6716954022988506 0.23958333333333334 0.6749281609195402 0.24030172413793105 0.67816091954023 0.24102011494252873 0.6810344827586208 0.24245689655172414 0.6824712643678161 0.24461206896551727 0.6839080459770115 0.2478448275862069 0.6853448275862069 0.25071839080459773 0.6878591954022988 0.25323275862068967 0.6896551724137931 0.2557471264367816 0.6914511494252874 0.25897988505747127 0.6932471264367817 0.26221264367816094 0.694683908045977 0.26580459770114945 0.6961206896551725 0.26939655172413796 0.6971982758620691 0.2722701149425288 0.6979166666666666 0.2755028735632184 0.6986350574712644 0.27981321839080464 0.699353448275862 0.28412356321839083 0.699353448275862 0.2880747126436782 0.699353448275862 0.29238505747126436 0.699353448275862 0.29597701149425293 0.6986350574712644 0.2995689655172414 0.6975574712643678 0.302801724137931 0.6964798850574713 0.3067528735632184 0.6957614942528736 0.30998563218390807 0.6954022988505747 0.3135775862068966 0.6954022988505747 0.317169540229885 0.6950431034482759 0.32076149425287354 0.694683908045977 0.32363505747126436 0.6943247126436781 0.32650862068965514 0.6936063218390804 0.3286637931034483 0.6921695402298851 0.33045977011494254 0.6903735632183908 0.3311781609195402 0.6860632183908046 0.33153735632183906 0.6821120689655173 0.33153735632183906 0.6770833333333334 0.3301005747126437 0.6738505747126436 0.3283045977011494 0.6709770114942529 0.3254310344827587 0.668462643678161 0.3218390804597701 0.6663074712643678 0.31788793103448276 0.6637931034482759 0.3139367816091954 0.661278735632184 0.30998563218390807 0.6584051724137931 0.30531609195402304 0.6558908045977012 0.30064655172413796
1 0.43247126436781613 0.1982758620689655 0.42672413793103453 0.19145114942528738 0.4238505747126437 0.18785919540229884 0.42313218390804597 0.18570402298850575 0.42205459770114945 0.18211206896551727 0.4216954022988506 0.17852011494252873 0.4213362068965517 0.1752873563218391 0.4213362068965517 0.1713362068965517 0.4213362068965517 0.16774425287356323 0.42097701149425293 0.16379310344827586 0.42097701149425293 0.16056034482758622 0.42097701149425293 0.15625 0.4213362068965517 0.1533764367816092 0.42205459770114945 0.1505028735632184 0.4227729885057471 0.14798850574712646 0.42349137931034486 0.14475574712643677 0.42313218390804597 0.14152298850574713 0.4227729885057471 0.13793103448275862 0.42349137931034486 0.13541666666666666 0.42636494252873564 0.13469827586206898 0.42887931034482757 0.13469827586206898 0.43139367816091956 0.13469827586206898 0.4339080459770115 0.1343390804597701 0.43570402298850575 0.1343390804597701 0.44037356321839083 0.13505747126436782 0.4457614942528736 0.1357758620689655 0.44755747126436785 0.1361350574712644 0.45079022988505746 0.1382902298850575 0.4540229885057471 0.14080459770114945 0.45797413793103453 0.1440373563218391 0.46120689655172414 0.14727011494252873 0.464080459770115 0.15014367816091953 0.46731321839080464 0.1533764367816092 0.4694683908045977 0.15660919540229884 0.47198275862068967 0.16020114942528738 0.4744971264367816 0.16451149425287356 0.47665229885057475 0.16918103448275862 0.478448275862069 0.17349137931034483 0.47988505747126436 0.1781609195402299 0.47988505747126436 0.1824712643678161 0.47988505747126436 0.18714080459770116 0.4795258620689655 0.19181034482758622 0.4795258620689655 0.19647988505747127 0.4795258620689655 0.20043103448275862 0.4795258620689655 0.204382183908046 0.4791666666666667 0.20725574712643677 0.47880747126436785 0.21012931034482757 0.4770114942528736 0.21336206896551727 0.4741379310344828 0.2158764367816092 0.4709051724137931 0.21731321839080459 0.46623563218390807 0.21875 0.46048850574712646 0.21875 0.45545977011494254 0.21803160919540232 0.45330459770114945 0.2165948275862069 0.45114942528735635 0.2137212643678161 0.4489942528735632 0.20977011494252873 0.44647988505747127 0.20725574712643677 0.4432471264367816 0.20474137931034483 0.4382183908045977 0.20222701149425287
1 0.5258620689655172 0.19001436781609196 0.5247844827586207 0.18570402298850575 0.5237068965517241 0.18318965517241378 0.5229885057471264 0.18031609195402298 0.5222701149425287 0.17636494252873564 0.5222701149425287 0.17205459770114945 0.5237068965517241 0.16774425287356323 0.5262212643678161 0.16487068965517243 0.529094827586207 0.16163793103448276 0.5326867816091955 0.15876436781609196 0.5359195402298851 0.15589080459770116 0.5387931034482759 0.15373563218390804 0.5416666666666666 0.15158045977011494 0.5452586206896551 0.15014367816091953 0.5502873563218391 0.1483477011494253 0.555316091954023 0.14727011494252873 0.5592672413793103 0.14655172413793105 0.5642959770114943 0.14583333333333334 0.5675287356321839 0.14583333333333334 0.5714798850574713 0.14619252873563218 0.5750718390804598 0.1469109195402299 0.5793821839080461 0.1483477011494253 0.5829741379310345 0.14942528735632185 0.5862068965517242 0.1512212643678161 0.5890804597701149 0.1540948275862069 0.5919540229885059 0.15732758620689655 0.5941091954022988 0.1619971264367816 0.5955459770114943 0.16666666666666666 0.5955459770114943 0.1713362068965517 0.5944683908045978 0.17600574712643677 0.5926724137931034 0.18031609195402298 0.5905172413793103 0.18426724137931036 0.5887212643678161 0.18678160919540232 0.586566091954023 0.18965517241379312 0.584051724137931 0.19181034482758622 0.5804597701149425 0.19432471264367818 0.5757902298850576 0.19719827586206898 0.5714798850574713 0.19899425287356323 0.5671695402298851 0.20043103448275862 0.5625 0.2015086206896552 0.5581896551724138 0.2025862068965517 0.5538793103448276 0.20330459770114945 0.5492097701149425 0.2036637931034483 0.5448994252873564 0.2036637931034483 0.5413074712643678 0.2036637931034483 0.5373563218390804 0.20186781609195403 0.5326867816091955 0.19935344827586207 0.5298132183908046 0.1968390804597701
1 0.6857040229885059 0.20186781609195403 0.6849856321839081 0.19001436781609196 0.6849856321839081 0.1875 0.6849856321839081 0.1853448275862069 0.6853448275862069 0.18283045977011494 0.6864224137931034 0.17923850574712646 0.6875 0.1767241379310345 0.6889367816091954 0.1742097701149425 0.6910919540229885 0.1713362068965517 0.6932471264367817 0.16882183908045978 0.6957614942528736 0.16666666666666666 0.6982758620689655 0.1655890804597701 0.7036637931034483 0.16487068965517243 0.7083333333333334 0.16487068965517243 0.7122844827586208 0.16522988505747127 0.7162356321839081 0.16594827586206898 0.7198275862068966 0.1670258620689655 0.7223419540229885 0.1684626436781609 0.7248563218390804 0.17061781609195403 0.7266522988505747 0.17277298850574713 0.7284482758620691 0.1752873563218391 0.7302442528735632 0.17852011494252873 0.7316810344827586 0.1817528735632184 0.7327586206896551 0.18498563218390807 0.7334770114942529 0.18785919540229884 0.7345545977011495 0.19145114942528738 0.7349137931034483 0.19396551724137934 0.7352729885057471 0.19755747126436782 0.7356321839080461 0.2015086206896552 0.7356321839080461 0.2054597701149425 0.7356321839080461 0.20905172413793105 0.7356321839080461 0.21192528735632185 0.7352729885057471 0.21551724137931036 0.7338362068965517 0.21875 0.7316810344827586 0.22198275862068964 0.7291666666666666 0.22485632183908047 0.7266522988505747 0.22737068965517243 0.7241379310344828 0.2298850574712644 0.7216235632183908 0.23239942528735633 0.7183908045977012 0.23347701149425287 0.7158764367816093 0.23347701149425287 0.7112068965517242 0.2327586206896552 0.7076149425287357 0.2309626436781609 0.7043821839080461 0.22916666666666666 0.7018678160919541 0.22701149425287356 0.699712643678161 0.22413793103448276 0.6975574712643678 0.22198275862068964 0.6950431034482759 0.21910919540229884 0.6928879310344828 0.2165948275862069 0.6907327586206897 0.2130028735632184 0.6889367816091954 0.2094109195402299
1 0.7004310344827586 0.08584770114942529 0.7004310344827586 0.07866379310344827 0.7011494252873564 0.07650862068965518 0.7029454022988506 0.07399425287356323 0.7058189655172414 0.07076149425287356 0.7083333333333334 0.06752873563218391 0.7097701149425287 0.0653735632183908 0.711566091954023 0.06285919540229885 0.7133620689655173 0.0610632183908046 0.7151580459770115 0.0589080459770115 0.7180316091954023 0.05675287356321839 0.7205459770114943 0.05603448275862069 0.723778735632184 0.05531609195402299 0.72808908045977 0.05459770114942529 0.7341954022988506 0.05387931034482759 0.7388649425287357 0.05387931034482759 0.7435344827586208 0.05387931034482759 0.7482040229885059 0.054238505747126436 0.7517959770114943 0.055675287356321844 0.7557471264367817 0.0574712643678161 0.75933908045977 0.0596264367816092 0.7625718390804598 0.0617816091954023 0.7650862068965517 0.06357758620689655 0.7679597701149425 0.06573275862068965 0.7701149425287357 0.06860632183908046 0.7722701149425287 0.07147988505747126 0.7729885057471264 0.07399425287356323 0.7737068965517242 0.07650862068965518 0.774066091954023 0.07974137931034482 0.774066091954023 0.08297413793103449 0.774066091954023 0.08584770114942529 0.774066091954023 0.08979885057471265 0.7737068965517242 0.09195402298850576 0.7722701149425287 0.09446839080459771 0.7701149425287357 0.09698275862068967 0.7672413793103449 0.09985632183908046 0.7643678160919541 0.10165229885057472 0.761853448275862 0.10416666666666667 0.7586206896551725 0.10632183908045977 0.7557471264367817 0.10811781609195403 0.7514367816091954 0.10919540229885058 0.7474856321839081 0.10991379310344827 0.7420977011494253 0.11135057471264369 0.7377873563218391 0.11170977011494253 0.7327586206896551 0.11170977011494253 0.7288074712643678 0.11170977011494253 0.7234195402298851 0.11099137931034482 0.7194683908045978 0.10955459770114942 0.7147988505747127 0.10704022988505747 0.7108477011494253 0.10452586206896552 0.7076149425287357 0.10129310344827586 0.7043821839080461 0.09698275862068967 0.7018678160919541 0.09267241379310345
1 0.661278735632184 0.14152298850574713 0.6569683908045978 0.14044540229885058 0.6551724137931034 0.1400862068965517 0.6533764367816093 0.13936781609195403 0.6508620689655173 0.1382902298850575 0.6479885057471264 0.1357758620689655 0.64691091954023 0.13362068965517243 0.6458333333333334 0.13110632183908047 0.6447557471264368 0.12823275862068967 0.6433189655172414 0.125 0.6422413793103449 0.12140804597701149 0.6415229885057471 0.1185344827586207 0.6408045977011495 0.11530172413793104 0.6408045977011495 0.11135057471264369 0.6408045977011495 0.10775862068965518 0.6408045977011495 0.10452586206896552 0.6418821839080461 0.10165229885057472 0.6426005747126436 0.09913793103448275 0.6436781609195402 0.0966235632183908 0.6447557471264368 0.09446839080459771 0.6458333333333334 0.09195402298850576 0.64691091954023 0.08979885057471265 0.6494252873563219 0.08692528735632184 0.6519396551724138 0.0836925287356322 0.6540948275862069 0.08117816091954023 0.6566091954022988 0.08010057471264369 0.6598419540229885 0.07938218390804598 0.6630747126436781 0.07938218390804598 0.6666666666666666 0.07974137931034482 0.6691810344827586 0.08081896551724138 0.6713362068965517 0.08189655172413793 0.6738505747126436 0.0851293103448276 0.675646551724138 0.08764367816091954 0.6774425287356322 0.09051724137931035 0.6792385057471264 0.09339080459770116 0.6806752873563219 0.09698275862068967 0.6813936781609196 0.10021551724137931 0.6824712643678161 0.10380747126436782 0.6831896551724138 0.10775862068965518 0.6839080459770115 0.11170977011494253 0.6842672413793103 0.1149425287356322 0.6842672413793103 0.11889367816091954 0.6842672413793103 0.12176724137931035 0.6831896551724138 0.125 0.6821120689655173 0.12823275862068967 0.6810344827586208 0.1307471264367816 0.6792385057471264 0.1343390804597701 0.6770833333333334 0.13757183908045978 0.6742097701149425 0.13936781609195403 0.6702586206896551 0.1411637931034483 0.66558908045977 0.14188218390804597
1 0.5308908045977012 0.04454022988505747 0.5316091954022989 0.041666666666666664 0.5326867816091955 0.039511494252873564 0.5334051724137931 0.036997126436781616 0.5348419540229885 0.03484195402298851 0.5366379310344828 0.031609195402298854 0.5395114942528736 0.02873563218390805 0.5423850574712644 0.02658045977011494 0.5470545977011495 0.024784482758620687 0.5520833333333334 0.02334770114942529 0.5567528735632183 0.02298850574712644 0.5628591954022988 0.02298850574712644 0.5678879310344828 0.02406609195402299 0.5721982758620691 0.02514367816091954 0.5765086206896551 0.02586206896551724 0.5797413793103449 0.026939655172413795 0.584051724137931 0.028017241379310345 0.5880028735632183 0.0298132183908046 0.5923132183908046 0.032327586206896554 0.5951867816091954 0.03412356321839081 0.5980603448275862 0.03591954022988506 0.6012931034482759 0.03879310344827586 0.6034482758620691 0.041666666666666664 0.6041666666666666 0.044899425287356326 0.6048850574712644 0.048491379310344834 0.6052442528735632 0.05136494252873563 0.605603448275862 0.05459770114942529 0.605603448275862 0.0574712643678161 0.605603448275862 0.06034482758620689 0.605603448275862 0.06357758620689655 0.605603448275862 0.06645114942528736 0.6048850574712644 0.06968390804597702 0.6041666666666666 0.07183908045977012 0.60308908045977 0.07399425287356323 0.600933908045977 0.07650862068965518 0.5977011494252874 0.07866379310344827 0.5944683908045978 0.08010057471264369 0.5912356321839081 0.08153735632183909 0.5876436781609196 0.08225574712643678 0.58441091954023 0.08261494252873564 0.5811781609195402 0.08261494252873564 0.5757902298850576 0.08261494252873564 0.5704022988505747 0.08261494252873564 0.5660919540229885 0.08225574712643678 0.5621408045977012 0.08153735632183909 0.5589080459770115 0.08045977011494253 0.5510057471264368 0.07866379310344827 0.5477729885057471 0.07794540229885058 0.5409482758620691 0.07543103448275863 0.5369971264367817 0.07399425287356323 0.5344827586206897 0.07183908045977012 0.5326867816091955 0.06968390804597702 0.5319683908045978 0.06716954022988506 0.53125 0.0639367816091954 0.5308908045977012 0.059985632183908046 0.5308908045977012 0.056393678160919544 0.5305316091954023 0.052083333333333336
1 0.9536637931034483 0.21336206896551727 0.9471982758620691 0.2079741379310345 0.9457614942528736 0.2058189655172414 0.9439655172413793 0.2036637931034483 0.9421695402298851 0.20114942528735633 0.9400143678160919 0.19791666666666666 0.9389367816091954 0.19504310344827586 0.9375 0.19181034482758622 0.9367816091954023 0.18929597701149425 0.9357040229885059 0.18714080459770116 0.9349856321839081 0.18498563218390807 0.9335488505747127 0.1817528735632184 0.9321120689655173 0.17708333333333334 0.9317528735632183 0.1724137931034483 0.9321120689655173 0.16774425287356323 0.9331896551724139 0.16487068965517243 0.9357040229885059 0.1619971264367816 0.9382183908045978 0.15948275862068964 0.9407327586206897 0.15804597701149425 0.9439655172413793 0.15768678160919541 0.9475574712643678 0.15732758620689655 0.9525862068965517 0.15768678160919541 0.9547413793103449 0.15840517241379312 0.9576149425287357 0.15948275862068964 0.9601293103448276 0.16056034482758622 0.9626436781609196 0.16127873563218392 0.9655172413793103 0.16271551724137934 0.9680316091954023 0.1641522988505747 0.9712643678160919 0.16594827586206898 0.9734195402298851 0.1670258620689655 0.975933908045977 0.16918103448275862 0.9791666666666666 0.1713362068965517 0.9816810344827586 0.17349137931034483 0.9838362068965517 0.17564655172413793 0.9867097701149425 0.17852011494252873 0.9888649425287357 0.18139367816091953 0.99066091954023 0.18390804597701152 0.9924568965517242 0.18714080459770116 0.9942528735632183 0.1903735632183908 0.9953304597701149 0.19396551724137934 0.9960488505747127 0.19719827586206898 0.9960488505747127 0.20043103448275862 0.9956896551724139 0.20402298850574713 0.9946120689655173 0.20761494252873564 0.9924568965517242 0.21048850574712646 0.990301724137931 0.21264367816091953 0.9877873563218391 0.21479885057471265 0.9852729885057472 0.21551724137931036 0.9820402298850576 0.21731321839080459 0.9777298850574713 0.21839080459770116 0.9730603448275862 0.21910919540229884 0.9683908045977012 0.21910919540229884 0.9651580459770115 0.2194683908045977 0.961566091954023 0.21839080459770116 0.9583333333333334 0.21623563218390807
1 0.9989583333333333 0.1354166666666667 0.9917385057471264 0.1400862068965517 0.9885057471264368 0.14080459770114945 0.9867097701149425 0.1411637931034483 0.9831178160919541 0.14080459770114945 0.9791666666666666 0.13972701149425287 0.9762931034482759 0.1390086206896552 0.9734195402298851 0.1382902298850575 0.96875 0.13685344827586207 0.9655172413793103 0.1361350574712644 0.9619252873563219 0.13469827586206898 0.9576149425287357 0.13290229885057472 0.9543821839080461 0.13002873563218392 0.9515086206896551 0.1271551724137931 0.949712643678161 0.12428160919540229 0.9475574712643678 0.11961206896551725 0.9471982758620691 0.11566091954022989 0.94683908045977 0.11206896551724138 0.9471982758620691 0.10883620689655174 0.9486350574712644 0.10524425287356323 0.9507902298850576 0.10057471264367816 0.9533045977011495 0.09734195402298851 0.9561781609195402 0.09482758620689656 0.95941091954023 0.09267241379310345 0.9619252873563219 0.09051724137931035 0.9647988505747127 0.08872126436781609 0.9676724137931034 0.08692528735632184 0.9705459770114943 0.0851293103448276 0.9744971264367817 0.0836925287356322 0.9777298850574713 0.08297413793103449 0.9802442528735632 0.08225574712643678 0.9838362068965517 0.08225574712643678 0.9874281609195402 0.08225574712643678 0.9899425287356323 0.08225574712643678 0.9931752873563219 0.08261494252873564 0.9964080459770115 0.08333333333333333 0.9985632183908046 0.0836925287356322 0.9989224137931034 0.08405172413793104 0.9989583333333333 0.08405172413793104 0.9989583333333333 0.09015804597701149
1 0.9489942528735632 0.3599137931034483 0.9461206896551725 0.35811781609195403 0.942528735632184 0.35488505747126436 0.9400143678160919 0.35272988505747127 0.9382183908045978 0.3502155172413793 0.9364224137931034 0.34806034482758624 0.9342672413793103 0.3451867816091954 0.9321120689655173 0.3415948275862069 0.9310344827586208 0.33836206896551724 0.9299568965517242 0.3344109195402299 0.9295977011494253 0.33045977011494254 0.9295977011494253 0.3254310344827587 0.9310344827586208 0.31968390804597707 0.9331896551724139 0.3160919540229885 0.9360632183908046 0.3146551724137931 0.9396551724137931 0.3135775862068966 0.9439655172413793 0.3128591954022989 0.94683908045977 0.3125 0.9500718390804598 0.3125 0.9525862068965517 0.3128591954022989 0.9558189655172414 0.3139367816091954 0.9583333333333334 0.315014367816092 0.9608477011494253 0.31681034482758624 0.9633620689655173 0.3189655172413793 0.9658764367816093 0.32076149425287354 0.9683908045977012 0.3232758620689655 0.9701867816091954 0.3250718390804598 0.9727011494252874 0.3279454022988506 0.9748563218390806 0.33045977011494254 0.9766522988505747 0.3333333333333333 0.9777298850574713 0.33548850574712646 0.9791666666666666 0.339080459770115 0.980603448275862 0.34231321839080464 0.980603448275862 0.34554597701149425 0.980603448275862 0.348419540229885 0.9795258620689656 0.35237068965517243 0.97808908045977 0.3556034482758621 0.9766522988505747 0.35739942528735635 0.9734195402298851 0.3602729885057471 0.9709051724137931 0.36099137931034486 0.96875 0.36099137931034486 0.9665948275862069 0.36170977011494254 0.9647988505747127 0.36278735632183906 0.9626436781609196 0.36386494252873564 0.9604885057471264 0.3645833333333333 0.9554597701149425 0.3645833333333333
1 0.9224137931034483 0.824712643678161 0.911278735632184 0.824353448275862 0.9066091954022989 0.8232758620689656 0.9026580459770115 0.8232758620689656 0.9008620689655173 0.8229166666666666 0.896551724137931 0.8225574712643678 0.8915229885057472 0.8221982758620691 0.8861350574712644 0.8211206896551725 0.8803879310344828 0.819683908045977 0.8757183908045978 0.8186063218390804 0.8728448275862069 0.8178879310344828 0.8699712643678161 0.8157327586206897 0.8681752873563219 0.8132183908045978 0.86566091954023 0.8096264367816093 0.8638649425287357 0.8067528735632183 0.8624281609195402 0.8045977011494253 0.8599137931034483 0.800646551724138 0.8581178160919541 0.7988505747126436 0.8566810344827586 0.7959770114942529 0.8552442528735632 0.7927442528735632 0.8552442528735632 0.7830459770114943 0.8584770114942529 0.7758620689655173 0.8599137931034483 0.7733477011494253 0.8617097701149425 0.7704741379310345 0.8635057471264368 0.7679597701149425 0.8660201149425287 0.7650862068965517 0.8685344827586208 0.7625718390804598 0.8710488505747127 0.7600574712643678 0.8739224137931034 0.7575431034482759 0.8760775862068966 0.7557471264367817 0.8782327586206897 0.7532327586206897 0.8811063218390806 0.7510775862068966 0.8839798850574713 0.7492816091954023 0.8864942528735632 0.7482040229885059 0.8893678160919541 0.7471264367816093 0.8936781609195402 0.7460488505747127 0.8987068965517242 0.7456896551724138 0.9033764367816093 0.7449712643678161 0.9076867816091954 0.7438936781609196 0.9116379310344828 0.7431752873563219 0.9163074712643678 0.7424568965517242 0.9209770114942529 0.7420977011494253 0.9249281609195402 0.7417385057471264 0.9292385057471264 0.7413793103448276 0.9335488505747127 0.7413793103448276 0.9382183908045978 0.7417385057471264 0.9418103448275862 0.7420977011494253 0.9464798850574713 0.7431752873563219 0.949353448275862 0.7438936781609196 0.9518678160919541 0.7449712643678161 0.9558189655172414 0.7460488505747127 0.9601293103448276 0.7467672413793103 0.9626436781609196 0.7474856321839081 0.9665948275862069 0.7485632183908046 0.9701867816091954 0.7496408045977012 0.973778735632184 0.7507183908045978 0.9762931034482759 0.7517959770114943 0.9802442528735632 0.7539511494252874 0.9834770114942529 0.7561063218390804 0.9863505747126436 0.7582614942528736 0.9888649425287357 0.7607758620689656 0.9910201149425287 0.7632902298850576 0.9920977011494253 0.7661637931034483 0.9935344827586208 0.7683189655172414 0.9942528735632183 0.771551724137931 0.9949712643678161 0.7744252873563219 0.9949712643678161 0.7776580459770115 0.9949712643678161 0.78125 0.9942528735632183 0.7848419540229885 0.9931752873563219 0.7880747126436781 0.9920977011494253 0.79058908045977 0.99066091954023 0.7938218390804598 0.9895833333333334 0.7966954022988506 0.9877873563218391 0.7999281609195402 0.9859913793103449 0.8038793103448276 0.9841954022988506 0.8063936781609196 0.9791666666666666 0.8096264367816093 0.9741379310344828 0.8117816091954023 0.9701867816091954 0.8132183908045978 0.9651580459770115 0.8146551724137931 0.9619252873563219 0.8153735632183908 0.95941091954023 0.8164511494252874 0.9561781609195402 0.817528735632184 0.9525862068965517 0.8186063218390804 0.9482758620689656 0.819683908045977 0.9439655172413793 0.8211206896551725 0.9403735632183908 0.82183908045977 0.9328304597701149 0.8232758620689656 0.92816091954023 0.8239942528735632
1 0.05398478835978838 0.9821152998236331 0.05095348324514993 0.9738481040564373 0.04985119047619049 0.9710923721340389 0.04902447089947092 0.9680610670194003 0.047922178130511486 0.9636518959435626 0.047371031746031765 0.9597938712522045 0.04709545855379191 0.9564869929453262 0.04709545855379191 0.9529045414462082 0.04709545855379191 0.9501488095238095 0.0484733245149912 0.947393077601411 0.050402336860670215 0.9457396384479717 0.052606922398589086 0.9438106261022927 0.05646494708994711 0.9421571869488535 0.059496252204585556 0.9396770282186948 0.061976410934744285 0.9382991622574955 0.06418099647266316 0.9369212962962963 0.06555886243386246 0.9358190035273368 0.06721230158730161 0.9352678571428572 0.0699680335097002 0.9347167107583775 0.07492835097001765 0.9347167107583775 0.08043981481481484 0.9352678571428572 0.08484898589065258 0.9366457231040565 0.08953373015873019 0.9380235890652557 0.0928406084656085 0.9394014550264551 0.09669863315696652 0.9413304673721341 0.10000551146384482 0.9438106261022927 0.10413910934744271 0.9468419312169313 0.107445987654321 0.9501488095238095 0.11102843915343917 0.9534556878306878 0.11433531746031748 0.9573137125220459 0.11653990299823636 0.9608961640211641 0.11874448853615523 0.964754188712522 0.12039792768959438 0.9683366402116402 0.12177579365079368 0.9741236772486772 0.12260251322751325 0.9796351410934744 0.12260251322751325 0.984319885361552 0.12260251322751325 0.9884534832451499 0.12260251322751325 0.9923115079365079 0.12205136684303354 0.9953428130511465 0.12150022045855381 0.9975473985890652 0.12029084782060968 0.9989583333333333 0.0658344356261023 0.9989583333333333 0.0639054232804233 0.9989252645502645 0.06142526455026457 0.9961695326278659 0.06059854497354499 0.9947916666666666 0.0592206790123457 0.9928626543209876 0.058118386243386264 0.9909336419753086 0.05646494708994711 0.98817791005291
1 0.06445656966490301 0.9126708553791887 0.06004739858906528 0.9126708553791887 0.05646494708994711 0.9115685626102292 0.05370921516754852 0.91019069664903 0.050402336860670215 0.908261684303351 0.0484733245149912 0.9057815255731921 0.04626873897707233 0.9019235008818342 0.04461529982363318 0.8988921957671958 0.04241071428571431 0.894483024691358 0.041308421516754866 0.8897982804232804 0.041032848324515016 0.884837962962963 0.041032848324515016 0.8801532186948854 0.041032848324515016 0.8757440476190476 0.04158399470899473 0.8718860229276896 0.04241071428571431 0.8677524250440917 0.0437885802469136 0.8641699735449735 0.04544201940035275 0.8605875220458554 0.048197751322751343 0.8550760582010583 0.05012676366843036 0.8517691798941799 0.052606922398589086 0.8487378747795414 0.05536265432098767 0.8462577160493827 0.0578428130511464 0.8443287037037037 0.06059854497354499 0.8429508377425045 0.06418099647266316 0.8418485449735449 0.06666115520282188 0.8412973985890653 0.06914131393298062 0.8410218253968255 0.07272376543209878 0.8410218253968255 0.0779596560846561 0.8426752645502645 0.082093253968254 0.8454309964726631 0.08457341269841273 0.8479111552028218 0.08622685185185187 0.8506668871252204 0.08815586419753088 0.853422619047619 0.09036044973544977 0.8575562169312169 0.09173831569664906 0.8616898148148148 0.09201388888888891 0.8649966931216931 0.09228946208112877 0.8688547178130511 0.09228946208112877 0.8724371693121693 0.09201388888888891 0.8757440476190476 0.09173831569664906 0.8796020723104055 0.09173831569664906 0.8834600970017636 0.09173831569664906 0.8870425485008818 0.09036044973544977 0.8895227072310405 0.08898258377425046 0.8920028659611993 0.08788029100529103 0.8953097442680776 0.08595127865961201 0.8986166225749559 0.084022266313933 0.9016479276895943 0.08181768077601413 0.904403659611993 0.07961309523809527 0.9077105379188712 0.07685736331569668 0.90991512345679 0.07244819223985893 0.9110174162257496 0.06776344797178133 0.911844135802469
1 0.10055665784832454 0.6442625661375662 0.10028108465608468 0.6390266754850089 0.10083223104056441 0.6351686507936508 0.10193452380952382 0.6326884920634921 0.10331238977072313 0.6299327601410935 0.10441468253968256 0.6269014550264551 0.10579254850088186 0.6238701499118166 0.10717041446208114 0.621114417989418 0.10854828042328045 0.6183586860670194 0.10965057319223989 0.6158785273368607 0.11075286596119932 0.6139495149911817 0.11213073192239861 0.6114693562610228 0.1135085978835979 0.6100914902998237 0.11543761022927691 0.6084380511463845 0.11681547619047622 0.6065090388007055 0.11874448853615523 0.6043044532627866 0.12067350088183423 0.6020998677248677 0.12287808641975312 0.5998952821869489 0.12480709876543213 0.5979662698412699 0.12646053791887127 0.5968639770723104 0.12894069664903 0.5952105379188714 0.13169642857142858 0.5935570987654321 0.13583002645502645 0.5924548059964727 0.13941247795414463 0.5916280864197531 0.1435460758377425 0.5913525132275131 0.1471285273368607 0.5913525132275131 0.1529155643738977 0.5916280864197531 0.15760030864197533 0.5921792328042328 0.16228505291005293 0.5935570987654321 0.16614307760141095 0.595486111111111 0.16862323633156967 0.5982418430335097 0.1705522486772487 0.6018242945326279 0.17137896825396826 0.6054067460317459 0.17165454144620812 0.6092647707231041 0.17165454144620812 0.6128472222222222 0.17137896825396826 0.6167052469135803 0.17082782186948853 0.6205632716049383 0.16944995590828923 0.6257991622574955 0.16807208994708994 0.6299327601410935 0.16641865079365079 0.6337907848324514 0.1650407848324515 0.6373732363315696 0.16338734567901234 0.6404045414462082 0.16145833333333334 0.6434358465608465 0.15870260141093476 0.6472938712522045 0.1570491622574956 0.6497740299823633 0.15539572310405644 0.6517030423280423 0.15346671075837742 0.654458774250441 0.15153769841269843 0.6558366402116402 0.1496086860670194 0.6572145061728396 0.14740410052910052 0.658041225749559 0.14519951499118167 0.6591435185185186 0.14244378306878308 0.659970238095238 0.13996362433862433 0.6605213844797179 0.13665674603174605 0.6613481040564373 0.13390101410934743 0.6616236772486772 0.12976741622574958 0.6621748236331569 0.12646053791887127 0.6624503968253969 0.12342923280423282 0.6624503968253969 0.12012235449735452 0.6621748236331569 0.11709104938271607 0.6613481040564373 0.11433531746031748 0.659970238095238 0.11185515873015876 0.658041225749559 0.11020171957671959 0.6555610670194003 0.10854828042328045 0.6530809082892417 0.10606812169312171 0.6506007495590829 0.10386353615520286 0.6475694444444444
1 0.21739969135802467 0.6277281746031745 0.2105103615520282 0.6194609788359788 0.20968364197530864 0.61725639329806 0.20830577601410935 0.6153273809523809 0.20692791005291006 0.6139495149911817 0.2052744708994709 0.6117449294532628 0.20362103174603174 0.6089891975308642 0.20279431216931218 0.6062334656084656 0.2019675925925926 0.6032021604938272 0.2019675925925926 0.6001708553791887 0.20251873897707232 0.59741512345679 0.20334545855379188 0.5949349647266314 0.2044477513227513 0.5924548059964727 0.2058256172839506 0.5894235008818342 0.2080302028218695 0.5858410493827161 0.20968364197530864 0.5836364638447972 0.2127149470899471 0.5822585978835979 0.21519510582010584 0.581983024691358 0.21767526455026456 0.581983024691358 0.22236000881834214 0.581983024691358 0.22704475308641975 0.5825341710758377 0.23255621693121692 0.5828097442680776 0.2375165343915344 0.5830853174603176 0.2413745590828924 0.5833608906525573 0.24578373015873017 0.5844631834215168 0.24853946208112873 0.5861166225749559 0.2526730599647266 0.5891479276895945 0.2554287918871252 0.5924548059964727 0.25735780423280424 0.5943838183421517 0.2595623897707231 0.5968639770723104 0.2620425485008818 0.5990685626102293 0.26452270723104054 0.6018242945326279 0.26672729276895946 0.6048555996472663 0.26865630511463845 0.6081624779541446 0.2697585978835979 0.6106426366843034 0.2714120370370371 0.6133983686067019 0.27251432980599655 0.6167052469135803 0.27389219576719576 0.6178075396825397 0.2749944885361552 0.619185405643739 0.2758212081128748 0.621114417989418 0.27609678130511467 0.6233190035273368 0.27609678130511467 0.6269014550264551 0.275545634920635 0.6296571869488535 0.27389219576719576 0.6318617724867724 0.2722387566137566 0.6346175044091711 0.27030974426807763 0.6373732363315696 0.2681051587301588 0.6395778218694885 0.26617614638447973 0.6404045414462082 0.2639715608465608 0.6412312610229277 0.26094025573192237 0.6412312610229277 0.25735780423280424 0.640680114638448 0.2543264991181658 0.638751102292769 0.2507440476190476 0.63682208994709 0.2482638888888889 0.6362709435626103 0.24605930335097 0.6362709435626103 0.24302799823633156 0.6362709435626103 0.2399966931216931 0.6359953703703703 0.23724096119929455 0.6359953703703703 0.23338293650793648 0.6357197971781304 0.23172949735449735 0.6354442239858906 0.22759589947089948 0.6335152116402116 0.22484016754850086 0.6318617724867724 0.22125771604938274 0.6293816137566137
1 0.010995370370370395 0.6125716490299824 0.016231261022927716 0.6084380511463845 0.01760912698412701 0.6070601851851852 0.0189869929453263 0.6059578924162258 0.02091600529100531 0.6048555996472663 0.023396164021164043 0.6037533068783069 0.025876322751322775 0.6026510141093475 0.028356481481481503 0.6020998677248677 0.03166335978835981 0.601548721340388 0.03414351851851854 0.6007220017636684 0.0377259700176367 0.5998952821869489 0.040481701940035295 0.5990685626102293 0.04406415343915346 0.5979662698412699 0.04709545855379191 0.5968639770723104 0.05122905643738979 0.595761684303351 0.05618937389770725 0.5949349647266314 0.05977182539682542 0.5943838183421517 0.061976410934744285 0.5941082451499118 0.06418099647266316 0.5943838183421517 0.06638558201058203 0.5952105379188714 0.06831459435626105 0.5963128306878307 0.06941688712522048 0.59769069664903 0.07107032627865964 0.6009975749559083 0.0713458994708995 0.6048555996472663 0.07162147266313937 0.6089891975308642 0.07162147266313937 0.6131227954144621 0.07162147266313937 0.6167052469135803 0.07107032627865964 0.6208388447971782 0.06941688712522048 0.6227678571428572 0.06721230158730161 0.6252480158730159 0.06500771604938274 0.6277281746031745 0.06280313051146387 0.6296571869488535 0.06087411816578485 0.6318617724867724 0.05839395943562612 0.6340663580246914 0.055638227513227535 0.6365465167548501 0.052606922398589086 0.6390266754850089 0.04985119047619049 0.6415068342151675 0.046819885361552044 0.6434358465608465 0.0437885802469136 0.6450892857142858 0.04158399470899473 0.6464671516754851 0.03937940917107586 0.6478450176366842 0.03634810405643741 0.6494984567901234 0.03193893298059967 0.6511518959435627 0.02890762786596122 0.652529761904762 0.024222883597883618 0.6536320546737213 0.01926256613756616 0.6550099206349207 0.015955687830687855 0.6552854938271605 0.011546516754850113 0.6552854938271605 0.008239638447971806 0.6555610670194003 0.006035052910052935 0.6555610670194003 0.003554894179894205 0.654183201058201 0.0010747354497354748 0.652529761904762 0.00024801587301589805 0.6472938712522045 0.0007991622574956158 0.6420579805996472 0.0005235890652557569 0.6296571869488535 0.0016258818342151926 0.6266258818342152 0.0032793209876543455 0.6227678571428572 0.005483906525573217 0.619185405643739 0.007964065255731947 0.6164296737213404
1 0.00217702821869491 0.5276951058201058 0.0030037477954144866 0.5227347883597884 0.003554894179894205 0.5197034832451499 0.0049327601410935 0.5169477513227513 0.0068617724867725115 0.5139164462081128 0.009341931216931242 0.511711860670194 0.01209766313932983 0.5097828483245149 0.015404541446208137 0.5081294091710759 0.018160273368606723 0.5067515432098765 0.02174272486772489 0.5056492504409171 0.025600749559082914 0.5045469576719577 0.02918320105820108 0.5034446649029982 0.032765652557319246 0.5031690917107584 0.03717482363315699 0.5026179453262787 0.03993055555555557 0.5023423721340389 0.04241071428571431 0.5023423721340389 0.04626873897707233 0.5023423721340389 0.047922178130511486 0.5023423721340389 0.05122905643738979 0.5023423721340389 0.05426036155202824 0.501791225749559 0.05729166666666669 0.5012400793650794 0.06142526455026457 0.5004133597883598 0.06473214285714288 0.50013778659612 0.06721230158730161 0.5004133597883598 0.06886574074074077 0.501791225749559 0.07079475308641978 0.5034446649029982 0.07355048500881838 0.5056492504409171 0.07547949735449738 0.5081294091710759 0.07685736331569668 0.5106095679012346 0.07740850970017639 0.5133652998236332 0.07823522927689597 0.5163966049382717 0.07878637566137568 0.5199790564373897 0.07878637566137568 0.5232859347442681 0.07878637566137568 0.5260416666666666 0.07823522927689597 0.5285218253968255 0.07713293650793654 0.5310019841269841 0.07547949735449738 0.5334821428571428 0.07382605820105823 0.5356867283950617 0.0718970458553792 0.5376157407407407 0.07024360670194006 0.5392691798941799 0.06721230158730161 0.5417493386243386 0.06418099647266316 0.5436783509700176 0.061976410934744285 0.5453317901234568 0.0592206790123457 0.5464340828924162 0.05591380070546739 0.5475363756613756 0.053433641975308664 0.5494653880070547 0.05150462962962965 0.5508432539682541 0.04902447089947092 0.5527722663139331 0.046544312169312194 0.5541501322751323 0.04323743386243388 0.5552524250440917 0.03965498236331572 0.5558035714285714 0.03607253086419755 0.5555279982363316 0.032214506172839524 0.5549768518518519 0.02918320105820108 0.554701278659612 0.025600749559082914 0.5541501322751323 0.022293871252204608 0.5535989858906525 0.01981371252204588 0.5530478395061729 0.01705798059964729 0.5516699735449735 0.014026675485008843 0.5500165343915344 0.011546516754850113 0.5486386684303352 0.007964065255731947 0.5464340828924162 0.0049327601410935 0.5439539241622575 0.0038304673721340633 0.5414737654320987 0.0032793209876543455 0.5376157407407407 0.0030037477954144866 0.5329309964726632
1 0.15043540564373897 0.525490520282187 0.14878196649029984 0.5238370811287478 0.14464836860670197 0.5202546296296297 0.14271935626102294 0.5188767636684303 0.1410659171075838 0.5172233245149912 0.13913690476190477 0.5150187389770723 0.13775903880070547 0.513640873015873 0.13555445326278662 0.5114362874779542 0.1330742945326279 0.5092317019400353 0.13059413580246917 0.5075782627865961 0.12811397707231043 0.5053736772486773 0.12673611111111113 0.5028935185185185 0.12535824514991184 0.49958664021164023 0.12508267195767198 0.4962797619047619 0.12508267195767198 0.492146164021164 0.12590939153439154 0.48773699294532624 0.127011684303351 0.484430114638448 0.12894069664903 0.48194995590828926 0.13114528218694887 0.47974537037037035 0.13390101410934743 0.4772652116402117 0.13638117283950618 0.4756117724867725 0.13941247795414463 0.4739583333333333 0.14327050264550267 0.4728560405643739 0.14767967372134042 0.4720293209876543 0.15153769841269843 0.47175374779541446 0.15429343033509701 0.47175374779541446 0.15649801587301587 0.47175374779541446 0.1584270282186949 0.47258046737213405 0.16118276014109348 0.47423390652557323 0.16366291887125223 0.4756117724867725 0.16669422398589068 0.4767140652557319 0.17027667548500883 0.4780919312169312 0.17275683421516758 0.47946979717813054 0.17551256613756613 0.48112323633156967 0.17771715167548502 0.4827766754850088 0.17937059082892415 0.4852568342151676 0.1812996031746032 0.48801256613756616 0.18350418871252205 0.4913194444444445 0.18570877425044094 0.4949018959435626 0.18763778659611993 0.49793320105820105 0.18901565255731922 0.5006889329805997 0.19039351851851852 0.5034446649029982 0.19177138447971784 0.5062003968253969 0.1925981040564374 0.5086805555555556 0.1931492504409171 0.5119874338624338 0.1931492504409171 0.5144675925925927 0.1931492504409171 0.5172233245149912 0.19149581128747795 0.5194279100529101 0.1898423721340388 0.5208057760141094 0.1879133597883598 0.5227347883597884 0.18625992063492064 0.5252149470899471 0.18433090828924162 0.5285218253968255 0.1832286155202822 0.5298996913580247 0.1810240299823633 0.5318287037037037 0.17826829805996475 0.5334821428571428 0.17551256613756613 0.5345844356261024 0.1730324074074074 0.5345844356261024 0.1705522486772487 0.5345844356261024 0.1683476631393298 0.5345844356261024 0.16614307760141095 0.5340332892416225 0.16338734567901234 0.5329309964726632 0.16008046737213405 0.531277557319224 0.15649801587301587 0.529348544973545 0.1531911375661376 0.527419532627866
1 0.24109898589065257 0.5370645943562611 0.2399966931216931 0.5362378747795414 0.23200507054673722 0.5315531305114639 0.2300760582010582 0.529348544973545 0.2278714726631393 0.5263172398589065 0.22566688712522046 0.5232859347442681 0.2240134479717813 0.5188767636684303 0.22291115520282187 0.5158454585537918 0.22180886243386244 0.5114362874779542 0.22180886243386244 0.5073026895943563 0.2220844356261023 0.503995811287478 0.22373787477954146 0.5006889329805997 0.2253913139329806 0.49765762786596124 0.22704475308641975 0.4954530423280424 0.2281470458553792 0.49407517636684306 0.2300760582010582 0.49159501763668434 0.23200507054673722 0.490217151675485 0.2342096560846561 0.4885637125220459 0.23641424162257493 0.48746141975308643 0.23916997354497355 0.48635912698412703 0.24275242504409172 0.48580798059964725 0.24578373015873017 0.48553240740740744 0.24881503527336862 0.48553240740740744 0.2515707671957672 0.48553240740740744 0.2551532186948854 0.4860835537918871 0.2579089506172839 0.4866347001763669 0.2631448412698413 0.48746141975308643 0.26672729276895946 0.48773699294532624 0.2711364638447972 0.488288139329806 0.2758212081128748 0.48994157848324515 0.27995480599647266 0.492146164021164 0.28215939153439157 0.49407517636684306 0.28491512345679015 0.4968309082892416 0.28767085537918874 0.50013778659612 0.2893242945326279 0.5026179453262787 0.29097773368606705 0.5056492504409171 0.29208002645502645 0.5089561287477954 0.29290674603174605 0.511711860670194 0.2934578924162258 0.5152943121693122 0.2934578924162258 0.5188767636684303 0.2931823192239859 0.5227347883597884 0.2918044532627866 0.5260416666666666 0.2895998677248678 0.5287973985890653 0.28684413580246915 0.5315531305114639 0.2846395502645503 0.5334821428571428 0.2810570987654321 0.5354111552028218 0.277474647266314 0.5367890211640212 0.27471891534391535 0.5384424603174603 0.2714120370370371 0.5400958994708994 0.2681051587301588 0.541198192239859 0.26424713403880074 0.5420249118165785 0.2612158289241623 0.5420249118165785 0.25735780423280424 0.5417493386243386 0.2529486331569665 0.5409226190476191 0.2496417548500882 0.5400958994708994 0.24578373015873017 0.5384424603174603
1 0.23062720458553793 0.47010030864197533 0.22842261904761904 0.46899801587301587 0.22704475308641975 0.4684468694885362 0.22511574074074076 0.4684468694885362 0.22236000881834214 0.46817129629629634 0.21932870370370372 0.46817129629629634 0.21629739858906527 0.46817129629629634 0.21491953262786595 0.4676201499118166 0.2127149470899471 0.4656911375661376 0.21023478835978837 0.46403769841269843 0.20775462962962965 0.4618331128747795 0.2061011904761905 0.4601796737213404 0.2052744708994709 0.4563216490299824 0.2047233245149912 0.45246362433862436 0.2047233245149912 0.4477788800705467 0.2058256172839506 0.443369708994709 0.2066523368606702 0.4400628306878307 0.20830577601410935 0.4364803791887126 0.21023478835978837 0.4334490740740741 0.2127149470899471 0.4312444885361552 0.21519510582010584 0.4293154761904762 0.21850198412698413 0.42628417107583777 0.22098214285714285 0.42407958553791886 0.22373787477954146 0.421875 0.22621803350970018 0.42022156084656087 0.22842261904761904 0.4191192680776014 0.23062720458553793 0.41884369488536155 0.2328317901234568 0.41801697530864196 0.23558752204585537 0.4174658289241623 0.23944554673721338 0.41663910934744275 0.2435791446208113 0.41608796296296297 0.24661044973544974 0.4158123897707231 0.2496417548500882 0.4158123897707231 0.2529486331569665 0.41636353615520283 0.2559799382716049 0.4171902557319224 0.2590112433862434 0.41856812169312174 0.2620425485008818 0.419945987654321 0.26507385361552027 0.4215994268077602 0.26755401234567905 0.42490630511463845 0.26782958553791886 0.4284887566137566 0.2672784391534392 0.4312444885361552 0.2672784391534392 0.4345513668430335 0.2681051587301588 0.4367559523809524 0.2694830246913581 0.43868496472663143 0.2711364638447972 0.4400628306878307 0.2722387566137566 0.4425429894179895 0.2722387566137566 0.44502314814814814 0.27251432980599655 0.4475033068783069 0.2722387566137566 0.4521880511463845 0.2722387566137566 0.45439263668430335 0.27196318342151676 0.4568727954144621 0.2708608906525573 0.459077380952381 0.2689318783068783 0.46045524691358025 0.2672784391534392 0.46128196649029984 0.265625 0.4618331128747795 0.26342041446208114 0.46265983245149916 0.26011353615520283 0.4643132716049383 0.2568066578483245 0.4656911375661376 0.25487764550264547 0.46651785714285715 0.2510196208112875 0.46817129629629634 0.24716159611992947 0.4695491622574956 0.2435791446208113 0.47065145502645506 0.2399966931216931 0.4712026014109348 0.23641424162257493 0.47147817460317465 0.2342096560846561 0.4712026014109348
1 0.0007991622574956158 0.38963293650793657 0.0010747354497354748 0.38963293650793657 0.005759479717813076 0.38825507054673725 0.007688492063492088 0.3879794973544974 0.009066358024691383 0.38770392416225746 0.010995370370370395 0.38770392416225746 0.014026675485008843 0.38770392416225746 0.01871141975308644 0.3879794973544974 0.02394731040564376 0.38825507054673725 0.02890762786596122 0.3890817901234568 0.032214506172839524 0.3899085097001764 0.0377259700176367 0.39101080246913583 0.043513007054673744 0.392664241622575 0.047371031746031765 0.394593253968254 0.05178020282186951 0.3967978395061728 0.05536265432098767 0.3992779982363316 0.0592206790123457 0.4025848765432099 0.06280313051146387 0.4069940476190476 0.0658344356261023 0.4116787918871252 0.06831459435626105 0.4174658289241623 0.0699680335097002 0.4227017195767196 0.07079475308641978 0.42628417107583777 0.0713458994708995 0.42903990299823636 0.07162147266313937 0.4334490740740741 0.07162147266313937 0.437582671957672 0.07079475308641978 0.4408895502645503 0.06914131393298062 0.4441964285714286 0.06693672839506175 0.4469521604938272 0.06418099647266316 0.4497078924162257 0.061976410934744285 0.4521880511463845 0.06059854497354499 0.45329034391534395 0.058945105820105835 0.45439263668430335 0.05591380070546739 0.4557705026455026 0.04902447089947092 0.4557705026455026 0.04296186067019402 0.45604607583774254 0.03827711640211642 0.45604607583774254 0.033592372134038824 0.45604607583774254 0.029458774250440935 0.45604607583774254 0.026151895943562632 0.4554949294532628 0.022845017636684326 0.45439263668430335 0.01981371252204588 0.45329034391534395 0.015955687830687855 0.4516369047619048 0.014026675485008843 0.45053461199294537 0.010995370370370395 0.4486055996472664 0.009341931216931242 0.4469521604938272 0.007688492063492088 0.4455742945326279 0.005759479717813076 0.443369708994709 0.004106040564373923 0.44144069664903 0.00217702821869491 0.43896053791887124 0.0005235890652557569 0.43620480599647266
1 0.1851576278659612 0.3689649470899471 0.18488205467372135 0.36758708112874783 0.18460648148148148 0.36400462962962965 0.18488205467372135 0.36069775132275134 0.18543320105820105 0.35573743386243384 0.18736221340388007 0.3505015432098766 0.1898423721340388 0.3460923721340388 0.19287367724867724 0.34140762786596124 0.19700727513227514 0.33699845679012347 0.20086529982363316 0.33369157848324515 0.20499889770723104 0.3303847001763669 0.20968364197530864 0.32735339506172845 0.21491953262786595 0.32404651675485013 0.21932870370370372 0.3221175044091711 0.222635582010582 0.32073963844797176 0.22566688712522046 0.3199129188712522 0.22924933862433863 0.31908619929453264 0.23338293650793648 0.3182594797178131 0.23668981481481483 0.3177083333333333 0.23916997354497355 0.3177083333333333 0.24247685185185183 0.31798390652557323 0.24578373015873017 0.31881062610229277 0.24853946208112873 0.31963734567901236 0.25046847442680775 0.3201884920634921 0.2526730599647266 0.3210152116402117 0.2551532186948854 0.32432208994709 0.25653108465608465 0.32680224867724866 0.25818452380952384 0.32928240740740744 0.2590112433862434 0.3314869929453263 0.25983796296296297 0.3347938712522046 0.26094025573192237 0.3392030423280424 0.2614914021164021 0.34333664021164023 0.26259369488536155 0.3452656525573193 0.2623181216931217 0.3485725308641976 0.2614914021164021 0.3502259700176367 0.2603891093474427 0.3527061287477954 0.25928681657848324 0.35518628747795417 0.25846009700176364 0.3573908730158731 0.2570822310405644 0.35931988536155207 0.25570436507936506 0.3609733245149912 0.2534997795414462 0.3642802028218695 0.25129519400352734 0.3670359347442681 0.24853946208112873 0.3695160934744269 0.24523258377425045 0.3722718253968254 0.2408234126984127 0.3755787037037038 0.2361386684303351 0.3783344356261023 0.23255621693121692 0.38026344797178135 0.22980048500881836 0.38136574074074076 0.22649360670194002 0.3824680335097002 0.2220844356261023 0.3838458994708995 0.21850198412698413 0.384672619047619 0.21381723985890655 0.3852237654320988 0.21023478835978837 0.38549933862433866 0.20637676366843033 0.3852237654320988 0.20251873897707232 0.38494819223985893 0.1986607142857143 0.3838458994708995 0.1948026895943563 0.38219246031746035 0.19094466490299825 0.37971230158730157 0.1879133597883598 0.3766809964726631 0.18598434744268078 0.37337411816578486
1 0.12122464726631395 0.34829695767195773 0.11929563492063494 0.3471946649029983 0.11626432980599649 0.3447145061728395 0.11461089065255735 0.34223434744268083 0.11295745149911819 0.3400297619047619 0.11185515873015876 0.33727402998236333 0.11130401234567903 0.3342427248677249 0.11130401234567903 0.33176256613756616 0.11185515873015876 0.32928240740740744 0.11240630511463846 0.32680224867724866 0.1135085978835979 0.3237709435626102 0.11461089065255735 0.32129078483245155 0.11571318342151678 0.31881062610229277 0.11736662257495593 0.3160548941798942 0.11902006172839509 0.31385030864197533 0.12150022045855381 0.3116457231040564 0.12370480599647268 0.3097167107583774 0.12590939153439154 0.30778769841269843 0.12894069664903 0.3053075396825397 0.130869708994709 0.3033785273368607 0.1330742945326279 0.3014495149911817 0.13527888007054675 0.2992449294532628 0.13775903880070547 0.29704034391534395 0.13996362433862433 0.2951113315696649 0.14161706349206352 0.2934578924162258 0.14382164902998235 0.29208002645502645 0.14657738095238096 0.2912533068783069 0.14933311287477954 0.2918044532627866 0.15208884479717813 0.2926311728395062 0.15429343033509701 0.29373346560846564 0.1570491622574956 0.2951113315696649 0.1603560405643739 0.2973159171075838 0.16228505291005293 0.2995205026455027 0.1631117724867725 0.3011739417989418 0.1644896384479718 0.30310295414462085 0.16531635802469136 0.30448082010582017 0.16586750440917106 0.30640983245149916 0.16669422398589068 0.308614417989418 0.16724537037037038 0.31054343033509707 0.1677965167548501 0.31302358906525574 0.1677965167548501 0.31522817460317465 0.16752094356261024 0.31853505291005296 0.16614307760141095 0.3201884920634921 0.1650407848324515 0.3226686507936508 0.16366291887125223 0.326251102292769 0.1628361992945326 0.3290068342151676 0.16118276014109348 0.33341600529100535 0.16008046737213405 0.33617173721340393 0.1584270282186949 0.3383763227513228 0.1570491622574956 0.34058090828924165 0.15456900352733688 0.34306106701940037 0.15208884479717813 0.34554122574955914 0.15043540564373897 0.3471946649029983 0.1471285273368607 0.34912367724867727 0.1435460758377425 0.3505015432098766 0.1410659171075838 0.35105268959435626 0.13720789241622577 0.35105268959435626 0.13417658730158732 0.3513282627865962 0.12976741622574958 0.3505015432098766 0.12535824514991184 0.34995039682539686
1 0.02146715167548503 0.3199129188712522 0.01953813932980602 0.31522817460317465 0.01953813932980602 0.31247244268077606 0.0189869929453263 0.3097167107583774 0.018435846560846583 0.3061342592592593 0.017884700176366865 0.30310295414462085 0.017884700176366865 0.30034722222222227 0.017884700176366865 0.2967647707231041 0.01871141975308644 0.2923555996472664 0.01953813932980602 0.2895998677248678 0.021191578483245172 0.2879464285714286 0.022845017636684326 0.2857418430335097 0.025325176366843057 0.28408840388007056 0.02890762786596122 0.28243496472663143 0.0330412257495591 0.28078152557319225 0.03717482363315699 0.2796792328042328 0.041308421516754866 0.27857694003527345 0.0451664462081129 0.2777502204585538 0.04874889770723106 0.27664792768959434 0.05205577601410937 0.27637235449735453 0.05674052028218697 0.2758212081128748 0.0592206790123457 0.2758212081128748 0.062527557319224 0.2758212081128748 0.06666115520282188 0.27609678130511467 0.06969246031746033 0.27664792768959434 0.07299933862433865 0.277474647266314 0.07685736331569668 0.27802579365079366 0.08016424162257497 0.2783013668430335 0.08347111992945329 0.27885251322751325 0.08650242504409174 0.2791280864197531 0.08843143738977075 0.2796792328042328 0.08843143738977075 0.281332671957672 0.08843143738977075 0.28408840388007056 0.08843143738977075 0.28601741622574955 0.08870701058201061 0.2879464285714286 0.08980930335097005 0.2904265873015873 0.09091159611992947 0.2926311728395062 0.09201388888888891 0.29456018518518523 0.0928406084656085 0.2973159171075838 0.09311618165784835 0.3000716490299824 0.09339175485008822 0.3036541005291005 0.09339175485008822 0.30696097883597884 0.09339175485008822 0.3097167107583774 0.09228946208112877 0.31274801587301587 0.09118716931216933 0.31522817460317465 0.08980930335097005 0.3177083333333333 0.08815586419753088 0.32073963844797176 0.08650242504409174 0.3229442239858907 0.08484898589065258 0.32514880952380953 0.08236882716049386 0.3259755291005291 0.07906194885361555 0.326251102292769 0.07547949735449738 0.32680224867724866 0.0713458994708995 0.32735339506172845 0.06776344797178133 0.328180114638448 0.06418099647266316 0.3287312610229277 0.06032297178130513 0.32928240740740744 0.05729166666666669 0.32928240740740744 0.0545359347442681 0.32928240740740744 0.05012676366843036 0.32928240740740744 0.046819885361552044 0.3287312610229277 0.04406415343915346 0.32845568783068785 0.04075727513227515 0.3279045414462081 0.0377259700176367 0.3270778218694886 0.035245811287477974 0.32652667548500885 0.03166335978835981 0.32569995590828926 0.027805335097001786 0.3237709435626102 0.02394731040564376 0.3218419312169312
1 0.1410659171075838 0.26094025573192237 0.13775903880070547 0.2576333774250441 0.13555445326278662 0.25460207231040566 0.1350033068783069 0.25212191358024694 0.1350033068783069 0.2496417548500882 0.13472773368606702 0.24688602292768957 0.13472773368606702 0.24385471781305113 0.1350033068783069 0.24165013227513227 0.13610559964726632 0.23916997354497355 0.13775903880070547 0.23668981481481483 0.1396880511463845 0.23448522927689594 0.14271935626102294 0.23228064373897708 0.14547508818342153 0.23062720458553793 0.14823082010582012 0.2286981922398589 0.15153769841269843 0.22649360670194002 0.15512014991181658 0.22484016754850086 0.1584270282186949 0.22373787477954146 0.16228505291005293 0.222635582010582 0.16614307760141095 0.22180886243386244 0.17082782186948853 0.22098214285714285 0.17385912698412698 0.22098214285714285 0.1763392857142857 0.22098214285714285 0.1790950176366843 0.22125771604938274 0.1826774691358025 0.22180886243386244 0.1851576278659612 0.222635582010582 0.18736221340388007 0.22318672839506173 0.1898423721340388 0.2242890211640212 0.19618055555555555 0.2242890211640212 0.19810956790123457 0.22484016754850086 0.2000385802469136 0.22566688712522046 0.20224316578483245 0.22732032627865964 0.20417217813051147 0.22924933862433863 0.2061011904761905 0.23172949735449735 0.20775462962962965 0.23448522927689594 0.20913249559082894 0.23696538800705466 0.21023478835978837 0.23916997354497355 0.2107859347442681 0.242201278659612 0.2107859347442681 0.24523258377425045 0.2105103615520282 0.2482638888888889 0.20885692239858905 0.2510196208112875 0.20692791005291006 0.25322420634920634 0.2044477513227513 0.2559799382716049 0.20141644620811286 0.25818452380952384 0.1983851410934744 0.25983796296296297 0.19562940917107585 0.2612158289241623 0.19342482363315697 0.26259369488536155 0.1912202380952381 0.263695987654321 0.1887400793650794 0.2647982804232804 0.18625992063492064 0.26590057319223986 0.18295304232804233 0.2670028659611993 0.17992173721340388 0.26755401234567905 0.1771660052910053 0.26838073192239864 0.1744102733686067 0.2689318783068783 0.1711033950617284 0.2694830246913581 0.1683476631393298 0.27003417107583777 0.16531635802469136 0.2705853174603175 0.16256062610229277 0.2708608906525573 0.16008046737213405 0.2708608906525573 0.15787588183421516 0.2705853174603175 0.15484457671957672 0.2697585978835979 0.15208884479717813 0.2681051587301588 0.14878196649029984 0.2664517195767196 0.14602623456790123 0.26452270723104054
1 0.046544312169312194 0.22952491181657847 0.03965498236331572 0.22484016754850086 0.03827711640211642 0.22346230158730157 0.035245811287477974 0.22043099647266312 0.033592372134038824 0.2182264109347443 0.03249007936507939 0.2160218253968254 0.03166335978835981 0.21326609347442682 0.03138778659611995 0.20940806878306878 0.031112213403880092 0.2058256172839506 0.031112213403880092 0.20251873897707232 0.03166335978835981 0.19948743386243387 0.033592372134038824 0.1959049823633157 0.03607253086419755 0.1923225308641975 0.039103835978836 0.1892912257495591 0.04185956790123459 0.18681106701940037 0.0451664462081129 0.18460648148148148 0.04930004409171078 0.18212632275132276 0.052606922398589086 0.1804728835978836 0.05618937389770725 0.17881944444444445 0.058945105820105835 0.17826829805996475 0.06280313051146387 0.17826829805996475 0.06776344797178133 0.17854387125220458 0.07107032627865964 0.17964616402116404 0.07437720458553795 0.1812996031746032 0.07740850970017639 0.1826774691358025 0.08043981481481484 0.18460648148148148 0.08347111992945329 0.1865354938271605 0.08567570546737216 0.18818893298059966 0.08760471781305118 0.19039351851851852 0.08980930335097005 0.1931492504409171 0.09063602292768963 0.19535383597883596 0.0914627425044092 0.1986607142857143 0.09228946208112877 0.20169201940035275 0.09311618165784835 0.2047233245149912 0.09366732804232807 0.20747905643738976 0.09394290123456792 0.2099592151675485 0.09394290123456792 0.2121638007054674 0.09449404761904764 0.21574625220458554 0.09476962081128751 0.21850198412698413 0.09476962081128751 0.22098214285714285 0.09394290123456792 0.22236000881834214 0.0928406084656085 0.2242890211640212 0.09091159611992947 0.22566688712522046 0.08815586419753088 0.22732032627865964 0.08595127865961201 0.2281470458553792 0.08319554673721342 0.22924933862433863 0.08126653439153442 0.2300760582010582 0.07878637566137568 0.23117835097001765 0.07630621693121696 0.23200507054673722 0.07327491181657851 0.2328317901234568 0.06969246031746033 0.23338293650793648 0.06638558201058203 0.23338293650793648 0.062527557319224 0.23338293650793648 0.06032297178130513 0.23338293650793648 0.058118386243386264 0.2328317901234568 0.05536265432098767 0.23228064373897708 0.05288249559082894 0.2314539241622575 0.05012676366843036 0.23062720458553793
0 0.06511839708561025 0.21254553734061937 0.05544171220400733 0.21226092896174867 0.053164845173041944 0.21226092896174867 0.04946493624772318 0.21169171220400734 0.04775728597449914 0.21112249544626596 0.04718806921675779 0.20913023679417128 0.046903460837887115 0.20713797814207655 0.050318761384335206 0.2057149362477232 0.05344945355191262 0.20543032786885249 0.056864754098360705 0.20543032786885249 0.05999544626593812 0.2057149362477232 0.06227231329690351 0.2057149362477232 0.06483378870673957 0.20599954462659384 0.0668260473588343 0.20685336976320587 0.06824908925318766 0.2085610200364299 0.06881830601092902 0.2108378870673953
0 0.06654143897996362 0.3078893442622952 0.04918032786885251 0.3076047358834245 0.046903460837887115 0.3076047358834245 0.044341985428051046 0.3076047358834245 0.04291894353369768 0.3076047358834245 0.040072859744990946 0.3076047358834245 0.03580373406193083 0.3076047358834245 0.031534608378870725 0.3073201275045538 0.029257741347905333 0.30675091074681243 0.02783469945355196 0.30646630236794176 0.030965391621129375 0.3050432604735884 0.03267304189435342 0.3044740437158471 0.03409608378870679 0.3039048269581057 0.03580373406193083 0.30333561020036437 0.04121129326047364 0.3030510018214937 0.04405737704918038 0.3030510018214937 0.04775728597449914 0.30333561020036437 0.05202641165755925 0.30333561020036437 0.055726320582878006 0.30362021857923505 0.05971083788706744 0.30362021857923505 0.06227231329690351 0.3039048269581057 0.06511839708561025 0.3041894353369764 0.06853369763205834 0.3041894353369764 0.07052595628415306 0.3041894353369764 0.07365664845173046 0.3041894353369764 0.07621812386156653 0.3039048269581057 0.07821038251366125 0.3039048269581057 0.0787795992714026 0.30589708561020046 0.07735655737704922 0.30675091074681243 0.07365664845173046 0.3070355191256831
0 0.1431010928961749 0.31841985428051006 0.1379781420765028 0.3241120218579236 0.1368397085610201 0.3258196721311476 0.13513205828779604 0.32866575591985436 0.13399362477231333 0.33065801457194904 0.13200136612021862 0.3326502732240438 0.1300091074681239 0.3335040983606558 0.12943989071038256 0.3309426229508198 0.1302937158469946 0.32866575591985436 0.13200136612021862 0.3255350637522769 0.13313979963570133 0.3238274134790529 0.13484744990892536 0.3218351548269582 0.1365551001821494 0.3195582877959928 0.1379781420765028 0.31785063752276876 0.1402550091074682 0.31557377049180335 0.14139344262295087 0.31415072859744997 0.14338570127504557 0.31244307832422596 0.1442395264116576 0.31301229508196726
0 0.03921903460837892 0.42913251366120225 0.026411657559198595 0.4217326958105648 0.023850182149362527 0.4203096539162114 0.02157331511839714 0.41917122040072863 0.018442622950819724 0.4174635701275046 0.016734972677595678 0.41689435336976327 0.013035063752276917 0.41461748633879786 0.010473588342440852 0.41290983606557385 0.008196721311475462 0.41148679417122047 0.0050660291438980485 0.4097791438979964 0.003642987249544678 0.4086407103825137 0.0022199453551913083 0.4072176684881603 0.0056352459016393965 0.40607923497267767 0.008765938069216809 0.40693306010928965 0.011612021857923548 0.4083561020036431 0.014173497267759615 0.40920992714025506 0.01701958105646635 0.41034836065573776 0.01901183970856107 0.4112021857923498 0.021288706739526462 0.4126252276867032 0.023850182149362527 0.4134790528233152 0.02669626593806927 0.41604052823315124 0.028973132969034657 0.4174635701275046 0.031534608378870725 0.41860200364298733 0.03438069216757746 0.4200250455373407 0.03608834244080151 0.4208788706739527 0.03864981785063757 0.42230191256830607 0.04121129326047364 0.4237249544626594 0.042634335154827 0.42486338797814216 0.045480418943533746 0.4268556466302369 0.04718806921675779 0.42799408014571955 0.048326502732240484 0.4297017304189436 0.04946493624772318 0.432832422586521 0.04462659380692172 0.431124772313297
0 0.2370218579234973 0.3548497267759564 0.2284836065573771 0.3616803278688525 0.2264913479052824 0.3631033697632059 0.22449908925318765 0.3639571948998179 0.2230760473588343 0.3645264116575593 0.22108378870673956 0.3650956284153006 0.2193761384335155 0.3650956284153006 0.21539162112932608 0.36538023679417125 0.21140710382513667 0.36538023679417125 0.20799180327868858 0.36481102003642996 0.20543032786885249 0.36367258652094725 0.20742258652094722 0.3613957194899819 0.21112249544626596 0.3582650273224044 0.21596083788706746 0.35598816029143904 0.22108378870673956 0.35428051001821503 0.22478369763205833 0.3531420765027323 0.2284836065573771 0.3517190346083789 0.22990664845173045 0.3511498178506376 0.23218351548269583 0.34972677595628426 0.23616803278688528 0.34744990892531885 0.23986794171220405 0.34602686703096547 0.24356785063752281 0.34517304189435344 0.24385245901639346 0.34659608378870677 0.2412909836065574 0.35058060109289624
0 0.24840619307832426 0.4490551001821494 0.24499089253187617 0.4499089253187615 0.24328324225865214 0.45019353369763215 0.24043715846994537 0.45019353369763215 0.23730646630236799 0.45019353369763215 0.23559881602914393 0.45019353369763215 0.2338911657559199 0.45019353369763215 0.23559881602914393 0.4470628415300547 0.23730646630236799 0.44563979963570133 0.23901411657559202 0.44507058287796003 0.24271402550091078 0.4445013661202186 0.2458447176684882 0.44364754098360665 0.24812158469945358 0.4430783242258653 0.250398451730419 0.4430783242258653 0.2535291438979964 0.44421675774134795 0.25409836065573776 0.44563979963570133 0.2526753187613844 0.44734744990892533
0 0.42514799635701284 0.26633652094717675 0.4237249544626594 0.26519808743169404 0.42201730418943545 0.26349043715847 0.420594262295082 0.26206739526411665 0.41945582877959936 0.2603597449908926 0.418032786885246 0.25836748633879786 0.41717896174863395 0.2563752276867031 0.4166097449908926 0.25409836065573776 0.4163251366120219 0.2515368852459017 0.41689435336976327 0.24869080145719497 0.41917122040072863 0.24726775956284155 0.42116347905282336 0.24669854280510023 0.4231557377049181 0.24726775956284155 0.4245787795992715 0.24897540983606561 0.4260018214936248 0.251252276867031 0.4274248633879782 0.25324453551912574 0.4282786885245902 0.25580601092896177 0.4297017304189436 0.2580828779599272 0.43169398907103834 0.2606443533697632 0.43311703096539167 0.26292122040072863 0.4339708561020037 0.26662112932604737 0.4339708561020037 0.2700364298724955 0.43169398907103834 0.2706056466302369 0.4285632969034609 0.2697518214936248
0 0.4538934426229509 0.18750000000000003 0.4536088342440802 0.1843693078324226 0.4527550091074682 0.18266165755919858 0.4510473588342441 0.17981557377049187 0.44962431693989074 0.17782331511839714 0.44791666666666674 0.17469262295081972 0.44649362477231336 0.17213114754098366 0.4447859744990893 0.16900045537340624 0.44393214936247727 0.1661543715846995 0.4427937158469946 0.16387750455373412 0.4422244990892532 0.16216985428051006 0.4422244990892532 0.1616006375227687 0.4425091074681239 0.16046220400728603 0.44421675774134795 0.16017759562841535 0.4462090163934427 0.1616006375227687 0.44877049180327877 0.16387750455373412 0.45047814207650283 0.1650159380692168 0.4524704007285975 0.16586976320582883 0.45446265938069225 0.16757741347905286 0.4558857012750456 0.1695696721311476 0.45730874316939896 0.17156193078324228 0.458162568306011 0.17355418943533701 0.45901639344262296 0.17611566484517308 0.45987021857923505 0.1781079234972678 0.4604394353369764 0.18010018214936252 0.4610086520947177 0.18323087431693993 0.4612932604735884 0.18550774134790532 0.4615778688524591 0.18835382513661206 0.4612932604735884 0.19063069216757747 0.4610086520947177 0.19319216757741353 0.460724043715847 0.19603825136612024 0.458162568306011 0.1943306010928962 0.4564549180327869 0.1911999089253188
0 0.18010018214936252 0.24982923497267764 0.1738387978142077 0.2526753187613844 0.17070810564663028 0.25324453551912574 0.1672928051001822 0.25324453551912574 0.16586976320582883 0.25324453551912574 0.16216985428051006 0.25324453551912574 0.16074681238615668 0.25295992714025506 0.16074681238615668 0.2523907103825137 0.1616006375227687 0.2509676684881603 0.16416211293260477 0.2492600182149363 0.1672928051001822 0.24812158469945358 0.1704234972677596 0.24783697632058294 0.17213114754098366 0.24783697632058294 0.17440801457194904 0.24783697632058294 0.17725409836065578 0.24755236794171226 0.17867714025500916 0.2469831511839709 0.18123861566484523 0.24612932604735888 0.18266165755919858 0.24755236794171226
0 0.046903460837887115 0.5304530965391622 0.03637295081967218 0.5332991803278689 0.032957650273224094 0.5332991803278689 0.029257741347905333 0.5335837887067396 0.025842440801457246 0.5335837887067396 0.023565573770491854 0.5332991803278689 0.022427140255009158 0.5304530965391622 0.02698087431693994 0.5293146630236795 0.030111566484517353 0.5293146630236795 0.03238843351548275 0.5290300546448088 0.03494990892531881 0.5287454462659381 0.0383652094717669 0.5281762295081968 0.04092668488160297 0.5278916211293261 0.04291894353369768 0.5273224043715847 0.04576502732240442 0.5264685792349727 0.04747267759562846 0.5256147540983608 0.04889571948998184 0.5250455373406193 0.050318761384335206 0.5241917122040074 0.052880236794171274 0.5239071038251367 0.05231102003642992 0.5267531876138434 0.04946493624772318 0.5290300546448088
0 0.26491347905282336 0.5184995446265939 0.25495218579234974 0.5150842440801457 0.25295992714025506 0.5139458105646632 0.251252276867031 0.513091985428051 0.24982923497267764 0.5116689435336977 0.24755236794171226 0.5102459016393444 0.24356785063752281 0.5091074681238617 0.24100637522768675 0.5085382513661203 0.23929872495446272 0.5076844262295083 0.23929872495446272 0.5056921675774135 0.24271402550091078 0.5039845173041895 0.2458447176684882 0.5036999089253188 0.2492600182149363 0.5042691256830601 0.2509676684881603 0.5054075591985429 0.25324453551912574 0.5073998178506376 0.25523679417122047 0.5091074681238617 0.2580828779599272 0.511384335154827 0.2603597449908926 0.513091985428051 0.26206739526411665 0.5136612021857924 0.264344262295082 0.5139458105646632 0.2669057377049181 0.5139458105646632 0.2691826047358835 0.5139458105646632 0.27259790528233163 0.5150842440801457 0.2737363387978143 0.5165072859744991 0.27316712204007293 0.5179303278688525 0.26889799635701284 0.5184995446265939
0 0.23645264116575596 0.6104280510018216 0.23360655737704925 0.6084357923497269 0.2316142987249545 0.6078665755919855 0.22933743169398912 0.6070127504553735 0.22592213114754103 0.6064435336976322 0.224214480874317 0.6055897085610201 0.2216530054644809 0.603028233151184 0.2205145719489982 0.60132058287796 0.2205145719489982 0.5993283242258652 0.22336065573770497 0.5979052823315119 0.225068306010929 0.5979052823315119 0.22933743169398912 0.598759107468124 0.23132969034608383 0.6001821493624774 0.23332194899817854 0.6018897996357013 0.23559881602914393 0.6038820582877961 0.2370218579234973 0.6044512750455374 0.23929872495446272 0.6053051001821494 0.24072176684881608 0.6061589253187614 0.24299863387978146 0.6072973588342442 0.24499089253187617 0.6095742258652095 0.24413706739526417 0.611851092896175 0.24100637522768675 0.6124203096539164
0 0.1411088342440802 0.6218123861566485 0.1311475409836066 0.6323428961748635 0.12830145719489985 0.6346197632058288 0.12517076502732247 0.6371812386156649 0.12374772313296908 0.6391734972677596 0.12260928961748639 0.6397427140255009 0.12260928961748639 0.6360428051001822 0.12431693989071044 0.6323428961748635 0.12659380692167582 0.630066029143898 0.1288706739526412 0.6280737704918032 0.1311475409836066 0.62665072859745 0.133424408014572 0.6252276867030966 0.13484744990892536 0.6238046448087432 0.1368397085610201 0.6215277777777779 0.13826275045537345 0.6195355191256832 0.13997040072859748 0.6175432604735884 0.14196265938069222 0.616120218579235 0.14395491803278693 0.6155510018214937 0.14338570127504557 0.6172586520947178
0 0.04718806921675779 0.6212431693989071 0.03950364298724959 0.6320582877959927 0.037795992714025554 0.6337659380692169 0.035234517304189486 0.6351889799635703 0.03210382513661207 0.6363274134790529 0.028688524590163984 0.6371812386156649 0.0252732240437159 0.6380350637522769 0.02100409836065579 0.6386042805100183 0.018442622950819724 0.6386042805100183 0.018442622950819724 0.6371812386156649 0.020719489981785116 0.6343351548269581 0.023565573770491854 0.6309198542805101 0.02698087431693994 0.6277891621129327 0.030111566484517353 0.6252276867030966 0.032957650273224094 0.6232354280510018 0.035519125683060156 0.6209585610200364 0.03893442622950825 0.6186816939890711 0.042634335154827 0.6166894353369764 0.04633424408014577 0.6149817850637523 0.04974954462659386 0.614412568306011 0.05003415300546453 0.6169740437158471
0 0.07052595628415306 0.8682832422586522 0.07024134790528237 0.8768214936247724 0.06967213114754103 0.8790983606557378 0.06853369763205834 0.8816598360655737 0.06767987249544632 0.8845059198542805 0.06711065573770497 0.8870673952641166 0.06654143897996362 0.8899134790528234 0.06597222222222227 0.8916211293260474 0.0656876138433516 0.8944672131147542 0.06511839708561025 0.8961748633879781 0.06426457194899822 0.8987363387978142 0.06255692167577419 0.9018670309653917 0.06113387978142081 0.8984517304189436 0.06084927140255014 0.8944672131147542 0.06084927140255014 0.8896288706739527 0.06084927140255014 0.8856443533697632 0.06084927140255014 0.8802367941712205 0.06141848816029149 0.877106102003643 0.06227231329690351 0.8734061930783242 0.06312613843351553 0.8699908925318761 0.06397996357012756 0.8665755919854281 0.06511839708561025 0.8634448998178507 0.06625683060109294 0.8603142076502732 0.06711065573770497 0.8583219489981785 0.06910291438979968 0.8620218579234974 0.06938752276867036 0.8654371584699454
0 0.34090391621129335 0.903290072859745 0.33777322404371596 0.9010132058287798 0.3360655737704919 0.9001593806921676 0.3323656648451731 0.8987363387978142 0.3292349726775957 0.8975979052823316 0.3269581056466303 0.8958902550091075 0.32525045537340624 0.8944672131147542 0.3241120218579236 0.8924749544626595 0.32525045537340624 0.8899134790528234 0.32866575591985436 0.8899134790528234 0.33321948998178513 0.8904826958105647 0.33549635701275055 0.8913365209471766 0.33805783242258663 0.8924749544626595 0.34005009107468126 0.8933287795992714 0.3431807832422587 0.8953210382513661 0.34602686703096547 0.8975979052823316 0.3480191256830602 0.8993055555555556 0.34972677595628426 0.9010132058287798 0.34972677595628426 0.903290072859745 0.34915755919854286 0.904997723132969 0.34631147540983614 0.9047131147540984
0 0.39668715846994546 0.8412454462659381 0.392702641165756 0.8452299635701276 0.39071038251366125 0.8469376138433516 0.3881489071038252 0.8477914389799637 0.3855874316939891 0.849214480874317 0.38245673952641174 0.8506375227686703 0.380464480874317 0.851775956284153 0.37790300546448097 0.8534836065573771 0.37562613843351556 0.8549066484517305 0.3739184881602915 0.8551912568306012 0.3733492714025502 0.8523451730418945 0.3747723132969035 0.849214480874317 0.3761953551912569 0.8472222222222222 0.3776183970856103 0.8449453551912569 0.37961065573770497 0.8426684881602914 0.38188752276867033 0.8412454462659381 0.3850182149362478 0.8403916211293261 0.3881489071038252 0.839537795992714 0.39184881602914395 0.8383993624772313 0.3949795081967214 0.8372609289617488 0.3981102003642988 0.8366917122040074 0.40038706739526414 0.8366917122040074
0 0.4985769581056467 0.955658014571949 0.4943078324225866 0.9693192167577414 0.4931693989071039 0.9721653005464481 0.4920309653916212 0.9758652094717669 0.49089253187613846 0.980134335154827 0.4897540983606558 0.9838342440801457 0.4889002732240438 0.9866803278688525 0.48690801457194904 0.9889571948998179 0.48463114754098363 0.9886725865209471 0.48377732240437166 0.9844034608378871 0.4854849726775957 0.9812727686703098 0.48690801457194904 0.9775728597449909 0.4883310564663024 0.9747267759562842 0.4889002732240438 0.9721653005464481 0.48946948998178513 0.9696038251366121 0.4900387067395265 0.9664731329690347 0.49089253187613846 0.9630578324225866 0.49174635701275055 0.9593579234972679 0.4920309653916212 0.955658014571949 0.4931693989071039 0.9522427140255009 0.4943078324225866 0.9488274134790529 0.49573087431693996 0.9456967213114755 0.496584699453552 0.9437044626593808 0.4985769581056467 0.9428506375227688 0.4991461748633881 0.9451275045537341 0.4994307832422587 0.9476889799635703 0.4994307832422587 0.951388888888889
0 0.6297814207650274 0.9215050091074681 0.6309198542805101 0.9289048269581056 0.6309198542805101 0.9323201275045537 0.6306352459016394 0.9357354280510018 0.6303506375227688 0.9388661202185793 0.6297814207650274 0.9419968123861566 0.6292122040072861 0.9451275045537341 0.6286429872495447 0.9485428051001822 0.6286429872495447 0.9496812386156649 0.628358378870674 0.9505350637522769 0.6269353369763206 0.9502504553734062 0.6257969034608379 0.9482581967213115 0.624089253187614 0.9454121129326047 0.6232354280510018 0.9437044626593808 0.6220969945355193 0.9402891621129327 0.6215277777777779 0.9371584699453552 0.6215277777777779 0.9340277777777779 0.6218123861566485 0.9289048269581056 0.6226662112932605 0.926058743169399 0.6232354280510018 0.924351092896175 0.624089253187614 0.9217896174863388 0.6246584699453552 0.9189435336976322 0.6249430783242259 0.9163820582877961 0.6255122950819673 0.9149590163934427 0.6269353369763206 0.9143897996357013 0.628358378870674 0.9166666666666666
0 0.7920081967213116 0.9772882513661203 0.7914389799635703 0.9841188524590164 0.7905851548269581 0.9869649362477232 0.7897313296903461 0.9895264116575593 0.7888775045537341 0.9926571038251366 0.7874544626593808 0.9955031876138434 0.7866006375227688 0.9972108378870674 0.7851775956284154 0.9977800546448088 0.7837545537340619 0.9980646630236795 0.7834699453551913 0.9974954462659381 0.7834699453551913 0.9946493624772313 0.7840391621129327 0.9920878870673953 0.7848929872495447 0.9892418032786885 0.7854622040072861 0.9869649362477232 0.7857468123861566 0.9841188524590164 0.786316029143898 0.980988160291439 0.7868852459016394 0.9778574681238617 0.7877390710382514 0.9747267759562842 0.7897313296903461 0.9721653005464481 0.7914389799635703 0.9724499089253188
0 0.9294740437158471 0.7834699453551913 0.9149590163934427 0.7874544626593808 0.9106898907103826 0.7883082877959927 0.9064207650273224 0.7894467213114755 0.9030054644808743 0.7897313296903461 0.8987363387978142 0.7900159380692169 0.8950364298724955 0.7900159380692169 0.8921903460837888 0.7880236794171221 0.8919057377049181 0.7860314207650274 0.8927595628415301 0.7843237704918032 0.8956056466302369 0.7831853369763206 0.900728597449909 0.78290072859745 0.9044285063752278 0.7826161202185793 0.9084130236794171 0.7820469034608379 0.9123975409836066 0.7814776867030966 0.9158128415300547 0.7809084699453552 0.9189435336976322 0.7800546448087432 0.9217896174863388 0.7792008196721312 0.926058743169399 0.7786316029143898 0.9308970856102003 0.7783469945355193 0.9331739526411658 0.7789162112932605 0.9331739526411658 0.7809084699453552
0 0.5515141165755921 0.6109972677595629 0.5438296903460837 0.6081511839708561 0.5412682149362478 0.6070127504553735 0.5389913479052824 0.6061589253187614 0.537568306010929 0.6053051001821494 0.535860655737705 0.6044512750455374 0.5335837887067396 0.603028233151184 0.5315915300546449 0.6016051912568307 0.5315915300546449 0.5996129326047359 0.5330145719489983 0.598759107468124 0.535860655737705 0.598759107468124 0.5384221311475411 0.5996129326047359 0.5412682149362478 0.6007513661202187 0.5432604735883425 0.602174408014572 0.5449681238615666 0.6033128415300547 0.5478142076502732 0.6044512750455374 0.552367941712204 0.6055897085610201 0.5554986338797814 0.6067281420765027 0.5583447176684883 0.6072973588342442 0.5609061930783242 0.6087204007285975 0.5597677595628416 0.6115664845173042 0.5557832422586522 0.6115664845173042
0 0.7473246812386157 0.5466757741347906 0.7436247723132969 0.5529371584699454 0.7433401639344264 0.5554986338797814 0.7430555555555556 0.5577755009107469 0.7422017304189436 0.560336976320583 0.7410632969034608 0.5631830601092898 0.7393556466302369 0.5660291438979964 0.7382172131147542 0.5674521857923498 0.7367941712204008 0.5691598360655737 0.7353711293260474 0.5697290528233151 0.733948087431694 0.5663137522768671 0.7350865209471766 0.5640368852459017 0.7367941712204008 0.5620446265938069 0.7367941712204008 0.5606215846994537 0.7367941712204008 0.5591985428051003 0.7367941712204008 0.5554986338797814 0.7373633879781422 0.5520833333333335 0.7387864298724955 0.5475295992714027 0.7407786885245903 0.5441142987249545 0.742770947176685 0.5415528233151184 0.744478597449909 0.539275956284153 0.7459016393442623 0.537568306010929 0.7478938979963571 0.5369990892531876 0.7484631147540984 0.5404143897996357 0.7484631147540984 0.5435450819672132
0 0.6158356102003644 0.43994763205828785 0.615266393442623 0.43823998178506385 0.6141279599271403 0.43710154826958114 0.611851092896175 0.4353938979963571 0.6095742258652095 0.43454007285974505 0.6075819672131147 0.43454007285974505 0.6053051001821494 0.4339708561020037 0.602174408014572 0.4336862477231331 0.5996129326047359 0.432832422586521 0.5979052823315119 0.43226320582877964 0.5956284153005466 0.4305555555555556 0.5927823315118398 0.4271402550091075 0.5916438979963571 0.42543260473588346 0.5910746812386157 0.4228711293260474 0.590790072859745 0.420594262295082 0.5939207650273225 0.41917122040072863 0.5970514571948998 0.41974043715847004 0.5998975409836066 0.4203096539162114 0.602174408014572 0.42144808743169404 0.6035974499089254 0.4240095628415301 0.6050204918032788 0.4265710382513662 0.6058743169398908 0.4282786885245902 0.6075819672131147 0.4297017304189436 0.6092896174863388 0.4305555555555556 0.6127049180327869 0.43226320582877964 0.6149817850637523 0.43311703096539167 0.6169740437158471 0.4339708561020037 0.6192509107468124 0.4351092896174864 0.6206739526411659 0.4362477231329691 0.6223816029143898 0.4379553734061931 0.6246584699453552 0.44023224043715853 0.6269353369763206 0.4427937158469946 0.628358378870674 0.4445013661202186 0.6286429872495447 0.445924408014572 0.6272199453551913 0.44734744990892533 0.6243738615664846 0.44677823315118403 0.6206739526411659 0.4445013661202186 0.6175432604735884 0.4425091074681239
0 0.5404143897996357 0.4669854280510019 0.5332991803278689 0.4709699453551913 0.5310223132969035 0.472962204007286 0.5284608378870674 0.4752390710382514 0.5256147540983608 0.4778005464480875 0.523622495446266 0.4789389799635702 0.5230532786885246 0.4769467213114755 0.524476320582878 0.47495446265938074 0.526183970856102 0.47239298724954465 0.5281762295081968 0.4698315118397086 0.5304530965391622 0.4678392531876139 0.5335837887067396 0.46641621129326055 0.5361452641165756 0.46499316939890717 0.5384221311475411 0.4632855191256831 0.5404143897996357 0.4624316939890711 0.5421220400728598 0.4612932604735884 0.5438296903460837 0.4610086520947177 0.5438296903460837 0.4635701275045538
0 0.46670081967213123 0.42144808743169404 0.471254553734062 0.4288479052823316 0.4726775956284153 0.43140938069216767 0.4752390710382514 0.43454007285974505 0.47609289617486344 0.43596311475409844 0.4769467213114755 0.4379553734061931 0.47723132969034615 0.44023224043715853 0.4766621129326048 0.4416552823315119 0.47324681238615673 0.4416552823315119 0.4709699453551913 0.4405168488160292 0.46869307832422596 0.4396630236794172 0.4661316029143899 0.4379553734061931 0.4638547358834245 0.4356785063752277 0.4624316939890711 0.4336862477231331 0.4610086520947177 0.431124772313297 0.4601548269581057 0.42770947176684887 0.45958561020036437 0.4240095628415301 0.458162568306011 0.4200250455373407 0.45702413479052834 0.4163251366120219 0.4556010928961749 0.4134790528233152 0.4541780510018215 0.41177140255009115 0.4547472677595629 0.41006375227686714 0.45702413479052834 0.40920992714025506 0.45901639344262296 0.4089253187613844 0.4612932604735884 0.4109175774134791 0.46300091074681243 0.41290983606557385 0.46499316939890717 0.4154713114754099
0 0.9593579234972679 0.34631147540983614 0.9533811475409837 0.33777322404371596 0.951388888888889 0.33549635701275055 0.9493966302367942 0.33321948998178513 0.9468351548269581 0.3309426229508198 0.9454121129326047 0.3292349726775957 0.9468351548269581 0.32838114754098363 0.9485428051001822 0.32809653916211295 0.9522427140255009 0.3295195810564664 0.9548041894353371 0.33122723132969045 0.9567964480874317 0.3326502732240438 0.9590733151183971 0.33492714025500914 0.9624886156648452 0.33862704918032793 0.9639116575591985 0.341188524590164 0.9653346994535519 0.3443192167577414 0.9664731329690347 0.3483037340619308 0.9673269581056466 0.3511498178506376 0.967042349726776 0.3539959016393443 0.9656193078324227 0.355134335154827 0.9627732240437159 0.352572859744991 0.9602117486338798 0.34915755919854286
0 0.5640368852459017 0.1724157559198543 0.552367941712204 0.1769694899817851 0.5500910746812387 0.17867714025500916 0.5483834244080146 0.17981557377049187 0.5461065573770493 0.18095400728597452 0.5429758652094718 0.18180783242258655 0.5395605646630237 0.18180783242258655 0.5369990892531876 0.18180783242258655 0.5355760473588342 0.18180783242258655 0.535860655737705 0.17981557377049187 0.5381375227686703 0.17782331511839714 0.5406989981785064 0.17611566484517308 0.5438296903460837 0.17469262295081972 0.5472449908925319 0.1729849726775957 0.5520833333333335 0.17099271402550095 0.5560678506375228 0.1692850637522769 0.5594831511839709 0.16757741347905286 0.5634676684881603 0.16586976320582883 0.5668829690346084 0.16473132969034615 0.5714367030965393 0.16330828779599274 0.5745673952641166 0.16273907103825141 0.5745673952641166 0.16586976320582883 0.5714367030965393 0.16786202185792354 0.5668829690346084 0.1704234972677596
0 0.7083333333333334 0.18835382513661206 0.7114640255009108 0.19803051001821498 0.7123178506375228 0.20059198542805104 0.7134562841530055 0.20258424408014578 0.7145947176684883 0.2051457194899818 0.7151639344262295 0.20770719489981787 0.7151639344262295 0.2096994535519126 0.7126024590163935 0.21140710382513667 0.7103255919854281 0.21055327868852464 0.7089025500910747 0.2085610200364299 0.7077641165755921 0.20599954462659384 0.70691029143898 0.20315346083788713 0.706056466302368 0.20059198542805104 0.7054872495446266 0.19660746812386162 0.7049180327868853 0.19347677595628418 0.7049180327868853 0.1914845173041895 0.704348816029144 0.1889230418943534 0.704348816029144 0.18721539162112938
0 0.9713114754098361 0.19746129326047365 0.9664731329690347 0.19489981785063756 0.9647654826958106 0.19290755919854286 0.9641962659380693 0.1914845173041895 0.9627732240437159 0.18863843351548273 0.9616347905282332 0.18636156648451735 0.9602117486338798 0.1843693078324226 0.9579348816029145 0.18294626593806926 0.9562272313296903 0.1815232240437159 0.9553734061930784 0.18010018214936252 0.9573656648451732 0.1792463570127505 0.9599271402550091 0.18066939890710387 0.9622040072859745 0.1815232240437159 0.96448087431694 0.18294626593806926 0.966188524590164 0.184938524590164 0.9673269581056466 0.1869307832422587 0.9684653916211293 0.18863843351548273 0.9704576502732241 0.1903460837887068 0.9724499089253188 0.1914845173041895 0.9738729508196722 0.19262295081967215 0.9755806010928961 0.19404599271402556 0.9772882513661203 0.19660746812386162 0.9787112932604737 0.198884335154827 0.9789959016393442 0.20087659380692174 0.9758652094717669 0.20144581056466307
0 0.9926571038251366 0.11321721311475415 0.9841188524590164 0.11350182149362481 0.9821265938069217 0.11407103825136616 0.9787112932604737 0.11549408014571955 0.9758652094717669 0.11606329690346089 0.9741575591985429 0.11663251366120224 0.9730191256830601 0.11321721311475415 0.9755806010928961 0.11179417122040076 0.9784266848816029 0.11122495446265943 0.9824112021857924 0.11037112932604741 0.9844034608378871 0.10951730418943538 0.9878187613843352 0.10866347905282336 0.9906648451730419 0.1083788706739527 0.9935109289617486 0.10809426229508201 0.9955031876138434 0.10780965391621135 0.9977800546448088 0.10894808743169403 0.9980646630236795 0.11037112932604741 0.9969262295081968 0.1126479963570128
0 0.7407786885245903 0.08447176684881609 0.7194330601092898 0.08532559198542809 0.7177254098360656 0.08532559198542809 0.7154485428051003 0.08475637522768675 0.7154485428051003 0.08333333333333338 0.7163023679417122 0.08134107468123866 0.720002276867031 0.08020264116575597 0.7259790528233151 0.08020264116575597 0.7305327868852459 0.08048724954462665 0.7328096539162113 0.08048724954462665 0.7456170309653917 0.07963342440801462 0.7493169398907104 0.07963342440801462 0.7507399817850637 0.08077185792349731 0.7510245901639345 0.08247950819672135 0.746186247723133 0.08447176684881609
0 0.586520947176685 0.06084927140255014 0.577698087431694 0.0591416211293261 0.5728597449908926 0.05885701275045542 0.5683060109289618 0.05885701275045542 0.5654599271402551 0.05885701275045542 0.5626138433515483 0.058287795992714074 0.5589139344262295 0.05743397085610205 0.5560678506375228 0.05601092896174868 0.5535063752276869 0.05515710382513666 0.5537909836065574 0.052880236794171274 0.5566370673952642 0.05231102003642992 0.5620446265938069 0.05231102003642992 0.5660291438979964 0.0525956284153006 0.5702982695810566 0.052880236794171274 0.575136612021858 0.0537340619307833 0.5788365209471767 0.054303278688524644 0.5833902550091075 0.05515710382513666 0.5870901639344264 0.055726320582878006 0.5905054644808744 0.05629553734061935 0.5922131147540984 0.057149362477231375 0.5927823315118398 0.05857240437158475 0.5910746812386157 0.060564663023679466
0 0.6623489776951673 0.1072451982651797 0.6608000309789344 0.10879414498141267 0.660219175960347 0.10995585501858737 0.6600255576208179 0.11227927509293682 0.6600255576208179 0.11460269516728626 0.6600255576208179 0.11615164188351922 0.660219175960347 0.1178942069392813 0.6611872676579925 0.12002400867410162 0.66176812267658 0.12215381040892195 0.6623489776951673 0.12447723048327139 0.6631234510532839 0.12699426889714996 0.6640915427509294 0.1293176889714994 0.6648660161090459 0.1322219640644362 0.665059634448575 0.13454538413878567 0.661961741016109 0.13435176579925653 0.6592510842627014 0.1322219640644362 0.657121282527881 0.1293176889714994 0.6563468091697646 0.12602617719950435 0.6563468091697646 0.12254104708798019 0.6563468091697646 0.11886229863692692 0.6563468091697646 0.11595802354399011 0.6567340458488229 0.11324736679058242 0.6569276641883519 0.11073032837670385 0.6563468091697646 0.10860052664188354 0.6555723358116481 0.10666434324659234 0.6553787174721191 0.1043409231722429 0.6553787174721191 0.10201750309789345 0.6557659541511772 0.0995004646840149 0.6563468091697646 0.0977578996282528 0.6569276641883519 0.09620895291201985 0.6575085192069393 0.094853624535316 0.6592510842627014 0.09407915117719952 0.6608000309789344 0.09524086121437425 0.6608000309789344 0.09756428128872369 0.6609936493184635 0.099694083023544 0.66176812267658 0.10085579306071873 0.6625425960346963 0.10259835811648081 0.6629298327137546 0.10472815985130114
0 0.673038766788767 0.2720161782661783 0.6768543956043958 0.2849893162393162 0.6779990842490843 0.28918650793650796 0.679143772893773 0.2918574481074481 0.6799068986568988 0.29529151404151405 0.6799068986568988 0.29719932844932845 0.6776175213675214 0.29987026862026867 0.6738018925518927 0.29987026862026867 0.6718940781440782 0.2983440170940171 0.6722756410256411 0.28766025641025644 0.6718940781440782 0.2830815018315019 0.6711309523809524 0.2792658730158731 0.6669337606837609 0.2670558608058608 0.6665521978021979 0.26438492063492064 0.6673153235653236 0.2617139804639805 0.6696047008547009 0.26056929181929184 0.6722756410256411 0.26209554334554336 0.6741834554334555 0.2647664835164835
0 0.4655375800471857 0.8093191776204921 0.47301567239635994 0.8139534883720929 0.47807128412537914 0.8196410515672397 0.49049966295921804 0.8294362992922143 0.4958712504213009 0.8342812605325244 0.49207954162453654 0.8344919110212335 0.48175766767778894 0.8296469497809233 0.4724890461745871 0.8219582069430401 0.46638018200202225 0.8141641388608021
