1 0.3175200803212851 0.3865461847389558 0.30904869477911645 0.38183985943775095 0.3008910642570281 0.3768197791164658 0.29806726907630515 0.37525100401606426 0.29618473895582326 0.37274096385542166 0.2952434738955823 0.3699171686746988 0.2952434738955823 0.3664658634538152 0.2952434738955823 0.363328313253012 0.2952434738955823 0.3601907630522088 0.29555722891566266 0.35705321285140557 0.29649849397590355 0.35360190763052207 0.29806726907630515 0.3504643574297189 0.2996360441767068 0.3479543172690763 0.301832329317269 0.3454442771084337 0.30465612449799195 0.34387550200803213 0.30747991967871485 0.34262048192771083 0.3103037148594377 0.3416792168674698 0.3175200803212851 0.34073795180722893 0.3234814257028112 0.3391691767068273 0.32505020080321284 0.3385416666666667 0.3269327309236948 0.3385416666666667 0.32975652610441764 0.3388554216867469 0.3328940763052209 0.33979668674698793 0.3360316265060241 0.34136546184738953 0.3391691767068273 0.3435617469879518 0.3416792168674698 0.3451305220883534 0.3451305220883534 0.3463855421686747 0.347640562248996 0.346699297188755 0.3504643574297189 0.347640562248996 0.35360190763052207 0.3488955823293172 0.3561119477911647 0.3501506024096385 0.3583082329317269 0.3514056224899598 0.36113202811244977 0.35360190763052207 0.3630145582329317 0.3557981927710843 0.3664658634538152 0.3583082329317269 0.3705446787148594 0.3601907630522088 0.3733684738955823 0.3614457831325301 0.37430973895582326 0.3630145582329317 0.37462349397590355 0.36521084337349397 0.37462349397590355 0.3677208835341365 0.37462349397590355 0.37023092369477906 0.3739959839357429 0.37274096385542166 0.37274096385542166 0.37556475903614456 0.3724272088353413 0.3774472891566265 0.37117218875502006 0.38121234939759036 0.3699171686746988 0.38372238955823285 0.3692896586345381 0.3852911646586345 0.3677208835341365 0.3874874497991968 0.3658383534136546 0.3893699799196787 0.36270080321285136 0.3909387550200803 0.3601907630522088 0.3925075301204819 0.3573669678714859 0.3934487951807229 0.3542294176706827 0.3940763052208835 0.35109186746987947 0.39439006024096385 0.347640562248996 0.39439006024096385 0.3445030120481928 0.39439006024096385 0.34136546184738953 0.3934487951807229 0.3391691767068273 0.39282128514056225 0.33540411646586343 0.3915662650602409 0.33258032128514053 0.3909387550200803 0.32975652610441764 0.39031124497991965 0.3259914658634538 0.3893699799196787 0.32222640562248994 0.3881149598393574
1 0.39313504016064255 0.2877133534136546 0.398468875502008 0.2864583333333333 0.4016064257028112 0.2864583333333333 0.4050577309236948 0.2867720883534136 0.40882279116465864 0.28739959839357426 0.41196034136546184 0.28802710843373497 0.4157254016064257 0.2883408634538152 0.41949046184738953 0.28990963855421686 0.423883032128514 0.2927334337349397 0.4270205823293172 0.2952434738955823 0.4298443775100401 0.29806726907630515 0.43329568273092367 0.3008910642570281 0.43517821285140557 0.30371485943775095 0.4383157630522088 0.30622489959839355 0.440512048192771 0.30779367469879515 0.44239457831325296 0.3084211847389558 0.4439633534136546 0.3099899598393574 0.4458458835341365 0.31312751004016065 0.4471009036144578 0.3153237951807229 0.44835592369477906 0.31814759036144574 0.4499246987951807 0.32097138554216864 0.4514934738955823 0.32379518072289154 0.45274849397590355 0.3259914658634538 0.45431726907630515 0.3285015060240964 0.4555722891566265 0.33069779116465864 0.4549447791164658 0.3328940763052209 0.45368975903614456 0.3344628514056225 0.4518072289156626 0.3363453815261044 0.4489834337349397 0.337914156626506 0.4464733935742971 0.3394829317269076 0.4445908634538152 0.34011044176706823 0.44239457831325296 0.34136546184738953 0.44019829317269077 0.3451305220883534 0.43925702811244977 0.346699297188755 0.4373744979919678 0.34858182730923687 0.43611947791164657 0.3495230923694779 0.4345507028112449 0.3495230923694779 0.4323544176706827 0.3498368473895582 0.4295306224899598 0.3504643574297189 0.4260793172690763 0.3507781124497992 0.4226280120481928 0.3507781124497992 0.4201179718875502 0.3507781124497992 0.4172941767068273 0.3504643574297189 0.41478413654618473 0.3498368473895582 0.4116465863453815 0.34858182730923687 0.40882279116465864 0.3479543172690763 0.4059989959839357 0.346699297188755 0.40348895582329314 0.345758032128514 0.4016064257028112 0.3451305220883534 0.39878263052208834 0.34387550200803213 0.3950175702811245 0.3416792168674698 0.3915662650602409 0.34011044176706823 0.38874246987951805 0.3385416666666667 0.3868599397590361 0.33697289156626503 0.3852911646586345 0.3347766064257028 0.38278112449799195 0.33069779116465864 0.38183985943775095 0.3275602409638554 0.38152610441767065 0.32410893574297184 0.38121234939759036 0.32097138554216864 0.3805848393574297 0.31783383534136544 0.3805848393574297 0.31469628514056225 0.38089859437751 0.311558734939759 0.38089859437751 0.30967620481927705 0.38183985943775095 0.30622489959839355 0.3821536144578313 0.3040286144578313 0.3821536144578313 0.3012048192771084 0.3824673694779116 0.29900853413654616 0.38309487951807225 0.29618473895582326 0.3840361445783132 0.2943022088353413 0.3881149598393574 0.2924196787148594 0.39031124497991965 0.2895958835341365
1 0.48945783132530113 0.2908509036144578 0.4856927710843373 0.2820657630522088 0.4850652610441767 0.2801832329317269 0.4838102409638554 0.2779869477911647 0.48286897590361444 0.2757906626506024 0.4825552208835341 0.2739081325301205 0.4822414658634538 0.2710843373493976 0.48192771084337344 0.2688880522088353 0.48192771084337344 0.2663780120481928 0.48161395582329314 0.2641817269076305 0.48286897590361444 0.2610441767068273 0.4838102409638554 0.25853413654618473 0.4850652610441767 0.2566516064257028 0.4872615461847389 0.25571034136546184 0.48945783132530113 0.25414156626506024 0.4910266064257028 0.25320030120481923 0.494164156626506 0.2522590361445783 0.4982429718875502 0.2522590361445783 0.5032630522088353 0.25194528112449793 0.5067143574297188 0.25037650602409633 0.5092243975903614 0.2491214859437751 0.5120481927710843 0.24880773092369476 0.5161270080321284 0.24943524096385541 0.5198920682730923 0.251004016064257 0.5224021084337349 0.25257279116465864 0.5249121485943775 0.2547690763052209 0.52742218875502 0.2566516064257028 0.530245983935743 0.2594754016064257 0.5324422690763052 0.2622991967871486 0.5336972891566264 0.2648092369477911 0.5346385542168675 0.2679467871485944 0.5358935742971888 0.2707705823293172 0.5365210843373494 0.2732806224899598 0.53714859437751 0.2761044176706827 0.5374623493975903 0.27955572289156627 0.5377761044176707 0.28269327309236947 0.5377761044176707 0.2848895582329317 0.5377761044176707 0.2883408634538152 0.53714859437751 0.2911646586345381 0.5365210843373494 0.29461596385542166 0.5355798192771084 0.29712600401606426 0.5340110441767068 0.30026355421686746 0.5330697791164658 0.30214608433734935 0.5318147590361445 0.30371485943775095 0.5286772088353413 0.3052836345381526 0.5258534136546185 0.3059111445783132 0.5217745983935742 0.3068524096385542 0.5180095381526104 0.30716616465863456 0.5129894578313252 0.30810742971887545 0.5085968875502007 0.3084211847389558 0.5051455823293173 0.30904869477911645 0.502949297188755 0.30904869477911645 0.5004392570281124 0.30810742971887545 0.4982429718875502 0.30622489959839355 0.49604668674698793 0.30465612449799195 0.49447791164658633 0.30214608433734935 0.493222891566265 0.30026355421686746 0.4916541164658634 0.29712600401606426
1 0.5936244979919678 0.22841365461847388 0.589859437751004 0.22402108433734938 0.5892319277108433 0.22245230923694775 0.5876631526104418 0.2202560240963855 0.5864081325301205 0.21774598393574296 0.5845256024096385 0.21492218875502006 0.5823293172690762 0.21178463855421684 0.580133032128514 0.2095883534136546 0.5779367469879517 0.2064508032128514 0.5760542168674699 0.20268574297188752 0.5744854417670683 0.1979794176706827 0.5738579317269076 0.1932730923694779 0.5738579317269076 0.18856676706827308 0.5744854417670683 0.1860567269076305 0.5763679718875501 0.18229166666666663 0.5782505020080321 0.1800953815261044 0.5807605421686746 0.1788403614457831 0.5842118473895581 0.17789909638554216 0.5870356425702811 0.17633032128514053 0.588918172690763 0.1753890562248996 0.5920557228915662 0.1744477911646586 0.5936244979919678 0.1741340361445783 0.5980170682730923 0.1741340361445783 0.6011546184738955 0.1741340361445783 0.6042921686746987 0.1744477911646586 0.6077434738955823 0.17601656626506024 0.6105672690763052 0.17789909638554216 0.6127635542168675 0.17978162650602408 0.6149598393574297 0.18197791164658633 0.617156124497992 0.18480170682730923 0.6199799196787148 0.18825301204819275 0.6224899598393574 0.19233182730923692 0.6243724899598393 0.19609688755020077 0.6262550200803213 0.19986194779116465 0.6278237951807228 0.20299949799196784 0.6293925702811245 0.2064508032128514 0.6303338353413654 0.21052961847389556 0.6312751004016063 0.21429467871485944 0.631902610441767 0.21774598393574296 0.631902610441767 0.22119728915662648 0.6312751004016063 0.22464859437751003 0.6290788152610441 0.22809989959839355 0.6271962851405621 0.2315512048192771 0.6256275100401606 0.23437499999999997 0.6228037148594378 0.23563002008032127 0.6206074297188754 0.23594377510040157 0.617156124497992 0.23531626506024095 0.6137048192771084 0.23468875502008033 0.6111947791164659 0.23406124497991965 0.6071159638554217 0.23406124497991965 0.6005271084337349 0.23374748995983935 0.5964482931726907 0.23186495983935743
1 0.41478413654618473 0.20739206827309237 0.407254016064257 0.20017570281124497 0.4059989959839357 0.19860692771084337 0.40380271084337344 0.19641064257028112 0.40223393574297184 0.19421435742971885 0.40035140562248994 0.19233182730923692 0.398468875502008 0.19013554216867468 0.397527610441767 0.18762550200803213 0.3965863453815261 0.1844879518072289 0.39627259036144574 0.181664156626506 0.3969001004016064 0.17821285140562246 0.3981551204819277 0.17601656626506024 0.3997238955823293 0.17476154618473894 0.40223393574297184 0.173820281124498 0.40474397590361444 0.17193775100401607 0.40819528112449793 0.17005522088353411 0.41039156626506024 0.16911395582329317 0.4132153614457831 0.1681726907630522 0.4169804216867469 0.16723142570281124 0.4204317269076305 0.16660391566265056 0.4235692771084337 0.16629016064257027 0.4270205823293172 0.16629016064257027 0.4301581325301205 0.16629016064257027 0.4329819277108433 0.16629016064257027 0.4358057228915662 0.16597640562248994 0.4386295180722891 0.16566265060240962 0.44082580321285136 0.16534889558232932 0.44427710843373486 0.16597640562248994 0.44678714859437746 0.16723142570281124 0.44929718875502006 0.16880020080321284 0.4521209839357429 0.17005522088353411 0.45431726907630515 0.1709964859437751 0.45714106425702805 0.1722515060240964 0.45933734939759036 0.17350652610441764 0.46184738955823285 0.1757028112449799 0.46247489959839355 0.1772715863453815 0.46278865461847385 0.17978162650602408 0.46435742971887545 0.1832329317269076 0.46529869477911645 0.18699799196787145 0.46592620481927705 0.18982178714859438 0.4665537148594377 0.1920180722891566 0.46718122489959835 0.19421435742971885 0.46718122489959835 0.19578313253012045 0.46718122489959835 0.1976656626506024 0.4665537148594377 0.19954819277108432 0.46592620481927705 0.20143072289156624 0.4649849397590361 0.2036270080321285 0.4634161646586345 0.20582329317269074 0.46184738955823285 0.20833333333333331 0.46027861445783125 0.2108433734939759 0.45870983935742965 0.21303965863453814 0.4565135542168674 0.21460843373493974 0.4546310240963855 0.2155496987951807 0.45274849397590355 0.21586345381526104 0.44961094377510036 0.21649096385542166 0.4464733935742971 0.2171184738955823 0.441453313253012 0.21805973895582328 0.4380020080321285 0.21837349397590358 0.43517821285140557 0.21837349397590358 0.43172690763052207 0.2171184738955823 0.4276480923694779 0.2155496987951807 0.42513805220883527 0.21429467871485944 0.4226280120481928 0.2127259036144578 0.4198042168674698 0.2108433734939759
1 0.26261295180722893 0.25131777108433734 0.2641817269076305 0.24535642570281124 0.2670055220883534 0.24347389558232932 0.268574297188755 0.24284638554216864 0.2701430722891566 0.24253263052208834 0.2717118473895582 0.24159136546184737 0.2742218875502008 0.2403363453815261 0.2761044176706827 0.23939508032128512 0.27861445783132527 0.23876757028112447 0.28112449799196787 0.23814006024096382 0.28394829317269077 0.2378263052208835 0.2864583333333333 0.2378263052208835 0.28896837349397586 0.2378263052208835 0.29210592369477906 0.23845381526104417 0.294929718875502 0.23970883534136542 0.2968122489959839 0.24065010040160642 0.2996360441767068 0.24221887550200802 0.30151857429718876 0.24378765060240962 0.30371485943775095 0.24567018072289154 0.3059111445783132 0.2478664658634538 0.30779367469879515 0.2497489959839357 0.3099899598393574 0.2522590361445783 0.3118724899598393 0.25414156626506024 0.31375502008032125 0.25602409638554213 0.3153237951807229 0.2579066265060241 0.3168925702811245 0.259789156626506 0.3184613453815261 0.26135793172690763 0.320343875502008 0.26324046184738953 0.32222640562248994 0.26449548192771083 0.3259914658634538 0.2679467871485944 0.3275602409638554 0.270456827309237 0.32818775100401604 0.2735943775100401 0.3278739959839357 0.2779869477911647 0.32567771084337344 0.28143825301204817 0.3234814257028112 0.2836345381526104 0.3215988955823293 0.2848895582329317 0.31940261044176704 0.28551706827309237 0.31657881526104414 0.28583082329317266 0.31375502008032125 0.28614457831325296 0.3103037148594377 0.28551706827309237 0.30747991967871485 0.28457580321285136 0.3052836345381526 0.284262048192771 0.30340110441767065 0.28457580321285136 0.301832329317269 0.2848895582329317 0.2996360441767068 0.285203313253012 0.29649849397590355 0.28551706827309237 0.2936746987951807 0.2848895582329317 0.2895958835341365 0.28269327309236947 0.2877133534136546 0.2817520080321285 0.285203313253012 0.28112449799196787 0.2820657630522088 0.27986947791164657 0.2801832329317269 0.27861445783132527 0.2779869477911647 0.2767319277108433 0.2767319277108433 0.27453564257028107 0.2751631526104417 0.2717118473895582 0.2739081325301205 0.2701430722891566 0.2713980923694779 0.268574297188755 0.2688880522088353 0.2663780120481928 0.2663780120481928 0.2635542168674699 0.2648092369477911 0.2607304216867469 0.26324046184738953 0.2582203815261044 0.2622991967871486 0.2553965863453815
1 0.7028112449799196 0.3215988955823293 0.6971636546184737 0.3168925702811245 0.6921435742971888 0.3118724899598393 0.689633534136546 0.3087349397590361 0.6880647590361445 0.30622489959839355 0.6871234939759036 0.3043423694779116 0.6864959839357428 0.30277359437751 0.6852409638554217 0.30057730923694775 0.6842996987951807 0.29869477911646586 0.68367218875502 0.29649849397590355 0.6830446787148594 0.29461596385542166 0.6827309236947791 0.2927334337349397 0.6827309236947791 0.2895958835341365 0.6833584337349397 0.28802710843373497 0.6849272088353413 0.2864583333333333 0.6864959839357428 0.285203313253012 0.6883785140562249 0.28457580321285136 0.6902610441767068 0.2836345381526104 0.6921435742971888 0.2817520080321285 0.6937123493975903 0.27892821285140557 0.6949673694779116 0.27704568273092367 0.6965361445783133 0.27547690763052207 0.6981049196787148 0.27453564257028107 0.6999874497991968 0.2742218875502008 0.7031249999999999 0.2739081325301205 0.7053212851405621 0.2739081325301205 0.7084588353413654 0.2739081325301205 0.710027610441767 0.27453564257028107 0.7122238955823293 0.27547690763052207 0.7147339357429718 0.2767319277108433 0.716930220883534 0.2776731927710843 0.7194402610441767 0.2792419678714859 0.7216365461847388 0.28049698795180716 0.7241465863453815 0.2820657630522088 0.7269703815261044 0.2836345381526104 0.7291666666666665 0.285203313253012 0.7313629518072289 0.28708584337349397 0.7335592369477911 0.28896837349397586 0.7357555220883534 0.2908509036144578 0.7376380522088353 0.2927334337349397 0.7407756024096385 0.29618473895582326 0.7426581325301205 0.29869477911646586 0.7445406626506023 0.301832329317269 0.7461094377510039 0.3040286144578313 0.747050702811245 0.30653865461847385 0.7479919678714858 0.30904869477911645 0.7483057228915662 0.311558734939759 0.7479919678714858 0.3128137550200803 0.7473644578313253 0.31469628514056225 0.7457956827309237 0.3172063253012048 0.744226907630522 0.31908885542168675 0.7423443775100401 0.32065763052208834 0.7407756024096385 0.32254016064257024 0.7388930722891566 0.32316767068273095 0.735441767068273 0.32410893574297184 0.7323042168674697 0.32567771084337344 0.7304216867469879 0.3269327309236948 0.7294804216867469 0.3288152610441767 0.7282254016064257 0.3310115461847389 0.7263428714859437 0.3319528112449799 0.7235190763052208 0.3319528112449799 0.7203815261044176 0.3316390562248996 0.7184989959839356 0.3310115461847389 0.7159889558232931 0.32975652610441764 0.7131651606425702 0.3285015060240964 0.7103413654618473 0.32724648594377503 0.7078313253012047 0.32630522088353414 0.7050075301204818 0.32473644578313254
1 0.675828313253012 0.2478664658634538 0.6682981927710843 0.24535642570281124 0.6657881526104418 0.24410140562248994 0.6635918674698794 0.24253263052208834 0.6607680722891566 0.23970883534136542 0.658258032128514 0.2362575301204819 0.657316767068273 0.23217871485943772 0.6570030120481928 0.22778614457831325 0.6566892570281124 0.22527610441767065 0.6544929718875501 0.21837349397590358 0.6538654618473896 0.21460843373493974 0.6538654618473896 0.2099021084337349 0.6541792168674697 0.20488202811244977 0.6557479919678714 0.2020582329317269 0.657316767068273 0.199234437751004 0.6585717871485943 0.19641064257028112 0.6591992971887549 0.19452811244979917 0.6617093373493976 0.1917043172690763 0.6635918674698794 0.1891942771084337 0.666101907630522 0.18637048192771083 0.6686119477911646 0.18417419678714858 0.6704944779116465 0.18229166666666663 0.6726907630522088 0.1804091365461847 0.6752008032128514 0.1788403614457831 0.6777108433734939 0.17758534136546184 0.6805346385542168 0.17695783132530118 0.6833584337349397 0.17664407630522086 0.6864959839357428 0.17664407630522086 0.6899472891566264 0.17664407630522086 0.6927710843373494 0.1772715863453815 0.695281124497992 0.17852660642570278 0.6977911646586344 0.1800953815261044 0.7006149598393574 0.18229166666666663 0.7021837349397589 0.18386044176706826 0.704066265060241 0.18542921686746985 0.7062625502008031 0.18762550200803213 0.7072038152610441 0.1891942771084337 0.7084588353413654 0.19076305220883533 0.709086345381526 0.19264558232931725 0.7094001004016063 0.19452811244979917 0.7097138554216866 0.19609688755020077 0.710027610441767 0.19860692771084337 0.7103413654618473 0.20174447791164657 0.710027610441767 0.20425451807228914 0.710027610441767 0.20707831325301204 0.710027610441767 0.21052961847389556 0.7097138554216866 0.21366716867469876 0.7097138554216866 0.21649096385542166 0.7094001004016063 0.21900100401606426 0.7081450803212851 0.22245230923694775 0.7068900602409638 0.22558985943775098 0.7053212851405621 0.22809989959839355 0.7034387550200802 0.23092369477911642 0.7018699799196786 0.23343373493975902 0.6999874497991968 0.23468875502008033 0.6971636546184737 0.23719879518072287 0.6946536144578312 0.2390813253012048 0.692457329317269 0.24159136546184737 0.6908885542168673 0.24378765060240962 0.6883785140562249 0.2462976907630522 0.6864959839357428 0.24723895582329317 0.6833584337349397 0.24818022088353411 0.6808483935742972 0.24818022088353411
1 0.4706325301204819 0.1242469879518072 0.4649849397590361 0.12142319277108432 0.46278865461847385 0.11922690763052209 0.46184738955823285 0.11765813253012047 0.46121987951807225 0.11483433734939759 0.46090612449799195 0.11232429718875502 0.4605923694779116 0.10981425702811244 0.46121987951807225 0.10730421686746987 0.46247489959839355 0.1047941767068273 0.46372991967871485 0.10259789156626506 0.4662399598393574 0.10071536144578312 0.46937751004016065 0.09914658634538152 0.4734563253012048 0.09695030120481926 0.4737700803212851 0.09506777108433734 0.4750251004016064 0.09318524096385541 0.47628012048192764 0.0916164658634538 0.47784889558232924 0.09067520080321284 0.4797314257028112 0.09036144578313253 0.48192771084337344 0.08973393574297188 0.48349648594377503 0.08973393574297188 0.4856927710843373 0.08942018072289155 0.4885165662650602 0.08910642570281123 0.4913403614457831 0.08910642570281123 0.49447791164658633 0.08910642570281123 0.4973017068273092 0.0900476907630522 0.4998117469879518 0.09098895582329317 0.5026355421686747 0.09255773092369476 0.5045180722891566 0.09381275100401607 0.5076556224899598 0.09538152610441766 0.510793172690763 0.09726405622489959 0.5136169678714859 0.09851907630522087 0.5164407630522088 0.10008785140562249 0.518637048192771 0.1016566265060241 0.5208333333333333 0.10353915662650602 0.5230296184738955 0.10542168674698794 0.5252259036144579 0.10730421686746987 0.5277359437751004 0.10981425702811244 0.5296184738955823 0.11201054216867469 0.530245983935743 0.11420682730923694 0.5311872489959839 0.11703062248995982 0.5311872489959839 0.1195406626506024 0.5311872489959839 0.12236445783132528 0.5308734939759036 0.12581576305220882 0.5286772088353413 0.1283258032128514 0.5255396586345381 0.1311495983935743 0.5220883534136546 0.1333458835341365 0.5180095381526104 0.13491465863453814 0.5139307228915662 0.1358559236947791 0.5095381526104418 0.13616967871485944 0.5064006024096385 0.13616967871485944 0.5026355421686747 0.1358559236947791 0.4991842369477911 0.1346009036144578 0.4938504016064257 0.1333458835341365 0.48788905622489953 0.13209086345381524 0.48443775100401604 0.13083584337349397 0.48130020080321284 0.1295808232931727 0.47722138554216864 0.12769829317269074
1 0.6846134538152611 0.08973393574297188 0.6871234939759036 0.08502761044176706 0.6890060240963856 0.08220381526104417 0.6918298192771084 0.08000753012048192 0.6940261044176705 0.07906626506024096 0.6965361445783133 0.07875251004016064 0.6999874497991968 0.07843875502008031 0.7046937751004015 0.078125 0.709086345381526 0.07781124497991967 0.7128514056224898 0.07781124497991967 0.7156752008032128 0.07843875502008031 0.7181852409638554 0.08032128514056223 0.7216365461847388 0.08283132530120481 0.7238328313253012 0.08471385542168673 0.7260291164658634 0.08659638554216867 0.7282254016064257 0.08785140562248996 0.7304216867469879 0.08910642570281123 0.7329317269076304 0.09067520080321284 0.7348142570281124 0.09193022088353413 0.7366967871485943 0.09349899598393573 0.738265562248996 0.0944402610441767 0.7439131526104418 0.0988328313253012 0.7448544176706826 0.10071536144578312 0.7461094377510039 0.10353915662650602 0.7467369477911646 0.10573544176706826 0.7473644578313253 0.10887299196787148 0.7476782128514056 0.11138303212851405 0.7479919678714858 0.11420682730923694 0.7479919678714858 0.11608935742971886 0.7476782128514056 0.11828564257028112 0.747050702811245 0.12016817269076305 0.7448544176706826 0.12205070281124497 0.7426581325301205 0.1242469879518072 0.7404618473895581 0.1255020080321285 0.7366967871485943 0.12644327309236947 0.7335592369477911 0.12707078313253012 0.7291666666666665 0.12769829317269074 0.724774096385542 0.12769829317269074 0.7213227911646586 0.12738453815261044 0.7191265060240963 0.12644327309236947 0.7159889558232931 0.12456074297188754 0.7131651606425702 0.12299196787148593 0.7097138554216866 0.12110943775100401 0.7068900602409638 0.11985441767068271 0.7043800200803213 0.11859939759036144 0.7006149598393574 0.11703062248995982 0.6968498995983936 0.1151480923694779 0.692457329317269 0.11295180722891565 0.6890060240963856 0.1107555220883534 0.6877510040160643 0.10824548192771083 0.6868097389558232 0.1063629518072289 0.6858684738955823 0.10353915662650602 0.6852409638554217 0.1016566265060241 0.6849272088353413 0.09946034136546184 0.6846134538152611 0.09663654618473895 0.6842996987951807 0.09381275100401607
1 0.38623242971887545 0.5562876506024096 0.3793298192771084 0.5518950803212851 0.3780747991967871 0.5496987951807228 0.3768197791164658 0.547816265060241 0.3749372489959839 0.5443649598393574 0.37305471887550196 0.5399723895582329 0.3717996987951807 0.5358935742971888 0.3705446787148594 0.5318147590361445 0.36960341365461846 0.5277359437751004 0.3692896586345381 0.5227158634538153 0.3692896586345381 0.518637048192771 0.36960341365461846 0.5136169678714859 0.37023092369477906 0.5089106425702811 0.37117218875502006 0.5054593373493975 0.3724272088353413 0.5026355421686747 0.3733684738955823 0.4998117469879518 0.3749372489959839 0.4957329317269076 0.37619226907630515 0.4925953815261044 0.3774472891566265 0.48945783132530113 0.3790160642570281 0.485379016064257 0.38089859437751 0.4825552208835341 0.3834086345381526 0.47941767068273083 0.38560491967871485 0.476593875502008 0.3868599397590361 0.4750251004016064 0.38905622489959835 0.4737700803212851 0.39188002008032125 0.4725150602409638 0.39470381526104414 0.4722013052208835 0.398468875502008 0.47282881526104414 0.4028614457831325 0.4722013052208835 0.40631275100401604 0.47188755020080314 0.41039156626506024 0.47188755020080314 0.41478413654618473 0.4722013052208835 0.4185491967871486 0.4731425702811245 0.4216867469879518 0.47439759036144574 0.424824297188755 0.47596636546184734 0.4276480923694779 0.4781626506024096 0.4295306224899598 0.48161395582329314 0.4314131526104417 0.485379016064257 0.4323544176706827 0.48945783132530113 0.43329568273092367 0.494164156626506 0.4339231927710843 0.49761546184738953 0.4342369477911646 0.5013805220883534 0.4345507028112449 0.5048318273092369 0.43486445783132527 0.5089106425702811 0.43486445783132527 0.5142444779116465 0.43486445783132527 0.5189508032128514 0.4339231927710843 0.5236571285140562 0.43266817269076296 0.5286772088353413 0.4310993975903614 0.5343247991967871 0.42921686746987947 0.5380898594377509 0.4273343373493975 0.5421686746987951 0.42513805220883527 0.5471887550200802 0.4232555220883534 0.5512675702811245 0.4213729919678714 0.5544051204819277 0.4191767068273092 0.5566014056224898 0.4169804216867469 0.5581701807228915 0.41478413654618473 0.5591114457831325 0.4129016064257028 0.5603664658634538 0.41070532128514053 0.5609939759036143 0.4075677710843373 0.5603664658634538 0.40223393574297184 0.5587976907630522 0.397527610441767 0.5584839357429718 0.3934487951807229 0.5581701807228915
1 0.3159513052208835 0.5613077309236947 0.3125 0.5672690763052208 0.3112449799196787 0.5697791164658634 0.3084211847389558 0.5735441767068272 0.3059111445783132 0.5760542168674699 0.30371485943775095 0.5782505020080321 0.3012048192771084 0.5807605421686746 0.2993222891566265 0.5823293172690762 0.29555722891566266 0.5864081325301205 0.28896837349397586 0.5895456827309237 0.28583082329317266 0.5904869477911646 0.28269327309236947 0.5911144578313253 0.28049698795180716 0.5917419678714858 0.2748493975903614 0.5926832329317269 0.2698293172690763 0.5929969879518071 0.2670055220883534 0.5933107429718875 0.2641817269076305 0.5933107429718875 0.26041666666666663 0.5917419678714858 0.2563378514056225 0.5895456827309237 0.25288654618473894 0.5864081325301205 0.2506902610441767 0.5832705823293173 0.25006275100401604 0.5798192771084337 0.251004016064257 0.5760542168674699 0.25288654618473894 0.5722891566265059 0.2550828313253012 0.5688378514056224 0.2579066265060241 0.5657003012048192 0.2607304216867469 0.5631902610441767 0.2641817269076305 0.5603664658634538 0.2670055220883534 0.5587976907630522 0.269515562248996 0.5569151606425702 0.2717118473895582 0.555660140562249 0.2748493975903614 0.553777610441767 0.2776731927710843 0.5518950803212851 0.28049698795180716 0.5506400602409638 0.2823795180722891 0.5500125502008032 0.28551706827309237 0.5493850401606425 0.2877133534136546 0.5490712851405621 0.29053714859437746 0.5490712851405621 0.2936746987951807 0.5487575301204818 0.2968122489959839 0.5487575301204818 0.3008910642570281 0.547816265060241 0.30340110441767065 0.546875 0.30622489959839355 0.5465612449799196 0.3087349397590361 0.546875 0.311558734939759 0.5481300200803213 0.31406877510040154 0.5493850401606425 0.31626506024096385 0.5506400602409638 0.3175200803212851 0.552836345381526 0.31783383534136544 0.5553463855421686
1 0.5594252008032128 0.6105672690763052 0.5562876506024096 0.6058609437751004 0.5544051204819277 0.598644578313253 0.5544051204819277 0.5961345381526103 0.5544051204819277 0.5936244979919678 0.5550326305220883 0.590800702811245 0.5559738955823293 0.5886044176706826 0.5575426706827309 0.5864081325301205 0.5597389558232931 0.5851531124497992 0.5628765060240963 0.5829568273092369 0.5660140562248995 0.5810742971887549 0.568524096385542 0.5798192771084337 0.5719754016064257 0.5782505020080321 0.5744854417670683 0.5773092369477911 0.5776229919678715 0.5769954819277108 0.5804467871485943 0.5763679718875501 0.5835843373493976 0.5763679718875501 0.5867218875502008 0.5763679718875501 0.589859437751004 0.5763679718875501 0.5923694779116465 0.5766817269076304 0.5948795180722891 0.5776229919678715 0.5973895582329317 0.5788780120481928 0.6008408634538152 0.580133032128514 0.603664658634538 0.5813880522088353 0.6058609437751004 0.582015562248996 0.6074297188755019 0.5829568273092369 0.6108810240963856 0.5842118473895581 0.6146460843373494 0.5851531124497992 0.6165286144578312 0.5857806224899598 0.6177836345381525 0.5873493975903614 0.6180973895582329 0.5895456827309237 0.617156124497992 0.5917419678714858 0.6162148594377509 0.5936244979919678 0.61527359437751 0.5958207831325301 0.6143323293172691 0.5980170682730923 0.613391064257028 0.6002133534136546 0.6124497991967871 0.6020958835341366 0.6093122489959839 0.6074297188755019 0.6039784136546184 0.6137048192771084 0.6020958835341366 0.61527359437751 0.6002133534136546 0.6168423694779116 0.5983308232931727 0.6174698795180722 0.5964482931726907 0.6184111445783133 0.5926832329317269 0.6187248995983936 0.5876631526104418 0.6187248995983936 0.5823293172690762 0.6187248995983936 0.5785642570281124 0.6184111445783133 0.5763679718875501 0.6180973895582329 0.5732304216867469 0.617156124497992 0.5691516064257027 0.6159011044176705 0.5672690763052208 0.61527359437751 0.5650727911646586 0.6140185742971888
1 0.3517193775100401 0.6811621485943775 0.3576807228915662 0.6739457831325301 0.35862198795180716 0.6723770080321285 0.3598770080321285 0.6704944779116465 0.3617595381526104 0.6682981927710843 0.36364206827309237 0.6664156626506023 0.3658383534136546 0.6645331325301205 0.36834839357429716 0.6620230923694778 0.3708584337349397 0.6595130522088353 0.37368222891566266 0.6570030120481928 0.3768197791164658 0.6538654618473896 0.37870230923694775 0.6522966867469879 0.38121234939759036 0.6513554216867469 0.3834086345381526 0.6513554216867469 0.38717369477911645 0.6522966867469879 0.39031124497991965 0.6535517068273092 0.39282128514056225 0.6541792168674697 0.3956450803212851 0.6544929718875501 0.39941014056224894 0.6551204819277108 0.4016064257028112 0.6563755020080321 0.40317520080321284 0.6588855421686746 0.4041164658634538 0.6620230923694778 0.4050577309236948 0.6651606425702811 0.4056852409638554 0.6679844377510039 0.4056852409638554 0.6711219879518071 0.40537148594377503 0.6745732931726907 0.4050577309236948 0.6783383534136546 0.4041164658634538 0.681789658634538 0.40348895582329314 0.6839859437751004 0.40192018072289154 0.6868097389558232 0.4000376506024096 0.6899472891566264 0.39878263052208834 0.6918298192771084 0.3953313253012048 0.6955948795180722 0.39219377510040154 0.6984186746987951 0.3865461847389558 0.704066265060241 0.37556475903614456 0.7128514056224898 0.37305471887550196 0.7150476907630522 0.3705446787148594 0.7172439759036143 0.3689759036144578 0.7181852409638554 0.3658383534136546 0.7181852409638554 0.36395582329317266 0.716930220883534 0.3617595381526104 0.7137926706827309 0.3598770080321285 0.7122238955823293 0.3573669678714859 0.7103413654618473 0.3548569277108433 0.7087725903614458 0.3529743975903614 0.7062625502008031 0.35109186746987947 0.7031249999999999 0.3504643574297189 0.6999874497991968 0.3498368473895582 0.6968498995983936 0.3498368473895582 0.692457329317269 0.3498368473895582 0.6880647590361445
1 0.3112449799196787 0.7649347389558232 0.31501004016064255 0.76179718875502 0.3168925702811245 0.7608559236947791 0.31940261044176704 0.7596009036144579 0.3215988955823293 0.7592871485943775 0.3244226907630522 0.7592871485943775 0.3278739959839357 0.7592871485943775 0.3310115461847389 0.7596009036144579 0.33320783132530113 0.7605421686746987 0.3360316265060241 0.7614834337349397 0.3388554216867469 0.7630522088353413 0.3410517068273092 0.7643072289156626 0.3492093373493976 0.7671310240963856 0.35266064257028107 0.7683860441767068 0.35673945783132527 0.7699548192771084 0.3601907630522088 0.7718373493975903 0.36395582329317266 0.7743473895582329 0.3677208835341365 0.7765436746987951 0.3705446787148594 0.778426204819277 0.37305471887550196 0.7803087349397589 0.37556475903614456 0.7828187751004015 0.3774472891566265 0.7856425702811245 0.37964357429718876 0.7884663654618473 0.38089859437751 0.7906626506024096 0.3824673694779116 0.7934864457831324 0.3834086345381526 0.796937751004016 0.38372238955823285 0.8003890562248995 0.38309487951807225 0.802899096385542 0.38183985943775095 0.8054091365461847 0.38089859437751 0.8076054216867469 0.3805848393574297 0.8107429718875501 0.379957329317269 0.8148217871485942 0.37964357429718876 0.8167043172690762 0.3783885542168674 0.8189006024096385 0.3768197791164658 0.8210968875502007 0.37430973895582326 0.8226656626506023 0.37117218875502006 0.8239206827309237 0.3677208835341365 0.8248619477911646 0.36458333333333326 0.8245481927710843 0.35956325301204817 0.8229794176706826 0.3561119477911647 0.8217243975903614 0.3517193775100401 0.8210968875502007 0.3482680722891566 0.8198418674698794 0.344816767068273 0.8176455823293173 0.34136546184738953 0.8160768072289156 0.33728664658634533 0.8141942771084337 0.3328940763052209 0.8126255020080321 0.330070281124498 0.8116842369477911 0.32630522088353414 0.8104292168674697 0.32316767068273095 0.8091741967871485 0.31908885542168675 0.8069779116465863 0.3172063253012048 0.804781626506024 0.31501004016064255 0.8016440763052208 0.31312751004016065 0.7981927710843373 0.31061746987951805 0.7947414658634538 0.3084211847389558 0.7916039156626505 0.30653865461847385 0.787211345381526 0.3059111445783132 0.7843875502008031 0.30559738955823296 0.7812499999999999 0.3052836345381526 0.7771711847389557 0.30559738955823296 0.7737198795180722 0.3068524096385542 0.770582329317269 0.3084211847389558 0.767758534136546
1 0.5057730923694779 0.7966239959839356 0.5023217871485943 0.790035140562249 0.5016942771084337 0.787211345381526 0.5013805220883534 0.7843875502008031 0.5007530120481927 0.7803087349397589 0.5007530120481927 0.7768574297188754 0.5007530120481927 0.773406124497992 0.5016942771084337 0.769641064257028 0.502949297188755 0.7652484939759036 0.5079693775100401 0.7558358433734939 0.5173820281124498 0.744226907630522 0.520519578313253 0.7410893574297188 0.5224021084337349 0.7392068273092369 0.5239708835341365 0.7373242971887549 0.5261671686746987 0.7357555220883534 0.5286772088353413 0.7332454819277108 0.5318147590361445 0.7313629518072289 0.5340110441767068 0.7304216867469879 0.5377761044176707 0.7304216867469879 0.5412274096385541 0.7304216867469879 0.5446787148594378 0.7313629518072289 0.546875 0.7326179718875501 0.5496987951807228 0.7345005020080321 0.5525225903614458 0.7373242971887549 0.5553463855421686 0.7404618473895581 0.5572289156626505 0.7432856425702811 0.5581701807228915 0.7464231927710843 0.5587976907630522 0.7495607429718875 0.5587976907630522 0.7517570281124498 0.5581701807228915 0.7542670682730923 0.5569151606425702 0.7577183734939759 0.5562876506024096 0.7602284136546184 0.5553463855421686 0.7630522088353413 0.5544051204819277 0.7655622489959839 0.552836345381526 0.7680722891566264 0.5512675702811245 0.770582329317269 0.5493850401606425 0.7737198795180722 0.5471887550200802 0.7765436746987951 0.544992469879518 0.779367469879518 0.5427961847389557 0.7825050200803213 0.5412274096385541 0.7847013052208834 0.5396586345381525 0.7868975903614458 0.5374623493975903 0.7897213855421686 0.535266064257028 0.7922314257028111 0.533383534136546 0.7947414658634538 0.5318147590361445 0.7966239959839356 0.5296184738955823 0.7981927710843373 0.52742218875502 0.8000753012048192 0.5252259036144579 0.8016440763052208 0.5214608433734939 0.8022715863453815 0.5167545180722891 0.8019578313253012 0.5129894578313252 0.8003890562248995 0.5092243975903614 0.7985065261044176
1 0.6228037148594378 0.735441767068273 0.6278237951807228 0.7269703815261044 0.6306475903614458 0.7232053212851405 0.6331576305220883 0.7203815261044176 0.6359814257028111 0.7172439759036143 0.6400602409638554 0.7150476907630522 0.6422565261044176 0.7141064257028111 0.6453940763052208 0.7137926706827309 0.6482178714859437 0.7144201807228915 0.6513554216867469 0.7150476907630522 0.6535517068273092 0.7156752008032128 0.6557479919678714 0.7163027108433735 0.6588855421686746 0.716930220883534 0.6617093373493976 0.717871485943775 0.6645331325301205 0.7194402610441767 0.6664156626506023 0.7213227911646586 0.6686119477911646 0.7241465863453815 0.6698669678714858 0.726656626506024 0.6708082329317269 0.7297941767068272 0.6711219879518071 0.7329317269076304 0.6708082329317269 0.736383032128514 0.6698669678714858 0.7395205823293173 0.6686119477911646 0.7445406626506023 0.6673569277108433 0.7489332329317269 0.6664156626506023 0.7526982931726907 0.6651606425702811 0.7570908634538152 0.6635918674698794 0.7602284136546184 0.6620230923694778 0.7636797188755019 0.660140562248996 0.7661897590361445 0.6576305220883534 0.7690135542168673 0.6544929718875501 0.7718373493975903 0.6510416666666666 0.7743473895582329 0.6479041164658634 0.7762299196787148 0.6444528112449799 0.7777986947791165 0.6403739959839357 0.7790537148594378 0.6375502008032128 0.7796812248995982 0.6331576305220883 0.7799949799196786 0.6290788152610441 0.7803087349397589 0.6265687751004017 0.779367469879518 0.6224899598393574 0.7768574297188754 0.6190386546184737 0.7740336345381525 0.6168423694779116 0.770582329317269 0.6165286144578312 0.7665035140562249 0.6165286144578312 0.7602284136546184 0.6165286144578312 0.7542670682730923 0.6184111445783133 0.7476782128514056 0.6206074297188754 0.7420306224899598
1 0.5076556224899598 0.6730045180722891 0.5095381526104418 0.6686119477911646 0.512675702811245 0.6604543172690762 0.5136169678714859 0.6585717871485943 0.5145582329317269 0.6566892570281124 0.5167545180722891 0.6554342369477911 0.5189508032128514 0.6535517068273092 0.5214608433734939 0.6519829317269076 0.5242846385542168 0.6507279116465863 0.5271084337349398 0.6494728915662651 0.5296184738955823 0.6482178714859437 0.5324422690763052 0.6463353413654619 0.5358935742971888 0.6444528112449799 0.5380898594377509 0.6431977911646586 0.5412274096385541 0.6419427710843373 0.5443649598393574 0.6403739959839357 0.5465612449799196 0.6394327309236947 0.5503263052208834 0.6388052208835341 0.5525225903614458 0.6388052208835341 0.5550326305220883 0.6384914658634538 0.5572289156626505 0.6384914658634538 0.5603664658634538 0.639746485943775 0.563504016064257 0.640687751004016 0.5678965863453815 0.6428840361445782 0.5697791164658634 0.6444528112449799 0.5713478915662651 0.6463353413654619 0.5726029116465863 0.6479041164658634 0.5732304216867469 0.648531626506024 0.5747991967871485 0.6504141566265059 0.5763679718875501 0.6526104417670683 0.5773092369477911 0.6548067269076304 0.5785642570281124 0.6570030120481928 0.5785642570281124 0.6588855421686746 0.5785642570281124 0.6604543172690762 0.5782505020080321 0.6626506024096385 0.5776229919678715 0.6645331325301205 0.5766817269076304 0.6673569277108433 0.5757404618473896 0.6695532128514056 0.5747991967871485 0.6720632530120482 0.5738579317269076 0.6736320281124498 0.5719754016064257 0.6755145582329317 0.5700928714859437 0.6764558232931727 0.5675828313253012 0.6773970883534136 0.5647590361445782 0.6786521084337348 0.5613077309236947 0.6802208835341365 0.5584839357429718 0.6814759036144579 0.5553463855421686 0.6827309236947791 0.5518950803212851 0.6846134538152611 0.5484437751004017 0.6864959839357428 0.5453062248995983 0.6880647590361445 0.5415411646586344 0.6899472891566264 0.5396586345381525 0.6908885542168673 0.5377761044176707 0.6921435742971888 0.535266064257028 0.69339859437751 0.5327560240963856 0.6937123493975903 0.5293047188755019 0.69339859437751 0.5242846385542168 0.6918298192771084 0.5211470883534136 0.6905747991967871 0.5170682730923695 0.6886922690763052 0.5142444779116465 0.6861822289156626 0.5114206827309237 0.6833584337349397 0.5092243975903614 0.6799071285140562 0.5079693775100401 0.6764558232931727
1 0.689633534136546 0.6271962851405621 0.6912023092369477 0.6265687751004017 0.6927710843373494 0.6262550200803213 0.6962223895582329 0.6262550200803213 0.6984186746987951 0.6275100401606425 0.700301204819277 0.6287650602409638 0.7021837349397589 0.6306475903614458 0.7034387550200802 0.6322163654618473 0.7053212851405621 0.6340988955823293 0.7068900602409638 0.6359814257028111 0.7087725903614458 0.6375502008032128 0.7103413654618473 0.641629016064257 0.7109688755020079 0.6441390562248995 0.711910140562249 0.6475903614457831 0.711910140562249 0.6507279116465863 0.7122238955823293 0.6538654618473896 0.7122238955823293 0.6570030120481928 0.7122238955823293 0.660140562248996 0.711910140562249 0.6642193775100401 0.7106551204819277 0.6679844377510039 0.7097138554216866 0.6714357429718875 0.7084588353413654 0.6752008032128514 0.7075175702811245 0.6783383534136546 0.7059487951807228 0.681789658634538 0.7046937751004015 0.6842996987951807 0.7031249999999999 0.6868097389558232 0.701242469879518 0.6880647590361445 0.6981049196787148 0.689633534136546 0.6937123493975903 0.6905747991967871 0.6899472891566264 0.6905747991967871 0.6855547188755019 0.6899472891566264 0.6827309236947791 0.689633534136546 0.6789658634538152 0.6880647590361445 0.6755145582329317 0.6861822289156626 0.6726907630522088 0.68367218875502 0.6708082329317269 0.6802208835341365 0.6692394578313253 0.676769578313253 0.6682981927710843 0.6726907630522088 0.6676706827309237 0.667043172690763 0.6673569277108433 0.6613955823293173 0.6679844377510039 0.6570030120481928 0.6695532128514056 0.6519829317269076 0.6704944779116465 0.6488453815261044 0.6717494979919678 0.646649096385542 0.6730045180722891 0.6441390562248995 0.6745732931726907 0.6413152610441767 0.6761420682730923 0.6391189759036143 0.6783383534136546 0.6362951807228915 0.6805346385542168 0.633785140562249 0.68367218875502 0.6306475903614458 0.6858684738955823 0.6290788152610441
1 0.40976405622489953 0.9167921686746987 0.4125878514056225 0.9089482931726907 0.41384287148594373 0.9070657630522088 0.41541164658634533 0.9051832329317268 0.4169804216867469 0.9036144578313252 0.4185491967871486 0.9017319277108433 0.42074548192771083 0.9001631526104418 0.42670682730923687 0.8976531124497991 0.43517821285140557 0.8976531124497991 0.4370607429718875 0.8979668674698794 0.4398845381526104 0.8985943775100401 0.44333584337349397 0.8995356425702811 0.44615963855421686 0.900476907630522 0.4486696787148594 0.9017319277108433 0.4514934738955823 0.9029869477911646 0.4546310240963855 0.9045557228915662 0.45776857429718876 0.9061244979919678 0.46184738955823285 0.90832078313253 0.4649849397590361 0.910203313253012 0.4674949799196787 0.9120858433734939 0.47000502008032125 0.9136546184738955 0.4722013052208835 0.9152233935742972 0.4747113453815261 0.9167921686746987 0.47690763052208834 0.918988453815261 0.4797314257028112 0.9218122489959839 0.4825552208835341 0.9246360441767068 0.4850652610441767 0.9274598393574297 0.48694779116465864 0.9296561244979918 0.48883032128514053 0.9318524096385541 0.4907128514056225 0.934676204819277 0.4913403614457831 0.9368724899598393 0.4922816265060241 0.9400100401606425 0.49290913654618473 0.9425200803212851 0.49353664658634533 0.9456576305220883 0.494164156626506 0.9491089357429718 0.494164156626506 0.952246485943775 0.49353664658634533 0.9556977911646585 0.49196787148594373 0.9585215863453815 0.49039909638554213 0.9600903614457831 0.48883032128514053 0.961031626506024 0.48632028112449793 0.9616591365461847 0.48035893574297184 0.9629141566265059 0.4750251004016064 0.9629141566265059 0.47000502008032125 0.9626004016064257 0.4646711847389558 0.9616591365461847 0.46027861445783125 0.9607178714859437 0.4555722891566265 0.9597766064257027 0.4514934738955823 0.9594628514056224 0.44772841365461846 0.959149096385542 0.4445908634538152 0.9585215863453815 0.44113955823293166 0.9572665662650601 0.4380020080321285 0.9553840361445782 0.4342369477911646 0.9535015060240963 0.4310993975903614 0.9516189759036143 0.4273343373493975 0.9494226907630522 0.422941767068273 0.946285140562249 0.41949046184738953 0.9431475903614458 0.416039156626506 0.9387550200803213 0.4129016064257028 0.934676204819277 0.4110190763052209 0.9302836345381525 0.40976405622489953 0.9252635542168673 0.40945030120481923 0.9208709839357428
1 0.190449297188755 0.9136546184738955 0.18982178714859438 0.9073795180722891 0.18982178714859438 0.9042419678714858 0.18982178714859438 0.8998493975903614 0.190449297188755 0.8957705823293173 0.19264558232931725 0.891691767068273 0.19578313253012045 0.8882404618473896 0.199234437751004 0.8854166666666665 0.20299949799196784 0.8825928714859437 0.2064508032128514 0.8797690763052208 0.2095883534136546 0.8775727911646585 0.2127259036144578 0.876004016064257 0.21649096385542166 0.8747489959839356 0.2202560240963855 0.8734939759036143 0.22370732931726905 0.8728664658634538 0.22684487951807228 0.8725527108433735 0.23249246987951805 0.8725527108433735 0.23719879518072287 0.8738077309236947 0.24065010040160642 0.8756902610441767 0.2450426706827309 0.8778865461847388 0.2491214859437751 0.8803965863453815 0.25288654618473894 0.8819653614457831 0.2563378514056225 0.883847891566265 0.2594754016064257 0.8857304216867469 0.26198544176706823 0.8872991967871485 0.2638679718875502 0.8907505020080321 0.2638679718875502 0.8938880522088353 0.26292670682730923 0.8963980923694778 0.26167168674698793 0.8985943775100401 0.2607304216867469 0.9007906626506023 0.2591616465863454 0.9026731927710843 0.25727911646586343 0.9045557228915662 0.25445532128514053 0.9070657630522088 0.25163152610441764 0.909262048192771 0.2491214859437751 0.9114583333333333 0.24567018072289154 0.9130271084337348 0.2419051204819277 0.9142821285140561 0.23845381526104417 0.9155371485943775 0.23563002008032127 0.9164784136546184 0.2302961847389558 0.91804718875502 0.22715863453815258 0.9193022088353413 0.2227660642570281 0.9214984939759036 0.21837349397590358 0.9233810240963856 0.21492218875502006 0.9246360441767068 0.2111571285140562 0.9249497991967871 0.20833333333333331 0.9249497991967871 0.2036270080321285 0.9243222891566264 0.20017570281124497 0.9230672690763052 0.19703815261044175 0.9214984939759036 0.19390060240963852 0.918988453815261
1 0.7360692771084337 0.9246360441767068 0.7285391566265059 0.9299698795180722 0.7235190763052208 0.9309111445783133 0.7191265060240963 0.9312248995983935 0.7159889558232931 0.9312248995983935 0.7137926706827309 0.9312248995983935 0.7109688755020079 0.9309111445783133 0.7059487951807228 0.9287148594377509 0.704066265060241 0.9271460843373494 0.7018699799196786 0.9243222891566264 0.7006149598393574 0.9208709839357428 0.700301204819277 0.9167921686746987 0.6999874497991968 0.9133408634538152 0.6999874497991968 0.909262048192771 0.700301204819277 0.9039282128514056 0.7015562248995983 0.8992218875502007 0.7037525100401606 0.8954568273092369 0.7056350401606425 0.8913780120481927 0.7081450803212851 0.8876129518072289 0.7112826305220883 0.8832203815261044 0.7144201807228915 0.8794553212851405 0.7175577309236947 0.8763177710843373 0.7206952811244979 0.8744352409638554 0.7238328313253012 0.8728664658634538 0.7269703815261044 0.8725527108433735 0.7297941767068272 0.8725527108433735 0.7329317269076304 0.8738077309236947 0.7348142570281124 0.8747489959839356 0.7366967871485943 0.876004016064257 0.738265562248996 0.8782003012048192 0.7392068273092369 0.8807103413654617 0.7401480923694778 0.8832203815261044 0.7407756024096385 0.8860441767068272 0.7414031124497991 0.8879267068273092 0.7417168674698794 0.8904367469879517 0.7417168674698794 0.8932605421686746 0.7420306224899598 0.8963980923694778 0.7423443775100401 0.8995356425702811 0.7426581325301205 0.9026731927710843 0.7429718875502007 0.9061244979919678 0.7435993975903614 0.909262048192771 0.7435993975903614 0.9142821285140561 0.7423443775100401 0.9177334337349397 0.7407756024096385 0.9202434738955823
1 0.20833333333333331 0.9964859437751004 0.20896084337349397 0.9911521084337348 0.2095883534136546 0.9889558232931727 0.21052961847389556 0.9867595381526103 0.21178463855421684 0.9845632530120482 0.21366716867469876 0.9823669678714858 0.21617720883534136 0.9798569277108433 0.21900100401606426 0.9770331325301204 0.22213855421686743 0.9748368473895581 0.22558985943775098 0.9726405622489959 0.2287274096385542 0.970758032128514 0.2315512048192771 0.9688755020080321 0.23406124497991965 0.9669929718875501 0.2362575301204819 0.9654241967871485 0.23814006024096382 0.9654241967871485 0.2419051204819277 0.9654241967871485 0.2450426706827309 0.9654241967871485 0.24943524096385541 0.9660517068273092 0.25257279116465864 0.9663654618473895 0.25602409638554213 0.9673067269076304 0.2579066265060241 0.9691892570281124 0.26010291164658633 0.9720130522088353 0.2622991967871486 0.9764056224899598 0.2638679718875502 0.9804844377510039 0.2641817269076305 0.9848770080321284 0.2641817269076305 0.987387048192771 0.2638679718875502 0.9902108433734939 0.2622991967871486 0.9933483935742972 0.258652735943775 0.9989583333333333 0.20739206827309237 0.9989583333333333
1 0.09130271084337349 0.7316767068273092 0.09506777108433734 0.7260291164658634 0.09663654618473895 0.7241465863453815 0.09789156626506022 0.7225778112449799 0.10008785140562249 0.7213227911646586 0.10228413654618472 0.7200677710843373 0.10448042168674698 0.7194402610441767 0.10667670682730922 0.7191265060240963 0.10981425702811244 0.7191265060240963 0.11483433734939759 0.7184989959839356 0.1195406626506024 0.716930220883534 0.12110943775100401 0.7159889558232931 0.12299196787148593 0.7150476907630522 0.12518825301204817 0.7147339357429718 0.12769829317269074 0.7144201807228915 0.13052208835341364 0.7144201807228915 0.1333458835341365 0.7144201807228915 0.1374246987951807 0.7144201807228915 0.1418172690763052 0.7150476907630522 0.14401355421686748 0.7153614457831324 0.14652359437751003 0.7159889558232931 0.14871987951807228 0.7166164658634538 0.15122991967871485 0.717871485943775 0.1546812248995984 0.7194402610441767 0.15656375502008033 0.7203815261044176 0.16001506024096385 0.7216365461847388 0.16315261044176707 0.7232053212851405 0.16566265060240962 0.7244603413654619 0.16848644578313252 0.7260291164658634 0.17131024096385541 0.7282254016064257 0.173820281124498 0.7304216867469879 0.1753890562248996 0.7323042168674697 0.17695783132530118 0.7335592369477911 0.17852660642570278 0.735441767068273 0.17978162650602408 0.7373242971887549 0.1804091365461847 0.7398343373493976 0.1804091365461847 0.7426581325301205 0.17946787148594376 0.7448544176706826 0.17821285140562246 0.7473644578313253 0.17695783132530118 0.7501882530120482 0.17601656626506024 0.7533258032128514 0.1757028112449799 0.7561495983935742 0.17350652610441764 0.7580321285140562 0.1709964859437751 0.7596009036144579 0.16848644578313252 0.7611696787148594 0.16597640562248994 0.7621109437751004 0.16252510040160642 0.7627384538152611 0.15876004016064255 0.7630522088353413 0.15530873493975902 0.7636797188755019 0.15154367469879518 0.7636797188755019 0.14809236947791163 0.7643072289156626 0.1446410642570281 0.7643072289156626 0.14087600401606426 0.7643072289156626 0.13616967871485944 0.7633659638554217 0.1295808232931727 0.7624246987951807 0.12707078313253012 0.7621109437751004 0.12173694779116466 0.76179718875502 0.11608935742971886 0.7614834337349397 0.11106927710843371 0.7596009036144579 0.10542168674698794 0.7574046184738955 0.10259789156626506 0.7561495983935742 0.0988328313253012 0.753953313253012 0.09632279116465862 0.7523845381526103 0.09381275100401607 0.7495607429718875 0.09224397590361445 0.7467369477911646 0.09098895582329317 0.7435993975903614 0.09067520080321284 0.7392068273092369 0.09067520080321284 0.7357555220883534
1 0.21335341365461843 0.5547188755020079 0.20896084337349397 0.5581701807228915 0.19986194779116465 0.5631902610441767 0.19829317269076305 0.5641315261044176 0.19578313253012045 0.5650727911646586 0.1932730923694779 0.5653865461847389 0.18699799196787145 0.5650727911646586 0.18197791164658633 0.5641315261044176 0.17852660642570278 0.5638177710843374 0.17507530120481926 0.5631902610441767 0.1722515060240964 0.5628765060240963 0.16785893574297187 0.562562751004016 0.1637801204819277 0.5622489959839357 0.16064257028112447 0.5619352409638554 0.15593624497991965 0.5606802208835341 0.15185742971887548 0.5591114457831325 0.14840612449799195 0.5569151606425702 0.1462098393574297 0.5550326305220883 0.1446410642570281 0.5531501004016064 0.14244477911646586 0.5512675702811245 0.1421310240963855 0.5493850401606425 0.1421310240963855 0.5475025100401606 0.1418172690763052 0.5443649598393574 0.1418172690763052 0.5412274096385541 0.14244477911646586 0.5377761044176707 0.14558232931726905 0.533383534136546 0.14715110441767065 0.5324422690763052 0.14934738955823293 0.5299322289156626 0.15154367469879518 0.5271084337349398 0.1549949799196787 0.5242846385542168 0.15907379518072287 0.5217745983935742 0.16158383534136547 0.520519578313253 0.16440763052208834 0.5198920682730923 0.16880020080321284 0.5198920682730923 0.17350652610441764 0.5198920682730923 0.17633032128514053 0.5202058232931727 0.1788403614457831 0.520519578313253 0.181664156626506 0.5211470883534136 0.18480170682730923 0.5217745983935742 0.18825301204819275 0.5220883534136546 0.190449297188755 0.5227158634538153 0.1932730923694779 0.5230296184738955 0.19641064257028112 0.5236571285140562 0.19986194779116465 0.5245983935742972 0.20268574297188752 0.5255396586345381 0.20519578313253012 0.5267946787148594 0.20770582329317266 0.528363453815261 0.2099021084337349 0.5299322289156626 0.21178463855421684 0.5324422690763052 0.2139809236947791 0.5349523092369477 0.21586345381526104 0.5384036144578312 0.21680471887550198 0.5421686746987951 0.2171184738955823 0.5462474899598393 0.2171184738955823 0.5493850401606425
1 0.16032881526104417 0.40819528112449793 0.15813253012048192 0.40788152610441764 0.15373995983935743 0.4066265060240964 0.15028865461847388 0.40380271084337344 0.14840612449799195 0.40129267068273083 0.14652359437751003 0.39784136546184734 0.14526857429718873 0.39470381526104414 0.14432730923694778 0.3915662650602409 0.14401355421686748 0.38717369477911645 0.14307228915662648 0.3840361445783132 0.1421310240963855 0.3805848393574297 0.14150351405622488 0.3768197791164658 0.14150351405622488 0.37305471887550196 0.14150351405622488 0.37023092369477906 0.14150351405622488 0.36709337349397586 0.1421310240963855 0.362387048192771 0.14244477911646586 0.3589357429718875 0.14369979919678713 0.3561119477911647 0.14495481927710843 0.35360190763052207 0.1462098393574297 0.35109186746987947 0.14777861445783133 0.3492093373493976 0.14997489959839355 0.34701305220883527 0.15248493975903613 0.3445030120481928 0.1549949799196787 0.3432479919678714 0.15750502008032127 0.34262048192771083 0.1593875502008032 0.3419929718875502 0.16158383534136547 0.3416792168674698 0.16472138554216864 0.3419929718875502 0.16785893574297187 0.3432479919678714 0.17036897590361447 0.3445030120481928 0.17789909638554216 0.3473268072289156 0.181664156626506 0.3495230923694779 0.18480170682730923 0.35234688755020077 0.18668423694779115 0.3557981927710843 0.18762550200803213 0.3589357429718875 0.18856676706827308 0.36270080321285136 0.1888805220883534 0.36709337349397586 0.1888805220883534 0.37117218875502006 0.18856676706827308 0.37619226907630515 0.18793925702811246 0.3805848393574297 0.18731174698795178 0.38372238955823285 0.18574297188755018 0.3884287148594377 0.18417419678714858 0.3915662650602409 0.181664156626506 0.39470381526104414 0.1788403614457831 0.39721385542168675 0.17601656626506024 0.4000376506024096 0.17319277108433734 0.4025476907630522 0.17131024096385541 0.40474397590361444 0.16942771084337346 0.40631275100401604 0.16785893574297187 0.407254016064257 0.16409387550200802 0.4085090361445783
1 0.00031375502008032123 0.05804467871485943 0.00502008032128514 0.05898594377510039 0.0065888554216867465 0.059927208835341354 0.008785140562248996 0.060554718875502005 0.010353915662650601 0.06118222891566264 0.012236445783132528 0.061495983935742966 0.013491465863453815 0.06180973895582329 0.016001506024096383 0.06306475903614457 0.018197791164658632 0.06431977911646586 0.020707831325301202 0.06588855421686747 0.023845381526104416 0.06839859437751003 0.027296686746987948 0.07028112449799197 0.03012048192771084 0.07184989959839357 0.03357178714859437 0.07404618473895581 0.03576807228915662 0.07624246987951806 0.03765060240963855 0.0796937751004016 0.038278112449799194 0.08377259036144577 0.03733684738955823 0.08785140562248996 0.036081827309236945 0.09130271084337349 0.034199297188755015 0.09475401606425703 0.03231676706827309 0.09695030120481926 0.028865461847389553 0.09820532128514056 0.0251004016064257 0.09946034136546184 0.022590361445783132 0.10102911646586345 0.020707831325301202 0.10228413654618472 0.019139056224899597 0.10291164658634537 0.017570281124497992 0.10353915662650602 0.014432730923694776 0.10448042168674698 0.011608935742971886 0.1047941767068273 0.00784387550200803 0.10510793172690762 0.004706325301204819 0.10542168674698794 0.0015687751004016062 0.1063629518072289 0.0006275100401606425 0.1063629518072289
1 0.1423969072164948 0.46552835051546393 0.1423969072164948 0.4569372852233677 0.1423969072164948 0.4526417525773196 0.14293384879725082 0.4494201030927835 0.14400773195876285 0.44673539518900346 0.1461554982817869 0.4435137457044674 0.14884020618556698 0.4408290378006873 0.1531357388316151 0.43760738831615126 0.1579682130584192 0.43438573883161513 0.16387457044673537 0.43170103092783507 0.17139175257731953 0.429553264604811 0.1762242268041237 0.42794243986254293 0.1805197594501718 0.42579467353951894 0.18427835051546387 0.42418384879725085 0.189110824742268 0.4231099656357388 0.19394329896907214 0.4225730240549828 0.20199742268041235 0.42364690721649484 0.2095146048109965 0.4268685567010309 0.21542096219931267 0.43116408934707906 0.2197164948453608 0.43545962199312716 0.2240120274914089 0.43921821305841924 0.228307560137457 0.4435137457044674 0.2309922680412371 0.4478092783505155 0.2320661512027491 0.4521048109965636 0.23314003436426115 0.4580111683848797 0.23314003436426115 0.4644544673539519 0.2326030927835051 0.469823883161512 0.22938144329896903 0.4735824742268041 0.2245489690721649 0.47734106529209624 0.21917955326460478 0.4800257731958763 0.20844072164948452 0.48217353951890035 0.1993127147766323 0.48378436426116844 0.18803694158075598 0.48432130584192445 0.17461340206185563 0.48432130584192445 0.16602233676975942 0.4805627147766323 0.1574312714776632 0.4762671821305842 0.149377147766323 0.4719716494845361
1 0.8810638808837655 0.8819644572526416 0.8732588856868395 0.8897694524495676 0.87085734870317 0.8927713736791546 0.8681556195965416 0.8960734870317002 0.8651536983669548 0.8996757925072046 0.8618515850144092 0.9032780979827089 0.8588496637848222 0.9065802113352546 0.855247358309318 0.9101825168107588 0.8525456292026896 0.9122838616714698 0.8486431316042267 0.9146853986551392 0.8435398655139289 0.9170869356388087 0.8390369836695484 0.9185878962536023 0.8351344860710854 0.9200888568683958 0.8315321805955811 0.9209894332372718 0.8282300672430355 0.9224903938520653 0.8243275696445724 0.9242915465898174 0.8204250720461095 0.9254923150816522 0.81802353506244 0.9257925072046108 0.8156219980787703 0.9245917387127761 0.8138208453410182 0.9230907780979827 0.8117195004803074 0.9155859750240153 0.8114193083573487 0.9134846301633045 0.81111911623439 0.9116834774255522 0.8108189241114313 0.9095821325648414 0.8102185398655138 0.9068804034582132 0.8102185398655138 0.9047790585975023 0.8117195004803074 0.9017771373679154 0.8132204610951008 0.8990754082612872 0.8153218059558116 0.897274255523535 0.8174231508165225 0.8948727185398655 0.8210254562920268 0.8915706051873199 0.8360350624399615 0.8813640730067243 0.839637367915466 0.8795629202689721 0.8438400576368875 0.8771613832853026 0.8477425552353506 0.875660422670509 0.8510446685878962 0.8741594620557156 0.8558477425552353 0.8726585014409222 0.8597502401536983 0.8711575408261287 0.8639529298751201 0.8696565802113353 0.8681556195965416 0.8687560038424592 0.8714577329490873 0.8681556195965416 0.8735590778097982 0.867855427473583 0.8762608069164265 0.867855427473583 0.8789625360230547 0.8696565802113353 0.8813640730067243 0.8726585014409222 0.8819644572526416 0.8753602305475503 0.8816642651296829 0.8783621517771374
1 0.9633165225744477 0.894272334293948 0.9552113352545628 0.8939721421709894 0.9528097982708933 0.8936719500480307 0.9495076849183477 0.8930715658021133 0.9468059558117194 0.8921709894332372 0.9447046109510085 0.8912704130643612 0.9420028818443804 0.8891690682036503 0.9396013448607108 0.8873679154658981 0.9387007684918347 0.88466618635927 0.9378001921229586 0.8819644572526416 0.9375 0.8789625360230547 0.9402017291066281 0.8684558117195004 0.9411023054755042 0.8663544668587896 0.942303073967339 0.8627521613832853 0.9441042267050912 0.8585494716618636 0.9465057636887607 0.855247358309318 0.9486071085494715 0.8534462055715657 0.9513088376560999 0.852245437079731 0.9543107588856867 0.8507444764649376 0.9585134486071085 0.847442363112392 0.960914985590778 0.8450408261287223 0.9645172910662824 0.8411383285302594 0.9675192122958692 0.8393371757925071 0.9702209414024975 0.8387367915465898 0.9741234390009605 0.8381364073006724 0.9789265129682997 0.8381364073006724 0.9825288184438039 0.838436599423631 0.9852305475504323 0.838436599423631 0.9936359269932756 0.838436599423631 0.9960374639769451 0.8390369836695484 0.9987391930835734 0.8399375600384246 0.9989583333333333 0.8400471301633045 0.9989583333333333 0.875660422670509 0.99033381364073 0.8828650336215177 0.9876320845341018 0.8849663784822286 0.9783261287223823 0.8891690682036503 0.9759245917387127 0.890369836695485 0.971721902017291 0.892471181556196
1 0.7648895292987511 0.6039865513928914 0.7675912584053795 0.5964817483189241 0.7684918347742555 0.5934798270893372 0.769992795389049 0.5907780979827089 0.7711935638808837 0.587776176753122 0.7729947166186358 0.584774255523535 0.7741954851104708 0.5823727185398655 0.7753962536023055 0.579971181556196 0.7765970220941403 0.577869836695485 0.7789985590778097 0.5751681075888568 0.7804995196926032 0.5745677233429395 0.7832012487992315 0.573967339097022 0.7862031700288183 0.5736671469740634 0.7898054755043228 0.5733669548511047 0.7919068203650336 0.5733669548511047 0.7946085494716618 0.5736671469740634 0.7973102785782901 0.5748679154658981 0.799411623439001 0.5760686839577329 0.8015129682997117 0.5775696445725264 0.8042146974063401 0.5805715658021133 0.8069164265129682 0.5841738712776176 0.8087175792507204 0.5874759846301633 0.8105187319884727 0.5910782901056676 0.8117195004803074 0.5946805955811719 0.8126200768491835 0.5985830931796349 0.8129202689721421 0.6021853986551393 0.8129202689721421 0.6054875120076848 0.8126200768491835 0.6075888568683958 0.8117195004803074 0.6108909702209414 0.8105187319884727 0.6144932756964457 0.8099183477425551 0.61809558117195 0.809017771373679 0.6213976945244956 0.8084173871277617 0.6253001921229586 0.8081171950048031 0.6298030739673391 0.8078170028818443 0.6322046109510087 0.8066162343900095 0.6370076849183477 0.8060158501440922 0.6397094140249759 0.8054154658981748 0.6421109510086455 0.8048150816522575 0.6442122958693564 0.8036143131604226 0.6463136407300673 0.8021133525456291 0.6481147934678193 0.8003121998078769 0.6487151777137368 0.7985110470701249 0.6493155619596541 0.796409702209414 0.6502161383285302 0.7937079731027857 0.6508165225744477 0.7916066282420748 0.6511167146974064 0.7880043227665705 0.651416906820365 0.7844020172910663 0.651416906820365 0.7814000960614792 0.651416906820365 0.7792987512007684 0.6502161383285302 0.7762968299711815 0.6478146013448607 0.7738952929875119 0.6451128722382324 0.7711935638808837 0.6421109510086455 0.7693924111431316 0.6394092219020172 0.7678914505283382 0.6361071085494717 0.7663904899135445 0.6334053794428434 0.7651897214217098 0.6295028818443804 0.7642891450528337 0.6243996157540825 0.7636887608069164 0.6195965417867435 0.7636887608069164 0.6147934678194045 0.7645893371757925 0.6105907780979827
1 0.9221902017291066 0.3812439961575408 0.9161863592699327 0.3776416906820365 0.9140850144092219 0.3758405379442843 0.9125840537944284 0.37433957732949086 0.9107829010566761 0.3728386167146974 0.9098823246878002 0.37133765609990393 0.9107829010566761 0.36863592699327563 0.9125840537944284 0.3674351585014409 0.9140850144092219 0.36593419788664744 0.915886167146974 0.3641330451488953 0.9173871277617675 0.36263208453410184 0.9191882804995196 0.3608309317963496 0.9242915465898174 0.35422670509125836 0.9266930835734869 0.3524255523535062 0.9302953890489913 0.34972382324687795 0.9335975024015369 0.34732228626320844 0.9375 0.3452209414024976 0.9411023054755042 0.3431195965417867 0.9465057636887607 0.3404178674351585 0.9504082612872238 0.338916906820365 0.9537103746397694 0.3374159462055716 0.9558117195004802 0.3362151777137368 0.9588136407300673 0.33561479346781936 0.9621157540826127 0.3353146013448607 0.9657180595581172 0.3353146013448607 0.9693203650336214 0.3362151777137368 0.9744236311239193 0.3374159462055716 0.977725744476465 0.338916906820365 0.9810278578290105 0.3407180595581172 0.9840297790585975 0.3422190201729106 0.987331892411143 0.3443203650336215 0.9891330451488952 0.3461215177713736 0.9915345821325647 0.34762247838616717 0.9936359269932756 0.3488232468780019 0.9960374639769451 0.34972382324687795 0.9975384245917386 0.3515249759846302 0.998138808837656 0.35362632084534096 0.9984390009606147 0.35632804995196926 0.9984390009606147 0.3587295869356388 0.9978386167146973 0.36053073967339094 0.9960374639769451 0.36203170028818443 0.9939361191162344 0.36353266090297787 0.991234390009606 0.3647334293948126 0.9885326609029779 0.36593419788664744 0.9867315081652257 0.3677353506243996 0.9849303554274734 0.36983669548511044 0.9828290105667626 0.3719380403458213 0.9804274735830931 0.37433957732949086 0.977725744476465 0.3755403458213256 0.975624399615754 0.37644092219020175 0.9732228626320845 0.3770413064361191 0.9705211335254563 0.37824207492795386 0.9669188280499519 0.3794428434197886 0.9633165225744477 0.38034341978866476 0.9603146013448607 0.3812439961575408 0.9582132564841498 0.38214457252641687 0.9564121037463977 0.38334534101825163 0.9540105667627281 0.3848463016330451 0.9519092219020172 0.38514649375600385 0.9480067243035541 0.38514649375600385 0.9435038424591738 0.38514649375600385 0.9381003842459174 0.3848463016330451 0.934498078770413 0.38454610951008644 0.9290946205571565 0.38334534101825163
1 0.8342339097022093 0.31219980787704127 0.8375360230547549 0.29929154658981744 0.838436599423631 0.2968900096061479 0.8393371757925071 0.29448847262247835 0.8399375600384246 0.2920869356388088 0.8402377521613833 0.2893852065321806 0.8408381364073007 0.28668347742555234 0.8417387127761767 0.2839817483189241 0.8435398655139289 0.28188040345821325 0.8456412103746397 0.2800792507204611 0.8486431316042267 0.2779779058597502 0.852245437079731 0.2767771373679154 0.8561479346781941 0.27557636887608067 0.8612512007684917 0.2749759846301633 0.8648535062439962 0.2749759846301633 0.8684558117195004 0.2761767531219981 0.8705571565802113 0.2776777137367915 0.8726585014409222 0.2788784822286263 0.874759846301633 0.28097982708933716 0.8771613832853026 0.2839817483189241 0.8789625360230547 0.28728386167146974 0.8804634966378482 0.29058597502401534 0.8813640730067243 0.293888088376561 0.8819644572526416 0.297790585975024 0.8819644572526416 0.30139289145052833 0.8819644572526416 0.30559558117195 0.8807636887608068 0.309498078770413 0.8792627281460134 0.3128001921229587 0.8780619596541787 0.31610230547550433 0.8765609990393852 0.31940441882804993 0.874759846301633 0.3227065321805956 0.8729586935638808 0.3257084534101825 0.8717579250720461 0.3275096061479347 0.8696565802113353 0.32871037463976943 0.8669548511047069 0.32991114313160425 0.8639529298751201 0.3308117195004803 0.8612512007684917 0.331111911623439 0.8594500480307395 0.331111911623439 0.8558477425552353 0.3314121037463977 0.8525456292026896 0.3314121037463977 0.8486431316042267 0.33171229586935636 0.8465417867435158 0.3314121037463977 0.8432396733909702 0.32991114313160425 0.8402377521613833 0.328109990393852 0.8372358309317963 0.324207492795389 0.8354346781940442 0.3197046109510086 0.8351344860710854 0.31610230547550433
1 0.7606868395773295 0.21043467819404418 0.7651897214217098 0.20563160422670507 0.7678914505283382 0.20443083573487028 0.769992795389049 0.2041306436119116 0.7735951008645532 0.2041306436119116 0.7762968299711815 0.2041306436119116 0.7786983669548511 0.2041306436119116 0.7810999039385206 0.20353025936599423 0.7832012487992315 0.20292987512007685 0.7862031700288183 0.20292987512007685 0.7898054755043228 0.204731027857829 0.7925072046109509 0.20623198847262245 0.7946085494716618 0.20743275696445723 0.7970100864553314 0.20863352545629202 0.8000120076849183 0.21013448607108548 0.8030139289145052 0.21163544668587894 0.8051152737752161 0.21253602305475502 0.8078170028818443 0.2137367915465898 0.8105187319884727 0.21553794428434198 0.8123198847262247 0.21673871277617673 0.8147214217098943 0.21974063400576369 0.8162223823246877 0.22124159462055715 0.81802353506244 0.22484390009606148 0.818924111431316 0.2281460134486071 0.8195244956772334 0.2320485110470701 0.8195244956772334 0.23535062439961577 0.8195244956772334 0.23865273775216136 0.8186239193083573 0.241954851104707 0.8168227665706052 0.24465658021133524 0.815021613832853 0.24765850144092216 0.8129202689721421 0.24945965417867433 0.81111911623439 0.24975984630163303 0.809017771373679 0.24975984630163303 0.8024135446685878 0.24975984630163303 0.7973102785782901 0.24915946205571565 0.7916066282420748 0.24765850144092216 0.7868035542747358 0.2464577329490874 0.7829010566762729 0.24435638808837654 0.7786983669548511 0.24165465898174832 0.7756964457252642 0.23895292987512004 0.7729947166186358 0.23625120076849182 0.7705931796349663 0.2335494716618636 0.7669908741594621 0.22964697406340057 0.7636887608069164 0.22544428434197886 0.7612872238232469 0.22154178674351585 0.7594860710854946 0.21793948126801152 0.7588856868395772 0.21493756003842457
1 0.8705571565802113 0.18431796349663782 0.8654538904899135 0.18762007684918347 0.863052353506244 0.18852065321805955 0.8588496637848222 0.18912103746397693 0.8537463976945244 0.18942122958693564 0.8489433237271854 0.18792026897214215 0.8456412103746397 0.1864193083573487 0.8423390970220941 0.18491834774255522 0.8399375600384246 0.18311719500480306 0.8375360230547549 0.18011527377521613 0.8351344860710854 0.17711335254562918 0.8333333333333334 0.17441162343900096 0.8315321805955811 0.171409702209414 0.8294308357348703 0.1681075888568684 0.8276296829971181 0.16510566762728146 0.8261287223823247 0.1621037463976945 0.8252281460134486 0.15880163304514888 0.8246277617675312 0.15579971181556196 0.8246277617675312 0.1530979827089337 0.8246277617675312 0.14979586935638806 0.8246277617675312 0.14679394812680116 0.8255283381364072 0.144992795389049 0.8267291066282421 0.14289145052833813 0.8279298751200768 0.14139048991354466 0.8294308357348703 0.1398895292987512 0.8315321805955811 0.13808837656099904 0.8330331412103746 0.13718780019212293 0.8348342939481268 0.13658741594620555 0.8372358309317963 0.1356868395773295 0.8402377521613833 0.1344860710854947 0.8441402497598463 0.13388568683957733 0.846241594620557 0.13298511047070125 0.8486431316042267 0.13268491834774254 0.8513448607108549 0.13268491834774254 0.855247358309318 0.13268491834774254 0.8567483189241114 0.13298511047070125 0.8582492795389048 0.13358549471661865 0.8606508165225744 0.1344860710854947 0.863052353506244 0.1356868395773295 0.8651536983669548 0.13688760806916425 0.8669548511047069 0.1383885686839577 0.8687560038424592 0.14018972142170988 0.8699567723342939 0.14199087415946204 0.8714577329490873 0.14409221902017288 0.8723583093179634 0.14709414024975984 0.8735590778097982 0.1500960614793468 0.8741594620557156 0.15189721421709895 0.8750600384245917 0.15459894332372717 0.8750600384245917 0.156700288184438 0.875660422670509 0.15910182516810759 0.8762608069164265 0.16240393852065318 0.8768611911623438 0.16540585975024014 0.8774615754082613 0.1687079731027858 0.8774615754082613 0.1711095100864553 0.8768611911623438 0.17411143131604226 0.8762608069164265 0.17681316042267048 0.8744596541786742 0.1804154658981748
1 0.9116834774255522 0.06364073006724304 0.9041786743515849 0.054634966378482225 0.9029779058597501 0.05283381364073006 0.9014769452449567 0.051633045148895294 0.8993756003842459 0.04983189241114313 0.897274255523535 0.04803073967339097 0.8951729106628241 0.046529779058597495 0.892471181556196 0.04412824207492795 0.8909702209414025 0.0420268972142171 0.8894692603266089 0.039325168107588855 0.8888688760806915 0.0375240153698367 0.8885686839577329 0.03542267050912584 0.8909702209414025 0.0327209414024976 0.8918707973102785 0.030319404418828046 0.8921709894332372 0.027317483189241112 0.893371757925072 0.024915946205571565 0.894272334293948 0.02281460134486071 0.8957732949087415 0.020413064361191162 0.8969740634005763 0.01711095100864553 0.8981748318924111 0.01440922190201729 0.8996757925072046 0.012608069164265129 0.9014769452449567 0.012007684918347743 0.9035782901056676 0.011407300672430355 0.9062800192122958 0.011107108549471662 0.9089817483189241 0.011107108549471662 0.9122838616714698 0.010806916426512967 0.9152857829010567 0.010806916426512967 0.9176873198847262 0.010806916426512967 0.9197886647454371 0.011407300672430355 0.9221902017291066 0.012307877041306434 0.9248919308357348 0.013208453410182515 0.9266930835734869 0.014109029779058596 0.9284942363112392 0.015009606147934677 0.9302953890489913 0.016210374639769452 0.9320965417867434 0.017411143131604228 0.9335975024015369 0.01921229586935639 0.9353986551392891 0.020713256484149855 0.9371998078770413 0.023114793467819403 0.9387007684918347 0.024915946205571565 0.9402017291066281 0.026717098943323726 0.9417026897214217 0.02881844380403458 0.9435038424591738 0.030919788664745436 0.9450048030739673 0.03302113352545629 0.9465057636887607 0.035122478386167146 0.9480067243035541 0.037223823246878 0.9492074927953891 0.039325168107588855 0.9510086455331411 0.04322766570605187 0.9522094140249759 0.046529779058597495 0.9519092219020172 0.049231508165225736 0.9510086455331411 0.051933237271853984 0.9501080691642652 0.054334774255523535 0.9489073006724303 0.057336695485110466 0.9480067243035541 0.05913784822286263 0.9465057636887607 0.06183957732949087 0.9450048030739673 0.06424111431316042 0.9438040345821326 0.06694284341978866 0.9426032660902978 0.06904418828049952 0.9399015369836695 0.07144572526416906 0.9381003842459174 0.07234630163304515 0.9356988472622478 0.07324687800192123 0.9326969260326609 0.07354707012487992 0.9281940441882804 0.07354707012487992 0.9251921229586935 0.07294668587896252 0.9224903938520653 0.07174591738712775 0.9200888568683958 0.07024495677233429 0.9176873198847262 0.06874399615754083 0.9134846301633045 0.06604226705091258
1 0.9973759541984731 0.5803117048346056 0.9862436386768448 0.5842875318066159 0.9806774809160305 0.5866730279898219 0.9751113231552163 0.5906488549618322 0.9679548346055978 0.5946246819338423 0.9647741730279897 0.5986005089058525 0.9639790076335878 0.6033715012722648 0.9639790076335878 0.608937659033079 0.9647741730279897 0.6145038167938932 0.96875 0.6200699745547075 0.9759064885496183 0.6248409669211197 0.9846533078880407 0.6264312977099238 0.9926049618320609 0.6264312977099238 0.9989583333333333 0.6250194373763077 0.9989583333333333 0.6250194373763077
1 0.9981711195928753 0.0992366412213741 0.9965807888040712 0.10003180661577614 0.9878339694656489 0.11036895674300261 0.9846533078880407 0.11593511450381684 0.9798823155216285 0.12150127226463109 0.9798823155216285 0.12627226463104332 0.9790871501272264 0.1310432569974555 0.9782919847328244 0.13581424936386774 0.9782919847328244 0.1397900763358779 0.9782919847328244 0.14535623409669218 0.9814726463104326 0.15330788804071252 0.9854484732824427 0.15887404580152678 0.989424300254453 0.15887404580152678 0.994195292620865 0.15887404580152678 0.9989583333333333 0.15927096586089912 0.9989583333333333 0.1596692111959288
0 0.5531759906759907 0.6591637529137528 0.541520979020979 0.6657196969696969 0.5375145687645687 0.6682692307692307 0.5305944055944056 0.6719114219114218 0.5276806526806527 0.6740967365967365 0.5258595571095571 0.675553613053613 0.5240384615384616 0.6781031468531468 0.5207604895104895 0.6773747086247085 0.5196678321678322 0.6726398601398601 0.5200320512820513 0.6704545454545454 0.5218531468531469 0.6686334498834499 0.5244026806526807 0.6657196969696969 0.5269522144522144 0.6631701631701631 0.5302301864801865 0.6602564102564102 0.5331439393939393 0.6577068764568764 0.5364219114219113 0.65625 0.5396998834498834 0.6547931235431236 0.5422494172494172 0.653336247086247 0.5451631701631701 0.6518793706293705 0.548076923076923 0.6507867132867132 0.5502622377622377 0.6504224941724941 0.5546328671328671 0.6504224941724941 0.5571824009324009 0.6518793706293705 0.5590034965034965 0.6537004662004661 0.5564539627039626 0.65625
0 0.1776660839160839 0.5484411421911422 0.1671037296037296 0.5455273892773892 0.1649184149184149 0.5444347319347319 0.16273310023310023 0.5429778554778555 0.1590909090909091 0.5411567599067599 0.15654137529137527 0.5396998834498834 0.1543560606060606 0.538243006993007 0.1547202797202797 0.5360576923076922 0.15836247086247085 0.535329254079254 0.16856060606060605 0.5364219114219113 0.1725670163170163 0.5367861305361304 0.17620920745920746 0.5367861305361304 0.17875874125874125 0.5367861305361304 0.1824009324009324 0.5371503496503496 0.18567890442890442 0.538243006993007 0.1878642191142191 0.5393356643356644 0.1896853146853147 0.5400641025641025 0.19187062937062935 0.5411567599067599 0.19478438228438227 0.5429778554778555 0.1976981351981352 0.544798951048951 0.19915501165501165 0.5455273892773892 0.1980623543123543 0.5477127039627039 0.19587703962703962 0.5484411421911422 0.19332750582750582 0.5491695804195803 0.18932109557109555 0.5498980186480186 0.1849504662004662 0.5498980186480186
0 0.6001602564102563 0.21263111888111888 0.595789627039627 0.20607517482517484 0.5946969696969696 0.20425407925407926 0.5932400932400932 0.20134032634032634 0.5921474358974359 0.19915501165501165 0.5914189976689976 0.19660547785547786 0.5906905594405595 0.19332750582750582 0.5903263403263403 0.1900495337995338 0.5906905594405595 0.1871357808857809 0.592511655011655 0.1853146853146853 0.5946969696969696 0.18458624708624707 0.5979749417249417 0.18567890442890442 0.6001602564102563 0.1878642191142191 0.6016171328671328 0.1896853146853147 0.6038024475524476 0.19223484848484848 0.6059877622377622 0.1955128205128205 0.6074446386946387 0.1984265734265734 0.608537296037296 0.20097610722610723 0.6096299533799533 0.20388986013986013 0.6103583916083916 0.20680361305361306 0.6107226107226107 0.2108100233100233 0.6110868298368298 0.21408799533799533 0.6110868298368298 0.21773018648018647 0.6110868298368298 0.2213723776223776 0.6103583916083916 0.22319347319347319 0.6074446386946387 0.2202797202797203 0.6048951048951049 0.21700174825174826
0 0.3521505376344086 0.7934587813620071 0.34375 0.788418458781362 0.33982974910394265 0.7856182795698924 0.33590949820788535 0.7839381720430106 0.33254928315412186 0.7822580645161289 0.32974910394265233 0.7811379928315412 0.3314292114695341 0.7766577060931898 0.33478942652329746 0.7766577060931898 0.337589605734767 0.7772177419354839 0.3409498207885305 0.7783378136200716 0.34543010752688175 0.7800179211469533 0.3510304659498208 0.7833781362007168 0.35495071684587814 0.7861783154121863 0.3583109318996416 0.787858422939068 0.3627912186379928 0.7895385304659498 0.3655913978494623 0.7928987455197132 0.36727150537634407 0.7973790322580644 0.3655913978494623 0.7990591397849461 0.35719086021505375 0.7962589605734767
0 0.7895281456953642 0.6129277041942606 0.7871136865342163 0.6053394039735099 0.7867687637969094 0.6025800220750551 0.7864238410596027 0.6008554083885209 0.7860789183222958 0.598440949227373 0.7860789183222958 0.596371412803532 0.7864238410596027 0.5943018763796909 0.7881484547461369 0.5936120309050773 0.7902179911699779 0.5943018763796909 0.7915976821192052 0.596371412803532 0.792287527593819 0.598440949227373 0.7933222958057394 0.6018901766004415 0.7936672185430463 0.6053394039735099 0.7940121412803532 0.6084437086092715 0.79435706401766 0.61189293598234 0.79435706401766 0.6149972406181016 0.79435706401766 0.6170667770419427 0.792287527593819 0.6177566225165563
0 0.4072176684881603 0.497438524590164 0.406648451730419 0.5054075591985429 0.406648451730419 0.5079690346083789 0.406648451730419 0.5099612932604737 0.406648451730419 0.5128073770491803 0.40636384335154835 0.5150842440801457 0.40607923497267767 0.5182149362477232 0.405794626593807 0.5213456284153006 0.405794626593807 0.5247609289617486 0.4055100182149363 0.5278916211293261 0.40522540983606564 0.5304530965391622 0.4046561930783243 0.5324453551912569 0.40380236794171226 0.5332991803278689 0.4020947176684882 0.5298838797814208 0.4018101092896176 0.5276070127504554 0.4018101092896176 0.5239071038251367 0.4018101092896176 0.5204918032786886 0.4023793260473589 0.5179303278688525 0.40294854280510023 0.5145150273224044 0.40323315118397096 0.5116689435336977 0.40323315118397096 0.508822859744991 0.40351775956284164 0.5062613843351549 0.40351775956284164 0.5031306921675774 0.40380236794171226 0.5002846083788708 0.40408697632058294 0.49772313296903464 0.4043715846994536 0.4954462659380693 0.405794626593807 0.49459244080145726
0 0.2908128415300547 0.5668829690346084 0.28796675774134795 0.5677367941712205 0.2865437158469946 0.5688752276867032 0.28483606557377056 0.5694444444444445 0.2817053734061931 0.5702982695810566 0.2794285063752277 0.5711520947176685 0.276582422586521 0.5711520947176685 0.27515938069216767 0.5708674863387979 0.27430555555555564 0.5691598360655737 0.2760132058287797 0.5677367941712205 0.27829007285974505 0.5663137522768671 0.28085154826958114 0.5651753187613845 0.2834130236794172 0.564606102003643 0.2865437158469946 0.5640368852459017 0.28882058287796003 0.5634676684881603 0.2922358834244081 0.5631830601092898 0.2936589253187615 0.5631830601092898
0 0.5099612932604737 0.28426684881602926 0.5073998178506376 0.276582422586521 0.5071152094717669 0.27430555555555564 0.5065459927140256 0.27174408014571955 0.5056921675774135 0.2691826047358835 0.5048383424408015 0.26633652094717675 0.5031306921675774 0.26377504553734066 0.5017076502732241 0.2623520036429873 0.5005692167577415 0.2606443533697632 0.5008538251366121 0.25836748633879786 0.5025614754098362 0.2577982695810565 0.5042691256830601 0.2589367030965392 0.5056921675774135 0.2606443533697632 0.5071152094717669 0.26292122040072863 0.5085382513661203 0.2657673041894354 0.509676684881603 0.2680441712204008 0.510530510018215 0.2711748633879782 0.511384335154827 0.27430555555555564 0.5122381602914391 0.2780054644808744 0.5128073770491803 0.28113615664845176 0.5136612021857924 0.2845514571948999 0.5145150273224044 0.28882058287796003 0.5147996357012751 0.29252049180327877 0.5147996357012751 0.2953665755919855 0.513091985428051 0.2959357923497269 0.5125227686703098 0.2953665755919855 0.5116689435336977 0.29252049180327877 0.5110997267759563 0.2891051912568307
0 0.28882058287796003 0.2569444444444445 0.29422814207650283 0.2623520036429873 0.29707422586520954 0.264344262295082 0.2990664845173043 0.26605191256830607 0.30048952641165766 0.26747495446265945 0.30134335154826963 0.2691826047358835 0.3002049180327869 0.2703210382513662 0.29678961748633886 0.2683287795992715 0.29422814207650283 0.2669057377049181 0.29166666666666674 0.26519808743169404 0.2891051912568307 0.26349043715847 0.2876821493624773 0.2617827868852459 0.2856898907103826 0.25950591985428056 0.28369763205828785 0.2569444444444445 0.2825591985428052 0.25495218579234974 0.28483606557377056 0.25381375227686703
0 0.4379553734061931 0.19717668488160295 0.4268556466302369 0.18863843351548273 0.42514799635701284 0.18721539162112938 0.4231557377049181 0.18550774134790532 0.4203096539162114 0.1835154826958106 0.418032786885246 0.18180783242258655 0.4166097449908926 0.1792463570127505 0.4163251366120219 0.17640027322404378 0.41974043715847004 0.17611566484517308 0.4234403460837888 0.1781079234972678 0.42571721311475413 0.17981557377049187 0.4274248633879782 0.18237704918032793 0.42941712204007293 0.18465391621129332 0.43140938069216767 0.18721539162112938 0.43311703096539167 0.1892076502732241 0.4362477231329691 0.1914845173041895 0.4385245901639345 0.19319216757741353 0.4408014571948999 0.19518442622950824 0.4427937158469946 0.19717668488160295 0.4453551912568307 0.19859972677595633 0.4490551001821494 0.19973816029143904 0.44933970856102007 0.2022996357012751 0.4470628415300547 0.20343806921675778 0.44563979963570133 0.20343806921675778 0.4430783242258653 0.20286885245901642 0.44108606557377056 0.2011612021857924
0 0.9178051001821494 0.050318761384335206 0.9123975409836066 0.0449112021857924 0.9109744990892532 0.042634335154827 0.9092668488160293 0.04064207650273229 0.9072745901639345 0.0383652094717669 0.9058515482695811 0.03637295081967218 0.9047131147540984 0.03381147540983612 0.9038592896174864 0.030965391621129375 0.9041438979963571 0.028688524590163984 0.9058515482695811 0.02669626593806927 0.9086976320582879 0.025557832422586572 0.9112591074681239 0.02612704918032792 0.912966757741348 0.02840391621129331 0.9146744080145719 0.031819216757741395 0.9158128415300547 0.035234517304189486 0.9183743169398908 0.03864981785063757 0.9206511839708561 0.041495901639344315 0.9226434426229508 0.04405737704918038 0.9254895264116576 0.04604963570127509 0.927766393442623 0.04775728597449914 0.9294740437158471 0.04974954462659386 0.9300432604735884 0.05231102003642992 0.9308970856102003 0.05401867030965397 0.9280510018214937 0.05515710382513666 0.9257741347905283 0.054303278688524644 0.9209357923497269 0.05231102003642992
0 0.6847108378870674 0.20599954462659384 0.6838570127504554 0.21368397085610205 0.683287795992714 0.21596083788706746 0.6824339708561021 0.21709927140255011 0.6810109289617488 0.21795309653916214 0.6775956284153006 0.21823770491803282 0.6753187613843352 0.2176684881602915 0.6747495446265938 0.21596083788706746 0.6744649362477232 0.21283014571949002 0.6747495446265938 0.20998406193078328 0.6753187613843352 0.20628415300546452 0.6758879781420766 0.20258424408014578 0.6767418032786885 0.19916894353369768 0.6787340619307832 0.19689207650273227 0.680726320582878 0.19717668488160295 0.6821493624772313 0.20002276867030971 0.6849954462659381 0.20087659380692174 0.6855646630236795 0.20315346083788713
0 0.8506375227686703 0.1650159380692168 0.8457991803278689 0.15790072859744997 0.8449453551912569 0.1553392531876139 0.8420992714025501 0.14993169398907108 0.8406762295081969 0.1476548269581057 0.8401070127504554 0.14509335154826963 0.839537795992714 0.1431010928961749 0.839537795992714 0.14139344262295087 0.8415300546448088 0.1411088342440802 0.8429530965391622 0.14281648451730425 0.8435223132969035 0.14480874316939893 0.8446607468123861 0.1476548269581057 0.8460837887067395 0.14993169398907108 0.8475068306010929 0.15277777777777782 0.8486452641165756 0.15590846994535523 0.850068306010929 0.1584699453551913 0.8520605646630237 0.1616006375227687 0.8534836065573771 0.16387750455373412 0.8549066484517305 0.16586976320582883 0.8551912568306012 0.16814663023679424
0 0.8546220400728598 0.3161429872495447 0.8554758652094718 0.3138661202185793 0.8557604735883425 0.3113046448087432 0.8557604735883425 0.30874316939890717 0.8557604735883425 0.30646630236794176 0.8557604735883425 0.3030510018214937 0.8554758652094718 0.2996357012750456 0.8560450819672132 0.2962204007285975 0.8563296903460837 0.2936589253187615 0.8571835154826959 0.29138205828779606 0.8586065573770493 0.289674408014572 0.8597449908925319 0.2882513661202186 0.8603142076502732 0.2919512750455374 0.860598816029144 0.2962204007285975 0.860598816029144 0.3002049180327869 0.860598816029144 0.30362021857923505 0.860598816029144 0.3081739526411658 0.8600295992714027 0.3121584699453553 0.8594603825136613 0.3147199453551913 0.8591757741347906 0.3181352459016394 0.8588911657559198 0.3204121129326048 0.8574681238615666 0.32211976320582886 0.8560450819672132 0.32211976320582886 0.8546220400728598 0.3195582877959928
0 0.6989412568306012 0.653688524590164 0.6975182149362478 0.6630806010928961 0.6963797814207651 0.6653574681238617 0.695525956284153 0.667634335154827 0.6949567395264117 0.6707650273224045 0.6943875227686703 0.6721880692167578 0.6926798724954464 0.6724726775956285 0.691256830601093 0.6693419854280511 0.6901183970856103 0.666780510018215 0.6889799635701276 0.6633652094717669 0.6881261384335156 0.6610883424408016 0.6878415300546449 0.6576730418943535 0.6886953551912569 0.6534039162112932 0.6898337887067395 0.649419398907104 0.6909722222222222 0.6462887067395264 0.6932490892531876 0.6442964480874317 0.6960951730418945 0.6457194899817851 0.6978028233151184 0.6474271402550092
0 0.5833902550091075 0.6001821493624774 0.5813979963570127 0.600466757741348 0.5788365209471767 0.6007513661202187 0.5757058287795993 0.6007513661202187 0.5720059198542806 0.6007513661202187 0.5697290528233151 0.600466757741348 0.5683060109289618 0.5996129326047359 0.5688752276867032 0.5979052823315119 0.5714367030965393 0.5967668488160293 0.5731443533697632 0.5959130236794171 0.5762750455373407 0.5947745901639345 0.5788365209471767 0.5927823315118398 0.5813979963570127 0.5916438979963571 0.5848132969034608 0.5905054644808744 0.5887978142076503 0.5905054644808744 0.5922131147540984 0.5913592896174864 0.5939207650273225 0.5922131147540984 0.5981898907103826 0.5922131147540984 0.6010359744990893 0.5919285063752278 0.6027436247723134 0.5919285063752278 0.60132058287796 0.5944899817850637 0.598759107468124 0.5967668488160293 0.5964822404371585 0.5984744990892532 0.5927823315118398 0.5998975409836066 0.586520947176685 0.6007513661202187
0 0.5355760473588342 0.7581397996357013 0.5298838797814208 0.7655396174863388 0.5284608378870674 0.7669626593806922 0.5273224043715847 0.769808743169399 0.526183970856102 0.7729394353369764 0.5250455373406193 0.7752163023679418 0.5241917122040074 0.7777777777777779 0.5233378870673954 0.7797700364298726 0.5221994535519127 0.7823315118397086 0.5204918032786886 0.7840391621129327 0.5187841530054645 0.784608378870674 0.5167918943533698 0.784608378870674 0.5156534608378871 0.7823315118397086 0.5159380692167578 0.7800546448087432 0.5182149362477232 0.7780623861566485 0.5204918032786886 0.7772085610200364 0.5213456284153006 0.7749316939890711 0.5221994535519127 0.7726548269581056 0.5233378870673954 0.7695241347905283 0.524476320582878 0.7666780510018216 0.526183970856102 0.7635473588342442 0.5276070127504554 0.7615551001821494 0.5293146630236795 0.759278233151184 0.5313069216757742 0.756716757741348 0.5330145719489983 0.7541552823315119 0.535006830601093 0.7521630236794171 0.5369990892531876 0.7518784153005466
0 0.6573884335154827 0.7441939890710383 0.653688524590164 0.7538706739526412 0.6511270491803279 0.7564321493624774 0.6491347905282332 0.7587090163934427 0.6471425318761385 0.7607012750455374 0.6448656648451732 0.7624089253187614 0.6423041894353371 0.7641165755919855 0.6386042805100183 0.7666780510018216 0.6383196721311476 0.7658242258652095 0.6380350637522769 0.7626935336976322 0.6377504553734062 0.7595628415300547 0.6377504553734062 0.7555783242258652 0.6391734972677596 0.7507399817850637 0.6411657559198543 0.7467554644808744 0.6437272313296903 0.742770947176685 0.6457194899817851 0.7393556466302369 0.6477117486338798 0.7362249544626595 0.6497040072859745 0.7330942622950821 0.6516962659380693 0.7308173952641166 0.653688524590164 0.7299635701275046 0.6565346083788708 0.7325250455373407 0.6582422586520947 0.7353711293260474 0.6579576502732241 0.7396402550091075
0 0.73224043715847 0.88849043715847 0.7279713114754098 0.9030054644808743 0.7265482695810566 0.9064207650273224 0.7245560109289618 0.9095514571948998 0.7222791438979964 0.9121129326047359 0.7205714936247724 0.9135359744990893 0.719148451730419 0.9104052823315119 0.7205714936247724 0.9052823315118398 0.7222791438979964 0.9001593806921676 0.723417577413479 0.8953210382513661 0.7245560109289618 0.8896288706739527 0.7256944444444445 0.8867827868852459 0.7268328779599271 0.8839367030965393 0.7279713114754098 0.8822290528233151 0.729678961748634 0.8816598360655737 0.7305327868852459 0.8830828779599271
0 0.43224715099715105 0.9134615384615385 0.42646011396011396 0.9156873219373219 0.43224715099715105 0.9232549857549858 0.45873178506375234 0.9337431693989071 0.4615778688524591 0.9348816029143898 0.46413934426229514 0.9357354280510018 0.46670081967213123 0.9360200364298726 0.46954690346083794 0.9368738615664846 0.47239298724954465 0.9374430783242259 0.4752390710382514 0.9377276867030966 0.4780851548269582 0.9377276867030966 0.4809312386156649 0.9363046448087432 0.4795081967213115 0.9328893442622951 0.47751593806921677 0.9297586520947176 0.4741006375227687 0.9280510018214937 0.47182377049180335 0.926912568306011 0.46954690346083794 0.9249203096539163 0.4661316029143899 0.9229280510018216 0.4635701275045538 0.9215050091074681 0.4604394353369764 0.9195127504553735 0.458162568306011 0.91808970856102 0.4550318761384336 0.9169512750455374 0.4527550091074682 0.9160974499089254 0.4499089253187615 0.9152436247723134 0.44763205828779606 0.9149590163934427 0.44734744990892533 0.9149590163934427
0 0.9912340619307832 0.8671448087431695 0.981841985428051 0.875398451730419 0.9798497267759564 0.8765368852459017 0.9775728597449909 0.877106102003643 0.9738729508196722 0.8782445355191257 0.9707422586520947 0.8788137522768671 0.967896174863388 0.8790983606557378 0.9650500910746813 0.8793829690346084 0.9622040072859745 0.8793829690346084 0.9587887067395264 0.8793829690346084 0.9562272313296903 0.8793829690346084 0.9542349726775956 0.8788137522768671 0.9525273224043717 0.8776753187613843 0.951388888888889 0.8745446265938069 0.951388888888889 0.8716985428051003 0.9522427140255009 0.8694216757741348 0.953950364298725 0.8668602003642988 0.9559426229508198 0.864867941712204 0.9579348816029145 0.86316029143898 0.9607809653916212 0.8611680327868853 0.9639116575591985 0.8586065573770493 0.967042349726776 0.8566142987249545 0.9690346083788708 0.8554758652094718 0.9727345173041895 0.8537682149362478 0.9761498178506376 0.8526297814207651 0.9807035519125684 0.8520605646630237 0.9849726775956285 0.8514913479052824 0.9889571948998179 0.850068306010929 0.992372495446266 0.8489298724954464 0.9955031876138434 0.8486452641165756 0.9974954462659381 0.8486452641165756 0.9989184881602914 0.8497836976320584 0.9989583333333333 0.8499829234972679 0.9989583333333333 0.8563296903460837 0.9983492714025501 0.8594603825136613 0.995787795992714 0.8625910746812386
0 0.3901143790849673 0.6737926652142339 0.3901143790849673 0.6749273783587509 0.3894335511982571 0.6771968046477851 0.3880718954248366 0.6785584604212056 0.3860294117647059 0.6808278867102397 0.3842138707334786 0.6815087145969498 0.38217138707334786 0.6824164851125636 0.3794480755265069 0.6842320261437909 0.37695170660856936 0.6862745098039216 0.37468228031953527 0.6883169934640523 0.3724128540305011 0.6901325344952797 0.36991648511256353 0.6917211328976035 0.3676470588235294 0.6926289034132171 0.36605846042120554 0.6928558460421205 0.3651506899055919 0.6914941902687002 0.36492374727668847 0.6896786492374728 0.36651234567901236 0.6887708787218592 0.36832788671023964 0.6880900508351488 0.3708242556281772 0.6869553376906319 0.37332062454611475 0.6849128540305011 0.3751361655773421 0.6833242556281772 0.37717864923747274 0.6815087145969498 0.3792211328976035 0.6796931735657226 0.38171750181554104 0.6785584604212056 0.3839869281045752 0.6774237472766884 0.38534858387799564 0.6765159767610748 0.3864832970225127 0.6751543209876544 0.3876180101670298 0.6733387799564271 0.3878449527959332 0.6722040668119099 0.3878449527959332 0.6701615831517793 0.38829883805374005 0.6683460421205519 0.391022149600581 0.6674382716049383 0.391022149600581 0.6697076978939724
0 0.1810897435897436 0.4572649572649573 0.16613247863247865 0.4551282051282051 0.16132478632478633 0.452991452991453 0.1581196581196581 0.45138888888888895 0.15865384615384617 0.44871794871794873 0.16292735042735043 0.44871794871794873 0.16666666666666666 0.44925213675213677 0.1704059829059829 0.4497863247863248 0.17361111111111113 0.4497863247863248 0.17841880341880342 0.45085470085470086 0.1875 0.4519230769230769 0.19177350427350429 0.4519230769230769 0.19711538461538464 0.45245726495726496 0.20299145299145302 0.452991452991453 0.20886752136752137 0.45405982905982906 0.2077991452991453 0.4567307692307692 0.20405982905982908 0.4583333333333333 0.20032051282051283 0.45940170940170943 0.19711538461538464 0.45993589743589747 0.19230769230769235 0.45993589743589747
1 0.8679800724637681 0.5865036231884058 0.8747735507246376 0.5763134057971014 0.8776041666666666 0.5740489130434783 0.8815670289855072 0.5712182971014492 0.8866621376811594 0.568953804347826 0.890625 0.5672554347826088 0.8945878623188405 0.5644248188405797 0.8974184782608695 0.5621603260869565 0.9002490942028986 0.560461956521739 0.9036458333333334 0.5587635869565217 0.9093070652173912 0.5581974637681159 0.9121376811594203 0.5593297101449275 0.9132699275362319 0.5621603260869565 0.9138360507246376 0.5666893115942029 0.9138360507246376 0.5723505434782609 0.9138360507246376 0.5791440217391305 0.9115715579710144 0.5853713768115941 0.9098731884057971 0.5899003623188405 0.9076086956521738 0.5961277173913043 0.9047780797101449 0.6017889492753622 0.8996829710144927 0.6085824275362319 0.8957201086956521 0.613677536231884 0.8900588768115941 0.6182065217391305 0.8838315217391305 0.6216032608695652 0.8787364130434783 0.622169384057971 0.8730751811594203 0.6204710144927537 0.8696784420289855 0.6159420289855072 0.8679800724637681 0.6125452898550724 0.865149456521739 0.6068840579710144 0.8645833333333334 0.6017889492753622 0.8645833333333334 0.5961277173913043
0 0.013134057971014523 0.08152173913043478 0.008605072463768145 0.08208786231884058 0.00011322463768119 0.08265398550724637 -1.4456028966473392e-20 0.08197463768115923 0.0006793478260869845 0.07302989130434782 0.010303442028985536 0.07529438405797101 0.019361413043478284 0.08038949275362318
0 0.40661362080766594 0.30672484599589317 0.41110540725530453 0.3131416837782341 0.4123887748117728 0.31506673511293637 0.41602498288843254 0.3208418891170431 0.4166666666666667 0.32233915126625595 0.4166666666666667 0.32362251882272414 0.414313826146475 0.32233915126625595 0.41260266940451745 0.320200205338809 0.4078969883641342 0.3122861054072553 0.40661362080766594 0.31078884325804246 0.4055441478439425 0.3095054757015742 0.4046885694729637 0.3077943189596167 0.40404688569472963 0.30629705681040387 0.40383299110198495 0.30522758384668036 0.4053302532511978 0.3043720054757016
0 0.343042071197411 0.3713592233009708 0.3339401294498382 0.3683252427184466 0.331715210355987 0.3675161812297734 0.3292880258899676 0.3667071197411003 0.3266585760517799 0.3656957928802589 0.3248381877022653 0.36488673139158573 0.3228155339805825 0.3638754045307443 0.3197815533980582 0.3624595469255663 0.3171521035598705 0.3612459546925566 0.31533171521035597 0.3600323624595469 0.3151294498381877 0.3588187702265372 0.31634304207119734 0.35720064724919093 0.3187702265372168 0.35760517799352753 0.32119741100323623 0.3592233009708738 0.32362459546925565 0.3606391585760518 0.3266585760517799 0.3620550161812297 0.3290857605177993 0.36266181229773464 0.331715210355987 0.3638754045307443 0.3341423948220064 0.36468446601941745 0.3371763754045307 0.36549352750809055 0.33980582524271846 0.3661003236245955 0.34182847896440127 0.3667071197411003 0.3440533980582524 0.3675161812297734 0.3460760517799352 0.3683252427184466 0.34870550161812297 0.36913430420711973 0.35113268608414233 0.3705501618122977 0.35275080906148865 0.3719660194174757 0.35335760517799353 0.37398867313915857 0.3491100323624595 0.373584142394822 0.34627831715210355 0.3719660194174757
0 0.13532763532763534 0.7451923076923078 0.12330840455840457 0.7411858974358975 0.11885683760683761 0.7394052706552706 0.11485042735042736 0.7358440170940171 0.11262464387464388 0.7327279202279203 0.12241809116809117 0.7336182336182336 0.12642450142450143 0.7340633903133903 0.13087606837606838 0.7349537037037037 0.13710826210826213 0.7371794871794872 0.14378561253561256 0.7389601139601141 0.14912749287749288 0.7402955840455842 0.15224358974358976 0.7416310541310541 0.15268874643874644 0.7438568376068377 0.1469017094017094 0.7456374643874644 0.14155982905982908 0.7456374643874644
0 0.6970422749391727 0.08762925790754257 0.7010340632603406 0.08705900243309002 0.7112986618004865 0.08762925790754257 0.722323600973236 0.09124087591240876 0.7268856447688564 0.09656326034063259 0.7304972627737226 0.10150547445255474 0.7306873479318734 0.10587743309002431 0.7266955596107055 0.1094890510948905 0.7202326642335766 0.10682785888077857 0.7152904501216545 0.1043567518248175 0.7111085766423356 0.10169555961070559 0.7073068734793186 0.09846411192214112 0.7033150851581508 0.09523266423357662 0.6985629562043795 0.0918111313868613
