1 0.8765540994623656 0.9819808467741936 0.8769741263440861 0.9719002016129034 0.8786542338709677 0.9676999327956989 0.8799143145161291 0.9626596102150539 0.8815944220430108 0.95887936827957 0.8849546370967742 0.9529989919354839 0.8887348790322581 0.9475386424731183 0.892515120967742 0.9429183467741936 0.8958753360215055 0.9391381048387097 0.8996555779569894 0.9353578629032259 0.9030157930107527 0.9336777553763441 0.9063760080645161 0.9324176747311828 0.9109963037634409 0.9319976478494624 0.9168766801075269 0.9328377016129034 0.9206569220430108 0.9340977822580645 0.9231770833333334 0.9357778897849462 0.9265372983870968 0.9382980510752689 0.9298975134408602 0.9412382392473119 0.9328377016129034 0.9458585349462366 0.9353578629032259 0.9504788306451614 0.9361979166666666 0.9542590725806452 0.9366179435483872 0.9597194220430108 0.9366179435483872 0.9639196908602151 0.9353578629032259 0.9676999327956989 0.9336777553763441 0.9719002016129034 0.9324176747311828 0.976520497311828 0.9307375672043011 0.9803007392473119 0.9290574596774195 0.9836609543010754 0.9261172715053764 0.98828125 0.9219170026881721 0.9933215725806452 0.9181367607526882 0.9971018145161291 0.9160366263440861 0.9983618951612904 0.9124579973118282 0.9989583333333333 0.8845346102150539 0.9987819220430108 0.88075436827957 0.9962617607526882 0.8786542338709677 0.9929015456989247 0.8778141801075269 0.9895413306451614
1 0.7896085349462366 0.9655997983870968 0.7950688844086021 0.9571992607526882 0.7992691532258065 0.9525789650537635 0.8030493951612904 0.9487987231182796 0.8064096102150539 0.9462785618279571 0.8093497983870968 0.9458585349462366 0.8118699596774195 0.9454385080645161 0.8173303091397849 0.9437584005376344 0.820270497311828 0.943338373655914 0.8248907930107527 0.9437584005376344 0.8290910618279571 0.9454385080645161 0.83203125 0.9483786962365592 0.8341313844086022 0.9517389112903226 0.8353914650537635 0.9563592069892474 0.8358114919354839 0.9618195564516129 0.8349714381720431 0.9668598790322581 0.8337113575268817 0.9727402553763441 0.83203125 0.9790406586021505 0.8307711693548387 0.9845010080645161 0.8295110887096775 0.9887012768817205 0.8278309811827957 0.9924815188172044 0.8257308467741936 0.9958417338709677 0.8239994026284349 0.9989583333333333 0.7824680779569894 0.9987819220430108 0.7820480510752688 0.9912214381720431 0.7828881048387097 0.9773605510752689 0.7849882392473119 0.9723202284946237
1 0.5938760080645161 0.9866011424731183 0.5921959005376344 0.9777805779569894 0.5921959005376344 0.9744203629032259 0.5921959005376344 0.9698000672043011 0.5921959005376344 0.964759744623656 0.5930359543010754 0.9597194220430108 0.5947160618279571 0.9550991263440861 0.5968161962365592 0.9500588037634409 0.5989163306451614 0.9462785618279571 0.6022765456989247 0.9424983198924732 0.6056367607526882 0.9391381048387097 0.6094170026881721 0.9370379704301076 0.6123571908602151 0.9353578629032259 0.6148773521505377 0.9340977822580645 0.6186575940860216 0.9332577284946237 0.6224378360215055 0.9328377016129034 0.6278981854838711 0.9328377016129034 0.6304183467741936 0.9336777553763441 0.6316784274193549 0.9357778897849462 0.6341985887096775 0.9387180779569894 0.6371387768817205 0.9416582661290323 0.6392389112903226 0.9441784274193549 0.6409190188172044 0.9471186155913979 0.6425991263440861 0.9496387768817205 0.6446992607526882 0.9534190188172044 0.64637936827957 0.9580393145161291 0.6472194220430108 0.9622395833333334 0.6476394489247312 0.9660198252688172 0.6476394489247312 0.9693800403225806 0.6480594758064516 0.9731602822580645 0.6480594758064516 0.9769405241935484 0.6467993951612904 0.9803007392473119 0.6455393145161291 0.9836609543010754 0.6438592069892474 0.9861811155913979 0.6404989919354839 0.9912214381720431 0.6375588037634409 0.9941616263440861 0.6350386424731183 0.9971018145161291 0.6320984543010754 0.9983618951612904 0.630010920698925 0.9989583333333333 0.6035366263440861 0.9987819220430108 0.6014364919354839 0.9983618951612904 0.5980762768817205 0.9945816532258065 0.5951360887096775 0.9912214381720431
1 0.7288823407775021 0.9289443755169562 0.72526364764268 0.9261011166253101 0.7237127791563276 0.9248087262200165 0.7221619106699751 0.9227409015715468 0.7203525641025641 0.9206730769230769 0.7182847394540943 0.9183467741935484 0.7164753928866833 0.9157619933829612 0.715699958643507 0.9118848221670802 0.7159584367245658 0.9080076509511994 0.7172508271298594 0.9038720016542597 0.7193186517783292 0.8992193961952027 0.7213864764267991 0.8937913564929694 0.7229373449131514 0.8899141852770885 0.7247466914805625 0.8862954921422664 0.7270729942100911 0.8842276674937966 0.7306916873449132 0.8821598428453268 0.734568858560794 0.8811259305210919 0.7407723325062036 0.8798335401157983 0.7449079818031431 0.8787996277915633 0.7495605872622002 0.8782826716294458 0.7547301488833748 0.8780241935483871 0.7578318858560794 0.8782826716294458 0.7606751447477255 0.879058105872622 0.7645523159636063 0.8803504962779157 0.7668786186931348 0.8811259305210919 0.7697218775847808 0.8826767990074441 0.7720481803143093 0.8837107113316791 0.7746329611248967 0.8860370140612076 0.7769592638544253 0.8878463606286187 0.7790270885028949 0.890431141439206 0.7808364350703061 0.8927574441687346 0.7821288254755997 0.8953422249793218 0.7831627377998346 0.8987024400330852 0.7834212158808934 0.9020626550868486 0.7829042597187759 0.9061983043837883 0.7821288254755997 0.9098169975186104 0.7810949131513648 0.9131772125723738 0.7798025227460711 0.9152450372208437 0.7782516542597189 0.9173128618693135 0.7774762200165426 0.9201561207609594 0.776183829611249 0.9237748138957816 0.7746329611248967 0.9255841604631928 0.7723066583953682 0.9279104631927212 0.7694633995037221 0.9299782878411911 0.7658447063689 0.9317876344086021 0.760158188585608 0.9333385028949546 0.7555055831265509 0.9346308933002482 0.7521453680727874 0.9348893713813069 0.7477512406947892 0.9351478494623656 0.7441325475599669 0.9346308933002482 0.7405138544251447 0.933855459057072 0.7381875516956163 0.9330800248138957 0.7350858147229115 0.9317876344086021
1 0.9307537220843672 0.8568289909015715 0.92816894127378 0.8521763854425145 0.927135028949545 0.8503670388751033 0.925325682382134 0.8488161703887511 0.9232578577336642 0.84700682382134 0.9211900330851944 0.8446805210918115 0.9209315550041357 0.8418372622001654 0.9217069892473119 0.8377016129032259 0.9235163358147229 0.8335659636062862 0.926359594706369 0.8304642266335815 0.9310122001654261 0.8276209677419355 0.9351478494623656 0.8245192307692307 0.9377326302729528 0.822451406120761 0.9398004549214227 0.8211590157154673 0.9429021918941274 0.819608147229115 0.9467793631100083 0.8180572787427626 0.9501395781637717 0.8170233664185278 0.9540167493796526 0.8165064102564104 0.9589278329197684 0.8165064102564104 0.9617710918114144 0.8165064102564104 0.9656482630272953 0.8172818444995864 0.96875 0.8183157568238214 0.9713347808105872 0.8193496691480563 0.9734026054590571 0.8203835814722912 0.9762458643507032 0.8219344499586435 0.9788306451612904 0.8240022746071134 0.9811569478908189 0.8260700992555832 0.9850341191066998 0.8286548800661705 0.987618899917287 0.8307227047146403 0.9904621588089331 0.8330490074441688 0.9920130272952854 0.835633788254756 0.9930469396195203 0.8387355252274608 0.993305417700579 0.8415787841191068 0.9925299834574027 0.8444220430107526 0.9909791149710505 0.8472653019023987 0.9881358560794045 0.8514009511993383 0.9852925971877585 0.8545026881720431 0.9824493382961125 0.8570874689826303 0.9788306451612904 0.8604476840363938 0.9752119520264682 0.863032464846981 0.9703008684863524 0.8651002894954508 0.9677160876757651 0.8656172456575683 0.9625465260545906 0.8661342018196857 0.9576354425144747 0.8663926799007444 0.9540167493796526 0.8666511579818031 0.9511734904880066 0.8666511579818031 0.9480717535153019 0.8663926799007444 0.9447115384615384 0.8656172456575683 0.941351323407775 0.8648418114143921 0.9377326302729528 0.863032464846981 0.9348893713813069 0.8612231182795699
1 0.8059088089330025 0.8289133581472291 0.803582506203474 0.8193496691480563 0.803582506203474 0.8159894540942928 0.8040994623655915 0.8131461952026469 0.8048748966087677 0.8087520678246486 0.8056503308519437 0.8040994623655915 0.8069427212572374 0.800739247311828 0.808235111662531 0.7968620760959471 0.8105614143920596 0.7927264267990074 0.8126292390405294 0.7896246898263027 0.8144385856079405 0.7867814309346568 0.816764888337469 0.784713606286187 0.8198666253101737 0.7826457816377171 0.8221929280397023 0.7813533912324235 0.8250361869313482 0.7792855665839536 0.827104011579818 0.77799317617866 0.8294303143093467 0.7764423076923077 0.83279052936311 0.7743744830438379 0.835633788254756 0.7733405707196029 0.8389940033085195 0.7723066583953682 0.841320306038048 0.7720481803143093 0.8462313895781638 0.7720481803143093 0.8514009511993383 0.7730820926385443 0.8539857320099257 0.7748914392059554 0.8573459470636889 0.7777346980976013 0.860189205955335 0.7808364350703061 0.8617400744416874 0.7839381720430108 0.8627739867659223 0.7872983870967742 0.8635494210090985 0.7911755583126552 0.8635494210090985 0.7945357733664186 0.8635494210090985 0.7981544665012408 0.8625155086848635 0.8020316377171216 0.8607061621174524 0.8056503308519437 0.8583798593879239 0.8097859801488834 0.8565705128205129 0.8123707609594707 0.8542442100909843 0.8152140198511167 0.8521763854425145 0.817798800661704 0.849850082712986 0.8206420595533499 0.8477822580645161 0.8229683622828785 0.8446805210918115 0.8268455334987593 0.841320306038048 0.8299472704714641 0.8382185690653433 0.8320150951199339 0.8348583540115798 0.8345998759305212 0.8304642266335815 0.8371846567411084 0.827104011579818 0.8382185690653433 0.8242607526881721 0.838477047146402 0.8211590157154673 0.838477047146402 0.8183157568238214 0.838477047146402 0.8149555417700579 0.8377016129032259 0.8123707609594707 0.8364092224979323 0.8095275020678246 0.8340829197684037
1 0.6740849875930521 0.8433881306865179 0.6696908602150539 0.8379600909842845 0.669432382133995 0.8361507444168734 0.6686569478908189 0.8340829197684037 0.6681399917287014 0.8307227047146403 0.6678815136476427 0.8278794458229942 0.667623035566584 0.8242607526881721 0.6673645574855253 0.8198666253101737 0.6671060794044666 0.8159894540942928 0.6673645574855253 0.8126292390405294 0.6681399917287014 0.8097859801488834 0.6689154259718777 0.8066842431761787 0.6702078163771713 0.8030655500413565 0.6712417287014062 0.7997053349875931 0.6725341191066998 0.7971205541770059 0.6743434656741109 0.7945357733664186 0.6756358560794045 0.793243382961125 0.6774452026468156 0.7916925144747726 0.678996071133168 0.7911755583126552 0.6810638957816377 0.7901416459884202 0.6836486765922251 0.7888492555831266 0.6864919354838711 0.7878153432588917 0.6916614971050455 0.7867814309346568 0.6968310587262201 0.7860059966914806 0.699674317617866 0.7860059966914806 0.7025175765095121 0.7865229528535981 0.7056193134822167 0.7878153432588917 0.7092380066170388 0.7891077336641853 0.7128566997518611 0.7906586021505377 0.7164753928866833 0.7927264267990074 0.7188016956162119 0.7960866418527709 0.7200940860215055 0.7984129445822995 0.7208695202646815 0.800739247311828 0.7219034325889165 0.8028070719602979 0.7229373449131514 0.8048748966087677 0.724229735318445 0.8077181555004136 0.72526364764268 0.8103029363110008 0.7257806038047974 0.8123707609594707 0.7257806038047974 0.813921629445823 0.7250051695616212 0.8159894540942928 0.7244882133995038 0.8183157568238214 0.724229735318445 0.8203835814722912 0.7237127791563276 0.8229683622828785 0.7231958229942101 0.8255531430934657 0.7226788668320927 0.828137923904053 0.7221619106699751 0.8309811827956989 0.7216449545078577 0.8330490074441688 0.7213864764267991 0.8351168320926387 0.7206110421836229 0.8366677005789909 0.7198356079404467 0.8389940033085195 0.718543217535153 0.841320306038048 0.7169923490488006 0.8436466087675766 0.7149245244003309 0.8459729114971051 0.7125982216708023 0.8475237799834575 0.7094964846980977 0.8493331265508686 0.7076871381306866 0.8511424731182796 0.705360835401158 0.8537272539288668 0.7027760545905707 0.8560535566583953 0.7001912737799835 0.8581213813068652 0.697864971050455 0.8596722497932175 0.6955386683209265 0.8599307278742763 0.6908860628618694 0.8591552936311001 0.6864919354838711 0.8578629032258065 0.6839071546732838 0.8565705128205129 0.6815808519437552 0.8542442100909843 0.6784791149710505 0.8503670388751033 0.676152812241522 0.8457144334160464
1 0.5784480976013235 0.8472653019023987 0.5758633167907362 0.8464898676592225 0.5706937551695617 0.8433881306865179 0.5686259305210919 0.8420957402812241 0.5660411497105046 0.8405448717948718 0.5634563688999173 0.838477047146402 0.5621639784946237 0.8371846567411084 0.5606131100082713 0.8353753101736973 0.5593207196029777 0.8338244416873449 0.5585452853598015 0.8320150951199339 0.5582868072787428 0.8299472704714641 0.5577698511166254 0.8263285773366419 0.5575113730355666 0.8240022746071134 0.5577698511166254 0.8201251033912325 0.5595791976840364 0.8165064102564104 0.5611300661703887 0.8128877171215881 0.563714846980976 0.8095275020678246 0.566558105872622 0.8066842431761787 0.5694013647642681 0.803582506203474 0.5725031017369727 0.800739247311828 0.5745709263854426 0.7986714226633581 0.5763802729528537 0.797895988420182 0.5784480976013235 0.7971205541770059 0.580774400330852 0.7968620760959471 0.5846515715467329 0.7971205541770059 0.5874948304383789 0.7976375103391233 0.5916304797353185 0.7984129445822995 0.5965415632754343 0.800739247311828 0.6009356906534327 0.8056503308519437 0.6022280810587263 0.8079766335814723 0.6037789495450786 0.8115953267162944 0.6048128618693135 0.8144385856079405 0.6058467741935484 0.8175403225806452 0.6066222084367247 0.8201251033912325 0.607139164598842 0.8229683622828785 0.6076561207609594 0.8260700992555832 0.6076561207609594 0.8286548800661705 0.6076561207609594 0.8317566170388752 0.6076561207609594 0.8348583540115798 0.6068806865177834 0.838477047146402 0.6061052522746072 0.841320306038048 0.6048128618693135 0.8433881306865179 0.6027450372208437 0.8446805210918115 0.6014526468155501 0.8454559553349876 0.599643300248139 0.8464898676592225 0.597833953680728 0.8475237799834575 0.5955076509511994 0.8485576923076923 0.5931813482216709 0.8495916046319272 0.5905965674110836 0.8495916046319272 0.5867193961952027 0.8493331265508686 0.5823252688172044 0.848040736145575
1 0.8940498345740282 0.7624844913151365 0.8919820099255583 0.7583488420181969 0.8914650537634409 0.7570564516129032 0.8909480976013234 0.7547301488833748 0.8909480976013234 0.7518868899917287 0.8917235318444996 0.748785153019024 0.8919820099255583 0.7459418941273781 0.8924989660876758 0.7433571133167908 0.8937913564929694 0.740255376344086 0.8950837468982631 0.7376705955334988 0.8971515715467329 0.7361197270471465 0.9015456989247312 0.7330179900744418 0.9129187344913151 0.7275899503722084 0.916795905707196 0.7262975599669148 0.9204145988420183 0.7250051695616212 0.9237748138957816 0.7237127791563276 0.9284274193548386 0.7221619106699751 0.9315291563275435 0.7216449545078577 0.9351478494623656 0.7211279983457403 0.9382495864350703 0.7208695202646815 0.9405758891645989 0.7208695202646815 0.9439361042183624 0.7208695202646815 0.9475547973531845 0.7216449545078577 0.9511734904880066 0.7226788668320927 0.9545337055417701 0.7234543010752688 0.9573769644334161 0.724229735318445 0.9599617452440034 0.7244882133995038 0.9625465260545906 0.7250051695616212 0.9648728287841191 0.7257806038047974 0.9671991315136477 0.7268145161290323 0.9690084780810587 0.7278484284532672 0.9710763027295286 0.7293992969396196 0.9726271712158809 0.7317255996691482 0.9736610835401158 0.7337934243176178 0.974436517783292 0.7368951612903226 0.974436517783292 0.740255376344086 0.974436517783292 0.7436155913978495 0.9734026054590571 0.7472342845326717 0.9718517369727047 0.7511114557485526 0.9700423904052936 0.7542131927212573 0.9674576095947064 0.757314929693962 0.9659067411083541 0.7596412324234905 0.9643558726220017 0.7611921009098429 0.9628050041356493 0.7627429693961952 0.9607371794871795 0.764035359801489 0.9584108767576509 0.7650692721257237 0.9563430521091811 0.7663616625310173 0.9542752274607114 0.7673955748552522 0.952724358974359 0.7679125310173698 0.949881100082713 0.7689464433416047 0.9472963192721257 0.7697218775847808 0.944194582299421 0.7710142679900744 0.9416098014888338 0.7720481803143093 0.9385080645161291 0.7733405707196029 0.9343724152191893 0.7738575268817204 0.9307537220843672 0.7741160049627792 0.92816894127378 0.7743744830438379 0.9245502481389578 0.7743744830438379 0.9206730769230769 0.7743744830438379 0.9180882961124897 0.7743744830438379 0.9155035153019023 0.7738575268817204 0.9059398263027295 0.7707557899090157 0.8989609181141439 0.7684294871794872 0.8961176592224979 0.7661031844499586
1 0.6079145988420183 0.7712727460711332 0.6037789495450786 0.7661031844499586 0.6001602564102565 0.7586073200992556 0.5993848221670802 0.7562810173697271 0.5983509098428453 0.7536962365591399 0.5975754755996692 0.75162841191067 0.596800041356493 0.7493021091811414 0.5960246071133167 0.7467173283705542 0.5955076509511994 0.7443910256410257 0.594990694789082 0.7420647229114972 0.594990694789082 0.7397384201819686 0.594990694789082 0.7371536393713813 0.5957661290322581 0.7358612489660877 0.5975754755996692 0.7340519023986766 0.5991263440860216 0.7319840777502068 0.6014526468155501 0.7299162531017369 0.6037789495450786 0.7278484284532672 0.6063637303556658 0.7262975599669148 0.6084315550041357 0.7250051695616212 0.6107578577336643 0.724229735318445 0.6143765508684864 0.7231958229942101 0.6174782878411911 0.7229373449131514 0.6210969809760133 0.7226788668320927 0.6249741521918942 0.7226788668320927 0.6283343672456575 0.7229373449131514 0.6314361042183624 0.7239712572373863 0.6347963192721257 0.72526364764268 0.6378980562448305 0.7268145161290323 0.6404828370554178 0.7283653846153847 0.6417752274607114 0.7304332092638545 0.6428091397849462 0.7325010339123242 0.6443600082712987 0.7348273366418528 0.6459108767576509 0.7376705955334988 0.6474617452440034 0.7399968982630274 0.6484956575682382 0.7423232009925559 0.6518558726220017 0.7503360215053764 0.6528897849462366 0.757314929693962 0.6528897849462366 0.7614505789909016 0.6531482630272953 0.764035359801489 0.6534067411083541 0.7666201406120762 0.6534067411083541 0.7694633995037221 0.6526313068651779 0.7730820926385443 0.6513389164598843 0.776183829611249 0.6495295698924732 0.7777346980976013 0.6466863110008272 0.7790270885028949 0.6438430521091812 0.7798025227460711 0.6409997932175352 0.7805779569892474 0.6371226220016543 0.7813533912324235 0.632728494623656 0.7826457816377171 0.6296267576509512 0.7829042597187759 0.6260080645161291 0.7829042597187759 0.6226478494623656 0.7826457816377171 0.6192876344086021 0.7813533912324235 0.6174782878411911 0.7803194789081885 0.6151519851116626 0.7787686104218363 0.6130841604631928 0.7772177419354839 0.6110163358147229 0.7754083953680728
1 0.7503360215053764 0.7358612489660877 0.7449079818031431 0.7332764681555004 0.7425816790736146 0.7314671215880894 0.7407723325062036 0.7299162531017369 0.7392214640198511 0.7283653846153847 0.7376705955334988 0.7268145161290323 0.7361197270471465 0.7255221257237386 0.734568858560794 0.7239712572373863 0.7330179900744418 0.7219034325889165 0.7317255996691482 0.7203525641025641 0.7317255996691482 0.7203525641025641 0.7304332092638545 0.7193186517783292 0.7283653846153847 0.7172508271298594 0.7268145161290323 0.7146660463192721 0.7260390818858561 0.7118227874276262 0.72526364764268 0.7061362696443342 0.72526364764268 0.7017421422663358 0.7257806038047974 0.6968310587262201 0.7270729942100911 0.6934708436724566 0.7291408188585609 0.6903691066997519 0.7317255996691482 0.6872673697270472 0.7348273366418528 0.6854580231596361 0.7392214640198511 0.6841656327543425 0.7443910256410257 0.6828732423490488 0.7500775434243176 0.6826147642679902 0.7555055831265509 0.6826147642679902 0.7588657981803144 0.6831317204301076 0.7611921009098429 0.6839071546732838 0.7632599255583127 0.6846825889164598 0.7653277502067826 0.6857165012406948 0.7668786186931348 0.6864919354838711 0.7692049214226634 0.6877843258891647 0.7712727460711332 0.6890767162944583 0.7735990488006618 0.6906275847808107 0.7759253515301903 0.6924369313482217 0.7774762200165426 0.693987799834574 0.7790270885028949 0.6955386683209265 0.7803194789081885 0.6970895368072788 0.7816118693134821 0.6988988833746899 0.7831627377998346 0.7009667080231596 0.7854890405293631 0.7045854011579818 0.7865229528535981 0.7066532258064516 0.7878153432588917 0.7087210504549214 0.7888492555831266 0.7100134408602151 0.7898831679073616 0.7113058312655087 0.7909170802315963 0.7131151778329198 0.7919509925558313 0.7151830024813896 0.7919509925558313 0.7175093052109182 0.7919509925558313 0.7198356079404467 0.7916925144747726 0.7221619106699751 0.7909170802315963 0.7239712572373863 0.7901416459884202 0.7262975599669148 0.7891077336641853 0.7286238626964433 0.7880738213399504 0.7304332092638545 0.7870399090157155 0.7322425558312655 0.7849720843672456 0.7332764681555004 0.7816118693134821 0.7340519023986766 0.7772177419354839 0.7348273366418528 0.7728236145574855 0.7361197270471465 0.7715312241521919 0.7363782051282051 0.7689464433416047 0.7368951612903226 0.7661031844499586 0.7374121174524401 0.7637768817204301 0.7376705955334988 0.7609336228287841 0.7381875516956163 0.7578318858560794 0.7381875516956163 0.7547301488833748 0.7374121174524401
1 0.8152140198511167 0.6864919354838711 0.8097859801488834 0.6820978081058726 0.8084935897435898 0.6805469396195203 0.8069427212572374 0.6784791149710505 0.8056503308519437 0.6764112903225806 0.8043579404466501 0.6735680314309348 0.8038409842845327 0.6709832506203475 0.803582506203474 0.6683984698097603 0.803582506203474 0.6645212985938793 0.803582506203474 0.6606441273779985 0.8038409842845327 0.6578008684863524 0.8053918527708851 0.6546991315136477 0.808235111662531 0.6518558726220017 0.8108198924731183 0.650563482216708 0.8146970636889992 0.6495295698924732 0.8188327129859388 0.648754135649297 0.8221929280397023 0.6484956575682382 0.8250361869313482 0.6482371794871795 0.8286548800661705 0.6482371794871795 0.83279052936311 0.6484956575682382 0.8358922663358148 0.6484956575682382 0.8392524813895782 0.6490126137303558 0.8485576923076923 0.6495295698924732 0.8503670388751033 0.6500465260545906 0.8529518196856907 0.650563482216708 0.8555366004962779 0.651597394540943 0.8576044251447478 0.6521143507030605 0.8596722497932175 0.6528897849462366 0.8622570306038049 0.6541821753515303 0.8643248552522746 0.6552160876757651 0.8661342018196857 0.6565084780810587 0.8679435483870968 0.6580593465674112 0.8700113730355666 0.6601271712158809 0.8720791976840364 0.6624534739454095 0.8738885442514476 0.664779776674938 0.8754394127377998 0.6673645574855253 0.8767318031430934 0.6702078163771713 0.8775072373862697 0.6727925971877585 0.8777657154673284 0.676152812241522 0.8775072373862697 0.6797715053763441 0.8767318031430934 0.6823562861869313 0.8746639784946237 0.6851995450785774 0.8723376757650951 0.6875258478081059 0.8694944168734492 0.6901106286186932 0.8674265922249794 0.6919199751861043 0.8651002894954508 0.693987799834574 0.8617400744416874 0.6960556244830439 0.8594137717121588 0.6970895368072788 0.8570874689826303 0.6983819272125724 0.8539857320099257 0.6999327956989247 0.8519179073614558 0.7004497518610422 0.8506255169561622 0.7004497518610422 0.848040736145575 0.6994158395368074 0.8454559553349876 0.6981234491315137 0.843129652605459 0.6970895368072788 0.8400279156327544 0.6960556244830439 0.8371846567411084 0.6955386683209265 0.8340829197684037 0.6947632340777503 0.8320150951199339 0.693987799834574 0.8296887923904053 0.6929538875103393 0.827104011579818 0.6916614971050455 0.825294665012407 0.6908860628618694 0.8219344499586435 0.6901106286186932 0.819608147229115 0.6893351943755169
1 0.5285618279569892 0.6916614971050455 0.5252016129032258 0.6862334574028123 0.5239092224979321 0.6836486765922251 0.523133788254756 0.6813223738626966 0.5220998759305211 0.6782206368899917 0.5213244416873449 0.675118899917287 0.5208074855252274 0.6722756410256411 0.5208074855252274 0.669432382133995 0.5208074855252274 0.6668476013234078 0.5208074855252274 0.6640043424317618 0.5208074855252274 0.6609026054590571 0.5210659636062862 0.6578008684863524 0.5218413978494624 0.6559915219189414 0.5226168320926385 0.6534067411083541 0.5233922663358147 0.6513389164598843 0.5246846567411083 0.6492710918114144 0.5254600909842845 0.6469447890818859 0.5267524813895782 0.6446184863523573 0.5283033498759305 0.6428091397849462 0.5298542183622829 0.6415167493796526 0.5324389991728701 0.640224358974359 0.5342483457402812 0.6391904466501241 0.5376085607940447 0.6376395781637717 0.5417442100909843 0.6360887096774194 0.5453629032258065 0.6350547973531845 0.5497570306038049 0.6342793631100083 0.5541511579818031 0.6342793631100083 0.5580283291976841 0.6342793631100083 0.5600961538461539 0.6347963192721257 0.5626809346567412 0.6358302315963607 0.5639733250620348 0.6368641439205955 0.5650072373862697 0.6381565343258891 0.5652657154673284 0.638415012406948 0.5668165839536808 0.6407413151364765 0.5683674524400331 0.6428091397849462 0.5709522332506204 0.6451354425144749 0.5730200578990902 0.6466863110008272 0.5753463606286187 0.648754135649297 0.5771557071960298 0.651597394540943 0.5774141852770885 0.6552160876757651 0.5776726633581473 0.6588347808105872 0.5776726633581473 0.6619365177832921 0.5776726633581473 0.6642628205128206 0.5776726633581473 0.6671060794044666 0.5774141852770885 0.6699493382961125 0.5768972291149711 0.6722756410256411 0.5761217948717949 0.6753773779983459 0.5753463606286187 0.6782206368899917 0.574053970223325 0.6810638957816377 0.573278535980149 0.6831317204301076 0.572244623655914 0.6851995450785774 0.5709522332506204 0.6867504135649297 0.5688844086021505 0.6893351943755169 0.5670750620347395 0.6908860628618694 0.564748759305211 0.692178453267163 0.5616470223325063 0.693987799834574 0.5582868072787428 0.6952801902398676 0.5551850703060381 0.6960556244830439 0.5520833333333334 0.6968310587262201 0.550532464846981 0.6973480148883375 0.5479476840363938 0.6981234491315137 0.5445874689826303 0.6983819272125724 0.5425196443341604 0.6983819272125724 0.5394179073614558 0.6981234491315137 0.537350082712986 0.6976064929693961 0.5347653019023987 0.6965725806451614 0.5324389991728701 0.6952801902398676
1 0.6236817617866006 0.6541821753515303 0.6221308933002482 0.6536652191894128 0.6169613316790736 0.6495295698924732 0.6151519851116626 0.6484956575682382 0.6123087262200165 0.6464278329197685 0.6097239454094293 0.6446184863523573 0.6076561207609594 0.6428091397849462 0.6055882961124898 0.640224358974359 0.6042959057071962 0.6378980562448305 0.6027450372208437 0.6347963192721257 0.6014526468155501 0.6319530603804798 0.6006772125723738 0.6296267576509512 0.5991263440860216 0.6267834987593053 0.5980924317617866 0.6244571960297767 0.5973169975186104 0.6216139371381307 0.5965415632754343 0.6187706782464847 0.5955076509511994 0.6154104631927212 0.5947322167080231 0.6123087262200165 0.5944737386269645 0.6094654673283706 0.5944737386269645 0.6079145988420183 0.594990694789082 0.6055882961124898 0.5960246071133167 0.6032619933829612 0.596800041356493 0.6014526468155501 0.5975754755996692 0.5999017783291977 0.5988678660049628 0.5975754755996692 0.5999017783291977 0.5957661290322581 0.6011941687344913 0.5942152605459057 0.6030035153019024 0.5931813482216709 0.6053298180314309 0.5918889578163772 0.6073976426799008 0.5913720016542598 0.6094654673283706 0.5908550454921423 0.6117917700578991 0.5903380893300249 0.6146350289495451 0.5898211331679074 0.6177367659222498 0.58930417700579 0.6221308933002482 0.5898211331679074 0.6291098014888338 0.5916304797353185 0.6319530603804798 0.5924059139784946 0.6371226220016543 0.5944737386269645 0.6389319685690654 0.5955076509511994 0.6409997932175352 0.5965415632754343 0.6435845740281224 0.597833953680728 0.6456523986765923 0.5993848221670802 0.648754135649297 0.6017111248966088 0.6513389164598843 0.6035204714640199 0.6539236972704715 0.6058467741935484 0.6559915219189414 0.6076561207609594 0.6583178246484699 0.6102409015715468 0.6603856492969397 0.6125672043010754 0.6624534739454095 0.6148935070306039 0.6640043424317618 0.6169613316790736 0.6655552109181142 0.6190291563275435 0.6673645574855253 0.6216139371381307 0.6689154259718777 0.6247156741108354 0.6704662944582299 0.6273004549214227 0.6715002067824649 0.6298852357320099 0.6720171629445824 0.632728494623656 0.6720171629445824 0.6353132754342432 0.6720171629445824 0.6381565343258891 0.6715002067824649 0.6415167493796526 0.6709832506203475 0.6453939205955336 0.6702078163771713 0.6497880479735318 0.669432382133995 0.6534067411083541 0.6681399917287014 0.655474565756824 0.6663306451612904 0.6575423904052936 0.6645212985938793 0.6585763027295286 0.6621949958643507 0.6596102150537635 0.6598686931348222 0.6609026054590571 0.6565084780810587 0.6624534739454095 0.6528897849462366 0.6629704301075269 0.6479787014061208 0.6632289081885857 0.6441015301902399 0.6629704301075269 0.6397074028122416 0.6614195616211745 0.6366056658395369 0.6601271712158809 0.633503928866832 0.6583178246484699 0.6301437138130688 0.6565084780810587
1 0.7177677832919769 0.6017111248966088 0.7146660463192721 0.5980924317617866 0.7133736559139785 0.5957661290322581 0.7115643093465674 0.5931813482216709 0.7097549627791564 0.591113523573201 0.7079456162117452 0.588270264681555 0.7063947477253929 0.5856854838709677 0.7048438792390406 0.5825837468982631 0.703551488833747 0.5789650537634409 0.7032930107526882 0.5756048387096775 0.703551488833747 0.5719861455748554 0.705360835401158 0.5686259305210919 0.7071701819685692 0.5662996277915633 0.7097549627791564 0.5644902812241522 0.7120812655086849 0.5626809346567412 0.7144075682382134 0.5616470223325063 0.7175093052109182 0.5606131100082713 0.7195771298593879 0.5600961538461539 0.7226788668320927 0.5593207196029777 0.7257806038047974 0.5588037634408602 0.7286238626964433 0.5582868072787428 0.7319840777502068 0.5580283291976841 0.7350858147229115 0.5580283291976841 0.7392214640198511 0.5580283291976841 0.7428401571546732 0.5582868072787428 0.7459418941273781 0.5585452853598015 0.7493021091811414 0.5590622415219191 0.7513699338296113 0.5595791976840364 0.7547301488833748 0.5606131100082713 0.757314929693962 0.5616470223325063 0.7598997105045492 0.5629394127377999 0.7619675351530191 0.5644902812241522 0.7637768817204301 0.5662996277915633 0.7661031844499586 0.5681089743589745 0.7679125310173698 0.5699183209263855 0.7697218775847808 0.5725031017369727 0.7707557899090157 0.574053970223325 0.7728236145574855 0.5756048387096775 0.7738575268817204 0.5761217948717949 0.7767007857733664 0.5787065756823822 0.7777346980976013 0.5810328784119108 0.7787686104218363 0.5843930934656741 0.7795440446650125 0.5880117866004964 0.7800610008271299 0.5913720016542598 0.7798025227460711 0.5947322167080231 0.7787686104218363 0.5975754755996692 0.7772177419354839 0.5991263440860216 0.775149917287014 0.6017111248966088 0.7735990488006618 0.6035204714640199 0.7715312241521919 0.6042959057071962 0.7686879652605458 0.6050713399503722 0.764810794044665 0.6061052522746072 0.7611921009098429 0.6068806865177834 0.7580903639371381 0.6076561207609594 0.7542131927212573 0.6086900330851944 0.7505944995864351 0.6092069892473119 0.7469758064516129 0.6097239454094293 0.7438740694789082 0.609982423490488 0.7407723325062036 0.6102409015715468 0.7381875516956163 0.6097239454094293 0.7337934243176178 0.608948511166253 0.7306916873449132 0.6084315550041357 0.7273314722911497 0.6084315550041357 0.7255221257237386 0.608173076923077 0.7231958229942101 0.6066222084367247 0.7203525641025641 0.6042959057071962
1 0.8369261786600497 0.6107578577336643 0.8307227047146403 0.6040374276261373 0.8291718362282878 0.6017111248966088 0.828137923904053 0.599643300248139 0.8268455334987593 0.5970585194375517 0.825294665012407 0.5939567824648471 0.8242607526881721 0.5913720016542598 0.8232268403639371 0.5885287427626138 0.8221929280397023 0.585427005789909 0.8219344499586435 0.5823252688172044 0.8219344499586435 0.5794820099255583 0.8219344499586435 0.5766387510339123 0.822451406120761 0.5743124483043839 0.823485318444996 0.5714691894127378 0.8247777088502896 0.5694013647642681 0.8260700992555832 0.5675920181968569 0.8278794458229942 0.5657826716294458 0.8299472704714641 0.5642318031430935 0.8314981389578163 0.5634563688999173 0.8340829197684037 0.5624224565756824 0.8382185690653433 0.5611300661703887 0.8420957402812241 0.5611300661703887 0.8459729114971051 0.5611300661703887 0.8495916046319272 0.5619055004135649 0.8521763854425145 0.5629394127377999 0.8552781224152193 0.5639733250620348 0.8583798593879239 0.5650072373862697 0.861998552522746 0.566558105872622 0.8651002894954508 0.5675920181968569 0.8682020264681556 0.5691428866832093 0.8718207196029777 0.5706937551695617 0.8744055004135649 0.572244623655914 0.8775072373862697 0.5737954921422664 0.8806089743589743 0.5761217948717949 0.8842276674937966 0.5781896195202647 0.8870709263854425 0.5799989660876758 0.8899141852770885 0.5818083126550868 0.8924989660876758 0.5831007030603804 0.8948252688172043 0.5843930934656741 0.8966346153846154 0.585427005789909 0.8981854838709677 0.5869778742762614 0.8997363523573202 0.5890456989247312 0.9012872208436724 0.5916304797353185 0.9020626550868486 0.5934398263027295 0.9028380893300249 0.5955076509511994 0.903613523573201 0.597833953680728 0.9041304797353185 0.6001602564102565 0.9043889578163772 0.6032619933829612 0.9043889578163772 0.6068806865177834 0.9030965674110836 0.6102409015715468 0.900770264681555 0.6141180727874276 0.8968930934656741 0.6167028535980149 0.8917235318444996 0.6190291563275435 0.8888802729528537 0.6198045905707197 0.8862954921422664 0.6208385028949546 0.882935277088503 0.6226478494623656 0.8806089743589743 0.6236817617866006 0.8780241935483871 0.6247156741108354 0.876214846980976 0.6249741521918942 0.8725961538461539 0.6249741521918942 0.8684605045492142 0.6244571960297767 0.8643248552522746 0.6239402398676592 0.8614815963606286 0.6234232837055418 0.8586383374689827 0.6226478494623656 0.8560535566583953 0.6216139371381307 0.8529518196856907 0.6208385028949546 0.8511424731182796 0.6200630686517783 0.8477822580645161 0.6182537220843672 0.8444220430107526 0.6164443755169562 0.8402863937138131 0.6136011166253101
1 0.9840002067824649 0.638415012406948 0.9814154259718777 0.637381100082713 0.9762458643507032 0.634537841191067 0.9741780397022333 0.6329869727047146 0.9723686931348222 0.6309191480562448 0.9700423904052936 0.628851323407775 0.9677160876757651 0.6265250206782464 0.9651313068651779 0.6239402398676592 0.963063482216708 0.6210969809760133 0.9615126137303557 0.6179952440033085 0.960220223325062 0.6146350289495451 0.9591863110008272 0.6112748138957816 0.9584108767576509 0.607139164598842 0.9584108767576509 0.6027450372208437 0.9586693548387097 0.5983509098428453 0.9597032671629446 0.5947322167080231 0.961254135649297 0.5898211331679074 0.9622880479735318 0.5877533085194375 0.9635804383788255 0.5849100496277917 0.9651313068651779 0.5825837468982631 0.9674576095947064 0.5794820099255583 0.9695254342431762 0.5771557071960298 0.9723686931348222 0.5743124483043839 0.9752119520264682 0.5730200578990902 0.9790891232423491 0.5717276674937966 0.9821908602150538 0.5712107113316791 0.9863265095119934 0.5709522332506204 0.9896867245657569 0.5706937551695617 0.9940808519437552 0.570435277088503 0.9971825889164598 0.570435277088503 0.9989583333333333 0.570435277088503 0.9989583333333333 0.570435277088503 0.9989583333333333 0.572244623655914 0.9989583333333333 0.6430676178660051 0.9940808519437552 0.6422921836228288 0.9912375930521091 0.6420337055417701 0.9896867245657569 0.6412582712985938
1 0.5195150951199338 0.596800041356493 0.5135700992555832 0.5936983043837883 0.5125361869313482 0.5924059139784946 0.509951406120761 0.5887872208436725 0.5086590157154673 0.5859439619520265 0.5073666253101737 0.5838761373035567 0.5063327129859387 0.5812913564929694 0.5055572787427626 0.5789650537634409 0.5047818444995864 0.5753463606286187 0.5047818444995864 0.572244623655914 0.5047818444995864 0.5688844086021505 0.5047818444995864 0.5650072373862697 0.5050403225806451 0.5613885442514476 0.5058157568238213 0.5580283291976841 0.507108147229115 0.5557020264681556 0.5081420595533499 0.553375723738627 0.5094344499586435 0.5510494210090985 0.5107268403639371 0.5492400744416874 0.5127946650124069 0.5474307278742764 0.514604011579818 0.5451044251447478 0.5161548800661704 0.5432950785773367 0.5187396608767576 0.5422611662531018 0.5213244416873449 0.5409687758478082 0.5233922663358147 0.5399348635235732 0.5267524813895782 0.5391594292803971 0.5290787841191067 0.5389009511993383 0.5319220430107526 0.5389009511993383 0.535540736145575 0.5389009511993383 0.5381255169561622 0.5391594292803971 0.5427781224152193 0.5407102977667494 0.5445874689826303 0.5414857320099257 0.5463968155500414 0.5435535566583954 0.5482061621174524 0.544845947063689 0.5515663771712159 0.5463968155500414 0.5528587675765095 0.5469137717121588 0.5538926799007445 0.5479476840363938 0.5546681141439206 0.5500155086848636 0.554409636062862 0.5528587675765095 0.5554435483870968 0.5546681141439206 0.5559605045492142 0.5567359387923905 0.5567359387923905 0.5585452853598015 0.5572528949545078 0.5606131100082713 0.5575113730355666 0.5626809346567412 0.5575113730355666 0.5652657154673284 0.5575113730355666 0.5678504962779157 0.5575113730355666 0.5701767990074441 0.5575113730355666 0.572244623655914 0.5572528949545078 0.5737954921422664 0.5567359387923905 0.5766387510339123 0.556218982630273 0.5794820099255583 0.5554435483870968 0.5820667907361456 0.5546681141439206 0.5846515715467329 0.553375723738627 0.5872363523573202 0.5520833333333334 0.5898211331679074 0.5507909429280397 0.5921474358974359 0.5482061621174524 0.5947322167080231 0.5456213813068652 0.5965415632754343 0.5427781224152193 0.5980924317617866 0.5391594292803971 0.5993848221670802 0.5360576923076923 0.5993848221670802 0.5324389991728701 0.5993848221670802 0.5303711745244003 0.599643300248139 0.5277863937138131 0.5993848221670802 0.524943134822167 0.5988678660049628
1 0.7609336228287841 0.5115022746071133 0.7562810173697271 0.5068496691480563 0.7552471050454922 0.5055572787427626 0.7539547146401985 0.5034894540942928 0.7524038461538463 0.5014216294458229 0.7511114557485526 0.4996122828784119 0.7498190653432589 0.4975444582299421 0.7482681968569066 0.495735111662531 0.7469758064516129 0.49366728701406115 0.7456834160463193 0.49108250620347393 0.7441325475599669 0.48849772539288666 0.7428401571546732 0.48565446650124067 0.7418062448304384 0.4830696856906534 0.7415477667493796 0.48151881720430106 0.7410308105872622 0.47970947063689 0.7405138544251447 0.47712468982630274 0.740255376344086 0.474022952853598 0.7405138544251447 0.4709212158808933 0.7418062448304384 0.4680779569892473 0.7433571133167908 0.4654931761786601 0.7451664598842018 0.46316687344913154 0.7472342845326717 0.4610990488006617 0.7493021091811414 0.4592897022332506 0.75162841191067 0.4574803556658395 0.7549886269644335 0.4564464433416046 0.7578318858560794 0.4554125310173697 0.7609336228287841 0.45515405293631095 0.7650692721257237 0.45515405293631095 0.7684294871794872 0.4554125310173697 0.7710142679900744 0.4561879652605459 0.7735990488006618 0.4572218775847808 0.7759253515301903 0.45851426799007444 0.7790270885028949 0.4603236145574855 0.781870347394541 0.4621329611248966 0.7841966501240695 0.46394230769230765 0.7867814309346568 0.46575165425971876 0.7893662117452441 0.46781947890818854 0.7919509925558313 0.4696288254755997 0.7940188172043011 0.47169665012406947 0.7958281637717123 0.4735059966914806 0.7976375103391233 0.47583229942100913 0.7997053349875931 0.4784170802315964 0.8012562034739454 0.48151881720430106 0.802548593879239 0.4846205541770058 0.803582506203474 0.48849772539288666 0.8043579404466501 0.4913409842845327 0.8046164185277089 0.4947011993382961 0.8048748966087677 0.49728598014888337 0.8048748966087677 0.5006461952026469 0.8048748966087677 0.5037479321753515 0.8043579404466501 0.507108147229115 0.8038409842845327 0.5102098842018197 0.8028070719602979 0.5133116211745244 0.8020316377171216 0.5161548800661704 0.8004807692307693 0.5182227047146402 0.797895988420182 0.5208074855252274 0.7955696856906534 0.5223583540115798 0.7924679487179488 0.5236507444168734 0.7896246898263027 0.5241677005789909 0.7852305624483045 0.5246846567411083 0.7826457816377171 0.5246846567411083 0.7798025227460711 0.5246846567411083 0.7764423076923077 0.5241677005789909 0.775149917287014 0.5233922663358147 0.7735990488006618 0.5220998759305211 0.7715312241521919 0.5205490074441687 0.7692049214226634 0.5182227047146402 0.7666201406120762 0.5156379239040529 0.7637768817204301 0.5130531430934656
1 0.841320306038048 0.5164133581472291 0.8377016129032259 0.5125361869313482 0.8361507444168734 0.5109853184449958 0.8343413978494624 0.5094344499586435 0.8325320512820513 0.5081420595533499 0.8309811827956989 0.5063327129859387 0.8296887923904053 0.5047818444995864 0.8286548800661705 0.5029724979321754 0.8276209677419355 0.5009046732837056 0.8268455334987593 0.49806141439205953 0.8268455334987593 0.4949596774193548 0.8268455334987593 0.49237489660876754 0.8273624896608768 0.4892731596360628 0.8278794458229942 0.48617142266335817 0.828137923904053 0.4833281637717121 0.8289133581472291 0.4810018610421836 0.8299472704714641 0.4781586021505376 0.8304642266335815 0.47583229942100913 0.8317566170388752 0.47273056244830436 0.83279052936311 0.4706627377998346 0.8343413978494624 0.46859491315136476 0.8358922663358148 0.46575165425971876 0.8371846567411084 0.46445926385442515 0.838477047146402 0.46316687344913154 0.8410618279569894 0.4616160049627791 0.844163564929694 0.460840570719603 0.8482992142266336 0.46058209263854427 0.8519179073614558 0.46058209263854427 0.8555366004962779 0.46058209263854427 0.8586383374689827 0.46058209263854427 0.8612231182795699 0.46058209263854427 0.8635494210090985 0.46058209263854427 0.8661342018196857 0.4621329611248966 0.868718982630273 0.46368382961124893 0.8718207196029777 0.4662686104218362 0.8741470223325062 0.4688533912324235 0.8759563688999173 0.47169665012406947 0.8780241935483871 0.47453990901571547 0.8800920181968569 0.47712468982630274 0.8816428866832093 0.47970947063689 0.8831937551695616 0.4822942514474773 0.884744623655914 0.4851375103391232 0.8862954921422664 0.4877222911497105 0.88758788254756 0.49004859387923905 0.8891387510339123 0.49289185277088504 0.890431141439206 0.495735111662531 0.8914650537634409 0.498578370554177 0.8927574441687346 0.5021970636889992 0.8935328784119106 0.5047818444995864 0.8935328784119106 0.5078835814722911 0.893274400330852 0.5102098842018197 0.8914650537634409 0.5130531430934656 0.890431141439206 0.5151209677419355 0.8893972291149711 0.517447270471464 0.8883633167907361 0.519256617038875 0.8870709263854425 0.5210659636062862 0.8855200578990902 0.5228753101736973 0.8837107113316791 0.5244261786600496 0.881901364764268 0.5244261786600496 0.8787996277915633 0.5241677005789909 0.8751809346567412 0.5239092224979321 0.8710452853598015 0.5236507444168734 0.867685070306038 0.5233922663358147 0.8635494210090985 0.5233922663358147 0.8609646401985113 0.5233922663358147 0.8594137717121588 0.523133788254756 0.8560535566583953 0.5226168320926385 0.8529518196856907 0.5226168320926385 0.8506255169561622 0.5223583540115798 0.8482992142266336 0.5213244416873449 0.8451974772539289 0.519256617038875
1 0.9041304797353185 0.45903122415219183 0.8999948304383788 0.45179383788254757 0.8984439619520265 0.44972601323407774 0.8974100496277916 0.446624276261373 0.8963761373035567 0.4437810173697271 0.8958591811414393 0.44093775847808103 0.8950837468982631 0.43835297766749376 0.8950837468982631 0.4349927626137304 0.8956007030603804 0.4316325475599669 0.8963761373035567 0.4285308105872622 0.8974100496277916 0.42594602977667495 0.8987024400330852 0.4228442928039702 0.9002533085194375 0.4210349462365591 0.9028380893300249 0.41845016542597185 0.9051643920595533 0.4166408188585608 0.9087830851943756 0.4156069065343259 0.9126602564102565 0.41431451612903225 0.9160204714640199 0.4135390818858561 0.9188637303556658 0.41328060380479736 0.9217069892473119 0.41328060380479736 0.9255841604631928 0.4135390818858561 0.9289443755169562 0.41431451612903225 0.932046112489661 0.4150899503722084 0.9348893713813069 0.416382340777502 0.9379911083540117 0.41741625310173697 0.9416098014888338 0.4192255996691481 0.944194582299421 0.4207764681555004 0.9472963192721257 0.42310277088502896 0.9503980562448305 0.42517059553349873 0.9532413151364765 0.4274968982630273 0.9563430521091811 0.4295647229114971 0.9589278329197684 0.4321495037220844 0.9615126137303557 0.43421732837055416 0.9633219602977668 0.4365436311000827 0.9656482630272953 0.4393868899917287 0.9679745657568238 0.44274710504549214 0.9692669561621174 0.44559036393713813 0.969783912324235 0.4484336228287841 0.9703008684863524 0.45179383788254757 0.970559346567411 0.4548955748552522 0.970559346567411 0.457997311827957 0.970559346567411 0.4613575268817204 0.969783912324235 0.4642007857733664 0.96875 0.4670440446650124 0.966940653432589 0.4704042597187758 0.9646143507030605 0.4735059966914806 0.9625465260545906 0.47609077750206785 0.960220223325062 0.4776416459884202 0.9576354425144747 0.47970947063689 0.9545337055417701 0.4810018610421836 0.9511734904880066 0.4817772952853598 0.9493641439205955 0.4822942514474773 0.9462624069478909 0.482552729528536 0.9434191480562448 0.482552729528536 0.9408343672456575 0.482552729528536 0.9379911083540117 0.48151881720430106 0.933855459057072 0.48022642679900746 0.9310122001654261 0.4789340363937138 0.9279104631927212 0.4776416459884202 0.9255841604631928 0.47660773366418524 0.921448511166253 0.47453990901571547 0.9178298180314309 0.4729890405293631 0.9152450372208437 0.47143817204301075 0.9126602564102565 0.4701457816377171 0.9103339536807279 0.4688533912324235 0.9082661290322581 0.4667855665839537 0.906456782464847 0.46394230769230765
1 0.7521453680727874 0.4122466914805624 0.7472342845326717 0.41043734491315137 0.7456834160463193 0.4094034325889165 0.7438740694789082 0.4078525641025641 0.7428401571546732 0.4065601736972705 0.7418062448304384 0.4052677832919768 0.741289288668321 0.4034584367245657 0.7399968982630274 0.40035669975186106 0.7389629859387924 0.39596257237386273 0.7379290736145575 0.3918269230769231 0.7371536393713813 0.3863988833746898 0.7368951612903226 0.3817462779156327 0.7376705955334988 0.3773521505376344 0.7397384201819686 0.37528432588916455 0.7418062448304384 0.37450889164598844 0.7441325475599669 0.3737334574028122 0.7474927626137303 0.37269954507857733 0.7521453680727874 0.37140715467328367 0.7552471050454922 0.37037324234904884 0.7580903639371381 0.37011476426799006 0.7619675351530191 0.3695978081058726 0.7650692721257237 0.3695978081058726 0.7686879652605458 0.3695978081058726 0.7712727460711332 0.36985628618693134 0.7741160049627792 0.3708901985111662 0.7772177419354839 0.3721825889164599 0.7810949131513648 0.3732165012406948 0.784713606286187 0.37450889164598844 0.787556865177833 0.37528432588916455 0.7901416459884202 0.3763182382133995 0.7911755583126552 0.3778691066997518 0.7924679487179488 0.3801954094292804 0.7942772952853598 0.38303866832092637 0.7955696856906534 0.3853649710504549 0.7976375103391233 0.38769127377998347 0.7986714226633581 0.390017576509512 0.7999638130686518 0.39260235732009924 0.8002222911497106 0.3949286600496278 0.7994468569065344 0.39751344086021506 0.7981544665012408 0.4006151778329198 0.7966035980148883 0.403199958643507 0.7953112076095947 0.4047508271298594 0.793243382961125 0.40630169561621177 0.7909170802315963 0.4075940860215054 0.7880738213399504 0.40914495450785776 0.784713606286187 0.4109543010752688 0.781870347394541 0.4122466914805624 0.7798025227460711 0.4127636476426799 0.7777346980976013 0.4127636476426799 0.7748914392059554 0.41302212572373864 0.7723066583953682 0.41328060380479736 0.7686879652605458 0.4135390818858561 0.764035359801489 0.4135390818858561 0.7604166666666666 0.4135390818858561 0.7565394954507858 0.4135390818858561
1 0.8586383374689827 0.3680469396195203 0.8511424731182796 0.3641697684036394 0.8490746484698097 0.36184346567411085 0.848040736145575 0.3592586848635236 0.8472653019023987 0.3558984698097601 0.84700682382134 0.352279776674938 0.8467483457402812 0.3491780397022332 0.8467483457402812 0.34555934656741105 0.84700682382134 0.34194065343258895 0.848040736145575 0.33728804797353185 0.8485576923076923 0.3336693548387097 0.8501085607940447 0.3310845740281224 0.852693341604632 0.3282413151364764 0.8547611662531017 0.32643196856906537 0.8573459470636889 0.324881100082713 0.860189205955335 0.3233302315963606 0.8627739867659223 0.3225547973531845 0.8656172456575683 0.322037841191067 0.8684605045492142 0.322037841191067 0.8710452853598015 0.32307175351530193 0.8731131100082713 0.32462262200165426 0.8767318031430934 0.32643196856906537 0.8798335401157983 0.3279828370554177 0.8813844086021505 0.32875827129859386 0.8831937551695616 0.3295337055417701 0.8855200578990902 0.3308260959470637 0.88758788254756 0.3321184863523573 0.8906896195202647 0.33418631100082713 0.8930159222497932 0.3367710918114144 0.8948252688172043 0.3390973945409429 0.8968930934656741 0.34168217535153017 0.8981854838709677 0.34375 0.8992193961952027 0.34555934656741105 0.8999948304383788 0.3476271712158809 0.9005117866004964 0.35150434243176176 0.9005117866004964 0.3538306451612903 0.8997363523573202 0.35719086021505375 0.8981854838709677 0.3605510752688172 0.8958591811414393 0.3639112903225807 0.8937913564929694 0.3675299834574028 0.8893972291149711 0.3732165012406948 0.8878463606286187 0.37502584780810583 0.8860370140612076 0.3765767162944582 0.882935277088503 0.3770936724565757 0.8811259305210919 0.3773521505376344 0.8795750620347395 0.3773521505376344 0.876214846980976 0.376835194375517 0.8718207196029777 0.37580128205128205 0.8692359387923905 0.37476736972704716 0.8674265922249794 0.3737334574028122 0.8643248552522746 0.37166563275434245 0.8612231182795699 0.36985628618693134
1 0.8516594292803971 0.306012200165426 0.8516594292803971 0.3049782878411911 0.8516594292803971 0.3011011166253102 0.8516594292803971 0.2992917700578991 0.8524348635235732 0.2972239454094293 0.8534687758478081 0.2951561207609595 0.8545026881720431 0.2925713399503722 0.8565705128205129 0.2894696029776675 0.8586383374689827 0.28714330024813894 0.8609646401985113 0.28455851943755167 0.8638078990901571 0.2827491728701406 0.8661342018196857 0.2809398263027295 0.8689774607113316 0.27913047973531846 0.8718207196029777 0.27757961124896613 0.8749224565756824 0.275770264681555 0.8775072373862697 0.27447787427626136 0.8803504962779157 0.27318548387096775 0.8839691894127378 0.2718930934656741 0.88758788254756 0.271117659222498 0.8914650537634409 0.2708591811414392 0.8948252688172043 0.271117659222498 0.8966346153846154 0.2718930934656741 0.8981854838709677 0.272927005789909 0.8994778742762614 0.27447787427626136 0.8994778742762614 0.27447787427626136 0.9005117866004964 0.275770264681555 0.9028380893300249 0.27835504549214224 0.9043889578163772 0.2809398263027295 0.9059398263027295 0.284300041356493 0.9067152605459057 0.28869416873449133 0.9072322167080231 0.2923128618693135 0.9072322167080231 0.2969654673283706 0.9067152605459057 0.3013595947063689 0.9041304797353185 0.306012200165426 0.9015456989247312 0.3093724152191894 0.8974100496277916 0.31169871794871795 0.8927574441687346 0.313508064516129 0.890431141439206 0.3142834987593052 0.8891387510339123 0.31454197684036395 0.8862954921422664 0.31583436724565755 0.8821598428453268 0.31686827956989244 0.8780241935483871 0.31712675765095116 0.8733715880893301 0.3160928453267163 0.8700113730355666 0.3150589330024814 0.8648418114143921 0.31454197684036395 0.8622570306038049 0.3140250206782465 0.8586383374689827 0.31273263027295284 0.8557950785773367 0.3111817617866005 0.8534687758478081 0.30885545905707196
1 0.7423232009925559 0.3153174110835401 0.7376705955334988 0.3119571960297767 0.7361197270471465 0.3101478494623656 0.7343103804797354 0.30756306865177835 0.7330179900744418 0.3054952440033085 0.7319840777502068 0.30368589743589747 0.7306916873449132 0.3013595947063689 0.7293992969396196 0.29877481389578164 0.7286238626964433 0.29541459884201815 0.7283653846153847 0.2925713399503722 0.7278484284532672 0.29024503722084366 0.7278484284532672 0.28740177832919767 0.7283653846153847 0.2840415632754343 0.7293992969396196 0.28171526054590573 0.7306916873449132 0.2799059139784946 0.7325010339123242 0.27835504549214224 0.7353442928039703 0.2765456989247312 0.7379290736145575 0.27499483043837886 0.7405138544251447 0.27370244003308525 0.7433571133167908 0.2724100496277916 0.7462003722084367 0.271117659222498 0.7503360215053764 0.27034222497932175 0.7539547146401985 0.2698252688172043 0.7575734077750208 0.2698252688172043 0.7611921009098429 0.2698252688172043 0.764035359801489 0.2698252688172043 0.7663616625310173 0.27008374689826303 0.7694633995037221 0.2708591811414392 0.7735990488006618 0.2721515715467328 0.7769592638544253 0.27318548387096775 0.7803194789081885 0.2739609181141439 0.7831627377998346 0.27499483043837886 0.7872983870967742 0.27732113316790735 0.7891077336641853 0.27861352357320096 0.7924679487179488 0.28119830438378823 0.7940188172043011 0.28249069478908184 0.7963451199338297 0.284300041356493 0.7981544665012408 0.28585090984284534 0.7994468569065344 0.28662634408602156 0.8012562034739454 0.28791873449131516 0.8028070719602979 0.2894696029776675 0.8038409842845327 0.2910204714640198 0.8046164185277089 0.2925713399503722 0.8056503308519437 0.29541459884201815 0.8061672870140613 0.2982578577336642 0.80642576509512 0.3013595947063689 0.8059088089330025 0.30471980976013235 0.8048748966087677 0.30782154673283707 0.8033240281224152 0.310664805624483 0.8012562034739454 0.3137665425971878 0.7991883788254756 0.3160928453267163 0.7976375103391233 0.3179021918941274 0.795052729528536 0.32022849462365593 0.7924679487179488 0.32126240694789077 0.7885907775020679 0.322037841191067 0.7841966501240695 0.3228132754342432 0.7803194789081885 0.3228132754342432 0.7767007857733664 0.32307175351530193 0.7733405707196029 0.32307175351530193 0.7697218775847808 0.32307175351530193 0.7663616625310173 0.3228132754342432 0.7627429693961952 0.32177936311000827 0.7593827543424319 0.3207454507857734 0.7552471050454922 0.31997001654259716 0.75162841191067 0.3189361042183623 0.748785153019024 0.3179021918941274
1 0.5867193961952027 0.2532826716294458 0.5784480976013235 0.24759615384615385 0.5761217948717949 0.2460452853598015 0.573278535980149 0.2439774607113317 0.5709522332506204 0.24165115798180314 0.5691428866832093 0.23932485525227462 0.5678504962779157 0.23751550868486354 0.566558105872622 0.23493072787427627 0.5650072373862697 0.23286290322580647 0.563714846980976 0.2310535566583954 0.5626809346567412 0.22872725392886684 0.5613885442514476 0.22614247311827956 0.5603546319272127 0.22355769230769232 0.5595791976840364 0.22097291149710505 0.5590622415219191 0.21838813068651777 0.5585452853598015 0.21606182795698928 0.5582868072787428 0.21321856906534326 0.5582868072787428 0.21115074441687345 0.5582868072787428 0.20934139784946237 0.5585452853598015 0.20701509511993385 0.5600961538461539 0.20391335814722913 0.5619055004135649 0.20184553349875933 0.563714846980976 0.19951923076923078 0.5655241935483872 0.19745140612076098 0.5681089743589745 0.19434966914805626 0.5699183209263855 0.19279880066170388 0.5725031017369727 0.19098945409429283 0.5745709263854426 0.1899555417700579 0.5784480976013235 0.18918010752688172 0.5818083126550868 0.18866315136476428 0.5846515715467329 0.188921629445823 0.5874948304383789 0.18918010752688172 0.5913720016542598 0.18943858560794044 0.5947322167080231 0.188921629445823 0.597833953680728 0.1881461952026468 0.6006772125723738 0.1878877171215881 0.6035204714640199 0.18840467328370555 0.6063637303556658 0.1896970636889992 0.608948511166253 0.19073097601323408 0.6123087262200165 0.19279880066170388 0.6154104631927212 0.19409119106699751 0.6187706782464847 0.19538358147229115 0.6221308933002482 0.19615901571546734 0.624198717948718 0.1969344499586435 0.6273004549214227 0.1977098842018197 0.6298852357320099 0.19874379652605462 0.6319530603804798 0.19951923076923078 0.633503928866832 0.20081162117452442 0.6350547973531845 0.2026209677419355 0.6366056658395369 0.20520574855252277 0.6386734904880066 0.20753205128205127 0.6404828370554178 0.20985835401157982 0.6417752274607114 0.21218465674110837 0.6441015301902399 0.21502791563275434 0.6461693548387097 0.21864660876757652 0.6477202233250622 0.2214898676592225 0.6490126137303558 0.22407464846980976 0.6500465260545906 0.22665942928039703 0.650563482216708 0.2302781224152192 0.6508219602977668 0.23467224979321755 0.6503050041356494 0.23803246484698098 0.6492710918114144 0.24165115798180314 0.6484956575682382 0.24449441687344914 0.6469447890818859 0.24785463192721258 0.6448769644334161 0.24992245657568238 0.6428091397849462 0.2522487593052109 0.640224358974359 0.25431658395368073 0.6347963192721257 0.2566428866832093 0.6278174110835402 0.25922766749379655 0.6254911083540117 0.25922766749379655 0.6226478494623656 0.2594861455748553 0.6208385028949546 0.25974462365591394 0.6169613316790736 0.2600031017369727 0.6130841604631928 0.26026157981803144 0.6094654673283706 0.2600031017369727 0.6063637303556658 0.2594861455748553 0.6019696029776676 0.25871071133167906 0.5983509098428453 0.2579352770885029 0.5955076509511994 0.2566428866832093 0.5924059139784946 0.2553504962779157
1 0.7901416459884202 0.24785463192721258 0.7878153432588917 0.24475289495450786 0.784713606286187 0.2432020264681555 0.7831627377998346 0.2419096360628619 0.781870347394541 0.23958333333333334 0.7803194789081885 0.23648159636062863 0.7790270885028949 0.2331213813068652 0.7785101323407775 0.229502688172043 0.7785101323407775 0.22614247311827956 0.7792855665839536 0.22355769230769232 0.7803194789081885 0.2217483457402812 0.7816118693134821 0.21993899917287016 0.7831627377998346 0.21864660876757652 0.7862644747725392 0.21683726220016544 0.7898831679073616 0.21476943755169564 0.7929849048800662 0.213477047146402 0.7960866418527709 0.21192617866004962 0.8002222911497106 0.2103753101736973 0.803582506203474 0.20934139784946237 0.8072011993382961 0.2088244416873449 0.809269023986766 0.20804900744416874 0.8123707609594707 0.20753205128205127 0.8159894540942928 0.2067566170388751 0.8188327129859388 0.20649813895781638 0.8216759718775849 0.20649813895781638 0.8245192307692307 0.20753205128205127 0.8268455334987593 0.2083074855252275 0.8291718362282878 0.20934139784946237 0.8317566170388752 0.21011683209263854 0.8340829197684037 0.21140922249793218 0.8358922663358148 0.21296009098428453 0.837443134822167 0.2145109594706369 0.838477047146402 0.2165787841191067 0.8397694375516956 0.21864660876757652 0.841320306038048 0.22045595533498757 0.842354218362283 0.2214898676592225 0.8436466087675766 0.22278225806451613 0.8451974772539289 0.22433312655086848 0.8464898676592225 0.22614247311827956 0.8472653019023987 0.22821029776674936 0.8475237799834575 0.2302781224152192 0.8475237799834575 0.23260442514474772 0.8467483457402812 0.23493072787427627 0.8457144334160464 0.23725703060380482 0.844163564929694 0.24010028949545079 0.843129652605459 0.24242659222497934 0.8415787841191068 0.24475289495450786 0.8397694375516956 0.24759615384615385 0.8369261786600497 0.2501809346567411 0.8348583540115798 0.25147332506203474 0.8325320512820513 0.2525072373862696 0.8304642266335815 0.2532826716294458 0.8286548800661705 0.25354114971050457 0.8268455334987593 0.25431658395368073 0.8242607526881721 0.2550920181968569 0.8214174937965261 0.25560897435897434 0.8198666253101737 0.25586745244003306 0.8159894540942928 0.25586745244003306 0.8134046732837056 0.25586745244003306 0.8100444582299422 0.25586745244003306 0.8074596774193549 0.25560897435897434 0.8051333746898263 0.2550920181968569 0.8017731596360629 0.25457506203473945 0.797895988420182 0.2537996277915633 0.795052729528536 0.2527657154673284 0.7927264267990074 0.251214846980976
1 0.7896246898263027 0.1878877171215881 0.781870347394541 0.19357423490488007 0.7798025227460711 0.19460814722911496 0.7777346980976013 0.1959005376344086 0.7754083953680728 0.1969344499586435 0.7733405707196029 0.19822684036393715 0.7702388337468983 0.19926075268817206 0.7666201406120762 0.1997777088502895 0.7642938378825476 0.20003618693134823 0.7622260132340777 0.20029466501240695 0.759124276261373 0.20081162117452442 0.7570564516129032 0.20081162117452442 0.7536962365591399 0.2005531430934657 0.7498190653432589 0.19926075268817206 0.7454249379652605 0.1969344499586435 0.7415477667493796 0.1948666253101737 0.738446029776675 0.19279880066170388 0.7358612489660877 0.19073097601323408 0.7340519023986766 0.18762923904052936 0.7337934243176178 0.1858198924731183 0.7337934243176178 0.18556141439205956 0.7335349462365592 0.1829766335814723 0.7335349462365592 0.17961641852770885 0.7353442928039703 0.1752222911497105 0.7374121174524401 0.17186207609594709 0.73947994210091 0.16850186104218365 0.7420647229114972 0.1651416459884202 0.7446495037220845 0.16255686517783294 0.7469758064516129 0.15945512820512822 0.7490436311000828 0.15764578163771714 0.7518868899917287 0.15506100082712987 0.7547301488833748 0.15273469809760132 0.7583488420181969 0.1504083953680728 0.7619675351530191 0.14859904880066171 0.7661031844499586 0.14704818031430936 0.7699803556658396 0.14627274607113316 0.7754083953680728 0.14498035566583953 0.7795440446650125 0.14420492142266336 0.7816118693134821 0.14420492142266336 0.784713606286187 0.14523883374689828 0.7865229528535981 0.14627274607113316 0.7885907775020679 0.1465312241521919 0.7911755583126552 0.1465312241521919 0.7971205541770059 0.1491160049627792 0.7994468569065344 0.15221774193548387 0.8002222911497106 0.1535101323407775 0.800739247311828 0.15506100082712987 0.8017731596360629 0.1573873035566584 0.8028070719602979 0.15997208436724566 0.803582506203474 0.1620399090157155 0.8043579404466501 0.16384925558312657 0.8046164185277089 0.16591708023159638 0.8048748966087677 0.1682433829611249 0.8046164185277089 0.16979425144747726 0.8033240281224152 0.17160359801488836 0.8017731596360629 0.1731544665012407 0.8002222911497106 0.17470533498759305 0.7991883788254756 0.1759977253928867 0.7984129445822995 0.17806555004135652 0.7976375103391233 0.18013337468982632 0.7963451199338297 0.18245967741935484 0.7945357733664186 0.18452750206782467
1 0.8862954921422664 0.22071443341604632 0.8821598428453268 0.2165787841191067 0.8808674524400331 0.21528639371381306 0.8795750620347395 0.21296009098428453 0.8780241935483871 0.210633788254756 0.8769902812241522 0.20727357320099257 0.876214846980976 0.20339640198511166 0.8764733250620348 0.19951923076923078 0.8775072373862697 0.19641749379652607 0.8787996277915633 0.19331575682382135 0.8800920181968569 0.1902140198511166 0.8813844086021505 0.18711228287841192 0.882935277088503 0.1840105459057072 0.8842276674937966 0.18142576509511996 0.8857785359801489 0.17935794044665015 0.8873294044665012 0.17780707196029777 0.8896557071960297 0.1762562034739454 0.8924989660876758 0.17470533498759305 0.8945667907361456 0.17367142266335817 0.897927005789909 0.17186207609594709 0.9002533085194375 0.1710866418527709 0.9038720016542597 0.17056968569065345 0.907490694789082 0.17031120760959473 0.9105924317617866 0.17005272952853598 0.9134356906534327 0.17005272952853598 0.9162789495450786 0.17005272952853598 0.919639164598842 0.17005272952853598 0.922482423490488 0.17031120760959473 0.9261011166253101 0.17134511993382961 0.9292028535980149 0.17237903225806453 0.9317876344086021 0.17341294458229942 0.933855459057072 0.17444685690653433 0.936698717948718 0.1762562034739454 0.9385080645161291 0.1772901157981803 0.9408343672456575 0.17884098428453268 0.9434191480562448 0.1811672870140612 0.9457454507857734 0.18452750206782467 0.9478132754342432 0.1878877171215881 0.9491056658395369 0.19228184449958646 0.9496226220016543 0.19641749379652607 0.9496226220016543 0.20003618693134823 0.9491056658395369 0.20365488006617039 0.9485887096774194 0.20649813895781638 0.9472963192721257 0.20959987593052112 0.9462624069478909 0.2124431348221671 0.9449700165425973 0.2145109594706369 0.9434191480562448 0.21606182795698928 0.9387665425971878 0.2194220430107527 0.9328215467328371 0.22304073614557485 0.9315291563275435 0.22381617038875104 0.9286858974358975 0.22510856079404468 0.9266180727874276 0.22562551695616212 0.9237748138957816 0.2264009511993383 0.9198976426799008 0.2274348635235732 0.9157619933829612 0.22795181968569064 0.9116263440860215 0.22872725392886684 0.9080076509511994 0.22898573200992559 0.9043889578163772 0.22898573200992559 0.9012872208436724 0.22872725392886684 0.8976685277088503 0.22846877584780811 0.8958591811414393 0.22821029776674936 0.8940498345740282 0.2274348635235732 0.8899141852770885 0.22433312655086848
1 0.9982165012406948 0.2840415632754343 0.9927884615384616 0.2881772125723739 0.9902036807278743 0.2884356906534326 0.9850341191066998 0.28791873449131516 0.9806399917287014 0.28662634408602156 0.9770212985938792 0.2850754755996691 0.9736610835401158 0.28249069478908184 0.9710763027295286 0.2793889578163772 0.9684915219189414 0.2760287427626137 0.966940653432589 0.2721515715467328 0.9656482630272953 0.26594809760132343 0.9653897849462365 0.2610370140612076 0.9656482630272953 0.2566428866832093 0.9664236972704715 0.25173180314309346 0.966940653432589 0.2470791976840364 0.9679745657568238 0.24242659222497934 0.9692669561621174 0.23932485525227462 0.9710763027295286 0.23648159636062863 0.9734026054590571 0.23493072787427627 0.9767628205128206 0.232345947063689 0.9806399917287014 0.23001964433416047 0.9832247725392887 0.22872725392886684 0.9860680314309346 0.2274348635235732 0.9886528122415219 0.2264009511993383 0.9925299834574027 0.22459160463192723 0.9958901985111662 0.22304073614557485 0.9979580231596361 0.22200682382133996 0.9989583333333333 0.2217210209145693 0.9989583333333333 0.28300765095119934
1 0.8899141852770885 0.12714536807278745 0.884744623655914 0.1248190653432589 0.8831937551695616 0.12404363110008272 0.8811259305210919 0.12223428453267164 0.8780241935483871 0.12068341604631928 0.8756978908188586 0.11913254755996693 0.8738885442514476 0.11758167907361457 0.8718207196029777 0.11603081058726221 0.8702698511166252 0.11447994210090986 0.8689774607113316 0.11267059553349877 0.8674265922249794 0.11060277088502897 0.8663926799007444 0.10879342431761788 0.8656172456575683 0.10724255583126552 0.8612231182795699 0.10439929693961952 0.860189205955335 0.1010390818858561 0.8594137717121588 0.0971619106699752 0.8594137717121588 0.09406017369727047 0.8599307278742763 0.09044148056244831 0.8609646401985113 0.08837365591397851 0.8625155086848635 0.08578887510339125 0.8640663771712159 0.08372105045492144 0.865875723738627 0.08165322580645164 0.8682020264681556 0.07984387923904054 0.8702698511166252 0.07855148883374691 0.8720791976840364 0.077517576509512 0.8756978908188586 0.07674214226633583 0.8793165839536807 0.0764836641852771 0.8831937551695616 0.0764836641852771 0.886553970223325 0.0764836641852771 0.890431141439206 0.07674214226633583 0.8943083126550868 0.077517576509512 0.8968930934656741 0.07829301075268819 0.8999948304383788 0.07932692307692309 0.9033550454921423 0.07958540115798181 0.906456782464847 0.07984387923904054 0.9103339536807279 0.08061931348221672 0.9131772125723738 0.08191170388751036 0.9149865591397849 0.08372105045492144 0.9160204714640199 0.08553039702233252 0.919639164598842 0.08837365591397851 0.921448511166253 0.09044148056244831 0.9232578577336642 0.09199234904880067 0.9248087262200165 0.09354321753515303 0.9261011166253101 0.09483560794044667 0.9273935070306039 0.0961279983457403 0.9286858974358975 0.09948821339950373 0.9289443755169562 0.10078060380479736 0.9292028535980149 0.10336538461538462 0.9292028535980149 0.10724255583126552 0.9292028535980149 0.11086124896608768 0.9292028535980149 0.11370450785773367 0.9289443755169562 0.11732320099255585 0.92816894127378 0.11990798180314312 0.9266180727874276 0.12300971877584782 0.9250672043010754 0.12507754342431762 0.9232578577336642 0.1268868899917287 0.921448511166253 0.12895471464019853 0.9188637303556658 0.13050558312655086 0.9165374276261373 0.13102253928866833 0.9131772125723738 0.13102253928866833 0.9098169975186104 0.13102253928866833 0.9067152605459057 0.13102253928866833 0.9038720016542597 0.13102253928866833 0.9010287427626138 0.13024710504549217 0.8976685277088503 0.12921319272125725 0.8943083126550868 0.12817928039702234
1 0.504264888337469 0.06071650124069481 0.5032309760132341 0.058131720430107545 0.5034894540942928 0.056063895781637736 0.5040064102564102 0.053996071133167935 0.5047818444995864 0.04986042183622831 0.5050403225806451 0.04727564102564105 0.5055572787427626 0.044690860215053786 0.50607423490488 0.04236455748552525 0.5068496691480563 0.03977977667493799 0.5076251033912323 0.037711952026468175 0.5081420595533499 0.035902605459057095 0.5089174937965261 0.033576302729528565 0.509951406120761 0.03150847808105875 0.5112437965260546 0.028923697270471487 0.5125361869313482 0.02659739454094295 0.5138285773366419 0.024271091811414413 0.5148624896608768 0.02272022332506206 0.5161548800661704 0.02091087675765097 0.5177057485525227 0.019101530190239892 0.5187396608767576 0.01703370554177008 0.5200320512820513 0.015224358974358997 0.5215829197684037 0.013156534325889186 0.5236507444168734 0.010830231596360651 0.524943134822167 0.00953784119106702 0.5275279156327544 0.009020885028949568 0.5293372622001654 0.009020885028949568 0.5314050868486352 0.009020885028949568 0.5360576923076923 0.00953784119106702 0.5378670388751033 0.010571753515301924 0.5409687758478082 0.012381100082713007 0.5438120347394542 0.014707402812241543 0.5469137717121588 0.01755066170388753 0.549498552522746 0.02091087675765097 0.5520833333333334 0.024012613730355688 0.5541511579818031 0.0271143507030604 0.556218982630273 0.030216087675765117 0.5575113730355666 0.0330593465674111 0.5585452853598015 0.03564412737799837 0.5590622415219191 0.03822890818858563 0.5598376757650951 0.0408136889991729 0.5600961538461539 0.04365694789081888 0.5600961538461539 0.04598325062034742 0.5600961538461539 0.0488265095119934 0.5593207196029777 0.05141129032258067 0.5585452853598015 0.05347911497105048 0.5577698511166254 0.056063895781637736 0.5569944168734492 0.05864867659222501 0.5559605045492142 0.06097497932175354 0.5546681141439206 0.06381823821339953 0.553375723738627 0.06666149710504551 0.5518248552522746 0.06976323407775023 0.54872311827957 0.07415736145574855 0.547689205955335 0.07570822994210093 0.5461383374689828 0.07674214226633583 0.5427781224152193 0.07829301075268819 0.5399348635235732 0.07958540115798181 0.5363161703887511 0.080360835401158 0.5332144334160464 0.08113626964433417 0.5308881306865177 0.08191170388751036 0.5280448717948718 0.08268713813068654 0.523133788254756 0.08294561621174526 0.5200320512820513 0.0824286600496278 0.517447270471464 0.08113626964433417 0.5143455334987592 0.07906844499586436 0.5122777088502894 0.07725909842845329 0.5107268403639371 0.07544975186104219 0.5089174937965261 0.07286497105045493 0.5076251033912323 0.07002171215880895 0.5063327129859387 0.06717845326716296 0.5055572787427626 0.06511062861869316
1 0.30678763440860213 0.06381823821339953 0.3111817617866005 0.06123345740281227 0.31273263027295284 0.06071650124069481 0.31454197684036395 0.06071650124069481 0.31764371381306866 0.06071650124069481 0.3207454507857734 0.06123345740281227 0.322037841191067 0.06200889164598844 0.32513957816377176 0.06330128205128208 0.3279828370554177 0.06433519437551698 0.33056761786600497 0.06562758478081061 0.33315239867659224 0.0676954094292804 0.3354787014061208 0.07002171215880895 0.3378050041356493 0.07208953680727875 0.34038978494623656 0.07415736145574855 0.34219913151364767 0.07596670802315965 0.3440084780810587 0.07855148883374691 0.34555934656741105 0.08165322580645164 0.34736869313482216 0.08475496277915634 0.3484026054590571 0.08785669975186106 0.3496949958643507 0.0912169148056245 0.3507289081885856 0.09457712985938795 0.35150434243176176 0.09767886683209265 0.3517628205128205 0.10181451612903226 0.3520212985938792 0.10543320926385444 0.352279776674938 0.10853494623655915 0.3517628205128205 0.11241211745244004 0.34995347394540943 0.11603081058726221 0.3484026054590571 0.11680624483043839 0.34530086848635233 0.11680624483043839 0.3429745657568238 0.11551385442514477 0.34168217535153017 0.11447994210090986 0.3393558726220017 0.11318755169561623 0.3367710918114144 0.11318755169561623 0.3349617452440033 0.11318755169561623 0.33263544251447474 0.11292907361455749 0.3310845740281224 0.11267059553349877 0.32901674937965264 0.11189516129032259 0.32643196856906537 0.11060277088502897 0.32436414392059554 0.10931038047973533 0.32126240694789077 0.10801799007444171 0.31971153846153844 0.10724255583126552 0.31764371381306866 0.10646712158808934 0.31583436724565755 0.10543320926385444 0.3142834987593052 0.10414081885856082 0.31273263027295284 0.10258995037220846 0.31092328370554173 0.10078060380479736 0.30885545905707196 0.09871277915632756 0.30782154673283707 0.09742038875103393 0.306012200165426 0.09586952026468157 0.30394437551695613 0.09380169561621175 0.3023935070306038 0.09173387096774195 0.3013595947063689 0.08992452440033086 0.300325682382134 0.0873397435897436 0.29955024813895786 0.08501344086021506 0.29877481389578164 0.08217018196856908 0.2982578577336642 0.08010235732009927 0.29903329197684037 0.07570822994210093 0.29980872622001653 0.07260649296939621 0.30161807278742764 0.06976323407775023 0.30342741935483875 0.0676954094292804
1 0.2636217948717949 0.16488316790736146 0.2581937551695616 0.1620399090157155 0.2548335401157982 0.1602305624483044 0.2525072373862696 0.15893817204301078 0.25043941273779985 0.15790425971877584 0.24449441687344914 0.15247622001654262 0.24242659222497934 0.15014991728701407 0.24087572373862695 0.1475651364764268 0.23958333333333334 0.14446339950372208 0.23854942100909846 0.1413616625310174 0.23854942100909846 0.1377429693961952 0.2382909429280397 0.13334884201819686 0.23932485525227462 0.1286962365591398 0.2411342018196857 0.12404363110008272 0.24759615384615385 0.11706472291149712 0.2519902812241522 0.11473842018196857 0.2571598428453267 0.11292907361455749 0.2607785359801489 0.11163668320926387 0.2641387510339123 0.11060277088502897 0.2669820099255583 0.10982733664185278 0.2698252688172043 0.10931038047973533 0.27421939619520264 0.10905190239867661 0.27783808933002485 0.10905190239867661 0.2809398263027295 0.10905190239867661 0.2855924317617866 0.10905190239867661 0.28791873449131516 0.10956885856079406 0.2923128618693135 0.11086124896608768 0.29593155500413565 0.11215363937138131 0.29955024813895786 0.11344602977667494 0.30291046319272125 0.11499689826302731 0.3054952440033085 0.11680624483043839 0.30885545905707196 0.11913254755996693 0.3111817617866005 0.12120037220843674 0.3181606699751861 0.12714536807278745 0.3194530603804797 0.12792080231596362 0.3207454507857734 0.12921319272125725 0.322037841191067 0.1307640612076096 0.32307175351530193 0.13205645161290322 0.3238471877584781 0.13412427626137305 0.3241056658395368 0.13619210090984288 0.32436414392059554 0.13903535980148884 0.32462262200165426 0.1413616625310174 0.324881100082713 0.14446339950372208 0.32513957816377176 0.14730665839536808 0.32513957816377176 0.14859904880066171 0.3233302315963606 0.14989143920595535 0.3207454507857734 0.15092535153019024 0.31686827956989244 0.15170078577336643 0.3142834987593052 0.15221774193548387 0.31273263027295284 0.1535101323407775 0.31144023986765923 0.15454404466501243 0.3091139371381307 0.15661186931348223 0.30756306865177835 0.15764578163771714 0.3052367659222498 0.15893817204301078 0.30316894127377997 0.16074751861042186 0.29955024813895786 0.1612644747725393 0.2956730769230769 0.1620399090157155 0.2923128618693135 0.16255686517783294 0.2881772125723739 0.16359077750206782 0.2848169975186104 0.164366211745244 0.2827491728701406 0.1651416459884202 0.2806813482216708 0.16591708023159638 0.2768041770057899 0.16669251447477254 0.27344396195202647 0.16695099255583126 0.26956679073614553 0.16695099255583126 0.2662065756823821 0.1661755583126551
1 0.11396298593879241 0.17341294458229942 0.10982733664185278 0.1710866418527709 0.10827646815550042 0.16876033912324234 0.10620864350703062 0.1661755583126551 0.10414081885856082 0.16359077750206782 0.10181451612903226 0.16100599669148058 0.10000516956162118 0.1584212158808933 0.09897125723738628 0.15609491315136476 0.09793734491315137 0.15273469809760132 0.09742038875103393 0.15014991728701407 0.09690343258891647 0.14678970223325064 0.09638647642679901 0.14162014061207612 0.09638647642679901 0.1367090570719603 0.09767886683209265 0.13205645161290322 0.09948821339950373 0.12947167080231597 0.10233147229114972 0.12636993382961126 0.10491625310173698 0.12404363110008272 0.10801799007444171 0.12197580645161292 0.11111972704714641 0.12068341604631928 0.11499689826302731 0.11887406947890819 0.11939102564102565 0.11732320099255585 0.12326819685690654 0.11577233250620349 0.1276623242349049 0.11499689826302731 0.13153949545078578 0.11473842018196857 0.13541666666666666 0.11525537634408603 0.13929383788254757 0.11654776674937967 0.1434294871794872 0.11835711331679075 0.14808209263854427 0.12042493796526056 0.151183829611249 0.12223428453267164 0.1535101323407775 0.12456058726220018 0.15712882547559967 0.1276623242349049 0.1604890405293631 0.13102253928866833 0.16281534325889166 0.1336073200992556 0.16462468982630274 0.1356751447477254 0.16591708023159638 0.13851840363937137 0.16565860215053763 0.14162014061207612 0.16540012406947893 0.14498035566583953 0.16540012406947893 0.14834057071960297 0.1651416459884202 0.15170078577336643 0.16488316790736146 0.15557795698924734 0.16462468982630274 0.15867969396195203 0.16307382133995038 0.1622983870967742 0.16178143093465674 0.16488316790736146 0.1602305624483044 0.16772642679900746 0.15867969396195203 0.17134511993382961 0.15764578163771714 0.17444685690653433 0.15557795698924734 0.17573924731182797 0.1532516542597188 0.17651468155500413 0.15092535153019024 0.1770316377171216 0.14704818031430936 0.17780707196029777 0.14446339950372208 0.17806555004135652 0.14162014061207612 0.17832402812241524 0.1374844913151365 0.17858250620347393 0.13438275434243177 0.17884098428453268 0.13128101736972705 0.17884098428453268 0.1276623242349049 0.17884098428453268 0.12404363110008272 0.17780707196029777 0.12068341604631928 0.17677315963606288 0.11758167907361457 0.17573924731182797
1 0.34219913151364767 0.22924421009098428 0.3365126137303556 0.22769334160463195 0.3349617452440033 0.22691790736145573 0.33315239867659224 0.2253670388751034 0.33263544251447474 0.22510856079404468 0.33005066170388747 0.22226530190239868 0.3279828370554177 0.2194220430107527 0.32643196856906537 0.2165787841191067 0.3253980562448305 0.21399400330851942 0.3253980562448305 0.21296009098428453 0.3253980562448305 0.21140922249793218 0.324881100082713 0.2088244416873449 0.324881100082713 0.20701509511993385 0.32591501240694787 0.20391335814722913 0.327724358974359 0.2010700992555831 0.3295337055417701 0.19822684036393715 0.3310845740281224 0.19615901571546734 0.33341087675765096 0.1938327129859388 0.3357371794871795 0.19124793217535155 0.33858043837882545 0.18866315136476428 0.3411652191894127 0.18633684863523572 0.3440084780810587 0.18426902398676592 0.34711021505376344 0.18245967741935484 0.34995347394540943 0.1811672870140612 0.35434760132340776 0.18039185277088504 0.35744933829611253 0.17987489660876757 0.3605510752688172 0.17935794044665015 0.3649452026468155 0.1790994623655914 0.3688223738626964 0.1790994623655914 0.37114867659222495 0.1790994623655914 0.37450889164598844 0.18013337468982632 0.3778691066997518 0.18065033085194376 0.3804538875103391 0.18090880893300249 0.3825217121588089 0.18142576509511996 0.38433105872622 0.1819427212572374 0.3853649710504549 0.1829766335814723 0.38691583953680725 0.18375206782464845 0.38820822994210086 0.18452750206782467 0.3897590984284533 0.18633684863523572 0.39156844499586435 0.188921629445823 0.39337779156327546 0.1920233664185277 0.39544561621174523 0.19434966914805626 0.3977719189412738 0.19745140612076098 0.3993227874276261 0.2005531430934657 0.40087365591397844 0.20313792390405297 0.4019075682382134 0.20623966087675766 0.4024245244003309 0.20959987593052112 0.4024245244003309 0.2127016129032258 0.4021660463192721 0.21632030603804797 0.4011321339950372 0.21916356492969397 0.40009822167080233 0.22200682382133996 0.3980303970223325 0.22510856079404468 0.3944117038875103 0.22769334160463195 0.39079301075268813 0.229502688172043 0.38691583953680725 0.23053660049627792 0.38381410256410253 0.23157051282051283 0.38071236559139787 0.23260442514474772 0.3781275847808106 0.23363833746898263 0.3755428039702233 0.2344137717121588 0.3721825889164599 0.2341552936311001 0.3695978081058726 0.23363833746898263 0.3662375930521092 0.2333798593879239 0.36313585607940446 0.2333798593879239 0.3605510752688172 0.2331213813068652 0.3579662944582299 0.23260442514474772 0.3538306451612903 0.23182899090157155 0.34943651778329193 0.23079507857733664 0.3450423904052936 0.229502688172043
1 0.433441894127378 0.2636217948717949 0.433441894127378 0.25974462365591394 0.4331834160463192 0.256901364764268 0.43292493796526055 0.254058105872622 0.433441894127378 0.251214846980976 0.43473428453267166 0.24759615384615385 0.43602667493796526 0.24475289495450786 0.4375775434243176 0.2421681141439206 0.43861145574855254 0.24061724565756826 0.4404208023159636 0.23880789909015715 0.4424886269644334 0.23674007444168735 0.4448149296939619 0.23467224979321755 0.446624276261373 0.2331213813068652 0.44895057899090157 0.23157051282051283 0.4507599255583126 0.23053660049627792 0.4530862282878412 0.22872725392886684 0.45567100909842845 0.22717638544251448 0.45851426799007444 0.22588399503722084 0.4613575268817204 0.22510856079404468 0.46445926385442515 0.22381617038875104 0.46730252274607115 0.22278225806451613 0.4701457816377171 0.22226530190239868 0.47324751861042186 0.22226530190239868 0.47660773366418524 0.22226530190239868 0.4791925144747725 0.22252377998345743 0.4817772952853598 0.2232992142266336 0.48410359801488834 0.22407464846980976 0.48565446650124067 0.22459160463192723 0.487205334987593 0.22562551695616212 0.48979011579818027 0.22665942928039703 0.4926333746898263 0.22795181968569064 0.4965105459057072 0.23001964433416047 0.49987076095947064 0.23286290322580647 0.5021970636889992 0.23570616211745243 0.5040064102564102 0.23880789909015715 0.5047818444995864 0.24242659222497934 0.5052988006617039 0.2452698511166253 0.5055572787427626 0.24837158808933005 0.5055572787427626 0.2519902812241522 0.5055572787427626 0.25431658395368073 0.5055572787427626 0.256901364764268 0.5050403225806451 0.25922766749379655 0.504264888337469 0.2620709263854425 0.5032309760132341 0.26439722911497104 0.5021970636889992 0.2667235318444996 0.5009046732837056 0.26904983457402815 0.4990953267162945 0.2713761373035567 0.4967690239867659 0.2739609181141439 0.4949596774193548 0.2755117866004963 0.4921164185277088 0.27732113316790735 0.48849772539288666 0.27887200165425974 0.48436207609594706 0.28042287014061207 0.47996794871794873 0.28171526054590573 0.4776416459884202 0.28249069478908184 0.47453990901571547 0.28326612903225806 0.4706627377998346 0.2835246071133168 0.4662686104218362 0.2837830851943755 0.46394230769230765 0.2840415632754343 0.4613575268817204 0.2837830851943755 0.4582557899090157 0.28326612903225806 0.4554125310173697 0.2822322167080232 0.452310794044665 0.2809398263027295 0.449467535153019 0.2796474358974359 0.4473997105045492 0.27861352357320096 0.4453318858560794 0.27732113316790735 0.44300558312655086 0.2755117866004963 0.4411962365591398 0.2739609181141439 0.4393868899917287 0.2721515715467328 0.43731906534325893 0.27034222497932175 0.4352512406947891 0.2680159222497932
1 0.2672404880066171 0.2982578577336642 0.2628463606286187 0.2951561207609595 0.26026157981803144 0.2930882961124897 0.25845223325062033 0.29076199338296116 0.256901364764268 0.2881772125723739 0.25560897435897434 0.2850754755996691 0.25457506203473945 0.28171526054590573 0.25431658395368073 0.2780965674110835 0.25431658395368073 0.27499483043837886 0.25431658395368073 0.2726685277088503 0.2548335401157982 0.26956679073614553 0.25586745244003306 0.2664650537634409 0.25741832092638545 0.2636217948717949 0.2594861455748553 0.26155397022332505 0.26155397022332505 0.25974462365591394 0.2638802729528536 0.2581937551695616 0.2664650537634409 0.256901364764268 0.27008374689826303 0.25560897435897434 0.2724100496277916 0.2550920181968569 0.275770264681555 0.25457506203473945 0.27913047973531846 0.25431658395368073 0.2822322167080232 0.25431658395368073 0.28455851943755167 0.2550920181968569 0.2876602564102564 0.25586745244003306 0.29050351530190244 0.2566428866832093 0.29282981803143093 0.2571598428453267 0.2956730769230769 0.2579352770885029 0.297482423490488 0.2589691894127378 0.2992917700578991 0.2607785359801489 0.3013595947063689 0.2623294044665012 0.30368589743589747 0.2641387510339123 0.306012200165426 0.2662065756823821 0.30885545905707196 0.2682744003308519 0.31092328370554173 0.27008374689826303 0.3132495864350703 0.2721515715467328 0.3150589330024814 0.27370244003308525 0.31635132340777505 0.2765456989247312 0.31686827956989244 0.28042287014061207 0.31686827956989244 0.2840415632754343 0.3160928453267163 0.2876602564102564 0.3150589330024814 0.29127894954507855 0.3140250206782465 0.2936052522746071 0.31299110835401156 0.29489764267990076 0.31092328370554173 0.2972239454094293 0.3091139371381307 0.2982578577336642 0.306012200165426 0.29980872622001653 0.30316894127377997 0.300325682382134 0.29903329197684037 0.3008426385442515 0.29593155500413565 0.3013595947063689 0.29179590570719605 0.30161807278742764 0.2897280810587262 0.3018765508684863 0.2868848221670802 0.30161807278742764 0.2837830851943755 0.3011011166253102 0.2796474358974359 0.3005841604631927 0.2768041770057899 0.300325682382134 0.27370244003308525 0.30006720430107525 0.27008374689826303 0.29955024813895786
1 0.172895988420182 0.34142369727047145 0.1651416459884202 0.34013130686517784 0.16281534325889166 0.3396143507030604 0.15971360628618694 0.3390973945409429 0.15661186931348223 0.3383219602977668 0.15454404466501243 0.33754652605459057 0.15247622001654262 0.3370295698924731 0.15066687344913152 0.33599565756823824 0.14989143920595535 0.3321184863523573 0.14937448304383788 0.32927522746071136 0.1491160049627792 0.32720740281224153 0.14859904880066171 0.3235887096774193 0.14834057071960297 0.32126240694789077 0.14808209263854427 0.3184191480562448 0.14808209263854427 0.31583436724565755 0.14808209263854427 0.31273263027295284 0.14808209263854427 0.3091139371381307 0.14782361455748555 0.30833850289495446 0.14808209263854427 0.30575372208436724 0.1496329611248966 0.3026519851116625 0.15221774193548387 0.30006720430107525 0.1553194789081886 0.2982578577336642 0.15945512820512822 0.2956730769230769 0.16307382133995038 0.2933467741935484 0.16591708023159638 0.29153742762613727 0.1682433829611249 0.2897280810587262 0.17134511993382961 0.2881772125723739 0.17367142266335817 0.28662634408602156 0.17651468155500413 0.2850754755996691 0.17884098428453268 0.2835246071133168 0.1819427212572374 0.28197373862696445 0.18452750206782467 0.28042287014061207 0.18711228287841192 0.2793889578163772 0.1902140198511166 0.27861352357320096 0.19331575682382135 0.27835504549214224 0.1959005376344086 0.2780965674110835 0.1977098842018197 0.2780965674110835 0.20081162117452442 0.27861352357320096 0.20313792390405297 0.27913047973531846 0.20546422663358146 0.2799059139784946 0.20804900744416874 0.2809398263027295 0.210633788254756 0.2822322167080232 0.21321856906534326 0.284300041356493 0.21580334987593053 0.2863678660049628 0.21838813068651777 0.2894696029776675 0.21993899917287016 0.29153742762613727 0.2214898676592225 0.29489764267990076 0.22252377998345743 0.29903329197684037 0.22278225806451613 0.30291046319272125 0.22252377998345743 0.30575372208436724 0.22097291149710505 0.30859698097601324 0.21916356492969397 0.3122156741108354 0.21735421836228289 0.31557588916459883 0.2155448717948718 0.3184191480562448 0.21373552522746073 0.32152088502894954 0.21166770057899092 0.3238471877584781 0.20908291976840365 0.32643196856906537 0.20649813895781638 0.3295337055417701 0.20339640198511166 0.3328939205955335 0.20158705541770058 0.3357371794871795 0.19926075268817206 0.3367710918114144 0.1959005376344086 0.3383219602977668 0.19254032258064516 0.3393558726220017 0.18918010752688172 0.34038978494623656 0.1847859801488834 0.340906741108354 0.18039185277088504 0.3411652191894127 0.17573924731182797 0.34142369727047145
1 0.09406017369727047 0.26129549214226633 0.09147539288668322 0.25974462365591394 0.08992452440033086 0.25922766749379655 0.08837365591397851 0.2589691894127378 0.08708126550868488 0.25871071133167906 0.08501344086021506 0.2581937551695616 0.08294561621174526 0.2571598428453267 0.08113626964433417 0.2553504962779157 0.07880996691480564 0.2530241935483871 0.07725909842845329 0.25147332506203474 0.07493279569892475 0.24837158808933005 0.07338192721257239 0.2460452853598015 0.07183105872622003 0.2432020264681555 0.07079714640198513 0.24139267990074442 0.06976323407775023 0.23984181141439206 0.0684708436724566 0.23648159636062863 0.06795388751033914 0.232345947063689 0.06872932175351533 0.22821029776674936 0.07079714640198513 0.22433312655086848 0.07415736145574855 0.22045595533498757 0.07777605459057074 0.21787117452440033 0.0824286600496278 0.21476943755169564 0.08656430934656742 0.21296009098428453 0.09044148056244831 0.2124431348221671 0.09380169561621175 0.21192617866004962 0.0981958229942101 0.21192617866004962 0.10181451612903226 0.21192617866004962 0.10388234077750208 0.21192617866004962 0.10595016542597188 0.2124431348221671 0.10956885856079406 0.213477047146402 0.11267059553349877 0.2145109594706369 0.11577233250620349 0.21580334987593053 0.11861559139784948 0.21683726220016544 0.12120037220843674 0.21787117452440033 0.12404363110008272 0.21916356492969397 0.1268868899917287 0.22045595533498757 0.1297301488833747 0.22252377998345743 0.13205645161290322 0.22510856079404468 0.13438275434243177 0.22846877584780811 0.13593362282878413 0.23131203473945408 0.1367090570719603 0.23467224979321755 0.13696753515301904 0.23777398676592224 0.1367090570719603 0.2403587675765095 0.13541666666666666 0.24294354838709678 0.1336073200992556 0.2460452853598015 0.13205645161290322 0.24966397849462366 0.13050558312655086 0.2522487593052109 0.12921319272125725 0.25457506203473945 0.1276623242349049 0.25612593052109184 0.12585297766749381 0.2579352770885029 0.123785153019024 0.2589691894127378 0.12145885028949546 0.2600031017369727 0.11861559139784948 0.2610370140612076 0.11628928866832093 0.26155397022332505 0.11292907361455749 0.2618124483043838 0.10956885856079406 0.2623294044665012 0.10672559966914807 0.26258788254756 0.10336538461538462 0.2628463606286187 0.10026364764267992 0.26336331679073616 0.09767886683209265 0.26336331679073616
1 0.2581937551695616 0.3411652191894127 0.2649141852770885 0.3347032671629446 0.26749896608767576 0.3328939205955335 0.27034222497932175 0.3310845740281224 0.27318548387096775 0.32979218362282875 0.2765456989247312 0.32849979321753514 0.27913047973531846 0.3279828370554177 0.28249069478908184 0.32746588089330025 0.2853339536807279 0.32720740281224153 0.28895264681555 0.3269489247311828 0.29205438378825477 0.3266904466501241 0.2951561207609595 0.3266904466501241 0.2985163358147229 0.3266904466501241 0.3011011166253102 0.3266904466501241 0.30342741935483875 0.32720740281224153 0.3049782878411911 0.327724358974359 0.30756306865177835 0.32875827129859386 0.3104063275434243 0.33030913978494625 0.31583436724565755 0.33315239867659224 0.31686827956989244 0.33444478908188585 0.31764371381306866 0.3357371794871795 0.3184191480562448 0.33728804797353185 0.3189361042183623 0.3398728287841191 0.3189361042183623 0.34142369727047145 0.3184191480562448 0.3434915219189413 0.3179021918941274 0.34581782464846983 0.31764371381306866 0.3478856492969396 0.31712675765095116 0.34995347394540943 0.31686827956989244 0.3517628205128205 0.3179021918941274 0.3546060794044665 0.31867762613730355 0.35615694789081886 0.31867762613730355 0.35874172870140614 0.31712675765095116 0.3605510752688172 0.3160928453267163 0.3621019437551695 0.3132495864350703 0.36597911497105046 0.31092328370554173 0.36778846153846156 0.30885545905707196 0.3693393300248139 0.30420285359801486 0.3737334574028122 0.3021350289495451 0.37580128205128205 0.2992917700578991 0.3778691066997518 0.2969654673283706 0.3791614971050455 0.2943806865177833 0.3801954094292804 0.29076199338296116 0.3822632340777502 0.2881772125723739 0.38381410256410253 0.28610938792390406 0.38458953680727875 0.28171526054590573 0.3853649710504549 0.27757961124896613 0.38588192721257236 0.27499483043837886 0.38588192721257236 0.27370244003308525 0.38562344913151364 0.27034222497932175 0.3848480148883375 0.2680159222497932 0.38433105872622 0.26543114143920593 0.38381410256410253 0.2636217948717949 0.38303866832092637 0.2620709263854425 0.3822632340777502 0.2594861455748553 0.37967845326716293 0.25741832092638545 0.3778691066997518 0.2550920181968569 0.3763182382133995 0.2527657154673284 0.37476736972704716 0.251214846980976 0.3734749793217535 0.24940550041356493 0.37140715467328367 0.24837158808933005 0.3695978081058726 0.2473376757650951 0.3667545492142266 0.24682071960297766 0.3641697684036394 0.24630376344086022 0.3605510752688172 0.24630376344086022 0.35770781637717125 0.24630376344086022 0.35486455748552526 0.24682071960297766 0.3525382547559967 0.24759615384615385 0.3512458643507031 0.2488885442514475 0.3491780397022332 0.24966397849462366 0.3476271712158809 0.2509563688999173 0.34607630272952855 0.2522487593052109 0.34478391232423494 0.2537996277915633 0.3434915219189413 0.2553504962779157 0.34219913151364767
1 0.42129342431761785 0.34478391232423494 0.4150899503722084 0.34038978494623656 0.4135390818858561 0.3390973945409429 0.411729735318445 0.3365126137303556 0.4106958229942101 0.3347032671629446 0.40966191066997515 0.33263544251447474 0.40888647642679904 0.3310845740281224 0.4078525641025641 0.32927522746071136 0.4073356079404466 0.3261734904880066 0.40707712985938793 0.3222963192721257 0.40707712985938793 0.3181606699751861 0.40707712985938793 0.3150589330024814 0.4081110421836228 0.31247415219189417 0.40966191066997515 0.3101478494623656 0.4114712572373863 0.30833850289495446 0.41302212572373864 0.3065291563275434 0.414572994210091 0.3052367659222498 0.4166408188585608 0.30342741935483875 0.41845016542597185 0.3021350289495451 0.4202595119933829 0.3008426385442515 0.42206885856079407 0.29980872622001653 0.4243951612903226 0.29877481389578164 0.4274968982630273 0.2982578577336642 0.43008167907361455 0.2979993796526054 0.433441894127378 0.2977409015715467 0.43731906534325893 0.2977409015715467 0.4411962365591398 0.2977409015715467 0.44559036393713813 0.2979993796526054 0.4481751447477254 0.2985163358147229 0.45127688172043007 0.29877481389578164 0.45386166253101734 0.29955024813895786 0.45567100909842845 0.300325682382134 0.4577388337468982 0.3013595947063689 0.4600651364764268 0.3023935070306038 0.46290839536807277 0.30368589743589747 0.4647177419354839 0.30471980976013235 0.4665270885028949 0.306012200165426 0.46833643507030603 0.30704611248966085 0.46988730355665836 0.30833850289495446 0.47169665012406947 0.3101478494623656 0.47324751861042186 0.31247415219189417 0.47453990901571547 0.3150589330024814 0.47557382133995035 0.31686827956989244 0.4763492555831265 0.3189361042183623 0.47712468982630274 0.32177936311000827 0.4776416459884202 0.3235887096774193 0.4781586021505376 0.3261734904880066 0.47867555831265507 0.32927522746071136 0.47867555831265507 0.33263544251447474 0.4781586021505376 0.335220223325062 0.47738316790736146 0.33728804797353185 0.47609077750206785 0.3396143507030604 0.47453990901571547 0.34219913151364767 0.4729890405293631 0.34426695616211744 0.4706627377998346 0.34581782464846983 0.46833643507030603 0.34736869313482216 0.4660101323407775 0.3484026054590571 0.4634253515301902 0.3496949958643507 0.46058209263854427 0.3504704301075269 0.457997311827957 0.3509873862696444 0.45567100909842845 0.3512458643507031 0.4525692721257237 0.3517628205128205 0.4505014474772539 0.352279776674938 0.4479166666666667 0.3527967328370554 0.4448149296939619 0.35305521091811415 0.4375775434243176 0.3517628205128205 0.43602667493796526 0.3512458643507031 0.4290477667493796 0.34891956162117455 0.42517059553349873 0.34711021505376344
1 0.36985628618693134 0.4150899503722084 0.3636528122415219 0.41302212572373864 0.36236042183622824 0.41250516956162114 0.3592586848635236 0.4114712572373863 0.35719086021505375 0.4106958229942101 0.35563999172870137 0.40966191066997515 0.35408912324234904 0.40836952026468154 0.3527967328370554 0.406043217535153 0.3517628205128205 0.4026830024813896 0.35150434243176176 0.39880583126550867 0.3517628205128205 0.39467018196856907 0.3527967328370554 0.3918269230769231 0.35434760132340776 0.3895006203473945 0.3564154259718776 0.38743279569892475 0.35848325062034736 0.38562344913151364 0.3613265095119934 0.38355562448304387 0.3636528122415219 0.3820047559966915 0.3667545492142266 0.38071236559139787 0.3693393300248139 0.37967845326716293 0.3721825889164599 0.3783860628618693 0.37476736972704716 0.3773521505376344 0.376835194375517 0.376835194375517 0.3794199751861042 0.37605976013234077 0.3812293217535153 0.37580128205128205 0.38433105872622 0.3755428039702233 0.38691583953680725 0.3755428039702233 0.3889836641852771 0.37580128205128205 0.3902760545905707 0.3763182382133995 0.3938947477253929 0.3776106286186931 0.39673800661703884 0.3781275847808106 0.3998397435897436 0.37864454094292804 0.4026830024813896 0.3794199751861042 0.40423387096774194 0.37993693134822165 0.40423387096774194 0.37993693134822165 0.40707712985938793 0.3804538875103391 0.40888647642679904 0.38071236559139787 0.41043734491315137 0.3812293217535153 0.411729735318445 0.3817462779156327 0.41405603804797353 0.38278019023986765 0.4156069065343259 0.38381410256410253 0.41715777502067825 0.38458953680727875 0.4187086435070306 0.3853649710504549 0.4202595119933829 0.3861404052936311 0.42155190239867657 0.38743279569892475 0.42206885856079407 0.3889836641852771 0.4205179900744417 0.39130996691480563 0.41845016542597185 0.39337779156327546 0.416382340777502 0.39544561621174523 0.41431451612903225 0.39673800661703884 0.4122466914805624 0.3982888751033912 0.4109543010752688 0.3998397435897436 0.40914495450785776 0.40164909015715466 0.4078525641025641 0.4037169148056245 0.406043217535153 0.40578473945409427 0.40423387096774194 0.4078525641025641 0.4021660463192721 0.4094034325889165 0.3998397435897436 0.4106958229942101 0.3980303970223325 0.411729735318445 0.3949286600496278 0.41328060380479736 0.39337779156327546 0.41405603804797353 0.3902760545905707 0.4156069065343259 0.3866573614557485 0.416382340777502 0.3825217121588089 0.4166408188585608 0.3781275847808106 0.4166408188585608 0.37502584780810583 0.416382340777502
1 0.4026830024813896 0.4621329611248966 0.4078525641025641 0.46058209263854427 0.40914495450785776 0.4603236145574855 0.4114712572373863 0.4600651364764268 0.4135390818858561 0.4600651364764268 0.4156069065343259 0.4600651364764268 0.41819168734491313 0.4603236145574855 0.4285308105872622 0.4616160049627791 0.43008167907361455 0.4621329611248966 0.4324079818031431 0.46290839536807277 0.4344758064516129 0.4654931761786601 0.43602667493796526 0.46756100082712987 0.43706058726220015 0.469370347394541 0.4378360215053763 0.47195512820512825 0.43835297766749376 0.4737644747725393 0.43886993382961126 0.47660773366418524 0.4393868899917287 0.47867555831265507 0.44016232423490487 0.48126033912324234 0.44093775847808103 0.48436207609594706 0.4411962365591398 0.48617142266335817 0.44145471464019853 0.4879807692307692 0.44171319272125725 0.49004859387923905 0.44171319272125725 0.4921164185277088 0.44145471464019853 0.4947011993382961 0.44016232423490487 0.49702750206782464 0.43912841191067 0.5003877171215881 0.4375775434243176 0.5034894540942928 0.43550971877584777 0.5065911910669975 0.433441894127378 0.5104683622828784 0.43137406947890816 0.5135700992555832 0.42878928866832094 0.5169303143093466 0.42517059553349873 0.5205490074441687 0.42206885856079407 0.5226168320926385 0.4168992969396195 0.5254600909842845 0.41328060380479736 0.5262355252274608 0.4075940860215054 0.5264940033085195 0.4021660463192721 0.5264940033085195 0.3964795285359802 0.5257185690653432 0.3918269230769231 0.5244261786600496 0.38588192721257236 0.5218413978494624 0.38303866832092637 0.519256617038875 0.381487799834574 0.5166718362282878 0.3804538875103391 0.5127946650124069 0.37993693134822165 0.5089174937965261 0.37967845326716293 0.5068496691480563 0.38071236559139787 0.5052988006617039 0.3820047559966915 0.5040064102564102 0.3822632340777502 0.5016801075268817 0.381487799834574 0.49831989247311825 0.38071236559139787 0.4952181555004136 0.3804538875103391 0.4918579404466501 0.38071236559139787 0.4877222911497105 0.3820047559966915 0.48436207609594706 0.38458953680727875 0.48022642679900746 0.387174317617866 0.47609077750206785 0.3895006203473945 0.47273056244830436 0.3918269230769231 0.4701457816377171 0.3941532258064516 0.46781947890818854 0.39751344086021506 0.4652346980976013
1 0.17961641852770885 0.45903122415219183 0.16979425144747726 0.4530862282878412 0.16772642679900746 0.45179383788254757 0.16488316790736146 0.449467535153019 0.16178143093465674 0.44714123242349046 0.15971360628618694 0.44429797353184447 0.15893817204301078 0.44093775847808103 0.15867969396195203 0.4365436311000827 0.15945512820512822 0.4316325475599669 0.16100599669148058 0.42697994210090984 0.16307382133995038 0.4233612489660877 0.16488316790736146 0.4192255996691481 0.16669251447477254 0.41741625310173697 0.16953577336641854 0.41431451612903225 0.17237903225806453 0.4127636476426799 0.17651468155500413 0.4114712572373863 0.18039185277088504 0.41043734491315137 0.1840105459057072 0.40992038875103387 0.1878877171215881 0.40966191066997515 0.19305727874276263 0.4094034325889165 0.19641749379652607 0.4094034325889165 0.2005531430934657 0.40966191066997515 0.20391335814722913 0.41017886683209265 0.20649813895781638 0.4106958229942101 0.2088244416873449 0.4114712572373863 0.21296009098428453 0.41250516956162114 0.2145109594706369 0.41328060380479736 0.21709574028122416 0.41431451612903225 0.2194220430107527 0.41586538461538464 0.2217483457402812 0.4168992969396195 0.2232992142266336 0.41845016542597185 0.22562551695616212 0.4202595119933829 0.2274348635235732 0.42206885856079407 0.229502688172043 0.4243951612903226 0.23157051282051283 0.4264629859387924 0.2333798593879239 0.4290477667493796 0.23544768403639374 0.4321495037220844 0.23544768403639374 0.43395885028949543 0.23544768403639374 0.4378360215053763 0.235189205955335 0.44223014888337464 0.2341552936311001 0.44559036393713813 0.23260442514474772 0.4486921009098428 0.23079507857733664 0.452310794044665 0.22872725392886684 0.45592948717948717 0.22665942928039703 0.4582557899090157 0.22510856079404468 0.46058209263854427 0.22304073614557485 0.46264991728701405 0.22019747725392888 0.46394230769230765 0.21709574028122416 0.4647177419354839 0.21218465674110837 0.46575165425971876 0.20934139784946237 0.4662686104218362 0.20546422663358146 0.4662686104218362 0.20132857733664186 0.46575165425971876 0.19822684036393715 0.4660101323407775 0.18918010752688172 0.46368382961124893 0.18556141439205956 0.4621329611248966 0.1819427212572374 0.46058209263854427
1 0.23182899090157155 0.5466552936311001 0.22562551695616212 0.5538926799007445 0.22355769230769232 0.5557020264681556 0.22045595533498757 0.5580283291976841 0.21709574028122416 0.5603546319272127 0.21502791563275434 0.5619055004135649 0.2124431348221671 0.5639733250620348 0.2088244416873449 0.5660411497105046 0.20572270471464021 0.5681089743589745 0.2026209677419355 0.5699183209263855 0.19951923076923078 0.5709522332506204 0.19434966914805626 0.5714691894127378 0.18737076095947064 0.5709522332506204 0.1840105459057072 0.5691428866832093 0.1819427212572374 0.5662996277915633 0.18090880893300249 0.5619055004135649 0.18039185277088504 0.5580283291976841 0.18039185277088504 0.5551850703060381 0.18039185277088504 0.5523418114143921 0.18039185277088504 0.5497570306038049 0.17987489660876757 0.5466552936311001 0.1790994623655914 0.5432950785773367 0.1790994623655914 0.5399348635235732 0.1790994623655914 0.5378670388751033 0.18039185277088504 0.5357992142266337 0.1819427212572374 0.5332144334160464 0.18323511166253104 0.5303711745244003 0.18452750206782467 0.5277863937138131 0.186078370554177 0.5252016129032258 0.1878877171215881 0.523133788254756 0.188921629445823 0.5210659636062862 0.19098945409429283 0.5182227047146402 0.19254032258064516 0.5164133581472291 0.19434966914805626 0.514604011579818 0.1959005376344086 0.5133116211745244 0.1990022746071133 0.5115022746071133 0.2010700992555831 0.5107268403639371 0.20494727047146402 0.5086590157154673 0.20856596360628618 0.5073666253101737 0.213477047146402 0.5055572787427626 0.21787117452440033 0.5047818444995864 0.22200682382133996 0.504264888337469 0.22614247311827956 0.5040064102564102 0.22846877584780811 0.5040064102564102 0.2310535566583954 0.5047818444995864 0.2341552936311001 0.5065911910669975 0.23674007444168735 0.5086590157154673 0.23880789909015715 0.5104683622828784 0.24087572373862695 0.5135700992555832 0.24242659222497934 0.5158964019851117 0.24371898263027297 0.5184811827956989 0.24449441687344914 0.5208074855252274 0.24449441687344914 0.5226168320926385 0.24449441687344914 0.5254600909842845 0.24346050454921422 0.5277863937138131 0.2421681141439206 0.5308881306865177 0.24061724565756826 0.5334729114971051 0.23854942100909846 0.5365746484698097 0.2362231182795699 0.5409687758478082
1 0.29076199338296116 0.5818083126550868 0.2853339536807279 0.5820667907361456 0.28326612903225806 0.5820667907361456 0.28119830438378823 0.5820667907361456 0.27835504549214224 0.5810328784119108 0.27628722084367247 0.5787065756823822 0.27344396195202647 0.57508788254756 0.27163461538461536 0.5675920181968569 0.2713761373035567 0.5652657154673284 0.271117659222498 0.5624224565756824 0.271117659222498 0.5595791976840364 0.2713761373035567 0.5557020264681556 0.2721515715467328 0.5526002894954509 0.27344396195202647 0.54872311827957 0.27447787427626136 0.5456213813068652 0.275770264681555 0.5422611662531018 0.27757961124896613 0.5386424731182796 0.2793889578163772 0.5363161703887511 0.28171526054590573 0.5345068238213401 0.2848169975186104 0.5321805210918114 0.2876602564102564 0.530629652605459 0.29076199338296116 0.528820306038048 0.29282981803143093 0.5280448717948718 0.29541459884201815 0.5272694375516955 0.29903329197684037 0.5270109594706368 0.3026519851116625 0.5270109594706368 0.30575372208436724 0.5272694375516955 0.3093724152191894 0.5283033498759305 0.31273263027295284 0.5290787841191067 0.3153174110835401 0.5301126964433416 0.31712675765095116 0.5308881306865177 0.3184191480562448 0.5316635649296939 0.31971153846153844 0.5326974772539289 0.3207454507857734 0.5345068238213401 0.32152088502894954 0.5368331265508686 0.3228132754342432 0.5396763854425146 0.3235887096774193 0.5414857320099257 0.3241056658395368 0.5440705128205129 0.32436414392059554 0.5469137717121588 0.3238471877584781 0.549498552522746 0.3228132754342432 0.5526002894954509 0.322037841191067 0.5557020264681556 0.3207454507857734 0.5582868072787428 0.319194582299421 0.5611300661703887 0.3173852357320099 0.563714846980976 0.3153174110835401 0.566558105872622 0.3132495864350703 0.5694013647642681 0.31092328370554173 0.5717276674937966 0.30859698097601324 0.5737954921422664 0.306012200165426 0.5758633167907362 0.30291046319272125 0.577931141439206 0.29955024813895786 0.5799989660876758 0.2967069892473118 0.5812913564929694
1 0.14162014061207612 0.48617142266335817 0.14368796526054592 0.4949596774193548 0.14420492142266336 0.498578370554177 0.14446339950372208 0.5006461952026469 0.14498035566583953 0.5024555417700579 0.14523883374689828 0.5045233664185277 0.145497311827957 0.5073666253101737 0.145497311827957 0.5104683622828784 0.14601426799007447 0.5156379239040529 0.14446339950372208 0.5252016129032258 0.1434294871794872 0.5301126964433416 0.14265405293631103 0.5342483457402812 0.1418786186931348 0.5368331265508686 0.13955231596360632 0.5440705128205129 0.13825992555831268 0.5461383374689828 0.13722601323407776 0.5474307278742764 0.13541666666666666 0.54872311827957 0.1317979735318445 0.5492400744416874 0.12895471464019853 0.549498552522746 0.12636993382961126 0.550532464846981 0.1248190653432589 0.5510494210090985 0.12223428453267164 0.5510494210090985 0.11887406947890819 0.550532464846981 0.11654776674937967 0.5497570306038049 0.11422146401985113 0.5492400744416874 0.11163668320926387 0.5471722497932175 0.11008581472291151 0.5443289909015715 0.11008581472291151 0.5417442100909843 0.11060277088502897 0.535540736145575 0.11060277088502897 0.5329559553349876 0.10982733664185278 0.5283033498759305 0.10879342431761788 0.524943134822167 0.10801799007444171 0.5210659636062862 0.10724255583126552 0.517447270471464 0.10698407775020678 0.514604011579818 0.10646712158808934 0.5115022746071133 0.10646712158808934 0.5073666253101737 0.10595016542597188 0.5037479321753515 0.10595016542597188 0.5003877171215881 0.10595016542597188 0.49702750206782464 0.10620864350703062 0.4926333746898263 0.10698407775020678 0.48979011579818027 0.10853494623655915 0.48694685690653433 0.11008581472291151 0.4851375103391232 0.11215363937138131 0.4833281637717121 0.11344602977667494 0.4822942514474773 0.11577233250620349 0.48126033912324234 0.11809863523573202 0.47996794871794873 0.12120037220843674 0.4784170802315964 0.12300971877584782 0.4779001240694789 0.12559449958643507 0.4776416459884202 0.1276623242349049 0.4776416459884202 0.13024710504549217 0.4784170802315964 0.13386579818031433 0.47970947063689 0.1367090570719603 0.48022642679900746 0.13903535980148884 0.48126033912324234 0.14032775020678248 0.4828112076095947
1 0.39622105045492145 0.5952491728701407 0.3923438792390405 0.5908550454921423 0.3910514888337469 0.5898211331679074 0.3897590984284533 0.5880117866004964 0.38846670802315963 0.5862024400330853 0.38691583953680725 0.583617659222498 0.38588192721257236 0.5818083126550868 0.3853649710504549 0.5794820099255583 0.38458953680727875 0.5768972291149711 0.38355562448304387 0.5730200578990902 0.38278019023986765 0.5699183209263855 0.3822632340777502 0.5662996277915633 0.3820047559966915 0.5631978908188586 0.3820047559966915 0.5593207196029777 0.3820047559966915 0.5557020264681556 0.38355562448304387 0.5526002894954509 0.3853649710504549 0.5502739867659223 0.38820822994210086 0.5479476840363938 0.39079301075268813 0.5463968155500414 0.39337779156327546 0.5456213813068652 0.39751344086021506 0.5451044251447478 0.40139061207609594 0.544845947063689 0.40423387096774194 0.544845947063689 0.4078525641025641 0.5445874689826303 0.41250516956162114 0.5445874689826303 0.4166408188585608 0.544845947063689 0.4194840777502068 0.5458798593879239 0.42181038047973535 0.5471722497932175 0.4238782051282051 0.5489815963606286 0.42542907361455745 0.5510494210090985 0.4274968982630273 0.553375723738627 0.42878928866832094 0.5557020264681556 0.4303401571546733 0.5575113730355666 0.4318910256410256 0.5600961538461539 0.4331834160463192 0.5626809346567412 0.4344758064516129 0.5650072373862697 0.43550971877584777 0.5670750620347395 0.43680210918114143 0.5691428866832093 0.4378360215053763 0.572244623655914 0.43861145574855254 0.5758633167907362 0.43861145574855254 0.5776726633581473 0.43861145574855254 0.5792235318444996 0.43835297766749376 0.5815498345740282 0.43809449958643504 0.5843930934656741 0.43706058726220015 0.5872363523573202 0.43550971877584777 0.5916304797353185 0.43421732837055416 0.5939567824648471 0.4318910256410256 0.596800041356493 0.4295647229114971 0.5993848221670802 0.42723842018196856 0.6011941687344913 0.4236197270471464 0.6022280810587263 0.4207764681555004 0.6027450372208437 0.4176747311827957 0.6035204714640199 0.41431451612903225 0.6035204714640199 0.4119882133995037 0.6035204714640199 0.40914495450785776 0.6030035153019024 0.40423387096774194 0.6011941687344913 0.4011321339950372 0.5993848221670802
1 0.22691790736145573 0.6409997932175352 0.22304073614557485 0.6376395781637717 0.2212313895781638 0.6358302315963607 0.2194220430107527 0.6340208850289496 0.21787117452440033 0.6322115384615384 0.21683726220016544 0.6296267576509512 0.21632030603804797 0.6260080645161291 0.2165787841191067 0.6216139371381307 0.21787117452440033 0.6179952440033085 0.2196805210918114 0.6148935070306039 0.2214898676592225 0.6120502481389579 0.22355769230769232 0.6086900330851944 0.22562551695616212 0.6050713399503722 0.22665942928039703 0.6024865591397849 0.22795181968569064 0.6001602564102565 0.23001964433416047 0.5980924317617866 0.23208746898263027 0.5965415632754343 0.2344137717121588 0.5955076509511994 0.23674007444168735 0.5952491728701407 0.23932485525227462 0.5952491728701407 0.24242659222497934 0.5947322167080231 0.24552832919768403 0.5942152605459057 0.24837158808933005 0.5942152605459057 0.25069789081885857 0.5944737386269645 0.25354114971050457 0.5955076509511994 0.25612593052109184 0.5965415632754343 0.2589691894127378 0.5975754755996692 0.26129549214226633 0.5986093879239041 0.2636217948717949 0.599643300248139 0.2662065756823821 0.6011941687344913 0.2687913564929694 0.6030035153019024 0.271117659222498 0.6048128618693135 0.27318548387096775 0.6068806865177834 0.27499483043837886 0.6092069892473119 0.2760287427626137 0.6117917700578991 0.27732113316790735 0.6154104631927212 0.27835504549214224 0.619546112489661 0.27835504549214224 0.6231648056244831 0.27757961124896613 0.6265250206782464 0.2768041770057899 0.6301437138130688 0.275770264681555 0.6332454507857734 0.27421939619520264 0.6360887096774194 0.27344396195202647 0.6381565343258891 0.2724100496277916 0.6399658808933002 0.2708591811414392 0.6409997932175352 0.2682744003308519 0.6425506617038875 0.26594809760132343 0.6441015301902399 0.26310483870967744 0.6448769644334161 0.2600031017369727 0.6448769644334161 0.2553504962779157 0.6456523986765923 0.2522487593052109 0.6461693548387097 0.24940550041356493 0.6464278329197685 0.2452698511166253 0.6461693548387097 0.2411342018196857 0.6453939205955336 0.2382909429280397 0.6448769644334161 0.23493072787427627 0.6443600082712987 0.23131203473945408 0.6435845740281224
1 0.04133064516129035 0.9938223738626965 0.04003825475599672 0.9909791149710505 0.03822890818858563 0.9878773779983459 0.039004342431761804 0.9855510752688172 0.04055521091811417 0.9840002067824649 0.04210607940446653 0.9816739040529363 0.04236455748552525 0.9798645574855253 0.04365694789081888 0.9777967328370554 0.04598325062034742 0.9752119520264682 0.04805107526881723 0.9726271712158809 0.05115281224152194 0.9695254342431762 0.054254549214226656 0.9666821753515301 0.05787324234904882 0.9640973945409429 0.06226736972704717 0.9617710918114144 0.06511062861869316 0.9609956575682382 0.0676954094292804 0.9604787014061208 0.06976323407775023 0.9604787014061208 0.07260649296939621 0.9604787014061208 0.07493279569892475 0.9607371794871795 0.0764836641852771 0.961254135649297 0.07906844499586436 0.9628050041356493 0.08087779156327544 0.9643558726220017 0.08294561621174526 0.9661652191894128 0.08501344086021506 0.9684915219189414 0.08682278742762616 0.9708178246484699 0.08811517783291979 0.9734026054590571 0.08992452440033086 0.9765043424317618 0.09069995864350705 0.9790891232423491 0.0912169148056245 0.9811569478908189 0.09173387096774195 0.9832247725392887 0.09250930521091812 0.985809553349876 0.09328473945409431 0.9881358560794045 0.09380169561621175 0.9902036807278743 0.09431865177832921 0.993305417700579 0.09431865177832921 0.9953732423490488 0.09328473945409431 0.9974410669975187 0.09176747311827964 0.9989583333333333 0.08010235732009927 0.9989583333333333 0.04313999172870143 0.9989583333333333 0.04313999172870143 0.9989583333333333 0.04210607940446653 0.9971825889164598
1 0.03150847808105875 0.5644902812241522 0.0320254342431762 0.5624224565756824 0.03254239040529365 0.5593207196029777 0.03280086848635238 0.5564774607113318 0.033576302729528565 0.5536342018196857 0.034610215053763466 0.549498552522746 0.036161083540115824 0.5461383374689828 0.037970430107526904 0.5435535566583954 0.04107216708023162 0.5409687758478082 0.04339846980976016 0.5396763854425146 0.04598325062034742 0.5376085607940447 0.0488265095119934 0.535540736145575 0.05166976840363939 0.5337313895781638 0.055029983457402835 0.5316635649296939 0.05787324234904882 0.5303711745244003 0.06071650124069481 0.5301126964433416 0.0635597601323408 0.5301126964433416 0.06614454094292806 0.5314050868486352 0.06898779983457404 0.5329559553349876 0.07131410256410259 0.5350237799834575 0.07389888337468985 0.5381255169561622 0.07622518610421838 0.5417442100909843 0.07803453267162945 0.5438120347394542 0.07984387923904054 0.5474307278742764 0.08061931348221672 0.5502739867659223 0.08113626964433417 0.5531172456575683 0.0813947477253929 0.556218982630273 0.08113626964433417 0.5593207196029777 0.08061931348221672 0.5619055004135649 0.07958540115798181 0.5655241935483872 0.07829301075268819 0.5688844086021505 0.07725909842845329 0.5725031017369727 0.07596670802315965 0.5756048387096775 0.07415736145574855 0.5781896195202647 0.07208953680727875 0.5812913564929694 0.07002171215880895 0.5831007030603804 0.06821236559139786 0.5849100496277917 0.06666149710504551 0.5862024400330853 0.06485215053763443 0.5877533085194375 0.0625258478081059 0.5898211331679074 0.06071650124069481 0.5905965674110836 0.056580851943755194 0.5903380893300249 0.05218672456575684 0.5903380893300249 0.04856803143093468 0.5898211331679074 0.045466294458229965 0.5880117866004964 0.04236455748552525 0.5864609181141439 0.039004342431761804 0.5843930934656741 0.036419561621174545 0.5823252688172044 0.035127171215880916 0.580774400330852 0.033576302729528565 0.5781896195202647 0.03331782464846983 0.5748294044665012 0.03280086848635238 0.5719861455748554 0.0320254342431762 0.5688844086021505
1 0.04158912324234908 0.46264991728701405 0.03564412737799837 0.4603236145574855 0.033576302729528565 0.45954818031430933 0.030991521918941292 0.4577388337468982 0.028923697270471487 0.4554125310173697 0.026855872622001675 0.45179383788254757 0.026338916459884225 0.44765818858560796 0.026338916459884225 0.4424886269644334 0.0271143507030604 0.43861145574855254 0.029440653432588938 0.4357681968569065 0.03125000000000002 0.4331834160463192 0.03254239040529365 0.430598635235732 0.034868693134822194 0.42697994210090984 0.03745347394540945 0.42413668320926384 0.03977977667493799 0.4223273366418528 0.04236455748552525 0.4207764681555004 0.044690860215053786 0.4192255996691481 0.047534119106699774 0.41793320926385447 0.05787324234904882 0.4148314722911497 0.0705386683209264 0.4119882133995037 0.07415736145574855 0.4114712572373863 0.07777605459057074 0.41121277915632753 0.08087779156327544 0.41121277915632753 0.08397952853598016 0.41121277915632753 0.08656430934656742 0.4114712572373863 0.08940756823821341 0.4119882133995037 0.09276778329197685 0.41302212572373864 0.09586952026468157 0.41405603804797353 0.09871277915632756 0.4150899503722084 0.102072994210091 0.416382340777502 0.10414081885856082 0.41715777502067825 0.10595016542597188 0.4187086435070306 0.10801799007444171 0.4207764681555004 0.10956885856079406 0.42413668320926384 0.11034429280397023 0.427755376344086 0.11034429280397023 0.4308571133167908 0.11034429280397023 0.43421732837055416 0.11008581472291151 0.43706058726220015 0.10905190239867661 0.4406792803970223 0.10827646815550042 0.4437810173697271 0.10646712158808934 0.44688275434243174 0.10414081885856082 0.4505014474772539 0.10078060380479736 0.45386166253101734 0.0971619106699752 0.4564464433416046 0.09173387096774195 0.4592897022332506 0.08759822167080232 0.460840570719603 0.08372105045492144 0.4623914392059553 0.07984387923904054 0.46368382961124893 0.07493279569892475 0.4647177419354839 0.0705386683209264 0.4654931761786601 0.06717845326716296 0.4665270885028949 0.0635597601323408 0.46730252274607115 0.06045802315963609 0.46756100082712987 0.057614764267990094 0.46756100082712987 0.053996071133167935 0.46781947890818854 0.05063585607940449 0.46730252274607115 0.0467586848635236 0.46575165425971876 0.044173904052936336 0.46445926385442515
1 0.026855872622001675 0.3558984698097601 0.018584574028122434 0.3527967328370554 0.01755066170388753 0.3517628205128205 0.014707402812241543 0.34995347394540943 0.012122622001654282 0.3478856492969396 0.010313275434243199 0.3463347808105873 0.008245450785773389 0.3440084780810587 0.006177626137303579 0.34142369727047145 0.004368279569892496 0.3396143507030604 0.002300454921422687 0.3365126137303556 0.0004911083540116033 0.3336693548387097 0.0002326302729528771 0.332376964433416 0.0004911083540116033 0.3080800248138958 0.002300454921422687 0.3054952440033085 0.004368279569892496 0.30394437551695613 0.006436104218362306 0.3026519851116625 0.009796319272125745 0.3011011166253102 0.014448924731182818 0.29980872622001653 0.019618486352357342 0.29877481389578164 0.02272022332506206 0.2985163358147229 0.02659739454094295 0.2985163358147229 0.030474565756823842 0.2985163358147229 0.03331782464846983 0.29903329197684037 0.036678039702233274 0.29955024813895786 0.03952129859387927 0.300325682382134 0.04236455748552525 0.3011011166253102 0.04598325062034742 0.3023935070306038 0.0488265095119934 0.30342741935483875 0.05141129032258067 0.3044613316790736 0.054254549214226656 0.30575372208436724 0.056322373862696465 0.3073045905707196 0.05787324234904882 0.30885545905707196 0.05968258891645991 0.31092328370554173 0.06175041356492972 0.313508064516129 0.06304280397022335 0.3160928453267163 0.06433519437551698 0.3194530603804797 0.06536910669975188 0.3225547973531845 0.06588606286186934 0.324881100082713 0.06640301902398679 0.32901674937965264 0.06666149710504551 0.3321184863523573 0.06666149710504551 0.335220223325062 0.06640301902398679 0.33806348221670807 0.06511062861869316 0.34142369727047145 0.0635597601323408 0.34478391232423494 0.06123345740281227 0.3478856492969396 0.057097808105872644 0.3507289081885856 0.053220636889991756 0.3535721670802316 0.05011889991728704 0.35563999172870137 0.0477925971877585 0.35693238213399503 0.04443238213399506 0.35744933829611253 0.0408136889991729 0.35770781637717125 0.03745347394540945 0.35822477253928864 0.034093258891646015 0.35822477253928864 0.030216087675765117 0.35770781637717125
1 0.021169354838709697 0.19047249793217536 0.019618486352357342 0.1899555417700579 0.014448924731182818 0.18840467328370555 0.011088709677419376 0.18659532671629447 0.009020885028949568 0.18452750206782467 0.007986972704714664 0.18220119933829612 0.006953060380479758 0.1790994623655914 0.005919148056244853 0.17573924731182797 0.005660669975186128 0.17212055417700578 0.005660669975186128 0.16876033912324234 0.005660669975186128 0.1641077336641853 0.006177626137303579 0.1604890405293631 0.006694582299421032 0.15790425971877584 0.007470016542597211 0.15557795698924734 0.00876240694789084 0.15299317617866007 0.009796319272125745 0.15066687344913152 0.011864143920595555 0.14834057071960297 0.013673490488006639 0.14627274607113316 0.01574131513647645 0.14472187758478083 0.018067617866004984 0.1434294871794872 0.02091087675765097 0.14213709677419356 0.024012613730355688 0.1405862282878412 0.027372828784119126 0.13929383788254757 0.030733043837882567 0.1377429693961952 0.03383478081058729 0.1367090570719603 0.037970430107526904 0.13593362282878413 0.04133064516129035 0.1356751447477254 0.045466294458229965 0.1356751447477254 0.04908498759305213 0.1356751447477254 0.05244520264681558 0.13619210090984288 0.055546939619520286 0.1367090570719603 0.05968258891645991 0.1377429693961952 0.06278432588916462 0.13877688172043012 0.06536910669975188 0.14006927212572376 0.0674369313482217 0.1418786186931348 0.0684708436724566 0.14368796526054592 0.0695047559966915 0.14704818031430936 0.06976323407775023 0.15066687344913152 0.06976323407775023 0.15454404466501243 0.06898779983457404 0.1584212158808933 0.0676954094292804 0.1612644747725393 0.06588606286186934 0.16488316790736146 0.06407671629445826 0.1682433829611249 0.06175041356492972 0.17134511993382961 0.05968258891645991 0.17444685690653433 0.057614764267990094 0.17754859387923905 0.055288461538461564 0.18065033085194376 0.05347911497105048 0.18245967741935484 0.05115281224152194 0.18426902398676592 0.04805107526881723 0.18530293631100084 0.04520781637717124 0.186078370554177 0.04210607940446653 0.18711228287841192 0.03926282051282053 0.18840467328370555 0.036419561621174545 0.18943858560794044 0.034610215053763466 0.1899555417700579 0.03176695616211747 0.19047249793217536 0.02995760959470639 0.19047249793217536 0.027372828784119126 0.19047249793217536 0.02375413564929696 0.19073097601323408
1 0.02323717948717951 0.09225082712985941 0.01780913978494626 0.08759822167080232 0.016516749379652626 0.08604735318444996 0.015224358974358997 0.08449648469809762 0.013673490488006639 0.08217018196856908 0.012639578163771734 0.07958540115798181 0.010830231596360651 0.077517576509512 0.009020885028949568 0.0764836641852771 0.006694582299421032 0.07596670802315965 0.004885235732009949 0.07493279569892475 0.003851323407775044 0.07364040529363111 0.003851323407775044 0.0715725806451613 0.00410980148883377 0.06821236559139786 0.005143713813068675 0.06536910669975188 0.006436104218362306 0.0635597601323408 0.008503928866832116 0.06071650124069481 0.010830231596360651 0.058131720430107545 0.013673490488006639 0.055805417700579014 0.016775227460711355 0.053996071133167935 0.021169354838709697 0.05296215880893303 0.02582196029776677 0.052703680727874305 0.029182175351530212 0.05244520264681558 0.0330593465674111 0.05166976840363939 0.03564412737799837 0.05166976840363939 0.038487386269644354 0.05166976840363939 0.04158912324234908 0.05192824648469812 0.044173904052936336 0.052703680727874305 0.04650020678246487 0.053737593052109206 0.04908498759305213 0.055029983457402835 0.05089433416046321 0.056322373862696465 0.05296215880893303 0.058131720430107545 0.054513027295285385 0.05994106699751864 0.055546939619520286 0.06149193548387099 0.056839330024813915 0.06381823821339953 0.05839019851116627 0.06640301902398679 0.05916563275434246 0.06872932175351533 0.06045802315963609 0.07105562448304385 0.06200889164598844 0.07364040529363111 0.0635597601323408 0.07622518610421838 0.06433519437551698 0.07906844499586436 0.06511062861869316 0.08217018196856908 0.06511062861869316 0.0852719189412738 0.0645936724565757 0.08759822167080232 0.0635597601323408 0.08992452440033086 0.06278432588916462 0.09250930521091812 0.06175041356492972 0.09431865177832921 0.06071650124069481 0.09509408602150539 0.05864867659222501 0.09509408602150539 0.056839330024813915 0.09457712985938795 0.054254549214226656 0.09431865177832921 0.05218672456575684 0.09457712985938795 0.04908498759305213 0.09586952026468157 0.046241728701406144 0.09638647642679901 0.04339846980976016 0.09690343258891647 0.04133064516129035 0.09690343258891647 0.039004342431761804 0.0971619106699752 0.036161083540115824 0.0971619106699752 0.03228391232423492 0.0961279983457403 0.029440653432588938 0.09483560794044667
0 0.0634107468123862 0.9912340619307832 0.06227231329690351 0.9852572859744991 0.06255692167577419 0.9826958105646632 0.06397996357012756 0.981841985428051 0.06597222222222227 0.981841985428051 0.06824908925318766 0.9844034608378871 0.06938752276867036 0.9861111111111112 0.0710951730418944 0.9889571948998179 0.07194899817850642 0.9906648451730419 0.07308743169398912 0.9926571038251366 0.07394125683060114 0.9949339708561021 0.07394125683060114 0.9969262295081968 0.07137978142076508 0.9989184881602914 0.06995673952641171 0.9989184881602914 0.06853369763205834 0.9986338797814208 0.0668260473588343 0.9972108378870674 0.06483378870673957 0.9946493624772313
0 0.21709927140255011 0.5295992714025501 0.21396857923497273 0.5361452641165756 0.21169171220400734 0.5381375227686703 0.2096994535519126 0.5398451730418945 0.20799180327868858 0.5412682149362478 0.2065687613843352 0.5429758652094718 0.20457650273224048 0.5449681238615666 0.20315346083788713 0.5469603825136613 0.20087659380692174 0.548952641165756 0.198884335154827 0.5475295992714027 0.198884335154827 0.5443989071038252 0.20030737704918036 0.5418374316939892 0.2022996357012751 0.539275956284153 0.20486111111111116 0.5364298724954464 0.2065687613843352 0.5344376138433516 0.20799180327868858 0.5327299635701276 0.20913023679417128 0.5313069216757742 0.20998406193078328 0.5293146630236795 0.2108378870673953 0.5267531876138434 0.21169171220400734 0.5256147540983608 0.21396857923497273 0.5233378870673954 0.21596083788706746 0.5224840619307833 0.2176684881602915 0.5216302367941713 0.2193761384335155 0.5213456284153006 0.2207991803278689 0.5227686703096539 0.2193761384335155 0.526183970856102
0 0.3030510018214937 0.5554986338797814 0.30219717668488166 0.5574908925318761 0.2996357012750456 0.5597677595628416 0.2973588342440802 0.5597677595628416 0.29565118397085616 0.5594831511839709 0.2936589253187615 0.5583447176684883 0.29166666666666674 0.5566370673952642 0.29166666666666674 0.5543602003642988 0.29308970856102007 0.5526525500910747 0.2947973588342441 0.5509448998178507 0.2962204007285975 0.548952641165756 0.2979280510018215 0.5472449908925319 0.3002049180327869 0.5458219489981785 0.301912568306011 0.5455373406193079 0.30362021857923505 0.5472449908925319 0.3039048269581057 0.5500910746812387 0.3041894353369764 0.552367941712204
0 0.19859972677595633 0.44336293260473597 0.19091530054644812 0.4430783242258653 0.1892076502732241 0.4425091074681239 0.18607695810564667 0.44137067395264123 0.18465391621129332 0.4408014571948999 0.18237704918032793 0.4396630236794172 0.18095400728597452 0.43823998178506385 0.17953096539162117 0.4365323315118398 0.17867714025500916 0.4351092896174864 0.17867714025500916 0.43311703096539167 0.18010018214936252 0.43169398907103834 0.18180783242258655 0.43084016393442626 0.18465391621129332 0.43084016393442626 0.18977686703096544 0.431124772313297 0.19376138433515486 0.43169398907103834 0.19546903460837892 0.431978597449909 0.19916894353369768 0.432832422586521 0.2011612021857924 0.4334016393442624 0.20315346083788713 0.4336862477231331 0.20599954462659384 0.43482468123861573 0.20799180327868858 0.43596311475409844 0.21112249544626596 0.43738615664845176 0.21368397085610205 0.43880919854280515 0.21510701275045543 0.43994763205828785 0.21567622950819676 0.4419398907103826 0.21567622950819676 0.44336293260473597 0.21140710382513667 0.4445013661202186 0.20685336976320587 0.44507058287796003 0.20173041894353375 0.44507058287796003
0 0.07707194899817855 0.4422244990892532 0.06824908925318766 0.4427937158469946 0.0656876138433516 0.44336293260473597 0.0634107468123862 0.44421675774134795 0.061703096539162165 0.4445013661202186 0.0580031876138434 0.44393214936247727 0.05629553734061935 0.44364754098360665 0.05401867030965397 0.4430783242258653 0.05231102003642992 0.4422244990892532 0.05231102003642992 0.43994763205828785 0.05487249544626598 0.43823998178506385 0.05771857923497273 0.43738615664845176 0.060564663023679466 0.4362477231329691 0.0634107468123862 0.4356785063752277 0.06824908925318766 0.4356785063752277 0.07166438979963576 0.43482468123861573 0.07451047358834248 0.4339708561020037 0.07707194899817855 0.4339708561020037 0.07991803278688529 0.4339708561020037 0.08162568306010934 0.43482468123861573 0.08390255009107474 0.4362477231329691 0.08475637522768675 0.4379553734061931 0.08247950819672135 0.43994763205828785 0.07991803278688529 0.4405168488160292
0 0.41518670309653927 0.4897540983606558 0.41177140255009115 0.49686930783242267 0.4112021857923498 0.4985769581056467 0.41006375227686714 0.5000000000000001 0.4089253187613844 0.5014230418943534 0.406648451730419 0.5022768670309655 0.4046561930783243 0.5028460837887068 0.4023793260473589 0.5034153005464481 0.4006716757741348 0.5034153005464481 0.3992486338797815 0.5025614754098362 0.3989640255009108 0.5000000000000001 0.39981785063752284 0.49772313296903464 0.4006716757741348 0.4954462659380693 0.4015255009107469 0.49345400728597455 0.40266393442622955 0.49117714025500914 0.40408697632058294 0.4891848816029144 0.405794626593807 0.48690801457194904 0.407502276867031 0.48491575591985436 0.40949453551912574 0.4832081056466303 0.41148679417122047 0.4817850637522769 0.4134790528233152 0.48064663023679427 0.4149020947176686 0.4797928051001822 0.4163251366120219 0.47922358834244083 0.41831739526411665 0.4817850637522769 0.41831739526411665 0.483492714025501 0.41717896174863395 0.48662340619307837
0 0.29337431693989074 0.35428051001821503 0.2774362477231331 0.3608265027322405 0.2762978142076503 0.3613957194899819 0.27459016393442626 0.3619649362477232 0.27316712204007293 0.3619649362477232 0.2706056466302369 0.3619649362477232 0.26861338797814216 0.3616803278688525 0.2703210382513662 0.3591188524590165 0.27174408014571955 0.35712659380692174 0.27430555555555564 0.3554189435336977 0.2771516393442624 0.3539959016393443 0.28056693989071047 0.35285746812386165 0.28512067395264123 0.3517190346083789 0.28796675774134795 0.3511498178506376 0.29052823315118403 0.34972677595628426 0.29308970856102007 0.3483037340619308 0.2953665755919855 0.3471653005464482 0.2979280510018215 0.34659608378870677 0.29992030965391625 0.34659608378870677 0.3016279599271403 0.3483037340619308 0.30048952641165766 0.34972677595628426 0.2973588342440802 0.3517190346083789
0 0.44364754098360665 0.3309426229508198 0.4339708561020037 0.32838114754098363 0.4325478142076503 0.32838114754098363 0.43084016393442626 0.32838114754098363 0.4288479052823316 0.32752732240437166 0.42799408014571955 0.32610428051001833 0.42913251366120225 0.32468123861566495 0.4305555555555556 0.3241120218579236 0.432832422586521 0.3229735883424409 0.43596311475409844 0.3226889799635702 0.4393784153005465 0.3235428051001822 0.44137067395264123 0.3241120218579236 0.44336293260473597 0.32468123861566495 0.44649362477231336 0.32525045537340624 0.4482012750455374 0.3258196721311476 0.45047814207650283 0.327242714025501 0.45190118397085616 0.3295195810564664 0.45190118397085616 0.33122723132969045 0.4490551001821494 0.3315118397085611
0 0.3890027322404372 0.39668715846994546 0.3844489981785065 0.3989640255009108 0.38217213114754106 0.3992486338797815 0.380464480874317 0.3992486338797815 0.37790300546448097 0.3992486338797815 0.37591074681238623 0.3989640255009108 0.37448770491803285 0.39725637522768675 0.37562613843351556 0.39441029143898004 0.3776183970856103 0.39327185792349734 0.38188752276867033 0.392702641165756 0.3867258652094719 0.392702641165756 0.3892873406193079 0.392702641165756 0.3912795992714026 0.392702641165756 0.392702641165756 0.39298724954462666
0 0.19546903460837892 0.3121584699453553 0.18863843351548273 0.3161429872495447 0.18636156648451735 0.31699681238615673 0.1838000910746813 0.31785063752276876 0.18066939890710387 0.31841985428051006 0.17867714025500916 0.31841985428051006 0.17611566484517308 0.31841985428051006 0.17526183970856107 0.31557377049180335 0.1769694899817851 0.31329690346083794 0.17953096539162117 0.3107354280510019 0.18237704918032793 0.3081739526411658 0.18522313296903464 0.30646630236794176 0.18835382513661206 0.3053278688524591 0.1914845173041895 0.3041894353369764 0.19376138433515486 0.3039048269581057 0.1957536429872496 0.30362021857923505 0.19717668488160295 0.30362021857923505 0.19831511839708565 0.3053278688524591 0.198884335154827 0.30675091074681243 0.19859972677595633 0.3093123861566485
0 0.28369763205828785 0.2854052823315119 0.2794285063752277 0.28369763205828785 0.2777208561020037 0.2828438069216758 0.275728597449909 0.28142076502732244 0.27402094717668496 0.27971311475409844 0.27316712204007293 0.2777208561020037 0.27459016393442626 0.275728597449909 0.276582422586521 0.27459016393442626 0.2780054644808744 0.27430555555555564 0.28113615664845176 0.27430555555555564 0.28483606557377056 0.27459016393442626 0.2868283242258653 0.27515938069216767 0.2891051912568307 0.276582422586521 0.29052823315118403 0.2774362477231331 0.29252049180327877 0.2791438979963571 0.2947973588342441 0.2817053734061931 0.2950819672131148 0.2831284153005465 0.2936589253187615 0.28426684881602926 0.2908128415300547 0.2854052823315119 0.28739754098360665 0.28597449908925326
0 0.028688524590163984 0.3335040983606558 0.022996357012750504 0.3295195810564664 0.019865664845173093 0.3266734972677596 0.018727231329690397 0.32496584699453557 0.0175887978142077 0.3226889799635702 0.016734972677595678 0.3206967213114755 0.016165755919854332 0.31870446265938074 0.017873406193078374 0.3175660291438981 0.020150273224043766 0.3175660291438981 0.022427140255009158 0.31841985428051006 0.0252732240437159 0.31927367941712215 0.028973132969034657 0.3204121129326048 0.031534608378870725 0.3215505464480875 0.03438069216757746 0.3229735883424409 0.03637295081967218 0.32439663023679427 0.03950364298724959 0.32638888888888895 0.041495901639344315 0.32866575591985436 0.044341985428051046 0.3309426229508198 0.043488160291439024 0.33321948998178513 0.041495901639344315 0.33321948998178513 0.0372267759562842 0.3335040983606558 0.03267304189435342 0.3337887067395265
0 0.040072859744990946 0.16473132969034615 0.03381147540983612 0.16757741347905286 0.030965391621129375 0.16757741347905286 0.027265482695810618 0.16786202185792354 0.0252732240437159 0.16786202185792354 0.024419398907103877 0.16700819672131154 0.025842440801457246 0.16444672131147545 0.02669626593806927 0.16245446265938074 0.028119307832422634 0.16103142076502736 0.029542349726776006 0.15989298724954465 0.03125000000000005 0.15875455373406197 0.03324225865209477 0.15761612021857926 0.03494990892531881 0.15676229508196726 0.0372267759562842 0.1561930783242259 0.03950364298724959 0.1561930783242259 0.04178051001821499 0.15704690346083794 0.043203551912568354 0.15903916211293265 0.043203551912568354 0.1616006375227687 0.042634335154827 0.16330828779599274
0 0.13712431693989077 0.1542008196721312 0.1300091074681239 0.1522085610200365 0.12744763205828785 0.1516393442622951 0.12545537340619312 0.1510701275045538 0.12317850637522773 0.14964708561020043 0.12118624772313301 0.14850865209471772 0.11890938069216762 0.14708561020036434 0.1169171220400729 0.1453779599271403 0.1149248633879782 0.14367030965391628 0.1137864298724955 0.14224726775956287 0.11464025500910752 0.13997040072859748 0.1169171220400729 0.13940118397085616 0.11834016393442628 0.13883196721311478 0.12004781420765033 0.13854735883424413 0.12260928961748639 0.13854735883424413 0.12545537340619312 0.13883196721311478 0.1288706739526412 0.13940118397085616 0.1311475409836066 0.13997040072859748 0.134278233151184 0.1408242258652095 0.13627049180327874 0.14224726775956287 0.13911657559198548 0.14395491803278693 0.14139344262295087 0.14566256830601096 0.14367030965391628 0.14822404371584702 0.14509335154826963 0.15050091074681243 0.14680100182149367 0.15249316939890714 0.14509335154826963 0.15391621129326052 0.14139344262295087 0.15391621129326052
0 0.10524817850637527 0.24186020036429878 0.10354052823315123 0.2412909836065574 0.10211748633879786 0.24043715846994537 0.09870218579234978 0.23986794171220405 0.09614071038251372 0.23986794171220405 0.09386384335154832 0.23872950819672134 0.09301001821493629 0.2370218579234973 0.09414845173041898 0.23531420765027328 0.09670992714025504 0.2350295992714026 0.0995560109289618 0.2350295992714026 0.10126366120218584 0.2350295992714026 0.1038251366120219 0.23559881602914393 0.10638661202185797 0.23616803278688528 0.10809426229508201 0.2370218579234973 0.10980191256830606 0.23901411657559202 0.11008652094717672 0.24043715846994537 0.10894808743169403 0.24186020036429878
0 0.367372495446266 0.20144581056466307 0.3605418943533698 0.2022996357012751 0.3579804189435338 0.20315346083788713 0.35598816029143904 0.20372267759562845 0.35428051001821503 0.20400728597449913 0.352572859744991 0.20400728597449913 0.35029599271402556 0.20400728597449913 0.3471653005464482 0.20372267759562845 0.3483037340619308 0.20144581056466307 0.34972677595628426 0.20030737704918036 0.352572859744991 0.198884335154827 0.35428051001821503 0.19803051001821498 0.35655737704918045 0.19660746812386162 0.35940346083788716 0.19603825136612024 0.3619649362477232 0.1957536429872496 0.3642418032786886 0.1957536429872496 0.36765710382513667 0.19603825136612024 0.37050318761384343 0.19717668488160295 0.37278005464480884 0.19831511839708565 0.37278005464480884 0.20030737704918036 0.3707877959927141 0.20173041894353375
0 0.2876821493624773 0.14139344262295087 0.28369763205828785 0.14196265938069222 0.28113615664845176 0.1431010928961749 0.27829007285974505 0.14338570127504557 0.2760132058287797 0.14367030965391628 0.27259790528233163 0.1442395264116576 0.2706056466302369 0.1442395264116576 0.26747495446265945 0.14395491803278693 0.26491347905282336 0.1431010928961749 0.26092896174863395 0.14196265938069222 0.25979052823315124 0.14139344262295087 0.25865209471766853 0.13940118397085616 0.25865209471766853 0.1376935336976321 0.25865209471766853 0.13627049180327874 0.2603597449908926 0.13484744990892536 0.2632058287795993 0.13484744990892536 0.26491347905282336 0.13627049180327874 0.2677595628415301 0.13712431693989077 0.27288251366120225 0.1365551001821494 0.27544398907103834 0.1365551001821494 0.27857468123861573 0.13627049180327874 0.28113615664845176 0.13627049180327874 0.28426684881602926 0.13627049180327874 0.2865437158469946 0.1365551001821494 0.28882058287796003 0.13740892531876142 0.289674408014572 0.13911657559198548
0 0.03438069216757746 0.07849499089253192 0.03267304189435342 0.07735655737704922 0.03125000000000005 0.07593351548269586 0.02982695810564668 0.07451047358834248 0.028688524590163984 0.07308743169398912 0.02755009107468129 0.07052595628415306 0.028973132969034657 0.06853369763205834 0.031819216757741395 0.06853369763205834 0.03466530054644813 0.06853369763205834 0.0372267759562842 0.06853369763205834 0.03950364298724959 0.06967213114754103 0.041495901639344315 0.07052595628415306 0.04291894353369768 0.07223360655737711 0.0437727686703097 0.07422586520947182 0.0437727686703097 0.07707194899817855 0.04064207650273229 0.07963342440801462 0.038080601092896224 0.07963342440801462
0 0.47580828779599277 0.25295992714025506 0.4698315118397086 0.25495218579234974 0.4669854280510019 0.2555214025500911 0.4644239526411658 0.25580601092896177 0.4615778688524591 0.25722905282331515 0.4593010018214937 0.2577982695810565 0.45673952641165766 0.25836748633879786 0.4524704007285975 0.25865209471766853 0.45047814207650283 0.25836748633879786 0.4499089253187615 0.25609061930783245 0.4521857923497269 0.25495218579234974 0.4550318761384336 0.25381375227686703 0.45702413479052834 0.2526753187613844 0.4601548269581057 0.251252276867031 0.4638547358834245 0.2501138433515483 0.4675546448087432 0.2492600182149363 0.4709699453551913 0.24812158469945358 0.4735314207650274 0.24726775956284155 0.47609289617486344 0.24669854280510023 0.47836976320582886 0.24726775956284155 0.4795081967213115 0.2492600182149363
0 0.8998747723132969 0.10752504553734067 0.8981671220400729 0.10724043715847 0.8933287795992714 0.10667122040072866 0.8913365209471766 0.10638661202185797 0.8899134790528234 0.10553278688524595 0.887636612021858 0.10410974499089258 0.8873520036429874 0.10097905282331517 0.8870673952641166 0.0995560109289618 0.8896288706739527 0.09870218579234978 0.8916211293260474 0.09898679417122044 0.8944672131147542 0.10097905282331517 0.8967440801457195 0.10183287795992718 0.8981671220400729 0.10240209471766853 0.9010132058287798 0.1038251366120219 0.9030054644808743 0.10467896174863392 0.9047131147540984 0.10638661202185797 0.9058515482695811 0.10894808743169403 0.9058515482695811 0.11037112932604741 0.9038592896174864 0.11065573770491807
0 0.9178051001821494 0.20343806921675778 0.9078438069216759 0.20372267759562845 0.9035746812386157 0.20372267759562845 0.9012978142076503 0.20315346083788713 0.8984517304189436 0.20201502732240442 0.8987363387978142 0.20030737704918036 0.903290072859745 0.19803051001821498 0.9064207650273224 0.19803051001821498 0.9104052823315119 0.19803051001821498 0.9135359744990893 0.1977459016393443 0.9160974499089254 0.19689207650273227 0.9175204918032788 0.19632285974499095 0.9192281420765027 0.19603825136612024 0.9200819672131147 0.19746129326047365 0.9226434426229508 0.19831511839708565 0.924351092896175 0.19945355191256833 0.926058743169399 0.20201502732240442 0.924351092896175 0.20315346083788713
0 0.9986338797814208 0.2566598360655738 0.9937955373406193 0.25979052823315124 0.992372495446266 0.25979052823315124 0.98981102003643 0.25979052823315124 0.9889571948998179 0.2577982695810565 0.9900956284153006 0.2555214025500911 0.9920878870673953 0.25295992714025506 0.99408014571949 0.2515368852459017 0.995787795992714 0.250398451730419 0.9977800546448088 0.2501138433515483 0.9989583333333333 0.2506188199323445 0.9989583333333333 0.25295992714025506 0.9989583333333333 0.25609061930783245
0 0.7726548269581056 0.49402322404371596 0.7700933515482696 0.49174635701275055 0.7692395264116576 0.49032331511839716 0.7683857012750456 0.4877618397085611 0.7675318761384335 0.4854849726775957 0.7663934426229508 0.4832081056466303 0.7649704007285975 0.4809312386156649 0.7638319672131147 0.4789389799635702 0.7624089253187614 0.47609289617486344 0.7632627504553735 0.4738160291438981 0.7649704007285975 0.47324681238615673 0.7666780510018216 0.4743852459016394 0.7675318761384335 0.47580828779599277 0.7689549180327869 0.4778005464480875 0.7712317850637523 0.47922358834244083 0.7729394353369764 0.48121584699453557 0.7743624772313298 0.4829234972677596 0.7752163023679418 0.48491575591985436 0.7760701275045537 0.4871926229508198 0.7772085610200364 0.4897540983606558 0.7783469945355193 0.4923155737704919 0.7792008196721312 0.4937386156648452 0.7809084699453552 0.4954462659380693 0.7826161202185793 0.49772313296903464 0.784608378870674 0.5008538251366121 0.7834699453551913 0.5022768670309655 0.7817622950819673 0.5019922586520947 0.7792008196721312 0.5000000000000001 0.7760701275045537 0.4980077413479053
0 0.8597449908925319 0.5961976320582879 0.8574681238615666 0.5947745901639345 0.8551912568306012 0.5942053734061932 0.8534836065573771 0.5933515482695811 0.8506375227686703 0.5916438979963571 0.8489298724954464 0.589936247723133 0.8472222222222222 0.5887978142076503 0.8455145719489983 0.5876593806921676 0.8432377049180328 0.586520947176685 0.8418146630236795 0.5842440801457195 0.8420992714025501 0.5816826047358835 0.8440915300546449 0.5805441712204008 0.8455145719489983 0.5802595628415301 0.8480760473588342 0.5802595628415301 0.8512067395264117 0.5825364298724955 0.8531989981785064 0.5836748633879782 0.8551912568306012 0.5853825136612022 0.8577527322404371 0.5873747723132969 0.8594603825136613 0.5887978142076503 0.8620218579234974 0.5905054644808744 0.8645833333333334 0.5922131147540984 0.8660063752276866 0.5933515482695811 0.8677140255009108 0.5947745901639345 0.8702755009107469 0.5961976320582879 0.8728369763205829 0.5973360655737706 0.8751138433515483 0.598759107468124 0.8773907103825137 0.5998975409836066 0.8793829690346084 0.60132058287796 0.879667577413479 0.6027436247723134 0.8793829690346084 0.6044512750455374 0.8779599271402551 0.6055897085610201 0.876252276867031 0.6053051001821494 0.8734061930783242 0.6035974499089254 0.8705601092896175 0.6024590163934427 0.8674294171220401 0.6010359744990893 0.8645833333333334 0.598759107468124
0 0.6380350637522769 0.6312044626593808 0.6351889799635703 0.6289275956284154 0.6312044626593808 0.6246584699453552 0.6297814207650274 0.6235200364298726 0.6280737704918032 0.6218123861566485 0.6260815118397086 0.6198201275045537 0.6246584699453552 0.6183970856102003 0.6232354280510018 0.617827868852459 0.6209585610200364 0.6169740437158471 0.6186816939890711 0.6155510018214937 0.6175432604735884 0.6138433515482696 0.6166894353369764 0.611851092896175 0.6166894353369764 0.6092896174863388 0.617827868852459 0.6078665755919855 0.6192509107468124 0.6075819672131147 0.6220969945355193 0.6084357923497269 0.6243738615664846 0.6098588342440803 0.6272199453551913 0.6115664845173042 0.6297814207650274 0.6138433515482696 0.6320582877959927 0.6158356102003644 0.6346197632058288 0.6181124772313298 0.6368966302367942 0.6198201275045537 0.6386042805100183 0.6212431693989071 0.6403119307832423 0.6229508196721312 0.641450364298725 0.6243738615664846 0.643158014571949 0.6257969034608379 0.6448656648451732 0.627504553734062 0.6465733151183971 0.6292122040072861 0.6479963570127505 0.6312044626593808 0.6482809653916212 0.6334813296903461 0.6488501821493625 0.6354735883424408 0.6488501821493625 0.6380350637522769 0.6485655737704918 0.6397427140255009 0.6462887067395264 0.6397427140255009 0.6437272313296903 0.6377504553734062 0.6417349726775956 0.6357581967213116
0 0.5549294171220401 0.6605191256830601 0.5557832422586522 0.666780510018215 0.5554986338797814 0.6699112021857924 0.5543602003642988 0.6730418943533698 0.5532217668488161 0.6753187613843352 0.5517987249544627 0.6778802367941713 0.549806466302368 0.679018670309654 0.5472449908925319 0.6761725865209472 0.5458219489981785 0.6741803278688525 0.5446835154826959 0.6713342440801457 0.5441142987249545 0.6682035519125684 0.5441142987249545 0.6653574681238617 0.5446835154826959 0.6622267759562842 0.5452527322404372 0.6596653005464481 0.5461065573770493 0.6573884335154827 0.5475295992714027 0.6539731329690347 0.548098816029144 0.65198087431694 0.5495218579234974 0.6514116575591985 0.5509448998178507 0.65198087431694 0.5535063752276869 0.6548269581056466 0.5549294171220401 0.6571038251366121
0 0.5384221311475411 0.5660291438979964 0.5384221311475411 0.5685906193078325 0.5384221311475411 0.5711520947176685 0.5387067395264117 0.5737135701275046 0.5387067395264117 0.57599043715847 0.5378529143897998 0.5774134790528234 0.535860655737705 0.5791211293260474 0.5341530054644809 0.577698087431694 0.5327299635701276 0.5757058287795993 0.5318761384335156 0.5737135701275046 0.5304530965391622 0.5717213114754098 0.5293146630236795 0.5697290528233151 0.5284608378870674 0.5677367941712205 0.5284608378870674 0.5654599271402551 0.5284608378870674 0.562898451730419 0.5301684881602915 0.5623292349726776 0.5324453551912569 0.5620446265938069 0.5341530054644809 0.5623292349726776
0 0.7621243169398908 0.7137408925318761 0.7535860655737705 0.7114640255009108 0.7518784153005466 0.7111794171220401 0.7493169398907104 0.7097563752276869 0.7490323315118398 0.7077641165755921 0.7515938069216759 0.7074795081967213 0.7538706739526412 0.7074795081967213 0.7558629326047359 0.7083333333333334 0.7578551912568307 0.7091871584699454 0.7598474499089254 0.7094717668488161 0.7618397085610201 0.7097563752276869 0.7646857923497269 0.7106102003642988 0.7672472677595629 0.7114640255009108 0.7678164845173042 0.7120332422586522 0.7658242258652095 0.7134562841530055
0 0.6246584699453552 0.7570013661202186 0.6223816029143898 0.7552937158469946 0.6209585610200364 0.755009107468124 0.6201047358834245 0.7538706739526412 0.6189663023679418 0.7515938069216759 0.6181124772313298 0.7496015482695811 0.6172586520947178 0.747040072859745 0.6169740437158471 0.744478597449909 0.6166894353369764 0.7419171220400729 0.6195355191256832 0.7407786885245903 0.6212431693989071 0.7413479052823316 0.6229508196721312 0.7430555555555556 0.6249430783242259 0.745332422586521 0.62665072859745 0.7484631147540984 0.6272199453551913 0.7507399817850637 0.6277891621129327 0.7524476320582879 0.6289275956284154 0.7538706739526412 0.630066029143898 0.7555783242258652 0.6314890710382514 0.7581397996357013 0.6323428961748635 0.7601320582877961 0.6320582877959927 0.7618397085610201 0.6297814207650274 0.7626935336976322 0.6280737704918032 0.7624089253187614
0 0.8381147540983608 0.6719034608378871 0.8358378870673953 0.6710496357012751 0.8338456284153006 0.6707650273224045 0.8307149362477232 0.6701958105646632 0.8281534608378871 0.6696265938069217 0.8261612021857924 0.6682035519125684 0.8255919854280511 0.666780510018215 0.8258765938069217 0.6653574681238617 0.8284380692167578 0.6647882513661203 0.8312841530054645 0.6647882513661203 0.8349840619307832 0.6653574681238617 0.8372609289617488 0.665926684881603 0.8389685792349727 0.665926684881603 0.8412454462659381 0.6670651183970856 0.8435223132969035 0.6693419854280511 0.8452299635701276 0.6716188524590164 0.8475068306010929 0.6738957194899818 0.8489298724954464 0.6758879781420766 0.850068306010929 0.6781648451730419 0.849214480874317 0.6793032786885246 0.8469376138433516 0.6781648451730419 0.8452299635701276 0.6767418032786885 0.8420992714025501 0.6741803278688525
0 0.5329305959302326 0.049494307170542644 0.5294482800387598 0.0591842296511628 0.5286912548449613 0.061303900193798465 0.5279342296511628 0.06312076065891474 0.5270257994186047 0.06448340600775196 0.5255117490310078 0.06463481104651164 0.5238462936046512 0.06402919089147288 0.5232406734496124 0.06236373546511629 0.5230892684108528 0.06009265988372094 0.5239976986434108 0.0578215843023256 0.5253603439922482 0.055701913759689935 0.5267229893410853 0.05403645833333335 0.5277828246124031 0.05221959786821707 0.5288426598837209 0.049797117248062024 0.5299024951550388 0.0472232315891473 0.530810925387597 0.045103561046511635 0.5314165455426357 0.042681080426356606 0.5320221656976745 0.04010719476744187 0.5327791908914729 0.037079093992248076 0.533233406007752 0.03495942344961241 0.5338390261627908 0.03374818313953489 0.5350502664728682 0.03344537306201552 0.5362615067829458 0.03359677810077521 0.5379269622093024 0.03450520833333335 0.5391382025193799 0.0351108284883721 0.5403494428294574 0.036019258720930244 0.5408036579457364 0.037381904069767456 0.5405008478682171 0.03874454941860466 0.5389867974806202 0.041015625000000014 0.5374727470930233 0.04374091569767443 0.5359586967054264 0.046011991279069776 0.5344446463178295 0.04813166182170544
0 0.05490848585690511 0.5646491957848031 0.05490848585690511 0.559796173044925 0.05560177481974482 0.5578896283971159 0.056641708264004394 0.5556364392678869 0.05768164170826396 0.5544231835829173 0.058894897393233454 0.5539032168607875 0.06010815307820295 0.5540765391014975 0.061148086522462515 0.5561564059900166 0.061668053244592305 0.5584095951192457 0.06149473100388237 0.5606627842484747 0.06062811980033274 0.5630892956184137 0.05941486411536324 0.5651691625069329 0.05872157515252353 0.5670757071547421 0.05785496394897389 0.5693288962839712 0.05698835274542425 0.5712354409317802 0.0554284525790349 0.57192872989462 0.0542151968940654 0.5710621186910704 0.05369523017193562 0.5688089295618414 0.05404187465335548 0.5665557404326123
0 0.257175540765391 0.6260052689961175 0.25093594009983355 0.6253119800332778 0.2486827509706045 0.6246186910704381 0.24642956184137546 0.6237520798668884 0.24452301719356623 0.6228854686633389 0.24400305047143647 0.62011231281198 0.2453896283971159 0.6195923460898503 0.24694952856350524 0.6197656683305601 0.24954936217415416 0.6204589572933998 0.252322518025513 0.6213255684969495 0.25526899611758175 0.6221921797004992 0.2573488630061009 0.6234054353854686 0.25856211869107043 0.624965335551858
0 0.6159525790349417 0.9729963948973932 0.6161259012756517 0.9712631724902939 0.6161259012756517 0.9676234054353855 0.6161259012756517 0.9660635052689961 0.6162992235163617 0.9641569606211869 0.6171658347199113 0.9619037714919578 0.617685801442041 0.9601705490848585 0.6187257348863006 0.9584373266777593 0.62011231281198 0.9575707154742097 0.622712146422629 0.9575707154742097 0.6234054353854686 0.9594772601220188 0.6223655019412091 0.9619037714919578 0.6213255684969495 0.963983638380477 0.6211522462562395 0.966236827509706 0.6211522462562395 0.9691833056017748 0.6214988907376594 0.9710898502495839 0.6216722129783694 0.9731697171381032 0.6216722129783694 0.9745562950637826 0.6216722129783694 0.9757695507487522 0.6216722129783694 0.9757695507487522 0.6214988907376594 0.975942872989462 0.6197656683305601 0.9766361619523017 0.6185524126455906 0.9764628397115919 0.6169925124792014 0.9752495840266223
0 0.8047004991680532 0.9813158624514698 0.8059137548530227 0.978022739877981 0.8073003327787022 0.975942872989462 0.8079936217415419 0.9738630061009429 0.8086869107043815 0.9712631724902939 0.8093801996672212 0.9688366611203549 0.8105934553521907 0.9679700499168054 0.8125 0.9681433721575152 0.8131932889628397 0.9691833056017748 0.8135399334442596 0.9712631724902939 0.8133666112035497 0.9736896838602329 0.8119800332778702 0.9769828064337215 0.8111134220743206 0.9788893510815307 0.810073488630061 0.9811425402107599 0.8092068774265113 0.9835690515806987 0.8079936217415419 0.9865155296727676 0.8060870770937326 0.9887687188019966 0.8048738214087632 0.9911952301719357 0.8036605657237936 0.9936217415418747 0.8024473100388242 0.9948349972268441 0.8010607321131448 0.9936217415418747 0.8014073765945646 0.9906752634498058 0.8022739877981143 0.9879021075984471 0.8034872434830836 0.9849556295063783
0 0.9012409872434831 0.9669301164725457 0.9045341098169717 0.9601705490848585 0.906267332224071 0.9580906821963394 0.9078272323904603 0.9558374930671103 0.9093871325568497 0.9537576261785912 0.9107737104825291 0.9530643372157516 0.9123336106489185 0.9527176927343317 0.9132002218524681 0.9535843039378814 0.9130268996117581 0.9565307820299501 0.9111203549639489 0.9586106489184693 0.9099070992789795 0.961383804769828 0.9088671658347198 0.9638103161397671 0.9080005546311702 0.9665834719911258 0.9071339434276207 0.9695299500831946 0.9066139767054909 0.9716098169717138 0.9060940099833611 0.9736896838602329 0.9052273987798114 0.9762895174708819 0.904014143094842 0.978196062118691 0.9022809206877426 0.9785427066001109 0.8996810870770937 0.9755962285080422 0.8996810870770937 0.9729963948973932 0.8996810870770937 0.9707432057681642
0 0.7488907376594565 0.9125069328896285 0.7450776483638379 0.9118136439267887 0.7436910704381586 0.9116403216860788 0.7414378813089295 0.9112936772046589 0.7395313366611203 0.9109470327232391 0.7381447587354409 0.9106003882418192 0.7371048252911814 0.9095604547975596 0.7360648918469218 0.9081738768718801 0.7358915696062118 0.906267332224071 0.7371048252911814 0.9047074320576817 0.7384914032168608 0.903840820854132 0.7412645590682196 0.9028008874098724 0.7447310038824182 0.9021075984470327 0.747504159733777 0.9021075984470327 0.7506239600665557 0.9019342762063227 0.7533971159179146 0.9015876317249029 0.7561702717692734 0.9015876317249029 0.7580768164170826 0.9017609539656128 0.7598100388241819 0.9024542429284526 0.7617165834719911 0.9034941763727121 0.7627565169162506 0.9047074320576817 0.7632764836383804 0.9057473655019412 0.7629298391569606 0.9076539101497504 0.7618899057127011 0.9095604547975596 0.759636716583472 0.9106003882418192 0.7558236272878536 0.9116403216860788 0.7525305047143649 0.9121602884082086
0 0.6880546311702717 0.822206045479756 0.6889212423738214 0.8157931225734886 0.6896145313366611 0.8137132556849695 0.6903078202995008 0.8114600665557404 0.6906544647809206 0.8093801996672212 0.6913477537437605 0.8073003327787022 0.69238768718802 0.8053937881308929 0.6932542983915695 0.8038338879645035 0.694467554076539 0.8040072102052135 0.6965474209650583 0.805220465890183 0.6986272878535773 0.8074736550194122 0.699320576816417 0.8102468108707709 0.7000138657792567 0.8133666112035497 0.7000138657792567 0.8154464780920687 0.699493899057127 0.8209927897947864 0.6979339988907377 0.8277523571824736 0.697240709927898 0.8296589018302829 0.6963740987243483 0.8305255130338325 0.6953341652800887 0.831565446478092 0.6939475873544093 0.8320854132002218 0.6927343316694398 0.8320854132002218 0.6913477537437605 0.8319120909595118 0.6901344980587909 0.8310454797559623 0.6892678868552412 0.8298322240709928 0.6884012756516916 0.8274057127010538 0.6880546311702717 0.8251525235718248
0 0.9381586245146977 0.4561494731003882 0.9296658347199113 0.45094980587909034 0.927759290072102 0.44956322795341097 0.9261993899057127 0.4481766500277315 0.9242928452579036 0.4466167498613422 0.9222129783693843 0.444710205213533 0.920653078202995 0.4426303383250138 0.9197864669994453 0.44037714919578475 0.9201331114808652 0.4386439267886855 0.9215196894065446 0.4379506378258458 0.922906267332224 0.4379506378258458 0.9244661674986134 0.43968386023294503 0.9265460343871326 0.4415904048807543 0.927932612312812 0.44384359400998336 0.9291458679977815 0.4455768164170826 0.9310524126455906 0.44783000554631164 0.9329589572933998 0.44956322795341097 0.9348655019412091 0.4512964503605102 0.9367720465890182 0.4523363838047698 0.9391985579589572 0.4537229617304492 0.9407584581253466 0.4547628951747088 0.9411051026067665 0.4559761508596783 0.9400651691625069 0.456496117581808
0 0.9447448696616749 0.7502773155851359 0.9388519134775374 0.7514905712701053 0.9360787576261786 0.7514905712701053 0.9322656683305601 0.7513172490293953 0.9284525790349417 0.7514905712701053 0.925332778702163 0.7514905712701053 0.9225596228508042 0.7516638935108152 0.9196131447587353 0.7518372157515252 0.9187465335551859 0.7518372157515252 0.9180532445923462 0.7490640599001664 0.9187465335551859 0.7478508042151969 0.923079589572934 0.7461175818080975 0.9274126455906821 0.7455976150859678 0.9324389905712701 0.7452509706045479 0.9362520798668884 0.7445576816417083 0.9386785912368275 0.7440377149195785 0.9414517470881864 0.7435177481974488 0.9452648363838048 0.7429977814753189 0.9489046034387132 0.7431711037160288 0.9516777592900721 0.7436910704381586 0.9527176927343317 0.7445576816417083 0.9513311148086523 0.7462909040488075 0.9478646699944536 0.7485440931780366
0 0.9605171935662784 0.8445646145313366 0.9528910149750416 0.8438713255684969 0.9497712146422629 0.843524681087077 0.9468247365501942 0.8428313921242374 0.9449181919023849 0.8419647809206877 0.9449181919023849 0.8405782029950083 0.9478646699944536 0.8393649473100387 0.9499445368829728 0.8383250138657792 0.9523710482529119 0.8379783693843593 0.9561841375485302 0.8379783693843593 0.9598239046034387 0.8379783693843593 0.9622504159733777 0.8383250138657792 0.9643302828618968 0.8393649473100387 0.9658901830282861 0.8407515252357183 0.9674500831946755 0.8430047143649474 0.9686633388796451 0.8447379367720466 0.9674500831946755 0.8450845812534664 0.963983638380477 0.8452579034941763
0 0.12687708565072303 0.5208333333333334 0.12548665183537264 0.5136494252873562 0.12490730441230996 0.5046116054875788 0.1257183908045977 0.49904987022617725 0.12768817204301075 0.503568780126066 0.128615127919911 0.5099416017797552 0.1281516499814609 0.5164302929180571
0 0.5727777777777778 0.21194444444444444 0.5777777777777777 0.21055555555555555 0.5869444444444445 0.2127777777777778 0.5930555555555556 0.2138888888888889 0.5986111111111111 0.21527777777777776 0.6041666666666666 0.21722222222222223 0.6144444444444445 0.21916666666666668 0.6183333333333334 0.22138888888888889 0.6236111111111111 0.2238888888888889 0.6280555555555555 0.22722222222222221 0.6311111111111111 0.22888888888888886 0.6333333333333333 0.2313888888888889 0.6286111111111111 0.23333333333333334 0.6247222222222223 0.23361111111111113 0.6205555555555555 0.23249999999999998 0.6125 0.22972222222222222 0.6066666666666667 0.22833333333333333 0.6022222222222222 0.2263888888888889 0.5988888888888888 0.2252777777777778 0.5961111111111111 0.2238888888888889 0.5922222222222222 0.22166666666666668 0.5883333333333333 0.22027777777777777 0.5844444444444445 0.21861111111111112 0.5791666666666667 0.21722222222222223 0.5752777777777778 0.21527777777777776
0 0.7771875 0.30197916666666663 0.7803125000000001 0.30375 0.7827083333333333 0.30385416666666665 0.7841666666666666 0.30354166666666665 0.7844791666666667 0.3026041666666667 0.7844791666666667 0.30124999999999996 0.78375 0.30041666666666667 0.779375 0.29958333333333337 0.7772916666666667 0.29864583333333333 0.7737499999999999 0.2978125 0.7714583333333334 0.29750000000000004 0.7669791666666667 0.2966666666666667 0.7643749999999999 0.29552083333333334 0.7614583333333333 0.29416666666666663 0.7582291666666666 0.29312499999999997 0.7559375 0.29229166666666667 0.7542708333333333 0.2915625 0.751875 0.2911458333333333 0.7486458333333333 0.2911458333333333 0.7460416666666667 0.29135416666666664 0.7453125 0.29333333333333333 0.7471875 0.295 0.7502083333333334 0.2952083333333333 0.7546875 0.2959375 0.7558333333333334 0.2964583333333334 0.7587499999999999 0.2967708333333333 0.7613541666666667 0.29739583333333336 0.7634375 0.2978125 0.765 0.2983333333333333 0.7673958333333334 0.2992708333333333 0.7701041666666666 0.3 0.7719791666666667 0.30031250000000004 0.7751041666666667 0.30104166666666665
