1 0.6270581317204301 0.84169186827957 0.6194976478494624 0.8358114919354839 0.6165574596774195 0.8328713037634409 0.6144573252688172 0.8295110887096775 0.6115171370967742 0.8248907930107527 0.6098370295698925 0.8194304435483872 0.6089969758064516 0.814390120967742 0.6089969758064516 0.8097698252688172 0.6094170026881721 0.8047295026881721 0.6102570564516129 0.7996891801075269 0.6119371639784946 0.7946488575268817 0.6144573252688172 0.7883484543010754 0.6169774865591399 0.7833081317204301 0.6199176747311828 0.7795278897849462 0.6228578629032259 0.7778477822580645 0.6257980510752688 0.7765877016129034 0.6304183467741936 0.7757476478494624 0.6362987231182796 0.7749075940860216 0.6409190188172044 0.7744875672043011 0.6455393145161291 0.7744875672043011 0.6497395833333334 0.7744875672043011 0.6530997983870968 0.775327620967742 0.6556199596774195 0.7774277553763441 0.6577200940860216 0.781207997311828 0.6594002016129034 0.7845682123655915 0.6615003360215055 0.7900285618279571 0.6631804435483872 0.7950688844086021 0.6648605510752688 0.7975890456989247 0.6665406586021505 0.8005292338709677 0.6682207661290323 0.8038894489247312 0.6686407930107527 0.8080897177419356 0.6690608198924732 0.8127100134408602 0.6690608198924732 0.8177503360215055 0.6678007392473119 0.8206905241935484 0.6661206317204301 0.8248907930107527 0.6644405241935484 0.8311911962365592 0.6627604166666666 0.8349714381720431 0.6610803091397849 0.8370715725806452 0.658140120967742 0.8387516801075269 0.6547799059139785 0.8425319220430108 0.652259744623656 0.8454721102150539 0.6493195564516129 0.8479922715053764 0.6467993951612904 0.8500924059139785 0.6430191532258065 0.8513524865591399 0.6409190188172044 0.8509324596774195 0.6383988575268817 0.8496723790322581 0.6341985887096775 0.847572244623656 0.6312584005376344 0.8454721102150539
1 0.6501596102150539 0.7543262768817205 0.6438592069892474 0.7476058467741936 0.6425991263440861 0.7455057123655915 0.6409190188172044 0.7425655241935484 0.6400789650537635 0.7396253360215055 0.6392389112903226 0.7358450940860216 0.6383988575268817 0.7320648521505377 0.6371387768817205 0.7278645833333334 0.6362987231182796 0.7240843413978495 0.6379788306451614 0.7219842069892474 0.6396589381720431 0.7190440188172044 0.6413390456989247 0.7165238575268817 0.6434391801075269 0.71484375 0.64637936827957 0.7135836693548387 0.6493195564516129 0.7114835349462366 0.6539398521505377 0.708963373655914 0.6573000672043011 0.7072832661290323 0.6623403897849462 0.7060231854838711 0.6678007392473119 0.7051831317204301 0.6724210349462366 0.7060231854838711 0.6774613575268817 0.7085433467741936 0.6816616263440861 0.7106434811827957 0.6858618951612904 0.7135836693548387 0.6888020833333334 0.7169438844086021 0.6917422715053764 0.7207241263440861 0.6938424059139785 0.7240843413978495 0.6959425403225806 0.7282846102150539 0.6967825940860216 0.7324848790322581 0.697202620967742 0.7366851478494624 0.697202620967742 0.7413054435483872 0.6963625672043011 0.7446656586021505 0.6951024865591399 0.7484459005376344 0.6934223790322581 0.7526461693548387 0.6904821908602151 0.7568464381720431 0.6879620295698925 0.7606266801075269 0.68544186827957 0.7627268145161291 0.6820816532258065 0.7639868951612904 0.6766213037634409 0.7639868951612904 0.6694808467741936 0.76356686827957 0.6657006048387097 0.7623067876344086 0.6606602822580645 0.7602066532258065 0.6564600134408602 0.7581065188172044
1 0.7345850134408602 0.7736475134408602 0.7274445564516129 0.7652469758064516 0.7253444220430108 0.7627268145161291 0.7232442876344086 0.7606266801075269 0.7215641801075269 0.7581065188172044 0.7198840725806452 0.7560063844086021 0.7186239919354839 0.7530661962365592 0.7173639112903226 0.7501260080645161 0.7165238575268817 0.7471858198924732 0.7156838037634409 0.7450856854838711 0.71484375 0.7446656586021505 0.7135836693548387 0.742145497311828 0.7131636424731183 0.7392053091397849 0.7127436155913979 0.7350050403225806 0.7140036962365592 0.7308047715053764 0.7161038306451614 0.7261844758064516 0.7203040994623656 0.7224042338709677 0.7240843413978495 0.7198840725806452 0.7287046370967742 0.7186239919354839 0.7354250672043011 0.7177839381720431 0.7438256048387097 0.7173639112903226 0.7488659274193549 0.7173639112903226 0.7530661962365592 0.7173639112903226 0.7560063844086021 0.7177839381720431 0.7585265456989247 0.7182039650537635 0.7618867607526882 0.7203040994623656 0.7656670026881721 0.7228242607526882 0.7690272177419355 0.72450436827957 0.7719674059139785 0.7261844758064516 0.775327620967742 0.7278645833333334 0.7778477822580645 0.7295446908602151 0.7803679435483872 0.7312247983870968 0.7833081317204301 0.7337449596774195 0.7862483198924732 0.7375252016129034 0.7883484543010754 0.7408854166666666 0.7900285618279571 0.7442456317204301 0.7917086693548387 0.7488659274193549 0.79296875 0.7526461693548387 0.7933887768817205 0.7564264112903226 0.7933887768817205 0.7618867607526882 0.7925487231182796 0.7665070564516129 0.7908686155913979 0.7715473790322581 0.7887684811827957 0.7744875672043011 0.7841481854838711 0.7770077284946237 0.7786878360215055 0.7791078629032259 0.7723874327956989 0.781207997311828 0.7681871639784946 0.7820480510752688 0.7656670026881721 0.7820480510752688 0.7631468413978495 0.7820480510752688 0.7589465725806452 0.7820480510752688 0.75390625 0.7820480510752688 0.7509660618279571 0.781207997311828 0.7476058467741936 0.7799479166666666 0.7450856854838711 0.7791078629032259 0.7408854166666666 0.7765877016129034
1 0.716733870967742 0.8705283291976841 0.7125982216708023 0.8682020264681556 0.7107888751033913 0.8674265922249794 0.708204094292804 0.8666511579818031 0.7061362696443342 0.8656172456575683 0.7040684449958643 0.8643248552522746 0.7025175765095121 0.8627739867659223 0.7009667080231596 0.8607061621174524 0.7001912737799835 0.8588968155500414 0.699674317617866 0.8560535566583953 0.699674317617866 0.852693341604632 0.7001912737799835 0.8495916046319272 0.7012251861042185 0.8464898676592225 0.7030345326716295 0.8439050868486352 0.7056193134822167 0.8405448717948718 0.7071701819685692 0.8379600909842845 0.7092380066170388 0.8351168320926387 0.7115643093465674 0.8325320512820513 0.7141490901571548 0.8299472704714641 0.7172508271298594 0.828137923904053 0.7203525641025641 0.8265870554177006 0.7231958229942101 0.8255531430934657 0.7250051695616212 0.8250361869313482 0.7268145161290323 0.8250361869313482 0.7296577750206783 0.8250361869313482 0.7335349462365592 0.8250361869313482 0.7371536393713813 0.8258116211745244 0.7405138544251447 0.8260700992555832 0.7438740694789082 0.8268455334987593 0.7459418941273781 0.828137923904053 0.7472342845326717 0.8294303143093467 0.7500775434243176 0.8302057485525227 0.753437758478081 0.8302057485525227 0.7567979735318445 0.8302057485525227 0.7586073200992556 0.8307227047146403 0.759124276261373 0.8330490074441688 0.7596412324234905 0.8361507444168734 0.7598997105045492 0.8395109594706369 0.7598997105045492 0.842354218362283 0.7606751447477255 0.8454559553349876 0.7614505789909016 0.848040736145575 0.7619675351530191 0.8511424731182796 0.7622260132340777 0.8529518196856907 0.7604166666666666 0.8547611662531017 0.7588657981803144 0.8568289909015715 0.7575734077750208 0.8599307278742763 0.7560225392886684 0.861998552522746 0.7544716708023159 0.8638078990901571 0.7524038461538463 0.865875723738627 0.7505944995864351 0.867685070306038 0.7480097187758478 0.8694944168734492 0.7459418941273781 0.8710452853598015 0.7423232009925559 0.8728546319272126 0.73947994210091 0.8738885442514476 0.7361197270471465 0.8746639784946237 0.7317255996691482 0.8746639784946237 0.7291408188585609 0.8744055004135649 0.7250051695616212 0.8733715880893301 0.7213864764267991 0.8725961538461539
1 0.7971205541770059 0.9139526468155501 0.7937603391232424 0.9108509098428453 0.7924679487179488 0.9095585194375517 0.7911755583126552 0.9082661290322581 0.7898831679073616 0.9061983043837883 0.7883322994210091 0.9041304797353185 0.7867814309346568 0.9015456989247312 0.7857475186104218 0.8984439619520265 0.7852305624483045 0.8953422249793218 0.784713606286187 0.8919820099255583 0.784713606286187 0.8881048387096775 0.784713606286187 0.884744623655914 0.7857475186104218 0.8800920181968569 0.7870399090157155 0.8764733250620348 0.7883322994210091 0.8728546319272126 0.7909170802315963 0.8702698511166252 0.7942772952853598 0.8682020264681556 0.7973790322580645 0.8666511579818031 0.800739247311828 0.8653587675765095 0.803582506203474 0.8645833333333334 0.8072011993382961 0.8640663771712159 0.8118538047973533 0.8635494210090985 0.8149555417700579 0.8635494210090985 0.81857423490488 0.8635494210090985 0.822451406120761 0.8638078990901571 0.8263285773366419 0.8643248552522746 0.8302057485525227 0.8651002894954508 0.8340829197684037 0.8663926799007444 0.8371846567411084 0.8679435483870968 0.8408033498759305 0.8697528949545078 0.8444220430107526 0.8723376757650951 0.848040736145575 0.8746639784946237 0.8501085607940447 0.8764733250620348 0.8516594292803971 0.8777657154673284 0.8539857320099257 0.8803504962779157 0.8555366004962779 0.8826767990074441 0.8565705128205129 0.884744623655914 0.8576044251447478 0.8870709263854425 0.8588968155500414 0.8899141852770885 0.860189205955335 0.8943083126550868 0.8607061621174524 0.8981854838709677 0.8604476840363938 0.902579611248966 0.8594137717121588 0.9061983043837883 0.8576044251447478 0.909300041356493 0.8555366004962779 0.9124017783291977 0.852693341604632 0.9152450372208437 0.8490746484698097 0.9173128618693135 0.8444220430107526 0.9198976426799008 0.841320306038048 0.921448511166253 0.8377016129032259 0.9227409015715468 0.8348583540115798 0.9235163358147229 0.8314981389578163 0.9237748138957816 0.828137923904053 0.9237748138957816 0.8242607526881721 0.9237748138957816 0.8209005376344086 0.9235163358147229 0.8180572787427626 0.9227409015715468 0.8146970636889992 0.9217069892473119 0.8121122828784119 0.9211900330851944 0.809269023986766 0.9204145988420183 0.8077181555004136 0.9198976426799008 0.8051333746898263 0.9186052522746072 0.8012562034739454 0.9170543837882548
1 0.7521453680727874 0.9162789495450786 0.7570564516129032 0.9188637303556658 0.7586073200992556 0.9201561207609594 0.7604166666666666 0.9217069892473119 0.763001447477254 0.9242917700578991 0.764810794044665 0.9268765508684864 0.7661031844499586 0.9292028535980149 0.7676540529363111 0.9310122001654261 0.7689464433416047 0.9328215467328371 0.7702388337468983 0.9346308933002482 0.7715312241521919 0.9364402398676592 0.7728236145574855 0.9382495864350703 0.7743744830438379 0.9410928453267163 0.7756668734491315 0.9434191480562448 0.7764423076923077 0.946003928866832 0.7767007857733664 0.9491056658395369 0.7767007857733664 0.952724358974359 0.776183829611249 0.9555676178660051 0.7746329611248967 0.9581523986765923 0.7728236145574855 0.960220223325062 0.7697218775847808 0.9628050041356493 0.7658447063689 0.9651313068651779 0.7622260132340777 0.9674576095947064 0.7586073200992556 0.9695254342431762 0.7552471050454922 0.9708178246484699 0.7503360215053764 0.9721102150537635 0.7441325475599669 0.9721102150537635 0.7381875516956163 0.9721102150537635 0.732759511993383 0.9713347808105872 0.7283653846153847 0.9692669561621174 0.7226788668320927 0.9661652191894128 0.7188016956162119 0.9635804383788255 0.7154414805624484 0.9597032671629446 0.7128566997518611 0.9553091397849462 0.7107888751033913 0.950915012406948 0.7094964846980977 0.9465208850289496 0.7087210504549214 0.9429021918941274 0.7089795285359802 0.9382495864350703 0.7102719189412738 0.9343724152191893 0.7118227874276262 0.9310122001654261 0.7141490901571548 0.9276519851116626 0.7162169148056245 0.9250672043010754 0.7190601736972705 0.922482423490488 0.7229373449131514 0.9198976426799008 0.7281069065343259 0.9170543837882548 0.7317255996691482 0.9157619933829612 0.7363782051282051 0.9149865591397849 0.7410308105872622 0.9144696029776676 0.7449079818031431 0.9144696029776676 0.748785153019024 0.9152450372208437
1 0.6366056658395369 0.9377326302729528 0.6314361042183624 0.9325630686517783 0.6301437138130688 0.9304952440033085 0.6293682795698925 0.92816894127378 0.628851323407775 0.925325682382134 0.6283343672456575 0.9219654673283705 0.6278174110835402 0.9193806865177833 0.6270419768403639 0.9170543837882548 0.6262665425971878 0.9126602564102565 0.6260080645161291 0.9111093879239041 0.6283343672456575 0.9082661290322581 0.6311776261373035 0.903613523573201 0.634537841191067 0.9015456989247312 0.6399658808933002 0.8981854838709677 0.6433260959470637 0.8974100496277916 0.6482371794871795 0.8966346153846154 0.6521143507030605 0.8961176592224979 0.6539236972704715 0.8961176592224979 0.6570254342431762 0.8966346153846154 0.659093258891646 0.8971515715467329 0.6616780397022333 0.8981854838709677 0.6645212985938793 0.8994778742762614 0.6671060794044666 0.9010287427626138 0.6696908602150539 0.902579611248966 0.6730510752688172 0.9046474358974359 0.6766697684036395 0.9072322167080231 0.6792545492142267 0.9098169975186104 0.6815808519437552 0.9124017783291977 0.6836486765922251 0.9155035153019023 0.6857165012406948 0.9183467741935484 0.6880428039702233 0.921448511166253 0.6898521505376344 0.9235163358147229 0.6919199751861043 0.926359594706369 0.6937293217535153 0.9294613316790736 0.6950217121588089 0.932046112489661 0.6955386683209265 0.9351478494623656 0.6950217121588089 0.9382495864350703 0.6929538875103393 0.9410928453267163 0.6906275847808107 0.9439361042183624 0.6862334574028123 0.9457454507857734 0.6813223738626966 0.9472963192721257 0.676152812241522 0.9483302315963607 0.6725341191066998 0.9491056658395369 0.6696908602150539 0.949881100082713 0.6663306451612904 0.9511734904880066 0.6642628205128206 0.9516904466501241 0.6603856492969397 0.9516904466501241 0.6557330438378826 0.9514319685690654 0.6526313068651779 0.9511734904880066 0.6484956575682382 0.949881100082713 0.6453939205955336 0.9485887096774194 0.6438430521091812 0.9462624069478909 0.6428091397849462 0.9444530603804798 0.6407413151364765 0.9418682795698925
1 0.865875723738627 0.8428711745244004 0.8599307278742763 0.8382185690653433 0.8581213813068652 0.8364092224979323 0.8560535566583953 0.8343413978494624 0.8547611662531017 0.8325320512820513 0.8532102977667494 0.8304642266335815 0.8516594292803971 0.8278794458229942 0.8506255169561622 0.8255531430934657 0.8495916046319272 0.8237437965260546 0.8485576923076923 0.8219344499586435 0.8472653019023987 0.8190911910669976 0.84700682382134 0.8172818444995864 0.8467483457402812 0.8149555417700579 0.8464898676592225 0.8134046732837056 0.8462313895781638 0.8118538047973533 0.8462313895781638 0.8105614143920596 0.8449389991728702 0.8087520678246486 0.8439050868486352 0.80642576509512 0.8446805210918115 0.8038409842845327 0.84700682382134 0.8012562034739454 0.8493331265508686 0.7991883788254756 0.8524348635235732 0.7976375103391233 0.8557950785773367 0.7971205541770059 0.8596722497932175 0.7966035980148883 0.8632909429280397 0.7966035980148883 0.865875723738627 0.7971205541770059 0.868718982630273 0.797895988420182 0.8710452853598015 0.7986714226633581 0.8731131100082713 0.7999638130686518 0.8759563688999173 0.8015146815550042 0.8777657154673284 0.8030655500413565 0.8803504962779157 0.8051333746898263 0.8826767990074441 0.8072011993382961 0.8850031017369727 0.8095275020678246 0.8873294044665012 0.8121122828784119 0.8896557071960297 0.8146970636889992 0.8914650537634409 0.8172818444995864 0.8930159222497932 0.8198666253101737 0.8943083126550868 0.8221929280397023 0.8956007030603804 0.8245192307692307 0.8971515715467329 0.8276209677419355 0.8984439619520265 0.8299472704714641 0.8994778742762614 0.8317566170388752 0.900770264681555 0.8335659636062862 0.9005117866004964 0.8358922663358148 0.8994778742762614 0.838477047146402 0.897927005789909 0.8405448717948718 0.8958591811414393 0.842354218362283 0.8937913564929694 0.8436466087675766 0.8914650537634409 0.8444220430107526 0.8891387510339123 0.8449389991728702 0.8862954921422664 0.8457144334160464 0.8839691894127378 0.8464898676592225 0.881901364764268 0.8464898676592225 0.8800920181968569 0.8464898676592225 0.8785411497105046 0.8464898676592225 0.8738885442514476 0.8449389991728702 0.8710452853598015 0.844163564929694
1 0.9033550454921423 0.803582506203474 0.9020626550868486 0.8020316377171216 0.8984439619520265 0.7981544665012408 0.8974100496277916 0.7958281637717123 0.8963761373035567 0.7935018610421837 0.8950837468982631 0.7901416459884202 0.8940498345740282 0.7867814309346568 0.893274400330852 0.7834212158808934 0.8924989660876758 0.7792855665839536 0.8917235318444996 0.7767007857733664 0.8909480976013234 0.7733405707196029 0.8909480976013234 0.7715312241521919 0.8919820099255583 0.7679125310173698 0.893274400330852 0.7653277502067826 0.8953422249793218 0.7627429693961952 0.897927005789909 0.7604166666666666 0.9005117866004964 0.7583488420181969 0.903613523573201 0.7560225392886684 0.906456782464847 0.7542131927212573 0.909300041356493 0.753437758478081 0.9126602564102565 0.7531792803970223 0.9160204714640199 0.753437758478081 0.9178298180314309 0.7539547146401985 0.921448511166253 0.7549886269644335 0.9242917700578991 0.7560225392886684 0.9261011166253101 0.7567979735318445 0.9284274193548386 0.7580903639371381 0.9307537220843672 0.7593827543424319 0.9330800248138957 0.7611921009098429 0.9359232837055418 0.7632599255583127 0.9387665425971878 0.7653277502067826 0.9421267576509512 0.7679125310173698 0.944194582299421 0.7702388337468983 0.9454869727047146 0.7720481803143093 0.947037841191067 0.7746329611248967 0.9485887096774194 0.7774762200165426 0.949881100082713 0.7805779569892474 0.9511734904880066 0.783679693961952 0.9522074028122416 0.7878153432588917 0.9529828370554178 0.7911755583126552 0.9534997932175352 0.7953112076095947 0.9532413151364765 0.7986714226633581 0.9524658808933002 0.8033240281224152 0.950915012406948 0.808235111662531 0.949881100082713 0.8113368486352358 0.9475547973531845 0.8154724979321754 0.9454869727047146 0.8175403225806452 0.9431606699751861 0.8193496691480563 0.9416098014888338 0.8206420595533499 0.9398004549214227 0.8219344499586435 0.9379911083540117 0.822451406120761 0.9359232837055418 0.8227098842018197 0.9333385028949546 0.8221929280397023 0.9297198097601325 0.8211590157154673 0.9261011166253101 0.8201251033912325 0.9235163358147229 0.8188327129859388 0.9204145988420183 0.817798800661704 0.9175713399503722 0.8162479321753515 0.9144696029776676 0.8149555417700579 0.9118848221670802 0.8134046732837056 0.9087830851943756 0.8110783705541771 0.9061983043837883 0.808235111662531
1 0.8159894540942928 0.993305417700579 0.8134046732837056 0.9886528122415219 0.8123707609594707 0.9868434656741109 0.8115953267162944 0.9842586848635235 0.8113368486352358 0.9811569478908189 0.8113368486352358 0.9775382547559968 0.8121122828784119 0.9736610835401158 0.8136631513647643 0.969783912324235 0.8162479321753515 0.9666821753515301 0.8198666253101737 0.9638389164598843 0.8242607526881721 0.961254135649297 0.8276209677419355 0.9597032671629446 0.8314981389578163 0.9578939205955336 0.8364092224979323 0.9558260959470637 0.8415787841191068 0.9540167493796526 0.84700682382134 0.9524658808933002 0.8516594292803971 0.9514319685690654 0.8565705128205129 0.9503980562448305 0.860189205955335 0.9503980562448305 0.8651002894954508 0.9506565343258891 0.8697528949545078 0.9516904466501241 0.8741470223325062 0.9524658808933002 0.8780241935483871 0.9534997932175352 0.8816428866832093 0.9542752274607114 0.8852615798180314 0.9558260959470637 0.8886217948717949 0.9573769644334161 0.8917235318444996 0.9589278329197684 0.8956007030603804 0.9615126137303557 0.8987024400330852 0.9640973945409429 0.9012872208436724 0.9671991315136477 0.9033550454921423 0.9700423904052936 0.9046474358974359 0.9734026054590571 0.9051643920595533 0.9765043424317618 0.9051643920595533 0.980123035566584 0.9043889578163772 0.9834832506203474 0.902579611248966 0.9878773779983459 0.9012872208436724 0.9909791149710505 0.8999948304383788 0.994339330024814 0.8984439619520265 0.9969241108354012 0.8969182950785773 0.9989583333333333 0.8953422249793218 0.9989583333333333 0.8201251033912325 0.9989583333333333 0.817798800661704 0.9966656327543425
1 0.9969241108354012 0.7984129445822995 0.9920130272952854 0.7924679487179488 0.9902036807278743 0.7904001240694789 0.9889112903225806 0.7891077336641853 0.9868434656741109 0.7878153432588917 0.9842586848635235 0.7854890405293631 0.9829662944582299 0.7834212158808934 0.981932382133995 0.7810949131513648 0.9814154259718777 0.7787686104218363 0.9803815136476427 0.7748914392059554 0.9793476013234078 0.7712727460711332 0.9790891232423491 0.7673955748552522 0.9793476013234078 0.7637768817204301 0.980123035566584 0.7596412324234905 0.9811569478908189 0.7560225392886684 0.9827078163771713 0.7526623242349049 0.9845171629445824 0.7500775434243176 0.9868434656741109 0.7480097187758478 0.9891697684036395 0.7462003722084367 0.9922715053763441 0.7446495037220845 0.9956317204301076 0.7438740694789082 0.9979580231596361 0.7438740694789082 0.9989583333333333 0.7438740694789082 0.9989583333333333 0.7438740694789082 0.9989583333333333 0.800739247311828
1 0.6306606699751861 0.6916614971050455 0.6260080645161291 0.6903691066997519 0.6239402398676592 0.6898521505376344 0.6210969809760133 0.6890767162944583 0.6177367659222498 0.6875258478081059 0.6154104631927212 0.6857165012406948 0.613859594706369 0.6833901985111662 0.6125672043010754 0.6813223738626966 0.6117917700578991 0.678996071133168 0.6104993796526055 0.6766697684036395 0.608948511166253 0.6740849875930521 0.6073976426799008 0.6712417287014062 0.6055882961124898 0.6689154259718777 0.6045543837882548 0.6668476013234078 0.6035204714640199 0.6640043424317618 0.6035204714640199 0.6614195616211745 0.6042959057071962 0.6585763027295286 0.6050713399503722 0.6565084780810587 0.6050713399503722 0.65625 0.6066222084367247 0.654440653432589 0.608173076923077 0.6521143507030605 0.6097239454094293 0.6495295698924732 0.6112748138957816 0.6477202233250622 0.6125672043010754 0.6459108767576509 0.6148935070306039 0.6438430521091812 0.6177367659222498 0.6407413151364765 0.6210969809760133 0.6386734904880066 0.6236817617866006 0.6371226220016543 0.6273004549214227 0.6360887096774194 0.6324700165425973 0.6347963192721257 0.6342793631100083 0.634537841191067 0.6386734904880066 0.634537841191067 0.6433260959470637 0.634537841191067 0.6466863110008272 0.634537841191067 0.6510804383788255 0.6347963192721257 0.655474565756824 0.6358302315963607 0.6611610835401158 0.6371226220016543 0.6619365177832921 0.6386734904880066 0.6627119520264682 0.640224358974359 0.6650382547559968 0.6412582712985938 0.6671060794044666 0.6420337055417701 0.6704662944582299 0.6430676178660051 0.6738265095119934 0.6453939205955336 0.6764112903225806 0.6482371794871795 0.6774452026468156 0.6513389164598843 0.6777036807278743 0.654440653432589 0.6779621588089331 0.6578008684863524 0.6779621588089331 0.6619365177832921 0.6777036807278743 0.664779776674938 0.6766697684036395 0.667623035566584 0.6753773779983459 0.6704662944582299 0.6740849875930521 0.6735680314309348 0.6717586848635235 0.6769282464846981 0.6696908602150539 0.6795130272952854 0.667623035566584 0.681839330024814 0.6645212985938793 0.6841656327543425 0.6614195616211745 0.6859749793217536 0.65625 0.6880428039702233 0.6521143507030605 0.6898521505376344 0.6469447890818859 0.6908860628618694 0.6438430521091812 0.6914030190239868 0.640224358974359 0.6916614971050455 0.6368641439205955 0.6919199751861043
1 0.828137923904053 0.6508219602977668 0.823485318444996 0.6459108767576509 0.8221929280397023 0.6446184863523573 0.8206420595533499 0.6428091397849462 0.8188327129859388 0.6407413151364765 0.8170233664185278 0.6386734904880066 0.8146970636889992 0.6353132754342432 0.8128877171215881 0.631694582299421 0.8115953267162944 0.6285928453267163 0.8105614143920596 0.6260080645161291 0.8105614143920596 0.6234232837055418 0.8110783705541771 0.6205800248138957 0.8123707609594707 0.6177367659222498 0.8136631513647643 0.6151519851116626 0.8154724979321754 0.6130841604631928 0.8170233664185278 0.6112748138957816 0.8180572787427626 0.6084315550041357 0.8188327129859388 0.6055882961124898 0.8211590157154673 0.6035204714640199 0.8242607526881721 0.6009356906534327 0.8273624896608768 0.5993848221670802 0.8309811827956989 0.597833953680728 0.8333074855252275 0.5970585194375517 0.8408033498759305 0.5957661290322581 0.8444220430107526 0.5952491728701407 0.8490746484698097 0.594990694789082 0.8529518196856907 0.594990694789082 0.8570874689826303 0.5955076509511994 0.8612231182795699 0.5962830851943756 0.8632909429280397 0.5973169975186104 0.865875723738627 0.5991263440860216 0.8702698511166252 0.6006772125723738 0.8728546319272126 0.6017111248966088 0.8751809346567412 0.6035204714640199 0.8769902812241522 0.6053298180314309 0.8787996277915633 0.6079145988420183 0.8806089743589743 0.6104993796526055 0.8821598428453268 0.6133426385442515 0.8834522332506204 0.6161858974358975 0.884744623655914 0.6185122001654261 0.8860370140612076 0.6218724152191893 0.8868124483043839 0.6252326302729528 0.8870709263854425 0.6283343672456575 0.8870709263854425 0.6322115384615384 0.8860370140612076 0.6355717535153019 0.8850031017369727 0.6389319685690654 0.8839691894127378 0.6415167493796526 0.8821598428453268 0.6456523986765923 0.8808674524400331 0.6479787014061208 0.8793165839536807 0.650563482216708 0.877248759305211 0.6539236972704715 0.8749224565756824 0.65625 0.8725961538461539 0.6578008684863524 0.8697528949545078 0.6598686931348222 0.865875723738627 0.6616780397022333 0.8627739867659223 0.6621949958643507 0.8581213813068652 0.6621949958643507 0.8537272539288668 0.6621949958643507 0.8508839950372208 0.6619365177832921 0.8477822580645161 0.6611610835401158 0.8446805210918115 0.6601271712158809 0.841320306038048 0.6583178246484699 0.8364092224979323 0.65625 0.8322735732009926 0.6541821753515303
1 0.9519489247311828 0.6177367659222498 0.949881100082713 0.6154104631927212 0.9472963192721257 0.612825682382134 0.9457454507857734 0.6112748138957816 0.9444530603804798 0.608948511166253 0.9429021918941274 0.6066222084367247 0.9408343672456575 0.6042959057071962 0.9392834987593053 0.6022280810587263 0.9374741521918942 0.5993848221670802 0.9361817617866006 0.5962830851943756 0.9348893713813069 0.5931813482216709 0.9343724152191893 0.5898211331679074 0.9343724152191893 0.5867193961952027 0.9348893713813069 0.583617659222498 0.9361817617866006 0.5805159222497932 0.9377326302729528 0.5774141852770885 0.9395419768403639 0.57508788254756 0.9421267576509512 0.573278535980149 0.9447115384615384 0.5712107113316791 0.9478132754342432 0.5688844086021505 0.9503980562448305 0.5675920181968569 0.9534997932175352 0.566558105872622 0.9571184863523573 0.5657826716294458 0.9604787014061208 0.5655241935483872 0.9628050041356493 0.5655241935483872 0.9656482630272953 0.5655241935483872 0.9684915219189414 0.5657826716294458 0.9718517369727047 0.5660411497105046 0.9739195616211745 0.566558105872622 0.9757289081885856 0.5670750620347395 0.9777967328370554 0.5678504962779157 0.9803815136476427 0.5691428866832093 0.9824493382961125 0.5701767990074441 0.985809553349876 0.5717276674937966 0.9881358560794045 0.5727615798180314 0.9907206368899917 0.5745709263854426 0.9935638957816377 0.5758633167907362 0.9961486765922251 0.5774141852770885 0.9976995450785773 0.5787065756823822 0.9989583333333333 0.5801451908306746 0.9989583333333333 0.6146350289495451 0.9974410669975187 0.6143765508684864 0.9958901985111662 0.6143765508684864 0.9945978081058726 0.6154104631927212 0.9922715053763441 0.6164443755169562 0.9896867245657569 0.6182537220843672 0.9868434656741109 0.6192876344086021 0.9837417287014062 0.6200630686517783 0.9806399917287014 0.6208385028949546 0.9770212985938792 0.621355459057072 0.9739195616211745 0.6216139371381307 0.969783912324235 0.6216139371381307 0.9679745657568238 0.6216139371381307 0.9653897849462365 0.6216139371381307 0.9625465260545906 0.6208385028949546 0.9589278329197684 0.6198045905707197
1 0.6841656327543425 0.5756048387096775 0.6769282464846981 0.5696598428453268 0.6758943341604632 0.5683674524400331 0.6746019437551696 0.5668165839536808 0.6720171629445824 0.5634563688999173 0.669432382133995 0.5590622415219191 0.6678815136476427 0.5567359387923905 0.6668476013234078 0.5541511579818031 0.6652967328370554 0.5510494210090985 0.6642628205128206 0.54872311827957 0.6627119520264682 0.5458798593879239 0.6616780397022333 0.5427781224152193 0.6609026054590571 0.5391594292803971 0.6606441273779985 0.5365746484698097 0.6606441273779985 0.5334729114971051 0.6609026054590571 0.530629652605459 0.6616780397022333 0.5280448717948718 0.6621949958643507 0.5259770471464019 0.6634873862696443 0.5236507444168734 0.664779776674938 0.5218413978494624 0.6663306451612904 0.52029052936311 0.6678815136476427 0.5184811827956989 0.6696908602150539 0.5169303143093466 0.6722756410256411 0.5153794458229942 0.6743434656741109 0.5140870554177005 0.6771867245657569 0.5125361869313482 0.6797715053763441 0.5112437965260546 0.6820978081058726 0.509951406120761 0.6841656327543425 0.5094344499586435 0.6877843258891647 0.5091759718775848 0.691144540942928 0.5091759718775848 0.6965725806451614 0.5094344499586435 0.699674317617866 0.509951406120761 0.7043269230769231 0.5102098842018197 0.708204094292804 0.5112437965260546 0.7118227874276262 0.5127946650124069 0.7146660463192721 0.5140870554177005 0.7182847394540943 0.5156379239040529 0.7213864764267991 0.5171887923904053 0.7250051695616212 0.5189981389578163 0.7273314722911497 0.5200320512820513 0.7301747311827957 0.5215829197684037 0.7314671215880894 0.5228753101736973 0.7330179900744418 0.524943134822167 0.7348273366418528 0.5272694375516955 0.7363782051282051 0.5295957402812241 0.738446029776675 0.5321805210918114 0.73947994210091 0.5337313895781638 0.7407723325062036 0.5357992142266337 0.7425816790736146 0.5389009511993383 0.7441325475599669 0.5422611662531018 0.7449079818031431 0.544845947063689 0.7451664598842018 0.5479476840363938 0.7456834160463193 0.5518248552522746 0.7462003722084367 0.556218982630273 0.7462003722084367 0.5595791976840364 0.7464588502894955 0.5629394127377999 0.7462003722084367 0.5655241935483872 0.7449079818031431 0.5683674524400331 0.743098635235732 0.5714691894127378 0.7410308105872622 0.574053970223325 0.7397384201819686 0.5756048387096775 0.7381875516956163 0.5776726633581473 0.7358612489660877 0.5799989660876758 0.7337934243176178 0.5812913564929694 0.7314671215880894 0.5823252688172044 0.7291408188585609 0.5833591811414393 0.7260390818858561 0.5841346153846154 0.7221619106699751 0.5841346153846154 0.7182847394540943 0.5846515715467329 0.7159584367245658 0.5846515715467329 0.7133736559139785 0.5846515715467329 0.7097549627791564 0.5841346153846154 0.7061362696443342 0.5838761373035567 0.7022590984284532 0.5833591811414393 0.7004497518610422 0.5828422249793218 0.6976064929693961 0.5823252688172044 0.6950217121588089 0.5812913564929694 0.6914030190239868 0.5799989660876758 0.6883012820512822 0.5787065756823822
1 0.842354218362283 0.5275279156327544 0.8340829197684037 0.5233922663358147 0.8325320512820513 0.523133788254756 0.8309811827956989 0.5223583540115798 0.8296887923904053 0.5218413978494624 0.8283964019851117 0.5210659636062862 0.827104011579818 0.5195150951199338 0.8268455334987593 0.5177057485525227 0.8265870554177006 0.5143455334987592 0.8265870554177006 0.5102098842018197 0.8273624896608768 0.507108147229115 0.8286548800661705 0.5037479321753515 0.8302057485525227 0.5001292390405293 0.8317566170388752 0.49702750206782464 0.8333074855252275 0.49392576509511993 0.8343413978494624 0.4915994623655914 0.8358922663358148 0.48953163771712155 0.8371846567411084 0.48849772539288666 0.8395109594706369 0.4874638130686518 0.8418372622001654 0.48617142266335817 0.8454559553349876 0.48487903225806456 0.8485576923076923 0.48410359801488834 0.8524348635235732 0.4835866418527709 0.8565705128205129 0.4833281637717121 0.8588968155500414 0.4833281637717121 0.861998552522746 0.4833281637717121 0.8643248552522746 0.4833281637717121 0.866909636062862 0.4835866418527709 0.8689774607113316 0.48410359801488834 0.8710452853598015 0.4846205541770058 0.8733715880893301 0.4851375103391232 0.8756978908188586 0.48617142266335817 0.8777657154673284 0.487205334987593 0.8798335401157983 0.4879807692307692 0.8821598428453268 0.48953163771712155 0.8839691894127378 0.49108250620347393 0.8862954921422664 0.4934088089330025 0.88758788254756 0.4954766335814723 0.8888802729528537 0.498578370554177 0.8896557071960297 0.5016801075268817 0.8896557071960297 0.5040064102564102 0.8893972291149711 0.507108147229115 0.8886217948717949 0.5109853184449958 0.8873294044665012 0.5138285773366419 0.8860370140612076 0.5164133581472291 0.8842276674937966 0.5195150951199338 0.8826767990074441 0.5223583540115798 0.8811259305210919 0.5244261786600496 0.8793165839536807 0.5267524813895782 0.8767318031430934 0.5277863937138131 0.8736300661703887 0.5285618279569892 0.8707868072787428 0.5290787841191067 0.8689774607113316 0.5301126964433416 0.8674265922249794 0.530629652605459 0.8648418114143921 0.5308881306865177 0.8612231182795699 0.5308881306865177 0.8576044251447478 0.5308881306865177 0.8539857320099257 0.530629652605459 0.8503670388751033 0.5303711745244003 0.8467483457402812 0.5298542183622829
1 0.9475547973531845 0.5316635649296939 0.9449700165425973 0.5311466087675765 0.9400589330024814 0.5308881306865177 0.9374741521918942 0.5298542183622829 0.9356648056244831 0.5290787841191067 0.933855459057072 0.5283033498759305 0.9317876344086021 0.5275279156327544 0.9294613316790736 0.5264940033085195 0.927135028949545 0.524943134822167 0.925325682382134 0.5239092224979321 0.9237748138957816 0.5228753101736973 0.9209315550041357 0.5218413978494624 0.9191222084367247 0.5208074855252274 0.9170543837882548 0.5189981389578163 0.9149865591397849 0.5158964019851117 0.9142111248966087 0.5125361869313482 0.9144696029776676 0.5068496691480563 0.9157619933829612 0.5019385856079405 0.9180882961124897 0.49702750206782464 0.9201561207609594 0.49366728701406115 0.9219654673283705 0.4918579404466501 0.9242917700578991 0.49004859387923905 0.9268765508684864 0.48849772539288666 0.9292028535980149 0.48694685690653433 0.9317876344086021 0.48565446650124067 0.9343724152191893 0.4846205541770058 0.9374741521918942 0.4835866418527709 0.9410928453267163 0.482552729528536 0.9439361042183624 0.4820357733664185 0.9467793631100083 0.48151881720430106 0.9491056658395369 0.48151881720430106 0.9529828370554178 0.48151881720430106 0.9555676178660051 0.48151881720430106 0.9573769644334161 0.4820357733664185 0.9594447890818859 0.4828112076095947 0.9617710918114144 0.4835866418527709 0.9638389164598843 0.48436207609594706 0.9664236972704715 0.4859129445822994 0.96875 0.48694685690653433 0.9713347808105872 0.48849772539288666 0.9736610835401158 0.49004859387923905 0.9754704301075269 0.4913409842845327 0.977279776674938 0.4934088089330025 0.9785721670802316 0.4952181555004136 0.9803815136476427 0.49702750206782464 0.9824493382961125 0.4988368486352357 0.9845171629445824 0.5006461952026469 0.9865849875930521 0.5029724979321754 0.987618899917287 0.5047818444995864 0.9883943341604632 0.5073666253101737 0.9883943341604632 0.5096929280397022 0.9883943341604632 0.5120192307692307 0.9878773779983459 0.514604011579818 0.9868434656741109 0.5169303143093466 0.985809553349876 0.5182227047146402 0.9837417287014062 0.52029052936311 0.9798645574855253 0.523133788254756 0.9765043424317618 0.5246846567411083 0.9741780397022333 0.5257185690653432 0.9721102150537635 0.5272694375516955 0.9695254342431762 0.5285618279569892 0.9671991315136477 0.5290787841191067 0.963063482216708 0.5303711745244003 0.9591863110008272 0.5311466087675765 0.9540167493796526 0.5316635649296939
1 0.7704973118279571 0.47557382133995035 0.7619675351530191 0.4742814309346567 0.7596412324234905 0.4729890405293631 0.7583488420181969 0.47117969396195203 0.7567979735318445 0.4688533912324235 0.7552471050454922 0.4667855665839537 0.7539547146401985 0.4642007857733664 0.7531792803970223 0.4613575268817204 0.7524038461538463 0.45877274607113316 0.7521453680727874 0.45592948717948717 0.7524038461538463 0.4525692721257237 0.7529208023159637 0.44998449131513646 0.7536962365591399 0.44714123242349046 0.7547301488833748 0.4448149296939619 0.7560225392886684 0.4419716708023159 0.7565394954507858 0.43990384615384615 0.7580903639371381 0.43706058726220015 0.7596412324234905 0.4352512406947891 0.7611921009098429 0.433441894127378 0.7624844913151365 0.4318910256410256 0.7645523159636063 0.43008167907361455 0.7668786186931348 0.42930624483043833 0.7707557899090157 0.427755376344086 0.7738575268817204 0.4264629859387924 0.776183829611249 0.42517059553349873 0.7787686104218363 0.4238782051282051 0.7808364350703061 0.4228442928039702 0.7839381720430108 0.4228442928039702 0.7885907775020679 0.42310277088502896 0.7906586021505377 0.4238782051282051 0.793243382961125 0.42491211745244 0.795052729528536 0.42594602977667495 0.7971205541770059 0.427755376344086 0.7976375103391233 0.43008167907361455 0.7981544665012408 0.4331834160463192 0.7997053349875931 0.43602667493796526 0.800739247311828 0.43809449958643504 0.8015146815550042 0.44093775847808103 0.8017731596360629 0.4435225392886683 0.8020316377171216 0.44584884201819686 0.8022901157981804 0.4486921009098428 0.8022901157981804 0.45101840363937135 0.8015146815550042 0.45386166253101734 0.8002222911497106 0.4564464433416046 0.7986714226633581 0.45954818031430933 0.7966035980148883 0.46264991728701405 0.7953112076095947 0.46445926385442515 0.7940188172043011 0.46575165425971876 0.7916925144747726 0.46859491315136476 0.7893662117452441 0.4706627377998346 0.7878153432588917 0.47195512820512825 0.7849720843672456 0.4737644747725393 0.7816118693134821 0.47557382133995035 0.7769592638544253 0.47660773366418524
1 0.650563482216708 0.43008167907361455 0.6484956575682382 0.42594602977667495 0.6474617452440034 0.4238782051282051 0.6466863110008272 0.42155190239867657 0.6464278329197685 0.4187086435070306 0.6464278329197685 0.416382340777502 0.6464278329197685 0.41379755996691475 0.6464278329197685 0.4109543010752688 0.6464278329197685 0.40862799834574026 0.6461693548387097 0.40578473945409427 0.6461693548387097 0.4026830024813896 0.6464278329197685 0.39958126550868484 0.6469447890818859 0.3964795285359802 0.6477202233250622 0.3941532258064516 0.6479787014061208 0.3920854011579818 0.6490126137303558 0.38872518610421836 0.6500465260545906 0.38691583953680725 0.6513389164598843 0.38355562448304387 0.6521143507030605 0.3817462779156327 0.6531482630272953 0.37993693134822165 0.6546991315136477 0.3778691066997518 0.6559915219189414 0.376835194375517 0.657283912324235 0.37580128205128205 0.659093258891646 0.37476736972704716 0.6606441273779985 0.37192411083540117 0.6609026054590571 0.37063172043010756 0.6624534739454095 0.3693393300248139 0.6640043424317618 0.3675299834574028 0.6663306451612904 0.3664960711331679 0.6702078163771713 0.365462158808933 0.6746019437551696 0.3649452026468155 0.6779621588089331 0.3649452026468155 0.681839330024814 0.36597911497105046 0.6846825889164598 0.36701302729528534 0.6867504135649297 0.3685638957816377 0.6895936724565758 0.37011476426799006 0.6919199751861043 0.3721825889164599 0.6934708436724566 0.37450889164598844 0.6950217121588089 0.3773521505376344 0.6965725806451614 0.3801954094292804 0.697864971050455 0.38278019023986765 0.699674317617866 0.3861404052936311 0.7014836641852771 0.38872518610421836 0.7025175765095121 0.39079301075268813 0.703551488833747 0.3936362696443342 0.7043269230769231 0.39622105045492145 0.7045854011579818 0.39880583126550867 0.7051023573200993 0.40164909015715466 0.7051023573200993 0.40500930521091816 0.7051023573200993 0.4078525641025641 0.7051023573200993 0.4109543010752688 0.7051023573200993 0.41431451612903225 0.7043269230769231 0.4187086435070306 0.7038099669148057 0.42129342431761785 0.7027760545905707 0.42542907361455745 0.7025175765095121 0.4280138544251447 0.7014836641852771 0.43111559139784944 0.7001912737799835 0.4337003722084367 0.6983819272125724 0.4365436311000827 0.6968310587262201 0.43912841191067 0.6945047559966915 0.44145471464019853 0.692178453267163 0.4437810173697271 0.6888182382133995 0.44688275434243174 0.6862334574028123 0.4481751447477254 0.6826147642679902 0.44895057899090157 0.680029983457403 0.449467535153019 0.6764112903225806 0.449467535153019 0.6720171629445824 0.449467535153019 0.6683984698097603 0.4486921009098428 0.6655552109181142 0.44765818858560796 0.6627119520264682 0.44559036393713813 0.6601271712158809 0.4432640612076096 0.6578008684863524 0.4411962365591398 0.6552160876757651 0.43912841191067 0.6536652191894128 0.43706058726220015 0.651597394540943 0.4337003722084367
1 0.7790270885028949 0.39337779156327546 0.7769592638544253 0.390017576509512 0.7764423076923077 0.38769127377998347 0.7759253515301903 0.38588192721257236 0.7756668734491315 0.38407258064516125 0.7754083953680728 0.3820047559966915 0.775149917287014 0.37967845326716293 0.7748914392059554 0.3770936724565757 0.7748914392059554 0.37450889164598844 0.7754083953680728 0.37192411083540117 0.7759253515301903 0.3690808519437552 0.7767007857733664 0.36727150537634407 0.7777346980976013 0.36442824648469807 0.7785101323407775 0.36236042183622824 0.7798025227460711 0.3595171629445823 0.7813533912324235 0.35719086021505375 0.7813533912324235 0.35719086021505375 0.7831627377998346 0.35486455748552526 0.7849720843672456 0.3527967328370554 0.7872983870967742 0.3520212985938792 0.7904001240694789 0.3512458643507031 0.7945357733664186 0.3509873862696444 0.797895988420182 0.3504704301075269 0.8012562034739454 0.3504704301075269 0.8072011993382961 0.3509873862696444 0.8103029363110008 0.35150434243176176 0.8134046732837056 0.3527967328370554 0.8165064102564104 0.35486455748552526 0.8190911910669976 0.35719086021505375 0.8203835814722912 0.3592586848635236 0.8216759718775849 0.36184346567411085 0.822451406120761 0.36442824648469807 0.8229683622828785 0.36727150537634407 0.8229683622828785 0.36985628618693134 0.8229683622828785 0.37295802315963605 0.822451406120761 0.3755428039702233 0.8221929280397023 0.3778691066997518 0.8214174937965261 0.3801954094292804 0.8209005376344086 0.38303866832092637 0.8201251033912325 0.3853649710504549 0.8188327129859388 0.38769127377998347 0.8170233664185278 0.39079301075268813 0.8159894540942928 0.3936362696443342 0.8144385856079405 0.3949286600496278 0.8126292390405294 0.39622105045492145 0.8108198924731183 0.39751344086021506 0.8090105459057072 0.3993227874276261 0.8069427212572374 0.4011321339950372 0.8043579404466501 0.40294148056244833 0.8017731596360629 0.40423387096774194 0.7991883788254756 0.4047508271298594 0.7945357733664186 0.40500930521091816 0.7901416459884202 0.40500930521091816 0.7870399090157155 0.40449234904880066 0.7854890405293631 0.4034584367245657 0.7844551282051282 0.4021660463192721 0.7829042597187759 0.3998397435897436 0.781870347394541 0.3980303970223325
1 0.8472653019023987 0.3649452026468155 0.8482992142266336 0.3613265095119934 0.8493331265508686 0.35874172870140614 0.8503670388751033 0.35563999172870137 0.8516594292803971 0.3520212985938792 0.8529518196856907 0.3484026054590571 0.8542442100909843 0.34530086848635233 0.8563120347394542 0.34271608767576506 0.8591552936311001 0.34038978494623656 0.861998552522746 0.33858043837882545 0.8651002894954508 0.3367710918114144 0.8666511579818031 0.3357371794871795 0.8689774607113316 0.3349617452440033 0.8713037634408602 0.3347032671629446 0.8738885442514476 0.3347032671629446 0.877248759305211 0.3349617452440033 0.8800920181968569 0.33599565756823824 0.8826767990074441 0.3367710918114144 0.88758788254756 0.33858043837882545 0.8906896195202647 0.3398728287841191 0.893274400330852 0.3411652191894127 0.8968930934656741 0.34271608767576506 0.8994778742762614 0.3440084780810587 0.9023211331679074 0.34530086848635233 0.9051643920595533 0.34711021505376344 0.9072322167080231 0.3486610835401158 0.9090415632754342 0.3504704301075269 0.9105924317617866 0.3520212985938792 0.912143300248139 0.35434760132340776 0.9134356906534327 0.35693238213399503 0.9147280810587263 0.3592586848635236 0.9157619933829612 0.36158498759305213 0.916795905707196 0.3652036807278743 0.9170543837882548 0.3685638957816377 0.9170543837882548 0.37166563275434245 0.9162789495450786 0.37502584780810583 0.9152450372208437 0.3770936724565757 0.9142111248966087 0.37864454094292804 0.9131772125723738 0.38071236559139787 0.912143300248139 0.38381410256410253 0.9111093879239041 0.3863988833746898 0.9087830851943756 0.3889836641852771 0.907490694789082 0.3910514888337469 0.9061983043837883 0.39286083540115796 0.9049059139784946 0.3951871381306865 0.9030965674110836 0.39673800661703884 0.900770264681555 0.3977719189412738 0.8971515715467329 0.39880583126550867 0.893274400330852 0.40009822167080233 0.8909480976013234 0.40087365591397844 0.8886217948717949 0.40164909015715466 0.8868124483043839 0.4019075682382134 0.8831937551695616 0.40139061207609594 0.8795750620347395 0.40087365591397844 0.876214846980976 0.40009822167080233 0.8720791976840364 0.3990643093465674 0.8689774607113316 0.3977719189412738 0.8663926799007444 0.3964795285359802 0.8635494210090985 0.39467018196856907 0.8607061621174524 0.3918269230769231 0.8583798593879239 0.38846670802315963 0.8563120347394542 0.3853649710504549 0.8539857320099257 0.3817462779156327 0.8519179073614558 0.37890301902398676 0.849850082712986 0.3755428039702233 0.8488161703887511 0.3721825889164599 0.8477822580645161 0.3685638957816377
1 0.9710763027295286 0.40966191066997515 0.966940653432589 0.4081110421836228 0.9646143507030605 0.40707712985938793 0.9620295698924732 0.40578473945409427 0.960220223325062 0.40449234904880066 0.9578939205955336 0.403199958643507 0.9553091397849462 0.40164909015715466 0.9532413151364765 0.3993227874276261 0.9514319685690654 0.39673800661703884 0.9496226220016543 0.3936362696443342 0.9488471877584781 0.3895006203473945 0.9485887096774194 0.3851064929693962 0.9491056658395369 0.3820047559966915 0.9501395781637717 0.3791614971050455 0.9519489247311828 0.3765767162944582 0.9542752274607114 0.3742504135649297 0.9571184863523573 0.37269954507857733 0.9599617452440034 0.37114867659222495 0.9625465260545906 0.36985628618693134 0.9643558726220017 0.3688223738626964 0.9677160876757651 0.36778846153846156 0.970559346567411 0.3667545492142266 0.9731441273779983 0.36572063688999173 0.9767628205128206 0.3649452026468155 0.9796060794044664 0.36442824648469807 0.9829662944582299 0.36442824648469807 0.985809553349876 0.3646867245657568 0.9886528122415219 0.3649452026468155 0.9909791149710505 0.36572063688999173 0.993305417700579 0.3667545492142266 0.9953732423490488 0.3675299834574028 0.9971825889164598 0.3685638957816377 0.9989583333333333 0.3692741935483871 0.9989583333333333 0.4068186517783292 0.9951147642679901 0.40914495450785776 0.9925299834574027 0.41043734491315137 0.9896867245657569 0.4109543010752688 0.9860680314309346 0.4114712572373863 0.9834832506203474 0.4114712572373863 0.9798645574855253 0.4114712572373863 0.9757289081885856 0.4106958229942101
1 0.7841966501240695 0.30420285359801486 0.7810949131513648 0.3008426385442515 0.7800610008271299 0.29877481389578164 0.7785101323407775 0.29619003308519437 0.7777346980976013 0.2938637303556658 0.7772177419354839 0.29127894954507855 0.7769592638544253 0.2881772125723739 0.7769592638544253 0.2853339536807279 0.7774762200165426 0.28326612903225806 0.7782516542597189 0.28042287014061207 0.7790270885028949 0.27732113316790735 0.7803194789081885 0.2739609181141439 0.7821288254755997 0.2708591811414392 0.7839381720430108 0.2680159222497932 0.7860059966914806 0.2656896195202647 0.7885907775020679 0.2636217948717949 0.7911755583126552 0.26155397022332505 0.7940188172043011 0.2600031017369727 0.7973790322580645 0.25845223325062033 0.8009977253928867 0.25741832092638545 0.8038409842845327 0.2566428866832093 0.80642576509512 0.25612593052109184 0.8095275020678246 0.25612593052109184 0.813921629445823 0.25612593052109184 0.817798800661704 0.2566428866832093 0.8209005376344086 0.25741832092638545 0.8245192307692307 0.25922766749379655 0.8268455334987593 0.26026157981803144 0.8299472704714641 0.2618124483043838 0.8335659636062862 0.2638802729528536 0.8361507444168734 0.26594809760132343 0.8387355252274608 0.2680159222497932 0.8402863937138131 0.26956679073614553 0.8415787841191068 0.2718930934656741 0.8420957402812241 0.2747363523573201 0.8426126964433416 0.27757961124896613 0.8436466087675766 0.2801643920595534 0.844163564929694 0.28249069478908184 0.844163564929694 0.2853339536807279 0.8436466087675766 0.28791873449131516 0.8418372622001654 0.29076199338296116 0.8405448717948718 0.29282981803143093 0.8392524813895782 0.2951561207609595 0.8379600909842845 0.297482423490488 0.8364092224979323 0.2992917700578991 0.8348583540115798 0.3013595947063689 0.8322735732009926 0.3044613316790736 0.8294303143093467 0.30756306865177835 0.827104011579818 0.3096308933002481 0.825294665012407 0.31092328370554173 0.8237437965260546 0.3119571960297767 0.8214174937965261 0.31273263027295284 0.8159894540942928 0.3140250206782465 0.8134046732837056 0.3140250206782465 0.8100444582299422 0.3137665425971878 0.8066842431761787 0.313508064516129 0.8033240281224152 0.3132495864350703 0.8020316377171216 0.31299110835401156 0.7994468569065344 0.31299110835401156 0.7968620760959471 0.31299110835401156 0.7945357733664186 0.3122156741108354 0.7914340363937138 0.3104063275434243 0.7880738213399504 0.3080800248138958
1 0.8744055004135649 0.20598118279569894 0.8811259305210919 0.20649813895781638 0.8837107113316791 0.20727357320099257 0.8860370140612076 0.2083074855252275 0.8896557071960297 0.20985835401157982 0.8927574441687346 0.21089226633581473 0.8953422249793218 0.21218465674110837 0.8974100496277916 0.21296009098428453 0.8999948304383788 0.2145109594706369 0.902579611248966 0.21606182795698928 0.9054228701406121 0.21787117452440033 0.907490694789082 0.2194220430107527 0.9105924317617866 0.2217483457402812 0.9131772125723738 0.22407464846980976 0.9152450372208437 0.22588399503722084 0.9173128618693135 0.22846877584780811 0.9191222084367247 0.2310535566583954 0.9204145988420183 0.23363833746898263 0.9219654673283705 0.2362231182795699 0.9232578577336642 0.23906637717121587 0.9245502481389578 0.2421681141439206 0.9255841604631928 0.24449441687344914 0.9261011166253101 0.24759615384615385 0.926359594706369 0.24966397849462366 0.9266180727874276 0.25147332506203474 0.927135028949545 0.2530241935483871 0.9279104631927212 0.25560897435897434 0.92816894127378 0.25767679900744417 0.92816894127378 0.2600031017369727 0.9276519851116626 0.2618124483043838 0.9266180727874276 0.2641387510339123 0.9250672043010754 0.2664650537634409 0.9235163358147229 0.2685328784119107 0.9219654673283705 0.26930831265508687 0.9188637303556658 0.27034222497932175 0.9152450372208437 0.2706007030603805 0.9054228701406121 0.26956679073614553 0.9041304797353185 0.26956679073614553 0.9012872208436724 0.2685328784119107 0.8997363523573202 0.2677574441687345 0.8968930934656741 0.2662065756823821 0.8945667907361456 0.26465570719602977 0.8917235318444996 0.26258788254756 0.8891387510339123 0.26052005789909016 0.886553970223325 0.2589691894127378 0.8842276674937966 0.25767679900744417 0.8816428866832093 0.25560897435897434 0.8795750620347395 0.254058105872622 0.8767318031430934 0.2519902812241522 0.8746639784946237 0.25043941273779985 0.8723376757650951 0.24837158808933005 0.8697528949545078 0.24578680727874277 0.8674265922249794 0.24346050454921422 0.8648418114143921 0.24061724565756826 0.8625155086848635 0.23751550868486354 0.8609646401985113 0.23544768403639374 0.8596722497932175 0.23260442514474772 0.8596722497932175 0.23001964433416047 0.8596722497932175 0.22691790736145573 0.8599307278742763 0.22381617038875104 0.8607061621174524 0.22097291149710505 0.861998552522746 0.21864660876757652 0.8632909429280397 0.21632030603804797 0.8645833333333334 0.213477047146402 0.8663926799007444 0.21089226633581473 0.8679435483870968 0.20908291976840365 0.8700113730355666 0.20701509511993385 0.8718207196029777 0.20623966087675766
1 0.944194582299421 0.22278225806451613 0.9408343672456575 0.21890508684863524 0.9398004549214227 0.2176126964433416 0.9382495864350703 0.21580334987593053 0.9369571960297767 0.21425248138957817 0.9346308933002482 0.21192617866004962 0.9330800248138957 0.20985835401157982 0.932046112489661 0.20779052936311002 0.9307537220843672 0.20598118279569894 0.9294613316790736 0.20287944582299422 0.92816894127378 0.20003618693134823 0.9279104631927212 0.19745140612076098 0.92816894127378 0.1948666253101737 0.9294613316790736 0.19228184449958646 0.9312706782464847 0.1902140198511166 0.9330800248138957 0.1881461952026468 0.9346308933002482 0.18633684863523572 0.9361817617866006 0.1850444582299421 0.9382495864350703 0.18349358974358976 0.9405758891645989 0.18220119933829612 0.9436776261373035 0.1811672870140612 0.947037841191067 0.18039185277088504 0.950915012406948 0.17987489660876757 0.9540167493796526 0.17935794044665015 0.9576354425144747 0.1790994623655914 0.9609956575682382 0.1790994623655914 0.9638389164598843 0.17961641852770885 0.9661652191894128 0.18065033085194376 0.9682330438378826 0.18142576509511996 0.970559346567411 0.18168424317617865 0.9726271712158809 0.18220119933829612 0.9749534739454095 0.1829766335814723 0.9767628205128206 0.18426902398676592 0.9785721670802316 0.1858198924731183 0.980123035566584 0.18762923904052936 0.981932382133995 0.19073097601323408 0.9834832506203474 0.19331575682382135 0.984775641025641 0.19641749379652607 0.985809553349876 0.20003618693134823 0.9860680314309346 0.20365488006617039 0.9863265095119934 0.20701509511993385 0.9863265095119934 0.20959987593052112 0.9852925971877585 0.2124431348221671 0.9840002067824649 0.21476943755169564 0.9827078163771713 0.21606182795698928 0.9811569478908189 0.2176126964433416 0.9796060794044664 0.21864660876757652 0.9780552109181142 0.2196805210918114 0.9754704301075269 0.2214898676592225 0.9728856492969397 0.2232992142266336 0.969783912324235 0.22459160463192723 0.9664236972704715 0.22562551695616212 0.9638389164598843 0.22614247311827956 0.9615126137303557 0.2264009511993383 0.9584108767576509 0.22665942928039703 0.9553091397849462 0.22665942928039703 0.9529828370554178 0.22665942928039703 0.9511734904880066 0.2264009511993383 0.9472963192721257 0.2253670388751034
1 0.9638389164598843 0.3104063275434243 0.9586693548387097 0.306012200165426 0.9560845740281224 0.30471980976013235 0.9545337055417701 0.30316894127377997 0.952724358974359 0.3011011166253102 0.9506565343258891 0.2979993796526054 0.9493641439205955 0.29489764267990076 0.9483302315963607 0.29179590570719605 0.9475547973531845 0.28791873449131516 0.9475547973531845 0.2837830851943755 0.9480717535153019 0.2799059139784946 0.9491056658395369 0.27628722084367247 0.950915012406948 0.2721515715467328 0.9532413151364765 0.26749896608767576 0.9550506617038875 0.2651726633581472 0.9568600082712987 0.26310483870967744 0.9597032671629446 0.26052005789909016 0.9622880479735318 0.2589691894127378 0.9653897849462365 0.25741832092638545 0.9682330438378826 0.25586745244003306 0.9710763027295286 0.25457506203473945 0.9741780397022333 0.2532826716294458 0.9777967328370554 0.2519902812241522 0.9811569478908189 0.25069789081885857 0.9837417287014062 0.24940550041356493 0.9865849875930521 0.24837158808933005 0.9894282464846981 0.24785463192721258 0.9917545492142267 0.24759615384615385 0.993305417700579 0.24759615384615385 0.9948562861869313 0.24759615384615385 0.9989583333333333 0.24910022148394248 0.9989583333333333 0.3131229235880399 0.9886528122415219 0.31557588916459883 0.9860680314309346 0.31557588916459883 0.9834832506203474 0.3153174110835401 0.9808984698097601 0.3150589330024814 0.9790891232423491 0.3148004549214226 0.9762458643507032 0.31454197684036395 0.9731441273779983 0.31454197684036395 0.9713347808105872 0.3140250206782465 0.96875 0.3132495864350703
1 0.0002326302729528771 0.06381823821339953 0.0007495864350703294 0.06381823821339953 0.006177626137303579 0.0635597601323408 0.007470016542597211 0.0635597601323408 0.00953784119106702 0.0635597601323408 0.012381100082713007 0.0635597601323408 0.01574131513647645 0.0635597601323408 0.018584574028122434 0.06226736972704717 0.020652398676592246 0.06149193548387099 0.023495657568238234 0.06019954507857736 0.02530500413564932 0.05890715467328373 0.027372828784119126 0.057614764267990094 0.030474565756823842 0.056063895781637736 0.033576302729528565 0.055029983457402835 0.036161083540115824 0.053996071133167935 0.038487386269644354 0.05296215880893303 0.03952129859387927 0.05166976840363939 0.03977977667493799 0.04934346567411086 0.04003825475599672 0.04650020678246487 0.04029673283705545 0.04236455748552525 0.03977977667493799 0.038487386269644354 0.038487386269644354 0.034868693134822194 0.037194995864350724 0.03176695616211747 0.03564412737799837 0.029182175351530212 0.03383478081058729 0.026080438378825496 0.03176695616211747 0.024529569892473138 0.02995760959470639 0.022978701406120784 0.02840674110835403 0.021944789081885876 0.02659739454094295 0.020652398676592246 0.022978701406120784 0.01884305210918116 0.019360008271298617 0.01755066170388753 0.01574131513647645 0.016775227460711355 0.011864143920595555 0.015999793217535176 0.007986972704714664 0.015999793217535176 0.003592845326716318 0.015999793217535176 0.0004911083540116033 0.01703370554177008
1 0.07725909842845329 0.07958540115798181 0.07234801488833749 0.077517576509512 0.06872932175351533 0.07570822994210093 0.06588606286186934 0.07389888337468985 0.0635597601323408 0.07079714640198513 0.06200889164598844 0.06717845326716296 0.06123345740281227 0.06304280397022335 0.06097497932175354 0.05890715467328373 0.06097497932175354 0.055288461538461564 0.06097497932175354 0.05166976840363939 0.06200889164598844 0.04830955334987595 0.06330128205128208 0.044173904052936336 0.06485215053763443 0.04107216708023162 0.0676954094292804 0.036678039702233274 0.0715725806451613 0.03280086848635238 0.07544975186104219 0.029440653432588938 0.07984387923904054 0.026855872622001675 0.0834625723738627 0.024788047973531863 0.08811517783291979 0.02246174524400333 0.09173387096774195 0.021427832919768425 0.09690343258891647 0.021169354838709697 0.10362386269644336 0.021427832919768425 0.10698407775020678 0.022978701406120784 0.11008581472291151 0.02530500413564932 0.11318755169561623 0.02840674110835403 0.11577233250620349 0.030216087675765117 0.11758167907361457 0.03254239040529365 0.11939102564102565 0.036161083540115824 0.12016645988420183 0.03926282051282053 0.12042493796526056 0.04262303556658398 0.12068341604631928 0.04572477253928869 0.12068341604631928 0.04856803143093468 0.12042493796526056 0.05141129032258067 0.11964950372208438 0.05477150537634411 0.11835711331679075 0.05787324234904882 0.11732320099255585 0.06097497932175354 0.11603081058726221 0.0645936724565757 0.11447994210090986 0.06691997518610424 0.11215363937138131 0.06872932175351533 0.10982733664185278 0.0705386683209264 0.10801799007444171 0.07208953680727875 0.10491625310173698 0.07389888337468985 0.10258995037220846 0.07544975186104219 0.10026364764267992 0.07674214226633583 0.09767886683209265 0.07803453267162945 0.09406017369727047 0.07984387923904054 0.09044148056244831 0.0813947477253929 0.08708126550868488 0.08268713813068654 0.08372105045492144 0.0824286600496278 0.07958540115798181 0.08113626964433417
1 0.19822684036393715 0.06330128205128208 0.19305727874276263 0.05890715467328373 0.19098945409429283 0.056580851943755194 0.18918010752688172 0.05477150537634411 0.18737076095947064 0.052703680727874305 0.18530293631100084 0.04986042183622831 0.18349358974358976 0.0477925971877585 0.1829766335814723 0.04572477253928869 0.18220119933829612 0.04391542597187761 0.1811672870140612 0.04133064516129035 0.18013337468982632 0.039004342431761804 0.1790994623655914 0.036936517783292 0.17832402812241524 0.035385649296939645 0.17780707196029777 0.034351736972704744 0.17677315963606288 0.03254239040529365 0.17651468155500413 0.02995760959470639 0.1772901157981803 0.027631306865177854 0.17961641852770885 0.024012613730355688 0.18245967741935484 0.021427832919768425 0.18659532671629447 0.01884305210918116 0.1902140198511166 0.016775227460711355 0.19409119106699751 0.014448924731182818 0.19848531844499587 0.011605665839536828 0.20158705541770058 0.009279363110008293 0.2046887923904053 0.007211538461538485 0.20649813895781638 0.006177626137303579 0.20908291976840365 0.006177626137303579 0.21296009098428453 0.007986972704714664 0.2165787841191067 0.009796319272125745 0.22045595533498757 0.011088709677419376 0.22381617038875104 0.012122622001654282 0.2274348635235732 0.013156534325889186 0.22769334160463195 0.013156534325889186 0.23053660049627792 0.014448924731182818 0.23260442514474772 0.015224358974358997 0.235189205955335 0.016516749379652626 0.23777398676592224 0.01832609594706371 0.24010028949545079 0.019876964433416067 0.2421681141439206 0.02168631100082715 0.24449441687344914 0.024788047973531863 0.24630376344086022 0.028148263027295305 0.24682071960297766 0.03125000000000002 0.2473376757650951 0.034610215053763466 0.2473376757650951 0.035385649296939645 0.24863006617038874 0.037970430107526904 0.24940550041356493 0.03926282051282053 0.25069789081885857 0.04339846980976016 0.251214846980976 0.045466294458229965 0.2501809346567411 0.04856803143093468 0.2481131100082713 0.04960194375516958 0.24630376344086022 0.05089433416046321 0.24449441687344914 0.052703680727874305 0.2432020264681555 0.054513027295285385 0.24165115798180314 0.05787324234904882 0.24010028949545079 0.05968258891645991 0.2382909429280397 0.06071650124069481 0.23544768403639374 0.06330128205128208 0.23286290322580647 0.06485215053763443 0.23001964433416047 0.06588606286186934 0.2274348635235732 0.06614454094292806 0.22459160463192723 0.06666149710504551 0.2214898676592225 0.06691997518610424 0.21916356492969397 0.06717845326716296 0.2155448717948718 0.06717845326716296 0.21140922249793218 0.0674369313482217 0.20779052936311002 0.06691997518610424 0.20391335814722913 0.06536910669975188
1 0.2933467741935484 0.09509408602150539 0.2876602564102564 0.08837365591397851 0.2863678660049628 0.08604735318444996 0.2848169975186104 0.083204094292804 0.2837830851943755 0.08087779156327544 0.2822322167080232 0.07777605459057074 0.2809398263027295 0.07519127377998348 0.2799059139784946 0.07260649296939621 0.27861352357320096 0.06898779983457404 0.27835504549214224 0.06717845326716296 0.27732113316790735 0.06433519437551698 0.2768041770057899 0.06149193548387099 0.2760287427626137 0.05916563275434246 0.2755117866004963 0.056580851943755194 0.2752533085194376 0.053737593052109206 0.2747363523573201 0.05089433416046321 0.2747363523573201 0.0477925971877585 0.27499483043837886 0.044690860215053786 0.2755117866004963 0.042881513647642706 0.27628722084367247 0.04158912324234908 0.27628722084367247 0.04133064516129035 0.27628722084367247 0.04133064516129035 0.2765456989247312 0.04055521091811417 0.27732113316790735 0.03822890818858563 0.27783808933002485 0.035902605459057095 0.2780965674110835 0.03383478081058729 0.2793889578163772 0.03176695616211747 0.2806813482216708 0.030216087675765117 0.2827491728701406 0.02788978494623658 0.284300041356493 0.026855872622001675 0.28585090984284534 0.02582196029776677 0.28791873449131516 0.024271091811414413 0.29024503722084366 0.02272022332506206 0.2933467741935484 0.02272022332506206 0.297482423490488 0.022978701406120784 0.29955024813895786 0.024012613730355688 0.3023935070306038 0.02530500413564932 0.30471980976013235 0.026855872622001675 0.30782154673283707 0.028923697270471487 0.3096308933002481 0.030733043837882567 0.31144023986765923 0.0330593465674111 0.3137665425971878 0.035385649296939645 0.3153174110835401 0.03745347394540945 0.31712675765095116 0.03977977667493799 0.3184191480562448 0.04210607940446653 0.319194582299421 0.04443238213399506 0.32048697270471466 0.04727564102564105 0.32152088502894954 0.05011889991728704 0.3228132754342432 0.052703680727874305 0.3238471877584781 0.055805417700579014 0.32513957816377176 0.05864867659222501 0.32591501240694787 0.06097497932175354 0.3269489247311828 0.06381823821339953 0.3282413151364764 0.06691997518610424 0.32927522746071136 0.06976323407775023 0.33030913978494625 0.07338192721257239 0.3308260959470637 0.0764836641852771 0.3310845740281224 0.07906844499586436 0.3308260959470637 0.08397952853598016 0.32979218362282875 0.08656430934656742 0.3282413151364764 0.08863213399503723 0.32643196856906537 0.08992452440033086 0.3241056658395368 0.09199234904880067 0.32177936311000827 0.09406017369727047 0.31867762613730355 0.09690343258891647 0.3160928453267163 0.0981958229942101 0.3122156741108354 0.099229735318445 0.30885545905707196 0.09974669148056246 0.30575372208436724 0.10000516956162118 0.3023935070306038 0.09974669148056246 0.2992917700578991 0.09897125723738628 0.2956730769230769 0.0971619106699752
1 0.19357423490488007 0.14317100909842845 0.19331575682382135 0.14317100909842845 0.18762923904052936 0.14006927212572376 0.18556141439205956 0.13877688172043012 0.18323511166253104 0.13722601323407776 0.1811672870140612 0.1356751447477254 0.17858250620347393 0.1328318858560794 0.1762562034739454 0.12998862696443342 0.17444685690653433 0.12714536807278745 0.17367142266335817 0.12430210918114144 0.1731544665012407 0.12145885028949546 0.1731544665012407 0.11939102564102565 0.1731544665012407 0.11758167907361457 0.1741883788254756 0.11396298593879241 0.17470533498759305 0.11267059553349877 0.17548076923076925 0.11034429280397023 0.17573924731182797 0.10801799007444171 0.1759977253928867 0.10543320926385444 0.17651468155500413 0.10336538461538462 0.17780707196029777 0.10181451612903226 0.18039185277088504 0.10129755996691482 0.18168424317617865 0.10078060380479736 0.1840105459057072 0.10078060380479736 0.1868538047973532 0.1010390818858561 0.1902140198511166 0.10129755996691482 0.19254032258064516 0.10155603804797356 0.19512510339123243 0.102072994210091 0.19796836228287842 0.10233147229114972 0.20184553349875933 0.10233147229114972 0.2046887923904053 0.10233147229114972 0.20804900744416874 0.10258995037220846 0.21218465674110837 0.10284842845326718 0.2155448717948718 0.10336538461538462 0.2194220430107527 0.10465777502067826 0.22278225806451613 0.10595016542597188 0.2253670388751034 0.10698407775020678 0.22821029776674936 0.10827646815550042 0.23131203473945408 0.11034429280397023 0.2331213813068652 0.11163668320926387 0.2362231182795699 0.11344602977667494 0.2362231182795699 0.11680624483043839 0.23674007444168735 0.11861559139784948 0.23777398676592224 0.12042493796526056 0.2382909429280397 0.12171732837055418 0.23906637717121587 0.12404363110008272 0.23854942100909846 0.12507754342431762 0.23725703060380482 0.12636993382961126 0.23699855252274607 0.1286962365591398 0.23699855252274607 0.13153949545078578 0.23674007444168735 0.13412427626137305 0.2362231182795699 0.13593362282878413 0.23389681555004135 0.1374844913151365 0.232345947063689 0.13825992555831268 0.23001964433416047 0.13903535980148884 0.2274348635235732 0.14032775020678248 0.22459160463192723 0.14162014061207612 0.2214898676592225 0.14291253101736973 0.21864660876757652 0.14368796526054592 0.2155448717948718 0.14420492142266336 0.21218465674110837 0.14472187758478083 0.20934139784946237 0.14498035566583953 0.20598118279569894 0.14523883374689828 0.20081162117452442 0.14498035566583953 0.19719292803970223 0.14394644334160464
1 0.41379755996691475 0.11913254755996693 0.40707712985938793 0.11473842018196857 0.4047508271298594 0.11267059553349877 0.4034584367245657 0.11111972704714641 0.40164909015715466 0.10905190239867661 0.4006151778329198 0.10775951199338298 0.3990643093465674 0.10620864350703062 0.39725496277915634 0.10336538461538462 0.39596257237386273 0.10129755996691482 0.3949286600496278 0.09897125723738628 0.3938947477253929 0.0981958229942101 0.39260235732009924 0.09690343258891647 0.39130996691480563 0.09457712985938795 0.3902760545905707 0.09225082712985941 0.3897590984284533 0.08863213399503723 0.3897590984284533 0.0834625723738627 0.39079301075268813 0.07855148883374691 0.39286083540115796 0.07519127377998348 0.3951871381306865 0.07234801488833749 0.3980303970223325 0.0695047559966915 0.39958126550868484 0.0674369313482217 0.4011321339950372 0.06485215053763443 0.4026830024813896 0.06200889164598844 0.40500930521091816 0.05968258891645991 0.40707712985938793 0.05890715467328373 0.40966191066997515 0.05916563275434246 0.4122466914805624 0.06071650124069481 0.4153484284532672 0.06304280397022335 0.41793320926385447 0.06485215053763443 0.4210349462365591 0.06691997518610424 0.4233612489660877 0.06898779983457404 0.42568755169561623 0.07105562448304385 0.427755376344086 0.07286497105045493 0.43008167907361455 0.07467431761786601 0.4318910256410256 0.0764836641852771 0.43421732837055416 0.07855148883374691 0.43680210918114143 0.0813947477253929 0.43886993382961126 0.083204094292804 0.44093775847808103 0.08501344086021506 0.44300558312655086 0.0873397435897436 0.4450734077750207 0.08992452440033086 0.4463657981803143 0.09250930521091812 0.44714123242349046 0.09457712985938795 0.4473997105045492 0.0961279983457403 0.44765818858560796 0.0981958229942101 0.44765818858560796 0.10181451612903226 0.44765818858560796 0.10543320926385444 0.446624276261373 0.10853494623655915 0.4448149296939619 0.11163668320926387 0.4432640612076096 0.11370450785773367 0.4411962365591398 0.11577233250620349 0.43886993382961126 0.11835711331679075 0.436285153019024 0.12042493796526056 0.43395885028949543 0.12171732837055418 0.4303401571546733 0.12249276261373038 0.42594602977667495 0.12300971877584782 0.42310277088502896 0.12300971877584782 0.4205179900744417 0.12275124069478908 0.41741625310173697 0.12145885028949546
1 0.44584884201819686 0.05244520264681558 0.4424886269644334 0.047534119106699774 0.4406792803970223 0.04494933829611251 0.43964536807278737 0.04313999172870143 0.4378360215053763 0.04055521091811417 0.43706058726220015 0.03822890818858563 0.4357681968569065 0.035127171215880916 0.43421732837055416 0.030991521918941292 0.433441894127378 0.027372828784119126 0.433441894127378 0.024271091811414413 0.4337003722084367 0.02091087675765097 0.43421732837055416 0.01703370554177008 0.4352512406947891 0.014707402812241543 0.436285153019024 0.01289805624483046 0.43731906534325893 0.011088709677419376 0.43886993382961126 0.00953784119106702 0.43990384615384615 0.008245450785773389 0.4411962365591398 0.006694582299421032 0.44300558312655086 0.004885235732009949 0.4448149296939619 0.003592845326716318 0.4463657981803143 0.0028174110835401394 0.44998449131513646 0.0017834987593052345 0.45386166253101734 0.001266542597187782 0.4572218775847808 0.0007495864350703294 0.47531534325889163 0.0007495864350703294 0.47738316790736146 0.001266542597187782 0.47945099255583123 0.002300454921422687 0.4820357733664185 0.003851323407775044 0.48410359801488834 0.005143713813068675 0.48875620347394544 0.009020885028949568 0.49030707196029777 0.010830231596360651 0.4921164185277088 0.012122622001654282 0.49392576509511993 0.01419044665012409 0.495735111662531 0.016516749379652626 0.49728598014888337 0.01884305210918116 0.49831989247311825 0.021169354838709697 0.49987076095947064 0.023495657568238234 0.5009046732837056 0.026338916459884225 0.5016801075268817 0.029182175351530212 0.5021970636889992 0.0320254342431762 0.5021970636889992 0.03564412737799837 0.5021970636889992 0.037970430107526904 0.5021970636889992 0.045466294458229965 0.5016801075268817 0.04830955334987595 0.5006461952026469 0.04960194375516958 0.498578370554177 0.05296215880893303 0.4959935897435897 0.055546939619520286 0.49392576509511993 0.056839330024813915 0.4905655500413565 0.05890715467328373 0.4874638130686518 0.06045802315963609 0.48436207609594706 0.06200889164598844 0.48074338296112484 0.06278432588916462 0.47867555831265507 0.06381823821339953 0.47583229942100913 0.0645936724565757 0.4750568651778329 0.06485215053763443 0.47247208436724564 0.06485215053763443 0.46988730355665836 0.06536910669975188 0.4680779569892473 0.06536910669975188 0.4652346980976013 0.0645936724565757 0.46316687344913154 0.06381823821339953 0.45980665839536805 0.06226736972704717 0.4574803556658395 0.06097497932175354 0.4548955748552522 0.05890715467328373 0.45127688172043007 0.056580851943755194
1 0.33858043837882545 0.01755066170388753 0.3357371794871795 0.015482837055417722 0.3339278329197684 0.013415012406947913 0.3321184863523573 0.010830231596360651 0.33030913978494625 0.007728494623655937 0.32901674937965264 0.005919148056244853 0.3279828370554177 0.0030758891645988654 0.32746588089330025 0.0007495864350703294 0.3287151916184174 0.0 0.4037169148056245 0.0 0.40423387096774194 0.004368279569892496 0.40449234904880066 0.006694582299421032 0.40449234904880066 0.009279363110008293 0.40449234904880066 0.012122622001654282 0.4037169148056245 0.01419044665012409 0.40164909015715466 0.016516749379652626 0.3993227874276261 0.01832609594706371 0.39596257237386273 0.019360008271298617 0.3923438792390405 0.02091087675765097 0.3892421422663358 0.022203267162944604 0.3866573614557485 0.023495657568238234 0.38458953680727875 0.024529569892473138 0.3817462779156327 0.025563482216708046 0.37864454094292804 0.02659739454094295 0.3763182382133995 0.027631306865177854 0.3734749793217535 0.02866521918941276 0.37192411083540117 0.029440653432588938 0.3693393300248139 0.030216087675765117 0.36701302729528534 0.030216087675765117 0.36572063688999173 0.029182175351530212 0.3633943341604632 0.027631306865177854 0.3605510752688172 0.027372828784119126 0.35744933829611253 0.0271143507030604 0.3546060794044665 0.02659739454094295 0.352279776674938 0.02530500413564932 0.3491780397022332 0.02375413564929696 0.3463347808105873 0.02246174524400333 0.34323304383788256 0.020652398676592246
1 0.0002326302729528771 0.2796474358974359 0.0030758891645988654 0.2780965674110835 0.004368279569892496 0.27757961124896613 0.005402191894127401 0.27706265508684863 0.007211538461538485 0.27628722084367247 0.00953784119106702 0.2755117866004963 0.01289805624483046 0.27499483043837886 0.01755066170388753 0.2747363523573201 0.020652398676592246 0.2747363523573201 0.024012613730355688 0.2747363523573201 0.027372828784119126 0.2747363523573201 0.02995760959470639 0.2747363523573201 0.0320254342431762 0.27499483043837886 0.035127171215880916 0.275770264681555 0.037970430107526904 0.2765456989247312 0.0408136889991729 0.27757961124896613 0.04365694789081888 0.2793889578163772 0.04701716294458232 0.28119830438378823 0.04986042183622831 0.28326612903225806 0.05244520264681558 0.28610938792390406 0.054513027295285385 0.2894696029776675 0.055805417700579014 0.2933467741935484 0.056580851943755194 0.2967069892473118 0.057356286186931366 0.3005841604631927 0.057356286186931366 0.30394437551695613 0.057356286186931366 0.30704611248966085 0.056322373862696465 0.3098893713813069 0.054513027295285385 0.31247415219189417 0.05192824648469812 0.3148004549214226 0.04960194375516958 0.3179021918941274 0.0477925971877585 0.31997001654259716 0.044173904052936336 0.322037841191067 0.0418476013234078 0.32307175351530193 0.038487386269644354 0.324881100082713 0.037194995864350724 0.32565653432588915 0.03564412737799837 0.3266904466501241 0.0330593465674111 0.3279828370554177 0.030216087675765117 0.32901674937965264 0.027631306865177854 0.32927522746071136 0.024271091811414413 0.3295337055417701 0.02091087675765097 0.32979218362282875 0.015482837055417722 0.32979218362282875 0.01289805624483046 0.32979218362282875 0.010054797353184474 0.32979218362282875 0.005919148056244853 0.32927522746071136 0.0020419768403639607 0.327724358974359 0.0002326302729528771 0.3253980562448305
1 0.1248190653432589 0.3662375930521092 0.12300971877584782 0.3662375930521092 0.11861559139784948 0.36727150537634407 0.11732320099255585 0.36778846153846156 0.11628928866832093 0.368305417700579 0.11447994210090986 0.3690808519437552 0.11215363937138131 0.3695978081058726 0.11008581472291151 0.37011476426799006 0.10724255583126552 0.37037324234904884 0.1031069065343259 0.3693393300248139 0.10129755996691482 0.3690808519437552 0.09767886683209265 0.3688223738626964 0.09561104218362285 0.3688223738626964 0.09406017369727047 0.3688223738626964 0.09250930521091812 0.3688223738626964 0.09095843672456577 0.3688223738626964 0.08837365591397851 0.3662375930521092 0.08785669975186106 0.3636528122415219 0.08578887510339125 0.3608095533498759 0.0824286600496278 0.35719086021505375 0.08061931348221672 0.35434760132340776 0.07906844499586436 0.3512458643507031 0.07880996691480564 0.3476271712158809 0.07906844499586436 0.34426695616211744 0.08010235732009927 0.34168217535153017 0.08087779156327544 0.3378050041356493 0.08191170388751036 0.3339278329197684 0.08294561621174526 0.3308260959470637 0.08397952853598016 0.3269489247311828 0.08553039702233252 0.32436414392059554 0.08708126550868488 0.3225547973531845 0.08940756823821341 0.32022849462365593 0.09276778329197685 0.3184191480562448 0.09664495450785775 0.31635132340777505 0.10181451612903226 0.31454197684036395 0.10569168734491316 0.313508064516129 0.11008581472291151 0.31247415219189417 0.11447994210090986 0.31169871794871795 0.11861559139784948 0.31169871794871795 0.12300971877584782 0.31247415219189417 0.12714536807278745 0.313508064516129 0.13128101736972705 0.3148004549214226 0.1346412324234905 0.3160928453267163 0.13722601323407776 0.31764371381306866 0.13903535980148884 0.3207454507857734 0.14032775020678248 0.3235887096774193 0.14265405293631103 0.3266904466501241 0.14472187758478083 0.32901674937965264 0.14678970223325064 0.33134305210918114 0.1475651364764268 0.33418631100082713 0.1475651364764268 0.3370295698924731 0.14678970223325064 0.34038978494623656 0.145497311827957 0.3429745657568238 0.14420492142266336 0.34581782464846983 0.14265405293631103 0.3486610835401158 0.1413616625310174 0.3509873862696444 0.14006927212572376 0.3525382547559967 0.13800144747725393 0.3546060794044665 0.13515818858560796 0.35744933829611253 0.1328318858560794 0.35900020678246486 0.13050558312655086 0.36158498759305213 0.1276623242349049 0.3641697684036394
1 0.17160359801488836 0.41121277915632753 0.16695099255583126 0.414572994210091 0.16488316790736146 0.41586538461538464 0.1622983870967742 0.4166408188585608 0.15945512820512822 0.41715777502067825 0.15687034739454095 0.4176747311827957 0.15144230769230768 0.41819168734491313 0.14937448304383788 0.41819168734491313 0.14627274607113316 0.41741625310173697 0.14368796526054592 0.4161238626964433 0.14162014061207612 0.4135390818858561 0.1405862282878412 0.41121277915632753 0.14006927212572376 0.40836952026468154 0.14006927212572376 0.4047508271298594 0.14110318444995865 0.40139061207609594 0.1418786186931348 0.39725496277915634 0.14317100909842845 0.39286083540115796 0.14394644334160464 0.3895006203473945 0.145497311827957 0.38562344913151364 0.14678970223325064 0.38303866832092637 0.14808209263854427 0.38071236559139787 0.14989143920595535 0.37890301902398676 0.151183829611249 0.3781275847808106 0.15299317617866007 0.376835194375517 0.15506100082712987 0.37528432588916455 0.15687034739454095 0.3734749793217535 0.15945512820512822 0.37140715467328367 0.16178143093465674 0.3690808519437552 0.16384925558312657 0.3667545492142266 0.16669251447477254 0.3641697684036394 0.1690188172043011 0.36236042183622824 0.17160359801488836 0.36158498759305213 0.1741883788254756 0.3605510752688172 0.1770316377171216 0.3595171629445823 0.17961641852770885 0.35900020678246486 0.18323511166253104 0.35874172870140614 0.18633684863523572 0.35848325062034736 0.1899555417700579 0.35900020678246486 0.1938327129859388 0.36029259718775847 0.19641749379652607 0.3613265095119934 0.20003618693134823 0.362618899917287 0.20210401157981803 0.3639112903225807 0.20417183622828786 0.365462158808933 0.20494727047146402 0.36778846153846156 0.20598118279569894 0.3708901985111662 0.20598118279569894 0.3732165012406948 0.20546422663358146 0.37580128205128205 0.20417183622828786 0.3781275847808106 0.20287944582299422 0.38071236559139787 0.20158705541770058 0.38355562448304387 0.20003618693134823 0.3866573614557485 0.19822684036393715 0.3892421422663358 0.19641749379652607 0.3920854011579818 0.19434966914805626 0.3951871381306865 0.19228184449958646 0.39880583126550867 0.19098945409429283 0.40087365591397844 0.1896970636889992 0.4021660463192721 0.18737076095947064 0.40423387096774194 0.1847859801488834 0.406043217535153 0.18245967741935484 0.40707712985938793 0.18065033085194376 0.4075940860215054 0.17858250620347393 0.40862799834574026 0.17573924731182797 0.40992038875103387
1 0.07906844499586436 0.514604011579818 0.07570822994210093 0.509951406120761 0.07467431761786601 0.5076251033912323 0.07338192721257239 0.5052988006617039 0.07234801488833749 0.5029724979321754 0.07183105872622003 0.5009046732837056 0.0715725806451613 0.4988368486352357 0.0715725806451613 0.4967690239867659 0.07183105872622003 0.49392576509511993 0.07260649296939621 0.4921164185277088 0.07338192721257239 0.49030707196029777 0.07389888337468985 0.4877222911497105 0.07415736145574855 0.4851375103391232 0.07544975186104219 0.4820357733664185 0.0764836641852771 0.47996794871794873 0.07725909842845329 0.4781586021505376 0.07829301075268819 0.47660773366418524 0.07932692307692309 0.4750568651778329 0.08087779156327544 0.4729890405293631 0.08268713813068654 0.47117969396195203 0.0842380066170389 0.469370347394541 0.0863058312655087 0.46756100082712987 0.08863213399503723 0.4654931761786601 0.0912169148056245 0.46316687344913154 0.09328473945409431 0.4616160049627791 0.09664495450785775 0.45954818031430933 0.09897125723738628 0.4582557899090157 0.10284842845326718 0.4567049214226634 0.10775951199338298 0.4554125310173697 0.11034429280397023 0.45463709677419356 0.11292907361455749 0.45437861869313484 0.11654776674937967 0.4548955748552522 0.12016645988420183 0.4554125310173697 0.12326819685690654 0.4564464433416046 0.12662841191066998 0.4577388337468982 0.12998862696443342 0.45954818031430933 0.13309036393713813 0.4618744830438379 0.1356751447477254 0.4642007857733664 0.13825992555831268 0.46781947890818854 0.139810794044665 0.47117969396195203 0.14110318444995865 0.4750568651778329 0.14110318444995865 0.4784170802315964 0.1405862282878412 0.4810018610421836 0.13955231596360632 0.48436207609594706 0.13825992555831268 0.48694685690653433 0.1367090570719603 0.48979011579818027 0.13489971050454924 0.49289185277088504 0.13231492969396197 0.49702750206782464 0.1307640612076096 0.4990953267162945 0.1286962365591398 0.5019385856079405 0.1268868899917287 0.504264888337469 0.12456058726220018 0.5063327129859387 0.12197580645161292 0.5091759718775848 0.11913254755996693 0.5122777088502894 0.11732320099255585 0.5140870554177005 0.11473842018196857 0.5161548800661704 0.11292907361455749 0.5177057485525227 0.11060277088502897 0.519256617038875 0.10827646815550042 0.5208074855252274 0.10698407775020678 0.5213244416873449 0.10569168734491316 0.5215829197684037 0.10439929693961952 0.5218413978494624 0.10258995037220846 0.5218413978494624 0.1010390818858561 0.5215829197684037 0.09793734491315137 0.5208074855252274 0.09483560794044667 0.5197735732009926 0.09250930521091812 0.519256617038875 0.09095843672456577 0.5187396608767576 0.08992452440033086 0.5187396608767576 0.0873397435897436 0.5182227047146402 0.08372105045492144 0.5171887923904053
1 0.1896970636889992 0.45851426799007444 0.1868538047973532 0.4541201406120761 0.18659532671629447 0.452310794044665 0.18659532671629447 0.44998449131513646 0.18659532671629447 0.4479166666666667 0.18737076095947064 0.44584884201819686 0.1881461952026468 0.4432640612076096 0.188921629445823 0.4404208023159636 0.1896970636889992 0.43835297766749376 0.19124793217535155 0.4357681968569065 0.19305727874276263 0.43395885028949543 0.19512510339123243 0.430598635235732 0.1969344499586435 0.42723842018196856 0.1990022746071133 0.42491211745244 0.20158705541770058 0.4228442928039702 0.20391335814722913 0.4207764681555004 0.20701509511993385 0.4187086435070306 0.21011683209263854 0.41715777502067825 0.21373552522746073 0.4161238626964433 0.21787117452440033 0.4150899503722084 0.22097291149710505 0.4148314722911497 0.22433312655086848 0.4148314722911497 0.22821029776674936 0.4148314722911497 0.23208746898263027 0.4148314722911497 0.23570616211745243 0.4150899503722084 0.23906637717121587 0.4161238626964433 0.24165115798180314 0.4168992969396195 0.24371898263027297 0.41793320926385447 0.24552832919768403 0.4192255996691481 0.24656224152191894 0.42129342431761785 0.2473376757650951 0.4238782051282051 0.24785463192721258 0.42723842018196856 0.24785463192721258 0.43008167907361455 0.24759615384615385 0.43421732837055416 0.24682071960297766 0.4375775434243176 0.24578680727874277 0.4411962365591398 0.24475289495450786 0.4445564516129032 0.24371898263027297 0.4473997105045492 0.24242659222497934 0.4507599255583126 0.24061724565756826 0.45386166253101734 0.23906637717121587 0.45567100909842845 0.23699855252274607 0.4574803556658395 0.23544768403639374 0.45903122415219183 0.23286290322580647 0.4610990488006617 0.23079507857733664 0.4634253515301902 0.22872725392886684 0.4654931761786601 0.22665942928039703 0.4667855665839537 0.22433312655086848 0.46730252274607115 0.2212313895781638 0.46730252274607115 0.21812965260545908 0.46756100082712987 0.21476943755169564 0.46859491315136476 0.21192617866004962 0.4696288254755997 0.20934139784946237 0.4696288254755997 0.20520574855252277 0.4680779569892473 0.20339640198511166 0.4670440446650124 0.20081162117452442 0.46575165425971876 0.19796836228287842 0.46575165425971876 0.19538358147229115 0.46575165425971876 0.19357423490488007 0.46575165425971876 0.19279880066170388 0.4652346980976013 0.19150641025641024 0.46316687344913154
1 0.20779052936311002 0.5339898676592225 0.20443031430934658 0.5308881306865177 0.20365488006617039 0.5295957402812241 0.2005531430934657 0.523133788254756 0.19926075268817206 0.5182227047146402 0.1990022746071133 0.5161548800661704 0.2005531430934657 0.5122777088502894 0.20184553349875933 0.5084005376344086 0.20339640198511166 0.504264888337469 0.2046887923904053 0.5003877171215881 0.20649813895781638 0.49806141439205953 0.20804900744416874 0.4962520678246484 0.21011683209263854 0.49444272125723737 0.21218465674110837 0.49392576509511993 0.2145109594706369 0.4934088089330025 0.21787117452440033 0.4934088089330025 0.22200682382133996 0.4934088089330025 0.2253670388751034 0.49366728701406115 0.22795181968569064 0.49418424317617865 0.23079507857733664 0.4949596774193548 0.23286290322580647 0.4962520678246484 0.235189205955335 0.4975444582299421 0.23751550868486354 0.4988368486352357 0.23932485525227462 0.49987076095947064 0.24139267990074442 0.5014216294458229 0.24371898263027297 0.5037479321753515 0.24630376344086022 0.5058157568238213 0.24837158808933005 0.5086590157154673 0.25043941273779985 0.5115022746071133 0.25173180314309346 0.514604011579818 0.2527657154673284 0.5179642266335814 0.2530241935483871 0.5208074855252274 0.2532826716294458 0.5239092224979321 0.2532826716294458 0.5262355252274608 0.2527657154673284 0.5285618279569892 0.25147332506203474 0.5308881306865177 0.25043941273779985 0.5332144334160464 0.24863006617038874 0.5352822580645161 0.24656224152191894 0.537350082712986 0.24449441687344914 0.5386424731182796 0.24087572373862695 0.5396763854425146 0.23674007444168735 0.5404518196856907 0.23363833746898263 0.5409687758478082 0.23053660049627792 0.5409687758478082 0.22769334160463195 0.5409687758478082 0.22433312655086848 0.5404518196856907 0.2214898676592225 0.5396763854425146 0.21916356492969397 0.5391594292803971 0.21632030603804797 0.5378670388751033 0.21296009098428453 0.5360576923076923
1 0.1496329611248966 0.5787065756823822 0.14523883374689828 0.5784480976013235 0.14291253101736973 0.5776726633581473 0.14110318444995865 0.57508788254756 0.13955231596360632 0.572244623655914 0.13877688172043012 0.5701767990074441 0.13877688172043012 0.5688844086021505 0.13722601323407776 0.5670750620347395 0.1346412324234905 0.5655241935483872 0.1317979735318445 0.5639733250620348 0.13102253928866833 0.5619055004135649 0.13102253928866833 0.5593207196029777 0.1317979735318445 0.5564774607113318 0.13334884201819686 0.5541511579818031 0.13489971050454924 0.5528587675765095 0.13645057899090157 0.5507909429280397 0.1374844913151365 0.5489815963606286 0.13877688172043012 0.5469137717121588 0.13877688172043012 0.5443289909015715 0.139810794044665 0.5422611662531018 0.14162014061207612 0.5396763854425146 0.14420492142266336 0.5365746484698097 0.14704818031430936 0.5337313895781638 0.1491160049627792 0.5324389991728701 0.15221774193548387 0.5308881306865177 0.15687034739454095 0.5290787841191067 0.16074751861042186 0.5277863937138131 0.16462468982630274 0.5267524813895782 0.16772642679900746 0.5264940033085195 0.16979425144747726 0.5262355252274608 0.17212055417700578 0.5259770471464019 0.17444685690653433 0.5262355252274608 0.1770316377171216 0.5283033498759305 0.1790994623655914 0.5311466087675765 0.18065033085194376 0.5337313895781638 0.1819427212572374 0.5370916046319273 0.18271815550041356 0.5404518196856907 0.18271815550041356 0.5427781224152193 0.18271815550041356 0.5461383374689828 0.18271815550041356 0.5489815963606286 0.18245967741935484 0.5515663771712159 0.18142576509511996 0.5541511579818031 0.18065033085194376 0.556218982630273 0.17987489660876757 0.5582868072787428 0.17884098428453268 0.5606131100082713 0.1772901157981803 0.5631978908188586 0.17548076923076925 0.5660411497105046 0.1739299007444169 0.5675920181968569 0.17212055417700578 0.5699183209263855 0.17005272952853598 0.5719861455748554 0.16798490488006618 0.5743124483043839 0.1661755583126551 0.5763802729528537 0.16384925558312657 0.5768972291149711 0.15971360628618694 0.5776726633581473 0.15687034739454095 0.577931141439206 0.15454404466501243 0.5781896195202647
1 0.04313999172870143 0.6420337055417701 0.04313999172870143 0.6479787014061208 0.04339846980976016 0.650563482216708 0.04391542597187761 0.6539236972704715 0.04391542597187761 0.657283912324235 0.044173904052936336 0.6603856492969397 0.04391542597187761 0.6629704301075269 0.0418476013234078 0.6655552109181142 0.03977977667493799 0.667623035566584 0.035902605459057095 0.6691739040529363 0.03280086848635238 0.6707247725392887 0.02995760959470639 0.6725341191066998 0.027631306865177854 0.6740849875930521 0.024529569892473138 0.676152812241522 0.02246174524400333 0.6777036807278743 0.020135442514474796 0.678996071133168 0.017292183622828805 0.6805469396195203 0.014448924731182818 0.6813223738626966 0.011605665839536828 0.6815808519437552 0.00876240694789084 0.681839330024814 0.005402191894127401 0.6820978081058726 0.0033343672456575915 0.6820978081058726 0.0004911083540116033 0.6813223738626966 0.0 0.6152683002481358 0.0020419768403639607 0.6097239454094293 0.003592845326716318 0.6092069892473119 0.005660669975186128 0.6086900330851944 0.009796319272125745 0.6086900330851944 0.01289805624483046 0.6092069892473119 0.0162582712985939 0.6104993796526055 0.019101530190239892 0.6115332919768404 0.022203267162944604 0.612825682382134 0.025046526054590592 0.6141180727874276 0.028148263027295305 0.6159274193548387 0.030474565756823842 0.6177367659222498 0.03280086848635238 0.6200630686517783 0.035385649296939645 0.6231648056244831 0.037711952026468175 0.6265250206782464 0.03952129859387927 0.6296267576509512 0.04107216708023162 0.633503928866832 0.0418476013234078 0.637381100082713
1 0.11447994210090986 0.6784791149710505 0.11163668320926387 0.6764112903225806 0.11008581472291151 0.6756358560794045 0.10879342431761788 0.6746019437551696 0.10698407775020678 0.6720171629445824 0.10491625310173698 0.669432382133995 0.10284842845326718 0.6668476013234078 0.102072994210091 0.6640043424317618 0.102072994210091 0.6593517369727048 0.1031069065343259 0.6557330438378826 0.10414081885856082 0.6528897849462366 0.10543320926385444 0.6497880479735318 0.10646712158808934 0.6474617452440034 0.10775951199338298 0.6453939205955336 0.10931038047973533 0.6430676178660051 0.11086124896608768 0.6409997932175352 0.11241211745244004 0.6389319685690654 0.11447994210090986 0.6376395781637717 0.11628928866832093 0.6368641439205955 0.11939102564102565 0.6363471877584781 0.12249276261373038 0.6363471877584781 0.12740384615384617 0.6366056658395369 0.1325734077750207 0.6371226220016543 0.13696753515301904 0.6371226220016543 0.13929383788254757 0.6371226220016543 0.1418786186931348 0.6371226220016543 0.145497311827957 0.6371226220016543 0.14885752688172044 0.6371226220016543 0.15221774193548387 0.6371226220016543 0.15687034739454095 0.6386734904880066 0.1602305624483044 0.640224358974359 0.1641077336641853 0.6422921836228288 0.1661755583126551 0.6443600082712987 0.16772642679900746 0.6466863110008272 0.16876033912324234 0.648754135649297 0.16979425144747726 0.6513389164598843 0.17134511993382961 0.6546991315136477 0.17134511993382961 0.657283912324235 0.17005272952853598 0.6606441273779985 0.1690188172043011 0.6637458643507032 0.16772642679900746 0.6671060794044666 0.1661755583126551 0.6702078163771713 0.1641077336641853 0.6727925971877585 0.16178143093465674 0.6748604218362284 0.15893817204301078 0.6766697684036395 0.15557795698924734 0.6784791149710505 0.1504083953680728 0.6802884615384616 0.14472187758478083 0.6815808519437552 0.14006927212572376 0.6826147642679902 0.1346412324234905 0.6833901985111662 0.1307640612076096 0.6839071546732838 0.1276623242349049 0.6839071546732838 0.12352667493796528 0.6823562861869313 0.11939102564102565 0.6805469396195203 0.11732320099255585 0.6797715053763441
1 0.16953577336641854 0.631694582299421 0.1682433829611249 0.6298852357320099 0.16695099255583126 0.6273004549214227 0.16643403639371385 0.6249741521918942 0.1661755583126551 0.6208385028949546 0.16591708023159638 0.6179952440033085 0.16591708023159638 0.6123087262200165 0.16565860215053763 0.6104993796526055 0.16695099255583126 0.6086900330851944 0.1682433829611249 0.607139164598842 0.17031120760959473 0.6053298180314309 0.17263751033912325 0.6035204714640199 0.17548076923076925 0.6017111248966088 0.17806555004135652 0.6001602564102565 0.18039185277088504 0.5983509098428453 0.18245967741935484 0.5965415632754343 0.18426902398676592 0.5952491728701407 0.18762923904052936 0.5947322167080231 0.1920233664185277 0.5947322167080231 0.1959005376344086 0.5947322167080231 0.1997777088502895 0.594990694789082 0.20236248966087675 0.5952491728701407 0.20701509511993385 0.5955076509511994 0.210633788254756 0.5957661290322581 0.213477047146402 0.5965415632754343 0.21580334987593053 0.597833953680728 0.21735421836228289 0.599643300248139 0.2196805210918114 0.6017111248966088 0.22200682382133996 0.6037789495450786 0.22407464846980976 0.6058467741935484 0.2264009511993383 0.608173076923077 0.22821029776674936 0.6107578577336643 0.22924421009098428 0.613859594706369 0.22976116625310175 0.6177367659222498 0.23001964433416047 0.621355459057072 0.22976116625310175 0.6254911083540117 0.229502688172043 0.6291098014888338 0.22872725392886684 0.6324700165425973 0.2274348635235732 0.6353132754342432 0.22588399503722084 0.6378980562448305 0.22433312655086848 0.6399658808933002 0.2217483457402812 0.6417752274607114 0.21787117452440033 0.6435845740281224 0.21192617866004962 0.6443600082712987 0.20701509511993385 0.6448769644334161 0.20184553349875933 0.6453939205955336 0.1977098842018197 0.6461693548387097 0.1938327129859388 0.6474617452440034 0.1902140198511166 0.6479787014061208 0.18711228287841192 0.6479787014061208 0.18375206782464845 0.6469447890818859 0.18013337468982632 0.6443600082712987 0.17677315963606288 0.6417752274607114 0.1731544665012407 0.6378980562448305 0.17082816377171214 0.6340208850289496
1 0.2938637303556658 0.6523728287841191 0.3013595947063689 0.6526313068651779 0.30316894127377997 0.6528897849462366 0.3065291563275434 0.6531482630272953 0.3096308933002481 0.6536652191894128 0.31247415219189417 0.654440653432589 0.3150589330024814 0.655474565756824 0.31712675765095116 0.6567669561621176 0.3194530603804797 0.6588347808105872 0.32152088502894954 0.6609026054590571 0.3233302315963606 0.6637458643507032 0.32462262200165426 0.6668476013234078 0.32591501240694787 0.6704662944582299 0.32643196856906537 0.673309553349876 0.3269489247311828 0.6771867245657569 0.3269489247311828 0.6805469396195203 0.3269489247311828 0.6841656327543425 0.32591501240694787 0.6893351943755169 0.3241056658395368 0.6929538875103393 0.32177936311000827 0.6960556244830439 0.31971153846153844 0.6988988833746899 0.3173852357320099 0.7012251861042185 0.31557588916459883 0.7027760545905707 0.3122156741108354 0.703551488833747 0.3093724152191894 0.7032930107526882 0.3044613316790736 0.7027760545905707 0.30006720430107525 0.7025175765095121 0.2967069892473118 0.7022590984284532 0.2936052522746071 0.7022590984284532 0.2897280810587262 0.7020006203473946 0.2853339536807279 0.7004497518610422 0.28042287014061207 0.6991573614557486 0.2765456989247312 0.6968310587262201 0.2724100496277916 0.6932123655913979 0.26956679073614553 0.6890767162944583 0.2677574441687345 0.6851995450785774 0.2669820099255583 0.6833901985111662 0.2664650537634409 0.6813223738626966 0.2662065756823821 0.680029983457403 0.2656896195202647 0.6774452026468156 0.26543114143920593 0.675118899917287 0.26543114143920593 0.6717586848635235 0.26543114143920593 0.6689154259718777 0.2664650537634409 0.6665891232423491 0.2680159222497932 0.6650382547559968 0.27008374689826303 0.6632289081885857 0.2724100496277916 0.6616780397022333 0.2747363523573201 0.6603856492969397 0.27706265508684863 0.6585763027295286 0.2799059139784946 0.6567669561621176 0.28300765095119934 0.6549576095947064 0.2868848221670802 0.6536652191894128 0.29127894954507855 0.6531482630272953
1 0.22485008271298593 0.7619675351530191 0.22019747725392888 0.7580903639371381 0.21735421836228289 0.7562810173697271 0.2145109594706369 0.7539547146401985 0.21218465674110837 0.7518868899917287 0.21011683209263854 0.7493021091811414 0.20985835401157982 0.7454249379652605 0.21011683209263854 0.7415477667493796 0.21166770057899092 0.7363782051282051 0.21321856906534326 0.7322425558312655 0.21502791563275434 0.7283653846153847 0.2165787841191067 0.72526364764268 0.21812965260545908 0.7226788668320927 0.2196805210918114 0.7195771298593879 0.2214898676592225 0.715699958643507 0.2232992142266336 0.7131151778329198 0.22485008271298593 0.71104735318445 0.22665942928039703 0.7092380066170388 0.22846877584780811 0.7076871381306866 0.2310535566583954 0.7056193134822167 0.23389681555004135 0.703551488833747 0.2362231182795699 0.7020006203473946 0.23880789909015715 0.700708229942101 0.24165115798180314 0.6994158395368074 0.24449441687344914 0.6986404052936311 0.24759615384615385 0.6983819272125724 0.2525072373862696 0.6988988833746899 0.25560897435897434 0.699674317617866 0.2581937551695616 0.700708229942101 0.2610370140612076 0.7025175765095121 0.2636217948717949 0.7045854011579818 0.2656896195202647 0.7066532258064516 0.2672404880066171 0.7089795285359802 0.26956679073614553 0.7118227874276262 0.27163461538461536 0.7149245244003309 0.272927005789909 0.7172508271298594 0.2739609181141439 0.7195771298593879 0.27421939619520264 0.7226788668320927 0.27421939619520264 0.7265560380479736 0.27370244003308525 0.7299162531017369 0.2724100496277916 0.7340519023986766 0.27008374689826303 0.7381875516956163 0.2677574441687345 0.7420647229114972 0.2656896195202647 0.7451664598842018 0.2623294044665012 0.7495605872622002 0.25974462365591394 0.7521453680727874 0.25741832092638545 0.7544716708023159 0.25431658395368073 0.757314929693962 0.25173180314309346 0.7598997105045492 0.24863006617038874 0.7624844913151365 0.24552832919768403 0.764810794044665 0.24294354838709678 0.7653277502067826 0.24010028949545079 0.7653277502067826 0.23570616211745243 0.7645523159636063 0.23157051282051283 0.7637768817204301 0.2274348635235732 0.763001447477254
1 0.3507289081885856 0.7536962365591399 0.34555934656741105 0.7477512406947892 0.3440084780810587 0.7456834160463193 0.34323304383788256 0.7436155913978495 0.34271608767576506 0.7407723325062036 0.3424576095947064 0.7376705955334988 0.3424576095947064 0.7340519023986766 0.34271608767576506 0.7309501654259719 0.3434915219189413 0.7286238626964433 0.3450423904052936 0.72526364764268 0.346593258891646 0.722420388751034 0.3484026054590571 0.7200940860215055 0.3507289081885856 0.7177677832919769 0.35305521091811415 0.7154414805624484 0.35486455748552526 0.7136321339950373 0.3579662944582299 0.7115643093465674 0.3605510752688172 0.7100134408602151 0.3636528122415219 0.7084625723738628 0.36701302729528534 0.7074286600496278 0.37011476426799006 0.7066532258064516 0.37399193548387094 0.7061362696443342 0.3791614971050455 0.7069117038875103 0.3822632340777502 0.7084625723738628 0.3863988833746898 0.7100134408602151 0.3892421422663358 0.71104735318445 0.3923438792390405 0.7128566997518611 0.3944117038875103 0.7154414805624484 0.39622105045492145 0.7180262613730356 0.39699648469809756 0.7206110421836229 0.3977719189412738 0.7231958229942101 0.3977719189412738 0.7260390818858561 0.3982888751033912 0.7291408188585609 0.39854735318445 0.7325010339123242 0.39854735318445 0.7353442928039703 0.39699648469809756 0.7387045078577337 0.3951871381306865 0.741289288668321 0.39337779156327546 0.7443910256410257 0.39156844499586435 0.7472342845326717 0.390017576509512 0.7495605872622002 0.38794975186104214 0.7513699338296113 0.3853649710504549 0.7536962365591399 0.3822632340777502 0.7549886269644335 0.37890301902398676 0.7562810173697271 0.3755428039702233 0.7567979735318445 0.3732165012406948 0.7565394954507858 0.3693393300248139 0.7560225392886684 0.3667545492142266 0.7562810173697271 0.36442824648469807 0.7575734077750208 0.36236042183622824 0.7588657981803144 0.36029259718775847 0.7593827543424319 0.35744933829611253 0.7583488420181969 0.35408912324234904 0.7562810173697271
1 0.04908498759305213 0.7190601736972705 0.056322373862696465 0.7195771298593879 0.05942411083540118 0.7200940860215055 0.06175041356492972 0.7206110421836229 0.06511062861869316 0.7219034325889165 0.0674369313482217 0.7229373449131514 0.0695047559966915 0.72526364764268 0.0715725806451613 0.7273314722911497 0.07312344913151365 0.7301747311827957 0.07519127377998348 0.7330179900744418 0.0764836641852771 0.735602770885029 0.07777605459057074 0.7392214640198511 0.07958540115798181 0.743098635235732 0.08010235732009927 0.7459418941273781 0.08010235732009927 0.7477512406947892 0.07958540115798181 0.7521453680727874 0.07932692307692309 0.7555055831265509 0.07932692307692309 0.7583488420181969 0.07880996691480564 0.7609336228287841 0.07777605459057074 0.764810794044665 0.0764836641852771 0.7673955748552522 0.07493279569892475 0.7707557899090157 0.07338192721257239 0.7743744830438379 0.07234801488833749 0.7772177419354839 0.07079714640198513 0.7795440446650125 0.0674369313482217 0.7816118693134821 0.06175041356492972 0.7831627377998346 0.057356286186931366 0.783679693961952 0.053220636889991756 0.7844551282051282 0.04934346567411086 0.7849720843672456 0.04598325062034742 0.7854890405293631 0.04262303556658398 0.7854890405293631 0.039004342431761804 0.7841966501240695 0.035385649296939645 0.7813533912324235 0.03150847808105875 0.7790270885028949 0.02866521918941276 0.7764423076923077 0.027372828784119126 0.7735990488006618 0.026855872622001675 0.7689464433416047 0.026338916459884225 0.7653277502067826 0.025563482216708046 0.7609336228287841 0.024788047973531863 0.7567979735318445 0.024529569892473138 0.7531792803970223 0.024529569892473138 0.7495605872622002 0.024271091811414413 0.7462003722084367 0.024271091811414413 0.7436155913978495 0.024271091811414413 0.7410308105872622 0.024529569892473138 0.7379290736145575 0.02530500413564932 0.7353442928039703 0.026855872622001675 0.7325010339123242 0.028923697270471487 0.7304332092638545 0.03125000000000002 0.7283653846153847 0.033576302729528565 0.7262975599669148 0.03564412737799837 0.7255221257237386 0.03745347394540945 0.7244882133995038 0.04055521091811417 0.7229373449131514 0.044173904052936336 0.7211279983457403
1 0.1377429693961952 0.8012562034739454 0.13593362282878413 0.7994468569065344 0.1336073200992556 0.7973790322580645 0.13128101736972705 0.7945357733664186 0.12998862696443342 0.7919509925558313 0.1297301488833747 0.7888492555831266 0.12947167080231597 0.7857475186104218 0.12947167080231597 0.783679693961952 0.13024710504549217 0.7810949131513648 0.1307640612076096 0.7777346980976013 0.13102253928866833 0.7746329611248967 0.13128101736972705 0.7723066583953682 0.13205645161290322 0.7689464433416047 0.13309036393713813 0.7663616625310173 0.13438275434243177 0.7645523159636063 0.13619210090984288 0.7627429693961952 0.13877688172043012 0.7609336228287841 0.14110318444995865 0.7593827543424319 0.14368796526054592 0.757314929693962 0.14678970223325064 0.7549886269644335 0.1496329611248966 0.7529208023159637 0.15299317617866007 0.75162841191067 0.1553194789081886 0.7508529776674938 0.15919665012406947 0.7508529776674938 0.16488316790736146 0.7513699338296113 0.1690188172043011 0.7521453680727874 0.17237903225806453 0.7526623242349049 0.1759977253928867 0.753437758478081 0.17884098428453268 0.7542131927212573 0.18168424317617865 0.7549886269644335 0.1850444582299421 0.7565394954507858 0.1881461952026468 0.7580903639371381 0.19073097601323408 0.7606751447477255 0.19279880066170388 0.7632599255583127 0.19409119106699751 0.7666201406120762 0.19512510339123243 0.7704973118279571 0.19538358147229115 0.775149917287014 0.1959005376344086 0.7795440446650125 0.1969344499586435 0.7834212158808934 0.1977098842018197 0.7862644747725392 0.19745140612076098 0.7893662117452441 0.19564205955334987 0.79220947063689 0.19331575682382135 0.795052729528536 0.19124793217535155 0.7971205541770059 0.18866315136476428 0.7991883788254756 0.18556141439205956 0.8012562034739454 0.18220119933829612 0.8030655500413565 0.17754859387923905 0.8053918527708851 0.1739299007444169 0.8066842431761787 0.17056968569065345 0.8077181555004136 0.16720947063689 0.8079766335814723 0.1612644747725393 0.8079766335814723 0.15609491315136476 0.8072011993382961 0.15221774193548387 0.80642576509512 0.14704818031430936 0.8043579404466501 0.14213709677419356 0.8022901157981804
1 0.1356751447477254 0.8278794458229942 0.14291253101736973 0.8278794458229942 0.14523883374689828 0.8278794458229942 0.14937448304383788 0.828137923904053 0.15273469809760132 0.8283964019851117 0.15454404466501243 0.8286548800661705 0.15661186931348223 0.8291718362282878 0.15867969396195203 0.8302057485525227 0.16100599669148058 0.8307227047146403 0.1633322994210091 0.8314981389578163 0.16488316790736146 0.8322735732009926 0.16669251447477254 0.8338244416873449 0.16850186104218365 0.8361507444168734 0.16979425144747726 0.838477047146402 0.17160359801488836 0.841320306038048 0.17341294458229942 0.8439050868486352 0.17470533498759305 0.8462313895781638 0.1759977253928867 0.8482992142266336 0.17806555004135652 0.8511424731182796 0.18013337468982632 0.8550196443341604 0.18090880893300249 0.8576044251447478 0.18168424317617865 0.8604476840363938 0.1819427212572374 0.8614815963606286 0.18220119933829612 0.8643248552522746 0.18220119933829612 0.8666511579818031 0.18013337468982632 0.8744055004135649 0.17884098428453268 0.8767318031430934 0.17677315963606288 0.8785411497105046 0.1739299007444169 0.8795750620347395 0.17082816377171214 0.8798335401157983 0.16746794871794873 0.8808674524400331 0.16359077750206782 0.8826767990074441 0.1604890405293631 0.8837107113316791 0.15687034739454095 0.8837107113316791 0.1535101323407775 0.881901364764268 0.1504083953680728 0.8806089743589743 0.14575578990901572 0.879058105872622 0.1413616625310174 0.8780241935483871 0.13851840363937137 0.8767318031430934 0.13515818858560796 0.8744055004135649 0.13231492969396197 0.8718207196029777 0.1297301488833747 0.8689774607113316 0.12662841191066998 0.865875723738627 0.12404363110008272 0.8635494210090985 0.12145885028949546 0.8612231182795699 0.12068341604631928 0.8609646401985113 0.11809863523573202 0.8596722497932175 0.11499689826302731 0.8586383374689827 0.11163668320926387 0.8565705128205129 0.11086124896608768 0.8550196443341604 0.11060277088502897 0.8519179073614558 0.11060277088502897 0.8485576923076923 0.11189516129032259 0.8454559553349876 0.11241211745244004 0.842354218362283 0.11318755169561623 0.8400279156327544 0.11473842018196857 0.8379600909842845 0.11706472291149712 0.8348583540115798 0.11964950372208438 0.8330490074441688 0.12145885028949546 0.8312396608767577 0.12326819685690654 0.8294303143093467 0.12585297766749381 0.8286548800661705 0.12921319272125725 0.828137923904053 0.13205645161290322 0.8276209677419355
1 0.213477047146402 0.8594137717121588 0.20649813895781638 0.8557950785773367 0.20443031430934658 0.8545026881720431 0.20236248966087675 0.8524348635235732 0.2010700992555831 0.8506255169561622 0.19926075268817206 0.8485576923076923 0.1977098842018197 0.8464898676592225 0.1969344499586435 0.8454559553349876 0.19512510339123243 0.8433881306865179 0.19357423490488007 0.841320306038048 0.19254032258064516 0.8392524813895782 0.191764888337469 0.835633788254756 0.191764888337469 0.8317566170388752 0.19305727874276263 0.828137923904053 0.19512510339123243 0.825294665012407 0.1969344499586435 0.8232268403639371 0.19848531844499587 0.8214174937965261 0.2010700992555831 0.8188327129859388 0.20365488006617039 0.816764888337469 0.20598118279569894 0.8154724979321754 0.20804900744416874 0.8149555417700579 0.21166770057899092 0.8146970636889992 0.21502791563275434 0.8146970636889992 0.21787117452440033 0.8152140198511167 0.22071443341604632 0.8159894540942928 0.2232992142266336 0.816764888337469 0.2264009511993383 0.817798800661704 0.22898573200992559 0.8190911910669976 0.23079507857733664 0.8203835814722912 0.23363833746898263 0.8221929280397023 0.2362231182795699 0.8242607526881721 0.23854942100909846 0.8263285773366419 0.2411342018196857 0.8286548800661705 0.24346050454921422 0.8309811827956989 0.2460452853598015 0.8335659636062862 0.24759615384615385 0.835633788254756 0.2488885442514475 0.8371846567411084 0.24992245657568238 0.8392524813895782 0.25043941273779985 0.8410618279569894 0.25069789081885857 0.843129652605459 0.2509563688999173 0.8451974772539289 0.251214846980976 0.848040736145575 0.251214846980976 0.8506255169561622 0.2501809346567411 0.8529518196856907 0.2481131100082713 0.8550196443341604 0.2450113730355666 0.8565705128205129 0.24165115798180314 0.8570874689826303 0.2382909429280397 0.8578629032258065 0.235189205955335 0.8586383374689827 0.23182899090157155 0.8596722497932175 0.22924421009098428 0.8607061621174524 0.22665942928039703 0.8612231182795699 0.22252377998345743 0.8614815963606286 0.21993899917287016 0.8612231182795699 0.21632030603804797 0.8599307278742763
1 0.3073045905707196 0.7896246898263027 0.3080800248138958 0.7823873035566584 0.3098893713813069 0.7754083953680728 0.310664805624483 0.7735990488006618 0.3119571960297767 0.7710142679900744 0.3137665425971878 0.7681710090984285 0.3160928453267163 0.7655862282878412 0.3184191480562448 0.7635184036393714 0.3207454507857734 0.7622260132340777 0.3241056658395368 0.7611921009098429 0.3295337055417701 0.760158188585608 0.3347032671629446 0.7598997105045492 0.3383219602977668 0.7598997105045492 0.34194065343258895 0.7606751447477255 0.3445254342431762 0.7622260132340777 0.34736869313482216 0.7642938378825476 0.34995347394540943 0.7666201406120762 0.3520212985938792 0.7689464433416047 0.3538306451612903 0.7715312241521919 0.3564154259718776 0.7743744830438379 0.35900020678246486 0.77799317617866 0.36106803143093463 0.7813533912324235 0.36236042183622824 0.783679693961952 0.3639112903225807 0.7870399090157155 0.3646867245657568 0.7904001240694789 0.3649452026468155 0.7937603391232424 0.3649452026468155 0.7966035980148883 0.3649452026468155 0.7997053349875931 0.3641697684036394 0.8033240281224152 0.36287737799834574 0.8066842431761787 0.36158498759305213 0.8097859801488834 0.36003411910669975 0.8121122828784119 0.3564154259718776 0.8152140198511167 0.3527967328370554 0.8170233664185278 0.35021195202646815 0.817798800661704 0.346593258891646 0.817798800661704 0.34271608767576506 0.8183157568238214 0.340906741108354 0.8188327129859388 0.3388389164598842 0.8188327129859388 0.3339278329197684 0.8190911910669976 0.3295337055417701 0.81857423490488 0.32565653432588915 0.8172818444995864 0.3235887096774193 0.8157309760132342 0.32152088502894954 0.813921629445823 0.3189361042183623 0.8113368486352358 0.3160928453267163 0.8084935897435898 0.3140250206782465 0.8066842431761787 0.31169871794871795 0.8046164185277089 0.3091139371381307 0.802548593879239 0.30782154673283707 0.8004807692307693 0.30678763440860213 0.7966035980148883 0.3062706782464847 0.7924679487179488
1 0.2933467741935484 0.8780241935483871 0.2853339536807279 0.8746639784946237 0.2822322167080232 0.8738885442514476 0.2799059139784946 0.8733715880893301 0.27706265508684863 0.8725961538461539 0.2724100496277916 0.8707868072787428 0.26930831265508687 0.8694944168734492 0.2667235318444996 0.8679435483870968 0.26543114143920593 0.8663926799007444 0.26439722911497104 0.8648418114143921 0.2636217948717949 0.8612231182795699 0.26310483870967744 0.8586383374689827 0.26310483870967744 0.8539857320099257 0.2636217948717949 0.8477822580645161 0.2649141852770885 0.8439050868486352 0.2667235318444996 0.8400279156327544 0.26904983457402815 0.8366677005789909 0.271117659222498 0.8353753101736973 0.27318548387096775 0.8343413978494624 0.275770264681555 0.8333074855252275 0.2796474358974359 0.8322735732009926 0.28455851943755167 0.8307227047146403 0.2892111248966088 0.8299472704714641 0.2930882961124897 0.8294303143093467 0.2977409015715467 0.8294303143093467 0.30291046319272125 0.8291718362282878 0.306012200165426 0.8289133581472291 0.3096308933002481 0.8289133581472291 0.31299110835401156 0.8289133581472291 0.31557588916459883 0.8294303143093467 0.31971153846153844 0.8304642266335815 0.3238471877584781 0.8317566170388752 0.32720740281224153 0.8333074855252275 0.33030913978494625 0.8348583540115798 0.33341087675765096 0.8371846567411084 0.3354787014061208 0.8392524813895782 0.3362541356492969 0.841320306038048 0.3365126137303556 0.8426126964433416 0.3365126137303556 0.8426126964433416 0.3365126137303556 0.8444220430107526 0.3367710918114144 0.8475237799834575 0.3370295698924731 0.8514009511993383 0.3370295698924731 0.8552781224152193 0.3367710918114144 0.8594137717121588 0.3357371794871795 0.8622570306038049 0.33444478908188585 0.8656172456575683 0.3328939205955335 0.8694944168734492 0.3308260959470637 0.8725961538461539 0.32927522746071136 0.8733715880893301 0.3266904466501241 0.8749224565756824 0.3241056658395368 0.8764733250620348 0.32126240694789077 0.8777657154673284 0.3173852357320099 0.8793165839536807 0.3132495864350703 0.8798335401157983 0.30859698097601324 0.8798335401157983 0.30471980976013235 0.8798335401157983 0.300325682382134 0.8793165839536807 0.29619003308519437 0.8782826716294458
0 0.24944629014396463 0.7322120708748616 0.24252491694352163 0.7408637873754153 0.23906423034330018 0.7439784053156145 0.23698781838316726 0.7453626799557032 0.23491140642303437 0.7464008859357697 0.23318106312292367 0.745016611295681 0.23283499446290148 0.7432862679955703 0.23318106312292367 0.7408637873754153 0.2342192691029901 0.7387873754152824 0.23491140642303437 0.7367109634551494 0.23594961240310083 0.7346345514950166 0.23837209302325588 0.7315199335548173 0.23975636766334446 0.7294435215946843 0.24114064230343307 0.7273671096345514 0.24390919158361024 0.7249446290143965 0.2470238095238096 0.7225221483942413 0.24979235880398676 0.7218300110741971 0.2522148394241418 0.7242524916943521 0.2522148394241418 0.7273671096345514
0 0.16881229235880407 0.7855066445182725 0.16050664451827248 0.7872369878183831 0.15877630121816175 0.7865448504983389 0.15600775193798455 0.7858527131782945 0.15358527131782954 0.7851605758582502 0.1508167220376523 0.7844684385382059 0.14770210409745302 0.7837763012181616 0.1463178294573644 0.7820459579180509 0.14700996677740868 0.779969545957918 0.14977851605758588 0.7778931339977851 0.15393133997785166 0.7761627906976744 0.15808416389811744 0.7751245847176079 0.16050664451827248 0.7744324473975637 0.16292912513842753 0.7740863787375415 0.16604374307862685 0.7737403100775193 0.16812015503875974 0.7737403100775193 0.17088870431893696 0.7737403100775193 0.17331118493909198 0.7737403100775193 0.17573366555924702 0.7744324473975637 0.1764258028792913 0.7772009966777408 0.1764258028792913 0.7789313399778516 0.1743493909191584 0.7813538205980066 0.17227297895902552 0.7827380952380951
0 0.29651162790697677 0.6837624584717609 0.29097452934662243 0.6809939091915835 0.29028239202657813 0.679609634551495 0.28820598006644527 0.6775332225913622 0.28751384274640096 0.6758028792912513 0.28751384274640096 0.6740725359911406 0.2895902547065338 0.6737264673311184 0.29235880398671105 0.6737264673311184 0.2937430786267996 0.6740725359911406 0.2954734219269104 0.6754568106312292 0.2975498338870432 0.6764950166112957 0.30066445182724255 0.6785714285714286 0.30274086378737547 0.6799557032115171 0.3044712070874862 0.6809939091915835 0.30585548172757476 0.6830703211517164 0.3051633444075305 0.6848006644518273 0.30066445182724255 0.6851467331118494
0 0.04699612403100781 0.759205426356589 0.04630398671096351 0.7512458471760797 0.04630398671096351 0.7488233665559246 0.04699612403100781 0.7464008859357697 0.04768826135105211 0.7443244739756367 0.04803433001107425 0.7415559246954595 0.048380398671096406 0.7391334440753046 0.04941860465116285 0.7370570321151716 0.05114894795127359 0.7367109634551494 0.05391749723145078 0.7374031007751937 0.05530177187153937 0.7391334440753046 0.05703211517165011 0.7415559246954595 0.05772425249169441 0.7432862679955703 0.05772425249169441 0.7457087486157252 0.05772425249169441 0.7488233665559246 0.05737818383167226 0.7522840531561461 0.05633997785160581 0.7557447397563677 0.05530177187153937 0.7585132890365448 0.05460963455149507 0.7616279069767441 0.05391749723145078 0.7643964562569213 0.05287929125138433 0.7668189368770764 0.05149501661129574 0.7688953488372092 0.048380398671096406 0.7688953488372092 0.04699612403100781 0.7630121816168328
0 0.13905038759689928 0.6612679955703211 0.12866832779623483 0.6619601328903655 0.1269379844961241 0.660921926910299 0.12451550387596905 0.6591915836101881 0.12659191583610194 0.6557308970099668 0.12832225913621267 0.6550387596899224 0.13039867109634556 0.6550387596899224 0.1328211517165006 0.6550387596899224 0.13593576965669996 0.6550387596899224 0.13939645625692146 0.656423034330011 0.14181893687707647 0.6571151716500553 0.14424141749723152 0.6581533776301217 0.1463178294573644 0.6595376522702103
0 0.20307308970099675 0.623546511627907 0.19372923588039873 0.6245847176079734 0.1892303433001108 0.6245847176079734 0.1847314507198229 0.6245847176079734 0.18369324473975643 0.6218161683277963 0.18680786267995578 0.619047619047619 0.18888427464008867 0.6187015503875969 0.19130675526024368 0.6180094130675525 0.19442137320044303 0.6173172757475083 0.1985741971207088 0.6169712070874861 0.20307308970099675 0.6162790697674418 0.2061877076411961 0.6162790697674418 0.20999446290143972 0.6169712070874861 0.21103266888150615 0.6187015503875969 0.2093023255813954 0.6204318936877076
0 0.00477574750830571 0.6411960132890365 0.010658914728682235 0.6467331118493909 0.012043189368770827 0.6481173864894795 0.014465669988925865 0.6495016611295681 0.016888150609080905 0.6505398671096345 0.01931063122923594 0.651924141749723 0.02242524916943528 0.6526162790697675 0.023117386489479575 0.6501937984496123 0.022771317829457426 0.6477713178294573 0.021387043189368835 0.6453488372093024 0.020348837209302386 0.642580287929125 0.01931063122923594 0.6405038759689922 0.0175802879291252 0.6380813953488372 0.016542081949058755 0.6363510520487264 0.014465669988925865 0.6349667774086378 0.012735326688815125 0.6335825027685492 0.010658914728682235 0.6325442967884828 0.008236434108527195 0.6315060908084164 0.005813953488372155 0.6311600221483943 0.0023532668881506716 0.6311600221483943 0.0009689922480620784 0.6311600221483943 0.0009689922480620784 0.6335825027685492 0.00269933554817282 0.6366971207087485
0 0.112749169435216 0.48442691029900337 0.10825027685492807 0.4903100775193799 0.10617386489479518 0.4927325581395349 0.10340531561461799 0.4958471760797343 0.10098283499446296 0.4982696566998893 0.0985603543743079 0.4989617940199336 0.09509966777408643 0.4989617940199336 0.09233111849390925 0.4982696566998893 0.09233111849390925 0.4958471760797343 0.09406146179401999 0.49307862679955705 0.09579180509413072 0.4903100775193799 0.09821428571428577 0.48857973421926915 0.09959856035437435 0.4865033222591363 0.1013289036544851 0.4847729789590255 0.10305924695459585 0.48269656699889263 0.10409745293466229 0.4809662236987819 0.10582779623477304 0.47854374307862685 0.10894241417497237 0.47646733111849393 0.11171096345514955 0.4754291251384275 0.1155177187153932 0.4754291251384275 0.11759413067552608 0.47646733111849393 0.11759413067552608 0.47819767441860467 0.1155177187153932 0.4806201550387597
0 0.22487541528239208 0.4377076411960133 0.22106866002214845 0.44220653377630126 0.21899224806201556 0.4453211517165006 0.21691583610188267 0.44670542635658916 0.21345514950166117 0.44774363233665565 0.21137873754152828 0.44601328903654486 0.21137873754152828 0.44359080841638987 0.21310908084163904 0.4411683277962348 0.21449335548172763 0.43874584717607973 0.2162236987818384 0.43632336655592474 0.21760797342192698 0.434593023255814 0.22141472868217058 0.43251661129568114 0.22383720930232565 0.43251661129568114 0.22591362126245854 0.4342469545957918
0 0.18161683277962354 0.38406699889258034 0.17573366555924702 0.3889119601328904 0.1746954595791806 0.39064230343300116 0.17088870431893696 0.3937569213732005 0.16812015503875974 0.39514119601328906 0.16500553709856042 0.39687153931339986 0.16292912513842753 0.3975636766334441 0.1643133997785161 0.39514119601328906 0.16604374307862685 0.3930647840531562 0.16812015503875974 0.3909883720930233 0.16950442967884835 0.3889119601328904 0.17192691029900337 0.38545127353266895 0.17365725359911413 0.38372093023255816 0.17607973421926915 0.3826827242524917 0.1791943521594685 0.38095238095238104 0.18161683277962354 0.37922203765227025 0.18369324473975643 0.3778377630121817 0.18576965669988932 0.37679955703211526 0.185077519379845 0.37922203765227025
0 0.11828626799557036 0.3473837209302326 0.11171096345514955 0.34980620155038766 0.10998062015503882 0.35049833887043197 0.10825027685492807 0.3511904761904762 0.10548172757475088 0.3515365448504984 0.10202104097452941 0.3515365448504984 0.09994462901439652 0.3511904761904762 0.09890642303433007 0.35049833887043197 0.09890642303433007 0.34807585825027687 0.10029069767441866 0.3456533776301219 0.1013289036544851 0.34323089700996684 0.10409745293466229 0.3408084163898118 0.10686600221483948 0.33907807308970106 0.10963455149501665 0.3376937984496125 0.1120570321151717 0.33700166112956814 0.11586378737541533 0.33630952380952384 0.11967054263565897 0.33630952380952384 0.12313122923588045 0.33630952380952384 0.12520764119601335 0.33734772978959027 0.12520764119601335 0.3394241417497232 0.1234772978959026 0.3421926910299004
0 0.02242524916943528 0.3034330011074198 0.014811738648948015 0.30481727574750833 0.012735326688815125 0.30481727574750833 0.010658914728682235 0.3041251384274641 0.008582502768549344 0.3037790697674419 0.009620708748615788 0.2999723145071983 0.01135105204872653 0.2978959025470654 0.01515780730897016 0.2958194905869325 0.019656699889258094 0.29616555924695465 0.021387043189368835 0.29616555924695465 0.024847729789590316 0.29616555924695465 0.0283084163898118 0.29616555924695465 0.03073089700996684 0.29616555924695465 0.032461240310077584 0.299280177187154 0.031769102990033285 0.30135658914728686 0.027962347729789654 0.30308693244739765
0 0.2999723145071983 0.055647840531561514 0.3034330011074198 0.06222314507198234 0.3041251384274641 0.06429955703211523 0.30550941306755264 0.06810631229235886 0.3065476190476191 0.07191306755260249 0.30723975636766343 0.07502768549280182 0.30758582502768556 0.07779623477297902 0.30723975636766343 0.08021871539313405 0.3037790697674419 0.07883444075304546 0.3023947951273533 0.07537375415282396 0.30135658914728686 0.07191306755260249 0.3003183831672204 0.068452380952381 0.299280177187154 0.06533776301218168 0.2978959025470654 0.061531007751938045 0.29685769656699895 0.059108527131783 0.2958194905869325 0.05633997785160581 0.2944352159468439 0.053225359911406485 0.2937430786267996 0.05080287929125144 0.2930509413067553 0.048380398671096406 0.2954734219269104 0.048726467331118545 0.2978959025470654 0.05218715393134003
0 0.09821428571428577 0.048380398671096406 0.09579180509413072 0.053571428571428624 0.09267718715393139 0.05633997785160581 0.09094684385382065 0.05772425249169441 0.08887043189368776 0.059108527131783 0.08714008859357701 0.06049280177187159 0.08575581395348843 0.06118493909191589 0.08264119601328909 0.061877076411960184 0.08021871539313405 0.061531007751938045 0.0798726467331119 0.059108527131783 0.0798726467331119 0.055647840531561514 0.0805647840531562 0.05253322259136218 0.08194905869324479 0.050456810631229296 0.0833333333333334 0.04803433001107425 0.08506367663344412 0.04630398671096351 0.08748615725359916 0.04422757475083062 0.08921650055370992 0.04249723145071988 0.09198504983388708 0.040420819490586984 0.09371539313399783 0.03903654485049839 0.09613787375415288 0.03799833887043195 0.0985603543743079 0.03799833887043195 0.1006367663344408 0.03869047619047625 0.10098283499446296 0.040420819490586984 0.1013289036544851 0.043189368770764174 0.09994462901439652 0.045265780730897064
0 0.005813953488372155 0.04284330011074203 0.01342746400885942 0.042151162790697735 0.01792635658914735 0.042151162790697735 0.019656699889258094 0.042151162790697735 0.019656699889258094 0.04180509413067558 0.02000276854928024 0.03972868217054269 0.01792635658914735 0.0376522702104098 0.01584994462901446 0.0369601328903655 0.01308139534883727 0.03626799557032121 0.009620708748615788 0.03557585825027691 0.0068521594684386004 0.035229789590254766 0.0033914728682171167 0.035229789590254766 0.001661129568106375 0.03557585825027691 0.00062292358803993 0.04111295681063129
0 0.21656976744186052 0.04422757475083062 0.21241694352159474 0.043535437430786326 0.21034053156146185 0.04284330011074203 0.20687984496124037 0.04145902547065343 0.20584163898117394 0.039382613510520546 0.20584163898117394 0.037306201550387656 0.2093023255813954 0.03626799557032121 0.21449335548172763 0.036614064230343364 0.21726190476190482 0.036614064230343364 0.21968438538205987 0.0369601328903655 0.22176079734219276 0.03903654485049839 0.2234911406423035 0.04145902547065343 0.2241832779623478 0.04422757475083062 0.2227990033222592 0.044919712070874925
0 0.7349806201550387 0.8526439645625692 0.72875138427464 0.8540282392026577 0.7266749723145072 0.8540282392026577 0.7228682170542636 0.8540282392026577 0.7207918050941307 0.8540282392026577 0.7204457364341085 0.8505675526024363 0.7218300110741971 0.8481450719822813 0.7235603543743079 0.8467607973421926 0.7266749723145072 0.8450304540420819 0.7290974529346622 0.8450304540420819 0.7329042081949059 0.8446843853820597 0.735672757475083 0.8446843853820597 0.738095238095238 0.8453765227021041 0.7394795127353266 0.8471068660022147 0.7394795127353266 0.849875415282392
0 0.9284330011074197 0.796234772978959 0.9242801771871538 0.7931201550387595 0.922203765227021 0.7913898117386489 0.9211655592469545 0.7900055370985603 0.9187430786267996 0.7872369878183831 0.9170127353266887 0.7858527131782945 0.9149363233665558 0.7841223698781837 0.9135520487264673 0.7813538205980066 0.9118217054263565 0.7789313399778516 0.9145902547065338 0.7768549280177186 0.9170127353266887 0.7761627906976744 0.9190891472868217 0.7772009966777408 0.9211655592469545 0.779969545957918 0.9239341085271316 0.7830841638981173 0.9260105204872645 0.7855066445182725 0.9273947951273532 0.789313399778516 0.9291251384274639 0.7920819490586931 0.9312015503875968 0.7934662236987818 0.9332779623477296 0.7955426356589147 0.9325858250276854 0.7976190476190476
0 0.7024501661129567 0.5553709856035437 0.7007198228128461 0.5546788482834994 0.6934523809523809 0.5501799557032114 0.6917220376522702 0.5484496124031008 0.6899916943521593 0.5460271317829457 0.6917220376522702 0.5436046511627908 0.6941445182724252 0.5425664451827242 0.696220930232558 0.5415282392026578 0.6982973421926909 0.5408361018826134 0.7010658914728682 0.5404900332225914 0.7045265780730896 0.5401439645625692 0.7079872646733112 0.5408361018826134 0.7104097452934662 0.542220376522702 0.7128322259136212 0.5439507198228128 0.7152547065337763 0.5453349944629015 0.716985049833887 0.5474114064230343 0.7183693244739756 0.549141749723145 0.7197535991140642 0.5526024363233666 0.7200996677740863 0.5553709856035437 0.7183693244739756 0.5574473975636766 0.7166389811738649 0.558485603543743 0.7135243632336655 0.5602159468438538 0.7117940199335547 0.5602159468438538 0.7090254706533776 0.558485603543743 0.7066029900332225 0.5574473975636766
0 0.9574726270853428 0.512478566070089 0.9474366359447005 0.5117864287500447 0.9443220180045011 0.5110942914300005 0.9405152627442575 0.5097100167899117 0.9387849194441468 0.5069414675097346 0.9387849194441468 0.5048650555496017 0.9408613314042796 0.503134712249491 0.9432838120244347 0.5024425749294468 0.9460523613046118 0.5014043689493802 0.9491669792448112 0.500712231629336 0.9536658718250991 0.5000200943092916 0.958164764405387 0.500712231629336 0.9612793823455863 0.5027886435894688 0.9637018629657415 0.5055571928696461 0.9647400689458079 0.5076336048297789 0.9647400689458079 0.5100560854499341 0.9623175883256528 0.5114403600900226
0 0.8149224806201549 0.2878599114064231 0.8045404208194905 0.29062846068660025 0.8028100775193798 0.2913205980066446 0.7993493909191582 0.29201273532668887 0.7976190476190476 0.29201273532668887 0.796234772978959 0.2888981173864895 0.7979651162790697 0.28612956810631235 0.7993493909191582 0.2843992248062016 0.8007336655592469 0.2826688815060908 0.8038482834994463 0.2799003322259137 0.8059246954595791 0.2788621262458472 0.8093853820598007 0.2781699889258029 0.8111157253599114 0.2781699889258029 0.8166528239202658 0.2778239202657808 0.8201135105204872 0.28059246954595796 0.8204595791805094 0.2826688815060908 0.8187292358803987 0.28474529346622374
0 0.8955564784053156 0.24148671096345523 0.8879429678848283 0.23525747508305656 0.8855204872646733 0.23387320044296794 0.8820598006644518 0.2314507198228129 0.8799833887043189 0.22937430786268004 0.8796373200442967 0.22729789590254715 0.882405869324474 0.2262596899224807 0.887250830564784 0.2286821705426357 0.8893272425249169 0.23041251384274647 0.8910575858250276 0.2314507198228129 0.8931339977851604 0.23318106312292367 0.8952104097452934 0.23525747508305656 0.8983250276854927 0.23767995570321157 0.9007475083056478 0.23941029900332234 0.9038621262458472 0.2421788482834995 0.90593853820598 0.24390919158361024 0.9076688815060907 0.24598560354374313 0.9045542635658914 0.2466777408637874 0.901439645625692 0.24529346622369885
0 0.6584994462901439 0.9318936877076411 0.6529623477297896 0.9277408637873754 0.6512320044296788 0.9256644518272424 0.6498477297895902 0.9239341085271316 0.6491555924695459 0.9211655592469545 0.6508859357696566 0.9190891472868217 0.6529623477297896 0.9194352159468439 0.6557308970099668 0.9208194905869325 0.6584994462901439 0.9218576965669989 0.6612679955703211 0.9242801771871538 0.6626522702104097 0.9256644518272424 0.6640365448504983 0.9284330011074197 0.6643826135105204 0.9312015503875968 0.6643826135105204 0.9329318936877076 0.6619601328903655 0.9329318936877076
0 0.4203795379537954 0.10024752475247525 0.41728547854785475 0.09715346534653466 0.41625412541254125 0.0950907590759076 0.41542904290429045 0.09282178217821782 0.41398514851485146 0.09034653465346534 0.41233498349834985 0.08766501650165016 0.4110973597359736 0.0858085808580858 0.41150990099009904 0.08457095709570958 0.4135726072607261 0.08498349834983498 0.41728547854785475 0.08663366336633664 0.41914191419141916 0.08766501650165016 0.42141089108910895 0.08869636963696369 0.4226485148514852 0.09034653465346534 0.4236798679867987 0.09302805280528052 0.4242986798679868 0.0957095709570957 0.42450495049504955 0.09880363036303631 0.42409240924092406 0.10148514851485149 0.42306105610561057 0.1016914191419142
0 0.9916258169934641 0.29105392156862747 0.9890727124183006 0.2915645424836601 0.9809027777777778 0.29462826797385616 0.9778390522875817 0.29360702614379086 0.9752859477124183 0.2915645424836601 0.977328431372549 0.28799019607843135 0.9803921568627451 0.28543709150326796 0.9834558823529412 0.28288398692810457 0.9906045751633987 0.2793096405228758 0.9931576797385621 0.2782883986928104 0.9952001633986928 0.2787990196078431 0.9962214052287581 0.28288398692810457 0.9957107843137255 0.28543709150326796
0 0.29105392156862747 0.8522263071895425 0.29411764705882354 0.8500136165577341 0.29871323529411764 0.8496732026143791 0.3070533769063181 0.8505242374727668 0.3104575163398693 0.8523965141612201 0.3109681372549019 0.8549496187363835 0.3021173747276688 0.854779411764706 0.2900326797385621 0.8544389978213508
0 0.728950103950104 0.9353343728343727 0.739561677061677 0.9357674982674982 0.7462751212751212 0.9385828135828135 0.7553707553707553 0.9468121968121966 0.757103257103257 0.9502772002772002 0.7512560637560637 0.9513600138600137 0.7445426195426195 0.9515765765765765 0.7391285516285515 0.9504937629937629 0.7326316701316701 0.9446465696465695 0.7302494802494801 0.9416146916146916 0.7274341649341648 0.9379331254331252
0 0.8699939320388349 0.37014563106796117 0.8763147249190939 0.37646642394822005 0.882129854368932 0.3795004045307443 0.889209142394822 0.3812702265372168 0.8922431229773462 0.3817758899676375 0.8937601132686084 0.37924757281553395 0.8945186084142395 0.37469660194174753 0.8947714401294498 0.372168284789644 0.8950242718446602 0.3693871359223301 0.8942657766990291 0.36635315533980584 0.8922431229773462 0.36281351132686085 0.889967637540453 0.3587682038834952 0.8881978155339805 0.35725121359223305 0.8849110032362459 0.3557342233009709 0.882129854368932 0.3542172330097087 0.8801072006472491 0.353711569579288 0.8760618932038835 0.35244741100323623 0.8712580906148868 0.35244741100323623 0.8697411003236246 0.3527002427184466 0.8677184466019416 0.3549757281553398 0.86645428802589 0.35775687702265374 0.86645428802589 0.36154935275080907 0.867212783171521 0.36433050161812297 0.8694882686084142 0.36711165048543687
0 0.6379318526955201 0.820520121488231 0.6400673880030373 0.8183845861807139 0.6412537965072134 0.8168422551252849 0.6422029233105543 0.8154185649202734 0.6429147684130601 0.8137575930144268 0.6444570994684891 0.8105542900531512 0.6454062262718299 0.8080628321943812 0.6461180713743356 0.8042663249810176 0.6462367122247533 0.8015375854214124 0.6456435079726651 0.7988088458618071 0.6444570994684891 0.7965546697038726 0.6430334092634776 0.794537775246773 0.6407792331055429 0.7924022399392558 0.6394741837509491 0.7910971905846621 0.6387623386484436 0.7907412680334093 0.6355590356871679 0.7924022399392558 0.6331862186788155 0.7959614654517844 0.6322370918754746 0.798571564160972 0.6316438876233865 0.8018935079726651 0.6318811693242218 0.8046222475322704 0.6324743735763099 0.8069950645406226 0.6333048595292331 0.8099610858010631 0.6337794229309036 0.8130457479119211 0.6340167046317389 0.8161304100227791 0.6344912680334093 0.8187405087319667 0.6355590356871679 0.820520121488231 0.6365081624905088 0.8215878891419894
0 0.6445833333333333 0.6695833333333333 0.6466666666666666 0.6683333333333333 0.6494791666666667 0.6666666666666666 0.6551041666666666 0.6633333333333333 0.6558333333333334 0.6621875 0.6560416666666666 0.6601041666666667 0.6551041666666666 0.658125 0.6534375 0.6571874999999999 0.6493749999999999 0.6563541666666667 0.645625 0.6558333333333334 0.6425 0.655625 0.6390625 0.655625 0.6366666666666667 0.6564583333333334 0.6332291666666666 0.6578125 0.629375 0.6596875 0.6261458333333334 0.6623958333333333 0.624375 0.6640625 0.6233333333333333 0.6671875 0.6235416666666667 0.67 0.626875 0.6715625000000001 0.6309375 0.6717708333333333 0.6345833333333334 0.6715625000000001 0.6390625 0.6708333333333333 0.6426041666666666 0.6705208333333333
0 0.6764583333333333 0.4244791666666667 0.6788541666666668 0.4239583333333333 0.6808333333333334 0.4197916666666667 0.6811458333333333 0.4171875 0.6813541666666667 0.4144791666666666 0.6813541666666667 0.4109375 0.6813541666666667 0.40697916666666667 0.6808333333333334 0.40354166666666663 0.6802083333333333 0.3996875 0.6796875 0.39614583333333336 0.6787500000000001 0.3930208333333333 0.6773958333333333 0.390625 0.6761458333333333 0.38875 0.6742708333333333 0.3880208333333333 0.6735416666666667 0.3882291666666667 0.6717708333333333 0.39125000000000004 0.6707291666666666 0.39499999999999996 0.6707291666666666 0.39875 0.6707291666666666 0.4034375 0.6713541666666667 0.408125 0.6713541666666667 0.41291666666666665 0.6716666666666666 0.4169791666666667 0.6722916666666666 0.42010416666666667 0.6738541666666666 0.4233333333333333
