1 0.04078907203907208 0.8683989621489623 0.04117063492063496 0.8607677045177046 0.04193376068376072 0.8577152014652015 0.04307844932844937 0.8538995726495727 0.04536782661782666 0.8504655067155068 0.046894078144078186 0.8474130036630038 0.049183455433455474 0.8451236263736265 0.050709706959706995 0.8428342490842492 0.05605158730158734 0.8374923687423689 0.0568147130647131 0.8355845543345544 0.05910409035409039 0.8325320512820513 0.061011904761904795 0.830242673992674 0.06368284493284497 0.827571733821734 0.06635378510378515 0.8264270451770452 0.06978785103785108 0.8252823565323566 0.07589285714285718 0.824519230769231 0.08085317460317464 0.824519230769231 0.08466880341880345 0.8256639194139195 0.08733974358974363 0.8287164224664225 0.08810286935286939 0.8321504884004884 0.08848443223443227 0.8363476800976801 0.08848443223443227 0.8409264346764348 0.08886599511599515 0.8443605006105007 0.08962912087912092 0.8481761294261295 0.09039224664224668 0.8512286324786326 0.09115537240537244 0.8546626984126985 0.09230006105006108 0.8580967643467645 0.09268162393162396 0.8611492673992676 0.09306318681318684 0.865728021978022 0.09306318681318684 0.8699252136752137 0.09230006105006108 0.8737408424908426 0.09115537240537244 0.87870115995116 0.08962912087912092 0.8832799145299146 0.0877213064713065 0.888621794871795 0.0858134920634921 0.8912927350427352 0.08352411477411481 0.895108363858364 0.08123473748473753 0.8973977411477413 0.07818223443223447 0.8996871184371185 0.07512973137973142 0.9019764957264959 0.07055097680097684 0.9038843101343103 0.06482753357753361 0.9054105616605618 0.061011904761904795 0.9054105616605618 0.05643315018315022 0.9035027472527474 0.05185439560439564 0.9012133699633701 0.049183455433455474 0.8989239926739928 0.04536782661782666 0.895108363858364 0.04307844932844937 0.8909111721611722 0.04155219780219784 0.8863324175824177 0.040025946275946314 0.8802274114774116 0.039644383394383434 0.8748855311355312
1 0.16975732600732604 0.7489697802197803 0.16746794871794876 0.7462988400488402 0.16556013431013433 0.7440094627594629 0.1640338827838828 0.7401938339438341 0.1625076312576313 0.7359966422466423 0.1621260683760684 0.7314178876678877 0.1621260683760684 0.727220695970696 0.1621260683760684 0.7234050671550672 0.16327075702075705 0.7192078754578756 0.1644154456654457 0.7150106837606838 0.1659416971916972 0.711195054945055 0.16746794871794876 0.7073794261294263 0.16937576312576313 0.7035637973137975 0.17090201465201468 0.7005112942612944 0.17319139194139196 0.6974587912087913 0.17548076923076925 0.6944062881562882 0.17929639804639808 0.6917353479853481 0.18349358974358979 0.6902090964590966 0.1888354700854701 0.688682844932845 0.19150641025641027 0.6883012820512822 0.19799297924297926 0.6879197191697192 0.20409798534798537 0.6879197191697192 0.20715048840048841 0.6879197191697192 0.20943986568986572 0.6890644078144079 0.2121108058608059 0.6898275335775337 0.2155448717948718 0.6909722222222222 0.21897893772893776 0.6932615995115996 0.22241300366300368 0.6970772283272285 0.22546550671550675 0.701655982905983 0.22775488400488403 0.7066163003663005 0.2285180097680098 0.7115766178266179 0.2288995726495727 0.7161553724053725 0.22737332112332115 0.7203525641025642 0.22546550671550675 0.724168192918193 0.22355769230769235 0.7279838217338218 0.22126831501831506 0.7321810134310135 0.21897893772893776 0.7363782051282052 0.21707112332112335 0.7398122710622712 0.2155448717948718 0.7424832112332113 0.21401862026862029 0.7451541514041514 0.21058455433455434 0.7512591575091575 0.20943986568986572 0.7535485347985349 0.20791361416361417 0.7554563492063493 0.2056242368742369 0.7573641636141637 0.20219017094017094 0.7607982295482297 0.1991376678876679 0.762706043956044 0.19494047619047622 0.7646138583638584 0.1907432844932845 0.7649954212454213 0.18616452991452992 0.7646138583638584 0.18120421245421248 0.7623244810744811 0.17700702075702077 0.759653540903541 0.17357295482295484 0.7558379120879122
1 0.2594246031746032 0.7230235042735044 0.2598061660561661 0.7123397435897437 0.2613324175824176 0.7089056776556777 0.2636217948717949 0.7058531746031746 0.2666742979242979 0.7024191086691087 0.27010836385836384 0.6989850427350428 0.2743055555555556 0.6963141025641026 0.27850274725274726 0.6955509768009769 0.282699938949939 0.6947878510378511 0.28766025641025644 0.6959325396825398 0.2918574481074481 0.698221916971917 0.2941468253968254 0.7005112942612944 0.29872557997557997 0.7058531746031746 0.3013965201465202 0.7104319291819293 0.30330433455433453 0.7134844322344324 0.30559371184371187 0.7176816239316239 0.30750152625152627 0.7211156898656899 0.30940934065934067 0.7260760073260074 0.3109355921855922 0.7306547619047621 0.3124618437118437 0.734088827838828 0.31284340659340665 0.7386675824175825 0.31284340659340665 0.7428647741147743 0.31284340659340665 0.746680402930403 0.3124618437118437 0.7512591575091575 0.3109355921855922 0.7554563492063493 0.3082646520146521 0.759653540903541 0.30597527472527475 0.7623244810744811 0.29987026862026867 0.7634691697191698 0.2926205738705739 0.7607982295482297 0.28727869352869356 0.7573641636141637 0.2819368131868132 0.7535485347985349 0.2758318070818071 0.7485882173382173 0.27163461538461536 0.7443910256410257 0.2685821123321123 0.740575396825397 0.2655296092796093 0.7359966422466423 0.26209554334554336 0.7283653846153847
1 0.39716880341880345 0.8149801587301587 0.38991910866910867 0.8142170329670331 0.38495879120879123 0.8119276556776557 0.3811431623931624 0.8069673382173383 0.3799984737484738 0.8023885836385837 0.3799984737484738 0.7962835775335776 0.3799984737484738 0.7913232600732603 0.38038003663003667 0.7852182539682541 0.3815247252747253 0.7798763736263737 0.382287851037851 0.7745344932844934 0.3838141025641026 0.7703373015873017 0.38648504273504275 0.7657585470085471 0.3891559829059829 0.7611797924297926 0.392208485958486 0.7573641636141637 0.39526098901098905 0.753166971916972 0.3983134920634921 0.7497329059829061 0.4025106837606838 0.7462988400488402 0.4074710012210012 0.7436278998779 0.4112866300366301 0.7421016483516484 0.4151022588522589 0.7401938339438341 0.41891788766788773 0.7382860195360196 0.4219703907203908 0.737141330891331 0.42654914529914534 0.737141330891331 0.43189102564102566 0.737141330891331 0.43799603174603174 0.7379044566544567 0.44257478632478636 0.7398122710622712 0.4471535409035409 0.7428647741147743 0.45020604395604397 0.7489697802197803 0.45058760683760685 0.7546932234432234 0.4490613553113553 0.7604166666666667 0.4479166666666667 0.7665216727716728 0.4460088522588523 0.7733898046398048 0.4433379120879121 0.778731684981685 0.44066697191697196 0.7836920024420025 0.43723290598290604 0.78865231990232 0.434180402930403 0.7924679487179488 0.43189102564102566 0.795138888888889 0.42807539682539686 0.7989545177045178 0.42425976800976806 0.8031517094017094 0.42044413919413925 0.8058226495726496 0.4170100732600733 0.8084935897435898 0.4124313186813187 0.81116452991453 0.4078525641025641 0.8134539072039073
1 0.5326236263736264 0.7833104395604397 0.5249923687423688 0.7798763736263737 0.5207951770451771 0.775679181929182 0.5181242368742369 0.7711004273504275 0.5162164224664225 0.7653769841269842 0.5150717338217338 0.7604166666666667 0.5131639194139195 0.7554563492063493 0.5120192307692307 0.7508775946275947 0.5108745421245422 0.7462988400488402 0.5104929792429792 0.7421016483516484 0.5101114163614163 0.7363782051282052 0.5108745421245422 0.7317994505494506 0.5112561050061051 0.7295100732600733 0.511637667887668 0.7237866300366301 0.5143086080586081 0.7199710012210013 0.5173611111111112 0.7157738095238096 0.5200320512820513 0.7138659951159952 0.5238476800976801 0.7123397435897437 0.5269001831501832 0.7119581807081807 0.5299526862026862 0.7119581807081807 0.5333867521367522 0.7119581807081807 0.5368208180708182 0.7134844322344324 0.5417811355311356 0.7165369352869354 0.5452152014652015 0.7184447496947498 0.5486492673992676 0.7226419413919415 0.5509386446886447 0.7256944444444445 0.553228021978022 0.7295100732600733 0.5555173992673994 0.7317994505494506 0.5585699023199024 0.7344703907203908 0.5604777167277167 0.7379044566544567 0.5623855311355312 0.7421016483516484 0.5635302197802198 0.7451541514041514 0.5642933455433456 0.7489697802197803 0.5646749084249085 0.7539300976800978 0.5646749084249085 0.7585088522588523 0.5646749084249085 0.7623244810744811 0.5642933455433456 0.7672847985347987 0.5627670940170941 0.7714819902319903 0.5604777167277167 0.7749160561660562 0.5581883394383396 0.7783501221001221 0.5555173992673994 0.782165750915751 0.5513202075702076 0.785599816849817 0.5475045787545788 0.7875076312576313 0.5417811355311356 0.7882707570207571 0.5356761294261295 0.7863629426129427
1 0.5627670940170941 0.930212148962149 0.5600961538461539 0.9180021367521368 0.559714590964591 0.9134233821733823 0.5600961538461539 0.9084630647130648 0.5608592796092797 0.9035027472527474 0.5623855311355312 0.8977793040293042 0.5642933455433456 0.8924374236874237 0.5669642857142858 0.8882402319902322 0.5700167887667889 0.8840430402930404 0.5738324175824177 0.8794642857142858 0.5784111721611722 0.8756486568986569 0.582608363858364 0.8725961538461539 0.5887133699633701 0.8683989621489623 0.5944368131868133 0.8653464590964592 0.5993971306471307 0.8622939560439561 0.6035943223443224 0.8600045787545788 0.6074099511599512 0.859241452991453 0.6104624542124543 0.859241452991453 0.6154227716727718 0.8607677045177046 0.6203830891330891 0.8634386446886447 0.6238171550671551 0.8661095848595849 0.627251221001221 0.8718330280830282 0.6299221611721613 0.8771749084249085 0.6322115384615385 0.8813721001221002 0.6333562271062273 0.8874771062271063 0.6345009157509158 0.8935821123321124 0.6345009157509158 0.8996871184371185 0.6345009157509158 0.9069368131868133 0.6337377899877901 0.9134233821733823 0.630303724053724 0.9210546398046399 0.6268696581196581 0.9275412087912088 0.6222909035409037 0.933264652014652 0.617712148962149 0.9370802808302809 0.6131333943833945 0.9393696581196581 0.6070283882783883 0.9416590354090355 0.601686507936508 0.9435668498168499 0.5959630647130648 0.9447115384615385 0.5913843101343103 0.9450931013431014 0.5871871184371185 0.9450931013431014 0.5814636752136753 0.9450931013431014 0.5749771062271063 0.9424221611721613 0.5696352258852259 0.9389880952380953 0.5658195970695972 0.9347909035409037
1 0.3990766178266178 0.9504349816849818 0.3979319291819292 0.9645528083028084 0.3964056776556777 0.969131562881563 0.39373473748473753 0.9737103174603176 0.39068223443223443 0.9782890720390721 0.38839285714285715 0.9813415750915752 0.38495879120879123 0.985157203907204 0.38038003663003667 0.9893543956043958 0.3754197191697192 0.9939331501831502 0.3708409645909646 0.9969856532356532 0.3670253357753358 0.9985119047619049 0.3653884310134315 0.9989583333333333 0.3471840659340659 0.9989583333333333 0.3414606227106228 0.9943147130647131 0.33878968253968256 0.988209706959707 0.33840811965811973 0.981723137973138 0.33840811965811973 0.9744734432234433 0.3395528083028083 0.96607905982906 0.34260531135531136 0.9573031135531136 0.34756562881562886 0.9481456043956045 0.3521443833943834 0.9412774725274726 0.3559600122100122 0.9370802808302809 0.3613018925518926 0.9344093406593408 0.36778846153846156 0.9313568376068377 0.3731303418803419 0.9294490231990232 0.37923534798534797 0.9283043345543347 0.3853403540903541 0.9279227716727718 0.3903006715506716 0.9279227716727718 0.39449786324786323 0.930212148962149 0.3975503663003663 0.9355540293040294 0.3990766178266178 0.9424221611721613
1 0.22584706959706963 0.5833714896214897 0.21859737484737488 0.5807005494505495 0.21592643467643471 0.579555860805861 0.21363705738705743 0.5780296092796093 0.21058455433455434 0.5753586691086692 0.20867673992673996 0.5726877289377291 0.2075320512820513 0.5696352258852259 0.20600579975579977 0.5620039682539684 0.2056242368742369 0.5600961538461539 0.205242673992674 0.5566620879120879 0.20600579975579977 0.5539911477411478 0.20791361416361417 0.5505570818070818 0.20982142857142858 0.5482677045177046 0.211729242979243 0.546741452991453 0.21401862026862029 0.5455967643467645 0.21668956043956047 0.5444520757020758 0.21974206349206352 0.5433073870573871 0.2239392551892552 0.5417811355311356 0.22737332112332115 0.5410180097680098 0.23042582417582422 0.540636446886447 0.23347832722832726 0.5402548840048841 0.23576770451770454 0.5402548840048841 0.2384386446886447 0.5402548840048841 0.2426358363858364 0.5402548840048841 0.24606990231990233 0.5402548840048841 0.24912240537240538 0.5402548840048841 0.2510302197802198 0.5402548840048841 0.25370115995116 0.5402548840048841 0.25675366300366304 0.5398733211233212 0.26056929181929184 0.540636446886447 0.263240231990232 0.5417811355311356 0.26591117216117216 0.5429258241758242 0.2685821123321123 0.5444520757020758 0.27087148962148966 0.5463598901098902 0.2735424297924298 0.5490308302808304 0.2754502442002442 0.5520833333333335 0.27621336996337004 0.5547542735042736 0.27659493284493286 0.5585699023199024 0.27659493284493286 0.5616224053724055 0.27621336996337004 0.5658195970695972 0.2746871184371185 0.5684905372405373 0.2735424297924298 0.5711614774114775 0.27163461538461536 0.5738324175824177 0.26934523809523814 0.5768849206349207 0.2670558608058608 0.5787927350427352 0.26400335775335776 0.5807005494505495 0.2617139804639805 0.5818452380952382 0.25827991452991456 0.5833714896214897 0.25446428571428575 0.5841346153846154 0.2510302197802198 0.5848977411477413 0.247214590964591 0.5852793040293042 0.24225427350427353 0.5852793040293042 0.23805708180708185 0.5848977411477413 0.23424145299145302 0.5845161782661783
1 0.0398468875502008 0.6679844377510039 0.03451305220883534 0.6667294176706826 0.03231676706827309 0.666101907630522 0.02980672690763052 0.6654743975903614 0.027296686746987948 0.6642193775100401 0.02478664658634538 0.6629643574297188 0.02290411646586345 0.6617093373493976 0.021335341365461846 0.6607680722891566 0.018511546184738954 0.6598268072289156 0.016629016064257027 0.6595130522088353 0.014746485943775098 0.6591992971887549 0.013805220883534136 0.6585717871485943 0.011295180722891566 0.6566892570281124 0.01004016064257028 0.6544929718875501 0.00972640562248996 0.6522966867469879 0.01004016064257028 0.6488453815261044 0.011922690763052208 0.6431977911646586 0.012863955823293171 0.640687751004016 0.014118975903614456 0.6381777108433735 0.015373995983935742 0.6356676706827309 0.016629016064257027 0.6334713855421686 0.018825301204819275 0.6306475903614458 0.021021586345381524 0.6287650602409638 0.023531626506024094 0.6268825301204818 0.02698293172690763 0.625 0.03012048192771084 0.6240587349397589 0.0338855421686747 0.623117469879518 0.03670933734939759 0.622176204819277 0.04016064257028112 0.6215486947791165 0.042984437751004016 0.6206074297188754 0.045180722891566265 0.6202936746987951 0.048318273092369475 0.6206074297188754 0.050514558232931724 0.6209211847389557 0.0530245983935743 0.6215486947791165 0.056789658634538144 0.6228037148594378 0.05961345381526104 0.6234312248995983 0.06369226907630522 0.6237449799196786 0.06714357429718874 0.6243724899598393 0.06965361445783132 0.6253137550200802 0.07153614457831324 0.6265687751004017 0.07404618473895581 0.6284513052208834 0.07655622489959839 0.6312751004016063 0.07781124497991967 0.6340988955823293 0.07843875502008031 0.6384914658634538 0.07875251004016064 0.6419427710843373 0.078125 0.6460215863453815 0.07592871485943774 0.6497866465863453 0.07279116465863453 0.6529241967871485 0.07153614457831324 0.6544929718875501 0.06902610441767068 0.657316767068273 0.06682981927710843 0.6598268072289156 0.0649472891566265 0.6620230923694778 0.06306475903614457 0.6635918674698794 0.05961345381526104 0.6657881526104418 0.05584839357429718 0.667043172690763 0.05333835341365461 0.6679844377510039 0.04988704819277108 0.6682981927710843 0.04549447791164658 0.6686119477911646
1 0.06965361445783132 0.570406626506024 0.06620230923694778 0.5628765060240963 0.06526104417670682 0.5603664658634538 0.06400602409638553 0.5562876506024096 0.06306475903614457 0.5531501004016064 0.06243724899598393 0.5506400602409638 0.061495983935742966 0.5475025100401606 0.06118222891566264 0.5431099397590361 0.06118222891566264 0.5393448795180723 0.061495983935742966 0.5365210843373494 0.06243724899598393 0.5343247991967871 0.06306475903614457 0.5315010040160641 0.06369226907630522 0.5293047188755019 0.06463353413654618 0.5271084337349398 0.06588855421686747 0.5245983935742972 0.06745732931726907 0.5224021084337349 0.06933985943775099 0.5202058232931727 0.0709086345381526 0.5189508032128514 0.07310491967871485 0.5176957831325301 0.07592871485943774 0.5161270080321284 0.078125 0.5145582329317269 0.08032128514056223 0.512675702811245 0.08220381526104417 0.510793172690763 0.08377259036144577 0.509851907630522 0.08659638554216867 0.5089106425702811 0.08910642570281123 0.5082831325301205 0.09130271084337349 0.5082831325301205 0.09412650602409638 0.5092243975903614 0.09757781124497991 0.510793172690763 0.09977409638554216 0.5133032128514056 0.10197038152610441 0.5164407630522088 0.10416666666666666 0.519578313253012 0.10699046184738956 0.5214608433734939 0.10950050200803213 0.5249121485943775 0.11044176706827309 0.52742218875502 0.11044176706827309 0.5318147590361445 0.11044176706827309 0.5365210843373494 0.11044176706827309 0.5405998995983936 0.1107555220883534 0.5434236947791165 0.1107555220883534 0.546875 0.1107555220883534 0.5506400602409638 0.10981425702811244 0.553777610441767 0.10887299196787148 0.5572289156626505 0.10761797188755019 0.5603664658634538 0.10667670682730922 0.563504016064257 0.10542168674698794 0.5669553212851405 0.10385291164658633 0.5700928714859437 0.10197038152610441 0.5729166666666666 0.10008785140562249 0.5744854417670683 0.09663654618473895 0.5769954819277108 0.09318524096385541 0.5779367469879517 0.08785140562248996 0.5785642570281124 0.08502761044176706 0.5785642570281124 0.08189006024096385 0.5773092369477911 0.07781124497991967 0.5757404618473896 0.07467369477911646 0.5741716867469879 0.07216365461847389 0.5726029116465863
1 0.055220883534136546 0.44929718875502006 0.043298192771084335 0.4489834337349397 0.04078815261044177 0.4489834337349397 0.03765060240963855 0.4489834337349397 0.03325803212851405 0.4486696787148594 0.03012048192771084 0.4486696787148594 0.025727911646586343 0.4489834337349397 0.022590361445783132 0.44961094377510036 0.019139056224899597 0.4499246987951807 0.01568775100401606 0.4499246987951807 0.013805220883534136 0.4489834337349397 0.011608935742971886 0.44678714859437746 0.010667670682730923 0.4445908634538152 0.009412650602409638 0.44239457831325296 0.008471385542168674 0.44019829317269077 0.00784387550200803 0.4373744979919678 0.00784387550200803 0.4345507028112449 0.00753012048192771 0.43172690763052207 0.00753012048192771 0.4282756024096385 0.008471385542168674 0.4254518072289156 0.009412650602409638 0.422941767068273 0.010667670682730923 0.4201179718875502 0.011922690763052208 0.41823544176706823 0.013177710843373493 0.4144703815261044 0.015373995983935742 0.41227409638554213 0.01788403614457831 0.4116465863453815 0.021649096385542167 0.41133283132530113 0.023217871485943772 0.4110190763052209 0.0251004016064257 0.4100778112449799 0.028237951807228913 0.4085090361445783 0.0310617469879518 0.4069402610441767 0.034199297188755015 0.40537148594377503 0.03765060240963855 0.4044302208835341 0.04204317269076305 0.40317520080321284 0.046435742971887545 0.4025476907630522 0.0502008032128514 0.40223393574297184 0.05333835341365461 0.40223393574297184 0.056475903614457826 0.40223393574297184 0.05961345381526104 0.4025476907630522 0.06275100401606425 0.4028614457831325 0.0665160642570281 0.40380271084337344 0.07028112449799197 0.40474397590361444 0.07310491967871485 0.4059989959839357 0.07592871485943774 0.4069402610441767 0.07906626506024096 0.40788152610441764 0.08283132530120481 0.4091365461847389 0.08596887550200803 0.41070532128514053 0.08816516064257027 0.4125878514056225 0.09036144578313253 0.41541164658634533 0.09193022088353413 0.4185491967871486 0.09287148594377509 0.4223142570281124 0.09349899598393573 0.4260793172690763 0.09349899598393573 0.4295306224899598 0.09349899598393573 0.43329568273092367 0.09193022088353413 0.43674698795180716 0.08628263052208834 0.43925702811244977 0.078125 0.44333584337349397 0.0753012048192771 0.44427710843373486 0.07279116465863453 0.4455321285140562 0.06965361445783132 0.4464733935742971 0.0665160642570281 0.4471009036144578 0.0633785140562249 0.44772841365461846 0.06024096385542168 0.4486696787148594
1 0.36207329317269077 0.6799071285140562 0.3576807228915662 0.6789658634538152 0.354543172690763 0.6780245983935742 0.3517193775100401 0.6773970883534136 0.3495230923694779 0.6764558232931727 0.347640562248996 0.6752008032128514 0.3460717871485944 0.6733182730923695 0.34387550200803213 0.6714357429718875 0.3429342369477911 0.6708082329317269 0.34136546184738953 0.6704944779116465 0.3385416666666667 0.6704944779116465 0.33665913654618473 0.6701807228915662 0.3344628514056225 0.668925702811245 0.33258032128514053 0.6673569277108433 0.3310115461847389 0.6648468875502008 0.3303840361445783 0.6617093373493976 0.330070281124498 0.6579442771084337 0.330070281124498 0.6538654618473896 0.3310115461847389 0.6497866465863453 0.33320783132530113 0.6460215863453815 0.3360316265060241 0.6428840361445782 0.33822791164658633 0.6410015060240963 0.3404241967871486 0.6403739959839357 0.3419929718875502 0.639746485943775 0.3435617469879518 0.6391189759036143 0.34387550200803213 0.6391189759036143 0.3460717871485944 0.6394327309236947 0.347640562248996 0.641629016064257 0.3495230923694779 0.6438253012048192 0.35109186746987947 0.6457078313253012 0.3529743975903614 0.6472766064257027 0.35548443775100397 0.6482178714859437 0.35956325301204817 0.6488453815261044 0.363328313253012 0.648531626506024 0.3674071285140562 0.646649096385542 0.3699171686746988 0.6444528112449799 0.3705446787148594 0.6422565261044176 0.37023092369477906 0.6394327309236947 0.36866214859437746 0.6362951807228915 0.3692896586345381 0.633785140562249 0.37305471887550196 0.6325301204819277 0.3780747991967871 0.6325301204819277 0.38121234939759036 0.6331576305220883 0.3840361445783132 0.633785140562249 0.3868599397590361 0.6344126506024096 0.389683734939759 0.6347264056224898 0.39219377510040154 0.6347264056224898 0.3959588353413654 0.6356676706827309 0.39941014056224894 0.6372364457831325 0.40129267068273083 0.6391189759036143 0.4025476907630522 0.6410015060240963 0.40380271084337344 0.6428840361445782 0.40474397590361444 0.6438253012048192 0.4066265060240964 0.646649096385542 0.4085090361445783 0.6504141566265059 0.40976405622489953 0.6544929718875501 0.41070532128514053 0.6579442771084337 0.41133283132530113 0.6607680722891566 0.41133283132530113 0.6629643574297188 0.40882279116465864 0.6648468875502008 0.40631275100401604 0.6667294176706826 0.4041164658634538 0.6686119477911646 0.4025476907630522 0.6708082329317269 0.40129267068273083 0.6723770080321285 0.3997238955823293 0.6742595381526103 0.3969001004016064 0.6752008032128514 0.3934487951807229 0.6764558232931727 0.3899974899598393 0.6777108433734939 0.3868599397590361 0.6786521084337348 0.3834086345381526 0.6792796184738955 0.3805848393574297 0.6799071285140562 0.3780747991967871 0.6808483935742972 0.37462349397590355 0.6821034136546184 0.3699171686746988 0.6827309236947791 0.36615210843373486 0.681789658634538
1 0.5051455823293173 0.648531626506024 0.5111069277108433 0.6431977911646586 0.5148719879518072 0.6391189759036143 0.5176957831325301 0.6366089357429718 0.5211470883534136 0.6340988955823293 0.5252259036144579 0.6315888554216866 0.5296184738955823 0.6287650602409638 0.5343247991967871 0.625941265060241 0.5384036144578312 0.6246862449799196 0.5421686746987951 0.6237449799196786 0.546875 0.6234312248995983 0.5509538152610441 0.6234312248995983 0.553777610441767 0.6234312248995983 0.5572289156626505 0.6234312248995983 0.5600527108433735 0.6243724899598393 0.5631902610441767 0.625941265060241 0.5660140562248995 0.6284513052208834 0.5669553212851405 0.6315888554216866 0.5678965863453815 0.6347264056224898 0.5691516064257027 0.6369226907630522 0.570406626506024 0.6391189759036143 0.5722891566265059 0.6413152610441767 0.5738579317269076 0.6441390562248995 0.5744854417670683 0.646649096385542 0.5747991967871485 0.6494728915662651 0.5744854417670683 0.6541792168674697 0.5735441767068272 0.658258032128514 0.5729166666666666 0.6617093373493976 0.5716616465863453 0.6654743975903614 0.5697791164658634 0.667043172690763 0.5669553212851405 0.6686119477911646 0.5644452811244979 0.6708082329317269 0.5628765060240963 0.6730045180722891 0.5609939759036143 0.6752008032128514 0.5587976907630522 0.6773970883534136 0.555660140562249 0.6802208835341365 0.5534638554216866 0.6824171686746987 0.5506400602409638 0.6846134538152611 0.547816265060241 0.6855547188755019 0.5431099397590361 0.6868097389558232 0.5402861445783133 0.6871234939759036 0.5355798192771084 0.6880647590361445 0.5324422690763052 0.6893197791164659 0.5289909638554217 0.6905747991967871 0.5267946787148594 0.6908885542168673 0.5236571285140562 0.6908885542168673 0.5183232931726908 0.6883785140562249 0.5158132530120482 0.6864959839357428 0.5120481927710843 0.6846134538152611 0.5085968875502007 0.6821034136546184 0.5064006024096385 0.6786521084337348 0.5042043172690762 0.674887048192771 0.5013805220883534 0.6720632530120482 0.49887048192771083 0.6692394578313253 0.4973017068273092 0.6654743975903614 0.49761546184738953 0.6626506024096385 0.49887048192771083 0.6588855421686746 0.5007530120481927 0.6557479919678714 0.5035768072289156 0.6516691767068272
1 0.46592620481927705 0.6058609437751004 0.4615336345381526 0.6020958835341366 0.45996485943775095 0.6002133534136546 0.4574548192771084 0.596762048192771 0.4555722891566265 0.5933107429718875 0.45431726907630515 0.590800702811245 0.4533760040160642 0.587976907630522 0.4521209839357429 0.5854668674698794 0.45117971887550196 0.5823293172690762 0.45086596385542166 0.579191767068273 0.45086596385542166 0.5747991967871485 0.4521209839357429 0.5710341365461847 0.4540035140562249 0.5694653614457831 0.4555722891566265 0.5678965863453815 0.4574548192771084 0.5657003012048192 0.45965110441767065 0.5631902610441767 0.46247489959839355 0.5609939759036143 0.46529869477911645 0.5587976907630522 0.46843624497991965 0.5575426706827309 0.4725150602409638 0.5566014056224898 0.475652610441767 0.5559738955823293 0.47847640562248994 0.5559738955823293 0.48130020080321284 0.5559738955823293 0.48286897590361444 0.5566014056224898 0.4850652610441767 0.5575426706827309 0.48788905622489953 0.5584839357429718 0.49039909638554213 0.5597389558232931 0.49290913654618473 0.5609939759036143 0.4957329317269076 0.5622489959839357 0.4979292168674698 0.5631902610441767 0.5004392570281124 0.5647590361445782 0.5026355421686747 0.5663278112449799 0.5048318273092369 0.5678965863453815 0.5064006024096385 0.5691516064257027 0.5082831325301205 0.5707203815261044 0.5104794176706827 0.5729166666666666 0.5123619477911646 0.5751129518072289 0.5145582329317269 0.5773092369477911 0.5167545180722891 0.580133032128514 0.518637048192771 0.5826430722891566 0.5202058232931727 0.5854668674698794 0.5214608433734939 0.5873493975903614 0.5220883534136546 0.589859437751004 0.5224021084337349 0.5933107429718875 0.5230296184738955 0.5961345381526103 0.5236571285140562 0.5980170682730923 0.5236571285140562 0.6017821285140562 0.5233433734939759 0.6052334337349397 0.5214608433734939 0.6089984939759036 0.519578313253012 0.6111947791164659 0.5158132530120482 0.6146460843373494 0.5129894578313252 0.617156124497992 0.510793172690763 0.6184111445783133 0.5070281124497992 0.6202936746987951 0.5038905622489959 0.6218624497991968 0.5001255020080321 0.6237449799196786 0.4982429718875502 0.6240587349397589 0.49353664658634533 0.6228037148594378 0.4910266064257028 0.6209211847389557 0.48883032128514053 0.6177836345381525 0.4872615461847389 0.6155873493975903 0.48286897590361444 0.613391064257028 0.4797314257028112 0.6124497991967871 0.47439759036144574 0.6108810240963856 0.47000502008032125 0.6093122489959839
1 0.3507781124497992 0.5496987951807228 0.3435617469879518 0.5446787148594378 0.34136546184738953 0.5431099397590361 0.3385416666666667 0.5415411646586344 0.3363453815261044 0.5396586345381525 0.3344628514056225 0.5380898594377509 0.33258032128514053 0.5358935742971888 0.3310115461847389 0.5336972891566264 0.3294427710843373 0.5315010040160641 0.3285015060240964 0.5296184738955823 0.32661897590361444 0.5267946787148594 0.32505020080321284 0.5233433734939759 0.32473644578313254 0.5183232931726908 0.32505020080321284 0.5142444779116465 0.32630522088353414 0.5104794176706827 0.3278739959839357 0.5073418674698795 0.330070281124498 0.5051455823293173 0.3350903614457831 0.5026355421686747 0.34136546184738953 0.5016942771084337 0.3432479919678714 0.5016942771084337 0.345758032128514 0.5016942771084337 0.3482680722891566 0.5016942771084337 0.3507781124497992 0.5013805220883534 0.35360190763052207 0.5013805220883534 0.35517068273092367 0.5013805220883534 0.3573669678714859 0.502008032128514 0.3601907630522088 0.5026355421686747 0.3630145582329317 0.5032630522088353 0.3664658634538152 0.5048318273092369 0.3692896586345381 0.5060868473895582 0.37274096385542166 0.5079693775100401 0.37556475903614456 0.509851907630522 0.3780747991967871 0.5114206827309237 0.38027108433734935 0.5133032128514056 0.3821536144578313 0.5154994979919678 0.38372238955823285 0.5176957831325301 0.3849774096385542 0.5202058232931727 0.3865461847389558 0.5236571285140562 0.38780120481927705 0.5267946787148594 0.3884287148594377 0.5315010040160641 0.3884287148594377 0.5362073293172691 0.38717369477911645 0.5399723895582329 0.3852911646586345 0.544051204819277 0.3834086345381526 0.547816265060241 0.38121234939759036 0.5506400602409638 0.3733684738955823 0.5540913654618473 0.37305471887550196 0.5540913654618473 0.3658383534136546 0.5547188755020079 0.36270080321285136 0.5547188755020079 0.35956325301204817 0.5540913654618473 0.35673945783132527 0.5531501004016064
1 0.4386295180722891 0.5211470883534136 0.4323544176706827 0.5161270080321284 0.43078564257028107 0.5142444779116465 0.4289031124497991 0.5129894578313252 0.4270205823293172 0.5114206827309237 0.42513805220883527 0.5101656626506024 0.4232555220883534 0.5082831325301205 0.4216867469879518 0.5060868473895582 0.4204317269076305 0.5038905622489959 0.41949046184738953 0.5023217871485943 0.41792168674698793 0.4994979919678714 0.41666666666666663 0.4979292168674698 0.415097891566265 0.4957329317269076 0.41384287148594373 0.4900853413654618 0.4144703815261044 0.4856927710843373 0.41635291164658633 0.48161395582329314 0.41823544176706823 0.47879016064257024 0.4216867469879518 0.475652610441767 0.4241967871485944 0.47439759036144574 0.42670682730923687 0.4737700803212851 0.4310993975903614 0.4731425702811245 0.4342369477911646 0.47282881526104414 0.4380020080321285 0.47282881526104414 0.441453313253012 0.4731425702811245 0.4430220883534136 0.4731425702811245 0.4445908634538152 0.4737700803212851 0.44678714859437746 0.47439759036144574 0.44929718875502006 0.47533885542168675 0.4518072289156626 0.476593875502008 0.45368975903614456 0.47784889558232924 0.4561997991967871 0.47941767068273083 0.45839608433734935 0.4806726907630522 0.4605923694779116 0.4825552208835341 0.46561244979919675 0.4882028112449799 0.46718122489959835 0.494164156626506 0.467808734939759 0.4969879518072288 0.4681224899598393 0.4998117469879518 0.46874999999999994 0.502949297188755 0.46937751004016065 0.5060868473895582 0.47000502008032125 0.5095381526104418 0.47000502008032125 0.5129894578313252 0.4696912650602409 0.5154994979919678 0.46843624497991965 0.5183232931726908 0.4665537148594377 0.5208333333333333 0.46435742971887545 0.5233433734939759 0.46184738955823285 0.5249121485943775 0.45933734939759036 0.5261671686746987 0.45776857429718876 0.5264809236947791 0.45525853413654616 0.5264809236947791 0.45243473895582326 0.5264809236947791 0.450238453815261 0.5264809236947791 0.44772841365461846 0.5261671686746987 0.4449046184738955 0.5249121485943775 0.44270833333333326 0.5236571285140562
1 0.5042043172690762 0.5161270080321284 0.502008032128514 0.5120481927710843 0.501066767068273 0.509851907630522 0.4994979919678714 0.5082831325301205 0.4966741967871486 0.5060868473895582 0.494164156626506 0.5035768072289156 0.4922816265060241 0.5001255020080321 0.4916541164658634 0.49761546184738953 0.4910266064257028 0.49447791164658633 0.4907128514056225 0.4910266064257028 0.49039909638554213 0.4882028112449799 0.4900853413654618 0.48632028112449793 0.4897715863453815 0.4838102409638554 0.4897715863453815 0.48130020080321284 0.48945783132530113 0.4791039156626506 0.4891440763052209 0.47847640562248994 0.4891440763052209 0.47596636546184734 0.48883032128514053 0.4737700803212851 0.48883032128514053 0.47126004016064255 0.48883032128514053 0.4681224899598393 0.4885165662650602 0.4646711847389558 0.4882028112449799 0.46090612449799195 0.48788905622489953 0.45682730923694775 0.48788905622489953 0.4530622489959839 0.4885165662650602 0.45086596385542166 0.48945783132530113 0.44804216867469876 0.4913403614457831 0.44521837349397586 0.49290913654618473 0.4439633534136546 0.49447791164658633 0.44333584337349397 0.49604668674698793 0.44270833333333326 0.4979292168674698 0.44239457831325296 0.5007530120481927 0.44208082329317266 0.502949297188755 0.44176706827309237 0.5051455823293173 0.44176706827309237 0.5092243975903614 0.44333584337349397 0.5114206827309237 0.4445908634538152 0.5129894578313252 0.4474146586345381 0.5148719879518072 0.44929718875502006 0.5170682730923695 0.4521209839357429 0.5192645582329317 0.4540035140562249 0.5214608433734939 0.4561997991967871 0.5233433734939759 0.458082329317269 0.5255396586345381 0.46090612449799195 0.5264809236947791 0.46247489959839355 0.528363453815261 0.4646711847389558 0.530245983935743 0.46718122489959835 0.5315010040160641 0.46874999999999994 0.5327560240963856 0.4706325301204819 0.5346385542168675 0.4734563253012048 0.5362073293172691 0.47722138554216864 0.5374623493975903 0.47941767068273083 0.5384036144578312 0.48161395582329314 0.5393448795180723 0.48318273092369474 0.5405998995983936 0.48632028112449793 0.5415411646586344 0.48883032128514053 0.5424824297188754 0.4916541164658634 0.5427961847389557 0.494164156626506 0.5431099397590361 0.4969879518072288 0.5431099397590361 0.5001255020080321 0.5431099397590361 0.5035768072289156 0.5427961847389557 0.5067143574297188 0.5421686746987951 0.5089106425702811 0.5421686746987951 0.510793172690763 0.5421686746987951 0.5139307228915662 0.5421686746987951 0.5170682730923695 0.5415411646586344 0.520519578313253 0.5402861445783133 0.5239708835341365 0.5377761044176707 0.5258534136546185 0.5336972891566264 0.5277359437751004 0.5305597389558233 0.5280496987951807 0.5264809236947791 0.5293047188755019 0.5236571285140562 0.5305597389558233 0.5208333333333333 0.5299322289156626 0.5189508032128514 0.5277359437751004 0.5173820281124498 0.5264809236947791 0.5148719879518072 0.5242846385542168 0.5120481927710843 0.5220883534136546 0.5089106425702811 0.5202058232931727
1 0.03357178714859437 0.347640562248996 0.026355421686746986 0.3463855421686747 0.023845381526104416 0.3454442771084337 0.020707831325301202 0.34387550200803213 0.01788403614457831 0.34230672690763053 0.014746485943775098 0.34011044176706823 0.01255020080321285 0.337914156626506 0.00972640562248996 0.3347766064257028 0.00784387550200803 0.33226656626506024 0.005961345381526104 0.3285015060240964 0.00502008032128514 0.3234814257028112 0.004706325301204819 0.3187751004016064 0.005647590361445783 0.31406877510040154 0.0065888554216867465 0.31061746987951805 0.008157630522088353 0.30622489959839355 0.01004016064257028 0.30340110441767065 0.013491465863453815 0.2999497991967871 0.01725652610441767 0.2977535140562249 0.021335341365461846 0.29555722891566266 0.025727911646586343 0.294929718875502 0.030434236947791165 0.293988453815261 0.03576807228915662 0.2936746987951807 0.04078815261044177 0.2933609437751004 0.044239457831325296 0.2936746987951807 0.04894578313253011 0.29461596385542166 0.05396586345381526 0.2958709839357429 0.057730923694779106 0.29712600401606426 0.060554718875502005 0.29806726907630515 0.06369226907630522 0.2996360441767068 0.06588855421686747 0.3012048192771084 0.06933985943775099 0.30340110441767065 0.07247740963855422 0.30622489959839355 0.0753012048192771 0.3084211847389558 0.07843875502008031 0.3112449799196787 0.08032128514056223 0.31312751004016065 0.08157630522088354 0.31501004016064255 0.08283132530120481 0.3184613453815261 0.0840863453815261 0.3228539156626506 0.08471385542168673 0.3259914658634538 0.08502761044176706 0.3303840361445783 0.08502761044176706 0.3344628514056225 0.08377259036144577 0.337914156626506 0.08189006024096385 0.3410517068273092 0.07938002008032127 0.34262048192771083 0.07686997991967871 0.3445030120481928 0.07310491967871485 0.345758032128514 0.06808483935742972 0.3473268072289156 0.06118222891566264 0.3488955823293172 0.05490712851405622 0.3498368473895582 0.05082831325301205 0.3501506024096385 0.046121987951807226 0.3501506024096385 0.04047439759036144 0.3501506024096385
1 0.16848644578313252 0.294929718875502 0.1634663654618474 0.28990963855421686 0.16252510040160642 0.2883408634538152 0.1609563253012048 0.28583082329317266 0.1593875502008032 0.2836345381526104 0.15781877510040157 0.2808107429718875 0.15656375502008033 0.2779869477911647 0.1549949799196787 0.2742218875502008 0.1534262048192771 0.2710843373493976 0.1521711847389558 0.2670055220883534 0.15185742971887548 0.2641817269076305 0.15185742971887548 0.2607304216867469 0.1521711847389558 0.2575928714859438 0.1534262048192771 0.2535140562248996 0.15405371485943772 0.251004016064257 0.15625 0.24598393574297187 0.15813253012048192 0.24316014056224897 0.16064257028112447 0.23970883534136542 0.16315261044176707 0.23814006024096382 0.16566265060240962 0.23657128514056225 0.16848644578313252 0.23468875502008033 0.17036897590361447 0.23406124497991965 0.17350652610441764 0.23406124497991965 0.17664407630522086 0.23406124497991965 0.17946787148594376 0.23437499999999997 0.18260542168674698 0.23563002008032127 0.18511546184738953 0.23688504016064255 0.1891942771084337 0.2390813253012048 0.19264558232931725 0.24127761044176704 0.19578313253012045 0.24347389558232932 0.1979794176706827 0.24598393574297187 0.2008032128514056 0.2484939759036144 0.20394076305220882 0.2522590361445783 0.20613704819277107 0.2547690763052209 0.20770582329317266 0.2575928714859438 0.2092745983935743 0.2607304216867469 0.21021586345381524 0.26449548192771083 0.2108433734939759 0.267633032128514 0.2114708835341365 0.270456827309237 0.2114708835341365 0.2735943775100401 0.2114708835341365 0.27704568273092367 0.2114708835341365 0.28112449799196787 0.2111571285140562 0.28583082329317266 0.21021586345381524 0.28896837349397586 0.2092745983935743 0.29304718875502006 0.208019578313253 0.29712600401606426 0.2064508032128514 0.2999497991967871 0.2036270080321285 0.3024598393574297 0.19892068273092367 0.3052836345381526 0.19421435742971885 0.30622489959839355 0.18982178714859438 0.30653865461847385 0.1844879518072289 0.3059111445783132 0.18072289156626506 0.30496987951807225 0.17789909638554216 0.30371485943775095 0.17507530120481926 0.30214608433734935 0.1725652610441767 0.2996360441767068
1 0.06839859437751003 0.22119728915662648 0.06526104417670682 0.21429467871485944 0.06431977911646586 0.2120983935742972 0.0633785140562249 0.2095883534136546 0.06275100401606425 0.20770582329317266 0.06180973895582329 0.20488202811244977 0.06024096385542168 0.20237198795180722 0.05929969879518072 0.199234437751004 0.05867218875502008 0.19578313253012045 0.05867218875502008 0.19264558232931725 0.05867218875502008 0.1888805220883534 0.05929969879518072 0.18637048192771083 0.06024096385542168 0.18354668674698793 0.06086847389558233 0.18072289156626506 0.0621234939759036 0.17695783132530118 0.06275100401606425 0.17350652610441764 0.0633785140562249 0.17005522088353411 0.06557479919678715 0.16660391566265056 0.06839859437751003 0.16566265060240962 0.0709086345381526 0.16566265060240962 0.07435993975903614 0.16566265060240962 0.078125 0.16660391566265056 0.08000753012048192 0.1681726907630522 0.08345883534136546 0.1697414658634538 0.0872238955823293 0.1722515060240964 0.08942018072289155 0.173820281124498 0.0916164658634538 0.17633032128514053 0.09318524096385541 0.1788403614457831 0.09506777108433734 0.18135040160642568 0.09632279116465862 0.18417419678714858 0.09757781124497991 0.18762550200803213 0.09851907630522087 0.19076305220883533 0.09946034136546184 0.19452811244979917 0.10008785140562249 0.1976656626506024 0.1004016064257028 0.20143072289156624 0.10102911646586345 0.20550953815261044 0.1016566265060241 0.2099021084337349 0.1016566265060241 0.21303965863453814 0.10134287148594376 0.21649096385542166 0.1004016064257028 0.22056977911646583 0.09977409638554216 0.22245230923694775 0.09914658634538152 0.22496234939759036 0.09851907630522087 0.2274723895582329 0.09726405622489959 0.23060993975903613 0.09506777108433734 0.23280622489959837 0.09287148594377509 0.23374748995983935 0.08879267068273092 0.23406124497991965 0.08502761044176706 0.23406124497991965 0.08189006024096385 0.23374748995983935 0.0796937751004016 0.2331199799196787 0.07686997991967871 0.2315512048192771 0.07404618473895581 0.2290411646586345 0.0709086345381526 0.22653112449799195
1 0.19421435742971885 0.15844628514056225 0.19390060240963852 0.15813253012048192 0.18950803212851405 0.1549949799196787 0.18762550200803213 0.15279869477911648 0.18480170682730923 0.14934738955823293 0.1832329317269076 0.147464859437751 0.18072289156626506 0.14401355421686748 0.17821285140562246 0.14087600401606426 0.17601656626506024 0.13836596385542166 0.1744477911646586 0.1346009036144578 0.17350652610441764 0.13146335341365462 0.1725652610441767 0.12863955823293172 0.1722515060240964 0.1255020080321285 0.1709964859437751 0.12016817269076305 0.1709964859437751 0.11608935742971886 0.1722515060240964 0.11357931726907629 0.17319277108433734 0.11106927710843371 0.17476154618473894 0.10855923694779115 0.17695783132530118 0.1063629518072289 0.1788403614457831 0.10385291164658633 0.181664156626506 0.10102911646586345 0.18480170682730923 0.1004016064257028 0.18731174698795178 0.1004016064257028 0.190449297188755 0.1004016064257028 0.19452811244979917 0.1004016064257028 0.19860692771084337 0.1004016064257028 0.20237198795180722 0.10071536144578312 0.20613704819277107 0.10197038152610441 0.2092745983935743 0.10353915662650602 0.21178463855421684 0.10542168674698794 0.21429467871485944 0.10761797188755019 0.2171184738955823 0.10981425702811244 0.21900100401606426 0.11201054216867469 0.2215110441767068 0.11483433734939759 0.2243348393574297 0.11828564257028112 0.22684487951807228 0.12205070281124497 0.2290411646586345 0.1255020080321285 0.23092369477911642 0.12863955823293172 0.23280622489959837 0.13146335341365462 0.23468875502008033 0.13491465863453814 0.23657128514056225 0.13836596385542166 0.23814006024096382 0.1418172690763052 0.2390813253012048 0.1446410642570281 0.24002259036144577 0.14809236947791163 0.2403363453815261 0.15185742971887548 0.2403363453815261 0.15530873493975902 0.24002259036144577 0.15813253012048192 0.23876757028112447 0.16158383534136547 0.23688504016064255 0.16566265060240962 0.23406124497991965 0.16942771084337346 0.23186495983935743 0.17131024096385541 0.2287274096385542 0.17350652610441764 0.2259036144578313 0.173820281124498 0.22119728915662648 0.173820281124498 0.21617720883534136 0.1725652610441767 0.2114708835341365 0.17068273092369476 0.20739206827309237 0.16880020080321284 0.20425451807228914 0.16723142570281124 0.20174447791164657 0.165035140562249 0.19892068273092367 0.16283885542168672
1 0.2707705823293172 0.14840612449799195 0.2654367469879518 0.14369979919678713 0.2638679718875502 0.1421310240963855 0.26261295180722893 0.14024849397590358 0.26135793172690763 0.13805220883534136 0.26010291164658633 0.1352284136546185 0.2591616465863454 0.1330321285140562 0.25853413654618473 0.13052208835341364 0.2575928714859438 0.1283258032128514 0.2566516064257028 0.12518825301204817 0.25571034136546184 0.12236445783132528 0.2553965863453815 0.11985441767068271 0.2550828313253012 0.11640311244979919 0.2550828313253012 0.11295180722891565 0.2550828313253012 0.11012801204819275 0.2547690763052209 0.1060491967871486 0.2566516064257028 0.10197038152610441 0.2594754016064257 0.09946034136546184 0.26261295180722893 0.09789156626506022 0.2663780120481928 0.09757781124497991 0.2739081325301205 0.09851907630522087 0.2779869477911647 0.10008785140562249 0.28143825301204817 0.1016566265060241 0.2848895582329317 0.10385291164658633 0.2877133534136546 0.10573544176706826 0.28990963855421686 0.10730421686746987 0.2927334337349397 0.10981425702811244 0.2952434738955823 0.11263805220883533 0.2983810240963855 0.11577560240963855 0.3008910642570281 0.1195406626506024 0.30277359437751 0.12236445783132528 0.3040286144578313 0.12518825301204817 0.30496987951807225 0.12707078313253012 0.30622489959839355 0.13020833333333331 0.30716616465863456 0.1327183734939759 0.30779367469879515 0.1352284136546185 0.30810742971887545 0.1374246987951807 0.3084211847389558 0.13993473895582328 0.3084211847389558 0.14275853413654618 0.30779367469879515 0.1458960843373494 0.30653865461847385 0.14840612449799195 0.30465612449799195 0.15185742971887548 0.30214608433734935 0.15593624497991965 0.2996360441767068 0.15844628514056225 0.29743975903614456 0.1593875502008032 0.294929718875502 0.1609563253012048 0.29210592369477906 0.1609563253012048 0.28896837349397586 0.16064257028112447 0.28708584337349397 0.1593875502008032 0.2848895582329317 0.15781877510040157 0.2817520080321285 0.15593624497991965 0.2776731927710843 0.15405371485943772 0.27296686746987947 0.15154367469879518
1 0.45776857429718876 0.16691767068273092 0.4533760040160642 0.1609563253012048 0.4521209839357429 0.15813253012048192 0.45086596385542166 0.15530873493975902 0.4499246987951807 0.15311244979919678 0.4489834337349397 0.1509161646586345 0.44804216867469876 0.14871987951807228 0.4471009036144578 0.14683734939759036 0.44615963855421686 0.14495481927710843 0.4445908634538152 0.1421310240963855 0.44270833333333326 0.13773845381526104 0.4430220883534136 0.1339733935742972 0.4439633534136546 0.13083584337349397 0.4458458835341365 0.12738453815261044 0.44961094377510036 0.12299196787148593 0.4533760040160642 0.11891315261044175 0.45682730923694775 0.11703062248995982 0.46090612449799195 0.11608935742971886 0.46529869477911645 0.11577560240963855 0.46937751004016065 0.11608935742971886 0.4737700803212851 0.11734437751004016 0.47753514056224894 0.1195406626506024 0.4806726907630522 0.12110943775100401 0.48349648594377503 0.12330572289156624 0.48632028112449793 0.12581576305220882 0.4885165662650602 0.1295808232931727 0.4900853413654618 0.13209086345381524 0.49196787148594373 0.1346009036144578 0.4938504016064257 0.1371109437751004 0.49604668674698793 0.13962098393574296 0.4982429718875502 0.1421310240963855 0.5001255020080321 0.14432730923694778 0.5016942771084337 0.1462098393574297 0.5035768072289156 0.14903363453815258 0.5051455823293173 0.15122991967871485 0.5064006024096385 0.15405371485943772 0.5076556224899598 0.15719126506024095 0.5089106425702811 0.16032881526104417 0.5092243975903614 0.16315261044176707 0.5092243975903614 0.16723142570281124 0.5089106425702811 0.1709964859437751 0.5067143574297188 0.1744477911646586 0.5045180722891566 0.1772715863453815 0.5007530120481927 0.18072289156626506 0.49761546184738953 0.18229166666666663 0.49353664658634533 0.1832329317269076 0.4897715863453815 0.18354668674698793 0.48600652610441764 0.18354668674698793 0.4822414658634538 0.18354668674698793 0.4791039156626506 0.18229166666666663 0.47628012048192764 0.1804091365461847 0.4722013052208835 0.17789909638554216 0.46843624497991965 0.1753890562248996 0.46561244979919675 0.17350652610441764 0.46247489959839355 0.17131024096385541
1 0.23280622489959837 0.9051832329317268 0.2290411646586345 0.9023594377510039 0.22653112449799195 0.8998493975903614 0.22464859437751003 0.8973393574297188 0.2243348393574297 0.8948293172690762 0.22558985943775098 0.8901229919678714 0.2274723895582329 0.8857304216867469 0.2302961847389558 0.8813378514056224 0.23343373493975902 0.8772590361445782 0.23594377510040157 0.874121485943775 0.23876757028112447 0.8716114457831324 0.2419051204819277 0.8687876506024096 0.24567018072289154 0.8665913654618473 0.2484939759036144 0.8650225903614458 0.2522590361445783 0.8631400602409638 0.2566516064257028 0.8621987951807228 0.26167168674698793 0.8615712851405621 0.26731927710843373 0.8615712851405621 0.2717118473895582 0.8612575301204818 0.2761044176706827 0.8612575301204818 0.27892821285140557 0.8612575301204818 0.2836345381526104 0.8628263052208834 0.28802710843373497 0.8653363453815259 0.2908509036144578 0.8672188755020079 0.2936746987951807 0.8687876506024096 0.2958709839357429 0.8706701807228915 0.29712600401606426 0.8728664658634538 0.29806726907630515 0.8766315261044176 0.2983810240963855 0.8807103413654617 0.29806726907630515 0.8835341365461847 0.29712600401606426 0.8860441767068272 0.2958709839357429 0.8882404618473896 0.294929718875502 0.8904367469879517 0.293988453815261 0.892633032128514 0.2927334337349397 0.8951430722891566 0.2908509036144578 0.8973393574297188 0.2883408634538152 0.8992218875502007 0.28614457831325296 0.901418172690763 0.2833207831325301 0.903300702811245 0.2808107429718875 0.9045557228915662 0.2783007028112449 0.9051832329317268 0.27453564257028107 0.9064382530120482 0.2723393574297189 0.9073795180722891 0.270456827309237 0.90832078313253 0.267633032128514 0.909262048192771 0.26324046184738953 0.9098895582329316 0.26041666666666663 0.9098895582329316 0.2579066265060241 0.9098895582329316 0.2553965863453815 0.9105170682730923 0.25257279116465864 0.911144578313253 0.24943524096385541 0.911144578313253 0.2478664658634538 0.911144578313253 0.24567018072289154 0.910203313253012 0.24410140562248994 0.9089482931726907 0.2419051204819277 0.9076932730923695 0.23876757028112447 0.9067520080321284
1 0.14369979919678713 0.9977409638554217 0.14809236947791163 0.9911521084337348 0.14997489959839355 0.9889558232931727 0.15279869477911648 0.9861320281124498 0.15593624497991965 0.9836219879518071 0.1593875502008032 0.9817394578313252 0.1634663654618474 0.9798569277108433 0.16691767068273092 0.9782881526104418 0.17131024096385541 0.9764056224899598 0.17664407630522086 0.9742093373493975 0.18103664658634538 0.9726405622489959 0.18354668674698793 0.9720130522088353 0.18668423694779115 0.9710717871485942 0.19013554216867468 0.9704442771084337 0.19452811244979917 0.969816767068273 0.19954819277108432 0.969816767068273 0.20488202811244977 0.969816767068273 0.20864708835341364 0.969816767068273 0.21366716867469876 0.970758032128514 0.21962851405622488 0.9720130522088353 0.22527610441767065 0.9735818273092369 0.22966867469879518 0.9760918674698794 0.23374748995983935 0.9782881526104418 0.2378263052208835 0.9801706827309236 0.2403363453815261 0.9826807228915662 0.24316014056224897 0.98644578313253 0.2450426706827309 0.9908383534136544 0.24598393574297187 0.9939759036144576 0.2466114457831325 0.9967996987951807 0.24691982214572578 0.9989583333333333 0.14244477911646586 0.9989583333333333
1 0.0009412650602409637 0.8512173694779116 0.0028237951807228916 0.84964859437751 0.00753012048192771 0.8480798192771084 0.00972640562248996 0.8461972891566264 0.011608935742971886 0.8446285140562249 0.013805220883534136 0.8424322289156625 0.016629016064257027 0.8405496987951807 0.018825301204819275 0.8389809236947791 0.021021586345381524 0.8374121485943775 0.023531626506024094 0.8352158634538152 0.024472891566265056 0.8336470883534136 0.026041666666666664 0.8305095381526103 0.02698293172690763 0.8276857429718875 0.027610441767068273 0.8245481927710843 0.028551706827309235 0.8220381526104418 0.029492971887550196 0.8185868473895581 0.030434236947791165 0.8151355421686746 0.0310617469879518 0.8110567269076304 0.03168925702811245 0.8079191767068272 0.03200301204819277 0.805722891566265 0.03263052208835341 0.802899096385542 0.03325803212851405 0.7994477911646586 0.03325803212851405 0.796937751004016 0.03231676706827309 0.7938002008032128 0.03137550200803212 0.7903488955823292 0.030747991967871483 0.7887801204819277 0.03012048192771084 0.787211345381526 0.028237951807228913 0.7850150602409638 0.026355421686746986 0.7840737951807228 0.02478664658634538 0.7837600401606425 0.021335341365461846 0.7850150602409638 0.016315261044176705 0.7868975903614458 0.01255020080321285 0.788152610441767 0.008471385542168674 0.7894076305220883 0.004706325301204819 0.7906626506024096 0.0009412650602409637 0.7919176706827308 0.00031375502008032123 0.7928589357429718
1 0.014432730923694776 0.1593875502008032 0.009098895582329316 0.15373995983935743 0.00784387550200803 0.15248493975903613 0.006902610441767068 0.1506024096385542 0.004706325301204819 0.14809236947791163 0.00251004016064257 0.14495481927710843 0.00031375502008032123 0.14275853413654618 0.0006275100401606425 0.10950050200803213 0.002196285140562249 0.10793172690763052 0.00502008032128514 0.10761797188755019 0.008471385542168674 0.10730421686746987 0.011295180722891566 0.10730421686746987 0.014432730923694776 0.10793172690763052 0.01694277108433735 0.10887299196787148 0.018825301204819275 0.10981425702811244 0.021335341365461846 0.1107555220883534 0.023845381526104416 0.11169678714859436 0.026355421686746986 0.11263805220883533 0.029492971887550196 0.11420682730923694 0.03200301204819277 0.11546184738955821 0.0338855421686747 0.11703062248995982 0.03576807228915662 0.11891315261044175 0.03796435742971887 0.12110943775100401 0.04016064257028112 0.12361947791164658 0.04204317269076305 0.12612951807228914 0.04361194779116465 0.12863955823293172 0.04486696787148594 0.13146335341365462 0.046121987951807226 0.13365963855421686 0.04769076305220883 0.13648343373493974 0.04863202811244979 0.13962098393574296 0.04863202811244979 0.14275853413654618 0.04863202811244979 0.1462098393574297 0.04800451807228915 0.14934738955823293 0.04737700803212851 0.15248493975903613 0.04706325301204819 0.15562248995983935 0.04674949799196786 0.16032881526104417 0.045180722891566265 0.16315261044176707 0.04267068273092369 0.16597640562248994 0.03953313253012048 0.16629016064257027 0.034199297188755015 0.16629016064257027 0.03200301204819277 0.16660391566265056 0.028865461847389553 0.16660391566265056 0.0251004016064257 0.16597640562248994 0.021335341365461846 0.165035140562249 0.016629016064257027 0.16283885542168672
1 0.09255773092369476 0.05710341365461847 0.08942018072289155 0.051455823293172685 0.08659638554216867 0.048318273092369475 0.08471385542168673 0.046121987951807226 0.0825175702811245 0.043298192771084335 0.08094879518072289 0.041101907630522086 0.0796937751004016 0.038278112449799194 0.078125 0.0354543172690763 0.07749748995983935 0.03263052208835341 0.07624246987951806 0.029179216867469878 0.0753012048192771 0.026355421686746986 0.07404618473895581 0.023531626506024094 0.07279116465863453 0.020394076305220884 0.07122238955823293 0.018511546184738954 0.06839859437751003 0.01568775100401606 0.06682981927710843 0.011295180722891566 0.06714357429718874 0.00972640562248996 0.06902610441767068 0.00784387550200803 0.0709086345381526 0.005647590361445783 0.07279116465863453 0.0031375502008032124 0.07561495983935743 0.0 0.11295180722891565 0.0 0.11608935742971886 0.002196285140562249 0.1195406626506024 0.006902610441767068 0.12142319277108432 0.009098895582329316 0.12330572289156624 0.011608935742971886 0.12518825301204817 0.013491465863453815 0.12707078313253012 0.016315261044176705 0.12895331325301204 0.019139056224899597 0.13052208835341364 0.02196285140562249 0.13209086345381524 0.02478664658634538 0.1330321285140562 0.026669176706827304 0.1339733935742972 0.029492971887550196 0.1352284136546185 0.03325803212851405 0.13616967871485944 0.03670933734939759 0.1371109437751004 0.0398468875502008 0.13773845381526104 0.043298192771084335 0.13805220883534136 0.04674949799196786 0.13805220883534136 0.04894578313253011 0.13805220883534136 0.05208333333333333 0.13773845381526104 0.05490712851405622 0.1371109437751004 0.058358433734939756 0.13679718875502006 0.06086847389558233 0.1358559236947791 0.06306475903614457 0.13491465863453814 0.0649472891566265 0.13365963855421686 0.06745732931726907 0.13146335341365462 0.07059487951807228 0.1283258032128514 0.07279116465863453 0.12456074297188754 0.07404618473895581 0.11922690763052209 0.07404618473895581 0.11420682730923694 0.07341867469879518 0.11044176706827309 0.07216365461847389 0.10699046184738956 0.07059487951807228 0.1032254016064257 0.06871234939759036 0.10071536144578312 0.06682981927710843 0.0988328313253012 0.06557479919678715 0.09663654618473895 0.06275100401606425 0.0944402610441767 0.059927208835341354
1 0.20174447791164657 0.04925953815261044 0.19452811244979917 0.044239457831325296 0.19264558232931725 0.04267068273092369 0.190449297188755 0.0398468875502008 0.18825301204819275 0.03765060240963855 0.18574297188755018 0.03482680722891566 0.18386044176706826 0.03263052208835341 0.181664156626506 0.028865461847389553 0.1804091365461847 0.025414156626506024 0.17978162650602408 0.021649096385542167 0.17915411646586346 0.018511546184738954 0.17852660642570278 0.014746485943775098 0.17821285140562246 0.011295180722891566 0.17821285140562246 0.008157630522088353 0.17789909638554216 0.00502008032128514 0.17789909638554216 0.00251004016064257 0.17758534136546184 0.0 0.2227660642570281 0.00031375502008032123 0.22621736947791163 0.004706325301204819 0.22778614457831325 0.00784387550200803 0.22935491967871482 0.010981425702811244 0.23060993975903613 0.013491465863453815 0.2315512048192771 0.016001506024096383 0.23280622489959837 0.018825301204819275 0.23374748995983935 0.02196285140562249 0.23437499999999997 0.024472891566265056 0.23531626506024095 0.028865461847389553 0.2362575301204819 0.03231676706827309 0.23688504016064255 0.03482680722891566 0.2375125502008032 0.03702309236947791 0.2378263052208835 0.04016064257028112 0.2378263052208835 0.042984437751004016 0.23657128514056225 0.04674949799196786 0.23500251004016062 0.04988704819277108 0.23249246987951805 0.05176957831325301 0.22935491967871482 0.05396586345381526 0.22402108433734938 0.05427961847389558 0.21931475903614456 0.054593373493975896 0.21586345381526104 0.05427961847389558 0.2127259036144578 0.05427961847389558 0.21021586345381524 0.05333835341365461 0.20456827309236944 0.051455823293172685
1 0.32661897590361444 0.07341867469879518 0.3168925702811245 0.06745732931726907 0.31501004016064255 0.06526104417670682 0.3128137550200803 0.06369226907630522 0.3112449799196787 0.06180973895582329 0.3093624497991968 0.05929969879518072 0.30747991967871485 0.056475903614457826 0.30559738955823296 0.05396586345381526 0.30340110441767065 0.05082831325301205 0.30277359437751 0.04925953815261044 0.3024598393574297 0.04737700803212851 0.301832329317269 0.04267068273092369 0.301832329317269 0.03953313253012048 0.30214608433734935 0.036081827309236945 0.3040286144578313 0.03231676706827309 0.30622489959839355 0.029492971887550196 0.3084211847389558 0.02698293172690763 0.31061746987951805 0.02478664658634538 0.31218624497991965 0.024159136546184738 0.3159513052208835 0.023217871485943772 0.32065763052208834 0.023217871485943772 0.32567771084337344 0.023845381526104416 0.3278739959839357 0.024472891566265056 0.33069779116465864 0.026041666666666664 0.3335215863453815 0.026669176706827304 0.33728664658634533 0.028237951807228913 0.3394829317269076 0.028865461847389553 0.34136546184738953 0.02980672690763052 0.344816767068273 0.03137550200803212 0.347640562248996 0.032944277108433735 0.35109186746987947 0.035140562248995984 0.3542294176706827 0.03796435742971887 0.35673945783132527 0.041101907630522086 0.35862198795180716 0.044239457831325296 0.3598770080321285 0.04769076305220883 0.3608182730923694 0.05082831325301205 0.3614457831325301 0.053652108433734934 0.3617595381526104 0.056475903614457826 0.36207329317269077 0.06024096385542168 0.3617595381526104 0.06526104417670682 0.3614457831325301 0.06933985943775099 0.3605045180722891 0.07247740963855422 0.35862198795180716 0.0753012048192771 0.35673945783132527 0.07749748995983935 0.354543172690763 0.07906626506024096 0.3529743975903614 0.08000753012048192 0.3504643574297189 0.08063504016064256 0.3479543172690763 0.08094879518072289 0.3441892570281124 0.08094879518072289 0.34073795180722893 0.08094879518072289 0.337914156626506 0.08032128514056223 0.3344628514056225 0.07843875502008031 0.33258032128514053 0.07686997991967871 0.32975652610441764 0.07498744979919678
1 0.5227158634538153 0.09569528112449799 0.5176957831325301 0.09349899598393573 0.5123619477911646 0.08816516064257027 0.509851907630522 0.08628263052208834 0.5076556224899598 0.08440010040160642 0.5051455823293173 0.08220381526104417 0.5032630522088353 0.07749748995983935 0.5035768072289156 0.07279116465863453 0.5054593373493975 0.06871234939759036 0.5079693775100401 0.06526104417670682 0.510793172690763 0.0621234939759036 0.5133032128514056 0.05961345381526104 0.5154994979919678 0.057417168674698794 0.5180095381526104 0.05553463855421686 0.5202058232931727 0.05396586345381526 0.5224021084337349 0.0530245983935743 0.52742218875502 0.05239708835341365 0.5311872489959839 0.05239708835341365 0.535266064257028 0.05271084337349397 0.539031124497992 0.0530245983935743 0.5418549196787148 0.0530245983935743 0.544992469879518 0.05333835341365461 0.5490712851405621 0.05396586345381526 0.5525225903614458 0.054593373493975896 0.5559738955823293 0.05553463855421686 0.5591114457831325 0.05616214859437751 0.5619352409638554 0.056475903614457826 0.5675828313253012 0.05804467871485943 0.570406626506024 0.06086847389558233 0.5726029116465863 0.06369226907630522 0.5760542168674699 0.06808483935742972 0.5776229919678715 0.07122238955823293 0.5779367469879517 0.07310491967871485 0.5785642570281124 0.07781124497991967 0.5782505020080321 0.08189006024096385 0.5769954819277108 0.08502761044176706 0.5754267068273092 0.08753765060240963 0.5738579317269076 0.08942018072289155 0.5713478915662651 0.09318524096385541 0.5691516064257027 0.09632279116465862 0.5669553212851405 0.09789156626506022 0.5641315261044176 0.09946034136546184 0.5613077309236947 0.09977409638554216 0.5578564257028111 0.10071536144578312 0.5544051204819277 0.10102911646586345 0.5512675702811245 0.10102911646586345 0.5465612449799196 0.10134287148594376 0.5434236947791165 0.10134287148594376 0.5396586345381525 0.10134287148594376 0.5362073293172691 0.10102911646586345 0.5318147590361445 0.10008785140562249 0.5286772088353413 0.0988328313253012 0.5255396586345381 0.09757781124497991
1 0.5591114457831325 0.01725652610441767 0.5531501004016064 0.010667670682730923 0.5515813253012049 0.00972640562248996 0.5493850401606425 0.008157630522088353 0.546875 0.005647590361445783 0.544051204819277 0.0031375502008032124 0.5437374497991968 0.0009412650602409637 0.598644578313253 0.00031375502008032123 0.597703313253012 0.005333835341365461 0.5964482931726907 0.008785140562248996 0.5951932730923695 0.011608935742971886 0.5936244979919678 0.015373995983935742 0.5929969879518071 0.01725652610441767 0.5917419678714858 0.01945281124497992 0.5895456827309237 0.022276606425702807 0.5873493975903614 0.024159136546184738 0.5842118473895581 0.025727911646586343 0.580133032128514 0.027296686746987948 0.5773092369477911 0.027610441767068273 0.5716616465863453 0.026669176706827304 0.5678965863453815 0.025414156626506024 0.5650727911646586 0.024159136546184738 0.562562751004016 0.021649096385542167
1 0.8289407630522088 0.0018825301204819275 0.8308232931726907 0.008471385542168674 0.8317645582329316 0.010353915662650601 0.8323920682730923 0.01255020080321285 0.8333333333333333 0.01568775100401606 0.8339608433734939 0.018511546184738954 0.8345883534136546 0.021335341365461846 0.8352158634538152 0.023845381526104416 0.8361571285140562 0.026355421686746986 0.8361571285140562 0.029492971887550196 0.8358433734939759 0.03168925702811245 0.8352158634538152 0.0338855421686747 0.8339608433734939 0.03670933734939759 0.833019578313253 0.0398468875502008 0.8327058232931727 0.04267068273092369 0.8323920682730923 0.04549447791164658 0.8314508032128514 0.048318273092369475 0.8305095381526103 0.051455823293172685 0.8292545180722891 0.05427961847389558 0.8276857429718875 0.055220883534136546 0.825175702811245 0.056789658634538144 0.8226656626506023 0.057730923694779106 0.8182730923694778 0.05898594377510039 0.8141942771084337 0.05929969879518072 0.8091741967871485 0.05804467871485943 0.8063504016064257 0.05616214859437751 0.8035266064257027 0.05396586345381526 0.8007028112449799 0.050514558232931724 0.7975652610441767 0.046435742971887545 0.7944277108433735 0.04361194779116465 0.7912901606425702 0.04047439759036144 0.7884663654618473 0.03859186746987951 0.7853288152610441 0.03576807228915662 0.7837600401606425 0.03168925702811245 0.7840737951807228 0.02698293172690763 0.7847013052208834 0.020707831325301202 0.7853288152610441 0.016001506024096383 0.7859563253012047 0.011608935742971886 0.7868975903614458 0.008785140562248996 0.788152610441767 0.00502008032128514 0.7890938755020079 0.00251004016064257 0.7912901606425702 0.0
1 0.9036144578313252 0.010353915662650601 0.8970256024096385 0.016629016064257027 0.8942018072289156 0.018197791164658632 0.8910642570281124 0.020394076305220884 0.8879267068273092 0.02196285140562249 0.8860441767068272 0.023217871485943772 0.8825928714859437 0.02478664658634538 0.8803965863453815 0.026355421686746986 0.8766315261044176 0.027296686746987948 0.8747489959839356 0.02792419678714859 0.8712976907630522 0.028865461847389553 0.8687876506024096 0.028865461847389553 0.8656501004016063 0.028865461847389553 0.8609437751004015 0.02698293172690763 0.8568649598393574 0.024159136546184738 0.854668674698795 0.021021586345381524 0.8527861445783133 0.017570281124497992 0.851531124497992 0.013805220883534136 0.8505898594377509 0.01004016064257028 0.8509036144578312 0.005961345381526104 0.8518448795180722 0.0018825301204819275 0.8530998995983935 0.0 0.9098895582329316 0.00031375502008032123 0.9080070281124498 0.004392570281124498 0.9064382530120482 0.007216365461847388
1 0.953187751004016 0.09820532128514056 0.9487951807228915 0.09632279116465862 0.9450301204819276 0.09287148594377509 0.9422063253012047 0.09067520080321284 0.9396962851405621 0.08785140562248996 0.9365587349397589 0.0840863453815261 0.934676204819277 0.08000753012048192 0.9334211847389557 0.07655622489959839 0.9321661646586344 0.07247740963855422 0.9315386546184737 0.06871234939759036 0.9315386546184737 0.06588855421686747 0.9321661646586344 0.06306475903614457 0.9340486947791165 0.05929969879518072 0.9365587349397589 0.05584839357429718 0.9393825301204818 0.0530245983935743 0.9418925702811244 0.0502008032128514 0.944402610441767 0.04737700803212851 0.9456576305220883 0.04549447791164658 0.9475401606425702 0.043298192771084335 0.9497364457831324 0.04016064257028112 0.9516189759036143 0.03733684738955823 0.953187751004016 0.035140562248995984 0.959149096385542 0.028551706827309235 0.9607178714859437 0.02698293172690763 0.9626004016064257 0.025414156626506024 0.9651104417670682 0.02478664658634538 0.9701305220883534 0.024472891566265056 0.9745230923694778 0.024472891566265056 0.9779743975903614 0.024472891566265056 0.9811119477911646 0.024472891566265056 0.9851907630522088 0.02478664658634538 0.987387048192771 0.025414156626506024 0.9908383534136544 0.02698293172690763 0.9933483935742972 0.028551706827309235 0.9949171686746987 0.03012048192771084 0.9964859437751004 0.03200301204819277 0.9977409638554217 0.03482680722891566 0.9986822289156625 0.03702309236947791 0.9989583333333333 0.04116465863453971 0.9989583333333333 0.04486696787148594 0.9980547188755019 0.059927208835341354 0.9964859437751004 0.0633785140562249 0.9955446787148593 0.06588855421686747 0.994289658634538 0.06902610441767068 0.9924071285140561 0.07153614457831324 0.9908383534136544 0.07404618473895581 0.9886420682730923 0.07749748995983935 0.98644578313253 0.08032128514056223 0.9839357429718875 0.0825175702811245 0.9823669678714858 0.0840863453815261 0.9804844377510039 0.08596887550200803 0.9789156626506023 0.08753765060240963 0.9767193775100401 0.08942018072289155 0.9735818273092369 0.09224397590361445 0.9701305220883534 0.09506777108433734 0.9669929718875501 0.09757781124497991 0.9644829317269076 0.09851907630522087 0.961031626506024 0.09946034136546184 0.9569528112449799 0.09946034136546184
1 0.7909764056224898 0.16785893574297187 0.7890938755020079 0.16158383534136547 0.7890938755020079 0.15844628514056225 0.7890938755020079 0.15405371485943772 0.7894076305220883 0.1506024096385542 0.7919176706827308 0.1458960843373494 0.7944277108433735 0.1421310240963855 0.7975652610441767 0.13962098393574296 0.8038403614457831 0.1374246987951807 0.8104292168674697 0.13616967871485944 0.8151355421686746 0.13491465863453814 0.8182730923694778 0.1342871485943775 0.822351907630522 0.13365963855421686 0.8273719879518071 0.1333458835341365 0.8336470883534136 0.13365963855421686 0.83992218875502 0.1342871485943775 0.845883534136546 0.1352284136546185 0.8509036144578312 0.1374246987951807 0.856551204819277 0.14150351405622488 0.8593749999999999 0.1433860441767068 0.8634538152610441 0.14558232931726905 0.8665913654618473 0.147464859437751 0.8703564257028111 0.15028865461847388 0.874121485943775 0.15405371485943772 0.8766315261044176 0.15687751004016062 0.8791415662650601 0.16064257028112447 0.8819653614457831 0.16534889558232932 0.8835341365461847 0.16911395582329317 0.8857304216867469 0.1757028112449799 0.8854166666666665 0.1788403614457831 0.8844754016064257 0.18354668674698793 0.8832203815261044 0.18762550200803213 0.8822791164658633 0.18950803212851405 0.8797690763052208 0.1917043172690763 0.8766315261044176 0.1932730923694779 0.8734939759036143 0.1948418674698795 0.8703564257028111 0.19578313253012045 0.8684738955823292 0.19578313253012045 0.8596887550200802 0.19672439759036145 0.8540411646586344 0.19672439759036145 0.8461972891566264 0.19703815261044175 0.8377259036144579 0.19641064257028112 0.8327058232931727 0.19546937751004015 0.8292545180722891 0.19452811244979917 0.825175702811245 0.19295933734939757 0.8210968875502007 0.19107680722891565 0.8163905622489959 0.18950803212851405 0.8123117469879517 0.18825301204819275 0.8088604417670682 0.18699799196787145 0.8054091365461847 0.18511546184738953 0.8019578313253012 0.18260542168674698 0.7981927710843373 0.1788403614457831 0.795055220883534 0.17601656626506024
1 0.7263428714859437 0.15122991967871485 0.7235190763052208 0.14401355421686748 0.7225778112449799 0.14150351405622488 0.7225778112449799 0.13899347389558234 0.7225778112449799 0.13679718875502006 0.7225778112449799 0.13365963855421686 0.7225778112449799 0.13146335341365462 0.7232053212851405 0.12863955823293172 0.7238328313253012 0.12644327309236947 0.7241465863453815 0.12456074297188754 0.724774096385542 0.12205070281124497 0.7254016064257027 0.11985441767068271 0.7260291164658634 0.11734437751004016 0.726656626506024 0.1151480923694779 0.7279116465863453 0.11295180722891565 0.7301079317269076 0.1107555220883534 0.7332454819277108 0.10918674698795179 0.7366967871485943 0.10855923694779115 0.7414031124497991 0.10887299196787148 0.7454819277108433 0.11012801204819275 0.7479919678714858 0.11138303212851405 0.7517570281124498 0.11326556224899598 0.753953313253012 0.11483433734939759 0.7555220883534136 0.11640311244979919 0.7570908634538152 0.11859939759036144 0.7583458835341365 0.12110943775100401 0.7596009036144579 0.1242469879518072 0.7608559236947791 0.1267570281124498 0.7621109437751004 0.12926706827309237 0.7627384538152611 0.13177710843373494 0.7636797188755019 0.1346009036144578 0.7639934738955823 0.1371109437751004 0.7643072289156626 0.13930722891566263 0.7643072289156626 0.14150351405622488 0.7639934738955823 0.1446410642570281 0.7636797188755019 0.147464859437751 0.7627384538152611 0.15028865461847388 0.76179718875502 0.15311244979919678 0.7602284136546184 0.15719126506024095 0.7586596385542168 0.16064257028112447 0.7577183734939759 0.16252510040160642 0.7567771084337348 0.165035140562249 0.7555220883534136 0.16785893574297187 0.7542670682730923 0.16942771084337346 0.7520707831325301 0.1709964859437751 0.7489332329317269 0.17131024096385541 0.7448544176706826 0.17131024096385541 0.7410893574297188 0.16848644578313252 0.738265562248996 0.16597640562248994 0.7345005020080321 0.1622113453815261 0.7319904618473896 0.16001506024096385 0.7297941767068272 0.15750502008032127 0.7282254016064257 0.1549949799196787
1 0.6331576305220883 0.15813253012048192 0.625941265060241 0.15311244979919678 0.6243724899598393 0.1509161646586345 0.622176204819277 0.14871987951807228 0.6206074297188754 0.14683734939759036 0.6190386546184737 0.14275853413654618 0.6180973895582329 0.13836596385542166 0.6180973895582329 0.13365963855421686 0.6190386546184737 0.1283258032128514 0.6212349397590361 0.1239332329317269 0.6234312248995983 0.12048192771084336 0.6262550200803213 0.11828564257028112 0.6281375502008031 0.11734437751004016 0.631902610441767 0.11703062248995982 0.6375502008032128 0.11734437751004016 0.639746485943775 0.11734437751004016 0.6441390562248995 0.11765813253012047 0.6472766064257027 0.11828564257028112 0.6513554216867469 0.11891315261044175 0.6541792168674697 0.11985441767068271 0.658258032128514 0.12110943775100401 0.6613955823293173 0.12236445783132528 0.6642193775100401 0.1242469879518072 0.6667294176706826 0.12581576305220882 0.668925702811245 0.12707078313253012 0.6723770080321285 0.12895331325301204 0.675828313253012 0.1311495983935743 0.6786521084337348 0.1327183734939759 0.6802208835341365 0.1339733935742972 0.681789658634538 0.1371109437751004 0.6833584337349397 0.14150351405622488 0.6833584337349397 0.14526857429718873 0.6821034136546184 0.14997489959839355 0.6808483935742972 0.15373995983935743 0.6786521084337348 0.15656375502008033 0.674887048192771 0.15907379518072287 0.6701807228915662 0.16127008032128512 0.6673569277108433 0.16252510040160642 0.6635918674698794 0.16315261044176707 0.660140562248996 0.1634663654618474 0.6563755020080321 0.1634663654618474 0.6513554216867469 0.16283885542168672 0.6469628514056224 0.16189759036144577 0.6428840361445782 0.1609563253012048 0.6394327309236947 0.16001506024096385
1 0.633785140562249 0.23688504016064255 0.6287650602409638 0.23280622489959837 0.6271962851405621 0.23092369477911642 0.6256275100401606 0.2287274096385542 0.6246862449799196 0.2259036144578313 0.625 0.22213855421686743 0.6265687751004017 0.21805973895582328 0.6278237951807228 0.21617720883534136 0.6297063253012047 0.21523594377510039 0.631902610441767 0.21460843373493974 0.6340988955823293 0.21335341365461843 0.6369226907630522 0.2108433734939759 0.639746485943775 0.20833333333333331 0.6425702811244979 0.20582329317269074 0.6460215863453815 0.2033132530120482 0.6491591365461847 0.2020582329317269 0.6522966867469879 0.20143072289156624 0.6560617469879517 0.2008032128514056 0.6595130522088353 0.19986194779116465 0.6626506024096385 0.19892068273092367 0.6654743975903614 0.19829317269076305 0.6695532128514056 0.1976656626506024 0.6739457831325301 0.19735190763052207 0.6773970883534136 0.19672439759036145 0.6808483935742972 0.19609688755020077 0.6912023092369477 0.19672439759036145 0.6949673694779116 0.19672439759036145 0.6993599397590361 0.19672439759036145 0.7031249999999999 0.19735190763052207 0.7053212851405621 0.19892068273092367 0.7081450803212851 0.20143072289156624 0.710027610441767 0.20550953815261044 0.710027610441767 0.20896084337349397 0.710027610441767 0.21178463855421684 0.709086345381526 0.21523594377510039 0.7075175702811245 0.21900100401606426 0.7065763052208834 0.22088353413654618 0.7053212851405621 0.22339357429718873 0.7034387550200802 0.22527610441767065 0.701242469879518 0.2274723895582329 0.6981049196787148 0.2287274096385542 0.6962223895582329 0.22998242971887548 0.6940261044176705 0.23123744979919678 0.6912023092369477 0.23249246987951805 0.6886922690763052 0.2331199799196787 0.6852409638554217 0.23406124497991965 0.6802208835341365 0.23500251004016062 0.6761420682730923 0.23563002008032127 0.6723770080321285 0.23688504016064255 0.6686119477911646 0.2378263052208835 0.6645331325301205 0.2390813253012048 0.6610818273092369 0.2403363453815261 0.6566892570281124 0.24127761044176704 0.6513554216867469 0.24127761044176704 0.6494728915662651 0.24127761044176704 0.6450803212851405 0.24002259036144577 0.6400602409638554 0.23845381526104417
1 0.6940261044176705 0.3303840361445783 0.6858684738955823 0.329129016064257 0.6839859437751004 0.3285015060240964 0.6792796184738955 0.3259914658634538 0.6755145582329317 0.32410893574297184 0.6714357429718875 0.32128514056224894 0.6682981927710843 0.3175200803212851 0.6664156626506023 0.31312751004016065 0.6654743975903614 0.30904869477911645 0.666101907630522 0.3052836345381526 0.6673569277108433 0.30308734939759036 0.6686119477911646 0.30026355421686746 0.6698669678714858 0.2977535140562249 0.6711219879518071 0.2952434738955823 0.6730045180722891 0.2927334337349397 0.6745732931726907 0.29053714859437746 0.676769578313253 0.28865461847389556 0.6786521084337348 0.28739959839357426 0.6814759036144579 0.2864583333333333 0.6905747991967871 0.2833207831325301 0.692457329317269 0.28269327309236947 0.7046937751004015 0.27861445783132527 0.7081450803212851 0.2776731927710843 0.7134789156626505 0.2767319277108433 0.7175577309236947 0.276418172690763 0.7213227911646586 0.2761044176706827 0.7244603413654619 0.2761044176706827 0.7282254016064257 0.27704568273092367 0.7301079317269076 0.2783007028112449 0.7326179718875501 0.28049698795180716 0.7341867469879517 0.28269327309236947 0.7357555220883534 0.28583082329317266 0.7373242971887549 0.2883408634538152 0.7401480923694778 0.2908509036144578 0.7420306224899598 0.2927334337349397 0.7432856425702811 0.29461596385542166 0.7439131526104418 0.29712600401606426 0.744226907630522 0.3008910642570281 0.7439131526104418 0.3040286144578313 0.7429718875502007 0.30747991967871485 0.7420306224899598 0.3103037148594377 0.7404618473895581 0.3125 0.738265562248996 0.31501004016064255 0.7357555220883534 0.31783383534136544 0.7338729919678714 0.3200301204819277 0.7313629518072289 0.3219126506024096 0.7288529116465863 0.32410893574297184 0.7269703815261044 0.32567771084337344 0.7244603413654619 0.3275602409638554 0.7216365461847388 0.329129016064257 0.7184989959839356 0.33069779116465864 0.7159889558232931 0.3316390562248996 0.7128514056224898 0.3328940763052209 0.7109688755020079 0.3335215863453815 0.7062625502008031 0.33383534136546184 0.704066265060241 0.33383534136546184 0.700301204819277 0.33258032128514053
1 0.580133032128514 0.3717996987951807 0.5735441767068272 0.36803463855421686 0.5716616465863453 0.36615210843373486 0.568524096385542 0.3617595381526104 0.5675828313253012 0.35862198795180716 0.5669553212851405 0.3529743975903614 0.5672690763052208 0.34858182730923687 0.5688378514056224 0.3441892570281124 0.570406626506024 0.3416792168674698 0.5719754016064257 0.3388554216867469 0.5738579317269076 0.33665913654618473 0.5760542168674699 0.3344628514056225 0.5782505020080321 0.3328940763052209 0.5810742971887549 0.3316390562248996 0.5842118473895581 0.33069779116465864 0.5864081325301205 0.330070281124498 0.590800702811245 0.3288152610441767 0.5936244979919678 0.32818775100401604 0.5961345381526103 0.32724648594377503 0.598644578313253 0.32661897590361444 0.6020958835341366 0.3259914658634538 0.6061746987951807 0.32567771084337344 0.6093122489959839 0.32567771084337344 0.6130773092369477 0.32630522088353414 0.6165286144578312 0.3275602409638554 0.6196661646586344 0.3285015060240964 0.6240587349397589 0.32975652610441764 0.6262550200803213 0.3303840361445783 0.6315888554216866 0.33132530120481923 0.6353539156626505 0.33258032128514053 0.6378639558232931 0.3344628514056225 0.6400602409638554 0.3376004016064257 0.6413152610441767 0.34136546184738953 0.641629016064257 0.3451305220883534 0.641629016064257 0.3482680722891566 0.640687751004016 0.3517193775100401 0.6394327309236947 0.3561119477911647 0.6378639558232931 0.3601907630522088 0.6356676706827309 0.36395582329317266 0.6334713855421686 0.36677961847389556 0.6303338353413654 0.3689759036144578 0.6275100401606425 0.3708584337349397 0.623117469879518 0.3717996987951807 0.6202936746987951 0.37274096385542166 0.6162148594377509 0.3733684738955823 0.6108810240963856 0.3739959839357429 0.6074297188755019 0.37462349397590355 0.6046059236947791 0.37525100401606426 0.6017821285140562 0.3765060240963855 0.5989583333333334 0.3768197791164658 0.5951932730923695 0.3768197791164658 0.590800702811245 0.3758785140562249 0.5873493975903614 0.37525100401606426 0.5838980923694778 0.37430973895582326
1 0.8342745983935742 0.3589357429718875 0.8305095381526103 0.3514056224899598 0.8295682730923695 0.347640562248996 0.8286270080321284 0.3435617469879518 0.8276857429718875 0.3385416666666667 0.8267444779116465 0.3344628514056225 0.8267444779116465 0.3303840361445783 0.8270582329317268 0.32630522088353414 0.8283132530120482 0.3228539156626506 0.8308232931726907 0.3187751004016064 0.8323920682730923 0.3159513052208835 0.8352158634538152 0.3125 0.8402359437751004 0.3093624497991968 0.8424322289156625 0.3087349397590361 0.8452560240963856 0.30779367469879515 0.8483935742971888 0.30747991967871485 0.8524723895582329 0.30747991967871485 0.8556099397590361 0.30810742971887545 0.8593749999999999 0.30967620481927705 0.8637675702811245 0.311558734939759 0.8684738955823292 0.31469628514056225 0.8719252008032128 0.31814759036144574 0.8744352409638554 0.32065763052208834 0.8766315261044176 0.32316767068273095 0.8788278112449799 0.3269327309236948 0.8807103413654617 0.3310115461847389 0.8822791164658633 0.3344628514056225 0.8832203815261044 0.3376004016064257 0.8851029116465863 0.3419929718875502 0.8860441767068272 0.346699297188755 0.8866716867469879 0.3504643574297189 0.8872991967871485 0.35391566265060237 0.8869854417670682 0.35705321285140557 0.8854166666666665 0.3598770080321285 0.8832203815261044 0.36395582329317266 0.8816516064257027 0.36834839357429716 0.8807103413654617 0.3708584337349397 0.8794553212851405 0.3749372489959839 0.8782003012048192 0.3768197791164658 0.876004016064257 0.37870230923694775 0.8738077309236947 0.37964357429718876 0.8684738955823292 0.37964357429718876 0.8647088353413654 0.3790160642570281 0.8631400602409638 0.3783885542168674 0.8596887550200802 0.3768197791164658 0.856551204819277 0.37556475903614456 0.8521586345381525 0.3739959839357429 0.8493348393574297 0.372113453815261 0.8455697791164657 0.36960341365461846 0.8414909638554217 0.36615210843373486 0.8377259036144579 0.3630145582329317
1 0.9371862449799196 0.2742218875502008 0.9299698795180722 0.2688880522088353 0.9274598393574297 0.2660642570281124 0.9246360441767068 0.2622991967871486 0.9224397590361445 0.259789156626506 0.9202434738955823 0.25602409638554213 0.918988453815261 0.25163152610441764 0.9183609437751004 0.24755271084337346 0.91804718875502 0.24316014056224897 0.91804718875502 0.23970883534136542 0.9193022088353413 0.23563002008032127 0.9214984939759036 0.2315512048192771 0.924008534136546 0.22809989959839355 0.92777359437751 0.22496234939759036 0.9312248995983935 0.2227660642570281 0.9340486947791165 0.22182479919678713 0.9393825301204818 0.22119728915662648 0.9434613453815259 0.2215110441767068 0.946285140562249 0.22245230923694775 0.9494226907630522 0.22307981927710843 0.9528739959839356 0.2243348393574297 0.9560115461847388 0.22558985943775098 0.9594628514056224 0.22684487951807228 0.9632279116465863 0.2287274096385542 0.9660517068273092 0.23123744979919678 0.9695030120481927 0.23374748995983935 0.9738955823293173 0.23688504016064255 0.9770331325301204 0.2403363453815261 0.9789156626506023 0.24284638554216864 0.9817394578313252 0.2462976907630522 0.9839357429718875 0.2497489959839357 0.9858182730923695 0.25288654618473894 0.987387048192771 0.25571034136546184 0.988328313253012 0.25884789156626503 0.9886420682730923 0.2641817269076305 0.9886420682730923 0.268574297188755 0.9877008032128514 0.2720256024096385 0.9855045180722891 0.2751631526104417 0.9820532128514056 0.27955572289156627 0.9789156626506023 0.28269327309236947 0.9764056224899598 0.28551706827309237 0.9748368473895581 0.2867720883534136 0.9723268072289156 0.28802710843373497 0.967934236947791 0.28802710843373497 0.9638554216867469 0.2877133534136546 0.9604041164658633 0.2864583333333333 0.9578940763052208 0.2848895582329317 0.9547565261044176 0.2833207831325301 0.9516189759036143 0.2817520080321285 0.946285140562249 0.27892821285140557
1 0.9898970883534136 0.36677961847389556 0.9839357429718875 0.36709337349397586 0.9820532128514056 0.36677961847389556 0.9782881526104418 0.36521084337349397 0.9754643574297188 0.362387048192771 0.9735818273092369 0.3608182730923694 0.9723268072289156 0.3592494979919678 0.9716992971887549 0.3576807228915662 0.9713855421686746 0.3529743975903614 0.9713855421686746 0.34230672690763053 0.9732680722891566 0.3350903614457831 0.9742093373493975 0.33226656626506024 0.9757781124497991 0.3294427710843373 0.9776606425702811 0.32724648594377503 0.9801706827309236 0.32567771084337344 0.9829944779116465 0.32379518072289154 0.9861320281124498 0.3219126506024096 0.9911521084337348 0.31971636546184734 0.9949171686746987 0.31783383534136544 0.9977409638554217 0.3159513052208835 0.9989583333333333 0.31546435742971884 0.9989583333333333 0.31501004016064255 0.9989583333333333 0.3658383534136546 0.994289658634538 0.36615210843373486
1 0.5597389558232931 0.4731425702811245 0.5572289156626505 0.46843624497991965 0.5569151606425702 0.46529869477911645 0.5559738955823293 0.46247489959839355 0.553777610441767 0.45431726907630515 0.5540913654618473 0.4518072289156626 0.5544051204819277 0.450238453815261 0.5544051204819277 0.44772841365461846 0.5540913654618473 0.44521837349397586 0.553777610441767 0.44239457831325296 0.555660140562249 0.43925702811244977 0.5591114457831325 0.43768825301204817 0.5622489959839357 0.4358057228915662 0.5653865461847389 0.4345507028112449 0.5682103413654619 0.4329819277108433 0.5707203815261044 0.43078564257028107 0.5738579317269076 0.4289031124497991 0.5773092369477911 0.4285893574297189 0.5798192771084337 0.4295306224899598 0.582015562248996 0.4301581325301205 0.5851531124497992 0.4310993975903614 0.588918172690763 0.4323544176706827 0.5929969879518071 0.4329819277108433 0.5964482931726907 0.43360943775100397 0.5989583333333334 0.4345507028112449 0.6027233935742972 0.4354919678714859 0.6052334337349397 0.43611947791164657 0.6080572289156626 0.4373744979919678 0.6111947791164659 0.4386295180722891 0.6137048192771084 0.4398845381526104 0.6159011044176705 0.441453313253012 0.6184111445783133 0.4439633534136546 0.6206074297188754 0.4474146586345381 0.6224899598393574 0.45117971887550196 0.6237449799196786 0.4546310240963855 0.6243724899598393 0.45870983935742965 0.6246862449799196 0.4634161646586345 0.625 0.4665537148594377 0.6243724899598393 0.4709462851405622 0.6234312248995983 0.47533885542168675 0.622176204819277 0.47722138554216864 0.6199799196787148 0.48004518072289154 0.6174698795180722 0.48192771084337344 0.6146460843373494 0.4838102409638554 0.6121360441767068 0.485379016064257 0.6086847389558232 0.48632028112449793 0.6052334337349397 0.48694779116465864 0.6027233935742972 0.4872615461847389 0.5980170682730923 0.4872615461847389 0.5920557228915662 0.48694779116465864 0.5860943775100401 0.4856927710843373 0.580133032128514 0.48443775100401604 0.5732304216867469 0.4822414658634538 0.5688378514056224 0.48035893574297184 0.5653865461847389 0.47847640562248994 0.5619352409638554 0.47596636546184734
1 0.6604543172690762 0.5139307228915662 0.6560617469879517 0.5092243975903614 0.6551204819277108 0.5067143574297188 0.6538654618473896 0.5038905622489959 0.6526104417670683 0.5013805220883534 0.6516691767068272 0.49761546184738953 0.6513554216867469 0.49479166666666663 0.6507279116465863 0.4885165662650602 0.6507279116465863 0.4825552208835341 0.6510416666666666 0.48035893574297184 0.6519829317269076 0.47690763052208834 0.6526104417670683 0.4737700803212851 0.6532379518072289 0.47126004016064255 0.6538654618473896 0.4681224899598393 0.6548067269076304 0.46529869477911645 0.6560617469879517 0.4621611445783132 0.6570030120481928 0.45996485943775095 0.658258032128514 0.4574548192771084 0.6595130522088353 0.4555722891566265 0.6613955823293173 0.45243473895582326 0.6635918674698794 0.45086596385542166 0.666101907630522 0.44961094377510036 0.6695532128514056 0.44835592369477906 0.6742595381526103 0.44772841365461846 0.6780245983935742 0.44804216867469876 0.6808483935742972 0.4486696787148594 0.6827309236947791 0.44961094377510036 0.6842996987951807 0.4514934738955823 0.6849272088353413 0.45368975903614456 0.6861822289156626 0.45714106425702805 0.6877510040160643 0.46121987951807225 0.6883785140562249 0.4640436746987951 0.689633534136546 0.4665537148594377 0.6905747991967871 0.4690637550200803 0.6918298192771084 0.4715737951807229 0.692457329317269 0.4737700803212851 0.6930848393574297 0.47753514056224894 0.69339859437751 0.4850652610441767 0.6921435742971888 0.49353664658634533 0.6921435742971888 0.4973017068273092 0.691516064257028 0.4994979919678714 0.6908885542168673 0.502008032128514 0.689633534136546 0.5051455823293173 0.6880647590361445 0.5076556224899598 0.6864959839357428 0.5111069277108433 0.6849272088353413 0.5133032128514056 0.6827309236947791 0.5151857429718876 0.6808483935742972 0.5170682730923695 0.6786521084337348 0.5189508032128514 0.674887048192771 0.5202058232931727 0.6723770080321285 0.5202058232931727 0.6692394578313253 0.519578313253012 0.6667294176706826 0.5183232931726908 0.6642193775100401 0.5167545180722891
1 0.770582329317269 0.5233433734939759 0.7671310240963856 0.5236571285140562 0.7633659638554217 0.5239708835341365 0.7614834337349397 0.5236571285140562 0.759914658634538 0.5214608433734939 0.7583458835341365 0.5192645582329317 0.7574046184738955 0.5161270080321284 0.754894578313253 0.5064006024096385 0.754894578313253 0.502008032128514 0.7555220883534136 0.4998117469879518 0.7567771084337348 0.49761546184738953 0.7577183734939759 0.49479166666666663 0.7583458835341365 0.4913403614457831 0.7583458835341365 0.48788905622489953 0.7589733935742972 0.48475150602409633 0.7602284136546184 0.48192771084337344 0.7624246987951807 0.47941767068273083 0.7643072289156626 0.47753514056224894 0.7665035140562249 0.47596636546184734 0.7690135542168673 0.47439759036144574 0.77152359437751 0.47282881526104414 0.7743473895582329 0.47126004016064255 0.7781124497991967 0.47031877510040154 0.7825050200803213 0.46937751004016065 0.7865838353413654 0.46843624497991965 0.7906626506024096 0.467808734939759 0.7941139558232931 0.4674949799196787 0.7975652610441767 0.4674949799196787 0.7997615461847388 0.4690637550200803 0.8016440763052208 0.4709462851405622 0.8038403614457831 0.4722013052208835 0.8060366465863453 0.4750251004016064 0.8079191767068272 0.4781626506024096 0.8098017068273092 0.4806726907630522 0.8126255020080321 0.48349648594377503 0.814508032128514 0.4866340361445783 0.8154492971887549 0.4897715863453815 0.8160768072289156 0.493222891566265 0.8163905622489959 0.49604668674698793 0.8154492971887549 0.4979292168674698 0.8132530120481928 0.5007530120481927 0.8116842369477911 0.502949297188755 0.8101154618473896 0.5057730923694779 0.8085466867469879 0.5092243975903614 0.8072916666666665 0.510793172690763 0.8054091365461847 0.512675702811245 0.8032128514056224 0.5145582329317269 0.8007028112449799 0.5161270080321284 0.7975652610441767 0.5180095381526104 0.7941139558232931 0.5192645582329317 0.7903488955823292 0.520519578313253 0.7868975903614458 0.5211470883534136 0.7831325301204818 0.5217745983935742 0.7803087349397589 0.5220883534136546 0.7765436746987951 0.5227158634538153
1 0.8025853413654617 0.6049196787148594 0.795996485943775 0.5998995983935742 0.7934864457831324 0.5980170682730923 0.7906626506024096 0.5951932730923695 0.788152610441767 0.5926832329317269 0.7853288152610441 0.5892319277108433 0.7831325301204818 0.5867218875502008 0.7815637550200802 0.5832705823293173 0.7806224899598393 0.5788780120481928 0.7799949799196786 0.5751129518072289 0.7799949799196786 0.5713478915662651 0.7803087349397589 0.5669553212851405 0.7809362449799196 0.5631902610441767 0.782191265060241 0.5587976907630522 0.7847013052208834 0.5553463855421686 0.788152610441767 0.5522088353413654 0.7912901606425702 0.5496987951807228 0.7947414658634538 0.5475025100401606 0.7981927710843373 0.546875 0.8025853413654617 0.5465612449799196 0.8066641566265059 0.5465612449799196 0.8104292168674697 0.5465612449799196 0.8154492971887549 0.5471887550200802 0.8195281124497991 0.5481300200803213 0.8236069277108433 0.5496987951807228 0.8270582329317268 0.5512675702811245 0.8305095381526103 0.5534638554216866 0.8327058232931727 0.5562876506024096 0.8342745983935742 0.5584839357429718 0.8361571285140562 0.5619352409638554 0.838039658634538 0.5657003012048192 0.8396084337349397 0.5688378514056224 0.8411772088353413 0.5726029116465863 0.8424322289156625 0.5769954819277108 0.8436872489959839 0.5804467871485943 0.8440010040160641 0.5845256024096385 0.8446285140562249 0.587976907630522 0.8452560240963856 0.5914282128514056 0.8452560240963856 0.5945657630522088 0.8452560240963856 0.597703313253012 0.8446285140562249 0.6005271084337349 0.8424322289156625 0.6039784136546184 0.8402359437751004 0.6068022088353413 0.8377259036144579 0.6099397590361445 0.8352158634538152 0.611508534136546 0.832078313253012 0.6121360441767068 0.8289407630522088 0.6130773092369477 0.8258032128514056 0.6149598393574297 0.823293172690763 0.6159011044176705 0.8217243975903614 0.6162148594377509 0.8195281124497991 0.6165286144578312 0.8163905622489959 0.6159011044176705 0.8138805220883534 0.6146460843373494 0.8119979919678714 0.613391064257028 0.8094879518072289 0.611508534136546 0.8063504016064257 0.6093122489959839
1 0.6356676706827309 0.6435115461847388 0.6284513052208834 0.6378639558232931 0.6265687751004017 0.6362951807228915 0.6243724899598393 0.6340988955823293 0.622176204819277 0.6322163654618473 0.6199799196787148 0.6306475903614458 0.6187248995983936 0.6284513052208834 0.6180973895582329 0.6253137550200802 0.6177836345381525 0.6215486947791165 0.6174698795180722 0.6184111445783133 0.6168423694779116 0.6140185742971888 0.6165286144578312 0.6102535140562249 0.6165286144578312 0.6068022088353413 0.617156124497992 0.6042921686746987 0.6177836345381525 0.6014683734939759 0.6199799196787148 0.5973895582329317 0.622176204819277 0.5945657630522088 0.6256275100401606 0.5920557228915662 0.6315888554216866 0.589859437751004 0.639746485943775 0.5886044176706826 0.6450803212851405 0.5882906626506024 0.6510416666666666 0.5882906626506024 0.6566892570281124 0.5892319277108433 0.6617093373493976 0.590800702811245 0.667043172690763 0.5926832329317269 0.6711219879518071 0.5955070281124498 0.6752008032128514 0.598644578313253 0.6795933734939759 0.6020958835341366 0.68367218875502 0.6061746987951807 0.6861822289156626 0.6093122489959839 0.6886922690763052 0.6127635542168675 0.6905747991967871 0.6155873493975903 0.692457329317269 0.6190386546184737 0.6940261044176705 0.6228037148594378 0.695281124497992 0.6275100401606425 0.6955948795180722 0.6322163654618473 0.6949673694779116 0.6369226907630522 0.692457329317269 0.640687751004016 0.6899472891566264 0.6447665662650602 0.6874372489959839 0.6475903614457831 0.6846134538152611 0.648531626506024 0.6802208835341365 0.648531626506024 0.6761420682730923 0.6479041164658634 0.6717494979919678 0.6479041164658634 0.6676706827309237 0.6488453815261044 0.6654743975903614 0.6497866465863453 0.6607680722891566 0.6510416666666666 0.6557479919678714 0.6516691767068272 0.6532379518072289 0.6513554216867469 0.6497866465863453 0.6507279116465863 0.6463353413654619 0.6491591365461847 0.6425702811244979 0.6475903614457831
1 0.7495607429718875 0.6792796184738955 0.7404618473895581 0.6733182730923695 0.7388930722891566 0.6717494979919678 0.7373242971887549 0.6704944779116465 0.7345005020080321 0.6679844377510039 0.7323042168674697 0.6654743975903614 0.7307354417670682 0.6632781124497992 0.7291666666666665 0.660140562248996 0.7282254016064257 0.6560617469879517 0.727597891566265 0.6504141566265059 0.7272841365461847 0.6460215863453815 0.7272841365461847 0.6425702811244979 0.7279116465863453 0.640687751004016 0.7288529116465863 0.6384914658634538 0.7404618473895581 0.633785140562249 0.744226907630522 0.6328438755020079 0.7486194779116465 0.631902610441767 0.7505020080321285 0.6315888554216866 0.7542670682730923 0.6322163654618473 0.7570908634538152 0.6334713855421686 0.7608559236947791 0.6347264056224898 0.7643072289156626 0.6362951807228915 0.7668172690763052 0.6375502008032128 0.770582329317269 0.639746485943775 0.7740336345381525 0.6422565261044176 0.7774849397590361 0.6444528112449799 0.7799949799196786 0.646649096385542 0.7828187751004015 0.6488453815261044 0.7856425702811245 0.6516691767068272 0.788152610441767 0.6538654618473896 0.790035140562249 0.6563755020080321 0.7916039156626505 0.6585717871485943 0.7928589357429718 0.6607680722891566 0.7941139558232931 0.6635918674698794 0.7953689759036143 0.666101907630522 0.7975652610441767 0.6708082329317269 0.7985065261044176 0.6736320281124498 0.7991340361445782 0.675828313253012 0.7994477911646586 0.6783383534136546 0.7997615461847388 0.6805346385542168 0.7991340361445782 0.68367218875502 0.7972515060240963 0.6858684738955823 0.7953689759036143 0.6877510040160643 0.7928589357429718 0.6890060240963856 0.7903488955823292 0.689633534136546 0.787211345381526 0.6899472891566264 0.7843875502008031 0.6902610441767068 0.7803087349397589 0.6908885542168673 0.7762299196787148 0.6902610441767068 0.7730923694779116 0.6890060240963856 0.7693273092369477 0.6877510040160643 0.7668172690763052 0.6868097389558232 0.7633659638554217 0.6852409638554217 0.7596009036144579 0.68367218875502 0.7555220883534136 0.6821034136546184
1 0.9365587349397589 0.5512675702811245 0.9337349397590361 0.5424824297188754 0.9337349397590361 0.539031124497992 0.9340486947791165 0.5358935742971888 0.9349899598393574 0.5321285140562249 0.9365587349397589 0.528363453815261 0.9390687751004015 0.5252259036144579 0.9465988955823292 0.5202058232931727 0.9491089357429718 0.518637048192771 0.9528739959839356 0.5173820281124498 0.9563253012048192 0.5164407630522088 0.9607178714859437 0.5161270080321284 0.9644829317269076 0.5158132530120482 0.9691892570281124 0.5154994979919678 0.9738955823293173 0.5154994979919678 0.9782881526104418 0.5158132530120482 0.9811119477911646 0.5164407630522088 0.9833082329317268 0.5176957831325301 0.9851907630522088 0.518637048192771 0.9867595381526103 0.5202058232931727 0.9880145582329316 0.5217745983935742 0.9898970883534136 0.5236571285140562 0.9924071285140561 0.5261671686746987 0.9946034136546184 0.528363453815261 0.9964859437751004 0.5308734939759036 0.9983684738955823 0.533383534136546 0.9989583333333333 0.5351531124497994 0.9989583333333333 0.5399723895582329 0.9989583333333333 0.5424824297188754 0.9989583333333333 0.5456199799196786 0.9989583333333333 0.5490712851405621 0.9983684738955823 0.5525225903614458 0.9964859437751004 0.5559738955823293 0.9939759036144576 0.5600527108433735 0.9908383534136544 0.5638177710843374 0.9870732931726907 0.5669553212851405 0.9829944779116465 0.5691516064257027 0.9786019076305219 0.5707203815261044 0.9742093373493975 0.5713478915662651 0.9688755020080321 0.5713478915662651 0.9635416666666665 0.5713478915662651 0.9600903614457831 0.5713478915662651 0.9563253012048192 0.5710341365461847 0.9528739959839356 0.5697791164658634 0.9497364457831324 0.5682103413654619 0.946285140562249 0.5663278112449799 0.9447163654618473 0.5647590361445782 0.9425200803212851 0.562562751004016 0.9409513052208834 0.5603664658634538 0.9393825301204818 0.5572289156626505
1 0.9011044176706826 0.726656626506024 0.8995356425702811 0.7222640562248995 0.8995356425702811 0.7200677710843373 0.8995356425702811 0.717871485943775 0.8995356425702811 0.7150476907630522 0.9001631526104418 0.7125376506024096 0.901418172690763 0.7094001004016063 0.9036144578313252 0.7046937751004015 0.9064382530120482 0.7006149598393574 0.909262048192771 0.6971636546184737 0.9127133534136546 0.6937123493975903 0.916164658634538 0.6908885542168673 0.9196159638554217 0.6883785140562249 0.9236947791164657 0.6852409638554217 0.9280873493975902 0.6824171686746987 0.9315386546184737 0.6805346385542168 0.9362449799196786 0.6780245983935742 0.938441265060241 0.6773970883534136 0.9415788152610441 0.676769578313253 0.9453438755020079 0.676769578313253 0.9475401606425702 0.6773970883534136 0.9509914658634538 0.6780245983935742 0.953187751004016 0.6786521084337348 0.9569528112449799 0.6795933734939759 0.9604041164658633 0.6808483935742972 0.9635416666666665 0.681789658634538 0.9669929718875501 0.6833584337349397 0.9704442771084337 0.6855547188755019 0.9735818273092369 0.6880647590361445 0.9757781124497991 0.6902610441767068 0.9776606425702811 0.6930848393574297 0.9792294176706826 0.6968498995983936 0.9798569277108433 0.701242469879518 0.9798569277108433 0.7065763052208834 0.9798569277108433 0.7106551204819277 0.9789156626506023 0.7147339357429718 0.9776606425702811 0.717871485943775 0.9748368473895581 0.7232053212851405 0.9723268072289156 0.7269703815261044 0.9701305220883534 0.7297941767068272 0.9669929718875501 0.7316767068273092 0.9600903614457831 0.7335592369477911 0.9547565261044176 0.7338729919678714 0.9519327309236947 0.7345005020080321 0.9481676706827308 0.7379518072289156 0.9459713855421686 0.7395205823293173 0.9425200803212851 0.7414031124497991 0.9403237951807227 0.7420306224899598 0.935617469879518 0.7423443775100401 0.9305973895582329 0.7420306224899598 0.9280873493975902 0.7410893574297188 0.9236947791164657 0.7392068273092369 0.9211847389558232 0.738265562248996 0.9177334337349397 0.7370105421686746 0.9155371485943775 0.7357555220883534 0.9120858433734939 0.7341867469879517 0.9095758032128514 0.7329317269076304 0.9054969879518071 0.7310491967871485
1 0.7589733935742972 0.8054091365461847 0.753012048192771 0.8069779116465863 0.7517570281124498 0.8069779116465863 0.7479919678714858 0.8060366465863453 0.7454819277108433 0.8050953815261044 0.7426581325301205 0.8038403614457831 0.7404618473895581 0.8019578313253012 0.7379518072289156 0.7981927710843373 0.7360692771084337 0.7938002008032128 0.7348142570281124 0.7887801204819277 0.7348142570281124 0.7840737951807228 0.7360692771084337 0.7796812248995982 0.738265562248996 0.7759161646586344 0.7404618473895581 0.7724648594377509 0.7420306224899598 0.769641064257028 0.744226907630522 0.7671310240963856 0.7464231927710843 0.7649347389558232 0.7486194779116465 0.7624246987951807 0.7511295180722891 0.759914658634538 0.7536395582329316 0.7574046184738955 0.7567771084337348 0.7555220883534136 0.7589733935742972 0.753953313253012 0.7608559236947791 0.7523845381526103 0.7633659638554217 0.7501882530120482 0.7652484939759036 0.7489332329317269 0.7690135542168673 0.7483057228915662 0.7737198795180722 0.7479919678714858 0.779367469879518 0.7476782128514056 0.7834462851405621 0.747050702811245 0.7878388554216866 0.747050702811245 0.7928589357429718 0.7476782128514056 0.7975652610441767 0.7489332329317269 0.7994477911646586 0.7501882530120482 0.8019578313253012 0.753012048192771 0.8035266064257027 0.7561495983935742 0.8041541164658633 0.759914658634538 0.8041541164658633 0.7652484939759036 0.802899096385542 0.7699548192771084 0.8016440763052208 0.7740336345381525 0.8003890562248995 0.7768574297188754 0.7988202811244979 0.7799949799196786 0.7963102409638554 0.7831325301204818 0.7934864457831324 0.7859563253012047 0.7906626506024096 0.7890938755020079 0.7884663654618473 0.7916039156626505 0.7850150602409638 0.7944277108433735 0.7803087349397589 0.7975652610441767 0.7759161646586344 0.8007028112449799 0.7712098393574297 0.802899096385542 0.7671310240963856 0.8041541164658633 0.7633659638554217 0.8050953815261044
1 0.8879267068273092 0.8245481927710843 0.8851029116465863 0.8185868473895581 0.8844754016064257 0.8167043172690762 0.8841616465863453 0.8138805220883534 0.883847891566265 0.8098017068273092 0.8844754016064257 0.8072916666666665 0.8863579317269076 0.8054091365461847 0.8885542168674697 0.8032128514056224 0.8907505020080321 0.8007028112449799 0.8923192771084337 0.7991340361445782 0.8948293172690762 0.796937751004016 0.8976531124497991 0.795055220883534 0.9017319277108433 0.7928589357429718 0.9048694779116465 0.7909764056224898 0.9073795180722891 0.7894076305220883 0.911144578313253 0.7862700803212851 0.9142821285140561 0.7843875502008031 0.91804718875502 0.7834462851405621 0.924008534136546 0.7825050200803213 0.9284011044176705 0.782191265060241 0.9331074297188754 0.7825050200803213 0.9390687751004015 0.7837600401606425 0.9440888554216866 0.7850150602409638 0.9487951807228915 0.7868975903614458 0.9525602409638553 0.7894076305220883 0.9550702811244979 0.7919176706827308 0.9569528112449799 0.7947414658634538 0.9578940763052208 0.797879016064257 0.9585215863453815 0.8022715863453815 0.9585215863453815 0.8085466867469879 0.9585215863453815 0.8116842369477911 0.9578940763052208 0.8148217871485942 0.9569528112449799 0.8170180722891566 0.9550702811244979 0.8195281124497991 0.9525602409638553 0.8220381526104418 0.9497364457831324 0.8242344377510039 0.9465988955823292 0.8258032128514056 0.9428338353413654 0.8276857429718875 0.9396962851405621 0.8292545180722891 0.9359312248995982 0.8305095381526103 0.9324799196787148 0.8308232931726907 0.9293423694779116 0.8317645582329316 0.9262048192771084 0.8336470883534136 0.9230672690763052 0.8342745983935742 0.9186746987951807 0.8345883534136546 0.9142821285140561 0.8345883534136546 0.9120858433734939 0.8339608433734939 0.9095758032128514 0.8333333333333333 0.9048694779116465 0.832078313253012 0.9007906626506023 0.831137048192771 0.8970256024096385 0.83019578313253 0.8945155622489959 0.8295682730923695 0.8923192771084337 0.8289407630522088 0.889809236947791 0.8273719879518071
1 0.7564633534136546 0.8863579317269076 0.753953313253012 0.875062751004016 0.7536395582329316 0.8712976907630522 0.7533258032128514 0.8684738955823292 0.7533258032128514 0.8647088353413654 0.7536395582329316 0.8609437751004015 0.7542670682730923 0.8571787148594378 0.7552083333333333 0.8534136546184737 0.7561495983935742 0.8499623493975903 0.7574046184738955 0.8471385542168673 0.7583458835341365 0.8446285140562249 0.759914658634538 0.8421184738955823 0.76179718875502 0.8392946787148594 0.7636797188755019 0.8367846385542168 0.7665035140562249 0.8339608433734939 0.770582329317269 0.8308232931726907 0.7743473895582329 0.8286270080321284 0.7781124497991967 0.8273719879518071 0.782191265060241 0.8264307228915662 0.7856425702811245 0.8264307228915662 0.7890938755020079 0.8264307228915662 0.7925451807228915 0.8264307228915662 0.795996485943775 0.8267444779116465 0.7985065261044176 0.8276857429718875 0.8013303212851405 0.8295682730923695 0.8038403614457831 0.8323920682730923 0.805722891566265 0.8358433734939759 0.8066641566265059 0.8402359437751004 0.8066641566265059 0.8452560240963856 0.8066641566265059 0.8490210843373494 0.8066641566265059 0.8527861445783133 0.8066641566265059 0.8571787148594378 0.8066641566265059 0.8609437751004015 0.8054091365461847 0.8653363453815259 0.8041541164658633 0.8684738955823292 0.8025853413654617 0.8716114457831324 0.8007028112449799 0.8747489959839356 0.7991340361445782 0.8785140562248995 0.7963102409638554 0.882906626506024 0.7947414658634538 0.8860441767068272 0.7928589357429718 0.8894954819277108 0.7906626506024096 0.8938880522088353 0.7887801204819277 0.8973393574297188 0.7862700803212851 0.8992218875502007 0.7847013052208834 0.900476907630522 0.7809362449799196 0.9017319277108433 0.7765436746987951 0.9017319277108433 0.77152359437751 0.9011044176706826 0.7680722891566264 0.8992218875502007 0.7655622489959839 0.8970256024096385 0.7636797188755019 0.8951430722891566 0.7614834337349397 0.8942018072289156 0.7589733935742972 0.8920055220883534
0 0.7871260683760685 0.8550442612942615 0.7844551282051283 0.8634386446886447 0.7829288766788768 0.8668727106227107 0.782165750915751 0.8703067765567767 0.7814026251526252 0.8725961538461539 0.779113247863248 0.8729777167277167 0.7772054334554336 0.8725961538461539 0.7768238705738707 0.8672542735042736 0.7772054334554336 0.862675518925519 0.7775869963369965 0.8580967643467645 0.7779685592185593 0.8546626984126985 0.7783501221001221 0.8512286324786326 0.779113247863248 0.8485576923076924 0.7806394993894995 0.8462683150183151 0.7844551282051283 0.8455051892551892 0.7867445054945056 0.8477945665445666
0 0.6074099511599512 0.895108363858364 0.6005418192918194 0.9084630647130648 0.5982524420024421 0.9115155677655679 0.5963446275946277 0.9149496336996338 0.5929105616605618 0.9191468253968256 0.5902396214896215 0.9221993284493286 0.5883318070818072 0.9233440170940171 0.585660866910867 0.9244887057387058 0.5837530525030525 0.9225808913308914 0.5833714896214897 0.9191468253968256 0.5833714896214897 0.9153311965811967 0.5841346153846154 0.911134004884005 0.5845161782661783 0.9076999389499391 0.585660866910867 0.9035027472527474 0.5868055555555556 0.9000686813186813 0.5883318070818072 0.8966346153846154 0.5902396214896215 0.8935821123321124 0.5925289987789989 0.8901480463980465 0.5948183760683762 0.8870955433455434 0.5971077533577535 0.8851877289377291 0.5997786935286936 0.8825167887667889 0.6020680708180709 0.8802274114774116 0.6047390109890111 0.8779380341880343 0.6062652625152627 0.8767933455433456 0.6089362026862027 0.8764117826617828 0.6096993284493286 0.8779380341880343 0.6104624542124543 0.8809905372405373 0.6104624542124543 0.8840430402930404 0.6104624542124543 0.8890033577533578
0 0.37618284493284493 0.9542506105006106 0.3708409645909646 0.9645528083028084 0.3685515873015873 0.9668421855921856 0.3674068986568987 0.9683684371184372 0.3666437728937729 0.972184065934066 0.3654990842490842 0.9752365689865691 0.3635912698412699 0.9775259462759464 0.3616834554334555 0.9798153235653236 0.35901251526251526 0.9809600122100123 0.3597756410256411 0.9767628205128206 0.36015720390720396 0.9725656288156289 0.3613018925518926 0.969131562881563 0.3624465811965812 0.96607905982906 0.363209706959707 0.9630265567765568 0.3647359584859585 0.9595924908424909 0.36588064713064716 0.9565399877899878 0.3689331501831502 0.9527243589743591 0.3708409645909646 0.9500534188034189 0.372748778998779 0.9477640415140416 0.3742750305250305 0.9458562271062273 0.37656440781440786 0.9443299755799757 0.37847222222222227 0.9435668498168499 0.37923534798534797 0.9470009157509158
0 0.42311507936507936 0.7714819902319903 0.41586538461538464 0.7783501221001221 0.4143391330891331 0.7802579365079366 0.41204975579975583 0.7825473137973139 0.40976037851037855 0.7840735653235654 0.4074710012210012 0.7852182539682541 0.4059447496947497 0.7878891941391942 0.40365537240537247 0.7905601343101344 0.401747557997558 0.7928495115995117 0.3998397435897436 0.7939942002442003 0.3979319291819292 0.7939942002442003 0.3979319291819292 0.78865231990232 0.39869505494505497 0.7852182539682541 0.40136599511599513 0.7825473137973139 0.40365537240537247 0.7798763736263737 0.40480006105006106 0.7772054334554336 0.4063263125763126 0.7745344932844934 0.40976037851037855 0.7711004273504275 0.41166819291819295 0.769192612942613 0.41357600732600736 0.7672847985347987 0.4173916361416362 0.7638507326007328 0.42120726495726496 0.7607982295482297 0.4238782051282052 0.7585088522588523 0.4261675824175824 0.7569826007326008 0.42845695970695974 0.7569826007326008 0.43036477411477414 0.7585088522588523 0.430746336996337 0.7615613553113554 0.42845695970695974 0.7649954212454213
0 0.5303342490842491 0.7474435286935288 0.5356761294261295 0.7543116605616607 0.5368208180708182 0.7569826007326008 0.5391101953601954 0.759653540903541 0.5410180097680098 0.7630876068376069 0.5429258241758242 0.7646138583638584 0.5440705128205129 0.7619429181929183 0.5444520757020758 0.7592719780219781 0.5440705128205129 0.7573641636141637 0.5440705128205129 0.7543116605616607 0.54368894993895 0.7512591575091575 0.5429258241758242 0.7478250915750916 0.5417811355311356 0.7447725885225885 0.5402548840048841 0.7417200854700855 0.5383470695970697 0.7390491452991453 0.5368208180708182 0.7367597680097682 0.5349130036630038 0.7348519536019537 0.5330051892551892 0.7329441391941393 0.530715811965812 0.7314178876678877 0.5288079975579976 0.7306547619047621 0.5288079975579976 0.734088827838828 0.5291895604395604 0.7382860195360196 0.5291895604395604 0.7432463369963371
0 0.7752976190476191 0.7749160561660562 0.7669032356532358 0.7806394993894995 0.7638507326007328 0.782165750915751 0.7611797924297926 0.7833104395604397 0.7588904151404152 0.7833104395604397 0.7588904151404152 0.7814026251526252 0.7611797924297926 0.7779685592185593 0.762706043956044 0.775679181929182 0.7642322954822957 0.7733898046398048 0.7657585470085471 0.7714819902319903 0.7680479242979243 0.769192612942613 0.7707188644688646 0.7676663614163616 0.7737713675213677 0.7661401098901099 0.7772054334554336 0.7649954212454213 0.7794948107448109 0.7646138583638584 0.778731684981685 0.7707188644688646
0 0.9473824786324787 0.7096688034188036 0.9305937118437119 0.7161553724053725 0.9283043345543347 0.7169184981684983 0.9244887057387058 0.7176816239316239 0.9210546398046399 0.7184447496947498 0.9195283882783883 0.7157738095238096 0.9202915140415141 0.7134844322344324 0.9221993284493286 0.7119581807081807 0.9248702686202688 0.7100503663003664 0.9279227716727718 0.7081425518925519 0.9328830891330891 0.7054716117216118 0.9359355921855923 0.7039453601953604 0.9393696581196581 0.7028006715506716 0.9420405982905984 0.701655982905983 0.9454746642246643 0.7008928571428572 0.9481456043956045 0.7001297313797316 0.9508165445665446 0.6993666056166057 0.9546321733821734 0.6986034798534799 0.9580662393162395 0.6986034798534799 0.9615003052503054 0.6993666056166057 0.9580662393162395 0.7035637973137975 0.9546321733821734 0.7062347374847376
0 0.6589209401709403 0.6211462148962149 0.6440399877899878 0.6158043345543347 0.6409874847374848 0.6138965201465202 0.6383165445665446 0.6127518315018317 0.6356456043956045 0.6116071428571429 0.6337377899877901 0.6096993284493286 0.6333562271062273 0.6066468253968255 0.6352640415140416 0.6055021367521368 0.6383165445665446 0.6058836996336997 0.6425137362637364 0.6077915140415141 0.6448031135531136 0.6085546398046399 0.6478556166056166 0.6096993284493286 0.6505265567765568 0.6108440170940171 0.6531974969474971 0.6119887057387058 0.6562500000000001 0.6131333943833945 0.6585393772893774 0.6142780830280831 0.6612103174603176 0.6158043345543347 0.6646443833943835 0.6173305860805861 0.6688415750915752 0.6200015262515264 0.6703678266178268 0.6222909035409037 0.6696047008547009 0.624198717948718 0.6669337606837609 0.624198717948718
0 0.4879807692307693 0.5932921245421245 0.485691391941392 0.5898580586080586 0.47996794871794873 0.5860424297924299 0.47767857142857145 0.5845161782661783 0.4750076312576313 0.582608363858364 0.47309981684981683 0.5803189865689866 0.47195512820512825 0.5784111721611722 0.47195512820512825 0.576121794871795 0.47424450549450553 0.5753586691086692 0.47806013431013433 0.5757402319902322 0.482257326007326 0.5768849206349207 0.4864545177045177 0.5791742979242981 0.4883623321123321 0.5810821123321124 0.49065170940170943 0.5837530525030525 0.49446733821733824 0.5864239926739928 0.4979014041514042 0.589094932844933 0.5009539072039072 0.592147435897436 0.5032432844932846 0.5971077533577535 0.5013354700854701 0.5982524420024421 0.4990460927960928 0.5982524420024421 0.4967567155067155 0.5978708791208792 0.4937042124542125 0.5963446275946277
0 0.3780906593406594 0.6612103174603176 0.3654990842490842 0.6612103174603176 0.35863095238095244 0.6612103174603176 0.3563415750915751 0.6615918803418804 0.3544337606837607 0.6600656288156289 0.3563415750915751 0.6558684371184372 0.35824938949938956 0.6543421855921856 0.36015720390720396 0.6539606227106227 0.3624465811965812 0.6539606227106227 0.3651175213675214 0.65357905982906 0.3670253357753358 0.65357905982906 0.37007783882783885 0.65357905982906 0.3742750305250305 0.6531974969474971 0.37618284493284493 0.6531974969474971 0.3796169108669109 0.6539606227106227 0.3834325396825397 0.6539606227106227 0.38610347985347987 0.6539606227106227 0.3895375457875458 0.6543421855921856 0.39068223443223443 0.6558684371184372 0.3876297313797314 0.6581578144078145 0.3853403540903541 0.659684065934066 0.3819062881562882 0.6615918803418804
0 0.9725656288156289 0.54368894993895 0.9615003052503054 0.5463598901098902 0.9573031135531136 0.5463598901098902 0.9550137362637364 0.5459783272283274 0.9523427960927963 0.5448336385836386 0.9504349816849818 0.54368894993895 0.9531059218559219 0.5413995726495727 0.9557768620268622 0.540636446886447 0.9584478021978023 0.5398733211233212 0.9618818681318683 0.5391101953601954 0.9656974969474971 0.5391101953601954 0.9679868742368744 0.5391101953601954 0.9714209401709403 0.5379655067155068 0.9733287545787547 0.5375839438339439 0.9744734432234433 0.5375839438339439 0.9763812576312577 0.5387286324786326 0.9775259462759464 0.540636446886447
0 0.6127518315018317 0.3525259462759463 0.601686507936508 0.3551968864468865 0.5990155677655679 0.3551968864468865 0.5959630647130648 0.3544337606837607 0.5929105616605618 0.35328907203907206 0.5906211843711844 0.3525259462759463 0.5879502442002443 0.3509996947496948 0.5898580586080586 0.34947344322344326 0.5932921245421245 0.34871031746031744 0.5951999389499391 0.3483287545787546 0.5974893162393163 0.34756562881562886 0.6009233821733823 0.3468025030525031 0.6051205738705739 0.3468025030525031 0.6100808913308914 0.3468025030525031 0.6154227716727718 0.3468025030525031 0.617712148962149 0.34871031746031744
0 0.7123397435897437 0.3006333943833944 0.7073794261294263 0.30330433455433453 0.7043269230769231 0.3044490231990232 0.7024191086691087 0.3044490231990232 0.6997481684981686 0.3048305860805861 0.6966956654456655 0.3067384004884005 0.6944062881562882 0.3086462148962149 0.6917353479853481 0.3105540293040293 0.6879197191697192 0.3124618437118437 0.6837225274725276 0.3124618437118437 0.6814331501831502 0.31169871794871795 0.6814331501831502 0.3090277777777778 0.6848672161172161 0.3071199633699634 0.6875381562881563 0.30559371184371187 0.6905906593406594 0.3029227716727717 0.6944062881562882 0.3013965201465202 0.6997481684981686 0.29987026862026867 0.7039453601953604 0.29872557997557997 0.7058531746031746 0.29796245421245426 0.7089056776556777 0.29681776556776557 0.7127213064713066 0.2956730769230769 0.7165369352869354 0.29529151404151405 0.7188263125763127 0.29529151404151405 0.7153922466422468 0.29796245421245426
0 0.8558073870573871 0.3483287545787546 0.8493208180708182 0.3365003052503053 0.8477945665445666 0.33382936507936506 0.8470314407814409 0.33115842490842495 0.846649877899878 0.327724358974359 0.8508470695970697 0.3258165445665446 0.853136446886447 0.32619810744810745 0.8558073870573871 0.3281059218559219 0.8584783272283274 0.3300137362637363 0.859241452991453 0.33306623931623935 0.8600045787545788 0.3365003052503053 0.8611492673992676 0.3395528083028083 0.8619123931623933 0.3422237484737485 0.8622939560439561 0.3445131257631258 0.8630570818070818 0.3471840659340659 0.8634386446886447 0.3509996947496948 0.8634386446886447 0.353670634920635 0.859241452991453 0.3525259462759463
0 0.9580662393162395 0.2578983516483517 0.9489087301587303 0.24950396825396828 0.9454746642246643 0.24797771672771676 0.9424221611721613 0.24645146520146524 0.9389880952380953 0.24568833943833948 0.9359355921855923 0.2445436507936508 0.9344093406593408 0.2426358363858364 0.9374618437118438 0.2411095848595849 0.9416590354090355 0.2411095848595849 0.9450931013431014 0.24225427350427353 0.9492902930402932 0.24378052503052505 0.9519612332112334 0.24530677655677657 0.9557768620268622 0.247214590964591 0.9588293650793652 0.24950396825396828 0.9622634310134311 0.25179334554334554 0.9653159340659342 0.25446428571428575 0.9676053113553115 0.25637210012210015 0.9698946886446886 0.2594246031746032 0.9714209401709403 0.2613324175824176 0.9687500000000001 0.26209554334554336 0.9645528083028084 0.2617139804639805 0.9618818681318683 0.26056929181929184
0 0.8462683150183151 0.17128357753357756 0.8256639194139195 0.16556013431013433 0.8218482905982907 0.16479700854700857 0.8187957875457876 0.1640338827838828 0.8165064102564104 0.16288919413919417 0.814598595848596 0.1605998168498169 0.8184142246642246 0.1583104395604396 0.8233745421245422 0.15869200244200246 0.8290979853479854 0.16021825396825398 0.8325320512820513 0.16098137973137974 0.8359661172161172 0.1621260683760684 0.8397817460317462 0.16327075702075705 0.8477945665445666 0.16556013431013433 0.8565705128205129 0.1678495115995116 0.8588598901098902 0.16861263736263737 0.8611492673992676 0.1724282661782662 0.8554258241758242 0.17357295482295484 0.8500839438339439 0.17280982905982908
0 0.47729700854700857 0.15640262515262518 0.47386294261294265 0.15106074481074483 0.47348137973137977 0.14838980463980464 0.472718253968254 0.1457188644688645 0.47195512820512825 0.14304792429792432 0.47195512820512825 0.1415216727716728 0.47386294261294265 0.14114010989010992 0.47577075702075705 0.14190323565323568 0.4788232600732601 0.1453373015873016 0.48187576312576313 0.15029761904761907 0.48302045177045183 0.15296855921855926 0.48416514041514047 0.15678418803418806 0.48454670329670335 0.15907356532356537 0.48378357753357754 0.1621260683760684 0.48187576312576313 0.1625076312576313 0.4795863858363859 0.15983669108669113
0 0.27964743589743596 0.13541666666666669 0.27087148962148966 0.12206196581196585 0.26896367521367526 0.12015415140415145 0.26820054945054944 0.11672008547008551 0.2678189865689866 0.11404914529914532 0.2704899267399268 0.1125228937728938 0.2739239926739927 0.11290445665445668 0.2754502442002442 0.11519383394383399 0.2773580586080586 0.11824633699633703 0.27850274725274726 0.12129884004884009 0.2815552503052503 0.1274038461538462 0.2834630647130647 0.13045634920634924 0.2849893162393162 0.13274572649572652 0.2868971306471307 0.1350351037851038 0.2884233821733822 0.13732448107448111 0.28918650793650796 0.1396138583638584 0.28727869352869356 0.140758547008547 0.2849893162393162 0.140758547008547 0.2834630647130647 0.13999542124542125
0 0.33039529914529914 0.05452533577533581 0.32429029304029305 0.04880189255189259 0.32238247863247865 0.047657203907203946 0.32047466422466425 0.04536782661782666 0.3231456043956044 0.04346001221001225 0.3254349816849817 0.04384157509157513 0.32963217338217343 0.04574938949938954 0.3326846764346765 0.04880189255189259 0.33497405372405376 0.050709706959706995 0.3376449938949939 0.05299908424908429 0.33917124542124544 0.05528846153846158 0.34107905982905984 0.057577838827838866 0.33917124542124544 0.059485653235653274 0.3357371794871795 0.057577838827838866
0 0.9759996947496948 0.05414377289377293 0.9714209401709403 0.059485653235653274 0.9706578144078145 0.06253815628815633 0.9702762515262516 0.06597222222222227 0.9687500000000001 0.06826159951159955 0.9679868742368744 0.07016941391941396 0.9664606227106227 0.07322191697191702 0.9637896825396826 0.07627442002442006 0.9611187423687425 0.07741910866910871 0.9592109279609281 0.07741910866910871 0.9580662393162395 0.0736034798534799 0.9595924908424909 0.06864316239316244 0.9645528083028084 0.06330128205128209 0.9656974969474971 0.061011904761904795 0.9679868742368744 0.05834096459096463 0.969131562881563 0.05567002442002446 0.9710393772893774 0.0526175213675214 0.972184065934066 0.049183455433455474 0.9733287545787547 0.04613095238095242 0.975618131868132 0.04307844932844937 0.9779075091575092 0.0423153235653236 0.9790521978021979 0.04346001221001225 0.9790521978021979 0.047275641025641066
0 0.8092567155067155 0.02552655677655681 0.8069673382173383 0.016369047619047655 0.8069673382173383 0.013698107448107483 0.8073489010989012 0.01026404151404155 0.8100198412698414 0.009119352869352905 0.8123092185592186 0.009119352869352905 0.8126907814407816 0.011408730158730195 0.8126907814407816 0.014079670329670365 0.8130723443223444 0.018276862026862063 0.8134539072039073 0.021329365079365115 0.8138354700854702 0.024381868131868163 0.8138354700854702 0.0278159340659341 0.8138354700854702 0.031250000000000035 0.814598595848596 0.03430250305250309 0.8142170329670331 0.03621031746031749 0.8115460927960929 0.03544719169719173 0.8104014041514043 0.032013125763125795
0 0.10336538461538465 0.019421550671550707 0.10527319902319905 0.023618742368742403 0.1125228937728938 0.03582875457875461 0.11366758241758244 0.038118131868131906 0.11557539682539687 0.04117063492063496 0.1171016483516484 0.04422313797313801 0.11786477411477415 0.046894078144078186 0.11824633699633703 0.050709706959706995 0.11481227106227111 0.048420329670329706 0.1125228937728938 0.04498626373626378 0.10908882783882787 0.040025946275946314 0.10679945054945059 0.03582875457875461 0.10451007326007329 0.03315781440781444 0.10183913308913312 0.03010531135531139 0.09954975579975583 0.026671245421245455 0.09726037851037854 0.023618742368742403 0.09535256410256414 0.020184676434676467 0.09306318681318684 0.0175137362637363 0.09153693528693532 0.01560592185592189 0.0900106837606838 0.012171855921855957 0.0900106837606838 0.009500915750915785 0.0919184981684982 0.009119352869352905 0.0942078754578755 0.01026404151404155 0.0961156898656899 0.011027167277167313 0.09993131868131871 0.014461233211233247
0 0.20791361416361417 0.029342185592185623 0.20219017094017094 0.021329365079365115 0.2018086080586081 0.019803113553113587 0.20066391941391942 0.01713217338217342 0.1991376678876679 0.015224358974359009 0.19761141636141638 0.012171855921855957 0.19608516483516486 0.009500915750915785 0.19532203907203907 0.007593101343101377 0.19532203907203907 0.00568528693528697 0.19761141636141638 0.004922161172161207 0.20028235653235657 0.00568528693528697 0.2029532967032967 0.007974664224664259 0.2056242368742369 0.01026404151404155 0.20791361416361417 0.013698107448107483 0.20982142857142858 0.016369047619047655 0.21287393162393167 0.02056623931623935 0.21478174603174605 0.024000305250305283 0.2163079975579976 0.027434371184371215 0.21707112332112335 0.03010531135531139 0.21707112332112335 0.03277625152625156 0.21363705738705743 0.032394688644688675
0 0.18158577533577536 0.2800289987789988 0.17815170940170943 0.26972680097680096 0.17662545787545791 0.26629273504273504 0.17471764346764349 0.2628586691086691 0.17280982905982908 0.25866147741147744 0.17166514041514044 0.2552274114774115 0.17166514041514044 0.25293803418803423 0.17357295482295484 0.2521749084249085 0.17548076923076925 0.25446428571428575 0.17815170940170943 0.2571352258852259 0.1808226495726496 0.2609508547008547 0.18234890109890112 0.2636217948717949 0.18425671550671555 0.26629273504273504 0.18654609279609283 0.27010836385836384 0.1873092185592186 0.2731608669108669 0.18807234432234435 0.27773962148962156 0.1888354700854701 0.2811736874236875 0.1888354700854701 0.28384462759462764 0.18540140415140416 0.2849893162393162
0 0.048038766788766826 0.32429029304029305 0.03544719169719173 0.32238247863247865 0.032394688644688675 0.3216193528693529 0.02972374847374851 0.32085622710622713 0.027434371184371215 0.31818528693528697 0.0278159340659341 0.31436965811965817 0.02972374847374851 0.3109355921855922 0.032013125763125795 0.3105540293040293 0.03506562881562885 0.3109355921855922 0.039262820512820554 0.31208028083028083 0.04307844932844937 0.31208028083028083 0.04613095238095242 0.3124618437118437 0.049183455433455474 0.31284340659340665 0.05338064713064717 0.31360653235653235 0.05605158730158734 0.31475122100122105 0.05910409035409039 0.3170405982905983 0.061011904761904795 0.3193299755799756 0.06139346764346768 0.32123778998779 0.060630341880341915 0.32276404151404153 0.05834096459096463 0.3235271672771673 0.05414377289377293 0.32429029304029305
0 0.5440705128205129 0.08047161172161175 0.5413995726495727 0.08047161172161175 0.5364392551892553 0.08009004884004887 0.5333867521367522 0.079708485958486 0.5299526862026862 0.07894536019536023 0.527281746031746 0.0778006715506716 0.5253739316239316 0.07627442002442006 0.5246108058608059 0.07436660561660566 0.5261370573870574 0.07245879120879124 0.5291895604395604 0.07169566544566548 0.5330051892551892 0.0713141025641026 0.5379655067155068 0.07169566544566548 0.5413995726495727 0.07245879120879124 0.546741452991453 0.07284035409035414 0.5497939560439561 0.07284035409035414 0.5528464590964591 0.07398504273504278 0.5551358363858365 0.07589285714285718 0.5551358363858365 0.07894536019536023 0.5490308302808304 0.08085317460317464
0 0.0423153235653236 0.42654914529914534 0.050328144078144114 0.4250228937728938 0.05414377289377293 0.4246413308913309 0.05834096459096463 0.42425976800976806 0.061011904761904795 0.4246413308913309 0.06406440781440785 0.4257860195360196 0.06444597069597073 0.42845695970695974 0.06177503052503056 0.4292200854700855 0.05528846153846158 0.430746336996337 0.049565018315018354 0.4311278998778999 0.04498626373626378 0.4311278998778999
0 0.08810286935286939 0.534149877899878 0.08733974358974363 0.5425442612942615 0.08733974358974363 0.5459783272283274 0.08733974358974363 0.5486492673992676 0.08695818070818075 0.5509386446886447 0.08466880341880345 0.5551358363858365 0.08199786324786329 0.5555173992673994 0.08085317460317464 0.5536095848595849 0.08085317460317464 0.5494123931623933 0.08009004884004887 0.5444520757020758 0.079708485958486 0.5394917582417583 0.079708485958486 0.5352945665445666 0.08047161172161175 0.5310973748473748 0.08466880341880345 0.5291895604395604
0 0.20066391941391942 0.7188263125763127 0.19150641025641027 0.7329441391941393 0.18998015873015875 0.7352335164835165 0.18807234432234435 0.7379044566544567 0.18578296703296707 0.7390491452991453 0.18234890109890112 0.7394307081807082 0.18196733821733824 0.7375228937728939 0.18120421245421248 0.7352335164835165 0.18311202686202688 0.7317994505494506 0.1846382783882784 0.7283653846153847 0.18616452991452992 0.7249313186813188 0.18845390720390723 0.7214972527472528 0.1911248473748474 0.7180631868131868 0.19379578754578755 0.7146291208791209 0.19684829059829062 0.7119581807081807 0.1991376678876679 0.7096688034188036 0.20142704517704518 0.7069978632478634 0.20371642246642246 0.7058531746031746 0.20600579975579977 0.707760989010989 0.205242673992674 0.7104319291819293 0.20371642246642246 0.7153922466422468
0 0.5524648962148964 0.656631562881563 0.5490308302808304 0.6619734432234433 0.546741452991453 0.6646443833943835 0.5452152014652015 0.6665521978021979 0.5425442612942615 0.6680784493284494 0.5391101953601954 0.669223137973138 0.5352945665445666 0.6696047008547009 0.5318605006105006 0.6696047008547009 0.5295711233211233 0.669223137973138 0.5288079975579976 0.666170634920635 0.5303342490842491 0.6619734432234433 0.534149877899878 0.6585393772893774 0.5379655067155068 0.6562500000000001 0.5421626984126985 0.6547237484737486 0.546741452991453 0.6539606227106227 0.550175518925519 0.65357905982906
0 0.07284035409035414 0.862675518925519 0.07169566544566548 0.8725961538461539 0.07016941391941396 0.8752670940170941 0.06826159951159955 0.8779380341880343 0.06559065934065939 0.8817536630036631 0.06291971916971921 0.8848061660561661 0.061011904761904795 0.8874771062271063 0.060248778998779035 0.8870955433455434 0.060248778998779035 0.8828983516483517 0.060248778998779035 0.87870115995116 0.061011904761904795 0.8764117826617828 0.06177503052503056 0.8741224053724055 0.06215659340659344 0.8710699023199024 0.06330128205128209 0.8683989621489623 0.06444597069597073 0.8645833333333335 0.06559065934065939 0.8600045787545788 0.06864316239316244 0.8558073870573871 0.07093253968253972 0.8558073870573871
0 0.007974664224664259 0.8260454822954824 0.012171855921855957 0.8199404761904763 0.012553418803418839 0.8180326617826619 0.013316544566544603 0.8149801587301587 0.014079670329670365 0.8119276556776557 0.014461233211233247 0.8092567155067155 0.011790293040293076 0.8084935897435898 0.009882478632478668 0.8096382783882785 0.006448412698412733 0.8126907814407816 0.003777472527472562 0.8153617216117216 0.0011065323565323912 0.8187957875457876 0.0007249694749695096 0.8218482905982907 1.1564823173178714e-19 0.8261981074481077 1.2839532962581572e-35 0.8261981074481077 1.425474512049171e-51 0.8261981074481077 0.0011065323565323912 0.8329136141636142
0 0.263240231990232 0.8897664835164836 0.25675366300366304 0.8912927350427352 0.25484584859584863 0.8912927350427352 0.25179334554334554 0.8893849206349207 0.2514117826617827 0.888621794871795 0.25331959706959706 0.8859508547008548 0.2556089743589744 0.8848061660561661 0.25827991452991456 0.8832799145299146 0.26209554334554336 0.8821352258852261 0.2655296092796093 0.8817536630036631 0.26896367521367526 0.8813721001221002 0.27125305250305254 0.8817536630036631 0.2739239926739927 0.8825167887667889 0.27125305250305254 0.8855692918192919 0.2685821123321123 0.8874771062271063
0 0.053418803418803416 0.6453659188034188 0.05241720085470085 0.6456997863247863 0.043402777777777776 0.6483707264957265 0.04039797008547008 0.648704594017094 0.037059294871794865 0.6490384615384616 0.033720619658119656 0.6490384615384616 0.02938034188034188 0.6477029914529915 0.028044871794871796 0.6450320512820512 0.03038194444444444 0.6426949786324786 0.03238514957264957 0.641025641025641 0.03405448717948718 0.6400240384615384 0.03806089743589744 0.6390224358974359 0.04206730769230769 0.6386885683760684 0.046741452991452985 0.6386885683760684 0.0500801282051282 0.6386885683760684 0.052751068376068376 0.6393563034188035 0.055422008547008544 0.6400240384615384 0.0577590811965812 0.6406917735042735
0 0.34974653808110784 0.5209878832838774 0.3545375865479723 0.5202151335311572 0.35994683481701284 0.5214515331355094 0.3662833827893175 0.5236152324431256 0.3698380316518299 0.5284062809099901 0.36659248269040556 0.5299517804154302 0.35793768545994065 0.5302608803165183 0.3537648367952522 0.5254698318496538 0.3506738377843719 0.5226879327398615
