1 0.7512591575091575 0.8542811355311356 0.7482066544566545 0.8542811355311356 0.7443910256410257 0.8538995726495727 0.7417200854700855 0.8527548840048841 0.7394307081807082 0.8516101953601954 0.7375228937728939 0.8500839438339439 0.7352335164835165 0.8485576923076924 0.7329441391941393 0.8455051892551892 0.7310363247863249 0.8428342490842492 0.7298916361416362 0.8405448717948719 0.7287469474969476 0.8378739316239318 0.7279838217338218 0.8348214285714287 0.727220695970696 0.8313873626373628 0.727220695970696 0.8287164224664225 0.7264575702075703 0.8252823565323566 0.7253128815628817 0.8222298534798536 0.7245497557997559 0.8191773504273505 0.7237866300366301 0.8161248473748475 0.7237866300366301 0.8123092185592186 0.7245497557997559 0.8084935897435898 0.7249313186813188 0.8050595238095238 0.7253128815628817 0.8016254578754579 0.7264575702075703 0.7989545177045178 0.7283653846153847 0.7966651404151405 0.7298916361416362 0.7943757631257633 0.7321810134310135 0.7924679487179488 0.734088827838828 0.7913232600732603 0.7367597680097682 0.7905601343101344 0.7394307081807082 0.7901785714285715 0.7424832112332113 0.7901785714285715 0.7447725885225885 0.7905601343101344 0.7470619658119659 0.7913232600732603 0.7497329059829061 0.7928495115995117 0.7527854090354091 0.7943757631257633 0.7566010378510379 0.7959020146520147 0.7585088522588523 0.7970467032967034 0.7607982295482297 0.7989545177045178 0.7630876068376069 0.8016254578754579 0.7649954212454213 0.8042963980463982 0.7665216727716728 0.8065857753357755 0.7676663614163616 0.8092567155067155 0.769192612942613 0.8119276556776557 0.7703373015873017 0.814598595848596 0.7714819902319903 0.8180326617826619 0.7718635531135531 0.8210851648351649 0.772245115995116 0.824137667887668 0.772245115995116 0.827571733821734 0.772245115995116 0.830624236874237 0.7718635531135531 0.8336767399267401 0.7714819902319903 0.8367292429792431 0.7707188644688646 0.8397817460317462 0.7699557387057389 0.8428342490842492 0.769192612942613 0.8455051892551892 0.7684294871794872 0.8477945665445666 0.7665216727716728 0.849702380952381 0.7634691697191698 0.8523733211233212 0.759653540903541 0.8542811355311356
1 0.9160943223443224 0.8283348595848598 0.9099893162393163 0.8237561050061051 0.9080815018315019 0.8218482905982907 0.9035027472527474 0.817651098901099 0.9019764957264959 0.8157432844932846 0.901594932844933 0.8130723443223444 0.901594932844933 0.8104014041514043 0.901594932844933 0.8069673382173383 0.901594932844933 0.8039148351648353 0.9023580586080586 0.8004807692307694 0.9023580586080586 0.7970467032967034 0.9035027472527474 0.7932310744810745 0.9050289987789989 0.7905601343101344 0.9073183760683762 0.7890338827838829 0.9092261904761905 0.7878891941391942 0.9115155677655679 0.7871260683760685 0.9134233821733823 0.7863629426129427 0.9172390109890111 0.7852182539682541 0.9210546398046399 0.7844551282051283 0.9248702686202688 0.7840735653235654 0.9294490231990232 0.7840735653235654 0.9347909035409037 0.7844551282051283 0.9389880952380953 0.785599816849817 0.942803724053724 0.7871260683760685 0.9462377899877901 0.7882707570207571 0.9485271672771673 0.7897970085470086 0.9504349816849818 0.7909416971916973 0.9527243589743591 0.7932310744810745 0.9550137362637364 0.7955204517704518 0.9569215506715507 0.7985729548229549 0.9588293650793652 0.8020070207570208 0.9603556166056166 0.8042963980463982 0.9630265567765568 0.8073489010989012 0.9656974969474971 0.8100198412698414 0.9668421855921856 0.8119276556776557 0.9672237484737486 0.8153617216117216 0.9668421855921856 0.8180326617826619 0.96607905982906 0.8218482905982907 0.9649343711843713 0.8260454822954824 0.9634081196581197 0.8294795482295483 0.9618818681318683 0.8325320512820513 0.9603556166056166 0.8355845543345544 0.9580662393162395 0.8382554945054946 0.956158424908425 0.8405448717948719 0.9534874847374848 0.8413079975579977 0.9504349816849818 0.8416895604395606 0.9454746642246643 0.840163308913309 0.943185286935287 0.8386370573870574 0.9393696581196581 0.8374923687423689 0.9347909035409037 0.8359661172161172 0.9317384004884006 0.8352029914529915 0.9279227716727718 0.8348214285714287 0.9252518315018317 0.8344398656898658 0.9229624542124543 0.8336767399267401 0.9187652625152627 0.8313873626373628
1 0.8752670940170941 0.9389880952380953 0.8718330280830282 0.9355540293040294 0.8695436507936508 0.9328830891330891 0.8676358363858365 0.9294490231990232 0.8668727106227107 0.9263965201465202 0.8664911477411478 0.9244887057387058 0.8661095848595849 0.9214362026862027 0.8661095848595849 0.9180021367521368 0.8672542735042736 0.9153311965811967 0.8691620879120879 0.9122786935286936 0.872214590964591 0.9096077533577535 0.8748855311355312 0.9069368131868133 0.87870115995116 0.9042658730158731 0.8813721001221002 0.9023580586080586 0.8848061660561661 0.9004502442002443 0.8882402319902322 0.8985424297924299 0.8909111721611722 0.8970161782661783 0.8928189865689866 0.8954899267399269 0.895108363858364 0.8954899267399269 0.898160866910867 0.8954899267399269 0.9019764957264959 0.8966346153846154 0.9042658730158731 0.898160866910867 0.9084630647130648 0.8993055555555556 0.9126602564102565 0.9000686813186813 0.9168574481074482 0.901594932844933 0.920673076923077 0.9038843101343103 0.9244887057387058 0.9061736874236874 0.9279227716727718 0.9084630647130648 0.9309752747252749 0.9118971306471307 0.9336462148962149 0.9153311965811967 0.9351724664224665 0.9195283882783883 0.9363171550671551 0.9233440170940171 0.9363171550671551 0.9283043345543347 0.9359355921855923 0.9313568376068377 0.9351724664224665 0.9340277777777779 0.9336462148962149 0.9370802808302809 0.9317384004884006 0.939751221001221 0.9290674603174605 0.9420405982905984 0.9263965201465202 0.9435668498168499 0.920673076923077 0.9458562271062273 0.9153311965811967 0.9470009157509158 0.9099893162393163 0.9477640415140416 0.9076999389499391 0.9481456043956045 0.9042658730158731 0.9481456043956045 0.8993055555555556 0.9481456043956045 0.8935821123321124 0.9481456043956045 0.8901480463980465 0.9473824786324787 0.8863324175824177 0.9458562271062273 0.8836614774114775 0.9439484126984128 0.8798458485958487 0.9420405982905984
1 0.4898885836385836 0.781784188034188 0.4963751526251527 0.7840735653235654 0.5001907814407814 0.7863629426129427 0.5028617216117216 0.7875076312576313 0.5040064102564102 0.7894154456654457 0.5062957875457876 0.7924679487179488 0.5074404761904762 0.795138888888889 0.508203601953602 0.7985729548229549 0.508203601953602 0.8020070207570208 0.5078220390720392 0.8042963980463982 0.5074404761904762 0.808112026862027 0.5066773504273504 0.8119276556776557 0.5055326617826618 0.8157432844932846 0.5047695360195361 0.8187957875457876 0.5036248473748474 0.8229929792429793 0.5024801587301587 0.8260454822954824 0.5009539072039072 0.8290979853479854 0.4990460927960928 0.8325320512820513 0.49599358974358976 0.8359661172161172 0.49408577533577536 0.8382554945054946 0.4917963980463981 0.840163308913309 0.4875992063492064 0.8420711233211233 0.48187576312576313 0.8428342490842492 0.4746260683760684 0.8428342490842492 0.46775793650793657 0.8420711233211233 0.46165293040293043 0.840163308913309 0.45821886446886445 0.8390186202686203 0.453258547008547 0.8374923687423689 0.44944291819291826 0.8355845543345544 0.44677197802197804 0.8313873626373628 0.4456272893772894 0.827190170940171 0.4456272893772894 0.8214667277167279 0.4460088522588523 0.8161248473748475 0.44677197802197804 0.8123092185592186 0.4471535409035409 0.8096382783882785 0.4479166666666667 0.8054410866910867 0.4498244810744811 0.8016254578754579 0.4524954212454213 0.7985729548229549 0.4544032356532357 0.7947573260073262 0.4586004273504274 0.7901785714285715 0.4620344932844933 0.7867445054945056 0.46508699633699635 0.7829288766788768 0.4689026251526252 0.7798763736263737 0.47233669108669113 0.7783501221001221 0.47615231990231993 0.7783501221001221 0.48111263736263743 0.7779685592185593 0.48416514041514047 0.7779685592185593
1 0.25866147741147744 0.8893849206349207 0.263240231990232 0.8848061660561661 0.2670558608058608 0.8828983516483517 0.2704899267399268 0.8806089743589745 0.2739239926739927 0.8790827228327228 0.27697649572649574 0.8783195970695972 0.2811736874236875 0.8783195970695972 0.28537087912087916 0.8783195970695972 0.2888049450549451 0.8783195970695972 0.292239010989011 0.87870115995116 0.3025412087912088 0.8798458485958487 0.305212148962149 0.8806089743589745 0.3082646520146521 0.8825167887667889 0.31169871794871795 0.8840430402930404 0.3151327838827839 0.8867139804639805 0.3174221611721612 0.8878586691086692 0.3200931013431013 0.8901480463980465 0.32276404151404153 0.8939636752136753 0.3231456043956044 0.8970161782661783 0.3235271672771673 0.9012133699633701 0.3239087301587302 0.9057921245421245 0.3239087301587302 0.9115155677655679 0.32276404151404153 0.9164758852258853 0.32047466422466425 0.9187652625152627 0.3178037240537241 0.9218177655677657 0.3124618437118437 0.9248702686202688 0.3086462148962149 0.9252518315018317 0.3013965201465202 0.9252518315018317 0.2937652625152625 0.9248702686202688 0.2888049450549451 0.9241071428571429 0.2819368131868132 0.9221993284493286 0.2746871184371185 0.9202915140415141 0.27010836385836384 0.9187652625152627 0.2655296092796093 0.9164758852258853 0.2613324175824176 0.9134233821733823 0.25827991452991456 0.9092261904761905
1 0.8462683150183151 0.7714819902319903 0.8409264346764348 0.7623244810744811 0.840163308913309 0.759653540903541 0.8394001831501832 0.7566010378510379 0.8390186202686203 0.7535485347985349 0.8390186202686203 0.750114468864469 0.8390186202686203 0.746680402930403 0.8397817460317462 0.7440094627594629 0.8416895604395606 0.7413385225885226 0.8443605006105007 0.7394307081807082 0.8462683150183151 0.737141330891331 0.8477945665445666 0.7352335164835165 0.8512286324786326 0.7337072649572651 0.8538995726495727 0.7333257020757021 0.85618894993895 0.7333257020757021 0.8596230158730159 0.7333257020757021 0.8649648962148964 0.7333257020757021 0.8695436507936508 0.7344703907203908 0.8725961538461539 0.7356150793650794 0.8745039682539684 0.737141330891331 0.8775564713064714 0.7394307081807082 0.8790827228327228 0.7417200854700855 0.8798458485958487 0.7440094627594629 0.8817536630036631 0.7470619658119659 0.8836614774114775 0.7497329059829061 0.8848061660561661 0.7520222832722834 0.8855692918192919 0.7550747863247864 0.8863324175824177 0.7588904151404152 0.8863324175824177 0.762706043956044 0.8863324175824177 0.7661401098901099 0.8859508547008548 0.7699557387057389 0.8844246031746033 0.7733898046398048 0.8828983516483517 0.7764423076923078 0.8813721001221002 0.7783501221001221 0.8790827228327228 0.7802579365079366 0.8764117826617828 0.781784188034188 0.8729777167277167 0.782165750915751 0.8695436507936508 0.782165750915751 0.8634386446886447 0.781784188034188 0.8603861416361417 0.7810210622710624 0.8542811355311356 0.7783501221001221 0.8500839438339439 0.7745344932844934
1 0.6432768620268622 0.7188263125763127 0.640224358974359 0.7169184981684983 0.6386981074481075 0.7150106837606838 0.6379349816849818 0.7131028693528695 0.6379349816849818 0.7092872405372407 0.6379349816849818 0.7066163003663005 0.6386981074481075 0.7024191086691087 0.640224358974359 0.6974587912087913 0.6417506105006106 0.6932615995115996 0.6444215506715507 0.6898275335775337 0.6463293650793652 0.6867750305250306 0.6490003052503054 0.6841040903540904 0.6524343711843713 0.6821962759462761 0.6558684371184372 0.6814331501831502 0.6600656288156289 0.6814331501831502 0.6646443833943835 0.682577838827839 0.6699862637362639 0.6837225274725276 0.6745650183150184 0.6844856532356532 0.67876221001221 0.685630341880342 0.6841040903540904 0.6875381562881563 0.6879197191697192 0.688682844932845 0.6917353479853481 0.6898275335775337 0.6959325396825398 0.6917353479853481 0.7001297313797316 0.6936431623931625 0.7039453601953604 0.6959325396825398 0.7058531746031746 0.6978403540903542 0.7066163003663005 0.7005112942612944 0.7058531746031746 0.7043269230769231 0.7054716117216118 0.7089056776556777 0.704708485958486 0.7131028693528695 0.7039453601953604 0.7165369352869354 0.7020375457875458 0.7199710012210013 0.7001297313797316 0.7234050671550672 0.6963141025641026 0.727220695970696 0.692116910866911 0.7298916361416362 0.6883012820512822 0.7314178876678877 0.6848672161172161 0.7333257020757021 0.6818147130647131 0.734088827838828 0.67609126984127 0.7337072649572651 0.6688415750915752 0.7325625763125764 0.6657890720390721 0.7314178876678877 0.6619734432234433 0.7295100732600733 0.6585393772893774 0.7279838217338218 0.6543421855921856 0.7256944444444445 0.6493818681318683 0.7237866300366301
1 0.8046779609279611 0.6379349816849818 0.8023885836385837 0.6318299755799757 0.8023885836385837 0.6291590354090355 0.8035332722832724 0.6268696581196581 0.8054410866910867 0.624198717948718 0.8077304639804641 0.6219093406593408 0.8104014041514043 0.6203830891330891 0.8126907814407816 0.6192384004884006 0.8130723443223444 0.6188568376068377 0.8149801587301587 0.6180937118437119 0.8172695360195361 0.6173305860805861 0.820703601953602 0.6165674603174605 0.8249007936507938 0.6154227716727718 0.8290979853479854 0.6142780830280831 0.8329136141636142 0.6138965201465202 0.8363476800976801 0.6131333943833945 0.8394001831501832 0.6127518315018317 0.8420711233211233 0.6131333943833945 0.8451236263736265 0.6138965201465202 0.8477945665445666 0.6154227716727718 0.8508470695970697 0.617712148962149 0.8542811355311356 0.6200015262515264 0.8577152014652015 0.6219093406593408 0.8600045787545788 0.6234355921855922 0.8615308302808304 0.6249618437118438 0.8630570818070818 0.6268696581196581 0.8645833333333335 0.6295405982905984 0.865728021978022 0.6322115384615385 0.8668727106227107 0.6348824786324787 0.8680173992673994 0.6383165445665446 0.868780525030525 0.6413690476190477 0.8695436507936508 0.6451846764346765 0.8703067765567767 0.6490003052503054 0.8706883394383396 0.6520528083028084 0.8695436507936508 0.6551053113553115 0.8676358363858365 0.6589209401709403 0.8642017704517706 0.663118131868132 0.8600045787545788 0.6654075091575092 0.8554258241758242 0.6673153235653236 0.8512286324786326 0.6688415750915752 0.8477945665445666 0.6703678266178268 0.8447420634920636 0.6715125152625153 0.8413079975579977 0.6715125152625153 0.837110805860806 0.6715125152625153 0.8332951770451771 0.6684600122100123 0.8294795482295483 0.6654075091575092 0.8260454822954824 0.663118131868132 0.8229929792429793 0.6600656288156289 0.8199404761904763 0.6570131257631258 0.8172695360195361 0.6547237484737486 0.8130723443223444 0.6512896825396826 0.8107829670329672 0.6478556166056166 0.808112026862027 0.643658424908425
1 0.640224358974359 0.6448031135531136 0.6345009157509158 0.6413690476190477 0.6322115384615385 0.6383165445665446 0.6299221611721613 0.6329746642246643 0.6280143467643469 0.6299221611721613 0.6261065323565325 0.627632783882784 0.6238171550671551 0.6226724664224665 0.6238171550671551 0.6184752747252749 0.6238171550671551 0.6150412087912088 0.624198717948718 0.6100808913308914 0.6249618437118438 0.6055021367521368 0.6264880952380953 0.6013049450549451 0.6280143467643469 0.598634004884005 0.630685286935287 0.5971077533577535 0.6348824786324787 0.5951999389499391 0.6383165445665446 0.5944368131868133 0.6417506105006106 0.5936736874236874 0.6451846764346765 0.5936736874236874 0.6486187423687425 0.5944368131868133 0.6512896825396826 0.5951999389499391 0.6543421855921856 0.5974893162393163 0.6577762515262516 0.6001602564102565 0.6608287545787547 0.6032127594627597 0.6638812576312577 0.6062652625152627 0.6669337606837609 0.6100808913308914 0.6688415750915752 0.6131333943833945 0.6703678266178268 0.6161858974358976 0.6718940781440782 0.6196199633699635 0.6718940781440782 0.6238171550671551 0.6718940781440782 0.627632783882784 0.6718940781440782 0.6314484126984128 0.6703678266178268 0.6364087301587303 0.669223137973138 0.6398427960927963 0.6676968864468865 0.643658424908425 0.666170634920635 0.6467109279609281 0.6642628205128206 0.650144993894994 0.6608287545787547 0.6520528083028084 0.6581578144078145 0.6524343711843713 0.6539606227106227 0.6516712454212455 0.6497634310134311 0.6509081196581197 0.6455662393162395 0.6493818681318683
1 0.553228021978022 0.7363782051282052 0.5482677045177046 0.7306547619047621 0.5455967643467645 0.7279838217338218 0.5425442612942615 0.7245497557997559 0.5402548840048841 0.7222603785103786 0.5391101953601954 0.7199710012210013 0.5375839438339439 0.7169184981684983 0.5356761294261295 0.714247557997558 0.5337683150183151 0.7108134920634921 0.534149877899878 0.707760989010989 0.5356761294261295 0.704708485958486 0.5379655067155068 0.7012744200244201 0.5391101953601954 0.6974587912087913 0.540636446886447 0.6936431623931625 0.5425442612942615 0.6898275335775337 0.5444520757020758 0.6883012820512822 0.5482677045177046 0.685630341880342 0.5520833333333335 0.6833409645909647 0.5551358363858365 0.6821962759462761 0.5585699023199024 0.6818147130647131 0.5627670940170941 0.6821962759462761 0.5669642857142858 0.6837225274725276 0.5700167887667889 0.6852487789987791 0.5730692918192919 0.6879197191697192 0.5757402319902322 0.6890644078144079 0.5787927350427352 0.6902090964590966 0.5807005494505495 0.6917353479853481 0.582608363858364 0.6959325396825398 0.5837530525030525 0.6989850427350428 0.5845161782661783 0.7008928571428572 0.5868055555555556 0.7039453601953604 0.5875686813186813 0.7058531746031746 0.589094932844933 0.7096688034188036 0.5906211843711844 0.714247557997558 0.5910027472527474 0.7184447496947498 0.5910027472527474 0.7218788156288157 0.5910027472527474 0.7245497557997559 0.5910027472527474 0.7283653846153847 0.5898580586080586 0.7329441391941393 0.5875686813186813 0.7356150793650794 0.5845161782661783 0.7386675824175825 0.5810821123321124 0.7409569597069599 0.576121794871795 0.7443910256410257 0.5730692918192919 0.7459172771672773 0.5692536630036631 0.7470619658119659 0.5658195970695972 0.7470619658119659 0.5623855311355312 0.7443910256410257 0.5585699023199024 0.7413385225885226
1 0.5684905372405373 0.5723061660561661 0.5612408424908426 0.5669642857142858 0.5600961538461539 0.5650564713064714 0.5581883394383396 0.5631486568986569 0.5570436507936508 0.5608592796092797 0.5555173992673994 0.5585699023199024 0.5536095848595849 0.5558989621489623 0.5513202075702076 0.5524648962148964 0.5497939560439561 0.5497939560439561 0.5494123931623933 0.5459783272283274 0.5494123931623933 0.5429258241758242 0.5513202075702076 0.5394917582417583 0.553228021978022 0.537202380952381 0.5558989621489623 0.5345314407814409 0.5589514652014653 0.5330051892551892 0.5623855311355312 0.5318605006105006 0.56620115995116 0.530715811965812 0.5692536630036631 0.5303342490842491 0.5742139804639805 0.530715811965812 0.5784111721611722 0.5314789377289377 0.582608363858364 0.5326236263736264 0.5875686813186813 0.534149877899878 0.5910027472527474 0.5364392551892553 0.5948183760683762 0.5391101953601954 0.5978708791208792 0.5413995726495727 0.6001602564102565 0.54368894993895 0.6028311965811967 0.5455967643467645 0.6047390109890111 0.5478861416361417 0.6070283882783883 0.5505570818070818 0.6093177655677657 0.5539911477411478 0.6104624542124543 0.5570436507936508 0.61122557997558 0.559714590964591 0.6116071428571429 0.5635302197802198 0.6116071428571429 0.5669642857142858 0.6104624542124543 0.5707799145299146 0.6085546398046399 0.5757402319902322 0.6066468253968255 0.5787927350427352 0.6039758852258853 0.5810821123321124 0.5997786935286936 0.5822268009768011 0.5963446275946277 0.5822268009768011 0.5917658730158731 0.582608363858364 0.5879502442002443 0.5822268009768011 0.5845161782661783 0.5810821123321124 0.5787927350427352 0.5784111721611722 0.5742139804639805 0.5757402319902322
1 0.8332951770451771 0.5074404761904762 0.8321504884004884 0.5047695360195361 0.827190170940171 0.4998092185592186 0.8256639194139195 0.4971382783882784 0.8237561050061051 0.495230463980464 0.8214667277167279 0.4929410866910867 0.8187957875457876 0.4898885836385836 0.8165064102564104 0.4868360805860806 0.8153617216117216 0.48416514041514047 0.8149801587301587 0.48111263736263743 0.8149801587301587 0.4784416971916972 0.8149801587301587 0.47577075702075705 0.8157432844932846 0.47309981684981683 0.8168879731379732 0.4700473137973138 0.8180326617826619 0.4673763736263737 0.8191773504273505 0.46432387057387065 0.820703601953602 0.4620344932844933 0.8226114163614164 0.45936355311355315 0.824519230769231 0.45707417582417587 0.8268086080586081 0.45478479853479853 0.8290979853479854 0.45211385836385837 0.8321504884004884 0.45058760683760685 0.8336767399267401 0.4509691697191698 0.8374923687423689 0.45211385836385837 0.8397817460317462 0.45287698412698413 0.8428342490842492 0.4540216727716728 0.8455051892551892 0.45478479853479853 0.8474130036630038 0.4559294871794872 0.8493208180708182 0.45669261294261293 0.8523733211233212 0.4578373015873016 0.8554258241758242 0.45898199023199027 0.8580967643467645 0.4601266788766789 0.8615308302808304 0.46165293040293043 0.8642017704517706 0.46356074481074483 0.8664911477411478 0.46470543345543347 0.868780525030525 0.46661324786324787 0.8710699023199024 0.4681394993894994 0.8733592796092797 0.4708104395604396 0.8764117826617828 0.47386294261294265 0.8790827228327228 0.47729700854700857 0.8809905372405373 0.47996794871794873 0.8825167887667889 0.48302045177045183 0.8844246031746033 0.4864545177045177 0.8851877289377291 0.4895070207570208 0.8851877289377291 0.49255952380952384 0.8855692918192919 0.4956120268620269 0.8851877289377291 0.49942765567765574 0.8844246031746033 0.5032432844932846 0.8832799145299146 0.5059142246642246 0.8821352258852261 0.5093482905982907 0.8802274114774116 0.5131639194139195 0.8775564713064714 0.5158348595848596 0.8745039682539684 0.5181242368742369 0.8718330280830282 0.5204136141636142 0.868780525030525 0.5223214285714286 0.865728021978022 0.5230845543345544 0.862675518925519 0.5238476800976801 0.8588598901098902 0.5234661172161172 0.8546626984126985 0.5223214285714286 0.8519917582417583 0.5204136141636142 0.8481761294261295 0.5181242368742369 0.8443605006105007 0.5158348595848596 0.8405448717948719 0.5131639194139195 0.837110805860806 0.5097298534798536
1 0.30635683760683763 0.6203830891330891 0.30406746031746035 0.6192384004884006 0.301778083028083 0.6165674603174605 0.2991071428571429 0.6123702686202688 0.29796245421245426 0.6093177655677657 0.2975808913308914 0.6047390109890111 0.29681776556776557 0.6001602564102565 0.29719932844932845 0.5948183760683762 0.2983440170940171 0.5913843101343103 0.29987026862026867 0.589094932844933 0.30215964590964595 0.5871871184371185 0.30406746031746035 0.5845161782661783 0.3067384004884005 0.5814636752136753 0.3105540293040293 0.5780296092796093 0.31398809523809523 0.5753586691086692 0.3178037240537241 0.5726877289377291 0.3216193528693529 0.5700167887667889 0.32505341880341887 0.5688721001221002 0.3300137362637363 0.5669642857142858 0.3326846764346765 0.5665827228327228 0.3368818681318682 0.5665827228327228 0.34184218559218565 0.5665827228327228 0.3468025030525031 0.5669642857142858 0.3506181318681319 0.5681089743589745 0.3529075091575092 0.5696352258852259 0.3544337606837607 0.5719246031746033 0.3563415750915751 0.579555860805861 0.3563415750915751 0.5837530525030525 0.35557844932844934 0.5887133699633701 0.3548153235653236 0.592147435897436 0.35328907203907206 0.5959630647130648 0.35176282051282054 0.5993971306471307 0.34947344322344326 0.6032127594627597 0.3471840659340659 0.6070283882783883 0.3441315628815629 0.6100808913308914 0.34184218559218565 0.6119887057387058 0.33917124542124544 0.6142780830280831 0.3368818681318682 0.6154227716727718 0.334210927960928 0.6169490231990232 0.33115842490842495 0.6184752747252749 0.32619810744810745 0.6200015262515264 0.3216193528693529 0.6211462148962149 0.31818528693528697 0.6219093406593408 0.3151327838827839 0.6222909035409037 0.3124618437118437 0.6222909035409037
1 0.3281059218559219 0.511637667887668 0.32467185592185593 0.5108745421245422 0.3174221611721612 0.5070589133089133 0.3158959096459097 0.5036248473748474 0.31475122100122105 0.5005723443223443 0.31398809523809523 0.4971382783882784 0.31360653235653235 0.4933226495726496 0.31360653235653235 0.4891254578754579 0.31398809523809523 0.4849282661782662 0.3151327838827839 0.482257326007326 0.31665903540903545 0.4795863858363859 0.31818528693528697 0.47729700854700857 0.3197115384615385 0.47386294261294265 0.32123778998779 0.4708104395604396 0.32276404151404153 0.46775793650793657 0.32505341880341887 0.46432387057387065 0.3273427960927961 0.46088980463980467 0.32963217338217343 0.4578373015873016 0.33230311355311354 0.4551663614163614 0.33497405372405376 0.45287698412698413 0.33840811965811973 0.4517322954822955 0.3433684371184372 0.45020604395604397 0.34756562881562886 0.4498244810744811 0.3521443833943834 0.45020604395604397 0.3551968864468865 0.4509691697191698 0.35863095238095244 0.4513507326007326 0.36092032967032966 0.4517322954822955 0.3628281440781441 0.4524954212454213 0.36435439560439564 0.4578373015873016 0.36435439560439564 0.4612713675213675 0.36435439560439564 0.46508699633699635 0.363209706959707 0.4689026251526252 0.3624465811965812 0.47233669108669113 0.3616834554334555 0.4769154456654457 0.3605387667887668 0.48149420024420025 0.3597756410256411 0.48416514041514047 0.35901251526251526 0.4879807692307693 0.35748626373626374 0.49217796092796096 0.35672313797313804 0.495230463980464 0.35557844932844934 0.49828296703296704 0.3540521978021978 0.5009539072039072 0.3525259462759463 0.5032432844932846 0.3506181318681319 0.5062957875457876 0.3483287545787546 0.5085851648351648 0.3452762515262516 0.5104929792429792 0.34260531135531136 0.511637667887668 0.33917124542124544 0.5124007936507937 0.3353556166056166 0.5127823565323566
1 0.9969856532356532 0.6329746642246643 0.9901175213675214 0.6337377899877901 0.985538766788767 0.6337377899877901 0.981723137973138 0.6333562271062273 0.9775259462759464 0.6318299755799757 0.9748550061050062 0.630685286935287 0.9725656288156289 0.6295405982905984 0.9698946886446886 0.6268696581196581 0.9672237484737486 0.6238171550671551 0.9653159340659342 0.6200015262515264 0.9637896825396826 0.6169490231990232 0.9634081196581197 0.6123702686202688 0.9630265567765568 0.6074099511599512 0.9630265567765568 0.6035943223443224 0.9645528083028084 0.6005418192918194 0.9668421855921856 0.5978708791208792 0.9695131257631259 0.5944368131868133 0.9718025030525032 0.5925289987789989 0.975618131868132 0.5906211843711844 0.9798153235653236 0.5879502442002443 0.9836309523809524 0.5860424297924299 0.9866834554334555 0.5845161782661783 0.9901175213675214 0.5829899267399269 0.9935515873015873 0.5814636752136753 0.9966040903540904 0.5810821123321124 0.9989583333333333 0.5810821123321124 0.9989583333333333 0.6337377899877901
1 0.9977487789987791 0.5185057997557998 0.9889728327228329 0.5188873626373627 0.9870650183150184 0.5181242368742369 0.9832493894993896 0.5169795482295483 0.9801968864468865 0.5154532967032968 0.9775259462759464 0.5143086080586081 0.9752365689865691 0.5127823565323566 0.972184065934066 0.5112561050061051 0.9695131257631259 0.5089667277167277 0.9664606227106227 0.5066773504273504 0.9634081196581197 0.5043879731379731 0.9603556166056166 0.5020985958485958 0.9580662393162395 0.4998092185592186 0.956158424908425 0.4967567155067155 0.9546321733821734 0.49408577533577536 0.9527243589743591 0.49065170940170943 0.9511981074481075 0.4875992063492064 0.9504349816849818 0.47996794871794873 0.9504349816849818 0.47729700854700857 0.9504349816849818 0.4750076312576313 0.9508165445665446 0.47233669108669113 0.9519612332112334 0.4692841880341881 0.9531059218559219 0.46661324786324787 0.9542506105006106 0.46356074481074483 0.9565399877899878 0.45974511599511597 0.9584478021978023 0.4586004273504274 0.9615003052503054 0.45745573870573875 0.9641712454212455 0.45707417582417587 0.969131562881563 0.45631105006105005 0.9718025030525032 0.45631105006105005 0.9744734432234433 0.45631105006105005 0.9763812576312577 0.45707417582417587 0.9794337606837609 0.45821886446886445 0.9813415750915752 0.45898199023199027 0.9840125152625153 0.4605082417582418 0.9863018925518927 0.4620344932844933 0.98859126984127 0.46356074481074483 0.99126221001221 0.46546855921855923 0.9946962759462761 0.46775793650793657 0.9969856532356532 0.4696657509157509 0.9988934676434678 0.4711920024420025 0.9989583333333333 0.4711920024420025 0.9989583333333333 0.5165979853479854
1 0.7642322954822957 0.37007783882783885 0.7657585470085471 0.3651175213675214 0.7665216727716728 0.3628281440781441 0.7680479242979243 0.35939407814407814 0.7695741758241759 0.35710470085470086 0.7726266788766789 0.3540521978021978 0.7745344932844934 0.3529075091575092 0.7772054334554336 0.35176282051282054 0.7802579365079366 0.3509996947496948 0.7836920024420025 0.34985500610500614 0.7875076312576313 0.34871031746031744 0.7909416971916973 0.34794719169719174 0.795138888888889 0.34756562881562886 0.8008623321123323 0.34794719169719174 0.8058226495726496 0.34871031746031744 0.8092567155067155 0.34985500610500614 0.8134539072039073 0.35138125763125766 0.8157432844932846 0.3521443833943834 0.8187957875457876 0.35328907203907206 0.8218482905982907 0.3544337606837607 0.8252823565323566 0.3559600122100122 0.8279532967032969 0.35748626373626374 0.8317689255189256 0.36015720390720396 0.8348214285714287 0.3628281440781441 0.8374923687423689 0.3654990842490842 0.8394001831501832 0.3693147130647131 0.843597374847375 0.3719856532356533 0.8439789377289378 0.3746565934065934 0.8443605006105007 0.37694597069597074 0.8432158119658121 0.37923534798534797 0.8413079975579977 0.38266941391941395 0.8397817460317462 0.38610347985347987 0.8378739316239318 0.3891559829059829 0.8363476800976801 0.39182692307692313 0.8344398656898658 0.39411630036630035 0.8298611111111112 0.39678724053724057 0.8279532967032969 0.3975503663003663 0.8233745421245422 0.3983134920634921 0.8187957875457876 0.39869505494505497 0.8153617216117216 0.39869505494505497 0.8104014041514043 0.39945818070818073 0.8062042124542125 0.3998397435897436 0.8016254578754579 0.39945818070818073 0.7970467032967034 0.3983134920634921 0.7928495115995117 0.39678724053724057 0.78865231990232 0.39602411477411475 0.7833104395604397 0.39487942612942617 0.7794948107448109 0.39449786324786323 0.7779685592185593 0.39335317460317465 0.7760607448107449 0.39259004884004883 0.7733898046398048 0.3910637973137973 0.7699557387057389 0.38991910866910867 0.7669032356532358 0.38839285714285715 0.7638507326007328 0.38610347985347987 0.7619429181929183 0.3838141025641026 0.7619429181929183 0.3811431623931624 0.7615613553113554 0.37732753357753357 0.7623244810744811 0.3735119047619048
1 0.579555860805861 0.34260531135531136 0.5787927350427352 0.3368818681318682 0.5787927350427352 0.33382936507936506 0.5787927350427352 0.3292506105006105 0.5791742979242981 0.3258165445665446 0.5803189865689866 0.3231456043956044 0.582608363858364 0.3197115384615385 0.5852793040293042 0.3174221611721612 0.5883318070818072 0.31551434676434675 0.5913843101343103 0.31436965811965817 0.5940552503052504 0.31360653235653235 0.5974893162393163 0.3124618437118437 0.601686507936508 0.3109355921855922 0.6047390109890111 0.31017246642246643 0.6074099511599512 0.31017246642246643 0.6119887057387058 0.3097909035409036 0.6142780830280831 0.3097909035409036 0.6173305860805861 0.3097909035409036 0.6219093406593408 0.3105540293040293 0.627251221001221 0.31169871794871795 0.630685286935287 0.31284340659340665 0.6348824786324787 0.31398809523809523 0.6375534188034189 0.31551434676434675 0.6406059218559219 0.3170405982905983 0.643658424908425 0.31894841269841273 0.6459478021978023 0.32047466422466425 0.6478556166056166 0.3235271672771673 0.6493818681318683 0.3254349816849817 0.6509081196581197 0.32848748473748474 0.6520528083028084 0.33230311355311354 0.6520528083028084 0.3357371794871795 0.6524343711843713 0.33878968253968256 0.6524343711843713 0.3441315628815629 0.6520528083028084 0.34794719169719174 0.6505265567765568 0.3509996947496948 0.6493818681318683 0.3529075091575092 0.6482371794871795 0.35672313797313804 0.6467109279609281 0.3597756410256411 0.6432768620268622 0.3613018925518926 0.6394612332112334 0.363209706959707 0.6352640415140416 0.3647359584859585 0.6322115384615385 0.36588064713064716 0.6291590354090355 0.3674068986568987 0.624198717948718 0.36778846153846156 0.6196199633699635 0.3674068986568987 0.6158043345543347 0.3666437728937729 0.6123702686202688 0.3654990842490842 0.6089362026862027 0.3647359584859585 0.6047390109890111 0.363209706959707 0.6005418192918194 0.3616834554334555 0.5967261904761905 0.3597756410256411 0.5932921245421245 0.3578678266178266 0.5887133699633701 0.3551968864468865 0.5852793040293042 0.3521443833943834 0.582608363858364 0.34947344322344326
1 0.4914148351648352 0.2300442612942613 0.4891254578754579 0.22508394383394387 0.4891254578754579 0.22203144078144083 0.4891254578754579 0.21974206349206352 0.4898885836385836 0.2163079975579976 0.49065170940170943 0.21363705738705743 0.4914148351648352 0.21058455433455434 0.49217796092796096 0.2075320512820513 0.4937042124542125 0.2029532967032967 0.4956120268620269 0.19837454212454214 0.4979014041514042 0.19417735042735046 0.4998092185592186 0.18959859584859587 0.501717032967033 0.1846382783882784 0.5032432844932846 0.18120421245421248 0.5055326617826618 0.17700702075702077 0.5078220390720392 0.17471764346764349 0.5093482905982907 0.17280982905982908 0.511637667887668 0.17090201465201468 0.5150717338217338 0.16823107448107452 0.5192689255189256 0.16556013431013433 0.5219398656898657 0.1640338827838828 0.5253739316239316 0.1621260683760684 0.5299526862026862 0.15869200244200246 0.5333867521367522 0.1579288766788767 0.5360576923076923 0.15754731379731382 0.5379655067155068 0.15754731379731382 0.540636446886447 0.15716575091575094 0.5429258241758242 0.15754731379731382 0.5459783272283274 0.15869200244200246 0.5494123931623933 0.16021825396825398 0.5528464590964591 0.1625076312576313 0.5551358363858365 0.1640338827838828 0.5585699023199024 0.166704822954823 0.5616224053724055 0.1705204517704518 0.5665827228327228 0.17586233211233215 0.5673458485958487 0.17815170940170943 0.5677274114774116 0.18120421245421248 0.5677274114774116 0.18425671550671555 0.5681089743589745 0.1873092185592186 0.5677274114774116 0.19036172161172163 0.5669642857142858 0.19379578754578755 0.5658195970695972 0.19799297924297926 0.5650564713064714 0.20142704517704518 0.5639117826617828 0.20371642246642246 0.5623855311355312 0.20715048840048841 0.5600961538461539 0.21096611721611724 0.5578067765567767 0.21478174603174605 0.5555173992673994 0.218215811965812 0.553228021978022 0.22203144078144083 0.5505570818070818 0.2262286324786325 0.5482677045177046 0.2300442612942613 0.5455967643467645 0.23385989010989014 0.5433073870573871 0.23691239316239318 0.540636446886447 0.24034645909645913 0.5364392551892553 0.2449252136752137 0.5337683150183151 0.2468330280830281 0.5299526862026862 0.24835927960927962 0.5257554945054945 0.24874084249084252 0.52117673992674 0.24874084249084252 0.5165979853479854 0.24835927960927962 0.5139270451770452 0.24759615384615385 0.5101114163614163 0.24645146520146524 0.508203601953602 0.24606990231990233 0.5028617216117216 0.2445436507936508 0.49942765567765574 0.24339896214896217 0.4971382783882784 0.24072802197802198 0.49446733821733824 0.23767551892551894 0.49217796092796096 0.2346230158730159
1 0.7211156898656899 0.2468330280830281 0.7234050671550672 0.24568833943833948 0.7264575702075703 0.24225427350427353 0.7287469474969476 0.24149114774114777 0.7314178876678877 0.23920177045177046 0.7348519536019537 0.2384386446886447 0.737141330891331 0.23767551892551894 0.7390491452991453 0.23576770451770454 0.740575396825397 0.23385989010989014 0.7428647741147743 0.23195207570207574 0.7451541514041514 0.23157051282051283 0.7478250915750916 0.23157051282051283 0.7512591575091575 0.23157051282051283 0.7546932234432234 0.23157051282051283 0.7592719780219781 0.2323336385836386 0.7695741758241759 0.23347832722832726 0.7733898046398048 0.23424145299145302 0.7768238705738707 0.23538614163614166 0.7814026251526252 0.23691239316239318 0.7852182539682541 0.23805708180708185 0.7878891941391942 0.23996489621489622 0.7905601343101344 0.24225427350427353 0.7924679487179488 0.24378052503052505 0.7970467032967034 0.24912240537240538 0.7978098290598292 0.2525564713064713 0.7978098290598292 0.2578983516483517 0.7966651404151405 0.26247710622710624 0.7943757631257633 0.26591117216117216 0.7909416971916973 0.26896367521367526 0.7875076312576313 0.2704899267399268 0.7840735653235654 0.2720161782661783 0.7798763736263737 0.2735424297924298 0.7768238705738707 0.2746871184371185 0.7745344932844934 0.2754502442002442 0.7718635531135531 0.27621336996337004 0.7688110500610501 0.27659493284493286 0.7649954212454213 0.27659493284493286 0.7619429181929183 0.27659493284493286 0.7577457264957267 0.27621336996337004 0.7520222832722834 0.2754502442002442 0.7497329059829061 0.2746871184371185 0.7451541514041514 0.2739239926739927 0.7413385225885226 0.27277930402930406 0.737141330891331 0.27163461538461536 0.7325625763125764 0.2704899267399268 0.7291285103785105 0.26972680097680096 0.7245497557997559 0.26934523809523814 0.7214972527472528 0.26896367521367526 0.7180631868131868 0.2670558608058608 0.7157738095238096 0.2647664835164835 0.7146291208791209 0.26209554334554336 0.714247557997558 0.25827991452991456 0.714247557997558 0.25446428571428575 0.7153922466422468 0.25179334554334554 0.7169184981684983 0.24950396825396828
1 0.8558073870573871 0.2868971306471307 0.8546626984126985 0.28537087912087916 0.8504655067155068 0.27888431013431014 0.849702380952381 0.27621336996337004 0.8493208180708182 0.27277930402930406 0.8493208180708182 0.2704899267399268 0.849702380952381 0.2678189865689866 0.8504655067155068 0.2647664835164835 0.8516101953601954 0.26209554334554336 0.853136446886447 0.2598061660561661 0.8554258241758242 0.2575167887667888 0.8577152014652015 0.2556089743589744 0.8603861416361417 0.25331959706959706 0.8630570818070818 0.25179334554334554 0.865728021978022 0.250267094017094 0.8706883394383396 0.2468330280830281 0.8737408424908426 0.24530677655677657 0.8771749084249085 0.24378052503052505 0.8798458485958487 0.2426358363858364 0.8825167887667889 0.24149114774114777 0.8851877289377291 0.24034645909645913 0.8878586691086692 0.23958333333333337 0.892055860805861 0.2384386446886447 0.8954899267399269 0.23805708180708185 0.8989239926739928 0.23805708180708185 0.9042658730158731 0.23805708180708185 0.9076999389499391 0.23805708180708185 0.9118971306471307 0.2388202075702076 0.9157127594627597 0.23958333333333337 0.9180021367521368 0.24072802197802198 0.9202915140415141 0.2426358363858364 0.9229624542124543 0.2445436507936508 0.9260149572649573 0.24797771672771676 0.9283043345543347 0.2510302197802198 0.9294490231990232 0.2540827228327229 0.9298305860805861 0.2578983516483517 0.9294490231990232 0.2613324175824176 0.9286858974358976 0.26438492063492064 0.9267780830280831 0.26896367521367526 0.9233440170940171 0.2731608669108669 0.9199099511599512 0.2758318070818071 0.9153311965811967 0.27964743589743596 0.911134004884005 0.282699938949939 0.9069368131868133 0.28537087912087916 0.9031211843711844 0.28727869352869356 0.8989239926739928 0.28918650793650796 0.895108363858364 0.2907127594627595 0.8916742979242981 0.2914758852258853 0.8867139804639805 0.2930021367521368 0.8813721001221002 0.29338369963369965 0.8764117826617828 0.2941468253968254 0.8710699023199024 0.29490995115995117 0.8664911477411478 0.29490995115995117 0.8634386446886447 0.29452838827838834 0.8600045787545788 0.292239010989011
1 0.8264270451770452 0.16517857142857145 0.8294795482295483 0.15983669108669113 0.830624236874237 0.15678418803418806 0.8321504884004884 0.15487637362637366 0.8336767399267401 0.15296855921855926 0.8363476800976801 0.15106074481074483 0.840163308913309 0.1491529304029304 0.8458867521367522 0.14762667887667888 0.8500839438339439 0.14686355311355312 0.8542811355311356 0.14686355311355312 0.8596230158730159 0.14686355311355312 0.8630570818070818 0.1480082417582418 0.8676358363858365 0.1491529304029304 0.8710699023199024 0.15029761904761907 0.8737408424908426 0.15106074481074483 0.8771749084249085 0.15296855921855926 0.8806089743589745 0.15525793650793654 0.8851877289377291 0.1583104395604396 0.8878586691086692 0.1605998168498169 0.8897664835164836 0.1625076312576313 0.8909111721611722 0.16556013431013433 0.8909111721611722 0.16975732600732604 0.8909111721611722 0.17280982905982908 0.8909111721611722 0.17662545787545791 0.8901480463980465 0.1808226495726496 0.8893849206349207 0.18311202686202688 0.8878586691086692 0.18654609279609283 0.8867139804639805 0.18845390720390723 0.8848061660561661 0.19036172161172163 0.8821352258852261 0.19188797313797318 0.8783195970695972 0.1930326617826618 0.8741224053724055 0.19379578754578755 0.8691620879120879 0.19417735042735046 0.8634386446886447 0.19417735042735046 0.8600045787545788 0.19417735042735046 0.8538995726495727 0.1934142246642247 0.8474130036630038 0.19226953601953603 0.8443605006105007 0.1911248473748474 0.8394001831501832 0.189217032967033 0.8336767399267401 0.18616452991452992 0.8313873626373628 0.18311202686202688 0.8298611111111112 0.17929639804639808 0.8279532967032969 0.1750992063492064 0.8268086080586081 0.1705204517704518
1 0.9573031135531136 0.21516330891330895 0.9477640415140416 0.21020299145299148 0.9447115384615385 0.20867673992673996 0.9416590354090355 0.20638736263736265 0.9393696581196581 0.20447954822954825 0.936698717948718 0.20142704517704518 0.9351724664224665 0.19875610500610502 0.9340277777777779 0.19608516483516486 0.9336462148962149 0.19188797313797318 0.9340277777777779 0.1888354700854701 0.9355540293040294 0.1850198412698413 0.9378434065934067 0.18120421245421248 0.939751221001221 0.1785332722832723 0.9435668498168499 0.17586233211233215 0.9470009157509158 0.1743360805860806 0.9504349816849818 0.17395451770451772 0.9534874847374848 0.17357295482295484 0.9576846764346765 0.17357295482295484 0.9615003052503054 0.17395451770451772 0.9656974969474971 0.17471764346764349 0.969131562881563 0.17586233211233215 0.9725656288156289 0.17700702075702077 0.975618131868132 0.17815170940170943 0.978670634920635 0.18005952380952384 0.981723137973138 0.18234890109890112 0.9847756410256411 0.1846382783882784 0.9870650183150184 0.18692765567765568 0.9893543956043958 0.189217032967033 0.99126221001221 0.19265109890109894 0.9931700244200244 0.19608516483516486 0.9939331501831502 0.19951923076923078 0.9943147130647131 0.2029532967032967 0.9943147130647131 0.2075320512820513 0.9939331501831502 0.21096611721611724 0.9920253357753359 0.21325549450549453 0.9893543956043958 0.21592643467643471 0.9859203296703298 0.21783424908424912 0.9775259462759464 0.21974206349206352 0.972184065934066 0.21974206349206352 0.9656974969474971 0.218215811965812
1 0.8546626984126985 0.06902472527472532 0.8535180097680098 0.06749847374847379 0.8523733211233212 0.06444597069597073 0.8516101953601954 0.06177503052503056 0.8516101953601954 0.05834096459096463 0.8523733211233212 0.05414377289377293 0.8542811355311356 0.049946581196581234 0.8565705128205129 0.047275641025641066 0.8584783272283274 0.04536782661782666 0.862675518925519 0.0423153235653236 0.8661095848595849 0.040025946275946314 0.8703067765567767 0.037736568986569026 0.8748855311355312 0.03621031746031749 0.8783195970695972 0.03468406593406597 0.8828983516483517 0.03277625152625156 0.8870955433455434 0.032013125763125795 0.8916742979242981 0.032013125763125795 0.8962530525030525 0.032013125763125795 0.9008318070818072 0.032013125763125795 0.9050289987789989 0.032394688644688675 0.9096077533577535 0.03277625152625156 0.9149496336996338 0.0339209401709402 0.9183836996336997 0.03582875457875461 0.9210546398046399 0.037736568986569026 0.9229624542124543 0.039644383394383434 0.9244887057387058 0.0423153235653236 0.9252518315018317 0.04498626373626378 0.9260149572649573 0.04613095238095242 0.9279227716727718 0.049183455433455474 0.9290674603174605 0.05223595848595852 0.9294490231990232 0.05605158730158734 0.9294490231990232 0.05834096459096463 0.9283043345543347 0.06177503052503056 0.927159645909646 0.06444597069597073 0.9260149572649573 0.06673534798534803 0.9248702686202688 0.06902472527472532 0.9225808913308914 0.0713141025641026 0.9199099511599512 0.07284035409035414 0.9172390109890111 0.07512973137973142 0.9134233821733823 0.07741910866910871 0.9096077533577535 0.07932692307692311 0.9076999389499391 0.079708485958486 0.9050289987789989 0.08047161172161175 0.9027396214896215 0.08085317460317464 0.9000686813186813 0.08123473748473753 0.8970161782661783 0.08161630036630041 0.892055860805861 0.08199786324786329 0.8874771062271063 0.08199786324786329 0.8817536630036631 0.08199786324786329 0.8764117826617828 0.08161630036630041 0.8729777167277167 0.08085317460317464 0.868780525030525 0.079708485958486 0.8653464590964592 0.07818223443223447 0.8607677045177046 0.0755112942612943 0.8577152014652015 0.07284035409035414
1 0.38991910866910867 0.07436660561660566 0.38266941391941395 0.06978785103785108 0.3799984737484738 0.06826159951159955 0.37770909645909645 0.06673534798534803 0.37503815628815634 0.06482753357753361 0.3723672161172161 0.06291971916971921 0.37007783882783885 0.060630341880341915 0.3685515873015873 0.05872252747252751 0.3670253357753358 0.05605158730158734 0.36588064713064716 0.05338064713064717 0.36435439560439564 0.049565018315018354 0.3635912698412699 0.04613095238095242 0.3628281440781441 0.04307844932844937 0.3624465811965812 0.04078907203907208 0.36206501831501836 0.038118131868131906 0.3616834554334555 0.03582875457875461 0.36206501831501836 0.03277625152625156 0.3624465811965812 0.028579059829059863 0.3639728327228327 0.02590811965811969 0.3651175213675214 0.02323717948717952 0.3674068986568987 0.02056623931623935 0.36969627594627597 0.019039987789987823 0.37160409035409037 0.01789529914529918 0.3742750305250305 0.01713217338217342 0.37694597069597074 0.016369047619047655 0.37923534798534797 0.015987484737484774 0.3815247252747253 0.015987484737484774 0.38495879120879123 0.014079670329670365 0.38686660561660563 0.014079670329670365 0.3887744200244201 0.014079670329670365 0.3914453601953602 0.014842796092796129 0.39373473748473753 0.01560592185592189 0.3975503663003663 0.0175137362637363 0.401747557997558 0.020184676434676467 0.40556318681318687 0.02285561660561664 0.4093788156288156 0.02552655677655681 0.41357600732600736 0.029342185592185623 0.4166285103785104 0.03277625152625156 0.41891788766788773 0.036973443223443266 0.42044413919413925 0.04078907203907208 0.42082570207570213 0.04307844932844937 0.4219703907203908 0.0465125152625153 0.42235195360195366 0.049946581196581234 0.42311507936507936 0.05299908424908429 0.42311507936507936 0.0568147130647131 0.42311507936507936 0.06139346764346768 0.42235195360195366 0.06444597069597073 0.42082570207570213 0.06749847374847379 0.4173916361416362 0.07207722832722836 0.4143391330891331 0.07436660561660566 0.4112866300366301 0.0755112942612943 0.40289224664224665 0.07589285714285718 0.39678724053724057 0.07627442002442006
1 0.7321810134310135 0.07856379731379735 0.7230235042735044 0.079708485958486 0.7199710012210013 0.079708485958486 0.7176816239316239 0.079708485958486 0.7150106837606838 0.08009004884004887 0.7108134920634921 0.08009004884004887 0.7073794261294263 0.07932692307692311 0.7035637973137975 0.07818223443223447 0.701655982905983 0.07741910866910871 0.6993666056166057 0.07284035409035414 0.6989850427350428 0.06826159951159955 0.6993666056166057 0.06444597069597073 0.7005112942612944 0.06139346764346768 0.7024191086691087 0.05872252747252751 0.704708485958486 0.05643315018315022 0.7069978632478634 0.05452533577533581 0.7089056776556777 0.0526175213675214 0.7123397435897437 0.050709706959706995 0.7146291208791209 0.049183455433455474 0.7173000610500612 0.047275641025641066 0.7195894383394384 0.04498626373626378 0.7222603785103786 0.0423153235653236 0.7237866300366301 0.040407509157509194 0.7256944444444445 0.038118131868131906 0.7287469474969476 0.03582875457875461 0.7321810134310135 0.03468406593406597 0.7356150793650794 0.0339209401709402 0.7398122710622712 0.03430250305250309 0.7436278998779 0.03506562881562885 0.7478250915750916 0.03544719169719173 0.7508775946275947 0.03544719169719173 0.7535485347985349 0.03582875457875461 0.7558379120879122 0.036591880341880385 0.7581272893772895 0.038881257631257674 0.7600351037851039 0.04117063492063496 0.7619429181929183 0.04384157509157513 0.7634691697191698 0.047657203907203946 0.7638507326007328 0.050709706959706995 0.7642322954822957 0.05338064713064717 0.7642322954822957 0.0568147130647131 0.7642322954822957 0.059485653235653274 0.7638507326007328 0.06177503052503056 0.7607982295482297 0.06559065934065939 0.7573641636141637 0.06788003663003667 0.7546932234432234 0.06978785103785108 0.7512591575091575 0.07093253968253972 0.7482066544566545 0.07398504273504278 0.7440094627594629 0.07589285714285718 0.7386675824175825 0.07741910866910871
1 0.9214362026862027 0.3490918803418804 0.9187652625152627 0.34756562881562886 0.9164758852258853 0.3445131257631258 0.9160943223443224 0.34184218559218565 0.9168574481074482 0.3380265567765568 0.9183836996336997 0.33382936507936506 0.920673076923077 0.3300137362637363 0.9225808913308914 0.3273427960927961 0.9252518315018317 0.32505341880341887 0.9325015262515264 0.3185668498168498 0.9389880952380953 0.31360653235653235 0.9416590354090355 0.31208028083028083 0.9443299755799757 0.3109355921855922 0.9470009157509158 0.30940934065934067 0.9500534188034189 0.3082646520146521 0.9534874847374848 0.3071199633699634 0.9588293650793652 0.30597527472527475 0.9634081196581197 0.305212148962149 0.9656974969474971 0.3048305860805861 0.9687500000000001 0.30368589743589747 0.9725656288156289 0.30368589743589747 0.9779075091575092 0.30368589743589747 0.9813415750915752 0.30406746031746035 0.985538766788767 0.30635683760683763 0.9874465811965812 0.30750152625152627 0.9901175213675214 0.30940934065934067 0.99126221001221 0.3113171550671551 0.9920253357753359 0.31398809523809523 0.9927884615384617 0.31627747252747257 0.9920253357753359 0.31894841269841273 0.9878281440781441 0.32085622710622713 0.9843940781440782 0.32238247863247865 0.9824862637362639 0.3254349816849817 0.9805784493284494 0.3288690476190476 0.9790521978021979 0.3326846764346765 0.9782890720390721 0.3353556166056166 0.975618131868132 0.33917124542124544 0.9737103174603176 0.34107905982905984 0.9702762515262516 0.3448946886446887 0.9687500000000001 0.3483287545787546 0.9679868742368744 0.3506181318681319 0.9664606227106227 0.35328907203907206 0.9634081196581197 0.3548153235653236 0.9588293650793652 0.35557844932844934 0.9550137362637364 0.3559600122100122 0.9508165445665446 0.3563415750915751 0.946619352869353 0.3563415750915751 0.9420405982905984 0.35710470085470086 0.9389880952380953 0.35748626373626374 0.9344093406593408 0.35748626373626374 0.9290674603174605 0.3548153235653236 0.9248702686202688 0.3521443833943834
1 0.1659416971916972 0.36015720390720396 0.16746794871794876 0.3548153235653236 0.1678495115995116 0.3529075091575092 0.1701388888888889 0.34947344322344326 0.17204670329670332 0.3471840659340659 0.17395451770451772 0.3456578144078144 0.17662545787545791 0.3445131257631258 0.17967796092796096 0.3422237484737485 0.182730463980464 0.33993437118437125 0.18692765567765568 0.3376449938949939 0.1907432844932845 0.3365003052503053 0.19379578754578755 0.3361187423687424 0.19608516483516486 0.3365003052503053 0.19799297924297926 0.33726343101343104 0.2018086080586081 0.33878968253968256 0.20600579975579977 0.33993437118437125 0.20905830280830281 0.3414606227106228 0.21058455433455434 0.34260531135531136 0.21401862026862029 0.3448946886446887 0.2163079975579976 0.3471840659340659 0.21745268620268624 0.34985500610500614 0.218215811965812 0.3521443833943834 0.21936050061050064 0.3540521978021978 0.22088675213675216 0.3563415750915751 0.22241300366300368 0.3597756410256411 0.22126831501831506 0.3635912698412699 0.21974206349206352 0.3654990842490842 0.21936050061050064 0.37007783882783885 0.21859737484737488 0.3742750305250305 0.21707112332112335 0.37885378510378515 0.21516330891330895 0.38266941391941395 0.21401862026862029 0.38686660561660563 0.21249236874236876 0.3910637973137973 0.20943986568986572 0.39526098901098905 0.20600579975579977 0.39945818070818073 0.20257173382173385 0.401747557997558 0.19990079365079366 0.401747557997558 0.19570360195360198 0.401747557997558 0.19150641025641027 0.40098443223443225 0.1873092185592186 0.3998397435897436 0.18349358974358979 0.3983134920634921 0.18044108669108672 0.39678724053724057 0.17738858363858367 0.39449786324786323 0.17471764346764349 0.39182692307692313 0.17204670329670332 0.3895375457875458 0.16937576312576313 0.38495879120879123 0.16823107448107452 0.3799984737484738 0.16708638583638585 0.3735119047619048 0.166704822954823 0.36778846153846156
1 0.11748321123321127 0.2884233821733822 0.11175976800976804 0.2807921245421246 0.1106150793650794 0.27888431013431014 0.10985195360195363 0.27697649572649574 0.10870726495726499 0.2743055555555556 0.10870726495726499 0.26972680097680096 0.10870726495726499 0.2666742979242979 0.10947039072039075 0.2636217948717949 0.11137820512820516 0.2613324175824176 0.11328601953601956 0.2594246031746032 0.11481227106227111 0.2575167887667888 0.11595695970695975 0.2556089743589744 0.11786477411477415 0.25370115995116 0.11977258852258857 0.25293803418803423 0.12129884004884009 0.25179334554334554 0.12396978021978027 0.2514117826617827 0.1274038461538462 0.2514117826617827 0.13465354090354092 0.24988553113553116 0.13808760683760687 0.250267094017094 0.14114010989010992 0.2510302197802198 0.14304792429792432 0.25179334554334554 0.14648199023199027 0.25293803418803423 0.15029761904761907 0.25331959706959706 0.1533501221001221 0.25370115995116 0.15640262515262518 0.25446428571428575 0.16021825396825398 0.2556089743589744 0.16365231990231993 0.25675366300366304 0.16746794871794876 0.2575167887667888 0.17128357753357756 0.2590430402930403 0.1743360805860806 0.26056929181929184 0.17815170940170943 0.26247710622710624 0.18044108669108672 0.2647664835164835 0.18234890109890112 0.2670558608058608 0.1846382783882784 0.26934523809523814 0.18616452991452992 0.27163461538461536 0.1873092185592186 0.27697649572649574 0.1873092185592186 0.2823183760683761 0.18540140415140416 0.2861340048840049 0.18196733821733824 0.2884233821733822 0.17738858363858367 0.2926205738705739 0.17357295482295484 0.29529151404151405 0.16975732600732604 0.29643620268620274 0.16517857142857145 0.2994887057387058 0.16288919413919417 0.3010149572649573 0.15983669108669113 0.301778083028083 0.15640262515262518 0.30215964590964595 0.1522054334554335 0.30215964590964595 0.14648199023199027 0.301778083028083 0.14037698412698416 0.29987026862026867 0.13579822954822957 0.29872557997557997 0.13274572649572652 0.2975808913308914 0.12854853479853484 0.29605463980463986
1 0.22126831501831506 0.031250000000000035 0.22203144078144083 0.027052808302808335 0.22355769230769235 0.025144993894993927 0.22508394383394387 0.02285561660561664 0.2262286324786325 0.02094780219780223 0.2281364468864469 0.019421550671550707 0.2300442612942613 0.018276862026862063 0.2323336385836386 0.01713217338217342 0.23576770451770454 0.016369047619047655 0.23920177045177046 0.015987484737484774 0.24339896214896217 0.015987484737484774 0.247214590964591 0.016369047619047655 0.25064865689865695 0.0175137362637363 0.2540827228327229 0.019039987789987823 0.2571352258852259 0.021710927960927995 0.2590430402930403 0.023618742368742403 0.263240231990232 0.027434371184371215 0.26743742368742374 0.031250000000000035 0.26934523809523814 0.03315781440781444 0.2720161782661783 0.03582875457875461 0.2735424297924298 0.037736568986569026 0.27506868131868134 0.040025946275946314 0.27659493284493286 0.04269688644688649 0.2781211843711844 0.04460470085470089 0.28041056166056166 0.048420329670329706 0.2823183760683761 0.05109126984126988 0.28384462759462764 0.05299908424908429 0.2849893162393162 0.05490689865689869 0.28575244200244204 0.05872252747252751 0.28575244200244204 0.06139346764346768 0.28537087912087916 0.06444597069597073 0.28384462759462764 0.06788003663003667 0.2823183760683761 0.07016941391941396 0.2807921245421246 0.07284035409035414 0.27850274725274726 0.07512973137973142 0.2754502442002442 0.0778006715506716 0.27277930402930406 0.079708485958486 0.27010836385836384 0.08085317460317464 0.2666742979242979 0.08237942612942617 0.2628586691086691 0.08314255189255193 0.2609508547008547 0.08352411477411481 0.25675366300366304 0.08276098901098905 0.25331959706959706 0.08047161172161175 0.2514117826617827 0.07894536019536023 0.24835927960927962 0.07703754578754583 0.24378052503052505 0.07284035409035414 0.2411095848595849 0.06978785103785108 0.23805708180708185 0.06635378510378515 0.23500457875457878 0.06291971916971921 0.2323336385836386 0.059867216117216154 0.2300442612942613 0.057196275946275986 0.2281364468864469 0.05376221001221005 0.2262286324786325 0.05109126984126988 0.224702380952381 0.047657203907203946 0.2239392551892552 0.04384157509157513 0.22279456654456659 0.040407509157509194 0.22241300366300368 0.03621031746031749
1 0.15869200244200246 0.08886599511599515 0.1541132478632479 0.08505036630036633 0.15258699633699635 0.08276098901098905 0.15067918192918198 0.079708485958486 0.1495344932844933 0.0778006715506716 0.1480082417582418 0.07322191697191702 0.14762667887667888 0.0713141025641026 0.14724511599511603 0.0694062881562882 0.14724511599511603 0.0671169108669109 0.14724511599511603 0.06330128205128209 0.14724511599511603 0.059485653235653274 0.14762667887667888 0.057196275946275986 0.14877136752136755 0.05452533577533581 0.14991605616605622 0.05223595848595852 0.15106074481074483 0.050328144078144114 0.1533501221001221 0.049183455433455474 0.15525793650793654 0.048420329670329706 0.1583104395604396 0.048038766788766826 0.16327075702075705 0.048038766788766826 0.1659416971916972 0.048420329670329706 0.17166514041514044 0.050709706959706995 0.17395451770451772 0.05185439560439564 0.17700702075702077 0.05338064713064717 0.17967796092796096 0.05452533577533581 0.182730463980464 0.05605158730158734 0.1850198412698413 0.057959401709401746 0.1873092185592186 0.059485653235653274 0.1911248473748474 0.06253815628815633 0.1930326617826618 0.06444597069597073 0.19494047619047622 0.06635378510378515 0.19684829059829062 0.06864316239316244 0.19875610500610502 0.0713141025641026 0.20066391941391942 0.07436660561660566 0.2018086080586081 0.07665598290598294 0.20257173382173385 0.07894536019536023 0.2029532967032967 0.08428724053724057 0.2029532967032967 0.0877213064713065 0.20257173382173385 0.09039224664224668 0.2018086080586081 0.0942078754578755 0.20066391941391942 0.0984050671550672 0.1991376678876679 0.1003128815628816 0.19646672771672774 0.10222069597069601 0.19379578754578755 0.10374694749694753 0.18998015873015875 0.10489163614163617 0.18616452991452992 0.10489163614163617 0.182730463980464 0.10412851037851041 0.17929639804639808 0.10260225885225889 0.1743360805860806 0.10107600732600736 0.17166514041514044 0.10069444444444448 0.16975732600732604 0.1003128815628816 0.166704822954823 0.09802350427350431 0.16556013431013433 0.0961156898656899 0.16327075702075705 0.09306318681318684
1 0.10985195360195363 0.22928113553113555 0.10069444444444448 0.22737332112332115 0.09878663003663007 0.22546550671550675 0.09535256410256414 0.2239392551892552 0.09306318681318684 0.22241300366300368 0.09115537240537244 0.22126831501831506 0.08886599511599515 0.21974206349206352 0.08733974358974363 0.21745268620268624 0.08695818070818075 0.2155448717948718 0.08695818070818075 0.2121108058608059 0.08733974358974363 0.20715048840048841 0.0877213064713065 0.20257173382173385 0.08886599511599515 0.19837454212454214 0.0900106837606838 0.19494047619047622 0.09115537240537244 0.19226953601953603 0.09306318681318684 0.18998015873015875 0.09535256410256414 0.18807234432234435 0.09764194139194142 0.18692765567765568 0.09954975579975583 0.18616452991452992 0.10222069597069601 0.1850198412698413 0.10489163614163617 0.18425671550671555 0.10908882783882787 0.18311202686202688 0.11290445665445668 0.18234890109890112 0.11672008547008551 0.18120421245421248 0.11900946275946281 0.18120421245421248 0.12091727716727721 0.18158577533577536 0.12396978021978027 0.182730463980464 0.12778540903540908 0.18349358974358979 0.13083791208791212 0.18425671550671555 0.13274572649572652 0.18769078144078147 0.13427197802197804 0.1907432844932845 0.13579822954822957 0.1934142246642247 0.13770604395604397 0.19570360195360198 0.14037698412698416 0.19837454212454214 0.14266636141636144 0.19990079365079366 0.1453373015873016 0.20219017094017094 0.14724511599511603 0.20409798534798537 0.14838980463980464 0.20600579975579977 0.14610042735042736 0.20982142857142858 0.14381105006105008 0.21287393162393167 0.14228479853479856 0.2163079975579976 0.14114010989010992 0.21936050061050064 0.1396138583638584 0.22317612942612944 0.13846916971916973 0.2262286324786325 0.13579822954822957 0.2281364468864469 0.13274572649572652 0.22928113553113555 0.13083791208791212 0.22966269841269846 0.1274038461538462 0.2300442612942613 0.12206196581196585 0.23080738705738707 0.11824633699633703 0.23118894993894998
1 0.0003434065934066281 0.34985500610500614 0.004922161172161207 0.3544337606837607 0.009119352869352905 0.35824938949938956 0.012553418803418839 0.3605387667887668 0.015224358974359009 0.3613018925518926 0.020184676434676467 0.3624465811965812 0.02285561660561664 0.3628281440781441 0.026671245421245455 0.363209706959707 0.030868437118437154 0.3635912698412699 0.03468406593406597 0.3635912698412699 0.038881257631257674 0.3635912698412699 0.04193376068376072 0.3635912698412699 0.0465125152625153 0.3624465811965812 0.049183455433455474 0.3616834554334555 0.05185439560439564 0.36092032967032966 0.05452533577533581 0.36015720390720396 0.057196275946275986 0.35901251526251526 0.061011904761904795 0.3559600122100122 0.06291971916971921 0.3540521978021978 0.06482753357753361 0.35176282051282054 0.0671169108669109 0.3490918803418804 0.06902472527472532 0.3456578144078144 0.07016941391941396 0.3433684371184372 0.07016941391941396 0.33878968253968256 0.07016941391941396 0.3345924908424909 0.07016941391941396 0.33039529914529914 0.07055097680097684 0.3258165445665446 0.07093253968253972 0.3216193528693529 0.06788003663003667 0.32085622710622713 0.06597222222222227 0.32047466422466425 0.06406440781440785 0.3200931013431013 0.06177503052503056 0.3193299755799756 0.057959401709401746 0.3178037240537241 0.05528846153846158 0.31665903540903545 0.05147283272283276 0.3151327838827839 0.047657203907203946 0.31360653235653235 0.04422313797313801 0.3124618437118437 0.040407509157509194 0.3113171550671551 0.03621031746031749 0.3105540293040293 0.032394688644688675 0.31017246642246643 0.029342185592185623 0.3097909035409036 0.02552655677655681 0.30940934065934067 0.022092490842490875 0.30940934065934067 0.01713217338217342 0.3097909035409036 0.012553418803418839 0.3105540293040293 0.007974664224664259 0.3113171550671551 0.005303724053724089 0.31208028083028083 0.0018696581196581542 0.31398809523809523 0.0003434065934066281 0.3151327838827839
1 0.038881257631257674 0.4696657509157509 0.032394688644688675 0.46661324786324787 0.03010531135531139 0.46470543345543347 0.02819749694749698 0.4624160561660562 0.02590811965811969 0.45974511599511597 0.024000305250305283 0.45669261294261293 0.02323717948717952 0.4517322954822955 0.02323717948717952 0.4471535409035409 0.024763431013431047 0.4429563492063492 0.027052808302808335 0.43952228327228327 0.029342185592185623 0.4353250915750916 0.032394688644688675 0.4330357142857143 0.03582875457875461 0.430746336996337 0.040407509157509194 0.42807539682539686 0.04574938949938954 0.4254044566544567 0.049183455433455474 0.4238782051282052 0.05338064713064717 0.42311507936507936 0.05834096459096463 0.42235195360195366 0.06215659340659344 0.42235195360195366 0.06520909645909649 0.42235195360195366 0.06826159951159955 0.42235195360195366 0.07055097680097684 0.4227335164835165 0.07436660561660566 0.4234966422466423 0.07818223443223447 0.42425976800976806 0.08199786324786329 0.4257860195360196 0.0858134920634921 0.4269307081807082 0.08924755799755803 0.42845695970695974 0.09306318681318684 0.43036477411477414 0.09573412698412702 0.43379884004884006 0.09726037851037854 0.4368513431013431 0.0984050671550672 0.44104853479853484 0.09878663003663007 0.44677197802197804 0.09802350427350431 0.45287698412698413 0.09573412698412702 0.45669261294261293 0.09230006105006108 0.46088980463980467 0.08962912087912092 0.4627976190476191 0.08619505494505499 0.4639423076923077 0.08237942612942617 0.46546855921855923 0.07894536019536023 0.46661324786324787 0.07474816849816854 0.4681394993894994 0.07093253968253972 0.4692841880341881 0.06635378510378515 0.4715735653235653 0.06253815628815633 0.47309981684981683 0.05834096459096463 0.47348137973137977 0.05452533577533581 0.47348137973137977 0.050328144078144114 0.472718253968254 0.04613095238095242 0.4715735653235653
1 0.0007249694749695096 0.5429258241758242 0.007974664224664259 0.5383470695970697 0.01293498168498172 0.5364392551892553 0.014842796092796129 0.5352945665445666 0.019039987789987823 0.534149877899878 0.02285561660561664 0.5337683150183151 0.02628968253968257 0.5337683150183151 0.02972374847374851 0.5337683150183151 0.03277625152625156 0.5337683150183151 0.03582875457875461 0.5345314407814409 0.03849969474969479 0.5360576923076923 0.04117063492063496 0.5375839438339439 0.04460470085470089 0.5394917582417583 0.046894078144078186 0.5410180097680098 0.049946581196581234 0.5440705128205129 0.05299908424908429 0.546741452991453 0.05452533577533581 0.5494123931623933 0.05528846153846158 0.5524648962148964 0.05528846153846158 0.556280525030525 0.05567002442002446 0.559714590964591 0.05567002442002446 0.5635302197802198 0.05414377289377293 0.5669642857142858 0.05299908424908429 0.5703983516483517 0.05147283272283276 0.5742139804639805 0.049565018315018354 0.5787927350427352 0.048038766788766826 0.5807005494505495 0.04574938949938954 0.5864239926739928 0.0423153235653236 0.5910027472527474 0.040407509157509194 0.5944368131868133 0.036973443223443266 0.5982524420024421 0.032394688644688675 0.6009233821733823 0.029342185592185623 0.6024496336996338 0.02590811965811969 0.6039758852258853 0.02094780219780223 0.6058836996336997 0.015224358974359009 0.608173076923077 0.011790293040293076 0.6089362026862027 0.004922161172161207 0.6093177655677657 9.251858538542971e-19 0.6089391377852917
1 0.1945589133089133 0.5490308302808304 0.1888354700854701 0.5433073870573871 0.18654609279609283 0.5410180097680098 0.18425671550671555 0.537202380952381 0.18311202686202688 0.5326236263736264 0.18311202686202688 0.5284264346764347 0.18387515262515264 0.5249923687423688 0.18540140415140416 0.5219398656898657 0.18692765567765568 0.5188873626373627 0.1888354700854701 0.5162164224664225 0.1907432844932845 0.5135454822954822 0.1934142246642247 0.5108745421245422 0.19570360195360198 0.5089667277167277 0.19799297924297926 0.5070589133089133 0.20104548229548233 0.5055326617826618 0.20486111111111113 0.5036248473748474 0.20791361416361417 0.5020985958485958 0.21058455433455434 0.5009539072039072 0.21516330891330895 0.49942765567765574 0.21974206349206352 0.49828296703296704 0.2243208180708181 0.4975198412698413 0.22928113553113555 0.4975198412698413 0.23309676434676438 0.4975198412698413 0.23691239316239318 0.49828296703296704 0.24072802197802198 0.49942765567765574 0.24568833943833948 0.5013354700854701 0.25064865689865695 0.5032432844932846 0.25293803418803423 0.5047695360195361 0.25637210012210015 0.5089667277167277 0.25866147741147744 0.5135454822954822 0.2594246031746032 0.5192689255189256 0.2598061660561661 0.5230845543345544 0.2598061660561661 0.527281746031746 0.25827991452991456 0.5326236263736264 0.25637210012210015 0.5360576923076923 0.25370115995116 0.5394917582417583 0.2514117826617827 0.5425442612942615 0.24912240537240538 0.5448336385836386 0.24645146520146524 0.5471230158730159 0.24339896214896217 0.5482677045177046 0.23996489621489622 0.5494123931623933 0.23691239316239318 0.550175518925519 0.23195207570207574 0.5513202075702076 0.22775488400488403 0.5517017704517706 0.224702380952381 0.5517017704517706 0.22088675213675216 0.553228021978022 0.21592643467643471 0.556280525030525 0.21325549450549453 0.5566620879120879 0.20791361416361417 0.5558989621489623 0.20447954822954825 0.5539911477411478 0.19951923076923078 0.5517017704517706
1 0.19761141636141638 0.737141330891331 0.18845390720390723 0.7329441391941393 0.18578296703296707 0.7302731990231991 0.18425671550671555 0.7264575702075703 0.182730463980464 0.7230235042735044 0.18158577533577536 0.7188263125763127 0.18044108669108672 0.7146291208791209 0.18005952380952384 0.7104319291819293 0.18005952380952384 0.7054716117216118 0.18005952380952384 0.7005112942612944 0.1808226495726496 0.6966956654456655 0.182730463980464 0.6917353479853481 0.18387515262515264 0.6883012820512822 0.18540140415140416 0.685630341880342 0.18692765567765568 0.682577838827839 0.1888354700854701 0.6806700244200244 0.19265109890109894 0.6772359584859585 0.19532203907203907 0.6745650183150184 0.19761141636141638 0.673038766788767 0.20066391941391942 0.6703678266178268 0.20409798534798537 0.6676968864468865 0.2075320512820513 0.6654075091575092 0.21058455433455434 0.6634996947496948 0.21363705738705743 0.6623550061050062 0.21707112332112335 0.6619734432234433 0.2205051892551893 0.6619734432234433 0.2239392551892552 0.6627365689865691 0.22699175824175827 0.6634996947496948 0.23042582417582422 0.6650259462759464 0.23309676434676438 0.6676968864468865 0.23576770451770454 0.6718940781440782 0.23767551892551894 0.6764728327228329 0.2388202075702076 0.6814331501831502 0.23920177045177046 0.6863934676434678 0.23920177045177046 0.6902090964590966 0.2388202075702076 0.6959325396825398 0.23767551892551894 0.7024191086691087 0.23614926739926742 0.7085241147741148 0.23424145299145302 0.7134844322344324 0.23195207570207574 0.7180631868131868 0.2300442612942613 0.7207341269841271 0.22737332112332115 0.7245497557997559 0.224702380952381 0.7283653846153847 0.22279456654456659 0.7310363247863249 0.2201236263736264 0.7337072649572651 0.21707112332112335 0.7356150793650794 0.21325549450549453 0.737141330891331 0.20943986568986572 0.7382860195360196 0.20371642246642246 0.7382860195360196
1 0.24034645909645913 0.7905601343101344 0.23500457875457878 0.7840735653235654 0.2346230158730159 0.7802579365079366 0.23424145299145302 0.7752976190476191 0.2346230158730159 0.7711004273504275 0.23767551892551894 0.7661401098901099 0.24378052503052505 0.7588904151404152 0.24606990231990233 0.7562194749694751 0.24759615384615385 0.7535485347985349 0.24950396825396828 0.7512591575091575 0.25179334554334554 0.7497329059829061 0.2540827228327229 0.7485882173382173 0.2571352258852259 0.7474435286935288 0.26056929181929184 0.7470619658119659 0.26591117216117216 0.7462988400488402 0.27010836385836384 0.7451541514041514 0.2743055555555556 0.7443910256410257 0.2773580586080586 0.7440094627594629 0.27964743589743596 0.7440094627594629 0.2819368131868132 0.7440094627594629 0.2842261904761905 0.7440094627594629 0.28575244200244204 0.7443910256410257 0.2884233821733822 0.7462988400488402 0.29109432234432236 0.750114468864469 0.292239010989011 0.7546932234432234 0.292239010989011 0.7600351037851039 0.2918574481074481 0.762706043956044 0.29109432234432236 0.7665216727716728 0.2903311965811966 0.7699557387057389 0.2884233821733822 0.7737713675213677 0.28575244200244204 0.7775869963369965 0.2823183760683761 0.7806394993894995 0.27964743589743596 0.7833104395604397 0.27659493284493286 0.7859813797313798 0.2746871184371185 0.7875076312576313 0.2704899267399268 0.7909416971916973 0.26629273504273504 0.7932310744810745 0.2613324175824176 0.7955204517704518 0.2559905372405373 0.7970467032967034 0.25370115995116 0.7970467032967034 0.24950396825396828 0.7962835775335776 0.24339896214896217 0.7936126373626374
1 0.10145757020757024 0.8695436507936508 0.09458943833943838 0.862675518925519 0.09230006105006108 0.8603861416361417 0.09039224664224668 0.8573336385836386 0.08848443223443227 0.8535180097680098 0.0877213064713065 0.8493208180708182 0.08695818070818075 0.8451236263736265 0.08619505494505499 0.8413079975579977 0.08619505494505499 0.8378739316239318 0.08619505494505499 0.8344398656898658 0.08619505494505499 0.8298611111111112 0.08619505494505499 0.8256639194139195 0.08695818070818075 0.8210851648351649 0.08810286935286939 0.8172695360195361 0.08962912087912092 0.8130723443223444 0.09077380952380956 0.8100198412698414 0.09230006105006108 0.8058226495726496 0.09344474969474972 0.8035332722832724 0.09535256410256414 0.8020070207570208 0.0984050671550672 0.8008623321123323 0.10222069597069601 0.7993360805860806 0.10527319902319905 0.798191391941392 0.10908882783882787 0.7970467032967034 0.11290445665445668 0.7959020146520147 0.11672008547008551 0.795138888888889 0.11977258852258857 0.7947573260073262 0.1232066544566545 0.7955204517704518 0.12778540903540908 0.7978098290598292 0.13198260073260076 0.8000992063492064 0.1350351037851038 0.8027701465201466 0.13808760683760687 0.8058226495726496 0.14114010989010992 0.8096382783882785 0.14457417582417584 0.8138354700854702 0.14686355311355312 0.8180326617826619 0.1491529304029304 0.8222298534798536 0.15106074481074483 0.827571733821734 0.1522054334554335 0.8329136141636142 0.15296855921855926 0.8359661172161172 0.1533501221001221 0.8394001831501832 0.1533501221001221 0.843597374847375 0.15373168498168502 0.8493208180708182 0.15373168498168502 0.8535180097680098 0.15296855921855926 0.8573336385836386 0.15144230769230774 0.8607677045177046 0.14991605616605622 0.8630570818070818 0.1480082417582418 0.8649648962148964 0.14457417582417584 0.8676358363858365 0.13999542124542125 0.8703067765567767 0.1369429181929182 0.8729777167277167 0.1331272893772894 0.8752670940170941 0.12893009768009772 0.8775564713064714 0.12473290598290603 0.87870115995116 0.12129884004884009 0.8783195970695972 0.11633852258852263 0.8775564713064714 0.11099664224664228 0.8764117826617828 0.10451007326007329 0.8741224053724055
1 0.1808226495726496 0.9611187423687425 0.18578296703296707 0.9531059218559219 0.18845390720390723 0.949671855921856 0.1907432844932845 0.9470009157509158 0.19379578754578755 0.9439484126984128 0.19761141636141638 0.9412774725274726 0.2033348595848596 0.9389880952380953 0.20715048840048841 0.9378434065934067 0.21249236874236876 0.9370802808302809 0.21783424908424912 0.9370802808302809 0.2243208180708181 0.9370802808302809 0.2281364468864469 0.9374618437118438 0.23195207570207574 0.9386065323565325 0.23500457875457878 0.939751221001221 0.2388202075702076 0.9420405982905984 0.24187271062271065 0.9439484126984128 0.24530677655677657 0.9477640415140416 0.247214590964591 0.9508165445665446 0.24797771672771676 0.9546321733821734 0.24797771672771676 0.9580662393162395 0.2468330280830281 0.9618818681318683 0.24530677655677657 0.9672237484737486 0.24378052503052505 0.9702762515262516 0.24149114774114777 0.9729471916971917 0.23920177045177046 0.9752365689865691 0.23614926739926742 0.978670634920635 0.23157051282051283 0.9828678266178268 0.22737332112332115 0.9866834554334555 0.224702380952381 0.988209706959707 0.21936050061050064 0.98859126984127 0.21363705738705743 0.988209706959707 0.20829517704517705 0.9874465811965812 0.20409798534798537 0.9870650183150184 0.2018086080586081 0.9863018925518927 0.19761141636141638 0.9847756410256411 0.1934142246642247 0.9836309523809524 0.18845390720390723 0.9824862637362639 0.18578296703296707 0.9813415750915752 0.182730463980464 0.9794337606837609 0.18005952380952384 0.9759996947496948 0.1785332722832723 0.9702762515262516 0.1785332722832723 0.9656974969474971
1 0.0018696581196581542 0.9977487789987791 0.006066849816849851 0.9904990842490843 0.008737789987790023 0.9874465811965812 0.01293498168498172 0.9832493894993896 0.016369047619047655 0.9809600122100123 0.02094780219780223 0.9790521978021979 0.025144993894993927 0.9771443833943835 0.028579059829059863 0.9763812576312577 0.031250000000000035 0.975618131868132 0.0339209401709402 0.9748550061050062 0.036973443223443266 0.9744734432234433 0.04193376068376072 0.9744734432234433 0.046894078144078186 0.975618131868132 0.05223595848595852 0.9771443833943835 0.05567002442002446 0.9790521978021979 0.05910409035409039 0.9824862637362639 0.06177503052503056 0.985538766788767 0.06368284493284497 0.9897359584859585 0.06406440781440785 0.9939331501831502 0.06444597069597073 0.9973672161172161 0.06418078449328454 0.9989583333333333
0 0.5843930934656741 0.5616470223325063 0.5781896195202647 0.5569944168734492 0.5761217948717949 0.5559605045492142 0.5735370140612076 0.5546681141439206 0.572244623655914 0.553375723738627 0.570435277088503 0.5507909429280397 0.5694013647642681 0.5489815963606286 0.5763802729528537 0.5526002894954509 0.5784480976013235 0.5536342018196857 0.5838761373035567 0.5572528949545078 0.5851685277088503 0.5580283291976841 0.5872363523573202 0.5590622415219191 0.5890456989247312 0.5603546319272127 0.58930417700579 0.5619055004135649 0.5872363523573202 0.5621639784946237
0 0.33418631100082713 0.588270264681555 0.3269489247311828 0.5931813482216709 0.31971153846153844 0.6014526468155501 0.3181606699751861 0.6032619933829612 0.31764371381306866 0.6050713399503722 0.3166098014888338 0.6066222084367247 0.3153174110835401 0.6079145988420183 0.3140250206782465 0.608173076923077 0.3137665425971878 0.6063637303556658 0.31273263027295284 0.6030035153019024 0.31557588916459883 0.5970585194375517 0.31712675765095116 0.5939567824648471 0.3184191480562448 0.5918889578163772 0.32022849462365593 0.5898211331679074 0.3222963192721257 0.5872363523573202 0.3238471877584781 0.5856854838709677 0.32591501240694787 0.5846515715467329 0.32746588089330025 0.583617659222498 0.32901674937965264 0.5831007030603804 0.33056761786600497 0.5828422249793218 0.33315239867659224 0.5823252688172044 0.335220223325062 0.5823252688172044 0.3370295698924731 0.5820667907361456 0.3396143507030604 0.5820667907361456 0.34142369727047145 0.5838761373035567 0.33806348221670807 0.5859439619520265
0 0.22510856079404468 0.9635804383788255 0.21528639371381306 0.9679745657568238 0.20856596360628618 0.9703008684863524 0.20572270471464021 0.9703008684863524 0.20339640198511166 0.9703008684863524 0.20003618693134823 0.9700423904052936 0.20029466501240695 0.9684915219189414 0.20184553349875933 0.9671991315136477 0.20391335814722913 0.9659067411083541 0.20598118279569894 0.9648728287841191 0.20856596360628618 0.9640973945409429 0.21166770057899092 0.9628050041356493 0.2145109594706369 0.9617710918114144 0.21683726220016544 0.9607371794871795 0.21916356492969397 0.9599617452440034 0.2212313895781638 0.9591863110008272 0.22433312655086848 0.9578939205955336 0.2264009511993383 0.9573769644334161 0.22795181968569064 0.9568600082712987 0.22976116625310175 0.9566015301902399 0.22976116625310175 0.9591863110008272 0.22769334160463195 0.9609956575682382
0 0.2662065756823821 0.7697218775847808 0.2618124483043838 0.7712727460711332 0.26026157981803144 0.7723066583953682 0.2594861455748553 0.7735990488006618 0.25871071133167906 0.775149917287014 0.25767679900744417 0.7772177419354839 0.256901364764268 0.7790270885028949 0.25586745244003306 0.7808364350703061 0.2548335401157982 0.7821288254755997 0.25354114971050457 0.7834212158808934 0.2522487593052109 0.783679693961952 0.24966397849462366 0.7816118693134821 0.24966397849462366 0.7787686104218363 0.25043941273779985 0.7769592638544253 0.25173180314309346 0.7748914392059554 0.2530241935483871 0.7728236145574855 0.254058105872622 0.7710142679900744 0.2550920181968569 0.7694633995037221 0.25638440860215056 0.7676540529363111 0.25767679900744417 0.7663616625310173 0.2594861455748553 0.7642938378825476 0.2607785359801489 0.763001447477254 0.2628463606286187 0.7617090570719603 0.26465570719602977 0.7611921009098429 0.2669820099255583 0.7606751447477255 0.26904983457402815 0.7609336228287841 0.2706007030603805 0.7627429693961952 0.271117659222498 0.764810794044665 0.271117659222498 0.7663616625310173 0.27008374689826303 0.7676540529363111
0 0.02272022332506206 0.5714691894127378 0.018067617866004984 0.5774141852770885 0.015999793217535176 0.5787065756823822 0.014448924731182818 0.5797404880066171 0.012639578163771734 0.5805159222497932 0.010830231596360651 0.580774400330852 0.008245450785773389 0.5802574441687346 0.007211538461538485 0.5787065756823822 0.007211538461538485 0.5768972291149711 0.007986972704714664 0.5743124483043839 0.00876240694789084 0.572244623655914 0.010054797353184474 0.5706937551695617 0.011864143920595555 0.5686259305210919 0.013673490488006639 0.5673335401157983 0.015224358974358997 0.5662996277915633 0.016775227460711355 0.5655241935483872 0.01884305210918116 0.5650072373862697 0.021169354838709697 0.5650072373862697 0.024271091811414413 0.5655241935483872 0.024271091811414413 0.5668165839536808
0 0.0705386683209264 0.44998449131513646 0.06149193548387099 0.45101840363937135 0.05839019851116627 0.45101840363937135 0.055029983457402835 0.4507599255583126 0.05141129032258067 0.4505014474772539 0.04856803143093468 0.4505014474772539 0.04598325062034742 0.44998449131513646 0.04262303556658398 0.449467535153019 0.04055521091811417 0.44895057899090157 0.03977977667493799 0.446624276261373 0.04055521091811417 0.4453318858560794 0.04236455748552525 0.4445564516129032 0.04494933829611251 0.4445564516129032 0.04701716294458232 0.4448149296939619 0.04908498759305213 0.44559036393713813 0.05166976840363939 0.44584884201819686 0.05477150537634411 0.4463657981803143 0.05787324234904882 0.4463657981803143 0.06019954507857736 0.4463657981803143 0.06304280397022335 0.4463657981803143 0.06511062861869316 0.4463657981803143 0.0676954094292804 0.4461073200992555 0.07105562448304385 0.4453318858560794 0.07364040529363111 0.4445564516129032 0.0764836641852771 0.44403949545078575 0.07855148883374691 0.44403949545078575 0.08113626964433417 0.44403949545078575 0.0824286600496278 0.44429797353184447 0.08294561621174526 0.44559036393713813 0.08268713813068654 0.44688275434243174 0.080360835401158 0.44765818858560796 0.077517576509512 0.4484336228287841 0.07364040529363111 0.449467535153019
0 0.1881461952026468 0.3791614971050455 0.1847859801488834 0.3734749793217535 0.18452750206782467 0.37140715467328367 0.18426902398676592 0.3693393300248139 0.1840105459057072 0.36701302729528534 0.18426902398676592 0.3646867245657568 0.1850444582299421 0.36184346567411085 0.18556141439205956 0.3595171629445823 0.186078370554177 0.35744933829611253 0.18659532671629447 0.35486455748552526 0.18711228287841192 0.352279776674938 0.18762923904052936 0.3512458643507031 0.188921629445823 0.3507289081885856 0.19124793217535155 0.3520212985938792 0.19254032258064516 0.35434760132340776 0.19357423490488007 0.3566739040529363 0.19512510339123243 0.35874172870140614 0.19667597187758482 0.36158498759305213 0.19796836228287842 0.36442824648469807 0.1990022746071133 0.3675299834574028 0.19926075268817206 0.37037324234904884 0.19926075268817206 0.3734749793217535 0.19926075268817206 0.3770936724565757 0.19926075268817206 0.3801954094292804 0.19926075268817206 0.3822632340777502 0.19926075268817206 0.3853649710504549 0.19926075268817206 0.38794975186104214 0.1990022746071133 0.390017576509512 0.19641749379652607 0.3892421422663358 0.19460814722911496 0.387174317617866 0.191764888337469 0.38458953680727875 0.1902140198511166 0.3825217121588089
0 0.25173180314309346 0.055029983457402835 0.2488885442514475 0.053220636889991756 0.2481131100082713 0.05192824648469812 0.24759615384615385 0.05063585607940449 0.2470791976840364 0.04908498759305213 0.24630376344086022 0.0477925971877585 0.2450113730355666 0.04598325062034742 0.24371898263027297 0.044173904052936336 0.24268507030603806 0.04210607940446653 0.2419096360628619 0.04003825475599672 0.24139267990074442 0.03822890818858563 0.24449441687344914 0.037194995864350724 0.24578680727874277 0.04003825475599672 0.24785463192721258 0.042881513647642706 0.24940550041356493 0.04572477253928869 0.2509563688999173 0.0477925971877585 0.2525072373862696 0.04986042183622831 0.25431658395368073 0.05218672456575684 0.25586745244003306 0.05477150537634411 0.25767679900744417 0.056839330024813915 0.2589691894127378 0.05994106699751864 0.2589691894127378 0.06175041356492972 0.256901364764268 0.06200889164598844 0.2548335401157982 0.06019954507857736 0.2530241935483871 0.057614764267990094
0 0.3866573614557485 0.037194995864350724 0.38743279569892475 0.03874586435070308 0.3897590984284533 0.04210607940446653 0.3923438792390405 0.044690860215053786 0.3941532258064516 0.04598325062034742 0.39570409429280395 0.04727564102564105 0.39699648469809756 0.0488265095119934 0.39699648469809756 0.05037737799834576 0.3944117038875103 0.05011889991728704 0.3920854011579818 0.0488265095119934 0.3902760545905707 0.0477925971877585 0.38846670802315963 0.0467586848635236 0.38691583953680725 0.04520781637717124 0.38562344913151364 0.04262303556658398 0.38458953680727875 0.04055521091811417 0.38355562448304387 0.037711952026468175 0.38278019023986765 0.03564412737799837 0.38329714640198514 0.034093258891646015 0.3848480148883375 0.03383478081058729
0 0.900770264681555 0.05942411083540118 0.892240488006617 0.06097497932175354 0.890431141439206 0.06149193548387099 0.8878463606286187 0.06149193548387099 0.881901364764268 0.06200889164598844 0.879058105872622 0.06200889164598844 0.8764733250620348 0.06149193548387099 0.8754394127377998 0.05994106699751864 0.8769902812241522 0.05890715467328373 0.8787996277915633 0.05839019851116627 0.8831937551695616 0.057614764267990094 0.8883633167907361 0.057614764267990094 0.892240488006617 0.057097808105872644 0.8945667907361456 0.056580851943755194 0.8976685277088503 0.056322373862696465 0.9005117866004964 0.056322373862696465 0.9030965674110836 0.055805417700579014 0.9051643920595533 0.055288461538461564 0.9072322167080231 0.056322373862696465 0.9041304797353185 0.05890715467328373
0 0.8718207196029777 0.17832402812241524 0.8635494210090985 0.18013337468982632 0.8609646401985113 0.18013337468982632 0.8581213813068652 0.17961641852770885 0.8545026881720431 0.17858250620347393 0.8514009511993383 0.17780707196029777 0.8485576923076923 0.17651468155500413 0.8451974772539289 0.1749638130686518 0.843129652605459 0.1731544665012407 0.8420957402812241 0.17056968569065345 0.843129652605459 0.16798490488006618 0.8449389991728702 0.16591708023159638 0.848040736145575 0.16488316790736146 0.8532102977667494 0.1633322994210091 0.8557950785773367 0.16307382133995038 0.8591552936311001 0.16281534325889166 0.8625155086848635 0.16281534325889166 0.8653587675765095 0.16281534325889166 0.867685070306038 0.16307382133995038 0.8697528949545078 0.16384925558312657 0.8723376757650951 0.16540012406947893 0.8749224565756824 0.16720947063689 0.8769902812241522 0.16876033912324234 0.8787996277915633 0.1710866418527709 0.8793165839536807 0.1731544665012407 0.8777657154673284 0.17651468155500413
0 0.9979580231596361 0.612825682382134 0.9917545492142267 0.6154104631927212 0.9894282464846981 0.6159274193548387 0.9865849875930521 0.6164443755169562 0.9837417287014062 0.6174782878411911 0.9814154259718777 0.6185122001654261 0.9796060794044664 0.6192876344086021 0.9777967328370554 0.6198045905707197 0.9762458643507032 0.6185122001654261 0.9767628205128206 0.6159274193548387 0.9806399917287014 0.6143765508684864 0.9865849875930521 0.6125672043010754 0.9889112903225806 0.6115332919768404 0.9912375930521091 0.6107578577336643 0.9940808519437552 0.6097239454094293 0.9961486765922251 0.608948511166253 0.9971825889164598 0.6084315550041357 0.9987334574028123 0.608173076923077
0 0.8395109594706369 0.6456523986765923 0.83279052936311 0.6371226220016543 0.8314981389578163 0.6353132754342432 0.8299472704714641 0.633503928866832 0.8283964019851117 0.631694582299421 0.8268455334987593 0.6304021918941274 0.8258116211745244 0.628851323407775 0.825294665012407 0.6275589330024814 0.825294665012407 0.6260080645161291 0.8268455334987593 0.6244571960297767 0.8289133581472291 0.624198717948718 0.8302057485525227 0.6254911083540117 0.8309811827956989 0.6278174110835402 0.8320150951199339 0.6304021918941274 0.8335659636062862 0.6329869727047146 0.8353753101736973 0.6350547973531845 0.837443134822167 0.637381100082713 0.8387355252274608 0.6386734904880066 0.842354218362283 0.6428091397849462 0.8464898676592225 0.6474617452440034 0.8472653019023987 0.648754135649297 0.8482992142266336 0.650563482216708 0.8488161703887511 0.6528897849462366 0.8488161703887511 0.6552160876757651 0.8488161703887511 0.6567669561621176 0.8475237799834575 0.6570254342431762 0.8464898676592225 0.6552160876757651 0.8451974772539289 0.6528897849462366 0.844163564929694 0.6508219602977668 0.8428711745244004 0.6490126137303558
0 0.8899141852770885 0.9307537220843672 0.886553970223325 0.9279104631927212 0.884744623655914 0.9261011166253101 0.8844861455748553 0.9245502481389578 0.8857785359801489 0.9232578577336642 0.8886217948717949 0.921448511166253 0.8914650537634409 0.919639164598842 0.8935328784119106 0.9183467741935484 0.8961176592224979 0.9173128618693135 0.8984439619520265 0.9165374276261373 0.900770264681555 0.9160204714640199 0.9033550454921423 0.9157619933829612 0.9061983043837883 0.9160204714640199 0.9090415632754342 0.9173128618693135 0.9113678660049628 0.9183467741935484 0.9136941687344913 0.9198976426799008 0.9157619933829612 0.9217069892473119 0.9175713399503722 0.9237748138957816 0.919639164598842 0.9258426385442514 0.9206730769230769 0.9276519851116626 0.9173128618693135 0.9299782878411911 0.9147280810587263 0.9312706782464847 0.9124017783291977 0.9328215467328371 0.9085246071133167 0.9341139371381307 0.9046474358974359 0.9341139371381307 0.9012872208436724 0.933855459057072 0.8981854838709677 0.9330800248138957 0.8950837468982631 0.932046112489661
0 0.8617400744416874 0.7580903639371381 0.8586383374689827 0.7539547146401985 0.8576044251447478 0.7518868899917287 0.8557950785773367 0.7500775434243176 0.8555366004962779 0.7477512406947892 0.8555366004962779 0.7456834160463193 0.8557950785773367 0.7433571133167908 0.8570874689826303 0.7433571133167908 0.8591552936311001 0.7443910256410257 0.8614815963606286 0.7456834160463193 0.8640663771712159 0.7472342845326717 0.865875723738627 0.7490436311000828 0.8671681141439206 0.7513699338296113 0.8679435483870968 0.7539547146401985 0.8679435483870968 0.7567979735318445 0.8682020264681556 0.7593827543424319 0.867685070306038 0.7604166666666666 0.8656172456575683 0.7604166666666666
0 0.6668476013234078 0.7063947477253929 0.6709832506203475 0.7094964846980977 0.6725341191066998 0.7094964846980977 0.6746019437551696 0.7100134408602151 0.676152812241522 0.7100134408602151 0.6771867245657569 0.7087210504549214 0.6771867245657569 0.7074286600496278 0.6746019437551696 0.7066532258064516 0.6735680314309348 0.705360835401158 0.6709832506203475 0.7043269230769231 0.6683984698097603 0.7032930107526882 0.6655552109181142 0.7027760545905707 0.6645212985938793 0.7051023573200993
0 0.21409574468085105 0.6923758865248227 0.20921985815602837 0.7078900709219857 0.20877659574468085 0.7105496453900709 0.20833333333333334 0.7136524822695035 0.20700354609929078 0.7176418439716311 0.20567375886524822 0.7203014184397163 0.2034574468085106 0.7216312056737588 0.2007978723404255 0.7225177304964538 0.19902482269503544 0.7171985815602837 0.19946808510638295 0.7136524822695035 0.2007978723404255 0.7109929078014184 0.20168439716312056 0.7078900709219857 0.20257092198581558 0.7052304964539007 0.20434397163120568 0.7016843971631205 0.20567375886524822 0.6981382978723404 0.20700354609929078 0.6954787234042553 0.20833333333333334 0.6914893617021277 0.20833333333333334 0.6879432624113474 0.20921985815602837 0.6852836879432623 0.21054964539007093 0.6808510638297871 0.21365248226950354 0.6812943262411347 0.21409574468085105 0.6861702127659574
0 0.2074468085106383 0.527482269503546 0.2304964539007092 0.5283687943262411 0.23404255319148934 0.5288120567375887 0.237145390070922 0.5292553191489362 0.2398049645390071 0.5288120567375887 0.24113475177304963 0.5270390070921985 0.2398049645390071 0.523936170212766 0.2375886524822695 0.5234929078014184 0.23315602836879432 0.5234929078014184 0.22695035460992907 0.5230496453900709 0.22118794326241134 0.5230496453900709 0.20877659574468085 0.5230496453900709
0 0.855264501633987 0.4896599264705882 0.8542432598039216 0.4886386846405229 0.8509242238562091 0.4868515114379085 0.849392361111111 0.48659620098039214 0.8476051879084968 0.4860855800653595 0.845562704248366 0.48506433823529416 0.8437755310457516 0.48404309640522875 0.8424989787581699 0.48251123366013077 0.8404564950980392 0.48123468137254904 0.8371374591503268 0.4799581290849673 0.8343290441176471 0.47868157679738566 0.8325418709150327 0.478170955882353 0.8322865604575164 0.47689440359477125 0.8325418709150327 0.4751072303921569 0.8338184232026145 0.47434129901960786 0.8350949754901962 0.4740859885620915 0.8363715277777778 0.4738306781045752 0.8384140114379085 0.4738306781045752 0.840967116013072 0.4738306781045752 0.8435202205882353 0.47434129901960786 0.845562704248366 0.4751072303921569 0.8481158088235294 0.4756178513071896 0.8504136029411764 0.4766390931372549 0.8524560866013072 0.47766033496732024 0.8542432598039216 0.4784262663398693 0.8565410539215687 0.47919219771241833 0.858328227124183 0.48072406045751637 0.8598600898692811 0.4827665441176471 0.8619025735294117 0.4842984068627451 0.8631791258169934 0.4863408905228758 0.8634344362745098 0.48787275326797386 0.8636897467320261 0.48940461601307195 0.8652216094771242 0.49144709967320266 0.8670087826797386 0.493234272875817 0.8675194035947713 0.49578737745098045 0.8670087826797386 0.49808517156862747 0.8659875408496732 0.49834048202614384 0.8634344362745098 0.4970639297385621 0.8608813316993464 0.49476613562091504 0.858328227124183 0.49297896241830064
1 0.6978403540903542 0.5650564713064714 0.6936431623931625 0.5578067765567767 0.6932615995115996 0.5566620879120879 0.6924984737484738 0.5547542735042736 0.6913537851037852 0.5513202075702076 0.6909722222222222 0.5478861416361417 0.6902090964590966 0.5452152014652015 0.6898275335775337 0.5413995726495727 0.6898275335775337 0.5379655067155068 0.6898275335775337 0.5349130036630038 0.6902090964590966 0.5310973748473748 0.6909722222222222 0.5291895604395604 0.6928800366300367 0.5261370573870574 0.6963141025641026 0.5238476800976801 0.6997481684981686 0.5227029914529915 0.7024191086691087 0.52117673992674 0.704708485958486 0.5181242368742369 0.707760989010989 0.5162164224664225 0.7100503663003664 0.514690170940171 0.7131028693528695 0.5135454822954822 0.7161553724053725 0.5120192307692307 0.7184447496947498 0.5120192307692307 0.7222603785103786 0.5120192307692307 0.7260760073260074 0.5127823565323566 0.7287469474969476 0.5139270451770452 0.7337072649572651 0.5162164224664225 0.7375228937728939 0.5185057997557998 0.7401938339438341 0.5207951770451771 0.7432463369963371 0.5230845543345544 0.7470619658119659 0.5261370573870574 0.7497329059829061 0.5291895604395604 0.7516407203907204 0.5322420634920635 0.7539300976800978 0.5364392551892553 0.7558379120879122 0.5398733211233212 0.7569826007326008 0.5421626984126985 0.7577457264957267 0.5459783272283274 0.7581272893772895 0.5497939560439561 0.7585088522588523 0.5536095848595849 0.7588904151404152 0.5566620879120879 0.7588904151404152 0.5600961538461539 0.7581272893772895 0.5627670940170941 0.7562194749694751 0.5654380341880343 0.7546932234432234 0.5681089743589745 0.7524038461538463 0.5703983516483517 0.7489697802197803 0.5738324175824177 0.7462988400488402 0.576121794871795 0.7421016483516484 0.5784111721611722 0.7379044566544567 0.5803189865689866 0.7352335164835165 0.5810821123321124 0.7333257020757021 0.582608363858364 0.7306547619047621 0.5837530525030525 0.7283653846153847 0.5837530525030525 0.7253128815628817 0.5833714896214897 0.7211156898656899 0.5818452380952382 0.7150106837606838 0.5799374236874237 0.7115766178266179 0.5787927350427352 0.7085241147741148 0.5780296092796093 0.7054716117216118 0.5765033577533578 0.7031822344322346 0.5745955433455434 0.7005112942612944 0.5703983516483517
0 0.9040404040404041 0.26299452861952866 0.9003577441077442 0.2640467171717172 0.8908880471380471 0.2677293771043771 0.8877314814814815 0.2693076599326599 0.8845749158249159 0.27088594276094274 0.8814183501683501 0.27246422558922556 0.8787878787878788 0.2740425084175084 0.8740530303030304 0.27509469696969696 0.8714225589225589 0.27509469696969696 0.8687920875420876 0.27509469696969696 0.8677398989898991 0.27193813131313127 0.8693181818181819 0.26878156565656564 0.8724747474747475 0.2666771885521885 0.8772095959595959 0.2635206228956229 0.8819444444444445 0.26036405723905726 0.8866792929292929 0.25825968013468015 0.8914141414141414 0.25668139730639733 0.8956228956228957 0.25562920875420875 0.9029882154882156 0.25562920875420875 0.9087752525252526 0.25562920875420875 0.9124579124579124 0.25720749158249157 0.9119318181818182 0.26089015151515155
0 0.6477107558139535 0.627422480620155 0.6474079457364341 0.6253028100775194 0.6449854651162791 0.6228803294573644 0.6434714147286822 0.6210634689922482 0.6410489341085271 0.6192466085271318 0.6383236434108528 0.6171269379844961 0.6355983527131782 0.6150072674418605 0.6346899224806202 0.6125847868217054 0.6352955426356589 0.6110707364341085 0.6377180232558141 0.6104651162790697 0.6395348837209303 0.609859496124031 0.6422601744186046 0.6104651162790697 0.6458938953488372 0.612281976744186 0.648921996124031 0.613796027131783 0.6507388565891473 0.6150072674418605 0.6525557170542636 0.6168241279069767 0.6537669573643411 0.618640988372093 0.6549781976744187 0.6210634689922482 0.6555838178294574 0.6234859496124031 0.6558866279069767 0.6268168604651163 0.6564922480620156 0.6295421511627908 0.6564922480620156 0.6319646317829457 0.6564922480620156 0.6352955426356589 0.6558866279069767 0.6380208333333334 0.6543725775193798 0.6389292635658915 0.6519500968992248 0.6383236434108528 0.648921996124031 0.6355983527131782 0.6474079457364341 0.6328730620155039
0 0.47904554263565896 0.8260658914728682 0.4860101744186046 0.8112281976744187 0.4872214147286822 0.8082000968992248 0.48812984496124034 0.8048691860465116 0.4884326550387597 0.802749515503876 0.4887354651162791 0.8000242248062015 0.4863129844961241 0.8009326550387598 0.4851017441860465 0.8039607558139535 0.483890503875969 0.8069888565891473 0.4826792635658915 0.8103197674418605 0.48146802325581395 0.8133478682170543 0.47995397286821706 0.8169815891472869 0.477531492248062 0.8206153100775194 0.47571463178294576 0.8239462209302325 0.4745033914728682 0.8263687015503877
0 0.9799910071942446 0.48988309352517984 0.9730590527577937 0.4831384892086331 0.9702488009592326 0.48145233812949645 0.9676258992805755 0.4797661870503597 0.9655650479616307 0.478080035971223 0.9640662470023981 0.4762065347721823 0.9635041966426858 0.47452038369304556 0.9650029976019184 0.47377098321342925 0.9680005995203836 0.47452038369304556 0.9700614508393285 0.47658123501199046 0.9715602517985611 0.47751798561151076 0.9736211031175059 0.4788294364508393 0.9758693045563549 0.47957883693045567 0.9781175059952039 0.48107763788968827 0.9803657074340528 0.48276378896882494 0.9822392086330934 0.4850119904076739 0.9839253597122303 0.4870728417266187 0.9852368105515588 0.48969574340527583 0.9869229616306954 0.49194394484412474 0.9880470623501199 0.4941921462829736 0.9893585131894483 0.4962529976019185 0.9902952637889688 0.49868854916067146 0.9902952637889688 0.5009367505995204 0.9891711630695443 0.5011241007194245 0.9869229616306954 0.500187350119904 0.9857988609112709 0.49868854916067146 0.9844874100719424 0.4966276978417266 0.9826139088729016 0.4938174460431655
0 0.043131510416666664 0.3358289930555556 0.03119574652777778 0.3333875868055556 0.02821180555555556 0.3331163194444445 0.02685546875 0.3328450520833333 0.02332899305555556 0.3333875868055556 0.020073784722222224 0.3336588541666667 0.015462239583333334 0.3333875868055556 0.012749565972222222 0.3328450520833333 0.010308159722222222 0.3306749131944445 0.010036892361111112 0.3282335069444445 0.011393229166666666 0.3263346354166667 0.013834635416666666 0.3255208333333333 0.01654730902777778 0.3249782986111111 0.020345052083333332 0.32470703125 0.02577039930555556 0.3249782986111111 0.029568142361111112 0.3263346354166667 0.03282335069444445 0.3279622395833333 0.035807291666666664 0.3290473090277778 0.03933376736111112 0.33013237847222227 0.04367404513888889 0.3314887152777778 0.047200520833333336 0.33447265625 0.04909939236111112 0.3371853298611111 0.04638671875 0.33745659722222227
0 0.533383534136546 0.1948418674698795 0.5324422690763052 0.19829317269076305 0.5230296184738955 0.2120983935742972 0.5211470883534136 0.21460843373493974 0.5180095381526104 0.21680471887550198 0.5170682730923695 0.2186872489959839 0.5148719879518072 0.22182479919678713 0.5136169678714859 0.22370732931726905 0.5120481927710843 0.22119728915662648 0.5117344377510039 0.21743222891566263 0.5151857429718876 0.2139809236947791 0.5180095381526104 0.2111571285140562 0.520519578313253 0.20833333333333331 0.5224021084337349 0.20613704819277107 0.5233433734939759 0.2036270080321285 0.5249121485943775 0.19986194779116465 0.5261671686746987 0.19672439759036145 0.5280496987951807 0.19452811244979917 0.5296184738955823 0.19233182730923692
0 0.10535106899902821 0.21316205053449952 0.09624028182701655 0.20860665694849373 0.09350704567541304 0.2070881924198251 0.091381195335277 0.20465864917395532 0.09016642371234211 0.20192541302235184 0.09168488824101072 0.2004069484936832 0.09472181729834794 0.19949586977648204 0.09745505344995144 0.19949586977648204 0.10322521865889216 0.2004069484936832 0.10778061224489797 0.20131802721088438 0.11355077745383871 0.20131802721088438 0.11810617103984454 0.20131802721088438 0.12235787172011664 0.20253279883381928 0.12660957240038875 0.20344387755102042 0.13025388726919343 0.20465864917395532 0.13329081632653064 0.20617711370262393 0.13602405247813415 0.20830296404276 0.1381499028182702 0.2113398931000972 0.13875728862973763 0.21285835762876582 0.13663143828960156 0.21437682215743442 0.13207604470359574 0.2152879008746356 0.12569849368318758 0.21619897959183676 0.11932094266277943 0.21650267249757046 0.11355077745383871 0.21589528668610303 0.10869169096209916 0.21437682215743442
0 0.2669141914191419 0.8921204620462047 0.27330858085808585 0.8892326732673267 0.29125412541254125 0.8923267326732673 0.3061056105610561 0.9040841584158416 0.3087871287128713 0.9071782178217822 0.29909240924092406 0.9098597359735974 0.28238448844884484 0.9080033003300331 0.2737211221122112 0.9026402640264026 0.2677392739273927 0.8956270627062707
