1 0.5265022675736961 0.1548327664399093 0.5378401360544218 0.14810090702947848 0.5406746031746031 0.14526643990929705 0.5420918367346939 0.14243197278911565 0.5428004535147392 0.14066043083900226 0.543154761904762 0.1388888888888889 0.5435090702947847 0.13676303854875282 0.5438633786848073 0.13463718820861678 0.5438633786848073 0.13180272108843538 0.5438633786848073 0.1296768707482993 0.5438633786848073 0.12790532879818595 0.5438633786848073 0.12613378684807258 0.5438633786848073 0.12294501133786849 0.5435090702947847 0.12046485260770974 0.5428004535147392 0.1183390022675737 0.5417375283446711 0.11621315192743764 0.5381944444444444 0.11125283446712018 0.5360685941043084 0.10877267573696145 0.534297052154195 0.10735544217687075 0.532171201814059 0.10593820861678004 0.5296910430839002 0.10522959183673469 0.5261479591836735 0.10452097505668935 0.5215419501133787 0.10452097505668935 0.5169359410430839 0.10487528344671201 0.5133928571428572 0.10558390022675737 0.5098497732426304 0.10664682539682539 0.5070153061224489 0.10735544217687075 0.5045351473922903 0.10841836734693877 0.5009920634920635 0.11018990929705216 0.4981575963718821 0.11196145124716554 0.4963860544217687 0.11337868480725624 0.4942602040816327 0.11515022675736962 0.4921343537414966 0.11763038548752834 0.49036281179138325 0.12011054421768708 0.48894557823129253 0.12223639455782313 0.4882369614512472 0.12436224489795918 0.4878826530612245 0.1271967120181406 0.4875283446712018 0.13038548752834467 0.4875283446712018 0.13321995464852607 0.4875283446712018 0.1357001133786848 0.4875283446712018 0.13924319727891155 0.4875283446712018 0.14243197278911565 0.4878826530612245 0.14491213151927437 0.4882369614512472 0.1473922902494331 0.4885912698412698 0.14951814058956917 0.4892998866213152 0.15164399092970524 0.49000850340136054 0.15412414965986396 0.4910714285714286 0.15589569160997732 0.49284297052154197 0.1576672335600907 0.49496882086167804 0.15873015873015872 0.4974489795918367 0.1590844671201814 0.4992205215419501 0.1590844671201814 0.5017006802721089 0.1590844671201814 0.5041808390022676 0.1590844671201814 0.5059523809523809 0.1590844671201814 0.5084325396825398 0.1590844671201814 0.5112670068027211 0.1590844671201814 0.5130385487528345 0.1590844671201814 0.5151643990929705 0.1590844671201814
1 0.5941751700680272 0.16227324263038548 0.5839002267573696 0.16014739229024944 0.5814200680272108 0.16014739229024944 0.5782312925170068 0.1605017006802721 0.57468820861678 0.16121031746031747 0.5711451247165533 0.16156462585034015 0.5672477324263039 0.16262755102040816 0.5651218820861678 0.16298185941043083 0.5633503401360545 0.1636904761904762 0.561578798185941 0.1647534013605442 0.5598072562358277 0.1661706349206349 0.5580357142857143 0.1679421768707483 0.5573270975056689 0.1697137188208617 0.5562641723356009 0.17183956916099774 0.5555555555555556 0.1736111111111111 0.5552012471655329 0.17573696145124718 0.5548469387755102 0.17786281179138322 0.5544926303854876 0.17998866213151926 0.5544926303854876 0.18246882086167798 0.5544926303854876 0.18424036281179137 0.5555555555555556 0.18672052154195012 0.5580357142857143 0.18955498866213152 0.560515873015873 0.19097222222222224 0.5629960317460317 0.19203514739229025 0.5743339002267575 0.19770408163265304 0.5761054421768708 0.19841269841269843 0.5789399092970522 0.20018424036281182 0.5814200680272108 0.20124716553287983 0.5831916099773243 0.20124716553287983 0.585671768707483 0.20124716553287983 0.5874433106575964 0.20124716553287983 0.5902777777777778 0.20124716553287983 0.5938208616780045 0.20053854875283447 0.5973639455782312 0.19947562358276644 0.6051587301587301 0.19486961451247167 0.6069302721088435 0.1941609977324263 0.6090561224489796 0.19309807256235828 0.6122448979591837 0.19061791383219956 0.6150793650793651 0.1881377551020408 0.6179138321995464 0.1853032879818594 0.6189767573696145 0.18353174603174605 0.6196853741496599 0.18176020408163265 0.6200396825396826 0.17998866213151926 0.6200396825396826 0.1782171201814059 0.6164965986394558 0.1764455782312925 0.6133078231292518 0.17609126984126983 0.6111819727891157 0.1753826530612245 0.6090561224489796 0.17325680272108845 0.6065759637188209 0.17042233560090703 0.6051587301587301 0.16865079365079363
1 0.6498015873015873 0.06448412698412699 0.6441326530612245 0.053854875283446714 0.641298185941043 0.05031179138321996 0.6388180272108844 0.0481859410430839 0.6359835600907029 0.04570578231292517 0.6338577097505669 0.043934240362811794 0.6313775510204082 0.042871315192743766 0.6285430839002267 0.04180839002267574 0.626062925170068 0.041454081632653066 0.6232284580498867 0.041454081632653066 0.6200396825396826 0.041454081632653066 0.6172052154195011 0.041454081632653066 0.6136621315192744 0.041454081632653066 0.6115362811791383 0.04216269841269841 0.6083475056689343 0.042871315192743766 0.6058673469387755 0.043934240362811794 0.6030328798185941 0.045351473922902494 0.6012613378684808 0.04712301587301588 0.5998441043083901 0.04960317460317461 0.5987811791383221 0.052791950113378686 0.5984268707482994 0.05668934240362812 0.5984268707482994 0.06058673469387755 0.5987811791383221 0.06483843537414966 0.5994897959183674 0.06873582766439909 0.6005527210884354 0.07227891156462585 0.6023242630385488 0.07582199546485262 0.6044501133786848 0.0790107709750567 0.6062216553287982 0.08149092970521542 0.607638888888889 0.0832624716553288 0.609764739229025 0.08538832199546485 0.611890589569161 0.08715986394557823 0.6140164399092971 0.08893140589569161 0.6164965986394558 0.09070294784580499 0.6189767573696145 0.09247448979591838 0.6221655328798187 0.09389172335600907 0.6242913832199547 0.09460034013605442 0.627125850340136 0.09530895691609978 0.6317318594104309 0.09530895691609978 0.6352749433106576 0.09530895691609978 0.6395266439909297 0.09530895691609978 0.6430697278911565 0.09389172335600907 0.6455498866213153 0.09247448979591838 0.6487386621315193 0.08893140589569161 0.6498015873015873 0.08715986394557823 0.6508645124716553 0.08503401360544217 0.6515731292517006 0.08290816326530613 0.6519274376417233 0.08113662131519274 0.6519274376417233 0.07830215419501134 0.6519274376417233 0.07582199546485262 0.6519274376417233 0.07334183673469388 0.6519274376417233 0.07157029478458049
1 0.7153486394557824 0.15128968253968253 0.6990504535147392 0.16298185941043083 0.6965702947845805 0.1651077097505669 0.6940901360544218 0.16758786848072563 0.6926729024943311 0.16935941043083902 0.6909013605442177 0.17148526077097506 0.6887755102040817 0.17396541950113378 0.687358276643991 0.17609126984126983 0.6855867346938775 0.17892573696145125 0.6838151927437642 0.18211451247165533 0.6820436507936508 0.1853032879818594 0.6806264172335601 0.18778344671201813 0.6788548752834468 0.19132653061224492 0.6777919501133787 0.19345238095238096 0.6770833333333334 0.19593253968253968 0.6763747165532881 0.19841269841269843 0.6760204081632654 0.20089285714285715 0.6760204081632654 0.20337301587301587 0.6760204081632654 0.2058531746031746 0.6770833333333334 0.20868764172335602 0.6792091836734694 0.21116780045351474 0.6813350340136054 0.21364795918367346 0.6834608843537414 0.2161281179138322 0.686295351473923 0.21825396825396826 0.690547052154195 0.21967120181405894 0.6947987528344671 0.22073412698412698 0.6990504535147392 0.22144274376417233 0.7043650793650793 0.22144274376417233 0.7086167800453516 0.22144274376417233 0.7125141723356009 0.22144274376417233 0.7171201814058957 0.22108843537414966 0.7220804988662132 0.22037981859410433 0.7273951247165533 0.21967120181405894 0.7302295918367346 0.21860827664399093 0.7327097505668935 0.2175453514739229 0.7351899092970522 0.21541950113378686 0.7376700680272108 0.21364795918367346 0.7401502267573696 0.21081349206349206 0.7525510204081632 0.19699546485260772 0.7543225623582767 0.19486961451247167 0.7557397959183674 0.19238945578231295 0.7575113378684808 0.18955498866213152 0.7585742630385488 0.18742913832199548 0.7592828798185941 0.1856575963718821 0.7599914965986394 0.18317743764172337 0.7624716553287982 0.1767998866213152 0.7628259637188209 0.17396541950113378 0.7631802721088435 0.17113095238095238 0.7631802721088435 0.16758786848072563 0.7631802721088435 0.1647534013605442 0.7631802721088435 0.16262755102040816 0.7624716553287982 0.16014739229024944 0.7614087301587301 0.1576672335600907 0.7599914965986394 0.15554138321995467 0.7582199546485261 0.15376984126984128 0.7560941043083901 0.15235260770975056 0.7525510204081632 0.15128968253968253 0.7497165532879819 0.15093537414965985 0.7472363945578232 0.15022675736961452 0.7436933106575964 0.14987244897959184 0.740858843537415 0.14987244897959184 0.7383786848072563 0.14951814058956917 0.7344812925170068 0.14951814058956917 0.7305839002267575 0.14951814058956917
1 0.54421768707483 0.33269557823129253 0.534297052154195 0.3404903628117914 0.5325255102040817 0.3426162131519275 0.531108276643991 0.34438775510204084 0.5293367346938775 0.34686791383219956 0.5275651927437642 0.349702380952381 0.5268565759637188 0.35147392290249435 0.5261479591836735 0.3535997732426304 0.5257936507936508 0.35678854875283444 0.5257936507936508 0.3592687074829932 0.5261479591836735 0.36174886621315194 0.5272108843537415 0.36422902494331066 0.5282738095238095 0.3660005668934241 0.5293367346938775 0.3681264172335601 0.531108276643991 0.3709608843537415 0.5410289115646258 0.3752125850340136 0.54421768707483 0.37485827664399096 0.5569727891156462 0.37202380952380953 0.5587443310657597 0.3713151927437642 0.5676020408163266 0.3667091836734694 0.5704365079365079 0.36493764172335597 0.5789399092970522 0.3543083900226758 0.5821286848072563 0.3461592970521542 0.5821286848072563 0.34438775510204084 0.5849631519274376 0.33730158730158727 0.5849631519274376 0.33517573696145125 0.5842545351473923 0.33340419501133783 0.5828373015873016 0.3316326530612245 0.5810657596371882 0.33056972789115646 0.5789399092970522 0.32915249433106575 0.5768140589569162 0.32808956916099774 0.5736252834467119 0.3266723356009071 0.5718537414965986 0.3263180272108844 0.5700821995464853 0.32596371882086167 0.5676020408163266 0.32596371882086167 0.564767573696145 0.32596371882086167 0.562641723356009 0.3266723356009071
1 0.3078939909297052 0.2689200680272109 0.3100198412698413 0.24978741496598642 0.31037414965986393 0.24766156462585034 0.31072845804988664 0.2455357142857143 0.311437074829932 0.24305555555555555 0.3125 0.24057539682539683 0.31427154195011336 0.2380952380952381 0.3167517006802721 0.2356150793650794 0.3188775510204082 0.23348922902494332 0.3206490929705215 0.23171768707482995 0.32277494331065765 0.23030045351473924 0.32560941043083896 0.22852891156462585 0.32808956916099774 0.2274659863945578 0.3312783446712018 0.22675736961451248 0.3358843537414966 0.22569444444444445 0.33871882086167804 0.22569444444444445 0.3411989795918367 0.22569444444444445 0.34509637188208614 0.22569444444444445 0.3493480725623583 0.2264030612244898 0.35111961451247165 0.22711167800453513 0.3539540816326531 0.2292375283446712 0.35572562358276644 0.23171768707482995 0.35749716553287986 0.23419784580498867 0.3589143990929705 0.23738662131519275 0.35962301587301587 0.24057539682539683 0.35962301587301587 0.2437641723356009 0.35962301587301587 0.24801587301587302 0.3592687074829932 0.25155895691609975 0.35856009070294786 0.25403911564625853 0.3582057823129252 0.2558106575963719 0.35678854875283444 0.2614795918367347 0.3550170068027211 0.26643990929705214 0.3532454648526077 0.27033730158730157 0.35147392290249435 0.27352607709750565 0.3489937641723356 0.27706916099773243 0.34686791383219956 0.2795493197278912 0.34403344671201813 0.2823837868480725 0.3415532879818594 0.2848639455782313 0.33978174603174605 0.28663548752834467 0.33730158730158727 0.28876133786848074 0.3348214285714286 0.28982426303854875 0.3319869614512472 0.29159580498866217 0.3284438775510204 0.29159580498866217 0.3241921768707483 0.2901785714285714 0.3210034013605442 0.2880527210884354 0.3181689342403628 0.2848639455782313 0.31639739229024944 0.2830924036281179 0.3149801587301588 0.2813208616780045 0.3125 0.27919501133786845 0.31108276643990934 0.2774234693877551 0.3096655328798186 0.2745890022675737
1 0.2763605442176871 0.3599773242630385 0.2767148526077098 0.34545068027210885 0.2774234693877551 0.3433248299319728 0.2788407029478458 0.3411989795918367 0.2806122448979592 0.3380102040816327 0.28273809523809523 0.3348214285714286 0.2838010204081633 0.3330498866213152 0.28557256235827666 0.3312783446712018 0.2894699546485261 0.3284438775510204 0.29124149659863946 0.3273809523809524 0.29336734693877553 0.32702664399092973 0.2954931972789116 0.32702664399092973 0.29726473922902497 0.3266723356009071 0.3011621315192744 0.3266723356009071 0.30328798185941047 0.32702664399092973 0.3068310657596372 0.3277352607709751 0.31072845804988664 0.32915249433106575 0.3139172335600907 0.33056972789115646 0.3156887755102041 0.3323412698412698 0.3181689342403628 0.3344671201814059 0.32029478458049887 0.33730158730158727 0.32206632653061223 0.3401360544217687 0.32348356009070295 0.3433248299319728 0.3241921768707483 0.34580498866213155 0.3241921768707483 0.349702380952381 0.3231292517006803 0.3532454648526077 0.32242063492063494 0.3564342403628118 0.32171201814058953 0.3592687074829932 0.3206490929705215 0.36210317460317465 0.31923185941043086 0.3652919501133787 0.3181689342403628 0.36741780045351474 0.3167517006802721 0.3698979591836735 0.3156887755102041 0.37166950113378683 0.31462585034013607 0.37344104308390025 0.311437074829932 0.3762755102040816 0.3089569160997732 0.37804705215419504 0.3064767573696145 0.37910997732426305 0.3039965986394558 0.3805272108843537 0.30045351473922904 0.3822987528344671 0.2976190476190476 0.38336167800453513 0.29584750566893425 0.3840702947845805 0.2951388888888889 0.38442460317460314 0.2891156462585034 0.38442460317460314 0.28521825396825395 0.38336167800453513 0.2820294784580499 0.38088151927437647 0.2795493197278912 0.3784013605442177 0.2784863945578231 0.37662981859410427 0.2774234693877551 0.3737953514739229
1 0.3883219954648526 0.3344671201814059 0.3822987528344671 0.3380102040816327 0.3784013605442177 0.3390731292517007 0.37556689342403626 0.3394274376417234 0.37273242630385484 0.33978174603174605 0.3592687074829932 0.3390731292517007 0.35714285714285715 0.33730158730158727 0.3560799319727891 0.3344671201814059 0.3560799319727891 0.3323412698412698 0.35678854875283444 0.3287981859410431 0.3578514739229025 0.32702664399092973 0.3592687074829932 0.3252551020408163 0.3606859410430839 0.3231292517006803 0.36174886621315194 0.3210034013605442 0.3635204081632653 0.31781462585034015 0.36848072562358275 0.3096655328798186 0.3698979591836735 0.3071853741496599 0.3713151927437642 0.3054138321995465 0.3737953514739229 0.30257936507936506 0.3773384353741497 0.30009920634920634 0.3798185941043084 0.29903628117913833 0.38159013605442177 0.298327664399093 0.38513321995464855 0.2965561224489796 0.3879676870748299 0.29584750566893425 0.39186507936507936 0.2947845804988662 0.3957624716553288 0.2947845804988662 0.3989512471655329 0.2947845804988662 0.40107709750566894 0.2947845804988662 0.4028486394557823 0.2947845804988662 0.40462018140589573 0.2954931972789116 0.40674603174603174 0.29726473922902497 0.40780895691609975 0.2997448979591837 0.40851757369614516 0.30328798185941047 0.40851757369614516 0.30505952380952384 0.40780895691609975 0.3068310657596372 0.40674603174603174 0.3089569160997732 0.4053287981859411 0.311437074829932 0.3993055555555555 0.3241921768707483 0.3982426303854875 0.32596371882086167 0.39611678004535145 0.32808956916099774
1 0.5314625850340137 0.44253117913832196 0.5240221088435374 0.4443027210884354 0.5222505668934241 0.4446570294784581 0.5197704081632654 0.4446570294784581 0.5176445578231292 0.4446570294784581 0.5155187074829932 0.4453656462585034 0.5133928571428572 0.44607426303854875 0.5116213151927438 0.4464285714285714 0.5094954648526078 0.44713718820861675 0.5084325396825398 0.4489087301587302 0.5080782312925171 0.4510345804988662 0.5096632599580713 0.4556145178197065 0.5093356918238994 0.45676100628930816 0.5101546121593291 0.45790749475890985 0.5117924528301887 0.45889019916142554 0.5127751572327044 0.4595453354297694 0.5135940775681341 0.4602004716981132 0.5147405660377359 0.4605280398322851 0.5196540880503144 0.4654415618448637 0.5199816561844863 0.4664242662473794 0.520964360587002 0.4688810272536687 0.521291928721174 0.4696999475890985 0.5237486897274634 0.47068265199161424 0.5250589622641509 0.4708464360587002 0.5265330188679245 0.47068265199161424 0.5280070754716981 0.47068265199161424 0.5293173480083857 0.47068265199161424 0.5307914046121593 0.47101022012578614 0.5332481656184487 0.4718291404612159 0.5348860062893083 0.4719929245283019 0.535704926624738 0.47232049266247383 0.5378341194968553 0.4728118448637317 0.5394719601677149 0.47297562893081757 0.5409460167714886 0.47297562893081757 0.5422562893081762 0.4731394129979035 0.5442216981132076 0.4731394129979035 0.546187106918239 0.4731394129979035 0.5474973794549266 0.4731394129979035 0.5488076519916143 0.4728118448637317 0.5506092767295598 0.4726480607966457 0.5522471174004193 0.4724842767295597 0.5535573899371069 0.4724842767295597 0.5553590146750526 0.47232049266247383 0.5573244234800839 0.4718291404612159 0.5584709119496856 0.47150157232704404 0.5594536163522013 0.4708464360587002 0.5604363207547169 0.4701912997903564 0.5615828092243187 0.46855345911949686 0.5622379454926626 0.4672431865828092 0.5624017295597485 0.4659329140461216 0.5624017295597485 0.464622641509434 0.5624017295597485 0.46331236897274636 0.5622379454926626 0.46200209643605866 0.5620741614255765 0.4603642557651992 0.5614190251572327 0.45856263102725364 0.560763888888889 0.4565972222222222 0.5599449685534592 0.4547955974842767 0.5591260482180294 0.4529939727463312 0.5583071278825996 0.4513561320754717 0.5574882075471699 0.44988207547169806 0.5565055031446542 0.4485718029350105 0.5550314465408805 0.44742531446540884 0.5535573899371069 0.44627882599580715 0.5520833333333334 0.4452961215932914 0.5504454926624739 0.44447720125786166 0.5484800838574423 0.4439858490566037 0.546350890985325 0.44349449685534587 0.5443854821802936 0.443003144654088 0.5430752096436059 0.4426755765199161 0.5411098008385745 0.44234800838574423 0.5397995283018868 0.4421842243186582 0.538980607966457 0.44202044025157233 0.5375065513626835 0.44202044025157233 0.5352135744234802 0.44202044025157233
0 0.5447130503144655 0.4562696540880503 0.5360324947589099 0.4523388364779874 0.5343946540880503 0.4520112683438155 0.5329205974842767 0.45151991614255765 0.5314465408805031 0.4511923480083857 0.5299724842767295 0.4510285639412998 0.528498427672956 0.45070099580712786 0.5271881551362684 0.45070099580712786 0.5263692348008385 0.45168370020964355 0.5266968029350105 0.4531577568134172 0.5288259958071279 0.453976677148847 0.5312827568134172 0.4551231656184486 0.5420925052410902 0.4595453354297694 0.5435665618448638 0.460691823899371 0.5450406184486373 0.4618383123689727 0.546350890985325 0.46314858490566035 0.5478249475890986 0.4647864255765199 0.5488076519916143 0.46576912997903563 0.549626572327044 0.4662604821802935 0.5506092767295598 0.4664242662473794 0.5520833333333334 0.4664242662473794 0.5530660377358492 0.46576912997903563 0.5535573899371069 0.46429507337526205 0.553229821802935 0.4626572327044025 0.5522471174004193 0.461019392033543
1 0.468062106918239 0.21681734800838579 0.464458857442348 0.22091194968553463 0.46314858490566035 0.2220584381551363 0.46232966457023056 0.2227135744234801 0.4615107442348008 0.22336871069182393 0.4605280398322851 0.22402384696016772 0.4593815513626834 0.22451519916142562 0.4583988469601677 0.22500655136268347 0.457252358490566 0.22566168763102729 0.4564334381551362 0.22615303983228513 0.4554507337526205 0.22697196016771493 0.4547955974842767 0.2281184486373166 0.453976677148847 0.2294287211740042 0.4534853249475891 0.23041142557651995 0.45283018867924524 0.23188548218029353 0.4523388364779874 0.23319575471698115 0.45184748427672955 0.23434224318658284 0.45151991614255765 0.23532494758909855 0.4511923480083857 0.2366352201257862 0.4510285639412998 0.23827306079664573 0.45086477987421386 0.23991090146750527 0.45086477987421386 0.24122117400419288 0.45086477987421386 0.2430227987421384 0.45086477987421386 0.24449685534591198 0.4511923480083857 0.24580712788259962 0.45151991614255765 0.2472811844863732 0.45184748427672955 0.2490828092243187 0.4521750524109015 0.2505568658280923 0.45250262054507334 0.25186713836477986 0.4529939727463312 0.25334119496855345 0.4534853249475891 0.2546514675052411 0.4541404612159329 0.2557979559748428 0.4554507337526205 0.2569444444444445 0.4565972222222222 0.2571082285115304 0.45823506289308175 0.2571082285115304 0.46003668763102723 0.25727201257861637 0.461019392033543 0.2574357966457023 0.4667518343815514 0.2594012054507338 0.468062106918239 0.2600563417190776 0.46953616352201255 0.2612028301886793 0.47068265199161424 0.262185534591195 0.47215670859538783 0.2630044549266248 0.47379454926624737 0.2638233752620545 0.47575995807127885 0.26431472746331236 0.47739779874213834 0.26431472746331236 0.4788718553459119 0.26431472746331236 0.48083726415094336 0.26398715932914046 0.4832940251572327 0.2634958071278826 0.4852594339622642 0.26333202306079667 0.4867334905660377 0.2630044549266248 0.4885351153039832 0.2628406708595388 0.4905005241090147 0.2626768867924529 0.4921383647798742 0.2625131027253669 0.4931210691823899 0.262185534591195 0.4945951257861635 0.26169418238993714 0.4970518867924528 0.2607114779874214 0.49934486373165615 0.25989255765199165 0.5011464884696016 0.2592374213836478 0.5029481132075472 0.25841850104821806 0.5047497379454927 0.25759958071278827 0.5060600104821803 0.2569444444444445 0.5076978511530398 0.2561255241090147 0.5099908280922432 0.25481525157232704 0.5119562368972747 0.2536687631027254 0.5134302935010482 0.2528498427672956 0.514249213836478 0.25203092243186587 0.5149043501048218 0.25121200209643607 0.5160508385744235 0.2500655136268344 0.517361111111111 0.24891902515723272 0.5181800314465409 0.24793632075471703 0.5189989517819706 0.24695361635220128 0.5198178721174004 0.24613469601677151 0.5208005765199162 0.24466063941299793 0.5217832809224319 0.24351415094339626 0.5222746331236897 0.24236766247379457 0.5227659853249476 0.24122117400419288 0.5234211215932913 0.2397471174004193 0.5239124737945492 0.23778170859538786 0.5240762578616353 0.2366352201257862 0.5240762578616353 0.23548873165618453 0.5239124737945492 0.23434224318658284 0.5234211215932913 0.23073899371069187 0.5226022012578616 0.22926493710691828 0.5217832809224319 0.22746331236897277 0.5208005765199162 0.22598925576519918 0.5196540880503144 0.22402384696016772 0.5180162473794548 0.2220584381551363 0.5163784067085954 0.2205843815513627 0.5134302935010482 0.2191103249475891 0.5101546121593291 0.2178000524109015 0.5078616352201257 0.21681734800838579 0.5065513626834381 0.21599842767295602 0.5052410901467506 0.2153432914046122 0.5037670335429769 0.2148519392033543 0.5018016247379455 0.21403301886792456 0.500163784067086 0.21354166666666669 0.4985259433962264 0.21288653039832287 0.4970518867924528 0.21255896226415097 0.4950864779874214 0.21239517819706502 0.49230214884696016 0.21239517819706502 0.4905005241090147 0.21239517819706502 0.4885351153039832 0.21239517819706502 0.48722484276729555 0.21239517819706502 0.4860783542976939 0.21239517819706502 0.4846042976939203 0.21239517819706502 0.4826388888888889 0.21255896226415097 0.4813286163522012 0.21272274633123694 0.4803459119496855 0.21305031446540884 0.47854428721174 0.21354166666666669 0.47657887840670854 0.21403301886792456 0.47477725366876306 0.21452437106918243 0.47346698113207547 0.21501572327044027 0.47166535639413 0.2156708595387841 0.4698637316561845 0.2163259958071279
0 0.4937762054507337 0.2348335953878407 0.4847680817610062 0.23598008385744237 0.4829664570230608 0.2366352201257862 0.4811648322851153 0.23729035639413001 0.4791994234800839 0.23810927672955978 0.47756158280922434 0.2387644129979036 0.47641509433962265 0.2394195492662474 0.47494103773584906 0.2402384696016772 0.4739583333333333 0.24089360587002098 0.4731394129979035 0.24220387840670862 0.47346698113207547 0.24318658280922437 0.47494103773584906 0.2440055031446541 0.4760875262054507 0.24482442348008387 0.47756158280922434 0.24580712788259962 0.47903563941299787 0.24646226415094344 0.4806734800838574 0.24678983228511533 0.48280267295597484 0.24678983228511533 0.48591457023060797 0.24678983228511533 0.4878799790356394 0.24678983228511533 0.4903367400419287 0.2466260482180294 0.492793501048218 0.24629848008385746 0.4950864779874214 0.24597091194968554 0.496560534591195 0.2454795597484277 0.49770702306079667 0.2451519916142558 0.4988535115303983 0.24449685534591198 0.49983621593291405 0.24351415094339626 0.5009827044025157 0.24269523060796647 0.5031118972746331 0.2418763102725367 0.5049135220125786 0.24122117400419288 0.5062237945492662 0.24072982180293503 0.5072064989517819 0.2402384696016772 0.5076978511530398 0.2394195492662474 0.5080254192872117 0.23860062893081763 0.5063875786163522 0.23729035639413001 0.5039308176100629 0.2366352201257862 0.5021291928721173 0.23630765199161427 0.5003275681341719 0.23598008385744237 0.4991810796645702 0.23565251572327045 0.49770702306079667 0.23548873165618453
0 0.5127450980392158 0.12377450980392157 0.5036764705882353 0.13406862745098042 0.5026960784313725 0.13553921568627453 0.5014705882352941 0.1375 0.5004901960784314 0.1394607843137255 0.5 0.1411764705882353 0.49926470588235294 0.1426470588235294 0.49901960784313726 0.14387254901960786 0.4987745098039216 0.14558823529411763 0.5004901960784314 0.14607843137254903 0.5044117647058823 0.14558823529411763 0.5073529411764706 0.1446078431372549 0.5095588235294117 0.14313725490196078 0.511764705882353 0.14166666666666666 0.5137254901960785 0.14044117647058824 0.5196078431372549 0.13406862745098042 0.5208333333333334 0.1321078431372549 0.5215686274509804 0.13014705882352942 0.5223039215686275 0.12818627450980394 0.5230392156862745 0.12622549019607843 0.5235294117647059 0.12450980392156863 0.5237745098039216 0.12230392156862745 0.5237745098039216 0.12107843137254902 0.5232843137254902 0.12009803921568628 0.5161764705882352 0.1213235294117647 0.5147058823529412 0.12205882352941176
1 0.24803921568627452 0.6426470588235295 0.24730392156862743 0.6367647058823529 0.24803921568627452 0.6338235294117648 0.24828431372549017 0.632107843137255 0.24877450980392155 0.6303921568627451 0.24877450980392155 0.6286764705882353 0.24901960784313726 0.6267156862745098 0.24901960784313726 0.6247549019607843 0.24901960784313726 0.6230392156862745 0.24926470588235292 0.6218137254901961 0.24950980392156863 0.620343137254902 0.25 0.6183823529411765 0.2502450980392157 0.616421568627451 0.25073529411764706 0.6147058823529412 0.2512254901960784 0.6129901960784314 0.2517156862745098 0.6112745098039216 0.25245098039215685 0.6098039215686274 0.2529411764705882 0.6085784313725491 0.2534313725490196 0.6073529411764705 0.2544117647058824 0.6046568627450981 0.254656862745098 0.6034313725490196 0.2551470588235294 0.6022058823529411 0.25563725490196076 0.6007352941176471 0.25612745098039214 0.5992647058823529 0.25686274509803925 0.5980392156862745 0.257843137254902 0.5965686274509804 0.25882352941176473 0.5948529411764706 0.26691176470588235 0.5843137254901961 0.26813725490196083 0.5828431372549019 0.2696078431372549 0.5811274509803922 0.2708333333333333 0.5796568627450981 0.2720588235294118 0.5786764705882352 0.2747549019607843 0.5774509803921569 0.2772058823529412 0.5762254901960784 0.27941176470588236 0.5754901960784314 0.2821078431372549 0.5745098039215686 0.2852941176470588 0.5737745098039216 0.2872549019607843 0.5732843137254903 0.28946078431372546 0.5730392156862745 0.29142156862745094 0.5727941176470588 0.2926470588235294 0.5727941176470588 0.2950980392156863 0.5727941176470588 0.29730392156862745 0.5730392156862745 0.2985294117647059 0.5732843137254903 0.30147058823529416 0.5740196078431372 0.30416666666666664 0.5747549019607843 0.3068627450980392 0.5759803921568628 0.3093137254901961 0.5772058823529412 0.3120098039215686 0.5784313725490196 0.3144607843137255 0.5799019607843138 0.31593137254901965 0.5806372549019607 0.3225490196078431 0.5867647058823529 0.32352941176470584 0.5879901960784314 0.3281862745098039 0.5995098039215686 0.32941176470588235 0.6102941176470588 0.32941176470588235 0.6115196078431372 0.32745098039215687 0.6191176470588236 0.3267156862745098 0.621078431372549 0.325 0.6303921568627451 0.325 0.6323529411764706 0.3232843137254902 0.6436274509803922 0.32303921568627453 0.6455882352941177 0.3196078431372549 0.6563725490196078 0.31911764705882356 0.6575980392156863 0.3142156862745098 0.6644607843137255 0.30588235294117644 0.6730392156862746 0.30269607843137253 0.676470588235294 0.28872549019607846 0.6823529411764705 0.28578431372549024 0.6833333333333333 0.28455882352941175 0.6838235294117647 0.2833333333333333 0.6840686274509804 0.2821078431372549 0.6840686274509804 0.2803921568627451 0.683578431372549 0.2774509803921569 0.6833333333333333 0.2747549019607843 0.6825980392156862 0.26666666666666666 0.6779411764705883 0.25833333333333336 0.6691176470588236 0.25245098039215685 0.6553921568627451
1 0.48186274509803917 0.7031862745098039 0.47328431372549024 0.6992647058823529 0.47132352941176475 0.698529411764706 0.46862745098039216 0.6980392156862745 0.45857843137254906 0.696078431372549 0.4573529411764706 0.6955882352941176 0.45588235294117646 0.6953431372549019 0.45416666666666666 0.6953431372549019 0.45245098039215687 0.6950980392156862 0.45122549019607844 0.6950980392156862 0.45 0.6950980392156862 0.4487745098039216 0.6950980392156862 0.4470588235294118 0.6955882352941176 0.4450980392156863 0.6963235294117648 0.44338235294117645 0.6970588235294117 0.44166666666666665 0.6980392156862745 0.4404411764705882 0.6987745098039216 0.43823529411764706 0.7004901960784314 0.4362745098039216 0.7029411764705883 0.4355392156862745 0.7051470588235295 0.4350490196078431 0.7071078431372549 0.43480392156862746 0.7088235294117647 0.43480392156862746 0.7110294117647059 0.43480392156862746 0.7132352941176471 0.4350490196078431 0.7151960784313726 0.4355392156862745 0.717156862745098 0.43602941176470583 0.7188725490196078 0.43676470588235294 0.7208333333333333 0.4375 0.7225490196078431 0.43823529411764706 0.7245098039215686 0.43897058823529417 0.7262254901960784 0.4394607843137255 0.7274509803921568 0.4399509803921569 0.7286764705882353 0.44093137254901965 0.7303921568627451 0.4419117647058824 0.732107843137255 0.44289215686274513 0.7343137254901961 0.44411764705882356 0.7357843137254902 0.4448529411764706 0.7370098039215686 0.44583333333333336 0.7382352941176471 0.4470588235294118 0.7394607843137255 0.44852941176470584 0.7404411764705883 0.45 0.7419117647058824 0.45122549019607844 0.7431372549019607 0.46348039215686276 0.75 0.4696078431372549 0.7524509803921569 0.4708333333333333 0.7524509803921569 0.47352941176470587 0.7526960784313725 0.4752450980392157 0.7524509803921569 0.47647058823529415 0.7517156862745098 0.47867647058823526 0.7507352941176471 0.4808823529411764 0.7504901960784314 0.4843137254901961 0.7497549019607843 0.4870098039215686 0.7492647058823529 0.48848039215686273 0.7490196078431371 0.4904411764705882 0.7485294117647059 0.49166666666666664 0.7480392156862745 0.4931372549019608 0.7473039215686275 0.49411764705882355 0.7468137254901961 0.49607843137254903 0.7468137254901961 0.4975490196078431 0.7465686274509804 0.4987745098039216 0.746078431372549 0.5007352941176471 0.7443627450980392 0.5014705882352941 0.742892156862745 0.5029411764705882 0.7392156862745097 0.5031862745098039 0.7372549019607842 0.5036764705882353 0.7355392156862746 0.5041666666666667 0.7325980392156862 0.5041666666666667 0.7303921568627451 0.5024509803921569 0.7215686274509804 0.5024509803921569 0.7193627450980392 0.5017156862745098 0.7174019607843137 0.5012254901960784 0.7156862745098038 0.5004901960784314 0.7139705882352941 0.49852941176470583 0.7112745098039216 0.49607843137254903 0.7107843137254902 0.4948529411764706 0.7105392156862745 0.4928921568627451 0.7102941176470589 0.49142156862745096 0.7090686274509804 0.49019607843137253 0.7080882352941177
1 0.21890508684863524 0.07002171215880895 0.21166770057899092 0.05864867659222501 0.2103753101736973 0.057097808105872644 0.20908291976840365 0.056322373862696465 0.20701509511993385 0.055288461538461564 0.20443031430934658 0.054513027295285385 0.2026209677419355 0.053996071133167935 0.20003618693134823 0.053996071133167935 0.1977098842018197 0.053996071133167935 0.19615901571546734 0.054254549214226656 0.19409119106699751 0.055029983457402835 0.19279880066170388 0.056063895781637736 0.19124793217535155 0.057356286186931366 0.1899555417700579 0.05942411083540118 0.188921629445823 0.06149193548387099 0.18840467328370555 0.06330128205128208 0.1878877171215881 0.06536910669975188 0.18737076095947064 0.0676954094292804 0.1868538047973532 0.07028019023986767 0.18659532671629447 0.07338192721257239 0.18659532671629447 0.07725909842845329 0.18659532671629447 0.080360835401158 0.18737076095947064 0.08294561621174526 0.1881461952026468 0.08578887510339125 0.18918010752688172 0.08811517783291979 0.1902140198511166 0.08992452440033086 0.19150641025641024 0.09173387096774195 0.19305727874276263 0.09406017369727047 0.19460814722911496 0.09586952026468157 0.19564205955334987 0.09767886683209265 0.19641749379652607 0.099229735318445 0.19719292803970223 0.10078060380479736 0.19874379652605462 0.10258995037220846 0.20029466501240695 0.10388234077750208 0.20210401157981803 0.10517473118279572 0.20365488006617039 0.10646712158808934 0.20494727047146402 0.10750103391232425 0.20701509511993385 0.10853494623655915 0.20959987593052112 0.10879342431761788 0.21192617866004962 0.10879342431761788 0.21476943755169564 0.10879342431761788 0.21709574028122416 0.10801799007444171 0.21890508684863524 0.10646712158808934 0.22045595533498757 0.10517473118279572 0.22200682382133996 0.10336538461538462 0.2232992142266336 0.1010390818858561 0.22407464846980976 0.09948821339950373 0.22485008271298593 0.09742038875103393 0.2253670388751034 0.09509408602150539 0.22614247311827956 0.09250930521091812 0.2264009511993383 0.09044148056244831 0.22691790736145573 0.08785669975186106 0.22691790736145573 0.0852719189412738 0.22665942928039703 0.08294561621174526 0.22614247311827956 0.080360835401158 0.22510856079404468 0.07803453267162945 0.22381617038875104 0.07570822994210093 0.22278225806451613 0.07389888337468985 0.2214898676592225 0.07208953680727875
1 0.43706058726220015 0.07958540115798181 0.436285153019024 0.07079714640198513 0.4352512406947891 0.06872932175351533 0.4321495037220844 0.05968258891645991 0.43111559139784944 0.057356286186931366 0.42982320099255583 0.055805417700579014 0.4246536393713813 0.04908498759305213 0.41328060380479736 0.0408136889991729 0.411729735318445 0.04029673283705545 0.40966191066997515 0.04029673283705545 0.4081110421836228 0.04236455748552525 0.40707712985938793 0.044173904052936336 0.40630169561621177 0.04598325062034742 0.40552626137303555 0.04805107526881723 0.40449234904880066 0.05089433416046321 0.4039753928866832 0.05347911497105048 0.4034584367245657 0.056063895781637736 0.40294148056244833 0.05864867659222501 0.4021660463192721 0.06097497932175354 0.40164909015715466 0.06433519437551698 0.40139061207609594 0.06691997518610424 0.40139061207609594 0.06872932175351533 0.40139061207609594 0.0715725806451613 0.40164909015715466 0.07441583953680729 0.4024245244003309 0.077517576509512 0.4037169148056245 0.08087779156327544 0.40423387096774194 0.08372105045492144 0.4052677832919768 0.08682278742762616 0.4068186517783292 0.09044148056244831 0.40836952026468154 0.09302626137303557 0.40992038875103387 0.09431865177832921 0.41715777502067825 0.10078060380479736 0.4192255996691481 0.10233147229114972 0.42155190239867657 0.10336538461538462 0.4238782051282051 0.10491625310173698 0.42594602977667495 0.10569168734491316 0.4280138544251447 0.10646712158808934 0.4295647229114971 0.10724255583126552 0.4318910256410256 0.10724255583126552 0.4337003722084367 0.10646712158808934 0.4352512406947891 0.10491625310173698 0.43706058726220015 0.09483560794044667 0.43731906534325893 0.08992452440033086
1 0.31971153846153844 0.13825992555831268 0.31144023986765923 0.13386579818031433 0.3054952440033085 0.13153949545078578 0.30420285359801486 0.13128101736972705 0.2972239454094293 0.1307640612076096 0.2938637303556658 0.13102253928866833 0.2868848221670802 0.13231492969396197 0.2853339536807279 0.1328318858560794 0.2806813482216708 0.13412427626137305 0.2793889578163772 0.1346412324234905 0.2780965674110835 0.13541666666666666 0.27706265508684863 0.1374844913151365 0.2768041770057899 0.13877688172043012 0.2768041770057899 0.14084470636889992 0.27706265508684863 0.14265405293631103 0.2796474358974359 0.14472187758478083 0.28197373862696445 0.1465312241521919 0.2840415632754343 0.14885752688172044 0.2855924317617866 0.1496329611248966 0.28714330024813894 0.151183829611249 0.2884356906534326 0.15299317617866007 0.2892111248966088 0.1542855665839537 0.28998655913978494 0.15583643507030603 0.29205438378825477 0.15816273779983459 0.2938637303556658 0.15867969396195203 0.2951561207609595 0.15945512820512822 0.297482423490488 0.1612644747725393 0.29903329197684037 0.16178143093465674 0.3013595947063689 0.1622983870967742 0.3052367659222498 0.16307382133995038 0.30704611248966085 0.16359077750206782 0.30885545905707196 0.1641077336641853 0.3104063275434243 0.164366211745244 0.3122156741108354 0.16462468982630274 0.3137665425971878 0.16488316790736146 0.3153174110835401 0.16462468982630274 0.31712675765095116 0.16384925558312657 0.3194530603804797 0.1620399090157155 0.3210039288668321 0.1612644747725393 0.3222963192721257 0.1602305624483044 0.3238471877584781 0.15945512820512822 0.3253980562448305 0.15893817204301078 0.32720740281224153 0.1584212158808933 0.32849979321753514 0.15790425971877584 0.33005066170388747 0.1573873035566584 0.33134305210918114 0.15661186931348223 0.33315239867659224 0.1542855665839537 0.33418631100082713 0.15221774193548387 0.3347032671629446 0.15066687344913152 0.33444478908188585 0.1491160049627792 0.33341087675765096 0.1475651364764268 0.33263544251447474 0.14627274607113316 0.33134305210918114 0.14446339950372208 0.32875827129859386 0.14291253101736973 0.32720740281224153 0.14239557485525228 0.32462262200165426 0.1405862282878412 0.3233302315963606 0.139810794044665
1 0.2491470223325062 0.22691790736145573 0.2452698511166253 0.21890508684863524 0.2450113730355666 0.2176126964433416 0.24475289495450786 0.21606182795698928 0.24475289495450786 0.21425248138957817 0.24475289495450786 0.21166770057899092 0.2450113730355666 0.2083074855252275 0.24552832919768403 0.20572270471464021 0.24630376344086022 0.20313792390405297 0.2470791976840364 0.20132857733664186 0.24837158808933005 0.1990022746071133 0.24940550041356493 0.1969344499586435 0.251214846980976 0.1938327129859388 0.2527657154673284 0.19098945409429283 0.2537996277915633 0.18866315136476428 0.2548335401157982 0.1868538047973532 0.25586745244003306 0.1850444582299421 0.25741832092638545 0.1840105459057072 0.26026157981803144 0.18375206782464845 0.26439722911497104 0.18349358974358976 0.2677574441687345 0.18349358974358976 0.26956679073614553 0.18375206782464845 0.2713761373035567 0.18530293631100084 0.272927005789909 0.18633684863523572 0.27499483043837886 0.18762923904052936 0.27732113316790735 0.18943858560794044 0.27887200165425974 0.19073097601323408 0.2799059139784946 0.19228184449958646 0.2809398263027295 0.19460814722911496 0.2822322167080232 0.19745140612076098 0.2827491728701406 0.20003618693134823 0.28326612903225806 0.20287944582299422 0.2835246071133168 0.20546422663358146 0.2837830851943755 0.2083074855252275 0.2840415632754343 0.210633788254756 0.2840415632754343 0.2124431348221671 0.284300041356493 0.21373552522746073 0.284300041356493 0.21580334987593053 0.2835246071133168 0.21838813068651777 0.28249069478908184 0.2212313895781638 0.28119830438378823 0.22381617038875104 0.28042287014061207 0.22588399503722084 0.2793889578163772 0.22769334160463195 0.2780965674110835 0.229502688172043 0.2768041770057899 0.2310535566583954 0.27447787427626136 0.2333798593879239 0.2726685277088503 0.2341552936311001 0.271117659222498 0.23493072787427627 0.26930831265508687 0.23544768403639374 0.26749896608767576 0.23544768403639374 0.2651726633581472 0.23544768403639374 0.26310483870967744 0.23544768403639374 0.2607785359801489 0.23493072787427627 0.2594861455748553 0.2344137717121588 0.25767679900744417 0.23363833746898263 0.25586745244003306 0.23260442514474772 0.25431658395368073 0.23131203473945408 0.2530241935483871 0.23001964433416047
1 0.47453990901571547 0.6273004549214227 0.4691118693134822 0.6260080645161291 0.4662686104218362 0.6260080645161291 0.46290839536807277 0.6262665425971878 0.45903122415219183 0.6265250206782464 0.45592948717948717 0.6270419768403639 0.4530862282878412 0.6273004549214227 0.4505014474772539 0.6275589330024814 0.4481751447477254 0.6278174110835402 0.4461073200992555 0.6285928453267163 0.44300558312655086 0.6293682795698925 0.4406792803970223 0.6304021918941274 0.43886993382961126 0.6311776261373035 0.4375775434243176 0.6329869727047146 0.4365436311000827 0.634537841191067 0.4357681968569065 0.6360887096774194 0.4352512406947891 0.6378980562448305 0.43473428453267166 0.6397074028122416 0.43473428453267166 0.6420337055417701 0.43473428453267166 0.6443600082712987 0.43550971877584777 0.6469447890818859 0.4365436311000827 0.6492710918114144 0.43835297766749376 0.651597394540943 0.44145471464019853 0.6539236972704715 0.4435225392886683 0.6552160876757651 0.4453318858560794 0.6565084780810587 0.44895057899090157 0.6578008684863524 0.4533447063688999 0.659093258891646 0.45980665839536805 0.6601271712158809 0.46264991728701405 0.6603856492969397 0.46575165425971876 0.6606441273779985 0.469370347394541 0.6606441273779985 0.474022952853598 0.6603856492969397 0.4784170802315964 0.6601271712158809 0.4817772952853598 0.6598686931348222 0.48487903225806456 0.659093258891646 0.4879807692307692 0.6578008684863524 0.4915994623655914 0.6559915219189414 0.49392576509511993 0.6539236972704715 0.495735111662531 0.6521143507030605 0.49702750206782464 0.6497880479735318 0.49806141439205953 0.6479787014061208 0.4988368486352357 0.6461693548387097 0.4988368486352357 0.6443600082712987 0.4988368486352357 0.6420337055417701 0.49831989247311825 0.640224358974359 0.49728598014888337 0.638415012406948 0.4965105459057072 0.6368641439205955 0.4934088089330025 0.634537841191067 0.4915994623655914 0.6337624069478909 0.49004859387923905 0.6329869727047146 0.4874638130686518 0.6319530603804798 0.4846205541770058 0.6309191480562448 0.48151881720430106 0.6298852357320099 0.47945099255583123 0.628851323407775
1 0.1622983870967742 0.7048438792390406 0.15376861042183623 0.7074286600496278 0.15247622001654262 0.7079456162117452 0.1491160049627792 0.7097549627791564 0.14782361455748555 0.7107888751033913 0.14498035566583953 0.7133736559139785 0.1434294871794872 0.7146660463192721 0.1405862282878412 0.7169923490488006 0.13929383788254757 0.7182847394540943 0.1377429693961952 0.7195771298593879 0.13645057899090157 0.7211279983457403 0.13515818858560796 0.7231958229942101 0.13386579818031433 0.72526364764268 0.1325734077750207 0.7273314722911497 0.13128101736972705 0.7288823407775021 0.12947167080231597 0.7314671215880894 0.12817928039702234 0.7332764681555004 0.1268868899917287 0.735602770885029 0.12611145574855254 0.7379290736145575 0.12559449958643507 0.73947994210091 0.12559449958643507 0.7415477667493796 0.12611145574855254 0.7449079818031431 0.12714536807278745 0.7467173283705542 0.1307640612076096 0.7482681968569066 0.13412427626137305 0.7485266749379653 0.13696753515301904 0.7485266749379653 0.14084470636889992 0.7474927626137303 0.14472187758478083 0.7462003722084367 0.14782361455748555 0.7454249379652605 0.1504083953680728 0.7443910256410257 0.1532516542597188 0.7433571133167908 0.15661186931348223 0.7418062448304384 0.15867969396195203 0.7405138544251447 0.1612644747725393 0.7392214640198511 0.16359077750206782 0.7379290736145575 0.16720947063689 0.7363782051282051 0.17005272952853598 0.734568858560794 0.17263751033912325 0.7325010339123242 0.17470533498759305 0.7293992969396196 0.1762562034739454 0.7268145161290323 0.17832402812241524 0.724229735318445 0.18013337468982632 0.7219034325889165 0.1811672870140612 0.7195771298593879 0.18168424317617865 0.716733870967742 0.18168424317617865 0.7141490901571548 0.18168424317617865 0.7118227874276262 0.1811672870140612 0.7102719189412738 0.17961641852770885 0.7087210504549214 0.17780707196029777 0.7076871381306866 0.1749638130686518 0.7069117038875103 0.17341294458229942 0.7063947477253929 0.17134511993382961 0.7056193134822167 0.16953577336641854 0.705360835401158 0.16772642679900746 0.7051023573200993 0.16565860215053763 0.7048438792390406
1 0.5957661290322581 0.6391904466501241 0.5905965674110836 0.6443600082712987 0.58930417700579 0.6459108767576509 0.5880117866004964 0.6477202233250622 0.5872363523573202 0.6492710918114144 0.5867193961952027 0.6508219602977668 0.5862024400330853 0.6526313068651779 0.5859439619520265 0.654440653432589 0.5859439619520265 0.6565084780810587 0.5864609181141439 0.6588347808105872 0.5874948304383789 0.6616780397022333 0.5887872208436725 0.6642628205128206 0.5900796112489661 0.667623035566584 0.591113523573201 0.6704662944582299 0.5993848221670802 0.6826147642679902 0.6014526468155501 0.6841656327543425 0.6037789495450786 0.6862334574028123 0.6053298180314309 0.6875258478081059 0.607139164598842 0.6883012820512822 0.6092069892473119 0.6890767162944583 0.6117917700578991 0.6893351943755169 0.6159274193548387 0.6890767162944583 0.6190291563275435 0.6883012820512822 0.6218724152191893 0.6864919354838711 0.6231648056244831 0.6841656327543425 0.6236817617866006 0.681839330024814 0.6239402398676592 0.6787375930521092 0.6239402398676592 0.6756358560794045 0.6239402398676592 0.6725341191066998 0.6239402398676592 0.6686569478908189 0.6236817617866006 0.6652967328370554 0.6234232837055418 0.6614195616211745 0.6223893713813069 0.6580593465674112 0.6221308933002482 0.6546991315136477 0.6221308933002482 0.6521143507030605 0.6221308933002482 0.6497880479735318 0.621355459057072 0.6469447890818859 0.6205800248138957 0.6438430521091812 0.6198045905707197 0.6415167493796526 0.6185122001654261 0.638415012406948 0.6174782878411911 0.6355717535153019 0.61566894127378 0.633503928866832 0.6133426385442515 0.631694582299421 0.6120502481389579 0.6311776261373035 0.608948511166253 0.6314361042183624 0.6068806865177834 0.6322115384615384 0.6050713399503722 0.6332454507857734 0.6024865591397849 0.6342793631100083 0.6011941687344913 0.6350547973531845 0.599643300248139 0.6360887096774194 0.5980924317617866 0.6371226220016543
1 0.7482681968569066 0.6534067411083541 0.741289288668321 0.6484956575682382 0.7397384201819686 0.6482371794871795 0.7374121174524401 0.6479787014061208 0.734568858560794 0.6479787014061208 0.7312086435070306 0.6477202233250622 0.7281069065343259 0.6477202233250622 0.7257806038047974 0.6477202233250622 0.7239712572373863 0.6477202233250622 0.7219034325889165 0.6479787014061208 0.7195771298593879 0.6484956575682382 0.7175093052109182 0.648754135649297 0.7154414805624484 0.6492710918114144 0.7133736559139785 0.6503050041356494 0.7120812655086849 0.6510804383788255 0.7105303970223324 0.6521143507030605 0.7097549627791564 0.6536652191894128 0.7089795285359802 0.6557330438378826 0.7089795285359802 0.6583178246484699 0.7092380066170388 0.6606441273779985 0.7100134408602151 0.6632289081885857 0.7115643093465674 0.6663306451612904 0.7149245244003309 0.6707247725392887 0.7169923490488006 0.6740849875930521 0.7195771298593879 0.6769282464846981 0.7213864764267991 0.6792545492142267 0.7231958229942101 0.6815808519437552 0.72526364764268 0.6833901985111662 0.7278484284532672 0.6851995450785774 0.7309501654259719 0.6872673697270472 0.7350858147229115 0.6893351943755169 0.738446029776675 0.6903691066997519 0.740255376344086 0.6906275847808107 0.7436155913978495 0.6908860628618694 0.7485266749379653 0.6908860628618694 0.7524038461538463 0.6908860628618694 0.7552471050454922 0.6908860628618694 0.757314929693962 0.6908860628618694 0.7598997105045492 0.6906275847808107 0.7627429693961952 0.6898521505376344 0.764035359801489 0.6885597601323408 0.764810794044665 0.6862334574028123 0.764810794044665 0.6833901985111662 0.7645523159636063 0.6802884615384616 0.7637768817204301 0.6771867245657569 0.7635184036393714 0.675118899917287 0.763001447477254 0.6722756410256411 0.7622260132340777 0.6699493382961125 0.7614505789909016 0.6681399917287014 0.760158188585608 0.6660721670802316 0.7588657981803144 0.6645212985938793 0.757314929693962 0.6627119520264682 0.7557640612076095 0.6606441273779985 0.7544716708023159 0.6593517369727048 0.7531792803970223 0.6583178246484699 0.7518868899917287 0.657283912324235 0.7500775434243176 0.6559915219189414
1 0.9325630686517783 0.650563482216708 0.9279104631927212 0.6430676178660051 0.926359594706369 0.6412582712985938 0.9245502481389578 0.6397074028122416 0.9219654673283705 0.638415012406948 0.919639164598842 0.637381100082713 0.9170543837882548 0.6371226220016543 0.9134356906534327 0.637381100082713 0.9098169975186104 0.638415012406948 0.9069737386269645 0.6397074028122416 0.9046474358974359 0.6420337055417701 0.9023211331679074 0.6451354425144749 0.900770264681555 0.648754135649297 0.8994778742762614 0.6523728287841191 0.8984439619520265 0.6559915219189414 0.8976685277088503 0.6593517369727048 0.8968930934656741 0.6619365177832921 0.8961176592224979 0.664779776674938 0.8953422249793218 0.6673645574855253 0.8953422249793218 0.6696908602150539 0.8953422249793218 0.6730510752688172 0.8953422249793218 0.6758943341604632 0.8958591811414393 0.6782206368899917 0.8963761373035567 0.680805417700579 0.8971515715467329 0.6836486765922251 0.8984439619520265 0.6859749793217536 0.8997363523573202 0.6880428039702233 0.9010287427626138 0.6903691066997519 0.9028380893300249 0.6924369313482217 0.9051643920595533 0.6945047559966915 0.907490694789082 0.6965725806451614 0.909300041356493 0.697864971050455 0.9124017783291977 0.6988988833746899 0.9160204714640199 0.6988988833746899 0.9191222084367247 0.6988988833746899 0.9217069892473119 0.6981234491315137 0.9242917700578991 0.6973480148883375 0.9258426385442514 0.6968310587262201 0.9273935070306039 0.6952801902398676 0.9284274193548386 0.6926954094292804 0.9292028535980149 0.6901106286186932 0.9297198097601325 0.6877843258891647 0.9302367659222498 0.6859749793217536 0.9310122001654261 0.6833901985111662 0.9315291563275435 0.680805417700579 0.932046112489661 0.6779621588089331 0.9325630686517783 0.675118899917287 0.9328215467328371 0.6725341191066998 0.9330800248138957 0.669432382133995 0.9333385028949546 0.667623035566584 0.9333385028949546 0.6652967328370554 0.9333385028949546 0.6627119520264682 0.9335969809760133 0.6601271712158809 0.9335969809760133 0.6583178246484699 0.9333385028949546 0.65625 0.9330800248138957 0.654440653432589 0.9328215467328371 0.6536652191894128
1 0.8968930934656741 0.7480097187758478 0.8834522332506204 0.753437758478081 0.8806089743589743 0.7547301488833748 0.8777657154673284 0.7565394954507858 0.8749224565756824 0.7583488420181969 0.871562241521919 0.7604166666666666 0.868718982630273 0.7622260132340777 0.866909636062862 0.7637768817204301 0.8656172456575683 0.7655862282878412 0.8648418114143921 0.7673955748552522 0.8640663771712159 0.7692049214226634 0.8599307278742763 0.7792855665839536 0.8576044251447478 0.7953112076095947 0.8568289909015715 0.7971205541770059 0.8563120347394542 0.7986714226633581 0.8557950785773367 0.7999638130686518 0.8552781224152193 0.8020316377171216 0.8552781224152193 0.8033240281224152 0.8557950785773367 0.8048748966087677 0.8573459470636889 0.80642576509512 0.860189205955335 0.8072011993382961 0.8632909429280397 0.8072011993382961 0.8661342018196857 0.8072011993382961 0.8689774607113316 0.8069427212572374 0.8720791976840364 0.8061672870140613 0.8754394127377998 0.8053918527708851 0.8787996277915633 0.8043579404466501 0.8813844086021505 0.803582506203474 0.8844861455748553 0.8022901157981804 0.8873294044665012 0.8004807692307693 0.9012872208436724 0.7857475186104218 0.9061983043837883 0.7754083953680728 0.9069737386269645 0.7735990488006618 0.9108509098428453 0.7619675351530191 0.9113678660049628 0.760158188585608 0.9118848221670802 0.7578318858560794 0.912143300248139 0.7557640612076095 0.912143300248139 0.7542131927212573 0.912143300248139 0.7521453680727874 0.9116263440860215 0.7500775434243176 0.9108509098428453 0.748785153019024 0.9087830851943756 0.7472342845326717 0.907490694789082 0.7469758064516129 0.9038720016542597 0.7469758064516129 0.9002533085194375 0.7472342845326717
1 0.6976064929693961 0.7322425558312655 0.6950217121588089 0.7304332092638545 0.6937293217535153 0.7301747311827957 0.6924369313482217 0.7299162531017369 0.6901106286186932 0.7301747311827957 0.6883012820512822 0.7317255996691482 0.6872673697270472 0.734568858560794 0.6872673697270472 0.7371536393713813 0.6880428039702233 0.7389629859387924 0.6890767162944583 0.7407723325062036 0.6898521505376344 0.7425816790736146 0.6903691066997519 0.7449079818031431 0.6906275847808107 0.7464588502894955 0.691144540942928 0.7500775434243176 0.6914030190239868 0.7518868899917287 0.6914030190239868 0.7536962365591399 0.692178453267163 0.7560225392886684 0.6932123655913979 0.7593827543424319 0.6942462779156329 0.7619675351530191 0.6950217121588089 0.7637768817204301 0.6957971464019851 0.7650692721257237 0.697864971050455 0.7668786186931348 0.700708229942101 0.7684294871794872 0.7030345326716295 0.7692049214226634 0.7063947477253929 0.7697218775847808 0.7092380066170388 0.7702388337468983 0.7123397435897437 0.7710142679900744 0.7138906120760959 0.7717897022332507 0.716733870967742 0.7735990488006618 0.718543217535153 0.7746329611248967 0.7198356079404467 0.775149917287014 0.7211279983457403 0.7754083953680728 0.722420388751034 0.7754083953680728 0.7239712572373863 0.7743744830438379 0.7257806038047974 0.7725651364764268 0.7265560380479736 0.7712727460711332 0.7270729942100911 0.7699803556658396 0.7278484284532672 0.7684294871794872 0.7278484284532672 0.7663616625310173 0.7278484284532672 0.7642938378825476 0.7273314722911497 0.7619675351530191 0.7260390818858561 0.7593827543424319 0.7250051695616212 0.7575734077750208 0.7237127791563276 0.7552471050454922 0.722420388751034 0.7529208023159637 0.7213864764267991 0.7505944995864351 0.7206110421836229 0.7477512406947892 0.7200940860215055 0.7449079818031431 0.7198356079404467 0.7428401571546732 0.7190601736972705 0.7410308105872622 0.7175093052109182 0.73947994210091 0.715699958643507 0.7381875516956163 0.7136321339950373 0.7368951612903226 0.7123397435897437 0.7361197270471465 0.7105303970223324 0.7358612489660877 0.7076871381306866 0.7361197270471465 0.7058777915632756 0.7361197270471465 0.7032930107526882 0.7361197270471465 0.7014836641852771 0.7353442928039703 0.7004497518610422 0.7337934243176178
1 0.6609026054590571 0.7743744830438379 0.6557330438378826 0.7728236145574855 0.6526313068651779 0.7723066583953682 0.6500465260545906 0.7715312241521919 0.6466863110008272 0.7710142679900744 0.6441015301902399 0.7710142679900744 0.6407413151364765 0.7717897022332507 0.6386734904880066 0.7723066583953682 0.6360887096774194 0.7733405707196029 0.6340208850289496 0.7741160049627792 0.6322115384615384 0.775149917287014 0.6309191480562448 0.7759253515301903 0.6298852357320099 0.7777346980976013 0.6285928453267163 0.7790270885028949 0.6278174110835402 0.7810949131513648 0.6267834987593053 0.783679693961952 0.6262665425971878 0.7860059966914806 0.6257495864350703 0.7883322994210091 0.6252326302729528 0.7906586021505377 0.6249741521918942 0.7935018610421837 0.6249741521918942 0.795052729528536 0.6260080645161291 0.7963451199338297 0.6280758891645989 0.7968620760959471 0.6296267576509512 0.7981544665012408 0.6306606699751861 0.7994468569065344 0.6329869727047146 0.7999638130686518 0.634537841191067 0.7991883788254756 0.6358302315963607 0.7991883788254756 0.6394489247311828 0.7999638130686518 0.6428091397849462 0.8002222911497106 0.6441015301902399 0.8002222911497106 0.6464278329197685 0.7989299007444169 0.6495295698924732 0.7971205541770059 0.6518558726220017 0.7960866418527709 0.6539236972704715 0.795052729528536 0.6557330438378826 0.7935018610421837 0.6565084780810587 0.7914340363937138 0.6570254342431762 0.7888492555831266 0.6578008684863524 0.7872983870967742 0.6596102150537635 0.7857475186104218 0.6629704301075269 0.7834212158808934 0.6640043424317618 0.7808364350703061 0.664779776674938 0.7792855665839536 0.6650382547559968 0.77799317617866 0.6645212985938793 0.7764423076923077
1 0.7557640612076095 0.8511424731182796 0.7508529776674938 0.8485576923076923 0.748785153019024 0.8467483457402812 0.7472342845326717 0.8451974772539289 0.7456834160463193 0.8436466087675766 0.7446495037220845 0.842354218362283 0.743098635235732 0.8408033498759305 0.7410308105872622 0.8397694375516956 0.7387045078577337 0.8387355252274608 0.7353442928039703 0.8382185690653433 0.7312086435070306 0.8379600909842845 0.7273314722911497 0.8379600909842845 0.724229735318445 0.8382185690653433 0.7206110421836229 0.8387355252274608 0.7172508271298594 0.8395109594706369 0.7151830024813896 0.8397694375516956 0.7136321339950373 0.8405448717948718 0.7118227874276262 0.841320306038048 0.7087210504549214 0.8426126964433416 0.7051023573200993 0.8436466087675766 0.7020006203473946 0.8449389991728702 0.6986404052936311 0.8462313895781638 0.6965725806451614 0.8475237799834575 0.6952801902398676 0.8490746484698097 0.6945047559966915 0.8508839950372208 0.6942462779156329 0.852693341604632 0.6942462779156329 0.8542442100909843 0.6950217121588089 0.8557950785773367 0.6957971464019851 0.8570874689826303 0.6981234491315137 0.8586383374689827 0.7094964846980977 0.8666511579818031 0.7118227874276262 0.867685070306038 0.7188016956162119 0.8705283291976841 0.7203525641025641 0.871562241521919 0.7317255996691482 0.8733715880893301 0.7425816790736146 0.871562241521919 0.7456834160463193 0.8702698511166252 0.7560225392886684 0.866909636062862 0.7614505789909016 0.8622570306038049 0.7619675351530191 0.8609646401985113 0.7619675351530191 0.8594137717121588 0.7617090570719603 0.8578629032258065 0.7609336228287841 0.8565705128205129 0.7596412324234905 0.8555366004962779 0.7583488420181969 0.8542442100909843
1 0.6771867245657569 0.9695254342431762 0.6720171629445824 0.9638389164598843 0.6709832506203475 0.9625465260545906 0.6696908602150539 0.961254135649297 0.6683984698097603 0.9599617452440034 0.6668476013234078 0.9586693548387097 0.6655552109181142 0.9576354425144747 0.6634873862696443 0.9568600082712987 0.6616780397022333 0.9563430521091811 0.6596102150537635 0.9560845740281224 0.6570254342431762 0.9558260959470637 0.654440653432589 0.9553091397849462 0.6526313068651779 0.9553091397849462 0.6500465260545906 0.9553091397849462 0.6477202233250622 0.9553091397849462 0.6464278329197685 0.9553091397849462 0.6446184863523573 0.9555676178660051 0.6420337055417701 0.9568600082712987 0.6409997932175352 0.9581523986765923 0.6399658808933002 0.9599617452440034 0.6399658808933002 0.9615126137303557 0.6404828370554178 0.9635804383788255 0.6407413151364765 0.9656482630272953 0.6409997932175352 0.9679745657568238 0.6409997932175352 0.9708178246484699 0.6417752274607114 0.9736610835401158 0.6428091397849462 0.9757289081885856 0.6435845740281224 0.9777967328370554 0.6443600082712987 0.9793476013234078 0.6451354425144749 0.981932382133995 0.6464278329197685 0.9840002067824649 0.6479787014061208 0.9863265095119934 0.648754135649297 0.987618899917287 0.6500465260545906 0.9894282464846981 0.6513389164598843 0.9902036807278743 0.6528897849462366 0.9912375930521091 0.6549576095947064 0.9925299834574027 0.6570254342431762 0.993305417700579 0.6593517369727048 0.9940808519437552 0.6614195616211745 0.9945978081058726 0.6642628205128206 0.9948562861869313 0.6683984698097603 0.9951147642679901 0.6715002067824649 0.9951147642679901 0.6735680314309348 0.9951147642679901 0.6756358560794045 0.9951147642679901 0.6784791149710505 0.9951147642679901 0.6797715053763441 0.9951147642679901 0.6813223738626966 0.9951147642679901 0.6836486765922251 0.9940808519437552 0.6846825889164598 0.9927884615384616 0.6857165012406948 0.9904621588089331 0.6864919354838711 0.9883943341604632 0.6864919354838711 0.9871019437551696 0.6864919354838711 0.9852925971877585 0.6839071546732838 0.9803815136476427 0.6820978081058726 0.9777967328370554 0.6815808519437552 0.9765043424317618
1 0.9116263440860215 0.9286858974358975 0.9085246071133167 0.916795905707196 0.9080076509511994 0.9149865591397849 0.9072322167080231 0.9131772125723738 0.9061983043837883 0.9108509098428453 0.9051643920595533 0.909300041356493 0.9030965674110836 0.9080076509511994 0.9012872208436724 0.9082661290322581 0.8992193961952027 0.909300041356493 0.8976685277088503 0.9100754755996692 0.8956007030603804 0.9116263440860215 0.8935328784119106 0.9134356906534327 0.8914650537634409 0.9152450372208437 0.8891387510339123 0.9173128618693135 0.8873294044665012 0.9193806865177833 0.8857785359801489 0.9211900330851944 0.8844861455748553 0.9232578577336642 0.8834522332506204 0.925325682382134 0.8821598428453268 0.9279104631927212 0.8811259305210919 0.9304952440033085 0.8806089743589743 0.9328215467328371 0.8806089743589743 0.9346308933002482 0.8811259305210919 0.9416098014888338 0.8821598428453268 0.9457454507857734 0.8850031017369727 0.9599617452440034 0.8857785359801489 0.9622880479735318 0.8870709263854425 0.9646143507030605 0.8888802729528537 0.9666821753515301 0.8912065756823822 0.9684915219189414 0.8927574441687346 0.969783912324235 0.8945667907361456 0.9710763027295286 0.8961176592224979 0.9708178246484699 0.8987024400330852 0.9695254342431762 0.9005117866004964 0.9682330438378826 0.9023211331679074 0.966940653432589 0.9043889578163772 0.9640973945409429 0.9061983043837883 0.9620295698924732 0.9072322167080231 0.9599617452440034 0.9082661290322581 0.9581523986765923 0.9100754755996692 0.9522074028122416 0.9105924317617866 0.9501395781637717 0.9111093879239041 0.9480717535153019 0.9111093879239041 0.9465208850289496 0.9113678660049628 0.945228494623656 0.9118848221670802 0.9436776261373035 0.912143300248139 0.9423852357320099 0.9124017783291977 0.9410928453267163 0.9126602564102565 0.9398004549214227 0.9126602564102565 0.9382495864350703 0.9126602564102565 0.9364402398676592 0.9126602564102565 0.9351478494623656 0.9124017783291977 0.9333385028949546 0.912143300248139 0.9315291563275435
1 0.991496071133168 0.8842276674937966 0.9827078163771713 0.8733715880893301 0.9777967328370554 0.867685070306038 0.9757289081885856 0.8671681141439206 0.9653897849462365 0.8640663771712159 0.9633219602977668 0.8635494210090985 0.9607371794871795 0.863032464846981 0.9594447890818859 0.863032464846981 0.9576354425144747 0.8640663771712159 0.9571184863523573 0.8663926799007444 0.9584108767576509 0.8803504962779157 0.9633219602977668 0.8930159222497932 0.9646143507030605 0.8950837468982631 0.9682330438378826 0.9005117866004964 0.9700423904052936 0.9020626550868486 0.9767628205128206 0.9059398263027295 0.9871019437551696 0.909300041356493 0.9961486765922251 0.9111093879239041 0.9976995450785773 0.9105924317617866 0.9989583333333333 0.9087042493796527 0.9989583333333333 0.906456782464847 0.9974410669975187 0.8999948304383788 0.9938223738626965 0.8891387510339123
1 0.9718517369727047 0.7017421422663358 0.9648728287841191 0.708204094292804 0.9604787014061208 0.7154414805624484 0.9597032671629446 0.716733870967742 0.9584108767576509 0.7188016956162119 0.9576354425144747 0.7208695202646815 0.9566015301902399 0.7231958229942101 0.9558260959470637 0.7257806038047974 0.9550506617038875 0.7283653846153847 0.9545337055417701 0.7322425558312655 0.9542752274607114 0.7353442928039703 0.9542752274607114 0.7374121174524401 0.9547921836228288 0.7397384201819686 0.9555676178660051 0.7418062448304384 0.9566015301902399 0.7441325475599669 0.9578939205955336 0.7462003722084367 0.9599617452440034 0.7482681968569066 0.963063482216708 0.7498190653432589 0.9674576095947064 0.7505944995864351 0.9723686931348222 0.7508529776674938 0.9777967328370554 0.7505944995864351 0.9829662944582299 0.7493021091811414 0.9865849875930521 0.7469758064516129 0.9902036807278743 0.7449079818031431 0.9930469396195203 0.7425816790736146 0.9951147642679901 0.7399968982630274 0.9989583333333333 0.7325499831989248 0.9989583333333333 0.7027760545905707 0.994339330024814 0.6976064929693961 0.9925299834574027 0.6970895368072788 0.9899452026468155 0.6968310587262201 0.9873604218362283 0.6968310587262201 0.9852925971877585 0.6970895368072788 0.9816739040529363 0.697864971050455 0.9796060794044664 0.6986404052936311 0.977279776674938 0.699674317617866
1 0.8744055004135649 0.6689154259718777 0.8751809346567412 0.6541821753515303 0.8749224565756824 0.6503050041356494 0.8744055004135649 0.6474617452440034 0.8741470223325062 0.6448769644334161 0.8733715880893301 0.6417752274607114 0.8718207196029777 0.6399658808933002 0.8700113730355666 0.6381565343258891 0.868718982630273 0.6371226220016543 0.8661342018196857 0.6366056658395369 0.8632909429280397 0.6366056658395369 0.8594137717121588 0.6368641439205955 0.8568289909015715 0.6376395781637717 0.8545026881720431 0.6386734904880066 0.852693341604632 0.6397074028122416 0.8511424731182796 0.6409997932175352 0.8490746484698097 0.6430676178660051 0.8472653019023987 0.6451354425144749 0.8459729114971051 0.6472032671629446 0.8449389991728702 0.6503050041356494 0.844163564929694 0.6528897849462366 0.8439050868486352 0.654440653432589 0.8433881306865179 0.65625 0.843129652605459 0.659093258891646 0.8428711745244004 0.6619365177832921 0.8426126964433416 0.6655552109181142 0.843129652605459 0.6686569478908189 0.8436466087675766 0.6715002067824649 0.8444220430107526 0.6738265095119934 0.8449389991728702 0.676152812241522 0.8451974772539289 0.6779621588089331 0.8459729114971051 0.6802884615384616 0.8475237799834575 0.6831317204301076 0.8482992142266336 0.6844241108354012 0.849850082712986 0.6851995450785774 0.8529518196856907 0.6854580231596361 0.8560535566583953 0.6854580231596361 0.8576044251447478 0.6854580231596361 0.8594137717121588 0.6849410669975187 0.861998552522746 0.6839071546732838 0.8645833333333334 0.6828732423490488 0.8666511579818031 0.6813223738626966 0.8679435483870968 0.6805469396195203 0.8694944168734492 0.6792545492142267 0.8713037634408602 0.6777036807278743 0.8723376757650951 0.6764112903225806 0.8736300661703887 0.6743434656741109 0.8741470223325062 0.6717586848635235
1 0.9912375930521091 0.556218982630273 0.9834832506203474 0.5523418114143921 0.9811569478908189 0.5520833333333334 0.9796060794044664 0.5520833333333334 0.9775382547559968 0.5520833333333334 0.9759873862696443 0.5526002894954509 0.9741780397022333 0.5531172456575683 0.9713347808105872 0.553375723738627 0.96875 0.553375723738627 0.9664236972704715 0.553375723738627 0.9640973945409429 0.5536342018196857 0.9615126137303557 0.5538926799007445 0.9581523986765923 0.5546681141439206 0.9550506617038875 0.5551850703060381 0.9534997932175352 0.5557020264681556 0.9516904466501241 0.5564774607113318 0.9501395781637717 0.5572528949545078 0.9485887096774194 0.5582868072787428 0.947037841191067 0.5598376757650951 0.9465208850289496 0.5611300661703887 0.9465208850289496 0.5629394127377999 0.947037841191067 0.5652657154673284 0.9478132754342432 0.566558105872622 0.9483302315963607 0.5681089743589745 0.9493641439205955 0.5696598428453268 0.950915012406948 0.5719861455748554 0.952724358974359 0.574053970223325 0.9534997932175352 0.5756048387096775 0.9542752274607114 0.5774141852770885 0.9547921836228288 0.5787065756823822 0.9558260959470637 0.5799989660876758 0.9568600082712987 0.5812913564929694 0.9581523986765923 0.5825837468982631 0.9599617452440034 0.5846515715467329 0.9617710918114144 0.5859439619520265 0.9638389164598843 0.5867193961952027 0.9661652191894128 0.5874948304383789 0.9690084780810587 0.588270264681555 0.9726271712158809 0.5890456989247312 0.9754704301075269 0.5898211331679074 0.9780552109181142 0.5898211331679074 0.9806399917287014 0.5898211331679074 0.9832247725392887 0.5900796112489661 0.9855510752688172 0.5898211331679074 0.9891697684036395 0.5890456989247312 0.9909791149710505 0.5880117866004964 0.9922715053763441 0.5874948304383789 0.9940808519437552 0.5869778742762614 0.9956317204301076 0.5867193961952027 0.9974410669975187 0.5859439619520265 0.9989583333333333 0.5849324510614834 0.9989583333333333 0.5608715880893301
1 0.9310122001654261 0.4926333746898263 0.9307537220843672 0.4846205541770058 0.9302367659222498 0.4822942514474773 0.9250672043010754 0.4742814309346567 0.9237748138957816 0.47273056244830436 0.9183467741935484 0.46781947890818854 0.9160204714640199 0.4667855665839537 0.9136941687344913 0.4654931761786601 0.9108509098428453 0.4634253515301902 0.9095585194375517 0.46264991728701405 0.9077491728701406 0.4621329611248966 0.9049059139784946 0.4621329611248966 0.902579611248966 0.4621329611248966 0.8997363523573202 0.46264991728701405 0.8971515715467329 0.46394230769230765 0.8950837468982631 0.46575165425971876 0.8930159222497932 0.46756100082712987 0.8912065756823822 0.4696288254755997 0.8891387510339123 0.4722136062861869 0.8878463606286187 0.4742814309346567 0.886553970223325 0.4763492555831265 0.8852615798180314 0.4784170802315964 0.8842276674937966 0.47996794871794873 0.8826767990074441 0.4822942514474773 0.8811259305210919 0.48436207609594706 0.8800920181968569 0.4859129445822994 0.8787996277915633 0.48823924731182794 0.8782826716294458 0.4913409842845327 0.8780241935483871 0.4934088089330025 0.8780241935483871 0.4959935897435897 0.8787996277915633 0.49831989247311825 0.8793165839536807 0.5009046732837056 0.8821598428453268 0.5112437965260546 0.882935277088503 0.5125361869313482 0.8839691894127378 0.5140870554177005 0.8870709263854425 0.5171887923904053 0.8896557071960297 0.5189981389578163 0.892240488006617 0.52029052936311 0.8943083126550868 0.5213244416873449 0.8966346153846154 0.5223583540115798 0.8989609181141439 0.5228753101736973 0.9023211331679074 0.5233922663358147 0.9049059139784946 0.5236507444168734 0.9082661290322581 0.5236507444168734 0.912143300248139 0.5233922663358147 0.9149865591397849 0.5228753101736973 0.9170543837882548 0.5223583540115798 0.9191222084367247 0.5215829197684037 0.9206730769230769 0.5210659636062862 0.9222239454094293 0.5200320512820513 0.9248087262200165 0.5177057485525227 0.9266180727874276 0.5156379239040529 0.9273935070306039 0.5135700992555832 0.9284274193548386 0.5109853184449958 0.9289443755169562 0.5091759718775848 0.9294613316790736 0.5068496691480563 0.9302367659222498 0.504264888337469 0.9307537220843672 0.5019385856079405 0.9310122001654261 0.5003877171215881 0.9310122001654261 0.49831989247311825 0.9310122001654261 0.4959935897435897
1 0.84700682382134 0.4406792803970223 0.8472653019023987 0.4324079818031431 0.8472653019023987 0.4303401571546733 0.8472653019023987 0.4282723325062035 0.84700682382134 0.42672146401985106 0.8459729114971051 0.4243951612903226 0.8446805210918115 0.42310277088502896 0.8433881306865179 0.42258581472291146 0.8420957402812241 0.42258581472291146 0.8405448717948718 0.42258581472291146 0.8387355252274608 0.42310277088502896 0.8364092224979323 0.42517059553349873 0.8338244416873449 0.4274968982630273 0.8322735732009926 0.42930624483043833 0.8307227047146403 0.4308571133167908 0.8294303143093467 0.4321495037220844 0.828137923904053 0.43395885028949543 0.8268455334987593 0.4349927626137304 0.8258116211745244 0.436285153019024 0.8242607526881721 0.43809449958643504 0.8227098842018197 0.4404208023159636 0.8216759718775849 0.44300558312655086 0.8206420595533499 0.44559036393713813 0.8198666253101737 0.44714123242349046 0.8193496691480563 0.4492090570719603 0.8193496691480563 0.45127688172043007 0.8193496691480563 0.4541201406120761 0.819608147229115 0.45696339950372206 0.819608147229115 0.4592897022332506 0.819608147229115 0.4610990488006617 0.819608147229115 0.46316687344913154 0.819608147229115 0.4652346980976013 0.8193496691480563 0.4667855665839537 0.819608147229115 0.4680779569892473 0.8221929280397023 0.46859491315136476 0.8250361869313482 0.46859491315136476 0.827104011579818 0.46833643507030603 0.8302057485525227 0.46730252274607115 0.83279052936311 0.46575165425971876 0.8345998759305212 0.4642007857733664 0.8364092224979323 0.46264991728701405 0.8379600909842845 0.4610990488006617 0.8392524813895782 0.45877274607113316 0.8408033498759305 0.4564464433416046 0.8418372622001654 0.45515405293631095 0.8433881306865179 0.4533447063688999 0.8449389991728702 0.45179383788254757 0.8459729114971051 0.44998449131513646 0.8467483457402812 0.4486921009098428 0.8472653019023987 0.4473997105045492 0.8472653019023987 0.44559036393713813 0.8472653019023987 0.4435225392886683
1 0.9754704301075269 0.30161807278742764 0.9679745657568238 0.30342741935483875 0.9666821753515301 0.30368589743589747 0.9648728287841191 0.30394437551695613 0.9620295698924732 0.30471980976013235 0.9594447890818859 0.3052367659222498 0.9568600082712987 0.3054952440033085 0.9555676178660051 0.306012200165426 0.9540167493796526 0.30704611248966085 0.9524658808933002 0.3096308933002481 0.9501395781637717 0.3119571960297767 0.9485887096774194 0.31299110835401156 0.9472963192721257 0.3142834987593052 0.946003928866832 0.3153174110835401 0.9447115384615384 0.3166098014888338 0.9439361042183624 0.3184191480562448 0.9423852357320099 0.3210039288668321 0.941351323407775 0.3225547973531845 0.9400589330024814 0.3241056658395368 0.9387665425971878 0.3253980562448305 0.9379911083540117 0.3269489247311828 0.9379911083540117 0.32901674937965264 0.9382495864350703 0.33030913978494625 0.9392834987593053 0.33134305210918114 0.9405758891645989 0.3321184863523573 0.9429021918941274 0.332376964433416 0.9457454507857734 0.332376964433416 0.9483302315963607 0.33186000827129863 0.9506565343258891 0.33186000827129863 0.9537582712985938 0.33186000827129863 0.9566015301902399 0.3316015301902399 0.9589278329197684 0.3316015301902399 0.9607371794871795 0.3310845740281224 0.9622880479735318 0.33005066170388747 0.9640973945409429 0.32875827129859386 0.9656482630272953 0.327724358974359 0.9674576095947064 0.32643196856906537 0.969783912324235 0.32513957816377176 0.9718517369727047 0.3238471877584781 0.9741780397022333 0.3228132754342432 0.9762458643507032 0.322037841191067 0.9777967328370554 0.3210039288668321 0.9790891232423491 0.32022849462365593 0.9814154259718777 0.31867762613730355 0.9834832506203474 0.31686827956989244 0.9845171629445824 0.31557588916459883 0.9850341191066998 0.3142834987593052 0.9865849875930521 0.31169871794871795 0.9873604218362283 0.3104063275434243 0.9881358560794045 0.30885545905707196 0.9886528122415219 0.30756306865177835 0.9891697684036395 0.3054952440033085 0.9889112903225806 0.30394437551695613 0.9881358560794045 0.3026519851116625 0.9871019437551696 0.3013595947063689 0.9855510752688172 0.3008426385442515 0.9840002067824649 0.3008426385442515 0.9806399917287014 0.3008426385442515
1 0.7508529776674938 0.2698252688172043 0.7493021091811414 0.27008374689826303 0.7363782051282051 0.2760287427626137 0.7350858147229115 0.27706265508684863 0.7335349462365592 0.27835504549214224 0.7317255996691482 0.28042287014061207 0.7304332092638545 0.2822322167080232 0.7281069065343259 0.2848169975186104 0.722420388751034 0.29282981803143093 0.7213864764267991 0.29463916459884204 0.7200940860215055 0.2969654673283706 0.718543217535153 0.30006720430107525 0.7175093052109182 0.3023935070306038 0.7169923490488006 0.30420285359801486 0.7164753928866833 0.306012200165426 0.715699958643507 0.30782154673283707 0.7149245244003309 0.3093724152191894 0.7144075682382134 0.31092328370554173 0.7138906120760959 0.3122156741108354 0.7136321339950373 0.313508064516129 0.7141490901571548 0.31583436724565755 0.7159584367245658 0.31764371381306866 0.718543217535153 0.3184191480562448 0.7200940860215055 0.31867762613730355 0.7226788668320927 0.31867762613730355 0.7255221257237386 0.31867762613730355 0.7275899503722084 0.3184191480562448 0.7306916873449132 0.3184191480562448 0.7337934243176178 0.3181606699751861 0.7392214640198511 0.3173852357320099 0.7485266749379653 0.313508064516129 0.7521453680727874 0.31273263027295284 0.7624844913151365 0.306012200165426 0.7725651364764268 0.297482423490488 0.7738575268817204 0.2951561207609595 0.7769592638544253 0.28895264681555 0.7826457816377171 0.27757961124896613 0.7831627377998346 0.27628722084367247 0.7834212158808934 0.27421939619520264 0.7834212158808934 0.272927005789909 0.7834212158808934 0.2713761373035567 0.7834212158808934 0.27008374689826303 0.781870347394541 0.2682744003308519 0.7787686104218363 0.26749896608767576 0.7767007857733664 0.2669820099255583 0.7754083953680728 0.2667235318444996 0.7735990488006618 0.2664650537634409 0.7715312241521919 0.2664650537634409 0.7702388337468983 0.2664650537634409 0.7681710090984285 0.2664650537634409 0.7655862282878412 0.2664650537634409 0.7632599255583127 0.2667235318444996 0.7614505789909016 0.2669820099255583 0.7578318858560794 0.26749896608767576 0.7552471050454922 0.2677574441687345
1 0.8728546319272126 0.022203267162944604 0.8723376757650951 0.016775227460711355 0.8725961538461539 0.015482837055417722 0.8725961538461539 0.01419044665012409 0.8725961538461539 0.012639578163771734 0.8723376757650951 0.011347187758478103 0.871562241521919 0.00953784119106702 0.8705283291976841 0.006953060380479758 0.8692359387923905 0.004368279569892496 0.8682020264681556 0.002558933002481413 0.8663926799007444 0.0002326302729528771 0.86522952853598 0.0 0.8418372622001654 0.0004911083540116033 0.8397694375516956 0.0017834987593052345 0.8387355252274608 0.0030758891645988654 0.8382185690653433 0.004368279569892496 0.8377016129032259 0.005919148056244853 0.8371846567411084 0.007728494623655937 0.8371846567411084 0.010054797353184474 0.8371846567411084 0.012381100082713007 0.837443134822167 0.014707402812241543 0.8377016129032259 0.01703370554177008 0.8379600909842845 0.019101530190239892 0.8379600909842845 0.021427832919768425 0.8382185690653433 0.024271091811414413 0.8382185690653433 0.02582196029776677 0.8387355252274608 0.027631306865177854 0.8392524813895782 0.029440653432588938 0.8402863937138131 0.03150847808105875 0.8408033498759305 0.033576302729528565 0.8415787841191068 0.035902605459057095 0.8457144334160464 0.0418476013234078 0.8508839950372208 0.047534119106699774 0.8539857320099257 0.04934346567411086 0.8555366004962779 0.04986042183622831 0.8591552936311001 0.05011889991728704 0.861998552522746 0.04934346567411086 0.8653587675765095 0.04805107526881723 0.867685070306038 0.0467586848635236 0.8694944168734492 0.04494933829611251 0.8702698511166252 0.04365694789081888 0.8713037634408602 0.04210607940446653 0.8718207196029777 0.0408136889991729 0.8725961538461539 0.03926282051282053 0.8731131100082713 0.037711952026468175 0.8733715880893301 0.036161083540115824 0.8736300661703887 0.034610215053763466 0.8736300661703887 0.03228391232423492 0.8736300661703887 0.028923697270471487
1 0.7180262613730356 0.057356286186931366 0.7118227874276262 0.05192824648469812 0.7084625723738628 0.042881513647642706 0.708204094292804 0.04133064516129035 0.7071701819685692 0.035385649296939645 0.7066532258064516 0.0330593465674111 0.7056193134822167 0.02582196029776677 0.7056193134822167 0.024529569892473138 0.7056193134822167 0.022978701406120784 0.7058777915632756 0.02168631100082715 0.7061362696443342 0.02039392059553352 0.7079456162117452 0.01832609594706371 0.7094964846980977 0.017292183622828805 0.71104735318445 0.016775227460711355 0.7136321339950373 0.016775227460711355 0.7154414805624484 0.016775227460711355 0.7177677832919769 0.016775227460711355 0.7195771298593879 0.01703370554177008 0.7211279983457403 0.017292183622828805 0.7265560380479736 0.018067617866004984 0.7291408188585609 0.018584574028122434 0.7304332092638545 0.01884305210918116 0.7319840777502068 0.019360008271298617 0.7343103804797354 0.020135442514474796 0.7366366832092639 0.02091087675765097 0.7387045078577337 0.022203267162944604 0.7405138544251447 0.02323717948717951 0.7425816790736146 0.02530500413564932 0.7436155913978495 0.02659739454094295 0.7446495037220845 0.028148263027295305 0.7454249379652605 0.02995760959470639 0.7462003722084367 0.0320254342431762 0.7467173283705542 0.033576302729528565 0.7469758064516129 0.035127171215880916 0.7472342845326717 0.03745347394540945 0.7474927626137303 0.03952129859387927 0.7474927626137303 0.04133064516129035 0.7474927626137303 0.04262303556658398 0.7474927626137303 0.04443238213399506 0.7474927626137303 0.046241728701406144 0.7472342845326717 0.0477925971877585 0.7469758064516129 0.04908498759305213 0.7467173283705542 0.05089433416046321 0.7467173283705542 0.052703680727874305 0.7469758064516129 0.053996071133167935 0.7474927626137303 0.055805417700579014 0.7477512406947892 0.05787324234904882 0.7480097187758478 0.05916563275434246 0.7480097187758478 0.06097497932175354 0.7474927626137303 0.06304280397022335 0.7464588502894955 0.06485215053763443 0.7454249379652605 0.06614454094292806 0.7428401571546732 0.06666149710504551 0.7410308105872622 0.06666149710504551 0.7387045078577337 0.06666149710504551 0.7366366832092639 0.06640301902398679 0.7348273366418528 0.06588606286186934 0.7250051695616212 0.06226736972704717
1 0.5507909429280397 0.037711952026468175 0.5425196443341604 0.0320254342431762 0.5404518196856907 0.03176695616211747 0.5386424731182796 0.03176695616211747 0.5365746484698097 0.03176695616211747 0.5347653019023987 0.03176695616211747 0.5332144334160464 0.03176695616211747 0.5316635649296939 0.03125000000000002 0.5295957402812241 0.030733043837882567 0.5275279156327544 0.030474565756823842 0.5262355252274608 0.030474565756823842 0.5246846567411083 0.030474565756823842 0.5226168320926385 0.03150847808105875 0.5218413978494624 0.03254239040529365 0.5213244416873449 0.03383478081058729 0.5210659636062862 0.035385649296939645 0.5226168320926385 0.04107216708023162 0.5275279156327544 0.055288461538461564 0.528820306038048 0.056580851943755194 0.5303711745244003 0.05839019851116627 0.5316635649296939 0.05994106699751864 0.5332144334160464 0.06123345740281227 0.5451044251447478 0.06562758478081061 0.54872311827957 0.06614454094292806 0.5518248552522746 0.06614454094292806 0.5538926799007445 0.06614454094292806 0.5557020264681556 0.06511062861869316 0.5567359387923905 0.06381823821339953 0.5580283291976841 0.06226736972704717 0.5585452853598015 0.06019954507857736 0.5585452853598015 0.05864867659222501 0.5582868072787428 0.057097808105872644 0.5569944168734492 0.055288461538461564 0.5557020264681556 0.053220636889991756 0.5546681141439206 0.05141129032258067 0.5536342018196857 0.04986042183622831 0.553375723738627 0.04830955334987595 0.5531172456575683 0.0467586848635236 0.5531172456575683 0.044690860215053786 0.5528587675765095 0.042881513647642706 0.5526002894954509 0.04133064516129035
1 0.6254911083540117 0.381487799834574 0.6236817617866006 0.381487799834574 0.6216139371381307 0.381487799834574 0.6192876344086021 0.381487799834574 0.6172198097601325 0.3817462779156327 0.6146350289495451 0.3822632340777502 0.612825682382134 0.3825217121588089 0.6104993796526055 0.38381410256410253 0.6092069892473119 0.3853649710504549 0.6079145988420183 0.3863988833746898 0.6066222084367247 0.38743279569892475 0.6042959057071962 0.3895006203473945 0.6024865591397849 0.3910514888337469 0.6009356906534327 0.3918269230769231 0.599643300248139 0.39260235732009924 0.5983509098428453 0.3931193134822167 0.5965415632754343 0.3944117038875103 0.594990694789082 0.39570409429280395 0.5924059139784946 0.39751344086021506 0.591113523573201 0.39854735318445 0.5887872208436725 0.40087365591397844 0.5877533085194375 0.4021660463192721 0.5869778742762614 0.4039753928866832 0.5864609181141439 0.40552626137303555 0.5869778742762614 0.4068186517783292 0.5880117866004964 0.40836952026468154 0.5905965674110836 0.40966191066997515 0.5921474358974359 0.40992038875103387 0.5957661290322581 0.41043734491315137 0.5980924317617866 0.4106958229942101 0.6006772125723738 0.4106958229942101 0.6040374276261373 0.4109543010752688 0.6076561207609594 0.4109543010752688 0.6094654673283706 0.41121277915632753 0.6110163358147229 0.4109543010752688 0.6125672043010754 0.4106958229942101 0.6141180727874276 0.40992038875103387 0.6154104631927212 0.4094034325889165 0.6172198097601325 0.4094034325889165 0.6187706782464847 0.40914495450785776 0.621355459057072 0.40836952026468154 0.6226478494623656 0.4073356079404466 0.624198717948718 0.406043217535153 0.6260080645161291 0.4047508271298594 0.6275589330024814 0.4034584367245657 0.628851323407775 0.4024245244003309 0.6304021918941274 0.4011321339950372 0.6324700165425973 0.3998397435897436 0.6347963192721257 0.39854735318445 0.6366056658395369 0.39751344086021506 0.6381565343258891 0.3964795285359802 0.6394489247311828 0.3951871381306865 0.6420337055417701 0.39286083540115796 0.6438430521091812 0.3918269230769231 0.6456523986765923 0.390017576509512 0.6464278329197685 0.38872518610421836 0.6464278329197685 0.38743279569892475 0.6464278329197685 0.38562344913151364 0.6464278329197685 0.38433105872622 0.6459108767576509 0.38303866832092637 0.6441015301902399 0.38278019023986765 0.6420337055417701 0.3822632340777502 0.6407413151364765 0.3820047559966915 0.6386734904880066 0.3820047559966915 0.6363471877584781 0.3817462779156327 0.6337624069478909 0.381487799834574 0.6298852357320099 0.381487799834574
1 0.6932123655913979 0.47143817204301075 0.6880428039702233 0.47996794871794873 0.6867504135649297 0.4820357733664185 0.6854580231596361 0.48410359801488834 0.6833901985111662 0.4864299007444169 0.6820978081058726 0.4874638130686518 0.6797715053763441 0.48953163771712155 0.6779621588089331 0.4908240281224152 0.676152812241522 0.49237489660876754 0.6740849875930521 0.4934088089330025 0.6725341191066998 0.49418424317617865 0.6704662944582299 0.4949596774193548 0.6673645574855253 0.4954766335814723 0.6645212985938793 0.495735111662531 0.6611610835401158 0.4959935897435897 0.6583178246484699 0.4962520678246484 0.655474565756824 0.4962520678246484 0.6523728287841191 0.4962520678246484 0.6510804383788255 0.4962520678246484 0.648754135649297 0.4962520678246484 0.6451354425144749 0.4954766335814723 0.6435845740281224 0.49444272125723737 0.6412582712985938 0.4926333746898263 0.6391904466501241 0.4908240281224152 0.638415012406948 0.4892731596360628 0.637381100082713 0.4877222911497105 0.6371226220016543 0.4864299007444169 0.6366056658395369 0.4846205541770058 0.6366056658395369 0.4820357733664185 0.6371226220016543 0.47970947063689 0.638415012406948 0.47712468982630274 0.640224358974359 0.474022952853598 0.6420337055417701 0.47117969396195203 0.6433260959470637 0.46859491315136476 0.6446184863523573 0.4652346980976013 0.6459108767576509 0.4618744830438379 0.6466863110008272 0.45980665839536805 0.6474617452440034 0.4577388337468982 0.6490126137303558 0.4554125310173697 0.6513389164598843 0.4530862282878412 0.6526313068651779 0.45179383788254757 0.6539236972704715 0.4505014474772539 0.6559915219189414 0.4486921009098428 0.657283912324235 0.4473997105045492 0.6593517369727048 0.4461073200992555 0.6611610835401158 0.4448149296939619 0.6629704301075269 0.4435225392886683 0.6650382547559968 0.44223014888337464 0.6671060794044666 0.44093775847808103 0.669432382133995 0.4404208023159636 0.6720171629445824 0.43964536807278737 0.6748604218362284 0.43912841191067 0.6774452026468156 0.43886993382961126 0.680029983457403 0.43861145574855254 0.6828732423490488 0.43861145574855254 0.6851995450785774 0.43861145574855254 0.6867504135649297 0.43861145574855254 0.6890767162944583 0.44016232423490487 0.691144540942928 0.44223014888337464 0.6932123655913979 0.4445564516129032 0.693987799834574 0.44584884201819686 0.6957971464019851 0.4481751447477254 0.6965725806451614 0.45024296939619524 0.6970895368072788 0.45179383788254757 0.697864971050455 0.4533447063688999 0.6981234491315137 0.4554125310173697 0.697864971050455 0.4574803556658395 0.6970895368072788 0.45954818031430933 0.6963141025641025 0.4616160049627791
1 0.8405448717948718 0.8767318031430934 0.8371846567411084 0.8689774607113316 0.8361507444168734 0.8666511579818031 0.8351168320926387 0.8645833333333334 0.8340829197684037 0.863032464846981 0.8335659636062862 0.8617400744416874 0.8314981389578163 0.8599307278742763 0.8296887923904053 0.8594137717121588 0.8258116211745244 0.8542442100909843 0.8242607526881721 0.8532102977667494 0.822451406120761 0.852693341604632 0.8198666253101737 0.8519179073614558 0.816764888337469 0.8519179073614558 0.8144385856079405 0.8519179073614558 0.8113368486352358 0.8532102977667494 0.8077181555004136 0.8552781224152193 0.8043579404466501 0.8581213813068652 0.8020316377171216 0.8607061621174524 0.7999638130686518 0.863032464846981 0.7981544665012408 0.8648418114143921 0.7963451199338297 0.8671681141439206 0.7945357733664186 0.8692359387923905 0.7929849048800662 0.8713037634408602 0.7914340363937138 0.8731131100082713 0.7896246898263027 0.876214846980976 0.7883322994210091 0.8795750620347395 0.7878153432588917 0.882935277088503 0.787556865177833 0.8857785359801489 0.787556865177833 0.8883633167907361 0.787556865177833 0.8906896195202647 0.787556865177833 0.8937913564929694 0.7883322994210091 0.8976685277088503 0.7893662117452441 0.9002533085194375 0.7906586021505377 0.9033550454921423 0.79220947063689 0.906456782464847 0.7942772952853598 0.9095585194375517 0.7955696856906534 0.9113678660049628 0.7976375103391233 0.9144696029776676 0.7999638130686518 0.9173128618693135 0.8015146815550042 0.9186052522746072 0.8040994623655915 0.9206730769230769 0.8069427212572374 0.9219654673283705 0.809269023986766 0.9232578577336642 0.8121122828784119 0.9242917700578991 0.8162479321753515 0.925325682382134 0.8188327129859388 0.925325682382134 0.8221929280397023 0.925325682382134 0.825294665012407 0.9250672043010754 0.8286548800661705 0.9245502481389578 0.8302057485525227 0.9237748138957816 0.8330490074441688 0.9222239454094293 0.8348583540115798 0.9204145988420183 0.8369261786600497 0.9183467741935484 0.8382185690653433 0.9162789495450786 0.8392524813895782 0.9147280810587263 0.8402863937138131 0.9134356906534327 0.841320306038048 0.9111093879239041 0.8415787841191068 0.9085246071133167 0.8415787841191068 0.9056813482216709 0.8418372622001654 0.9033550454921423 0.8420957402812241 0.9010287427626138 0.8426126964433416 0.8981854838709677 0.843129652605459 0.8961176592224979 0.8433881306865179 0.8940498345740282 0.8436466087675766 0.8924989660876758 0.8436466087675766 0.8912065756823822 0.8436466087675766 0.8899141852770885 0.8436466087675766 0.8878463606286187 0.8436466087675766 0.8860370140612076 0.8433881306865179 0.8842276674937966
1 0.5680177392739274 0.7000309405940595 0.5662128712871286 0.6933271452145214 0.5636344884488449 0.6881703795379538 0.5626031353135313 0.6863655115511551 0.5597669141914191 0.6827557755775577 0.5548679867986799 0.6773411716171617 0.5538366336633663 0.6760519801980198 0.5525474422442244 0.6745049504950494 0.5512582508250825 0.6729579207920792 0.5504847359735974 0.6708952145214522 0.5499690594059405 0.6696060231023103 0.5491955445544555 0.6678011551155116 0.5466171617161717 0.666769801980198 0.544812293729373 0.666769801980198 0.543523102310231 0.666769801980198 0.5422339108910891 0.6670276402640264 0.5406868811881188 0.6688325082508251 0.5388820132013201 0.6714108910891089 0.5368193069306931 0.6775990099009902 0.5365614686468646 0.6796617161716172 0.5360457920792079 0.6889438943894389 0.5386241749174918 0.7023514851485149 0.5391398514851484 0.7041563531353136 0.5424917491749175 0.7113758250825082 0.5476485148514851 0.7198844884488449 0.5491955445544555 0.721947194719472 0.5517739273927392 0.7260726072607261 0.5533209570957095 0.7281353135313532 0.558993399339934 0.7338077557755776 0.5602825907590759 0.7345812706270627 0.5626031353135313 0.7350969471947195 0.5649236798679867 0.7353547854785478 0.5669863861386139 0.7340655940594059 0.5680177392739274 0.732776402640264 0.5695647689768977 0.7258147689768977 0.5700804455445545 0.7237520627062707 0.5700804455445545 0.715243399339934 0.5693069306930693 0.7067347359735974 0.5687912541254125 0.7054455445544555
1 0.23916997354497355 0.8060240299823633 0.23724096119929455 0.7908675044091711 0.23668981481481483 0.789214065255732 0.2339340828924162 0.7803957231040565 0.23200507054673722 0.7779155643738976 0.22704475308641975 0.7729552469135803 0.21739969135802467 0.7679949294532628 0.21547067901234568 0.7668926366843034 0.21133708112874777 0.765514770723104 0.20968364197530864 0.7652391975308642 0.2058256172839506 0.765514770723104 0.20306988536155204 0.7666170634920635 0.20114087301587302 0.7685460758377425 0.19948743386243387 0.7715773809523809 0.19948743386243387 0.7740575396825397 0.2005897266313933 0.781222442680776 0.20114087301587302 0.7842537477954145 0.20251873897707232 0.791143077601411 0.20306988536155204 0.7941743827160493 0.2099592151675485 0.8115354938271604 0.21491953262786595 0.8175981040564373 0.22236000881834214 0.8247630070546738 0.2278714726631393 0.828069885361552 0.2300760582010582 0.8288966049382717 0.2314539241622575 0.8291721781305115 0.23310736331569665 0.8294477513227513 0.23558752204585537 0.8291721781305115 0.23724096119929455 0.828069885361552 0.23861882716049382 0.826140873015873 0.23944554673721338 0.8236607142857142 0.23889440035273368 0.8131889329805997 0.23889440035273368 0.8115354938271604
1 0.7518288804071247 0.4898218829516539 0.7450699745547074 0.49260496183206104 0.7426844783715012 0.49379770992366406 0.7399013994910941 0.49658078880407125 0.738708651399491 0.4985687022900763 0.736720737913486 0.5017493638676844 0.7355279898218829 0.5041348600508906 0.7343352417302799 0.5061227735368956 0.7303594147582697 0.514074427480916 0.7291666666666666 0.5164599236641221 0.7283715012722646 0.5196405852417303 0.7279739185750635 0.5220260814249363 0.7275763358778626 0.5256043256997455 0.7275763358778626 0.5279898218829516 0.7287690839694656 0.5287849872773537 0.7307569974554707 0.5299777353689568 0.7331424936386769 0.5307729007633587 0.736720737913486 0.5315680661577608 0.7395038167938931 0.5307729007633587 0.7422868956743003 0.5299777353689568 0.7470578880407125 0.5295801526717557 0.7510337150127226 0.5295801526717557 0.7534192111959288 0.5295801526717557 0.7562022900763359 0.5295801526717557 0.7581902035623409 0.5287849872773537 0.760178117048346 0.5275922391857506 0.7633587786259542 0.5248091603053434 0.7653466921119593 0.5240139949109415 0.7677321882951653 0.5220260814249363 0.7701176844783715 0.5184478371501272 0.7717080152671756 0.5144720101781171 0.7732983460559796 0.5124840966921119 0.7744910941475827 0.5089058524173028 0.7752862595419846 0.5069179389312977 0.7772741730279898 0.5037372773536896 0.7780693384223919 0.5013517811704834 0.7788645038167938 0.4993638676844784 0.7792620865139949 0.49737595419847325 0.7792620865139949 0.49499045801526714 0.7784669211195928 0.49220737913486 0.7764790076335878 0.49021946564885494 0.7729007633587786 0.4894243002544529 0.7693225190839694 0.4894243002544529 0.7665394402035624 0.4894243002544529 0.7625636132315522 0.4886291348600509 0.7581902035623409 0.4886291348600509
1 0.04222972972972973 0.5281531531531531 0.035472972972972965 0.5236486486486486 0.034065315315315314 0.5236486486486486 0.03153153153153153 0.523367117117117 0.028716216216216214 0.523367117117117 0.026182432432432432 0.523367117117117 0.023367117117117118 0.5230855855855856 0.020551801801801804 0.522240990990991 0.018018018018018014 0.5219594594594594 0.015765765765765764 0.5219594594594594 0.012668918918918918 0.522240990990991 0.010135135135135136 0.5230855855855856 0.007882882882882882 0.5236486486486486 0.006475225225225225 0.5242117117117117 0.005067567567567568 0.5250563063063063 0.003378378378378378 0.527027027027027 0.0019707207207207205 0.5284346846846847 0.000563063063063063 0.5301238738738738 0.0 0.5394144144144144 0.002252252252252252 0.552927927927928 0.005067567567567568 0.5565878378378378 0.01632882882882883 0.5650337837837838 0.027871621621621618 0.5689752252252251 0.04054054054054054 0.5731981981981982 0.0518018018018018 0.575168918918919 0.06137387387387387 0.5760135135135135 0.06306306306306306 0.5757319819819819 0.06531531531531531 0.5748873873873873 0.06897522522522521 0.5729166666666666 0.07038288288288289 0.571509009009009 0.071509009009009 0.5701013513513513 0.07291666666666667 0.5678490990990991 0.07404279279279279 0.5647522522522522 0.07376126126126126 0.5625 0.07179054054054054 0.5596846846846847 0.06953828828828829 0.5565878378378378 0.06756756756756756 0.5543355855855856 0.06559684684684684 0.5523648648648648 0.06362612612612613 0.5503941441441441 0.062218468468468464 0.548704954954955 0.06052927927927928 0.5458896396396397 0.059966216216216214 0.543918918918919 0.05855855855855855 0.5416666666666666 0.0571509009009009 0.5394144144144144 0.05546171171171171 0.5374436936936937 0.053490990990990986 0.5357545045045045 0.0518018018018018 0.5343468468468467 0.05039414414414414 0.5335022522522522 0.048986486486486486 0.5323761261261261 0.045889639639639636 0.5304054054054054
1 0.2793889578163772 0.009020885028949568 0.27706265508684863 0.012639578163771734 0.2765456989247312 0.014448924731182818 0.2747363523573201 0.019101530190239892 0.2713761373035567 0.024788047973531863 0.2698252688172043 0.02659739454094295 0.2677574441687345 0.02840674110835403 0.2667235318444996 0.029699131513647663 0.2656896195202647 0.030991521918941292 0.26465570719602977 0.03280086848635238 0.26310483870967744 0.034610215053763466 0.26129549214226633 0.036678039702233274 0.25974462365591394 0.03745347394540945 0.25845223325062033 0.03745347394540945 0.2571598428453267 0.03745347394540945 0.2553504962779157 0.036936517783292 0.2527657154673284 0.035902605459057095 0.25147332506203474 0.035127171215880916 0.24966397849462366 0.0330593465674111 0.2491470223325062 0.03176695616211747 0.24837158808933005 0.02866521918941276 0.24630376344086022 0.02091087675765097 0.2460452853598015 0.019360008271298617 0.24552832919768403 0.013415012406947913 0.24509803921568626 0.0 0.2803308823529412 0.0003829656862745098 0.2803308823529412 0.004595588235294117
1 0.636209029066172 0.27500773036487325 0.632343846629561 0.2738481756338899 0.6300247371675944 0.2732683982683983 0.628865182436611 0.2730751391465677 0.6275123685837972 0.27268862090290663 0.6261595547309834 0.2724953617810761 0.6244202226345084 0.272108843537415 0.6222943722943722 0.272108843537415 0.6201685219542362 0.272108843537415 0.6176561533704391 0.272108843537415 0.6155303030303031 0.27230210265924554 0.6139842300556586 0.27268862090290663 0.611665120593692 0.2734616573902288 0.609925788497217 0.274234693877551 0.60741341991342 0.2748144712430427 0.6052875695732839 0.2752009894867038 0.6037414965986394 0.275974025974026 0.6012291280148424 0.2771335807050093 0.5981369820655534 0.2782931354359926 0.5952380952380952 0.27983920841063703 0.5934987631416203 0.28157854050711195 0.5917594310451454 0.28331787260358693 0.5904066171923315 0.2852504638218924 0.5892470624613482 0.2869897959183673 0.5882807668521954 0.2883426097711812 0.5867346938775511 0.2902752009894867 0.5853818800247372 0.2924010513296228 0.5842223252937538 0.2943336425479283 0.5832560296846012 0.29568645640074215 0.5830627705627706 0.2974257884972171 0.5836425479282622 0.2993583797155226 0.584995361781076 0.300904452690167 0.5867346938775511 0.3028370439084725 0.5880875077303649 0.3041898577612863 0.5896335807050093 0.30534941249226966 0.5913729128014843 0.3063157081014224 0.5933055040197898 0.3072820037105751 0.5956246134817564 0.3074752628324057 0.5994897959183674 0.3078617810760668 0.6029684601113172 0.3080550401978973 0.605674087816945 0.3080550401978973 0.6087662337662338 0.3078617810760668 0.6122448979591837 0.3074752628324057 0.6161100803957946 0.3067022263450835 0.6188157081014224 0.3063157081014224 0.6203617810760669 0.3055426716141002 0.6240337043908473 0.3043831168831169 0.6278988868274583 0.3032235621521336 0.6311842918985776 0.3020640074211503 0.6340831787260358 0.300904452690167 0.6371753246753247 0.3003246753246753 0.6396876932591219 0.2993583797155226 0.6416202844774274 0.2976190476190476 0.6429730983302412 0.29645949288806434 0.6445191713048857 0.2954931972789116 0.6458719851576995 0.2943336425479283 0.6472247990105134 0.29298082869511444 0.6481910946196661 0.2920145330859617 0.6487708719851578 0.2904684601113173 0.6489641311069883 0.2887291280148423 0.6489641311069883 0.2871830550401979 0.6489641311069883 0.2856369820655535 0.6481910946196661 0.2835111317254174 0.6474180581323439 0.2821583178726036 0.6468382807668522 0.28119202226345086 0.64606524427953 0.2802257266542981 0.6449056895485467 0.27925943104514533 0.6435528756957328 0.27809987631416205 0.642200061842919 0.2775200989486704 0.6406539888682746 0.2769403215831787 0.6391079158936303 0.27636054421768713
0 0.018094679186228483 0.5428403755868545 0.026408450704225355 0.5447965571205008 0.035700312989045385 0.5472417840375586 0.04401408450704226 0.549197965571205 0.05134976525821597 0.5570226917057902 0.05966353677621283 0.5619131455399061 0.045481220657277 0.5580007824726134 0.03863458528951487 0.5521322378716745 0.02885367762128326 0.5501760563380282 0.02200704225352113 0.5462636932707355
0 0.6820372750642674 0.45951156812339333 0.6804305912596401 0.4640638389031705 0.6777527849185946 0.4680805484147387 0.6732005141388175 0.47075835475578404 0.6707904884318766 0.47397172236503854 0.6681126820908312 0.4755784061696658 0.6624892887746358 0.4777206512425021 0.6579370179948586 0.4785239931448158 0.6624892887746358 0.4691516709511568 0.6681126820908312 0.4629927163667523 0.673468294772922 0.4605826906598115 0.6769494430162811 0.45951156812339333
