1 0.37278005464480884 0.9585040983606558 0.37192622950819676 0.9562272313296903 0.37164162112932614 0.9548041894353371 0.3710724043715848 0.953096539162113 0.3707877959927141 0.951388888888889 0.37050318761384343 0.9493966302367942 0.3696493624772314 0.9465505464480874 0.3685109289617487 0.9439890710382514 0.3682263205828781 0.9417122040072861 0.3682263205828781 0.93915072859745 0.36794171220400734 0.9360200364298726 0.3693647540983607 0.9326047358834245 0.37164162112932614 0.9274817850637523 0.37591074681238623 0.9232126593806922 0.37875683060109294 0.9215050091074681 0.3816029143897997 0.9200819672131147 0.3850182149362478 0.9183743169398908 0.3870104735883425 0.9178051001821494 0.3892873406193079 0.9169512750455374 0.39071038251366125 0.9166666666666666 0.39327185792349734 0.9166666666666666 0.39583333333333337 0.9175204918032788 0.3981102003642988 0.91808970856102 0.4015255009107469 0.9189435336976322 0.4043715846994536 0.9195127504553735 0.40636384335154835 0.9203665755919855 0.4083561020036431 0.9215050091074681 0.41148679417122047 0.9234972677595629 0.41376366120218583 0.9257741347905283 0.41575591985428056 0.927766393442623 0.418032786885246 0.9300432604735884 0.41974043715847004 0.9314663023679418 0.42201730418943545 0.9326047358834245 0.4231557377049181 0.9340277777777779 0.4242941712204008 0.9360200364298726 0.42514799635701284 0.9382969034608379 0.4260018214936248 0.9417122040072861 0.4268556466302369 0.9448428961748634 0.4274248633879782 0.9471197632058288 0.42799408014571955 0.9496812386156649 0.4282786885245902 0.9525273224043717 0.4282786885245902 0.9545195810564664 0.42799408014571955 0.9576502732240437 0.4268556466302369 0.9636270491803279 0.42543260473588346 0.9659039162112932 0.4240095628415301 0.9684653916211293 0.42201730418943545 0.9710268670309655 0.4200250455373407 0.9730191256830601 0.41888661202185795 0.9744421675774135 0.4174635701275046 0.9752959927140256 0.4154713114754099 0.9761498178506376 0.4109175774134791 0.9775728597449909 0.40693306010928965 0.9778574681238617 0.4043715846994536 0.9781420765027323 0.4015255009107469 0.9778574681238617 0.3983948087431695 0.9770036429872495 0.39668715846994546 0.9761498178506376 0.3949795081967214 0.9752959927140256 0.39298724954462666 0.9747267759562842 0.3912795992714026 0.9741575591985429 0.3884335154826959 0.9733037340619308 0.3870104735883425 0.9735883424408015 0.3855874316939891 0.9735883424408015 0.3830259562841531 0.9738729508196722 0.38131830601092903 0.9733037340619308 0.3801798724954463 0.9718806921675774 0.37961065573770497 0.9704576502732241 0.37847222222222227 0.9684653916211293 0.3770491803278689 0.967042349726776 0.3753415300546449 0.9659039162112932 0.37420309653916217 0.9641962659380693 0.3739184881602915 0.9619193989071039
1 0.3633879781420765 0.8401070127504554 0.3645264116575593 0.8321379781420766 0.36481102003642996 0.8301457194899818 0.36566484517304193 0.8278688524590164 0.36680327868852464 0.8261612021857924 0.36794171220400734 0.8244535519125684 0.36908014571949005 0.822176684881603 0.37050318761384343 0.8198998178506376 0.37164162112932614 0.8179075591985429 0.3730646630236795 0.8159153005464481 0.37505692167577415 0.8139230418943534 0.3770491803278689 0.8119307832422588 0.3790414389799636 0.8102231329690347 0.38188752276867033 0.8088000910746813 0.3855874316939891 0.8073770491803279 0.3892873406193079 0.8056693989071039 0.3924180327868853 0.8045309653916212 0.39583333333333337 0.8036771402550092 0.4001024590163935 0.8025387067395264 0.40380236794171226 0.8019694899817851 0.407502276867031 0.8014002732240437 0.41177140255009115 0.8014002732240437 0.41518670309653927 0.8014002732240437 0.41831739526411665 0.8014002732240437 0.4217326958105648 0.8022540983606558 0.42543260473588346 0.8033925318761385 0.4285632969034609 0.8042463570127505 0.432832422586521 0.8056693989071039 0.4356785063752277 0.8068078324225866 0.4379553734061931 0.80823087431694 0.4405168488160292 0.8102231329690347 0.4425091074681239 0.8125 0.44364754098360665 0.8147768670309655 0.4453551912568307 0.8176229508196722 0.44563979963570133 0.8204690346083789 0.445924408014572 0.824738160291439 0.445924408014572 0.8281534608378871 0.44563979963570133 0.8315687613843352 0.44393214936247727 0.835268670309654 0.4425091074681239 0.83783014571949 0.4405168488160292 0.8401070127504554 0.4379553734061931 0.8423838797814208 0.43482468123861573 0.8443761384335156 0.43140938069216767 0.8463683970856103 0.42913251366120225 0.8475068306010929 0.4262864298724955 0.8489298724954464 0.4228711293260474 0.8503529143897998 0.420594262295082 0.8514913479052824 0.4174635701275046 0.8529143897996357 0.41376366120218583 0.8537682149362478 0.40949453551912574 0.8546220400728598 0.405794626593807 0.8551912568306012 0.40095628415300555 0.8560450819672132 0.3983948087431695 0.8566142987249545 0.3949795081967214 0.8571835154826959 0.39213342440801463 0.8571835154826959 0.3887181238615665 0.8568989071038252 0.3858720400728598 0.8560450819672132 0.38188752276867033 0.8551912568306012 0.37875683060109294 0.8546220400728598 0.3761953551912569 0.8534836065573771 0.3736338797814208 0.8520605646630237 0.3707877959927141 0.850068306010929 0.36794171220400734 0.8475068306010929 0.36594945355191266 0.8457991803278689 0.36481102003642996 0.8435223132969035
1 0.21909153005464485 0.7678164845173042 0.21396857923497273 0.768101092896175 0.21026867030965396 0.7678164845173042 0.20628415300546452 0.7658242258652095 0.20372267759562845 0.7644011839708561 0.2011612021857924 0.7626935336976322 0.19859972677595633 0.7607012750455374 0.19632285974499095 0.758424408014572 0.1943306010928962 0.7558629326047359 0.19262295081967215 0.7524476320582879 0.19176912568306015 0.7496015482695811 0.1914845173041895 0.7464708561020037 0.19091530054644812 0.7433401639344264 0.19063069216757747 0.7402094717668489 0.19063069216757747 0.7367941712204008 0.1914845173041895 0.7333788706739527 0.19319216757741353 0.731386612021858 0.1946152094717669 0.7299635701275046 0.19689207650273227 0.7279713114754098 0.198884335154827 0.7265482695810566 0.20372267759562845 0.7231329690346084 0.20599954462659384 0.7214253187613845 0.2085610200364299 0.719148451730419 0.21055327868852464 0.7168715846994537 0.21254553734061937 0.7151639344262295 0.21539162112932608 0.7140255009107469 0.21852231329690353 0.7126024590163935 0.2216530054644809 0.7111794171220401 0.22250683060109294 0.7106102003642988 0.224214480874317 0.7097563752276869 0.2276297814207651 0.708617941712204 0.2304758652094718 0.7074795081967213 0.2338911657559199 0.7066256830601093 0.23730646630236799 0.7066256830601093 0.24186020036429878 0.7066256830601093 0.24527550091074687 0.70691029143898 0.24869080145719497 0.7074795081967213 0.2526753187613844 0.708617941712204 0.25466757741347906 0.7094717668488161 0.2569444444444445 0.7108948087431695 0.2589367030965392 0.7126024590163935 0.2606443533697632 0.7143101092896175 0.2623520036429873 0.7171561930783242 0.26263661202185795 0.719148451730419 0.26263661202185795 0.7211407103825137 0.26263661202185795 0.7237021857923498 0.26263661202185795 0.7254098360655737 0.2623520036429873 0.7268328779599271 0.26206739526411665 0.7293943533697632 0.26149817850637525 0.73224043715847 0.26092896174863395 0.7356557377049181 0.2603597449908926 0.7376479963570127 0.25950591985428056 0.7399248633879782 0.25722905282331515 0.7456170309653917 0.25609061930783245 0.7473246812386157 0.25438296903460844 0.7496015482695811 0.2523907103825137 0.7521630236794171 0.2509676684881603 0.7541552823315119 0.24669854280510023 0.758424408014572 0.2447062841530055 0.7604166666666666 0.2424294171220401 0.7618397085610201 0.23929872495446272 0.7638319672131147 0.23730646630236799 0.7646857923497269 0.23332194899817854 0.7663934426229508 0.23104508196721316 0.7669626593806922 0.22791438979963574 0.768101092896175 0.22620673952641168 0.7683857012750456 0.2227914389799636 0.7686703096539163
1 0.0514571948998179 0.7635473588342442 0.050318761384335206 0.7598474499089254 0.04974954462659386 0.7581397996357013 0.04946493624772318 0.755009107468124 0.04946493624772318 0.7510245901639345 0.050318761384335206 0.7484631147540984 0.0514571948998179 0.747040072859745 0.0525956284153006 0.7450478142076503 0.053164845173041944 0.742770947176685 0.05401867030965397 0.7404940801457195 0.05487249544626598 0.7382172131147542 0.057149362477231375 0.7356557377049181 0.05999544626593812 0.7328096539162113 0.0634107468123862 0.7305327868852459 0.0668260473588343 0.7282559198542806 0.07052595628415306 0.7262636612021859 0.07479508196721317 0.7245560109289618 0.07764116575591991 0.7239867941712205 0.08191029143898002 0.7231329690346084 0.08504098360655742 0.7214253187613845 0.08674863387978146 0.7211407103825137 0.08817167577413484 0.720856102003643 0.0907331511839709 0.7205714936247724 0.09215619307832427 0.720856102003643 0.09471766848816034 0.7219945355191257 0.09614071038251372 0.7228483606557378 0.09784836065573775 0.7245560109289618 0.10040983606557383 0.7262636612021859 0.10268670309653921 0.7279713114754098 0.10467896174863392 0.729678961748634 0.10695582877959932 0.7328096539162113 0.10780965391621135 0.7350865209471766 0.10780965391621135 0.7376479963570127 0.10724043715847 0.7413479052823316 0.10667122040072866 0.7439093806921676 0.10553278688524595 0.7473246812386157 0.1038251366120219 0.7521630236794171 0.10211748633879786 0.7558629326047359 0.10012522768670314 0.759278233151184 0.09756375227686707 0.7626935336976322 0.09557149362477237 0.7649704007285975 0.09329462659380698 0.7669626593806922 0.09130236794171225 0.7689549180327869 0.08845628415300551 0.7709471766848817 0.08475637522768675 0.772370218579235 0.08162568306010934 0.7732240437158471 0.07337204007285979 0.7735086520947178 0.07137978142076508 0.7735086520947178 0.06767987249544632 0.7726548269581056 0.0645491803278689 0.771516393442623 0.061987704918032835 0.7709471766848817 0.05999544626593812 0.7700933515482696 0.058287795992714074 0.7689549180327869 0.05629553734061935 0.7678164845173042 0.05344945355191262 0.7661088342440803
1 0.2703210382513662 0.8523451730418945 0.2654826958105647 0.850068306010929 0.26263661202185795 0.8486452641165756 0.2606443533697632 0.8469376138433516 0.2580828779599272 0.8455145719489983 0.25580601092896177 0.8438069216757742 0.25381375227686703 0.8418146630236795 0.2509676684881603 0.8383993624772313 0.2501138433515483 0.836122495446266 0.24954462659380697 0.8321379781420766 0.24954462659380697 0.8290072859744991 0.25068306010928965 0.8261612021857924 0.25182149362477235 0.8244535519125684 0.25409836065573776 0.8218920765027323 0.25609061930783245 0.8201844262295083 0.2577982695810565 0.8179075591985429 0.25950591985428056 0.8153460837887069 0.26206739526411665 0.8130692167577414 0.26405965391621133 0.8119307832422588 0.26605191256830607 0.8110769581056466 0.26861338797814216 0.809938524590164 0.27145947176684887 0.8090846994535519 0.2762978142076503 0.8076616575591985 0.2802823315118398 0.8068078324225866 0.28426684881602926 0.8059540072859745 0.2891051912568307 0.8059540072859745 0.29109744990892544 0.8059540072859745 0.29252049180327877 0.8059540072859745 0.29394353369763215 0.8059540072859745 0.2962204007285975 0.8059540072859745 0.2979280510018215 0.8062386156648452 0.3002049180327869 0.8068078324225866 0.30219717668488166 0.80823087431694 0.3053278688524591 0.811646174863388 0.30618169398907114 0.8130692167577414 0.3076047358834245 0.8147768670309655 0.30902777777777785 0.8161999089253188 0.3107354280510019 0.8170537340619308 0.31244307832422596 0.8184767759562842 0.3138661202185793 0.8201844262295083 0.3152891621129327 0.8224612932604737 0.3161429872495447 0.8250227686703098 0.3161429872495447 0.8275842440801457 0.3161429872495447 0.8312841530054645 0.3152891621129327 0.8349840619307832 0.31415072859744997 0.8389685792349727 0.31272768670309664 0.8420992714025501 0.3107354280510019 0.8449453551912569 0.30902777777777785 0.8466530054644809 0.3076047358834245 0.848360655737705 0.3047586520947177 0.850068306010929 0.301912568306011 0.8520605646630237 0.2996357012750456 0.8529143897996357 0.29678961748633886 0.8534836065573771 0.2928051001821494 0.8540528233151184 0.29024362477231336 0.8540528233151184 0.28739754098360665 0.854337431693989 0.28142076502732244 0.8546220400728598 0.2762978142076503 0.8546220400728598 0.2737363387978143 0.8540528233151184
1 0.3181352459016394 0.7390710382513661 0.31557377049180335 0.7342326958105647 0.3152891621129327 0.7316712204007286 0.3147199453551913 0.7288251366120219 0.3147199453551913 0.7254098360655737 0.3152891621129327 0.7219945355191257 0.316712204007286 0.719148451730419 0.31785063752276876 0.7168715846994537 0.3204121129326048 0.7143101092896175 0.3229735883424409 0.7120332422586522 0.3266734972677596 0.7097563752276869 0.329804189435337 0.7074795081967213 0.3326502732240438 0.7063410746812387 0.3360655737704919 0.705202641165756 0.34061930783242267 0.7037795992714027 0.34602686703096547 0.7037795992714027 0.3522882513661203 0.7037795992714027 0.3554189435336977 0.7040642076502732 0.36025728597449913 0.7057718579234974 0.36481102003642996 0.7071948998178507 0.3687955373406194 0.7094717668488161 0.37164162112932614 0.7117486338797814 0.3747723132969035 0.7145947176684883 0.3767645719489982 0.717440801457195 0.37818761384335164 0.720856102003643 0.3793260473588343 0.7245560109289618 0.3801798724954463 0.7285405282331513 0.3807490892531877 0.7330942622950821 0.38103369763205835 0.7373633879781422 0.38103369763205835 0.7413479052823316 0.3801798724954463 0.7447632058287798 0.37818761384335164 0.7481785063752278 0.37591074681238623 0.7518784153005466 0.3736338797814208 0.7544398907103826 0.37164162112932614 0.7561475409836066 0.3702185792349727 0.7572859744990893 0.367372495446266 0.7587090163934427 0.3639571948998179 0.7595628415300547 0.3579804189435338 0.758424408014572 0.35143442622950827 0.7572859744990893 0.34744990892531885 0.7561475409836066 0.3443192167577414 0.7555783242258652 0.341188524590164 0.755009107468124 0.33777322404371596 0.7538706739526412 0.3352117486338798 0.7530168488160293 0.3326502732240438 0.7515938069216759 0.3295195810564664 0.7496015482695811 0.32496584699453557 0.7459016393442623 0.3212659380692168 0.7424863387978142
1 0.48491575591985436 0.9010132058287798 0.4789389799635702 0.8967440801457195 0.47609289617486344 0.8938979963570127 0.4741006375227687 0.8916211293260474 0.472962204007286 0.890198087431694 0.47182377049180335 0.887636612021858 0.4706853369763207 0.8850751366120219 0.4701161202185793 0.8819444444444445 0.4698315118397086 0.8785291438979964 0.4698315118397086 0.8751138433515483 0.4701161202185793 0.8719831511839709 0.47040072859744997 0.8691370673952642 0.471254553734062 0.8654371584699454 0.472962204007286 0.8617372495446266 0.4743852459016394 0.8588911657559198 0.47580828779599277 0.8566142987249545 0.4778005464480875 0.8546220400728598 0.48064663023679427 0.8526297814207651 0.483492714025501 0.851775956284153 0.4857695810564664 0.8512067395264117 0.4889002732240438 0.8512067395264117 0.4937386156648452 0.8526297814207651 0.496584699453552 0.8540528233151184 0.5000000000000001 0.8554758652094718 0.5028460837887068 0.8563296903460837 0.5054075591985429 0.8577527322404371 0.5082536429872496 0.8603142076502732 0.5099612932604737 0.8637295081967213 0.511384335154827 0.8665755919854281 0.5122381602914391 0.8694216757741348 0.5133765938069217 0.873690801457195 0.5133765938069217 0.8768214936247724 0.5133765938069217 0.8810906193078324 0.5133765938069217 0.8845059198542805 0.5128073770491803 0.8887750455373407 0.5122381602914391 0.8907673041894354 0.511384335154827 0.8930441712204008 0.510530510018215 0.8956056466302369 0.5099612932604737 0.8975979052823316 0.508822859744991 0.9010132058287798 0.5073998178506376 0.9030054644808743 0.5059767759562842 0.9044285063752278 0.5036999089253188 0.9052823315118398 0.5000000000000001 0.9064207650273224 0.49715391621129335 0.9061361566484518 0.49402322404371596 0.904997723132969 0.49117714025500914 0.9041438979963571 0.4877618397085611 0.902436247723133
1 0.3508652094717669 0.6582422586520947 0.35058060109289624 0.65198087431694 0.35058060109289624 0.6488501821493625 0.3508652094717669 0.6465733151183971 0.3517190346083789 0.6434426229508198 0.352572859744991 0.640596539162113 0.35342668488160295 0.6377504553734062 0.3545651183970857 0.6351889799635703 0.35655737704918045 0.6323428961748635 0.3582650273224044 0.6297814207650274 0.35968806921675783 0.628358378870674 0.3613957194899819 0.6260815118397086 0.36594945355191266 0.6220969945355193 0.3696493624772314 0.6175432604735884 0.3739184881602915 0.6138433515482696 0.37562613843351556 0.6127049180327869 0.37961065573770497 0.6112818761384335 0.38387978142076506 0.6095742258652095 0.3867258652094719 0.6084357923497269 0.39071038251366125 0.6067281420765027 0.39355646630236796 0.6058743169398908 0.39754098360655743 0.6050204918032788 0.4001024590163935 0.6044512750455374 0.40323315118397096 0.6038820582877961 0.405794626593807 0.6035974499089254 0.4089253187613844 0.6035974499089254 0.41205601092896177 0.6035974499089254 0.41518670309653927 0.6035974499089254 0.418032786885246 0.6041666666666666 0.4203096539162114 0.6053051001821494 0.4217326958105648 0.6058743169398908 0.4245787795992715 0.6075819672131147 0.4262864298724955 0.6095742258652095 0.42941712204007293 0.611851092896175 0.431978597449909 0.616120218579235 0.43311703096539167 0.6183970856102003 0.4334016393442624 0.6212431693989071 0.4334016393442624 0.6238046448087432 0.4334016393442624 0.6260815118397086 0.432832422586521 0.6286429872495447 0.43169398907103834 0.6326275045537341 0.43140938069216767 0.6343351548269581 0.431124772313297 0.6371812386156649 0.43084016393442626 0.6397427140255009 0.43027094717668496 0.6420195810564664 0.42941712204007293 0.6440118397085611 0.4282786885245902 0.6460040983606559 0.4268556466302369 0.6477117486338798 0.42486338797814216 0.6497040072859745 0.42258652094717675 0.6505578324225866 0.41917122040072863 0.65198087431694 0.41604052823315124 0.6539731329690347 0.41376366120218583 0.6556807832422588 0.4112021857923498 0.6576730418943535 0.4086407103825137 0.6593806921675774 0.40607923497267767 0.6608037340619308 0.40351775956284164 0.6619421675774135 0.4006716757741348 0.6633652094717669 0.3981102003642988 0.6645036429872496 0.3946948998178507 0.6662112932604737 0.39213342440801463 0.666780510018215 0.3881489071038252 0.667634335154827 0.38530282331511845 0.668488160291439 0.38331056466302377 0.6690573770491803 0.380464480874317 0.6701958105646632 0.37733378870673956 0.6704804189435337 0.3753415300546449 0.6704804189435337 0.37221083788706744 0.6701958105646632 0.3696493624772314 0.6693419854280511 0.3670878870673953 0.6679189435336976 0.3645264116575593 0.6670651183970856 0.3628187613843352 0.6662112932604737 0.36025728597449913 0.6653574681238617 0.3579804189435338 0.6645036429872496 0.35598816029143904 0.6630806010928961 0.3531420765027323 0.6610883424408016
1 0.4735314207650274 0.6818647540983608 0.47239298724954465 0.6767418032786885 0.47239298724954465 0.6750341530054645 0.47239298724954465 0.6721880692167578 0.47239298724954465 0.6690573770491803 0.47324681238615673 0.6656420765027323 0.4743852459016394 0.6627959927140256 0.47609289617486344 0.6596653005464481 0.4809312386156649 0.6542577413479054 0.48662340619307837 0.6505578324225866 0.4923155737704919 0.6479963570127505 0.49686930783242267 0.6457194899817851 0.5008538251366121 0.6437272313296903 0.5045537340619308 0.6428734061930784 0.5085382513661203 0.6425887978142077 0.5122381602914391 0.6425887978142077 0.5167918943533698 0.643158014571949 0.5207764116575593 0.6442964480874317 0.5241917122040074 0.6462887067395264 0.5273224043715847 0.6482809653916212 0.5307377049180328 0.6499886156648452 0.5341530054644809 0.6514116575591985 0.536714480874317 0.6528346994535519 0.5401297814207651 0.654542349726776 0.5435450819672132 0.6565346083788708 0.5449681238615666 0.6588114754098361 0.5461065573770493 0.6616575591985429 0.5469603825136613 0.6647882513661203 0.5472449908925319 0.6682035519125684 0.5472449908925319 0.6716188524590164 0.5472449908925319 0.6738957194899818 0.5463911657559198 0.6767418032786885 0.5452527322404372 0.679872495446266 0.5441142987249545 0.6821493624772313 0.5432604735883425 0.6841416211293261 0.5406989981785064 0.6881261384335156 0.5398451730418945 0.6898337887067395 0.5387067395264117 0.691256830601093 0.5369990892531876 0.6932490892531876 0.5352914389799637 0.6941029143897998 0.5332991803278689 0.6949567395264117 0.5301684881602915 0.6966643897996357 0.5281762295081968 0.6975182149362478 0.5258993624772315 0.6986566484517305 0.5233378870673954 0.6995104735883425 0.52106102003643 0.6997950819672132 0.5184995446265939 0.6997950819672132 0.5153688524590164 0.6997950819672132 0.5119535519125684 0.7006489071038252 0.5093920765027323 0.7012181238615666 0.5073998178506376 0.7015027322404371 0.5048383424408015 0.7017873406193079 0.5028460837887068 0.7017873406193079 0.5014230418943534 0.7017873406193079 0.496584699453552 0.7020719489981785 0.4931693989071039 0.7009335154826959 0.4914617486338798 0.6997950819672132 0.4897540983606558 0.6980874316939892 0.4883310564663024 0.6969489981785064 0.48662340619307837 0.6952413479052824 0.48491575591985436 0.6943875227686703 0.4832081056466303 0.692964480874317 0.4800774134790529 0.6906876138433516 0.47865437158469953 0.6892645719489983 0.4769467213114755 0.6869877049180328
1 0.19831511839708565 0.6050204918032788 0.20059198542805104 0.5979052823315119 0.20173041894353375 0.5953438069216759 0.20286885245901642 0.5930669398907104 0.2051457194899818 0.5902208561020037 0.20713797814207655 0.5879439890710383 0.20913023679417128 0.5862363387978142 0.21254553734061937 0.5839594717668489 0.21596083788706746 0.5825364298724955 0.2193761384335155 0.5808287795992714 0.22250683060109294 0.5794057377049181 0.22620673952641168 0.5782673041894354 0.23104508196721316 0.5774134790528234 0.23360655737704925 0.5771288706739527 0.24100637522768675 0.5782673041894354 0.24499089253187617 0.5788365209471767 0.24897540983606561 0.5799749544626595 0.2523907103825137 0.5813979963570127 0.25495218579234974 0.5828210382513661 0.25836748633879786 0.5848132969034608 0.26149817850637525 0.5868055555555556 0.26405965391621133 0.589082422586521 0.26633652094717675 0.5916438979963571 0.2680441712204008 0.5942053734061932 0.2691826047358835 0.5959130236794171 0.26946721311475413 0.598759107468124 0.26946721311475413 0.6016051912568307 0.26861338797814216 0.6038820582877961 0.2669057377049181 0.6070127504553735 0.2654826958105647 0.6092896174863388 0.2632058287795993 0.6115664845173042 0.2606443533697632 0.6141279599271403 0.25865209471766853 0.6158356102003644 0.2566598360655738 0.6175432604735884 0.25324453551912574 0.6203893442622951 0.2509676684881603 0.6218123861566485 0.24812158469945358 0.6229508196721312 0.24612932604735888 0.6238046448087432 0.2447062841530055 0.6246584699453552 0.24271402550091078 0.6255122950819673 0.23901411657559202 0.62665072859745 0.23559881602914393 0.6269353369763206 0.2316142987249545 0.6269353369763206 0.22819899817850642 0.6269353369763206 0.22563752276867036 0.62665072859745 0.22250683060109294 0.6260815118397086 0.2193761384335155 0.6255122950819673 0.21596083788706746 0.6249430783242259 0.2131147540983607 0.6243738615664846 0.21169171220400734 0.624089253187614 0.20827641165755925 0.6229508196721312 0.20429189435336978 0.6212431693989071 0.20201502732240442 0.6198201275045537 0.20059198542805104 0.617827868852459 0.19916894353369768 0.6155510018214937 0.19859972677595633 0.6124203096539164 0.19803051001821498 0.6084357923497269
1 0.0972791438979964 0.6186816939890711 0.09841757741347909 0.6104280510018216 0.09927140255009112 0.6084357923497269 0.10012522768670314 0.6055897085610201 0.10069444444444449 0.6033128415300547 0.10154826958105652 0.6010359744990893 0.10297131147540987 0.5984744990892532 0.10467896174863392 0.5961976320582879 0.10667122040072866 0.5942053734061932 0.10923269581056472 0.5916438979963571 0.11207877959927146 0.589082422586521 0.11464025500910752 0.5870901639344264 0.11777094717668493 0.5853825136612022 0.12033242258652099 0.5839594717668489 0.12374772313296908 0.5828210382513661 0.12744763205828785 0.5819672131147542 0.1314321493624773 0.5819672131147542 0.1357012750455374 0.5822518214936249 0.13854735883424413 0.5828210382513661 0.14196265938069222 0.5839594717668489 0.14623178506375234 0.5850979052823316 0.14936247723132973 0.586520947176685 0.15306238615664852 0.589082422586521 0.1553392531876139 0.5910746812386157 0.15704690346083794 0.5933515482695811 0.15818533697632062 0.5967668488160293 0.15818533697632062 0.6016051912568307 0.15790072859744997 0.6053051001821494 0.1573315118397086 0.6092896174863388 0.15590846994535523 0.613558743169399 0.1550546448087432 0.6172586520947178 0.15391621129326052 0.6198201275045537 0.15306238615664852 0.6215277777777779 0.1522085610200365 0.6238046448087432 0.1510701275045538 0.6257969034608379 0.14964708561020043 0.6277891621129327 0.146516393442623 0.6303506375227688 0.14367030965391628 0.6320582877959927 0.1411088342440802 0.6331967213114755 0.13883196721311478 0.6346197632058288 0.13627049180327874 0.6360428051001822 0.13370901639344268 0.6371812386156649 0.1311475409836066 0.6380350637522769 0.1280168488160292 0.6391734972677596 0.12545537340619312 0.6400273224043717 0.12289389799635705 0.640596539162113 0.11947859744990898 0.6411657559198543 0.11634790528233156 0.6411657559198543 0.1137864298724955 0.6411657559198543 0.11037112932604741 0.6408811475409837 0.10752504553734067 0.6394581056466303 0.10467896174863392 0.6377504553734062 0.10297131147540987 0.6360428051001822 0.10154826958105652 0.6337659380692169 0.10012522768670314 0.6312044626593808 0.09841757741347909 0.6272199453551913 0.09784836065573775 0.6235200364298726
1 0.05088797814207655 0.6292122040072861 0.05088797814207655 0.6360428051001822 0.050318761384335206 0.6391734972677596 0.04861111111111116 0.6471425318761385 0.048041894353369814 0.6491347905282332 0.046903460837887115 0.6522654826958106 0.04604963570127509 0.6542577413479054 0.04519581056466307 0.65625 0.04405737704918038 0.6576730418943535 0.04291894353369768 0.6599499089253188 0.041495901639344315 0.6622267759562842 0.03978825136612027 0.6645036429872496 0.037795992714025554 0.6664959016393442 0.03580373406193083 0.6679189435336976 0.03352686703096544 0.6699112021857924 0.030965391621129375 0.6713342440801457 0.028119307832422634 0.6727572859744992 0.023850182149362527 0.6744649362477232 0.021288706739526462 0.6753187613843352 0.018158014571949047 0.6761725865209472 0.016165755919854332 0.6764571948998179 0.012181238615664896 0.6761725865209472 0.009050546448087482 0.6756033697632059 0.006204462659380744 0.6747495446265938 0.003642987249544678 0.6738957194899818 0.0013661202185792866 0.6727572859744992 2.312964634635743e-19 0.6716643897996357 0.00028153153153151554 0.6143721846846847 0.003096846846846831 0.611204954954955 0.005560247747747732 0.6090934684684685 0.008375563063063049 0.6069819819819819 0.01330236486486485 0.6048704954954954 0.01822916666666665 0.6024070945945945 0.021748310810810797 0.6006475225225224 0.02456362612612611 0.6002956081081081 0.02702702702702701 0.6002956081081081 0.030194256756756743 0.6002956081081081 0.03230574324324323 0.6006475225225224 0.035824887387387365 0.6017032657657657 0.039344031531531515 0.602759009009009 0.04251126126126124 0.604518581081081 0.04532657657657656 0.6073338963963963 0.04743806306306304 0.6119087837837838 0.048493806306306286 0.6150760135135135 0.04954954954954953 0.6192989864864864 0.050253378378378365 0.6245777027027027
1 0.559473536036036 0.818482545045045 0.5580658783783784 0.8139076576576577 0.5580658783783784 0.8114442567567567 0.557713963963964 0.8089808558558558 0.557713963963964 0.8061655405405405 0.5587697072072071 0.8040540540540541 0.5601773648648648 0.8015906531531531 0.5615850225225224 0.7994791666666666 0.5633445945945945 0.7966638513513513 0.5661599099099098 0.792088963963964 0.5700309684684685 0.787865990990991 0.572142454954955 0.7861064189189189 0.5742539414414414 0.7843468468468467 0.5760135135135135 0.7829391891891891 0.578125 0.781179617117117 0.5802364864864864 0.7790681306306306 0.5819960585585585 0.7773085585585585 0.5848113738738738 0.7755489864864864 0.5865709459459459 0.7744932432432432 0.5886824324324323 0.7737894144144144 0.5914977477477478 0.7730855855855855 0.5943130630630631 0.7730855855855855 0.5964245495495495 0.7723817567567567 0.598536036036036 0.7723817567567567 0.602759009009009 0.7727336711711711 0.6066300675675674 0.7734375 0.6097972972972973 0.7744932432432432 0.6115568693693694 0.7755489864864864 0.6140202702702703 0.7773085585585585 0.6157798423423423 0.779420045045045 0.6171875 0.7818834459459459 0.6178913288288288 0.7846987612612613 0.6182432432432432 0.787865990990991 0.618947072072072 0.7913851351351351 0.6200028153153153 0.7934966216216216 0.6210585585585585 0.7952561936936937 0.621410472972973 0.7984234234234234 0.6210585585585585 0.8022944819819819 0.6200028153153153 0.8047578828828829 0.618947072072072 0.8072212837837838 0.6175394144144144 0.8103885135135135 0.6164836711711711 0.8128519144144144 0.6157798423423423 0.8139076576576577 0.6143721846846847 0.8149634009009008 0.6126126126126127 0.8163710585585585 0.6097972972972973 0.818482545045045 0.6073338963963963 0.8205940315315314 0.6052224099099098 0.8223536036036037 0.6024070945945945 0.8244650900900901 0.6006475225225224 0.8258727477477478 0.598536036036036 0.8276323198198198 0.5953688063063063 0.8290399774774774 0.5929054054054054 0.8307995495495495 0.5869228603603603 0.8307995495495495 0.5837556306306306 0.8307995495495495 0.5802364864864864 0.8307995495495495 0.5746058558558558 0.8307995495495495 0.5700309684684685 0.8293918918918918 0.5679194819819819 0.8283361486486487 0.5651041666666666 0.826928490990991 0.5629926801801801 0.8248170045045045 0.5605292792792793 0.8220016891891891
1 0.5415259009009008 0.9043496621621621 0.545045045045045 0.8959037162162161 0.5457488738738738 0.8937922297297297 0.5471565315315314 0.890625 0.5489161036036037 0.8874577702702703 0.5506756756756757 0.8853462837837838 0.5538429054054054 0.8825309684684685 0.5587697072072071 0.8807713963963963 0.5647522522522521 0.8790118243243243 0.5696790540540541 0.8783079954954954 0.5749577702702703 0.8776041666666666 0.5802364864864864 0.8776041666666666 0.5837556306306306 0.8776041666666666 0.5879786036036037 0.877956081081081 0.5914977477477478 0.8790118243243243 0.5950168918918918 0.8804194819819819 0.5981841216216216 0.8821790540540541 0.6002956081081081 0.8839386261261261 0.6024070945945945 0.8867539414414414 0.6034628378378378 0.8899211711711711 0.6041666666666666 0.8930884009009008 0.6048704954954954 0.896607545045045 0.6048704954954954 0.9008305180180181 0.6048704954954954 0.9039977477477478 0.6038147522522521 0.9071649774774774 0.602759009009009 0.9096283783783784 0.6013513513513513 0.9124436936936937 0.5999436936936937 0.9149070945945946 0.5981841216216216 0.9184262387387387 0.5964245495495495 0.9205377252252251 0.5943130630630631 0.9222972972972973 0.5922015765765765 0.9244087837837838 0.5900900900900901 0.9268721846846847 0.5886824324324323 0.9296875 0.5837556306306306 0.9307432432432432 0.5816441441441441 0.9317989864864864 0.5777730855855855 0.9335585585585585 0.5749577702702703 0.9346143018018017 0.5728462837837838 0.9349662162162161 0.5689752252252251 0.9349662162162161 0.565456081081081 0.9346143018018017 0.5629926801801801 0.9346143018018017 0.5605292792792793 0.933910472972973 0.5570101351351351 0.9325028153153153 0.5541948198198198 0.9307432432432432 0.5513795045045045 0.9289836711711711 0.5485641891891891 0.9261683558558558 0.5461007882882883 0.9233530405405405 0.543285472972973 0.9198338963963963 0.5418778153153153 0.917018581081081 0.540822072072072 0.9131475225225224 0.5404701576576577 0.9082207207207207
1 0.26421734234234234 0.5080940315315315 0.2670326576576576 0.5021114864864864 0.2698479729729729 0.49894425675675674 0.27477477477477474 0.49612894144144143 0.2772381756756756 0.4947212837837837 0.28110923423423423 0.4936655405405405 0.28462837837837834 0.49260979729729726 0.28814752252252246 0.4919059684684684 0.2927224099099099 0.49155405405405406 0.2976492117117117 0.4912021396396396 0.3011683558558558 0.4912021396396396 0.30539132882882875 0.49155405405405406 0.30926238738738737 0.49225788288288286 0.31278153153153154 0.49260979729729726 0.31665259009009006 0.49331362612612606 0.32122747747747743 0.4940174549549549 0.32404279279279274 0.4954251126126126 0.32685810810810806 0.4971846846846847 0.32896959459459457 0.49999999999999994 0.3296734234234234 0.5042229729729729 0.3296734234234234 0.5073902027027027 0.32896959459459457 0.5109093468468467 0.3286176801801801 0.5140765765765766 0.3275619369369369 0.5168918918918919 0.32685810810810806 0.5193552927927928 0.325098536036036 0.5225225225225225 0.32298704954954954 0.5253378378378378 0.32017173423423423 0.5281531531531531 0.31770833333333326 0.5302646396396395 0.31489301801801795 0.5337837837837838 0.31278153153153154 0.534839527027027 0.3099662162162162 0.5358952702702703 0.30679898648648646 0.5358952702702703 0.30257601351351343 0.5358952702702703 0.3001126126126126 0.5358952702702703 0.2955377252252252 0.5355433558558558 0.29131475225225223 0.534839527027027 0.28814752252252246 0.5341356981981982 0.286036036036036 0.5334318693693694 0.28286880630630623 0.5330799549549549 0.27794200450450446 0.5323761261261261 0.27477477477477474 0.5309684684684685 0.2723113738738739 0.5299127252252253 0.2691441441441441 0.5274493243243242 0.2670326576576576 0.5253378378378378 0.26492117117117114 0.5228744369369369 0.2631615990990991 0.5182995495495495 0.2631615990990991 0.5137246621621621
1 0.18010979729729729 0.5137246621621621 0.17377533783783783 0.5112612612612613 0.17201576576576577 0.5102055180180181 0.16920045045045043 0.5080940315315315 0.16744087837837837 0.5066863738738738 0.16497747747747746 0.5024634009009009 0.162865990990991 0.49964808558558554 0.16216216216216217 0.4975365990990991 0.16145833333333334 0.4947212837837837 0.16181024774774774 0.4887387387387387 0.1632179054054054 0.4817004504504504 0.16427364864864863 0.47958896396396394 0.1656813063063063 0.4767736486486486 0.16744087837837837 0.47501407657657657 0.17025619369369369 0.4736064189189189 0.17342342342342343 0.4725506756756756 0.17623873873873874 0.4714949324324324 0.18222128378378377 0.471143018018018 0.18890765765765766 0.47079110360360354 0.19383445945945946 0.4704391891891892 0.19664977477477477 0.4704391891891892 0.20052083333333334 0.4714949324324324 0.20403997747747746 0.4725506756756756 0.20826295045045043 0.47395833333333326 0.21143018018018017 0.4753659909909909 0.21459740990990991 0.4778293918918919 0.2174127252252252 0.4809966216216216 0.21987612612612611 0.4838119369369369 0.22128378378378377 0.48733108108108103 0.22269144144144143 0.4912021396396396 0.22339527027027026 0.49507319819819817 0.22374718468468469 0.4992961711711711 0.22339527027027026 0.5035191441441441 0.2219876126126126 0.505982545045045 0.22057995495495494 0.507742117117117 0.21846846846846846 0.5105574324324323 0.21670889639639637 0.5126689189189189 0.21318975225225226 0.5147804054054054 0.2096706081081081 0.5161880630630631 0.20685529279279277 0.5172438063063063 0.20333614864864863 0.5182995495495495 0.20122466216216217 0.5182995495495495 0.19700168918918917 0.5175957207207207 0.1931306306306306 0.5172438063063063 0.18855574324324326 0.5158361486486486
1 0.07594313063063061 0.4120213963963964 0.08262950450450449 0.4130771396396396 0.0850929054054054 0.41342905405405406 0.08790822072072071 0.4148367117117117 0.09001970720720719 0.41624436936936937 0.0924831081081081 0.41800394144144143 0.09459459459459459 0.4201154279279279 0.09635416666666666 0.42257882882882875 0.09846565315315314 0.4253941441441441 0.10022522522522521 0.4285613738738739 0.10198479729729729 0.43208051801801795 0.10268862612612611 0.43595157657657657 0.10304054054054053 0.4398226351351351 0.10304054054054053 0.44369369369369366 0.10304054054054053 0.4472128378378378 0.10304054054054053 0.45038006756756754 0.10198479729729729 0.4528434684684684 0.10128096846846847 0.45530686936936937 0.0998733108108108 0.45777027027027023 0.09916948198198197 0.45882601351351343 0.0974099099099099 0.46164132882882875 0.09494650900900899 0.4648085585585585 0.09142736486486486 0.46692004504504503 0.08861204954954953 0.4686796171171171 0.08474099099099099 0.4704391891891892 0.08122184684684684 0.471143018018018 0.0755912162162162 0.4718468468468468 0.07172015765765764 0.4718468468468468 0.06855292792792793 0.4704391891891892 0.06538569819819819 0.4686796171171171 0.06292229729729729 0.4648085585585585 0.06116272522522521 0.4619932432432432 0.059403153153153136 0.4591779279279279 0.05764358108108106 0.45601069819819817 0.05588400900900899 0.4528434684684684 0.054124436936936915 0.44862049549549543 0.05377252252252251 0.4447494369369369 0.05342060810810809 0.43911880630630623 0.05306869369369368 0.4352477477477477 0.05306869369369368 0.43067286036036034 0.05306869369369368 0.4271537162162162 0.05306869369369368 0.42363457207207206 0.05342060810810809 0.4211711711711711 0.05518018018018016 0.41870777027027023 0.05764358108108106 0.41624436936936937 0.060106981981981965 0.4137809684684684 0.061866554054054036 0.41237331081081074 0.06503378378378376 0.41131756756756754 0.06890484234234233 0.4106137387387387
1 0.22691441441441443 0.4081503378378378 0.21987612612612611 0.4077984234234234 0.2174127252252252 0.4067426801801801 0.21494932432432431 0.4056869369369369 0.21283783783783783 0.40498310810810806 0.21002252252252251 0.403223536036036 0.2072072072072072 0.4007601351351351 0.20509572072072071 0.39935247747747743 0.20333614864864863 0.3975929054054054 0.20157657657657657 0.39512950450450446 0.19981700450450451 0.3912584459459459 0.19876126126126126 0.3877393018018018 0.197705518018018 0.38351632882882875 0.1973536036036036 0.37894144144144143 0.19700168918918917 0.37436655405405406 0.19700168918918917 0.37014358108108103 0.197705518018018 0.36486486486486486 0.19876126126126126 0.35993806306306303 0.20087274774774774 0.3546593468468468 0.20263231981981983 0.3504363738738739 0.20439189189189186 0.3476210585585585 0.20650337837837837 0.3448057432432432 0.20896677927927926 0.34269425675675674 0.21248592342342343 0.34058277027027023 0.21530123873873874 0.33882319819819817 0.21846846846846846 0.33811936936936937 0.22057995495495494 0.3377674549549549 0.22409909909909909 0.3377674549549549 0.22761824324324326 0.3384712837837837 0.2318412162162162 0.3391751126126126 0.23500844594594594 0.34023085585585583 0.23923141891891891 0.34163851351351343 0.24239864864864863 0.34374999999999994 0.24591779279279277 0.34656531531531526 0.2487331081081081 0.35078828828828823 0.25049268018018017 0.3550112612612612 0.25190033783783783 0.35993806306306303 0.2526041666666667 0.36521677927927926 0.2526041666666667 0.37014358108108103 0.2529560810810811 0.3747184684684684 0.2529560810810811 0.37894144144144143 0.25119650900900903 0.38281249999999994 0.25014076576576577 0.3866835585585585 0.24908502252252251 0.39090653153153154 0.24767736486486486 0.3940737612612612 0.2466216216216216 0.3965371621621621 0.24486204954954954 0.39900056306306303 0.24204673423423423 0.4025197072072072 0.23887950450450451 0.40463119369369366 0.2339527027027027 0.40709459459459457
1 0.36028997747747743 0.4443975225225225 0.35571509009009006 0.4387668918918919 0.3546593468468468 0.43595157657657657 0.35360360360360354 0.4331362612612612 0.35254786036036034 0.4303209459459459 0.3521959459459459 0.42644988738738737 0.35360360360360354 0.42152308558558554 0.3553631756756756 0.41835585585585583 0.3574746621621621 0.41518862612612606 0.3606418918918919 0.41166948198198194 0.3638091216216216 0.40885416666666663 0.3676801801801801 0.40603885135135126 0.3711993243243243 0.40392736486486486 0.3764780405405405 0.40146396396396394 0.38070101351351343 0.40005630630630623 0.38492398648648646 0.39935247747747743 0.38879504504504503 0.39935247747747743 0.3937218468468468 0.39935247747747743 0.39829673423423423 0.3997043918918919 0.4035754504504504 0.4004082207207207 0.407446509009009 0.40216779279279274 0.4120213963963964 0.40392736486486486 0.41518862612612606 0.4063907657657657 0.41800394144144143 0.40920608108108103 0.4204673423423423 0.41237331081081074 0.4232826576576576 0.4158924549549549 0.42469031531531526 0.4194115990990991 0.4257460585585585 0.4222269144144144 0.42644988738738737 0.4250422297297297 0.42644988738738737 0.42820945945945943 0.4260979729729729 0.43172860360360354 0.42469031531531526 0.43489583333333326 0.4229307432432432 0.4370073198198198 0.4211711711711711 0.4394707207207207 0.41905968468468463 0.4419341216216216 0.4165962837837837 0.44404560810810806 0.41413288288288286 0.44615709459459457 0.41166948198198194 0.44826858108108103 0.40850225225225223 0.45073198198198194 0.4056869369369369 0.4521396396396396 0.403223536036036 0.4538992117117117 0.40146396396396394 0.4546030405405405 0.39900056306306303 0.45530686936936937 0.3961852477477477 0.45601069819819817 0.3923141891891892 0.4563626126126126 0.3880912162162162 0.45671452702702703 0.38562781531531526 0.45671452702702703 0.3838682432432432 0.45671452702702703 0.3821086711711711 0.4563626126126126 0.37964527027027023 0.4556587837837837 0.37718186936936937 0.4549549549549549 0.3747184684684684 0.4538992117117117 0.3719031531531531 0.4528434684684684 0.3687359234234234 0.4517877252252252 0.36521677927927926 0.4500281531531531 0.36204954954954954 0.44756475225225223
1 0.5904420045045045 0.5116131756756757 0.5862190315315314 0.5070382882882882 0.5851632882882883 0.5049268018018017 0.584107545045045 0.5021114864864864 0.5834037162162161 0.49894425675675674 0.5830518018018017 0.49577702702702703 0.5830518018018017 0.49331362612612606 0.5826998873873873 0.49049831081081074 0.5826998873873873 0.4880349099099099 0.5834037162162161 0.485571509009009 0.5855152027027027 0.4834600225225225 0.5879786036036037 0.4806447072072072 0.5900900900900901 0.4788851351351351 0.5939611486486487 0.4760698198198198 0.5981841216216216 0.4746621621621621 0.6017032657657657 0.4743102477477477 0.6059262387387387 0.4743102477477477 0.6090934684684685 0.4743102477477477 0.6122606981981982 0.4753659909909909 0.6147240990990991 0.47642173423423423 0.6178913288288288 0.47712556306306303 0.621410472972973 0.4788851351351351 0.6242257882882883 0.47994087837837834 0.6263372747747747 0.4817004504504504 0.6284487612612611 0.4838119369369369 0.6302083333333334 0.485571509009009 0.6326717342342342 0.4880349099099099 0.6347832207207207 0.4912021396396396 0.6365427927927928 0.49436936936936937 0.6383023648648648 0.4971846846846847 0.6407657657657657 0.5014076576576576 0.641821509009009 0.505982545045045 0.641821509009009 0.5095016891891891 0.641821509009009 0.5126689189189189 0.6414695945945945 0.5168918918918919 0.6390061936936937 0.5197072072072072 0.6365427927927928 0.5225225225225225 0.6333755630630631 0.5242820945945945 0.6305602477477478 0.5249859234234234 0.6277449324324323 0.5260416666666666 0.624929617117117 0.5260416666666666 0.623170045045045 0.526393581081081 0.6207066441441441 0.526393581081081 0.6182432432432432 0.5260416666666666 0.6150760135135135 0.5253378378378378 0.6119087837837838 0.5242820945945945 0.6080377252252251 0.5225225225225225 0.6055743243243243 0.5211148648648648 0.6020551801801801 0.5193552927927928 0.5995917792792793 0.5182995495495495 0.5971283783783784 0.5168918918918919 0.5939611486486487 0.5147804054054054
1 0.5897381756756757 0.3782376126126126 0.5883305180180181 0.37436655405405406 0.5883305180180181 0.3719031531531531 0.5883305180180181 0.36803209459459457 0.5883305180180181 0.36486486486486486 0.5900900900900901 0.3613457207207207 0.592553490990991 0.36028997747747743 0.5950168918918918 0.35993806306306303 0.596776463963964 0.3588823198198198 0.6006475225225224 0.35571509009009006 0.6038147522522521 0.3532516891891892 0.6059262387387387 0.3511402027027027 0.6076858108108107 0.35008445945945943 0.6122606981981982 0.34832488738738737 0.6168355855855855 0.3472691441441441 0.6210585585585585 0.34656531531531526 0.6242257882882883 0.34550957207207206 0.6266891891891891 0.3451576576576576 0.6312640765765765 0.34550957207207206 0.6344313063063063 0.3472691441441441 0.6379504504504504 0.3476210585585585 0.6407657657657657 0.34832488738738737 0.6449887387387387 0.35008445945945943 0.6481559684684685 0.35184403153153154 0.6516751126126127 0.35395551801801795 0.6551942567567567 0.3574746621621621 0.6569538288288288 0.36028997747747743 0.6587134009009008 0.364161036036036 0.6597691441441441 0.36803209459459457 0.6597691441441441 0.3719031531531531 0.6597691441441441 0.37612612612612606 0.6587134009009008 0.37964527027027023 0.6566019144144144 0.3831644144144144 0.6548423423423423 0.3842201576576576 0.6523789414414414 0.3863316441441441 0.6492117117117117 0.3884431306306306 0.6471002252252251 0.3894988738738739 0.6442849099099098 0.39090653153153154 0.6404138513513513 0.3923141891891892 0.6368947072072071 0.3937218468468468 0.6344313063063063 0.3940737612612612 0.6305602477477478 0.39477759009009006 0.6270411036036037 0.39477759009009006 0.6245777027027027 0.39477759009009006 0.6221143018018017 0.39477759009009006 0.6178913288288288 0.39477759009009006 0.6147240990990991 0.3940737612612612 0.6119087837837838 0.3933699324324324 0.6083896396396397 0.39266610360360354 0.6066300675675674 0.3923141891891892 0.6041666666666666 0.39090653153153154 0.6009994369369369 0.38914695945945943 0.598536036036036 0.3870354729729729 0.5960726351351351 0.38492398648648646 0.5936092342342342 0.3821086711711711
1 0.5313203828828829 0.3367117117117117 0.526393581081081 0.33319256756756754 0.5249859234234234 0.33108108108108103 0.5232263513513513 0.329321509009009 0.5214667792792792 0.3275619369369369 0.5197072072072072 0.3254504504504504 0.5175957207207207 0.3226351351351351 0.5161880630630631 0.32017173423423423 0.514428490990991 0.3173564189189189 0.5133727477477478 0.31418918918918914 0.5123170045045045 0.31102195945945943 0.5116131756756757 0.3078547297297297 0.5116131756756757 0.30363175675675674 0.5116131756756757 0.3001126126126126 0.5116131756756757 0.2976492117117117 0.5119650900900901 0.2948338963963964 0.5126689189189189 0.29237049549549543 0.5137246621621621 0.2895551801801801 0.5154842342342342 0.28709177927927926 0.5172438063063063 0.2856841216216216 0.5197072072072072 0.28427646396396394 0.5221706081081081 0.2835726351351351 0.5242820945945945 0.2835726351351351 0.5267454954954954 0.2835726351351351 0.5302646396396395 0.2835726351351351 0.5337837837837838 0.28462837837837834 0.5376548423423423 0.2856841216216216 0.5401182432432432 0.28744369369369366 0.543285472972973 0.2895551801801801 0.5457488738738738 0.29131475225225223 0.5485641891891891 0.2937781531531531 0.5510275900900901 0.29694538288288286 0.553490990990991 0.29976069819819817 0.5552505630630631 0.30257601351351343 0.5570101351351351 0.3060951576576576 0.5587697072072071 0.3096143018018018 0.5601773648648648 0.3124296171171171 0.5615850225225224 0.3155968468468468 0.5622888513513513 0.3184121621621621 0.5629926801801801 0.32087556306306303 0.5629926801801801 0.32333896396396394 0.5626407657657657 0.32615427927927926 0.5612331081081081 0.32896959459459457 0.5598254504504504 0.3317849099099099 0.5584177927927928 0.3346002252252252 0.5566582207207207 0.33706362612612606 0.5552505630630631 0.33882319819819817 0.5531390765765765 0.33987894144144143 0.5506756756756757 0.34023085585585583 0.5471565315315314 0.3412865990990991 0.5439893018018017 0.3412865990990991 0.5411739864864864 0.3412865990990991 0.5387105855855855 0.34058277027027023 0.5355433558558558 0.3391751126126126
1 0.33706362612612606 0.3029279279279279 0.33319256756756754 0.30679898648648646 0.33143299549549543 0.3082066441441441 0.3296734234234234 0.3096143018018018 0.32721002252252246 0.3103181306306306 0.3247466216216216 0.3103181306306306 0.32298704954954954 0.3103181306306306 0.3205236486486486 0.3120777027027027 0.31876407657657657 0.31278153153153154 0.3155968468468468 0.31278153153153154 0.31278153153153154 0.31278153153153154 0.3096143018018018 0.31278153153153154 0.30679898648648646 0.31278153153153154 0.3039836711711711 0.31172578828828823 0.30152027027027023 0.31067004504504503 0.2983530405405405 0.3096143018018018 0.2958896396396396 0.3085585585585585 0.2937781531531531 0.30715090090090086 0.29237049549549543 0.3050394144144144 0.28990709459459457 0.3022240990990991 0.2884994369369369 0.2994087837837837 0.28744369369369366 0.29518581081081074 0.28709177927927926 0.29131475225225223 0.2863879504504504 0.28744369369369366 0.2863879504504504 0.2832207207207207 0.28709177927927926 0.2793496621621621 0.2884994369369369 0.2772381756756756 0.28990709459459457 0.2723113738738739 0.29166666666666663 0.2691441441441441 0.2955377252252252 0.26632882882882886 0.2976492117117117 0.26456925675675674 0.30081644144144143 0.26210585585585583 0.30257601351351343 0.26105011261261263 0.30539132882882875 0.2589386261261261 0.3078547297297297 0.25788288288288286 0.3103181306306306 0.25717905405405406 0.31418918918918914 0.2568271396396396 0.3184121621621621 0.2564752252252252 0.32193130630630623 0.2564752252252252 0.32580236486486486 0.25717905405405406 0.329321509009009 0.25823479729729726 0.3321368243243243 0.2589386261261261 0.3356559684684684 0.26069819819819817 0.33952702702702703 0.2628096846846847 0.34163851351351343 0.265625 0.34339808558558554 0.26808840090090086 0.3448057432432432 0.2709037162162162 0.34550957207207206 0.2740709459459459 0.34621340090090086 0.2768862612612612 0.34656531531531526 0.2789977477477477 0.34621340090090086 0.28181306306306303 0.3451576576576576 0.28427646396396394 0.34445382882882875 0.28673986486486486 0.34374999999999994 0.28885135135135126 0.3430461711711711 0.29166666666666663 0.34269425675675674 0.29413006756756754 0.3423423423423423 0.29624155405405406 0.34163851351351343 0.30046452702702703
1 0.035121058558558536 0.27759009009009006 0.0316019144144144 0.2740709459459459 0.02984234234234233 0.2712556306306306 0.029138513513513497 0.26808840090090086 0.028786599099099083 0.2652730855855856 0.028082770270270254 0.2628096846846847 0.028082770270270254 0.26069819819819817 0.028082770270270254 0.25753096846846846 0.028434684684684672 0.25401182432432434 0.030194256756756743 0.25084459459459457 0.03230574324324323 0.24802927927927926 0.03441722972972971 0.24486204954954954 0.03723254504504503 0.24275056306306303 0.04004786036036034 0.24063907657657657 0.04321509009009007 0.23887950450450451 0.047086148648648636 0.23747184684684683 0.050957207207207186 0.236768018018018 0.05447635135135133 0.2364161036036036 0.05869932432432431 0.23606418918918917 0.06397804054054052 0.23606418918918917 0.07101632882882881 0.23817567567567569 0.07347972972972973 0.23958333333333334 0.07699887387387386 0.24169481981981983 0.07875844594594593 0.24275056306306303 0.08086993243243243 0.24345439189189186 0.0829814189189189 0.24486204954954954 0.0850929054054054 0.2466216216216216 0.08685247747747747 0.24908502252252251 0.08790822072072071 0.2526041666666667 0.08896396396396394 0.2568271396396396 0.08966779279279277 0.26175394144144143 0.09037162162162161 0.26632882882882886 0.09072353603603603 0.2698479729729729 0.09037162162162161 0.27266328828828823 0.0875563063063063 0.2772381756756756 0.0850929054054054 0.2789977477477477 0.0829814189189189 0.2800534909909909 0.0801661036036036 0.28181306306306303 0.07770270270270269 0.2835726351351351 0.07488738738738739 0.28498029279279274 0.07207207207207206 0.2863879504504504 0.06820101351351351 0.2863879504504504 0.06538569819819819 0.28673986486486486 0.06362612612612611 0.28673986486486486 0.06045889639639638 0.28709177927927926 0.05623592342342341 0.28709177927927926 0.05306869369369368 0.28709177927927926 0.050957207207207186 0.28709177927927926 0.04743806306306304 0.286036036036036 0.04286317567567566 0.28392454954954954 0.04039977477477476 0.2825168918918919
1 0.04954954954954953 0.32193130630630623 0.0513091216216216 0.3275619369369369 0.05201295045045043 0.3317849099099099 0.052364864864864843 0.3346002252252252 0.052364864864864843 0.3374155405405405 0.05201295045045043 0.34093468468468463 0.051661036036036015 0.3448057432432432 0.05060529279279278 0.34832488738738737 0.04954954954954953 0.3511402027027027 0.0488457207207207 0.3546593468468468 0.04778997747747746 0.3571227477477477 0.046030405405405386 0.3588823198198198 0.04462274774774773 0.3606418918918919 0.041807432432432415 0.364161036036036 0.04004786036036034 0.36592060810810806 0.038288288288288265 0.3676801801801801 0.036176801801801786 0.3687359234234234 0.03300957207207206 0.37014358108108103 0.028786599099099083 0.3711993243243243 0.02702702702702701 0.3715512387387387 0.024211711711711697 0.37225506756756754 0.02034065315315314 0.37225506756756754 0.01822916666666665 0.3719031531531531 0.01576576576576575 0.3708474099099099 0.012950450450450434 0.36943975225225223 0.012246621621621606 0.36943975225225223 0.007671734234234218 0.36697635135135126 0.004504504504504489 0.36486486486486486 0.002744932432432416 0.36275337837837834 0.0 0.35829286317567566 0.00028153153153151554 0.3184121621621621 0.0041525900900900746 0.31418918918918914 0.005912162162162146 0.3124296171171171 0.007671734234234218 0.31172578828828823 0.010487049549549534 0.3096143018018018 0.014358108108108092 0.30750281531531526 0.017173423423423408 0.3060951576576576 0.019988738738738725 0.30539132882882875 0.02350788288288287 0.3050394144144144 0.02702702702702701 0.3050394144144144 0.029138513513513497 0.30539132882882875 0.03265765765765764 0.30539132882882875 0.03723254504504503 0.3057432432432432 0.04004786036036034 0.30679898648648646 0.04251126126126124 0.3078547297297297 0.04427083333333331 0.3089104729729729 0.047086148648648636 0.3103181306306306 0.04990146396396395 0.31172578828828823 0.051661036036036015 0.3152449324324324 0.05060529279279278 0.3173564189189189
1 0.21389358108108109 0.1779983108108108 0.21389358108108109 0.1825731981981982 0.21424549549549549 0.18538851351351351 0.21424549549549549 0.18785191441441443 0.21424549549549549 0.19066722972972971 0.21389358108108109 0.19348254504504503 0.21248592342342343 0.19594594594594594 0.2117820945945946 0.19911317567567569 0.21037443693693694 0.2022804054054054 0.20896677927927926 0.20579954954954954 0.20791103603603603 0.20791103603603603 0.20650337837837837 0.21037443693693694 0.2047438063063063 0.21248592342342343 0.20263231981981983 0.21459740990990991 0.20052083333333334 0.2170608108108108 0.19805743243243243 0.21882038288288286 0.19524211711711711 0.22057995495495494 0.19242680180180177 0.2219876126126126 0.1903153153153153 0.22339527027027026 0.18820382882882883 0.22445101351351351 0.18433277027027026 0.22550675675675674 0.18116554054054052 0.22550675675675674 0.1783502252252252 0.22550675675675674 0.17025619369369369 0.22445101351351351 0.16532939189189186 0.22339527027027026 0.16181024774774774 0.2219876126126126 0.15899493243243243 0.22093186936936934 0.1558277027027027 0.21917229729729729 0.1540681306306306 0.21776463963963963 0.1537162162162162 0.21776463963963963 0.15195664414414412 0.21565315315315317 0.15054898648648646 0.21283783783783783 0.15019707207207209 0.21002252252252251 0.14984515765765766 0.20650337837837837 0.15019707207207209 0.20157657657657657 0.1512528153153153 0.19629786036036034 0.15195664414414412 0.1931306306306306 0.15336430180180177 0.1903153153153153 0.15336430180180177 0.18961148648648649 0.15653153153153151 0.18644425675675674 0.1582911036036036 0.18222128378378377 0.16005067567567569 0.18116554054054052 0.16251407657657657 0.17975788288288286 0.1656813063063063 0.1783502252252252 0.16779279279279277 0.1779983108108108 0.17096002252252251 0.17729448198198197 0.17447916666666666 0.17623873873873874 0.17729448198198197 0.17518299549549549 0.1804617117117117 0.17412725225225226 0.18433277027027026 0.1727195945945946 0.1875 0.16990427927927926 0.18961148648648649 0.16744087837837837 0.19101914414414412 0.16427364864864863 0.19348254504504503 0.16075450450450451 0.19700168918918917 0.15934684684684683 0.19911317567567569 0.15934684684684683 0.2022804054054054 0.15969876126126126 0.20509572072072071 0.16110641891891891 0.2075591216216216 0.162865990990991 0.2096706081081081 0.1656813063063063 0.21143018018018017 0.16884853603603603 0.212134009009009 0.17166385135135134
1 0.14878941441441443 0.25541948198198194 0.15266047297297294 0.2568271396396396 0.15547578828828829 0.25753096846846846 0.15793918918918917 0.25823479729729726 0.16075450450450451 0.2592905405405405 0.16427364864864863 0.26069819819819817 0.16744087837837837 0.2624577702702703 0.16990427927927926 0.2652730855855856 0.17201576576576577 0.26844031531531526 0.17412725225225226 0.27266328828828823 0.17553490990990991 0.2761824324324324 0.17694256756756754 0.2804054054054054 0.1779983108108108 0.28498029279279274 0.1783502252252252 0.28990709459459457 0.17870213963963963 0.2948338963963964 0.17870213963963963 0.29905686936936937 0.17764639639639637 0.30363175675675674 0.17623873873873874 0.3078547297297297 0.17483108108108109 0.31102195945945943 0.17342342342342343 0.31383727477477474 0.17236768018018017 0.3159487612612612 0.1706081081081081 0.31770833333333326 0.16884853603603603 0.31876407657657657 0.16673704954954954 0.3198198198198198 0.16427364864864863 0.32017173423423423 0.15969876126126126 0.3205236486486486 0.15617961711711711 0.3205236486486486 0.15266047297297294 0.3194679054054054 0.14914132882882883 0.31770833333333326 0.14527027027027026 0.3152449324324324 0.14175112612612611 0.31278153153153154 0.1389358108108108 0.3099662162162162 0.13682432432432431 0.30715090090090086 0.134009009009009 0.3032798423423423 0.13295326576576577 0.29976069819819817 0.13189752252252251 0.29448198198198194 0.13119369369369369 0.28990709459459457 0.13013795045045043 0.286036036036036 0.12978603603603603 0.2814611486486486 0.12978603603603603 0.27759009009009006 0.13084177927927926 0.27442286036036034 0.13189752252252251 0.2709037162162162 0.13224943693693694 0.26808840090090086 0.13295326576576577 0.2659769144144144 0.13436092342342343 0.26210585585585583 0.13576858108108109 0.2589386261261261 0.13788006756756754 0.2564752252252252 0.14034346846846846 0.25541948198198194 0.1438626126126126 0.25471565315315314
1 0.30715090090090086 0.18468468468468469 0.3032798423423423 0.18186936936936934 0.30187218468468463 0.18010979729729729 0.30046452702702703 0.1783502252252252 0.2987049549549549 0.17729448198198197 0.29624155405405406 0.17342342342342343 0.29518581081081074 0.17096002252252251 0.2937781531531531 0.1684966216216216 0.29201858108108103 0.1656813063063063 0.29166666666666663 0.1632179054054054 0.2909628378378378 0.16075450450450451 0.2909628378378378 0.15793918918918917 0.29201858108108103 0.15477195945945946 0.2930743243243243 0.15230855855855854 0.29413006756756754 0.14667792792792791 0.2937781531531531 0.14527027027027026 0.2930743243243243 0.14421452702702703 0.29166666666666663 0.14280686936936934 0.2909628378378378 0.1389358108108108 0.29166666666666663 0.13576858108108109 0.2934262387387387 0.13295326576576577 0.29518581081081074 0.13013795045045043 0.29800112612612606 0.12732263513513514 0.3011683558558558 0.12626689189189189 0.30433558558558554 0.12450731981981981 0.30679898648648646 0.12309966216216214 0.3099662162162162 0.12239583333333331 0.31383727477477474 0.1220439189189189 0.31700450450450446 0.12239583333333331 0.32017173423423423 0.12485923423423423 0.32333896396396394 0.12697072072072071 0.32615427927927926 0.12802646396396394 0.3282657657657657 0.1294341216216216 0.33037725225225223 0.13119369369369369 0.3321368243243243 0.1336570945945946 0.33424831081081074 0.13682432432432431 0.3356559684684684 0.14034346846846846 0.3367117117117117 0.14245495495495494 0.3374155405405405 0.14527027027027026 0.3377674549549549 0.14878941441441443 0.3377674549549549 0.15266047297297294 0.3377674549549549 0.15547578828828829 0.3374155405405405 0.158643018018018 0.3367117117117117 0.16181024774774774 0.33600788288288286 0.16532939189189186 0.33530405405405406 0.1684966216216216 0.33424831081081074 0.17166385135135134 0.33354448198198194 0.17412725225225226 0.3321368243243243 0.17694256756756754 0.33072916666666663 0.18010979729729729 0.32685810810810806 0.18362894144144143 0.32369087837837834 0.18538851351351351 0.32087556306306303 0.18644425675675674 0.31876407657657657 0.18679617117117117 0.3159487612612612 0.18679617117117117 0.3113738738738739 0.18609234234234234
1 0.45601069819819817 0.21002252252252251 0.45354729729729726 0.20509572072072071 0.45073198198198194 0.2022804054054054 0.44756475225225223 0.19876126126126126 0.4458051801801801 0.19664977477477477 0.4443975225225225 0.1948902027027027 0.44334177927927926 0.1927787162162162 0.4415822072072072 0.18925957207207209 0.44052646396396394 0.18574042792792791 0.4394707207207207 0.18362894144144143 0.43841497747747743 0.18081362612612611 0.4377111486486486 0.17764639639639637 0.43735923423423423 0.17447916666666666 0.43735923423423423 0.17131193693693694 0.43735923423423423 0.16884853603603603 0.43735923423423423 0.16603322072072071 0.4377111486486486 0.162865990990991 0.43841497747747743 0.16040259009009009 0.4398226351351351 0.1582911036036036 0.442286036036036 0.15512387387387386 0.44510135135135126 0.15195664414414412 0.4468609234234234 0.14949324324324326 0.4489724099099099 0.14738175675675674 0.4517877252252252 0.14562218468468469 0.4546030405405405 0.1435106981981982 0.4584740990990991 0.14210304054054052 0.46304898648648646 0.1413992117117117 0.46727195945945943 0.1413992117117117 0.4714949324324324 0.14175112612612611 0.4746621621621621 0.14280686936936934 0.47818130630630623 0.1438626126126126 0.48205236486486486 0.14632601351351351 0.48416385135135137 0.1484375 0.4862753378378378 0.15160472972972971 0.4883868243243243 0.1558277027027027 0.4901463963963964 0.16005067567567569 0.4919059684684684 0.16427364864864863 0.49331362612612606 0.16779279279279277 0.49436936936936937 0.17131193693693694 0.4954251126126126 0.17447916666666666 0.49683277027027023 0.1779983108108108 0.49788851351351343 0.18222128378378377 0.49894425675675674 0.18609234234234234 0.4992961711711711 0.18961148648648649 0.4992961711711711 0.19137105855855854 0.49964808558558554 0.19664977477477477 0.49788851351351343 0.20016891891891891 0.49648085585585583 0.20403997747747746 0.49507319819819817 0.2075591216216216 0.49331362612612606 0.21143018018018017 0.4912021396396396 0.21459740990990991 0.4887387387387387 0.2170608108108108 0.4862753378378378 0.21917229729729729 0.48275619369369366 0.22093186936936934 0.4785332207207207 0.2219876126126126 0.4753659909909909 0.22233952702702703 0.4704391891891892 0.22233952702702703 0.4676238738738739 0.22128378378378377 0.46269707207207206 0.2174127252252252 0.4595298423423423 0.21459740990990991
1 0.5668637387387387 0.22585867117117117 0.5615850225225224 0.22128378378378377 0.5598254504504504 0.2195242117117117 0.5580658783783784 0.2174127252252252 0.5566582207207207 0.21459740990990991 0.5548986486486487 0.21143018018018017 0.5538429054054054 0.20861486486486486 0.5527871621621621 0.20544763513513511 0.5520833333333334 0.2022804054054054 0.5517314189189189 0.19911317567567569 0.5513795045045045 0.19594594594594594 0.5524352477477478 0.19242680180180177 0.5548986486486487 0.18961148648648649 0.557713963963964 0.1875 0.5601773648648648 0.18644425675675674 0.5619369369369369 0.18644425675675674 0.5644003378378378 0.18574042792792791 0.5668637387387387 0.18433277027027026 0.5689752252252251 0.18327702702702703 0.5728462837837838 0.18186936936936934 0.5753096846846847 0.18151745495495494 0.5784769144144144 0.18151745495495494 0.5805884009009008 0.18151745495495494 0.5834037162162161 0.18151745495495494 0.5865709459459459 0.18222128378378377 0.5890343468468467 0.18362894144144143 0.5911458333333334 0.18538851351351351 0.5932573198198198 0.18785191441441443 0.5960726351351351 0.1903153153153153 0.598536036036036 0.1927787162162162 0.6009994369369369 0.19629786036036034 0.6031109234234234 0.19946509009009009 0.6038147522522521 0.2022804054054054 0.6052224099099098 0.20544763513513511 0.6062781531531531 0.20861486486486486 0.6069819819819819 0.2117820945945946 0.6069819819819819 0.21459740990990991 0.6066300675675674 0.21846846846846846 0.6048704954954954 0.2216356981981982 0.6031109234234234 0.22409909909909909 0.6009994369369369 0.22621058558558557 0.5992398648648648 0.22867398648648649 0.5964245495495495 0.23113738738738737 0.5943130630630631 0.23254504504504503 0.5911458333333334 0.23324887387387386 0.5876266891891891 0.2339527027027027 0.5837556306306306 0.2339527027027027 0.5788288288288288 0.23254504504504503 0.5760135135135135 0.23148930180180177 0.572142454954955 0.2293778153153153
1 0.11148648648648647 0.1294341216216216 0.10726351351351351 0.12626689189189189 0.10409628378378377 0.1220439189189189 0.10268862612612611 0.11852477477477477 0.1023367117117117 0.11570945945945944 0.10198479729729729 0.11289414414414414 0.10163288288288287 0.11043074324324323 0.10163288288288287 0.1069115990990991 0.10304054054054053 0.10374436936936936 0.10515202702702701 0.10092905405405404 0.10761542792792793 0.09846565315315314 0.11078265765765764 0.09600225225225224 0.11394988738738739 0.09389076576576576 0.11817286036036036 0.09177927927927927 0.12169200450450449 0.09072353603603603 0.12521114864864863 0.08966779279279277 0.1294341216216216 0.08966779279279277 0.13330518018018017 0.08966779279279277 0.13647240990990991 0.08966779279279277 0.14069538288288286 0.08896396396396394 0.1435106981981982 0.08896396396396394 0.14632601351351351 0.08966779279279277 0.1484375 0.09072353603603603 0.15054898648648646 0.09213119369369369 0.15301238738738737 0.09424268018018017 0.15442004504504503 0.0974099099099099 0.15477195945945946 0.10128096846846847 0.15512387387387386 0.10550394144144143 0.15477195945945946 0.10902308558558557 0.15301238738738737 0.11078265765765764 0.1512528153153153 0.11394988738738739 0.14949324324324326 0.11641328828828827 0.1484375 0.11887668918918919 0.14562218468468469 0.12134009009009007 0.1435106981981982 0.12345157657657656 0.1413992117117117 0.12591497747747746 0.13963963963963963 0.12802646396396394 0.13612049549549549 0.12978603603603603 0.134009009009009 0.13048986486486486 0.1315456081081081 0.13048986486486486 0.12873029279279277 0.13048986486486486 0.12626689189189189 0.13048986486486486 0.12450731981981981 0.13048986486486486 0.12063626126126126 0.13048986486486486 0.11606137387387386 0.13048986486486486
1 0.07770270270270269 0.07383164414414414 0.07242398648648647 0.0706644144144144 0.06925675675675674 0.0678490990990991 0.0657376126126126 0.0632742117117117 0.06468186936936934 0.060106981981981965 0.06432995495495493 0.057291666666666644 0.06468186936936934 0.05447635135135133 0.0657376126126126 0.052364864864864843 0.06679335585585584 0.04990146396396395 0.06820101351351351 0.04743806306306304 0.06855292792792793 0.04497466216216214 0.06925675675675674 0.04215934684684683 0.07031249999999999 0.03864020270270268 0.07207207207207206 0.036880630630630615 0.07453547297297297 0.03547297297297295 0.0780546171171171 0.033713400900900886 0.08262950450450449 0.03089808558558557 0.08579673423423423 0.02984234234234233 0.08966779279279277 0.028434684684684672 0.09318693693693693 0.028082770270270254 0.09881756756756756 0.028082770270270254 0.10444819819819819 0.028434684684684672 0.1097269144144144 0.028786599099099083 0.11394988738738739 0.029138513513513497 0.11782094594594593 0.030194256756756743 0.12063626126126126 0.031249999999999986 0.12309966216216214 0.03230574324324323 0.12626689189189189 0.033713400900900886 0.12873029279279277 0.035121058558558536 0.13084177927927926 0.036176801801801786 0.13260135135135134 0.03793637387387385 0.13506475225225226 0.04004786036036034 0.13506475225225226 0.04004786036036034 0.13647240990990991 0.04286317567567566 0.13682432432432431 0.04743806306306304 0.13647240990990991 0.05306869369369368 0.13541666666666666 0.05799549549549547 0.1336570945945946 0.060810810810810786 0.13189752252252251 0.06257038288288287 0.1294341216216216 0.06468186936936934 0.12380349099099099 0.06890484234234233 0.12028434684684684 0.07031249999999999 0.11782094594594593 0.07101632882882881 0.11500563063063061 0.07207207207207206 0.1121903153153153 0.0731278153153153 0.11043074324324323 0.07383164414414414 0.10796734234234233 0.07453547297297297 0.10409628378378377 0.07594313063063061 0.10163288288288287 0.07629504504504503 0.09952139639639639 0.07699887387387386 0.09635416666666666 0.07735078828828827 0.09283502252252251 0.07735078828828827 0.08790822072072071 0.07735078828828827 0.08474099099099099 0.07699887387387386 0.08157376126126126 0.07594313063063061
1 0.20052083333333334 0.04532657657657656 0.19700168918918917 0.043567004504504486 0.19453828828828829 0.039344031531531515 0.19383445945945946 0.0365287162162162 0.19383445945945946 0.033713400900900886 0.19348254504504503 0.02984234234234233 0.19348254504504503 0.026323198198198183 0.19383445945945946 0.02350788288288287 0.19453828828828829 0.019988738738738725 0.19524211711711711 0.016821509009008993 0.19700168918918917 0.01330236486486485 0.19805743243243243 0.010838963963963949 0.19981700450450451 0.008023648648648633 0.201928490990991 0.004504504504504489 0.2095007183908046 0.0 0.262482040229885 0.0 0.26199494949494956 0.006944444444444444 0.2613636363636364 0.014520202020202018 0.26010101010101017 0.018308080808080808 0.2582070707070708 0.022095959595959596 0.2575757575757576 0.026515151515151512 0.25568181818181823 0.029040404040404037 0.25189393939393945 0.032196969696969696 0.2487373737373738 0.03535353535353535 0.24558080808080812 0.03914141414141414 0.24053030303030312 0.04229797979797979 0.2310606060606061 0.04671717171717171 0.22537878787878796 0.04734848484848485 0.22032828282828287 0.04734848484848485 0.21590909090909094 0.04734848484848485 0.21148989898989903 0.04734848484848485
1 0.40221088435374147 0.03061224489795918 0.407312925170068 0.034013605442176874 0.40901360544217685 0.036139455782312924 0.4115646258503401 0.03996598639455782 0.4119897959183673 0.042091836734693876 0.41284013605442177 0.04464285714285714 0.41369047619047616 0.04761904761904761 0.41369047619047616 0.050595238095238096 0.41369047619047616 0.05357142857142857 0.41369047619047616 0.05654761904761905 0.41326530612244894 0.05909863945578231 0.4115646258503401 0.06420068027210885 0.4102891156462585 0.06887755102040817 0.4094387755102041 0.07185374149659864 0.407312925170068 0.07440476190476189 0.40476190476190477 0.07525510204081633 0.40221088435374147 0.07653061224489795 0.39838435374149656 0.07738095238095237 0.39413265306122447 0.07865646258503402 0.391156462585034 0.07950680272108843 0.3886054421768707 0.07993197278911564 0.38562925170068024 0.0820578231292517 0.38350340136054417 0.08290816326530612 0.38137755102040816 0.08333333333333333 0.37755102040816324 0.08290816326530612 0.37542517006802717 0.08290816326530612 0.37329931972789115 0.0824829931972789 0.37074829931972786 0.0824829931972789 0.36819727891156456 0.0824829931972789 0.3652210884353741 0.08120748299319727 0.3613945578231292 0.07865646258503402 0.358843537414966 0.07695578231292517 0.35671768707482987 0.07525510204081633 0.35459183673469385 0.07355442176870747 0.3524659863945578 0.07270408163265304 0.35034013605442177 0.07142857142857142 0.3482142857142857 0.07015306122448979 0.344812925170068 0.06760204081632652 0.3435374149659864 0.06632653061224489 0.3414115646258503 0.06335034013605442 0.3401360544217687 0.06122448979591836 0.33971088435374147 0.057823129251700675 0.33928571428571425 0.05399659863945578 0.33928571428571425 0.0510204081632653 0.3414115646258503 0.04804421768707482 0.34268707482993194 0.04506802721088435 0.344812925170068 0.0429421768707483 0.3494897959183673 0.04081632653061224 0.35204081632653056 0.03954081632653061 0.3533163265306122 0.036989795918367346 0.35544217687074825 0.034438775510204085 0.3571428571428571 0.03188775510204082 0.35926870748299317 0.028911564625850338 0.36267006802721086 0.026360544217687073 0.36734693877551017 0.02423469387755102 0.3720238095238095 0.023384353741496597 0.375 0.023384353741496597 0.37967687074829926 0.022959183673469385 0.383078231292517 0.021258503401360544 0.3852040816326531 0.021258503401360544 0.3881802721088435 0.021258503401360544 0.3907312925170068 0.022534013605442174 0.39413265306122447 0.023809523809523805 0.3979591836734694 0.025085034013605442
1 0.558673469387755 0.1258503401360544 0.5531462585034014 0.12287414965986394 0.5514455782312925 0.11989795918367346 0.5501700680272108 0.1173469387755102 0.548469387755102 0.1135204081632653 0.5476190476190476 0.11054421768707481 0.546343537414966 0.10714285714285714 0.546343537414966 0.10374149659863945 0.5471938775510203 0.09948979591836735 0.5493197278911564 0.09566326530612244 0.5510204081632654 0.09311224489795918 0.5535714285714286 0.09098639455782312 0.5573979591836734 0.08801020408163264 0.5599489795918368 0.08673469387755102 0.5629251700680271 0.0863095238095238 0.5671768707482994 0.08545918367346937 0.5701530612244897 0.0858843537414966 0.5739795918367346 0.08715986394557822 0.5773809523809523 0.08843537414965986 0.5803571428571428 0.08928571428571427 0.5829081632653061 0.09056122448979592 0.5858843537414966 0.09226190476190475 0.5892857142857142 0.0939625850340136 0.5914115646258503 0.09523809523809522 0.5943877551020408 0.09863945578231292 0.5973639455782312 0.10161564625850339 0.5986394557823129 0.10374149659863945 0.5994897959183674 0.10756802721088435 0.5999149659863945 0.11054421768707481 0.5999149659863945 0.1135204081632653 0.5990646258503401 0.1173469387755102 0.5977891156462584 0.12074829931972789 0.5952380952380951 0.12329931972789114 0.5922619047619048 0.12499999999999999 0.5871598639455782 0.12627551020408162 0.5837585034013605 0.12670068027210885 0.5816326530612244 0.12755102040816327 0.578656462585034 0.13010204081632654 0.5769557823129251 0.13137755102040816 0.5735544217687074 0.13137755102040816 0.5676020408163265 0.13095238095238096 0.564625850340136 0.13010204081632654 0.5620748299319728 0.1284013605442177
1 0.6479591836734694 0.13903061224489793 0.6424319727891156 0.1373299319727891 0.6381802721088435 0.13392857142857142 0.6356292517006802 0.13095238095238096 0.6335034013605442 0.1284013605442177 0.6313775510204082 0.1258503401360544 0.6296768707482994 0.12202380952380952 0.6284013605442176 0.11777210884353741 0.6284013605442176 0.1135204081632653 0.6292517006802721 0.10841836734693877 0.6305272108843537 0.10374149659863945 0.6326530612244897 0.10076530612244897 0.6356292517006802 0.09863945578231292 0.6394557823129251 0.0977891156462585 0.6437074829931972 0.09736394557823129 0.6466836734693877 0.09693877551020408 0.6500850340136054 0.09693877551020408 0.6539115646258503 0.09651360544217687 0.6581632653061223 0.09651360544217687 0.6628401360544217 0.09651360544217687 0.665391156462585 0.09651360544217687 0.6683673469387755 0.09821428571428571 0.671343537414966 0.10076530612244897 0.6738945578231291 0.10289115646258502 0.675595238095238 0.10544217687074829 0.6772959183673469 0.10841836734693877 0.6781462585034014 0.11181972789115645 0.6789965986394557 0.11394557823129252 0.6794217687074829 0.11819727891156462 0.6794217687074829 0.12244897959183672 0.6789965986394557 0.1258503401360544 0.6777210884353742 0.1288265306122449 0.6760204081632654 0.13052721088435373 0.6743197278911564 0.13265306122448978 0.6717687074829931 0.13477891156462585 0.6692176870748299 0.1369047619047619 0.665391156462585 0.14030612244897958 0.6619897959183674 0.1415816326530612 0.659438775510204 0.14200680272108843 0.6577380952380951 0.14328231292517005 0.6547619047619048 0.14370748299319727 0.6526360544217688 0.14243197278911565
1 0.7104591836734694 0.2070578231292517 0.7062074829931971 0.20280612244897958 0.7045068027210883 0.20068027210884354 0.7002551020408163 0.19812925170068024 0.6960034013605442 0.19430272108843535 0.695578231292517 0.1913265306122449 0.6960034013605442 0.1883503401360544 0.6964285714285714 0.18622448979591835 0.6964285714285714 0.1832482993197279 0.6964285714285714 0.179421768707483 0.6964285714285714 0.17602040816326528 0.6964285714285714 0.17389455782312924 0.695578231292517 0.1717687074829932 0.695578231292517 0.16921768707482993 0.695578231292517 0.16581632653061223 0.6960034013605442 0.16241496598639454 0.6968537414965986 0.15943877551020408 0.6981292517006802 0.1568877551020408 0.7002551020408163 0.1530612244897959 0.7023809523809523 0.14965986394557823 0.7045068027210883 0.14625850340136054 0.7066326530612244 0.1449829931972789 0.7104591836734694 0.1441326530612245 0.713860544217687 0.1441326530612245 0.7172619047619048 0.1441326530612245 0.7206632653061223 0.1441326530612245 0.7227891156462584 0.1449829931972789 0.7266156462585034 0.1475340136054422 0.7287414965986394 0.14965986394557823 0.7312925170068028 0.15178571428571427 0.733843537414966 0.15433673469387754 0.735969387755102 0.15731292517006804 0.7389455782312925 0.16198979591836735 0.7410714285714285 0.16581632653061223 0.7431972789115645 0.17006802721088435 0.7448979591836734 0.17431972789115643 0.746173469387755 0.17772108843537412 0.7470238095238095 0.18154761904761904 0.7474489795918368 0.18537414965986393 0.7474489795918368 0.1883503401360544 0.7465986394557823 0.19175170068027209 0.7453231292517006 0.19685374149659862 0.7431972789115645 0.20578231292517005 0.7393707482993197 0.20960884353741494 0.7363945578231291 0.21088435374149658 0.7334183673469388 0.21301020408163263 0.7312925170068028 0.21343537414965985 0.7291666666666666 0.21428571428571427 0.7257653061224489 0.21471088435374147 0.7202380952380951 0.21386054421768705 0.7164115646258503 0.21215986394557823
1 0.6105442176870748 0.052295918367346934 0.6041666666666666 0.04761904761904761 0.6016156462585034 0.04506802721088435 0.5994897959183674 0.04336734693877551 0.596938775510204 0.04081632653061224 0.5952380952380951 0.038265306122448974 0.5935374149659863 0.0352891156462585 0.5922619047619048 0.03103741496598639 0.5914115646258503 0.026785714285714284 0.5909863945578231 0.021683673469387755 0.5901360544217688 0.016156462585034014 0.5901360544217688 0.011479591836734693 0.5918367346938775 0.005952380952380951 0.5965337643678161 0.0 0.6360452586206897 0.0 0.6420068027210883 0.00510204081632653 0.6428571428571428 0.007653061224489795 0.6437074829931972 0.01020408163265306 0.6441326530612244 0.013605442176870746 0.6445578231292516 0.016581632653061222 0.6449829931972789 0.019557823129251698 0.6454081632653061 0.022959183673469385 0.6458333333333334 0.026785714285714284 0.6458333333333334 0.02933673469387755 0.6458333333333334 0.0314625850340136 0.6458333333333334 0.03486394557823129 0.6449829931972789 0.036564625850340135 0.6428571428571428 0.03996598639455782 0.641156462585034 0.04251700680272109 0.6381802721088435 0.04591836734693877 0.6356292517006802 0.04974489795918367 0.6339285714285714 0.05187074829931972 0.6305272108843537 0.054421768707482984 0.6279761904761904 0.05569727891156462 0.6232993197278911 0.05654761904761905 0.6177721088435374 0.05654761904761905
1 0.7371527777777778 0.0625 0.732638888888889 0.057291666666666664 0.73125 0.05416666666666667 0.7291666666666666 0.05173611111111111 0.728125 0.05 0.7270833333333333 0.04791666666666667 0.7260416666666667 0.04513888888888889 0.725 0.04131944444444444 0.7246527777777777 0.03715277777777778 0.7246527777777777 0.034375 0.7260416666666667 0.03263888888888889 0.7270833333333333 0.030555555555555555 0.7274305555555556 0.028125 0.7274305555555556 0.025 0.7288194444444444 0.021180555555555553 0.7302083333333333 0.01875 0.73125 0.016319444444444445 0.732638888888889 0.013541666666666667 0.7340277777777777 0.010763888888888889 0.7357638888888889 0.007986111111111112 0.7371527777777778 0.005555555555555555 0.7392361111111111 0.004166666666666667 0.742361111111111 0.0027777777777777775 0.7454861111111111 0.0017361111111111112 0.7489583333333333 0.0013888888888888887 0.753125 0.0013888888888888887 0.757638888888889 0.0027777777777777775 0.7614583333333333 0.004166666666666667 0.7649305555555556 0.005208333333333333 0.7680555555555556 0.006597222222222222 0.7701388888888889 0.008680555555555556 0.7729166666666667 0.011458333333333333 0.7753472222222223 0.014930555555555556 0.7767361111111111 0.018055555555555554 0.7784722222222222 0.02222222222222222 0.7791666666666667 0.025694444444444447 0.7798611111111111 0.029166666666666667 0.7809027777777777 0.03263888888888889 0.7809027777777777 0.035416666666666666 0.7805555555555556 0.03888888888888889 0.779513888888889 0.041666666666666664 0.7784722222222222 0.04444444444444444 0.7767361111111111 0.04826388888888889 0.7760416666666666 0.050347222222222224 0.7746527777777777 0.053125 0.7729166666666667 0.05694444444444444 0.771875 0.058680555555555555 0.7697916666666667 0.06111111111111111 0.7680555555555556 0.06319444444444444 0.7659722222222223 0.06493055555555556 0.7628472222222222 0.06631944444444444 0.7597222222222223 0.06840277777777778 0.7569444444444444 0.06944444444444445 0.7538194444444444 0.07013888888888889 0.75 0.07048611111111111 0.7454861111111111 0.06909722222222221 0.7416666666666667 0.06736111111111112 0.7395833333333334 0.06527777777777778
1 0.8979166666666667 0.06875 0.8930555555555556 0.06145833333333333 0.8920138888888889 0.059027777777777776 0.890625 0.05659722222222222 0.8895833333333333 0.05381944444444444 0.8881944444444444 0.050694444444444445 0.8868055555555556 0.04722222222222223 0.8857638888888889 0.044097222222222225 0.8850694444444444 0.040625 0.8847222222222223 0.03715277777777778 0.884375 0.034027777777777775 0.884375 0.03090277777777778 0.8850694444444444 0.02777777777777778 0.8857638888888889 0.02465277777777778 0.8864583333333333 0.02222222222222222 0.8878472222222222 0.019444444444444445 0.8892361111111111 0.017013888888888887 0.890625 0.013541666666666667 0.8916666666666667 0.01111111111111111 0.8934027777777778 0.008680555555555556 0.8958333333333334 0.006597222222222222 0.8979166666666667 0.0059027777777777785 0.8996527777777777 0.005555555555555555 0.9034722222222222 0.005555555555555555 0.9072916666666667 0.0045138888888888885 0.9090277777777778 0.0038194444444444443 0.9107638888888889 0.0038194444444444443 0.9152777777777777 0.004861111111111111 0.9177083333333333 0.006944444444444445 0.9197916666666667 0.009027777777777777 0.9215277777777777 0.011805555555555557 0.921875 0.01423611111111111 0.9229166666666667 0.017013888888888887 0.925 0.020138888888888887 0.9263888888888889 0.02222222222222222 0.9277777777777777 0.024305555555555556 0.929513888888889 0.02638888888888889 0.9305555555555556 0.02847222222222222 0.93125 0.03090277777777778 0.9322916666666666 0.03298611111111111 0.9329861111111111 0.036458333333333336 0.9336805555555556 0.03958333333333333 0.9340277777777778 0.043055555555555555 0.9340277777777778 0.04548611111111111 0.9326388888888889 0.04756944444444444 0.9326388888888889 0.05 0.9329861111111111 0.05347222222222223 0.9333333333333333 0.05625 0.9333333333333333 0.059027777777777776 0.9326388888888889 0.06180555555555556 0.9319444444444444 0.0638888888888889 0.9309027777777777 0.06666666666666667 0.929513888888889 0.06979166666666667 0.9277777777777777 0.07222222222222222 0.9260416666666667 0.07395833333333333 0.923611111111111 0.07569444444444445 0.9211805555555556 0.07708333333333334 0.9194444444444444 0.07777777777777778 0.9173611111111111 0.07847222222222222 0.913888888888889 0.07881944444444446 0.9107638888888889 0.078125 0.9059027777777777 0.07638888888888888 0.9024305555555556 0.07430555555555556
1 0.8177083333333334 0.10520833333333333 0.8138888888888889 0.09861111111111112 0.8121527777777777 0.09513888888888888 0.810763888888889 0.09201388888888888 0.8100694444444444 0.08784722222222222 0.8097222222222222 0.08368055555555555 0.809375 0.08055555555555555 0.8100694444444444 0.07743055555555554 0.8118055555555556 0.07465277777777778 0.8138888888888889 0.07118055555555555 0.8163194444444444 0.06909722222222221 0.8194444444444444 0.06666666666666667 0.8225694444444444 0.06458333333333334 0.8256944444444444 0.06284722222222222 0.8295138888888889 0.0625 0.8329861111111111 0.0625 0.8368055555555556 0.0638888888888889 0.8402777777777778 0.065625 0.8434027777777777 0.06875 0.8458333333333333 0.07118055555555555 0.8482638888888889 0.07430555555555556 0.8510416666666667 0.07708333333333334 0.8538194444444444 0.08055555555555555 0.85625 0.08472222222222221 0.8579861111111111 0.08854166666666667 0.8597222222222223 0.09236111111111112 0.861111111111111 0.09618055555555555 0.8614583333333333 0.09930555555555555 0.859375 0.10694444444444445 0.8579861111111111 0.10833333333333334 0.8555555555555556 0.11076388888888888 0.8534722222222223 0.11319444444444444 0.8503472222222223 0.115625 0.8482638888888889 0.11701388888888889 0.8451388888888889 0.11875 0.842013888888889 0.11909722222222222 0.8381944444444444 0.11909722222222222 0.8340277777777777 0.11840277777777779 0.8309027777777778 0.11666666666666667 0.8277777777777777 0.11493055555555555 0.8253472222222222 0.11284722222222222 0.8225694444444444 0.11041666666666666
1 0.8947916666666667 0.20208333333333334 0.8895833333333333 0.19583333333333333 0.8885416666666667 0.19305555555555556 0.8868055555555556 0.19027777777777777 0.8857638888888889 0.1888888888888889 0.8850694444444444 0.18715277777777778 0.884375 0.18472222222222223 0.8836805555555556 0.1826388888888889 0.882986111111111 0.18020833333333333 0.882638888888889 0.17847222222222223 0.8822916666666667 0.1763888888888889 0.8819444444444444 0.17395833333333333 0.8819444444444444 0.17152777777777778 0.8819444444444444 0.16944444444444443 0.882638888888889 0.1670138888888889 0.8840277777777777 0.1642361111111111 0.8850694444444444 0.16145833333333334 0.8864583333333333 0.15902777777777777 0.888888888888889 0.15694444444444444 0.8909722222222223 0.1548611111111111 0.8934027777777778 0.153125 0.8961805555555556 0.15208333333333332 0.8993055555555556 0.1517361111111111 0.9038194444444444 0.15208333333333332 0.90625 0.15277777777777776 0.9097222222222222 0.15416666666666667 0.9128472222222223 0.15555555555555556 0.9152777777777777 0.15694444444444444 0.9177083333333333 0.15902777777777777 0.920138888888889 0.1607638888888889 0.921875 0.16284722222222223 0.9232638888888889 0.16493055555555555 0.9246527777777778 0.1670138888888889 0.9256944444444444 0.1701388888888889 0.9263888888888889 0.17291666666666666 0.9267361111111111 0.1763888888888889 0.9270833333333334 0.17881944444444445 0.9274305555555556 0.18194444444444444 0.9274305555555556 0.18402777777777776 0.9277777777777777 0.18715277777777778 0.9277777777777777 0.18993055555555557 0.9270833333333334 0.19270833333333334 0.9253472222222222 0.1951388888888889 0.9225694444444444 0.1982638888888889 0.9194444444444444 0.20069444444444443 0.9177083333333333 0.20243055555555556 0.9149305555555556 0.20381944444444444 0.9121527777777777 0.20555555555555557 0.9097222222222222 0.20694444444444443 0.9065972222222223 0.2076388888888889 0.904513888888889 0.2076388888888889 0.9010416666666666 0.20694444444444443 0.8975694444444444 0.20520833333333333
1 0.7868055555555556 0.24583333333333332 0.7854166666666667 0.2392361111111111 0.7850694444444444 0.2357638888888889 0.7854166666666667 0.2326388888888889 0.7864583333333334 0.2295138888888889 0.7885416666666667 0.2267361111111111 0.790625 0.22395833333333334 0.7927083333333333 0.22222222222222224 0.795138888888889 0.2204861111111111 0.798611111111111 0.21909722222222222 0.8010416666666667 0.21840277777777778 0.8038194444444444 0.21840277777777778 0.8076388888888889 0.21840277777777778 0.810763888888889 0.21909722222222222 0.8131944444444444 0.2201388888888889 0.8163194444444444 0.22118055555555557 0.820138888888889 0.22291666666666668 0.8229166666666666 0.22465277777777776 0.8253472222222222 0.22708333333333333 0.8270833333333333 0.2298611111111111 0.8295138888888889 0.2329861111111111 0.8315972222222222 0.2357638888888889 0.8333333333333334 0.23819444444444443 0.8350694444444444 0.24097222222222223 0.8368055555555556 0.24409722222222224 0.8375 0.24722222222222223 0.8375 0.25 0.8375 0.2520833333333333 0.8368055555555556 0.2576388888888889 0.835763888888889 0.2607638888888889 0.8336805555555556 0.2635416666666667 0.83125 0.2659722222222222 0.828125 0.26875 0.8260416666666667 0.2701388888888889 0.8232638888888889 0.27118055555555554 0.8197916666666667 0.271875 0.8163194444444444 0.2722222222222222 0.8135416666666667 0.271875 0.8111111111111111 0.2708333333333333 0.8086805555555556 0.2690972222222222 0.8055555555555556 0.2670138888888889 0.803125 0.26493055555555556 0.8003472222222222 0.2625 0.7972222222222223 0.25972222222222224 0.795138888888889 0.2576388888888889 0.7930555555555556 0.2555555555555556 0.7913194444444444 0.25381944444444443 0.789236111111111 0.2513888888888889
1 0.7479166666666667 0.3236111111111111 0.7444444444444444 0.3190972222222222 0.74375 0.31736111111111115 0.742361111111111 0.3152777777777778 0.7416666666666667 0.31354166666666666 0.7409722222222223 0.3107638888888889 0.7409722222222223 0.3079861111111111 0.740625 0.30520833333333336 0.740625 0.3020833333333333 0.7409722222222223 0.2989583333333333 0.7416666666666667 0.29583333333333334 0.7430555555555556 0.2930555555555555 0.7444444444444444 0.28958333333333336 0.7461805555555556 0.2864583333333333 0.7479166666666667 0.2833333333333333 0.7506944444444444 0.2798611111111111 0.7541666666666667 0.27638888888888885 0.7569444444444444 0.2743055555555555 0.7604166666666666 0.2722222222222222 0.7649305555555556 0.27048611111111115 0.7690972222222222 0.26979166666666665 0.7729166666666667 0.26979166666666665 0.7770833333333333 0.27118055555555554 0.7798611111111111 0.27291666666666664 0.782986111111111 0.2753472222222222 0.7864583333333334 0.2777777777777778 0.7895833333333333 0.28020833333333334 0.7920138888888889 0.28229166666666666 0.79375 0.2847222222222222 0.7944444444444444 0.2878472222222222 0.7944444444444444 0.2899305555555555 0.7944444444444444 0.2930555555555555 0.7944444444444444 0.3003472222222222 0.7920138888888889 0.3097222222222222 0.7902777777777777 0.3128472222222222 0.7885416666666667 0.3163194444444445 0.7868055555555556 0.3190972222222222 0.784375 0.32326388888888885 0.7826388888888889 0.32569444444444445 0.7809027777777777 0.3277777777777778 0.7784722222222222 0.3298611111111111 0.7756944444444444 0.33229166666666665 0.773263888888889 0.3333333333333333 0.7690972222222222 0.3340277777777778 0.7663194444444444 0.334375 0.7621527777777778 0.33298611111111115 0.7590277777777777 0.3319444444444445 0.7552083333333334 0.3302083333333333 0.7524305555555556 0.32881944444444444
1 0.6440972222222222 0.2833333333333333 0.6402777777777777 0.2791666666666667 0.6385416666666667 0.27708333333333335 0.6371527777777778 0.275 0.6354166666666666 0.271875 0.6336805555555556 0.26875 0.632638888888889 0.2659722222222222 0.6319444444444444 0.2625 0.6315972222222223 0.25902777777777775 0.6315972222222223 0.2552083333333333 0.6315972222222223 0.2513888888888889 0.6322916666666667 0.24895833333333334 0.6336805555555556 0.24652777777777776 0.6350694444444444 0.24270833333333333 0.6361111111111111 0.23958333333333334 0.6375 0.23680555555555557 0.6395833333333333 0.23333333333333334 0.6420138888888889 0.23020833333333332 0.6451388888888889 0.22743055555555555 0.648263888888889 0.22534722222222223 0.6513888888888889 0.22395833333333334 0.6548611111111111 0.2232638888888889 0.659375 0.22291666666666668 0.6628472222222223 0.22291666666666668 0.6659722222222223 0.2236111111111111 0.6697916666666667 0.22604166666666667 0.6722222222222223 0.22777777777777777 0.6753472222222222 0.23055555555555557 0.6777777777777777 0.23402777777777778 0.6791666666666667 0.23680555555555557 0.6805555555555556 0.240625 0.6809027777777777 0.24409722222222224 0.68125 0.24756944444444443 0.6815972222222223 0.25104166666666666 0.6819444444444444 0.2548611111111111 0.6819444444444444 0.25902777777777775 0.6819444444444444 0.26284722222222223 0.6802083333333333 0.2652777777777778 0.678125 0.2670138888888889 0.6767361111111111 0.2690972222222222 0.6753472222222222 0.271875 0.673611111111111 0.2753472222222222 0.671875 0.278125 0.670138888888889 0.2798611111111111 0.6670138888888889 0.2809027777777778 0.6645833333333333 0.2826388888888889 0.6621527777777777 0.2840277777777778 0.6600694444444444 0.284375 0.6569444444444444 0.2847222222222222 0.6541666666666667 0.2847222222222222 0.6524305555555556 0.2847222222222222
1 0.6777777777777777 0.49236111111111114 0.6739583333333333 0.4902777777777778 0.671875 0.48923611111111115 0.66875 0.4875 0.6652777777777777 0.48541666666666666 0.6628472222222223 0.4829861111111111 0.6611111111111111 0.4805555555555555 0.659375 0.47604166666666664 0.6572916666666667 0.4722222222222222 0.6559027777777777 0.4690972222222222 0.654513888888889 0.465625 0.6538194444444444 0.4628472222222222 0.6534722222222222 0.45868055555555554 0.6534722222222222 0.4548611111111111 0.654513888888889 0.4510416666666667 0.6559027777777777 0.446875 0.6572916666666667 0.44375 0.659375 0.43993055555555555 0.6618055555555556 0.4375 0.6649305555555556 0.4361111111111111 0.6690972222222222 0.43506944444444445 0.6739583333333333 0.434375 0.6777777777777777 0.434375 0.6829861111111111 0.4347222222222222 0.685763888888889 0.4361111111111111 0.6885416666666667 0.43680555555555556 0.6920138888888889 0.4375 0.6947916666666667 0.4395833333333333 0.696875 0.4420138888888889 0.6993055555555556 0.44479166666666664 0.701388888888889 0.446875 0.7034722222222223 0.45 0.7052083333333333 0.4527777777777778 0.7065972222222222 0.45625 0.7079861111111111 0.4597222222222222 0.7079861111111111 0.46319444444444446 0.7083333333333334 0.4673611111111111 0.7086805555555556 0.4715277777777778 0.7079861111111111 0.4753472222222222 0.7072916666666667 0.4777777777777778 0.7065972222222222 0.47951388888888885 0.7052083333333333 0.48125 0.703125 0.48333333333333334 0.7017361111111111 0.48541666666666666 0.6996527777777778 0.4878472222222222 0.6975694444444444 0.48993055555555554 0.6958333333333333 0.4909722222222222 0.6923611111111111 0.49270833333333336 0.689236111111111 0.49375 0.685763888888889 0.4940972222222222
1 0.726736111111111 0.4270833333333333 0.725 0.4222222222222222 0.7239583333333334 0.4197916666666667 0.7232638888888889 0.41770833333333335 0.7222222222222222 0.41423611111111114 0.721875 0.41111111111111115 0.7215277777777778 0.4079861111111111 0.7215277777777778 0.40520833333333334 0.7222222222222222 0.40138888888888885 0.7239583333333334 0.39826388888888886 0.726736111111111 0.396875 0.7302083333333333 0.39479166666666665 0.7340277777777777 0.3927083333333333 0.7371527777777778 0.3909722222222222 0.740625 0.38993055555555556 0.74375 0.38958333333333334 0.7479166666666667 0.38958333333333334 0.751736111111111 0.38958333333333334 0.7552083333333334 0.38958333333333334 0.7586805555555556 0.38993055555555556 0.7618055555555556 0.39131944444444444 0.7659722222222223 0.3923611111111111 0.7690972222222222 0.39375 0.7729166666666667 0.39548611111111115 0.7763888888888889 0.39791666666666664 0.7791666666666667 0.4 0.7822916666666667 0.4027777777777778 0.7854166666666667 0.40625 0.7875 0.4090277777777778 0.7895833333333333 0.4121527777777778 0.7913194444444444 0.415625 0.7927083333333333 0.41875 0.79375 0.4239583333333333 0.7934027777777778 0.42743055555555554 0.7927083333333333 0.4305555555555555 0.7913194444444444 0.434375 0.7899305555555556 0.4375 0.7885416666666667 0.4402777777777778 0.7850694444444444 0.44375 0.7809027777777777 0.44548611111111114 0.7774305555555556 0.4465277777777778 0.7753472222222223 0.44756944444444446 0.7729166666666667 0.44895833333333335 0.7701388888888889 0.4503472222222222 0.7677083333333333 0.45069444444444445 0.7631944444444444 0.4510416666666667 0.7614583333333333 0.45069444444444445 0.759375 0.4493055555555555 0.7572916666666667 0.4486111111111111 0.7548611111111111 0.4479166666666667 0.7527777777777778 0.4472222222222222 0.7503472222222223 0.4461805555555555 0.7486111111111111 0.44548611111111114 0.746875 0.44479166666666664 0.7451388888888889 0.4434027777777778 0.7427083333333333 0.44236111111111115 0.7409722222222223 0.44166666666666665 0.7388888888888889 0.4402777777777778 0.7368055555555556 0.4388888888888889 0.7347222222222223 0.4371527777777778 0.732638888888889 0.43506944444444445 0.7305555555555556 0.4329861111111111
1 0.7520833333333333 0.5739583333333333 0.7496527777777777 0.5694444444444444 0.7489583333333333 0.5670138888888889 0.7479166666666667 0.5652777777777778 0.7461805555555556 0.5628472222222223 0.7454861111111111 0.560763888888889 0.7451388888888889 0.5569444444444444 0.7454861111111111 0.5534722222222223 0.746875 0.5503472222222222 0.748263888888889 0.548611111111111 0.7503472222222223 0.5461805555555556 0.7524305555555556 0.54375 0.7545138888888889 0.5416666666666666 0.75625 0.538888888888889 0.7583333333333333 0.5361111111111111 0.7607638888888889 0.5340277777777778 0.7631944444444444 0.5315972222222222 0.765625 0.5302083333333333 0.76875 0.528125 0.7729166666666667 0.5256944444444445 0.7756944444444444 0.5246527777777777 0.7788194444444444 0.5236111111111111 0.7833333333333333 0.5225694444444444 0.7881944444444444 0.5211805555555555 0.7913194444444444 0.5204861111111111 0.795138888888889 0.5197916666666667 0.7982638888888889 0.5194444444444445 0.8013888888888889 0.5194444444444445 0.804513888888889 0.5194444444444445 0.8079861111111111 0.5201388888888888 0.810763888888889 0.5211805555555555 0.8138888888888889 0.5225694444444444 0.8166666666666667 0.5239583333333333 0.8194444444444444 0.5253472222222222 0.821875 0.5270833333333333 0.8236111111111111 0.5288194444444445 0.8253472222222222 0.5309027777777778 0.8277777777777777 0.5347222222222222 0.8291666666666667 0.5375 0.8305555555555556 0.5413194444444444 0.83125 0.5461805555555556 0.83125 0.5503472222222222 0.83125 0.5541666666666667 0.8302083333333333 0.5572916666666666 0.8288194444444444 0.5597222222222222 0.8270833333333333 0.5635416666666667 0.8211805555555556 0.5697916666666667 0.8145833333333333 0.575 0.8121527777777777 0.5770833333333333 0.8076388888888889 0.5795138888888889 0.803125 0.5815972222222222 0.8003472222222222 0.5829861111111111 0.7975694444444444 0.584375 0.795138888888889 0.5850694444444444 0.7916666666666666 0.586111111111111 0.789236111111111 0.5868055555555556 0.7864583333333334 0.5871527777777777 0.7836805555555556 0.5875 0.78125 0.5875 0.7784722222222222 0.5875 0.7760416666666666 0.5875 0.773263888888889 0.5868055555555556 0.7711805555555556 0.586111111111111 0.7694444444444444 0.5854166666666667 0.7677083333333333 0.5847222222222223 0.7663194444444444 0.5840277777777777 0.763888888888889 0.5826388888888889 0.7614583333333333 0.58125 0.757638888888889 0.5791666666666667 0.7548611111111111 0.5770833333333333
1 0.814236111111111 0.7486111111111111 0.8125 0.7440972222222223 0.8121527777777777 0.740625 0.8121527777777777 0.7371527777777778 0.8121527777777777 0.734375 0.8131944444444444 0.73125 0.8149305555555556 0.7284722222222223 0.8166666666666667 0.7256944444444444 0.8180555555555556 0.7232638888888889 0.820138888888889 0.7208333333333333 0.8236111111111111 0.7180555555555556 0.8253472222222222 0.7166666666666667 0.8277777777777777 0.715625 0.8309027777777778 0.7142361111111111 0.8350694444444444 0.7128472222222223 0.8395833333333333 0.7114583333333333 0.8434027777777777 0.7104166666666667 0.8475694444444444 0.7100694444444444 0.8506944444444444 0.7100694444444444 0.8541666666666666 0.7104166666666667 0.857638888888889 0.7114583333333333 0.8614583333333333 0.7121527777777777 0.8642361111111111 0.7125 0.8680555555555556 0.7138888888888889 0.8715277777777778 0.7152777777777778 0.8743055555555556 0.7166666666666667 0.8770833333333333 0.7190972222222223 0.8788194444444444 0.721875 0.8802083333333334 0.725 0.88125 0.7277777777777777 0.8822916666666667 0.7298611111111111 0.8833333333333333 0.7329861111111111 0.8836805555555556 0.7368055555555556 0.8836805555555556 0.7392361111111111 0.882638888888889 0.7413194444444444 0.8802083333333334 0.7447916666666666 0.8777777777777778 0.748263888888889 0.8760416666666667 0.7506944444444444 0.8739583333333333 0.753125 0.8711805555555556 0.7552083333333334 0.86875 0.75625 0.865625 0.7572916666666667 0.8635416666666667 0.7583333333333333 0.859375 0.7600694444444444 0.8565972222222222 0.7611111111111111 0.8545138888888889 0.7614583333333333 0.8496527777777777 0.7614583333333333 0.8458333333333333 0.7614583333333333 0.8409722222222222 0.7614583333333333 0.8375 0.7614583333333333 0.8350694444444444 0.7614583333333333 0.8329861111111111 0.7618055555555556 0.8302083333333333 0.7621527777777778 0.8267361111111111 0.7618055555555556 0.8236111111111111 0.7604166666666666 0.8211805555555556 0.7583333333333333 0.8194444444444444 0.75625 0.8177083333333334 0.7534722222222222
1 0.976388888888889 0.7305555555555556 0.9722222222222222 0.7243055555555556 0.9711805555555556 0.7225694444444444 0.9701388888888889 0.720486111111111 0.9690972222222223 0.7180555555555556 0.9677083333333333 0.7152777777777778 0.9666666666666667 0.7125 0.965625 0.7100694444444444 0.9652777777777778 0.7072916666666667 0.9652777777777778 0.703125 0.965625 0.7 0.9659722222222222 0.6972222222222223 0.9666666666666667 0.6940972222222223 0.9680555555555556 0.6913194444444444 0.9694444444444444 0.6875 0.970486111111111 0.6850694444444444 0.971875 0.6826388888888889 0.975 0.679513888888889 0.978125 0.6774305555555556 0.9805555555555556 0.6767361111111111 0.9836805555555556 0.6760416666666667 0.9864583333333333 0.6763888888888889 0.9902777777777777 0.6770833333333334 0.9930555555555556 0.678125 0.9954861111111111 0.679513888888889 0.998263888888889 0.6809027777777777 0.9989583333333333 0.6815972222222222 0.9989583333333333 0.7350694444444444 0.996875 0.7364583333333333 0.9951388888888889 0.7364583333333333 0.9934027777777777 0.7368055555555556 0.9909722222222223 0.7368055555555556 0.9881944444444444 0.7368055555555556 0.9864583333333333 0.736111111111111 0.984375 0.7354166666666667 0.9822916666666667 0.7340277777777777
1 0.7381944444444444 0.8479166666666667 0.7378472222222222 0.8427083333333333 0.7378472222222222 0.8399305555555556 0.7378472222222222 0.8371527777777777 0.7378472222222222 0.8350694444444444 0.7381944444444444 0.8322916666666667 0.7395833333333334 0.8302083333333333 0.7416666666666667 0.8274305555555556 0.7434027777777777 0.825 0.7454861111111111 0.8225694444444444 0.748263888888889 0.820138888888889 0.7513888888888889 0.8180555555555556 0.7555555555555556 0.8159722222222222 0.757986111111111 0.8152777777777778 0.7611111111111111 0.8149305555555556 0.7645833333333333 0.8149305555555556 0.767361111111111 0.8149305555555556 0.7684027777777778 0.8149305555555556 0.771875 0.8152777777777778 0.7746527777777777 0.8152777777777778 0.778125 0.8159722222222222 0.7822916666666667 0.8166666666666667 0.7861111111111111 0.8180555555555556 0.7895833333333333 0.8197916666666667 0.7920138888888889 0.8208333333333333 0.7947916666666667 0.8225694444444444 0.796875 0.8253472222222222 0.7979166666666667 0.8284722222222223 0.7982638888888889 0.83125 0.7982638888888889 0.8347222222222223 0.7979166666666667 0.8371527777777777 0.796875 0.8399305555555556 0.7954861111111111 0.8430555555555556 0.7944444444444444 0.845486111111111 0.7927083333333333 0.8486111111111111 0.7909722222222223 0.851388888888889 0.789236111111111 0.8534722222222223 0.7875 0.8545138888888889 0.784375 0.8569444444444444 0.7822916666666667 0.8583333333333333 0.7802083333333333 0.8597222222222223 0.7770833333333333 0.8614583333333333 0.7739583333333333 0.8614583333333333 0.7711805555555556 0.8614583333333333 0.7670138888888889 0.8621527777777778 0.7649305555555556 0.8625 0.7614583333333333 0.8631944444444444 0.7565972222222223 0.8631944444444444 0.7527777777777778 0.8631944444444444 0.7493055555555556 0.8631944444444444 0.7461805555555556 0.8621527777777778 0.7444444444444444 0.861111111111111 0.742361111111111 0.859375 0.740625 0.857638888888889 0.7388888888888889 0.8548611111111111 0.7378472222222222 0.8524305555555556
1 0.815625 0.9048611111111111 0.8138888888888889 0.8996527777777777 0.8135416666666667 0.8965277777777777 0.8135416666666667 0.8934027777777778 0.8135416666666667 0.890625 0.8138888888888889 0.8878472222222222 0.815625 0.8847222222222223 0.8170138888888889 0.8819444444444444 0.8180555555555556 0.8795138888888889 0.8194444444444444 0.8774305555555556 0.8215277777777777 0.8746527777777777 0.8229166666666666 0.871875 0.825 0.8690972222222223 0.8267361111111111 0.8663194444444444 0.8295138888888889 0.8631944444444444 0.83125 0.8614583333333333 0.8336805555555556 0.8590277777777777 0.8368055555555556 0.8565972222222222 0.8402777777777778 0.8545138888888889 0.8440972222222223 0.8527777777777777 0.846875 0.851736111111111 0.8510416666666667 0.8510416666666667 0.8555555555555556 0.8503472222222223 0.8583333333333333 0.85 0.8625 0.8503472222222223 0.8659722222222223 0.851388888888889 0.86875 0.8524305555555556 0.8711805555555556 0.8538194444444444 0.8739583333333333 0.8555555555555556 0.876736111111111 0.857638888888889 0.8788194444444444 0.8600694444444444 0.8805555555555556 0.8618055555555556 0.882638888888889 0.8638888888888889 0.8833333333333333 0.8663194444444444 0.8840277777777777 0.8694444444444444 0.8840277777777777 0.871875 0.8840277777777777 0.875 0.882638888888889 0.8777777777777778 0.8815972222222223 0.8798611111111111 0.8809027777777777 0.8822916666666667 0.8788194444444444 0.8861111111111111 0.8774305555555556 0.8892361111111111 0.8760416666666667 0.8916666666666667 0.8739583333333333 0.8944444444444444 0.871875 0.898263888888889 0.86875 0.9017361111111111 0.8652777777777777 0.9041666666666667 0.8631944444444444 0.9059027777777777 0.8597222222222223 0.907986111111111 0.8541666666666666 0.9107638888888889 0.8510416666666667 0.9121527777777777 0.8458333333333333 0.9145833333333333 0.842013888888889 0.915625 0.8392361111111111 0.9166666666666666 0.8375 0.9170138888888889 0.834375 0.9170138888888889 0.8305555555555556 0.915625 0.826388888888889 0.913888888888889 0.8232638888888889 0.9121527777777777 0.8211805555555556 0.9107638888888889 0.81875 0.909375
1 0.7760416666666666 0.9975694444444444 0.7753472222222223 0.9944444444444444 0.7753472222222223 0.992361111111111 0.7753472222222223 0.9895833333333334 0.7746527777777777 0.9875 0.7743055555555556 0.9854166666666667 0.7739583333333333 0.9829861111111111 0.7739583333333333 0.9802083333333333 0.7739583333333333 0.9774305555555556 0.7746527777777777 0.9739583333333334 0.7760416666666666 0.970486111111111 0.7774305555555556 0.9677083333333333 0.778125 0.9659722222222222 0.779513888888889 0.9635416666666666 0.7809027777777777 0.961111111111111 0.782986111111111 0.9586805555555556 0.7864583333333334 0.95625 0.789236111111111 0.9552083333333333 0.7934027777777778 0.9545138888888889 0.7972222222222223 0.9545138888888889 0.8013888888888889 0.9552083333333333 0.8052083333333333 0.9565972222222222 0.8090277777777778 0.9583333333333334 0.8128472222222223 0.9604166666666667 0.8159722222222222 0.9621527777777777 0.8184027777777777 0.9638888888888889 0.820138888888889 0.9659722222222222 0.8222222222222223 0.96875 0.8243055555555556 0.9715277777777778 0.826388888888889 0.9753472222222223 0.828125 0.9798611111111111 0.8284722222222223 0.9822916666666667 0.8288194444444444 0.9902777777777777 0.828125 0.99375 0.8270833333333333 0.9972222222222222 0.8267939814814814 0.9989583333333333 0.7773209064327486 0.9989583333333333
1 0.8897849462365592 0.9782706093189965 0.8853046594982079 0.9754704301075268 0.8825044802867384 0.9732302867383512 0.8802643369175628 0.9687499999999999 0.879144265232975 0.9659498207885304 0.8780241935483871 0.9631496415770608 0.8769041218637993 0.9597894265232975 0.8763440860215055 0.9575492831541218 0.8752240143369175 0.9541890681003584 0.8752240143369175 0.9508288530465949 0.8752240143369175 0.9469086021505376 0.8769041218637993 0.9418682795698924 0.8819444444444445 0.9362679211469533 0.884744623655914 0.9340277777777778 0.8875448028673836 0.9317876344086021 0.890344982078853 0.9301075268817204 0.8942652329749105 0.9278673835125447 0.8976254480286738 0.9261872759856631 0.902105734767025 0.9245071684587813 0.9054659498207885 0.9239471326164873 0.9110663082437276 0.9239471326164873 0.9144265232974911 0.9239471326164873 0.9189068100358423 0.9239471326164873 0.9217069892473119 0.9245071684587813 0.9267473118279571 0.9273073476702508 0.9295474910394266 0.9284274193548386 0.93290770609319 0.9306675627240143 0.9357078853046594 0.932347670250896 0.939628136200717 0.9368279569892473 0.9413082437275986 0.9396281362007168 0.9429883512544802 0.9429883512544802 0.9441084229390682 0.9463485663082436 0.944668458781362 0.9491487455197132 0.9457885304659499 0.9525089605734767 0.9457885304659499 0.9558691756272402 0.9457885304659499 0.9597894265232975 0.945228494623656 0.9625896057347669 0.9435483870967742 0.9659498207885304 0.939628136200717 0.9687499999999999 0.9351478494623656 0.9743503584229389 0.9323476702508962 0.9793906810035842 0.9284274193548387 0.9821908602150538 0.9261872759856631 0.9838709677419355 0.9228270609318997 0.9844310035842293 0.9189068100358423 0.9849910394265232 0.9138664874551972 0.9849910394265232 0.9093862007168458 0.9849910394265232 0.9060259856630826 0.9838709677419355 0.9026657706093191 0.9827508960573476 0.8998655913978495 0.9816308243727597 0.896505376344086 0.980510752688172
1 0.9905913978494624 0.5649641577060932 0.9855510752688172 0.5593637992831542 0.9833109318996416 0.5548835125448028 0.9805107526881721 0.5504032258064516 0.9793906810035843 0.5487231182795699 0.9782706093189965 0.5453629032258064 0.9777105734767025 0.5414426523297491 0.9777105734767025 0.5369623655913978 0.9777105734767025 0.5330421146953406 0.9799507168458781 0.530241935483871 0.981070788530466 0.5268817204301075 0.9855510752688172 0.5235215053763441 0.9911514336917563 0.5235215053763441 0.9978718637992832 0.5252016129032258 0.9989583333333333 0.5258224526369688 0.9989583333333333 0.5274417562724014 0.9989583333333333 0.5688844086021505
1 0.9670698924731183 0.9928315412186379 0.9704301075268817 0.9816308243727597 0.9726702508960573 0.9777105734767024 0.9754704301075269 0.9743503584229389 0.9782706093189965 0.9704301075268816 0.9805107526881721 0.9670698924731183 0.9833109318996416 0.9642697132616487 0.9872311827956989 0.9614695340501792 0.9894713261648745 0.9609094982078852 0.9933915770609318 0.9597894265232975 0.9989583333333333 0.9597894265232975 0.9989583333333333 0.9609094982078852 0.9989583333333333 0.9609094982078852 0.9989583333333333 0.9989583333333333 0.9681899641577061 0.9989583333333333
0 0.23333333333333334 0.7421875 0.2265625 0.7453125 0.2234375 0.746875 0.22083333333333333 0.7473958333333334 0.21822916666666667 0.7473958333333334 0.21666666666666667 0.7473958333333334 0.21458333333333332 0.7447916666666666 0.2140625 0.7427083333333333 0.2171875 0.740625 0.21979166666666666 0.7385416666666667 0.22135416666666666 0.7375 0.22447916666666667 0.7348958333333333 0.22916666666666666 0.7307291666666667 0.2328125 0.7296875 0.23541666666666666 0.7307291666666667 0.23697916666666666 0.7338541666666667 0.2359375 0.7375
0 0.1309151009046625 0.6110821155184412 0.12330375782881002 0.6156489213639527 0.12178148921363953 0.6169537230340988 0.12025922059846902 0.618258524704245 0.1189544189283229 0.6186934585942937 0.11677974947807933 0.618910925539318 0.11547494780793319 0.618910925539318 0.11504001391788447 0.6171711899791231 0.11569241475295754 0.615213987473904 0.11764961725817676 0.6134742519137092 0.11938935281837161 0.6126043841336116 0.12178148921363953 0.6110821155184412 0.12373869171885873 0.6095598469032707 0.12613082811412665 0.6082550452331245 0.12852296450939457 0.6065153096729297 0.12961029923451636 0.6058629088378567 0.13156750173973555 0.605427974947808 0.13374217118997914 0.6056454418928323 0.13504697286012526 0.6062978427279053 0.13461203897007656 0.6080375782881001 0.13308977035490605 0.609777313848295
0 0.5123183469573116 0.6760899182561307 0.5052225249772934 0.6763737511353315 0.5032356948228883 0.676941416893733 0.5018165304268847 0.6772252497729336 0.49954586739327883 0.6766575840145322 0.49812670299727524 0.6760899182561307 0.4975590372388738 0.6755222524977295 0.49727520435967304 0.6743869209809265 0.49699137148047234 0.6724000908265213 0.49954586739327883 0.6704132606721163 0.5012488646684832 0.6701294277929155 0.5035195277020891 0.6701294277929155 0.5074931880108992 0.6701294277929155 0.5111830154405087 0.6701294277929155 0.5140213442325159 0.6701294277929155 0.5154405086285195 0.6701294277929155 0.5174273387829246 0.669561762034514 0.5205495004541326 0.6704132606721163 0.5216848319709355 0.6724000908265213 0.5211171662125341 0.6738192552225251 0.5188465031789282 0.674954586739328
0 0.7946428571428572 0.5541666666666667 0.7863095238095238 0.5556547619047619 0.7842261904761905 0.5559523809523809 0.7791666666666667 0.55625 0.7755952380952381 0.5568452380952381 0.7738095238095238 0.5571428571428572 0.7723214285714286 0.5574404761904762 0.7708333333333334 0.5571428571428572 0.7702380952380953 0.5550595238095238 0.7732142857142857 0.5535714285714286 0.7755952380952381 0.5526785714285715 0.7848214285714286 0.5514880952380953 0.7886904761904762 0.550595238095238 0.7976190476190476 0.5497023809523809 0.8008928571428572 0.549404761904762 0.8041666666666667 0.5485119047619047 0.80625 0.5479166666666667 0.8077380952380953 0.5479166666666667 0.8092261904761905 0.5485119047619047 0.8095238095238095 0.5502976190476191 0.8092261904761905 0.5517857142857142 0.8068452380952381 0.5526785714285715 0.8023809523809524 0.5532738095238094
0 0.5823139653414883 0.20928899082568808 0.5797655453618756 0.20705912334352702 0.5784913353720693 0.20674057084607542 0.5756243628950052 0.20451070336391436 0.5730759429153925 0.2022808358817533 0.5721202854230377 0.2006880733944954 0.571164627930683 0.1978211009174312 0.5743501529051988 0.1975025484199796 0.5762614678899083 0.1990953109072375 0.5781727828746177 0.20005096839959224 0.5797655453618756 0.201006625891947 0.5819954128440368 0.2022808358817533 0.5842252803261978 0.20355504587155962 0.5861365953109072 0.20546636085626913 0.5880479102956166 0.20769622833843018 0.5890035677879715 0.20992609582059124 0.5877293577981652 0.2121559633027523
0 0.5361238532110092 0.31823394495412843 0.5313455657492354 0.31090723751274213 0.5275229357798165 0.3058103975535168 0.5262487257900103 0.30358053007135577 0.5252930682976554 0.30103211009174313 0.5243374108053007 0.2988022426095821 0.5243374108053007 0.29689092762487257 0.5259301732925586 0.2962538226299694 0.5275229357798165 0.2962538226299694 0.5307084607543323 0.2994393476044852 0.5319826707441386 0.3016692150866463 0.5335754332313966 0.3038990825688073 0.5351681957186544 0.3058103975535168 0.5370795107033639 0.30835881753312944 0.5393093781855249 0.31154434250764523 0.5405835881753313 0.31313710499490316 0.541539245667686 0.31504841997961264 0.5421763506625893 0.3179153924566769 0.5424949031600408 0.32046381243628946 0.5428134556574924 0.32269367991845055 0.5402650356778798 0.3242864424057085 0.5380351681957187 0.3230122324159021
0 0.6814795564795565 0.47054747054747054 0.6788808038808039 0.4675155925155925 0.6780145530145529 0.4662162162162162 0.6771483021483021 0.46513340263340264 0.6767151767151767 0.4638340263340263 0.6760654885654885 0.4618849618849619 0.6751992376992376 0.4597193347193347 0.6747661122661123 0.457986832986833 0.6743329868329868 0.45625433125433124 0.674116424116424 0.4545218295218295 0.6743329868329868 0.45322245322245325 0.6760654885654885 0.45278932778932773 0.6773648648648648 0.4530058905058905 0.6790973665973665 0.4540887040887041 0.6803967428967429 0.45495495495495497 0.6819126819126818 0.45603776853776856 0.6832120582120582 0.45755370755370756 0.6847279972279972 0.45906964656964655 0.6855942480942481 0.46058558558558554 0.6864604989604989 0.4621015246015246 0.6871101871101871 0.4636174636174636 0.6877598752598753 0.46556652806652804 0.6884095634095633 0.4675155925155925 0.6884095634095633 0.4696812196812197 0.6884095634095633 0.4716302841302841 0.6884095634095633 0.4727130977130977 0.6853776853776854 0.4727130977130977
0 0.6225744975744976 0.3733108108108108 0.6275554400554401 0.3711451836451837 0.6295045045045045 0.3707120582120582 0.6316701316701316 0.3700623700623701 0.6336191961191961 0.3694126819126819 0.6349185724185724 0.36832986832986836 0.6349185724185724 0.367030492030492 0.6336191961191961 0.3665973665973666 0.6323198198198198 0.3663808038808039 0.630587318087318 0.3663808038808039 0.6286382536382537 0.3668139293139293 0.6264726264726265 0.36724705474705477 0.6240904365904366 0.3678967428967429 0.6227910602910602 0.36854643104643103 0.6206254331254331 0.3696292446292446 0.6184598059598059 0.3704954954954955 0.6165107415107415 0.3709286209286209 0.6141285516285516 0.37136174636174635 0.6126126126126127 0.37201143451143454 0.6121794871794871 0.3733108108108108 0.6139119889119888 0.3743936243936244 0.6167273042273042 0.3743936243936244
0 0.7713530838530839 0.2970807345807346 0.7670218295218294 0.3042273042273042 0.7644230769230769 0.30899168399168403 0.7635568260568261 0.3102910602910603 0.7622574497574497 0.31180699930699934 0.760524948024948 0.3124566874566874 0.759009009009009 0.3126732501732502 0.7574930699930699 0.3115904365904366 0.7570599445599445 0.31050762300762297 0.7574930699930699 0.30899168399168403 0.759009009009009 0.3076923076923077 0.7603083853083852 0.30660949410949406 0.7616077616077616 0.30574324324324326 0.7624740124740124 0.30444386694386694 0.7635568260568261 0.30314449064449067 0.7644230769230769 0.3020616770616771 0.7663721413721413 0.29946292446292444 0.7672383922383922 0.2981635481635482 0.767454954954955 0.29686417186417186 0.7672383922383922 0.2955647955647956 0.7663721413721413 0.2946985446985447 0.765072765072765 0.29534823284823286 0.7646396396396397 0.2933991683991684 0.7652893277893277 0.29188322938322936 0.7659390159390159 0.2905838530838531 0.7670218295218294 0.2899341649341649 0.768104643104643 0.28906791406791404 0.7698371448371447 0.28906791406791404 0.7709199584199583 0.28928447678447683 0.7717862092862092 0.2901507276507277 0.7726524601524601 0.2912335412335413 0.7728690228690228 0.29253291753291755 0.7720027720027719 0.2946985446985447
0 0.660472972972973 0.24748787248787252 0.6580907830907831 0.25311850311850315 0.6574410949410949 0.25463444213444214 0.6567914067914067 0.25571725571725573 0.6557085932085932 0.2572331947331948 0.6544092169092169 0.2587491337491338 0.6531098406098406 0.2604816354816355 0.6518104643104643 0.26134788634788636 0.650511088011088 0.2619975744975745 0.6502945252945252 0.26026507276507277 0.6507276507276507 0.2580994455994456 0.6515939015939016 0.25571725571725573 0.6522435897435896 0.2537681912681913 0.6531098406098406 0.2518191268191268 0.6539760914760914 0.2500866250866251 0.6546257796257796 0.24857068607068608 0.6557085932085932 0.2470547470547471 0.6567914067914067 0.24510568260568263 0.6583073458073458 0.2422903672903673 0.659606722106722 0.24055786555786557 0.6598232848232848 0.24012474012474014 0.661122661122661 0.2399081774081774 0.661988911988912 0.24142411642411643 0.6617723492723492 0.24380630630630631
0 0.7170586340206185 0.1803855240549828 0.7146423969072164 0.17421069587628862 0.7138369845360824 0.17152598797250856 0.7124946305841924 0.16830433848797247 0.7114207474226804 0.1653511597938144 0.7106153350515464 0.1621295103092783 0.7111522766323024 0.1607871563573883 0.7135685137457044 0.16105562714776628 0.7162532216494845 0.16347186426116836 0.7184009879725085 0.1653511597938144 0.7202802835051546 0.16776739690721645 0.7216226374570447 0.1699151632302405 0.7229649914089347 0.1725998711340206 0.7240388745704467 0.17555304982817865 0.7248442869415808 0.17877469931271472 0.7256496993127147 0.18172787800687282 0.7267235824742267 0.1849495274914089 0.7275289948453608 0.188171176975945 0.7283344072164948 0.19112435567010305 0.7267235824742267 0.19085588487972505 0.7248442869415808 0.188708118556701 0.7226965206185567 0.18602341065292094 0.7208172250859106 0.1838756443298969
0 0.75 0.042534722222222224 0.7494212962962963 0.040219907407407406 0.7476851851851851 0.03616898148148148 0.7476851851851851 0.03327546296296296 0.7473958333333334 0.029224537037037035 0.7473958333333334 0.024305555555555556 0.747974537037037 0.018807870370370367 0.75 0.015046296296296297 0.7523148148148148 0.015335648148148147 0.7546296296296297 0.01909722222222222 0.756076388888889 0.02199074074074074 0.7572337962962963 0.026041666666666668 0.7578125 0.030671296296296294 0.7569444444444444 0.03587962962962963 0.756076388888889 0.04079861111111111 0.7549189814814814 0.043402777777777776 0.7526041666666666 0.04398148148148148
0 0.6125578703703703 0.02546296296296296 0.611400462962963 0.015625 0.611400462962963 0.01244212962962963 0.611400462962963 0.010416666666666666 0.6128472222222222 0.008969907407407407 0.6142939814814814 0.008680555555555556 0.6171875 0.010127314814814815 0.6209490740740741 0.013020833333333334 0.6223958333333334 0.015625 0.622974537037037 0.017939814814814815 0.6235532407407407 0.021412037037037035 0.6235532407407407 0.025752314814814815 0.6235532407407407 0.030092592592592594 0.622974537037037 0.033854166666666664 0.6203703703703703 0.03530092592592592 0.6183449074074073 0.03414351851851852 0.6157407407407407 0.030671296296296294
0 0.46817129629629634 0.1892361111111111 0.4649884259259259 0.18402777777777776 0.46267361111111105 0.17997685185185183 0.4609375 0.17563657407407407 0.4594907407407407 0.1707175925925926 0.4583333333333333 0.16550925925925924 0.4583333333333333 0.16174768518518517 0.45978009259259256 0.16145833333333334 0.46151620370370366 0.1640625 0.4635416666666667 0.16637731481481483 0.4658564814814815 0.16927083333333334 0.46846064814814814 0.1724537037037037 0.4699074074074074 0.17592592592592593 0.4716435185185185 0.17939814814814817 0.4728009259259259 0.18258101851851852 0.4739583333333333 0.18547453703703703 0.4748263888888889 0.18778935185185183 0.47540509259259256 0.19010416666666666 0.47453703703703703 0.19155092592592593 0.47337962962962965 0.19184027777777776
0 0.6568287037037037 0.12210648148148147 0.6530671296296297 0.12210648148148147 0.6495949074074073 0.12123842592592592 0.6475694444444444 0.12008101851851852 0.6458333333333334 0.11863425925925926 0.6458333333333334 0.1171875 0.6475694444444444 0.1166087962962963 0.6495949074074073 0.11631944444444443 0.6513310185185185 0.11631944444444443 0.6536458333333334 0.1166087962962963 0.6568287037037037 0.1171875 0.6600115740740741 0.1177662037037037 0.6617476851851851 0.11921296296296297 0.6614583333333334 0.12152777777777776
0 0.31028064146620854 0.15886311569301267 0.31028064146620854 0.15635738831615126 0.31135452462772056 0.14848224513172972 0.31207044673539525 0.14526059564719365 0.31350229095074467 0.1438287514318443 0.3152920962199313 0.14347079037800692 0.3152920962199313 0.14776632302405504 0.316008018327606 0.15170389461626582 0.3163659793814434 0.1542096219931272 0.3163659793814434 0.15778923253150062 0.316008018327606 0.16101088201603672 0.3152920962199313 0.16387457044673545 0.3152920962199313 0.16602233676975953 0.31135452462772056 0.1635166093928981
0 0.30849083619702183 0.2934564719358534 0.3152920962199313 0.29059278350515466 0.3185137457044674 0.288802978235968 0.3217353951890035 0.28701317296678125 0.3242411225658649 0.2848654066437572 0.3260309278350516 0.2823596792668958 0.3278207331042383 0.2798539518900344 0.3292525773195877 0.27627434135166096 0.3292525773195877 0.2748424971363116 0.327462772050401 0.27591638029782367 0.3192296678121421 0.28092783505154645 0.3167239404352807 0.28200171821305847 0.31386025200458195 0.28307560137457055 0.31028064146620854 0.2848654066437572 0.30777491408934715 0.2866552119129439 0.3052691867124857 0.28844501718213067 0.30347938144329906 0.2902348224513174 0.30168957617411235 0.292024627720504 0.30168957617411235 0.2923825887743414 0.3045532646048111 0.29274054982817876
0 0.38294673539518903 0.6424684994272624 0.38795819014891186 0.638888888888889 0.38974799541809857 0.6374570446735395 0.3918957617411226 0.6363831615120275 0.3976231386025201 0.6342353951890034 0.40370847651775493 0.6313717067583047 0.40549828178694164 0.6292239404352806 0.4062142038946163 0.6267182130584192 0.40549828178694164 0.6249284077892325 0.3986970217640321 0.6281500572737685 0.39583333333333337 0.6292239404352806 0.3865263459335625 0.6335194730813287 0.3840206185567011 0.6353092783505154 0.3811569301260024 0.6378150057273769 0.37793528064146625 0.6392468499427262 0.3750715922107675 0.6421105383734249 0.3732817869415808 0.644258304696449 0.3757875143184422 0.6453321878579611 0.3775773195876289 0.6449742268041236
0 0.7609536082474226 0.8425687285223368 0.7652491408934707 0.8411368843069874 0.7695446735395189 0.8393470790378006 0.7713344788087056 0.8371993127147767 0.7720504009163803 0.8346935853379152 0.7695446735395189 0.8336197021764031 0.7663230240549829 0.8325458190148911 0.7627434135166093 0.8325458190148911 0.7588058419243986 0.8336197021764031 0.7563001145475372 0.8354095074455898 0.7537943871706758 0.8375572737686139 0.7523625429553265 0.8400630011454754 0.7523625429553265 0.8422107674684994 0.7545103092783505 0.8422107674684994
0 0.8504438717067583 0.8912514318442154 0.8565292096219931 0.8837342497136311 0.8579610538373426 0.8819444444444444 0.8597508591065293 0.879438717067583 0.8615406643757159 0.8765750286368843 0.8629725085910652 0.8733533791523482 0.8633304696449026 0.8708476517754867 0.8579610538373426 0.8715635738831615 0.853307560137457 0.8733533791523482 0.8497279495990836 0.8751431844215349 0.8465063001145475 0.8776489117983962 0.8436426116838488 0.8801546391752577 0.8418528064146621 0.881586483390607 0.8400630011454754 0.8848081328751431 0.8386311569301259 0.8873138602520046 0.8379152348224513 0.890893470790378 0.8418528064146621 0.8912514318442154 0.8454324169530355 0.890893470790378
0 0.9134450171821306 0.9581901489117983 0.9066437571592211 0.9553264604810996 0.9019902634593356 0.9513888888888888 0.8998424971363116 0.9499570446735395 0.8980526918671249 0.9488831615120275 0.8959049255441008 0.9474513172966781 0.8951890034364262 0.9460194730813287 0.8966208476517754 0.9438717067583047 0.8987686139747996 0.944229667812142 0.9016323024054983 0.9456615120274914 0.9059278350515464 0.9485252004581901 0.9123711340206185 0.9521048109965636 0.9148768613974799 0.9531786941580757 0.9177405498281787 0.9542525773195876 0.92024627720504 0.9549684994272624 0.9231099656357388 0.9564003436426116 0.9245418098510882 0.9585481099656357 0.9234679266895761 0.9606958762886598 0.92024627720504 0.9610538373424972 0.917024627720504 0.9599799541809851
0 0.0745769650655022 0.44643831877729256 0.07298489810771473 0.4414346797671034 0.07253002183406115 0.4398426128093159 0.0718477074235808 0.4377956695778748 0.0693458879184862 0.43483897379912667 0.06843613537117905 0.4330194687045124 0.06775382096069871 0.43119996360989815 0.06775382096069871 0.42960789665211063 0.06843613537117905 0.42733351528384284 0.06911844978165942 0.42574144832605537 0.07116539301310046 0.42437681950509465 0.07230258369723437 0.42414938136826785 0.0734397743813683 0.42483169577874824 0.0745769650655022 0.4264237627365357 0.07412208879184863 0.42824326783114997 0.07366721251819507 0.4307450873362446 0.07389465065502185 0.4327920305676856 0.0745769650655022 0.43483897379912667 0.07503184133915577 0.43665847889374093 0.07571415574963612 0.4384779839883552 0.07639647016011647 0.4400700509461427 0.07685134643377003 0.4416621179039302 0.07730622270742361 0.44325418486171764 0.07776109898107716 0.4448462518195051 0.07844341339155751 0.445983442503639 0.07935316593886464 0.4480303857350801 0.080035480349345 0.449167576419214 0.08071779475982535 0.45030476710334794 0.08140010917030568 0.4518968340611354 0.07935316593886464 0.4530340247452693 0.07730622270742361 0.4516693959243086 0.0759415938864629 0.4507596433770015 0.07525927947598256 0.4493950145560408 0.07503184133915577 0.44894013828238727
0 0.29995819397993306 0.5149108138238573 0.2954292084726867 0.5159559643255295 0.29229375696766996 0.5163043478260869 0.2902034559643255 0.5166527313266444 0.2874163879598662 0.5166527313266444 0.2849777034559643 0.5159559643255295 0.2867196209587514 0.5138656633221851 0.28950668896321063 0.5128205128205128 0.2968227424749164 0.5103818283166109 0.30065496098104794 0.5093366778149386 0.3034420289855072 0.5089882943143812 0.3065774804905239 0.5093366778149386 0.30831939799331104 0.5100334448160535 0.3076226309921962 0.5121237458193979 0.30448717948717946 0.5138656633221851
0 0.060003840245775736 0.2664170506912443 0.052323348694316436 0.2654569892473118 0.0456470189701897 0.2654132791327913 0.04903455284552845 0.2577913279132791 0.056656504065040636 0.25440379403794033 0.06766598915989158 0.2569444444444444 0.07020663956639564 0.2645663956639566
0 0.15277777777777776 0.2895936981757877 0.14966832504145935 0.28285655058043113 0.1486318407960199 0.2797470978441128 0.1486318407960199 0.27663764510779437 0.15277777777777776 0.27508291873963514 0.1574419568822554 0.28389303482587064 0.15796019900497513 0.2864842454394693 0.1589966832504146 0.2916666666666667 0.15692371475953565 0.29270315091210614
0 0.9871475953565504 0.7119610281923714 0.984038142620232 0.7052238805970148 0.9835199004975124 0.7015961857379767 0.9835199004975124 0.6990049751243781 0.9866293532338307 0.6974502487562189 0.9892205638474294 0.7005597014925372 0.9923300165837479 0.7052238805970148 0.9938847429519071 0.7072968490878938 0.9949212271973465 0.7098880597014925 0.995957711442786 0.7140339966832503 0.995957711442786 0.7176616915422884 0.9907752902155885 0.716625207296849
0 0.40838430173292556 0.8320591233435269 0.40392456676860344 0.8336518858307849 0.40169469928644236 0.834288990825688 0.39946483180428133 0.834288990825688 0.3962793068297656 0.834288990825688 0.39341233435270134 0.8339704383282365 0.3918195718654435 0.8336518858307849 0.3895897043832824 0.8326962283384302 0.38735983690112136 0.8317405708460754 0.3857670744138634 0.8311034658511722 0.3870412844036697 0.8288735983690112 0.3889525993883792 0.8279179408766565 0.392138124362895 0.8272808358817533 0.3962793068297656 0.8272808358817533 0.40105759429153925 0.8256880733944955 0.40392456676860344 0.8253695208970437 0.40742864424057085 0.8250509683995922 0.4106141692150867 0.8247324159021406 0.4131625891946993 0.8250509683995922 0.41379969418960244 0.8269622833843017
0 0.23333333333333334 0.0013888888888888887 0.22861111111111113 0.008611111111111113 0.2238888888888889 0.01583333333333333 0.21777777777777776 0.020555555555555556 0.2127777777777778 0.021944444444444444 0.20916666666666667 0.02888888888888889 0.21694444444444447 0.02611111111111111 0.22027777777777777 0.021944444444444444 0.22666666666666666 0.016666666666666666 0.23 0.011666666666666665 0.23555555555555555 0.006944444444444445 0.23833333333333334 0.0019444444444444444
0 0.08410831509846826 0.052653172866520784 0.08957877461706783 0.04969000729394602 0.09664478482859226 0.04855032822757111 0.10348285922684172 0.04604303428154632 0.10963712618526622 0.044447483588621446 0.11282822757111596 0.04467541940189643 0.11146061269146608 0.04923413566739606 0.10644602479941648 0.04923413566739606 0.10234318016046681 0.05105762217359591 0.09732859226841721 0.05128555798687089 0.0925419401896426 0.053792851932895694 0.0886670313639679 0.054932530999270604
0 0.3712121212121212 0.43106060606060603 0.37727272727272726 0.4297348484848485 0.38484848484848483 0.4272727272727273 0.39166666666666666 0.4251893939393939 0.4051136363636364 0.42196969696969694 0.40662878787878787 0.4259469696969697 0.40303030303030307 0.43143939393939396 0.3975378787878788 0.4346590909090909 0.3899621212121212 0.43731060606060607 0.38238636363636364 0.43712121212121213 0.37916666666666665 0.43446969696969695 0.37329545454545454 0.4348484848484848 0.36875 0.4327651515151515
0 0.8999748995983935 0.16842369477911648 0.9039909638554217 0.17105923694779115 0.9063755020080321 0.1757028112449799 0.909262048192771 0.1808483935742972 0.9117720883534136 0.18524096385542166 0.9105170682730923 0.1862449799196787 0.908258032128514 0.18599397590361447 0.9052459839357428 0.1827309236947791 0.9029869477911646 0.17808734939759036 0.899472891566265 0.17394578313253012 0.8983433734939759 0.17055722891566263
0 0.33616315378610456 0.7308743169398907 0.3449453551912568 0.7308743169398907 0.3498243559718969 0.7323380171740826 0.35519125683060104 0.7340456674473067 0.36031420765027317 0.7340456674473067 0.36324160811865724 0.7355093676814987 0.35885050741608115 0.7386807181889148 0.35275175644028095 0.7381928181108509 0.3493364558938329 0.7355093676814987 0.3437256049960968 0.7347775175644028
0 0.06711339345357382 0.7529642618570473 0.07191466265865064 0.7508767535070141 0.07535905143620573 0.7492067468269873 0.07880344021376086 0.7475367401469606 0.08224782899131597 0.7457623580494323 0.08464846359385438 0.742944221776887 0.08235220440881763 0.742004843019372 0.07953406813627255 0.743257348029392 0.07556780227120909 0.7447186038744155 0.07285404141616565 0.7465973613894455 0.07139278557114229 0.7476411155644622 0.06899215096860387 0.7495198730794923 0.06711339345357382 0.751816132264529
0 0.750996583143508 0.42390375854214124 0.7531321184510251 0.42544608959757024 0.756572703113136 0.42592065299924076 0.7597760060744115 0.42698842065299925 0.762148823082764 0.427700265755505 0.7646402809415338 0.427700265755505 0.7686740698557327 0.42698842065299925 0.7709282460136675 0.4266324981017464 0.7724705770690965 0.42520880789673504 0.7718773728170084 0.4227173500379651 0.7695045558086561 0.41785307517084286 0.7671317388003037 0.4154802581624905 0.7638097949886106 0.4133447228549735 0.759657365223994 0.41168375094912685 0.757165907365224 0.41037870159453305 0.7530134776006074 0.40883637053910404 0.7469627942293091 0.40859908883826884 0.7415053151100988 0.40919229309035693 0.7390138572513288 0.41014141989369785 0.7388952164009112 0.4120396735003797 0.7412680334092635 0.4145311313591496 0.7443526955201215 0.4167853075170843 0.7467255125284739 0.41903948367501903 0.7474373576309795 0.4201072513287775 0.7493356112376615 0.4227173500379651
