1 0.42230191256830607 0.4661316029143899 0.4140482695810565 0.4638547358834245 0.41177140255009115 0.46271630236794176 0.41034836065573776 0.46214708561020046 0.4089253187613844 0.460724043715847 0.407502276867031 0.45958561020036437 0.4046561930783243 0.45759335154826963 0.40266393442622955 0.4558857012750456 0.39981785063752284 0.45332422586520954 0.3983948087431695 0.4516165755919855 0.3969717668488161 0.44962431693989074 0.39583333333333337 0.44791666666666674 0.3946948998178507 0.4462090163934427 0.39355646630236796 0.44421675774134795 0.3924180327868853 0.4427937158469946 0.3909949908925319 0.44108606557377056 0.3895719489981786 0.4396630236794172 0.3884335154826959 0.43823998178506385 0.3872950819672132 0.4353938979963571 0.3872950819672132 0.43226320582877964 0.3872950819672132 0.42941712204007293 0.38786429872495454 0.4271402550091075 0.3887181238615665 0.4242941712204008 0.3895719489981786 0.42201730418943545 0.39071038251366125 0.41974043715847004 0.3924180327868853 0.418032786885246 0.39355646630236796 0.4166097449908926 0.395264116575592 0.41518670309653927 0.3969717668488161 0.4140482695810565 0.3992486338797815 0.41319444444444453 0.4023793260473589 0.41205601092896177 0.4055100182149363 0.41148679417122047 0.4083561020036431 0.4112021857923498 0.4109175774134791 0.4109175774134791 0.41376366120218583 0.4109175774134791 0.41689435336976327 0.4112021857923498 0.4200250455373407 0.41205601092896177 0.42201730418943545 0.4126252276867032 0.4245787795992715 0.41376366120218583 0.42941712204007293 0.41518670309653927 0.431978597449909 0.4163251366120219 0.4362477231329691 0.4177481785063753 0.43823998178506385 0.41831739526411665 0.4419398907103826 0.4200250455373407 0.44421675774134795 0.42116347905282336 0.44677823315118403 0.4231557377049181 0.44933970856102007 0.42486338797814216 0.4513319672131148 0.4265710382513662 0.45303961748633886 0.42941712204007293 0.45446265938069225 0.432832422586521 0.4558857012750456 0.4362477231329691 0.45759335154826963 0.4393784153005465 0.45844717668488166 0.4427937158469946 0.45844717668488166 0.445924408014572 0.45844717668488166 0.4490551001821494 0.458162568306011 0.4527550091074682 0.45730874316939896 0.4550318761384336 0.45617030965391625 0.45730874316939896 0.4547472677595629 0.4593010018214937 0.4536088342440802 0.4610086520947177 0.45190118397085616 0.4624316939890711 0.45047814207650283 0.4644239526411658 0.44877049180327877 0.4661316029143899 0.44734744990892533 0.46670081967213123 0.44421675774134795 0.46670081967213123 0.4408014571948999 0.46670081967213123 0.4390938069216758 0.4669854280510019 0.43681693989071047 0.4672700364298726 0.43482468123861573 0.4678392531876139 0.43311703096539167 0.4678392531876139 0.4297017304189436 0.4675546448087432 0.4268556466302369 0.4672700364298726 0.42514799635701284 0.46670081967213123
1 0.3138661202185793 0.4994307832422587 0.30646630236794176 0.4928847905282332 0.3050432604735884 0.49117714025500914 0.30362021857923505 0.4886156648451731 0.301912568306011 0.4863387978142077 0.30048952641165766 0.48406193078324233 0.29935109289617495 0.4820696721311476 0.2984972677595629 0.4800774134790529 0.2976434426229509 0.47751593806921677 0.29707422586520954 0.47466985428051006 0.2962204007285975 0.4706853369763207 0.29565118397085616 0.4672700364298726 0.2950819672131148 0.4647085610200365 0.2947973588342441 0.4618624772313298 0.29451275045537345 0.4601548269581057 0.29451275045537345 0.45730874316939896 0.2950819672131148 0.45446265938069225 0.2965050091074682 0.4516165755919855 0.29821265938069225 0.4499089253187615 0.30077413479052834 0.44763205828779606 0.3041894353369764 0.44563979963570133 0.3070355191256831 0.44421675774134795 0.30959699453551914 0.44336293260473597 0.31301229508196726 0.4419398907103826 0.31585837887067403 0.44108606557377056 0.3189890710382514 0.4408014571948999 0.3226889799635702 0.44108606557377056 0.32781193078324233 0.4430783242258653 0.33293488160291446 0.44507058287796003 0.3374886156648452 0.44677823315118403 0.34147313296903464 0.4484858834244081 0.34517304189435344 0.45076275045537345 0.3483037340619308 0.45332422586520954 0.3511498178506376 0.4558857012750456 0.35428051001821503 0.45844717668488166 0.35655737704918045 0.4604394353369764 0.35968806921675783 0.4635701275045538 0.3616803278688525 0.4655623861566485 0.3639571948998179 0.46812386156648456 0.367372495446266 0.472962204007286 0.3699339708561021 0.4769467213114755 0.3724954462659381 0.4809312386156649 0.3747723132969035 0.4886156648451731 0.3753415300546449 0.4923155737704919 0.3753415300546449 0.4951616575591986 0.3753415300546449 0.4980077413479053 0.37420309653916217 0.5014230418943534 0.3730646630236795 0.5042691256830601 0.37164162112932614 0.5073998178506376 0.3696493624772314 0.5108151183970857 0.36765710382513667 0.5133765938069217 0.3645264116575593 0.5156534608378871 0.3619649362477232 0.5167918943533698 0.3591188524590165 0.5179303278688525 0.35598816029143904 0.5184995446265939 0.35428051001821503 0.5187841530054645 0.35143442622950827 0.5190687613843352 0.3494421675774136 0.5193533697632059 0.34602686703096547 0.5182149362477232 0.3434653916211294 0.5176457194899818 0.34090391621129335 0.5167918943533698 0.33834244080145726 0.5162226775956285 0.3352117486338798 0.5145150273224044 0.3315118397085611 0.5125227686703098 0.32895036429872504 0.5108151183970857 0.32638888888888895 0.508822859744991 0.32468123861566495 0.5073998178506376 0.32240437158469953 0.5056921675774135 0.31984289617486344 0.5034153005464481 0.3175660291438981 0.5014230418943534
1 0.43311703096539167 0.3776183970856103 0.4228711293260474 0.3770491803278689 0.41917122040072863 0.37591074681238623 0.41689435336976327 0.37505692167577415 0.4140482695810565 0.3739184881602915 0.41063296903460844 0.37278005464480884 0.40778688524590173 0.37164162112932614 0.40494080145719497 0.3702185792349727 0.4023793260473589 0.3687955373406194 0.39953324225865217 0.367372495446266 0.39583333333333337 0.36594945355191266 0.392702641165756 0.36481102003642996 0.3901411657559199 0.3633879781420765 0.38786429872495454 0.3613957194899819 0.3861566484517305 0.3591188524590165 0.3844489981785065 0.35655737704918045 0.38331056466302377 0.35428051001821503 0.3801798724954463 0.3480191256830602 0.37733378870673956 0.34147313296903464 0.3770491803278689 0.33834244080145726 0.3767645719489982 0.3357809653916212 0.3767645719489982 0.33321948998178513 0.37733378870673956 0.33122723132969045 0.37847222222222227 0.3295195810564664 0.3793260473588343 0.32809653916211295 0.380464480874317 0.3266734972677596 0.38217213114754106 0.32468123861566495 0.38416438979963574 0.3229735883424409 0.3861566484517305 0.3212659380692168 0.38786429872495454 0.3201275045537341 0.3898565573770493 0.31927367941712215 0.39184881602914395 0.3189890710382514 0.3949795081967214 0.3181352459016394 0.39867941712204014 0.31785063752276876 0.40266393442622955 0.31785063752276876 0.406648451730419 0.3175660291438981 0.40949453551912574 0.3175660291438981 0.41319444444444453 0.3175660291438981 0.41575591985428056 0.3175660291438981 0.41860200364298733 0.3181352459016394 0.42144808743169404 0.31984289617486344 0.4245787795992715 0.3212659380692168 0.4271402550091075 0.3229735883424409 0.42913251366120225 0.32468123861566495 0.43140938069216767 0.32638888888888895 0.4339708561020037 0.32895036429872504 0.4362477231329691 0.33179644808743175 0.43880919854280515 0.33435792349726784 0.44023224043715853 0.3363501821493626 0.4422244990892532 0.3389116575591986 0.44393214936247727 0.3417577413479053 0.4453551912568307 0.3446038251366121 0.44677823315118403 0.3471653005464482 0.44791666666666674 0.3508652094717669 0.4484858834244081 0.35342668488160295 0.44877049180327877 0.3574112021857924 0.44877049180327877 0.3605418943533698 0.4482012750455374 0.3631033697632059 0.44734744990892533 0.3650956284153006 0.445924408014572 0.367372495446266 0.44507058287796003 0.3687955373406194 0.44393214936247727 0.37050318761384343 0.4422244990892532 0.37221083788706744 0.44023224043715853 0.3739184881602915 0.43681693989071047 0.37591074681238623
1 0.49345400728597455 0.37192622950819676 0.49032331511839716 0.3699339708561021 0.4883310564663024 0.36908014571949005 0.4863387978142077 0.36794171220400734 0.48406193078324233 0.366518670309654 0.48235428051001833 0.3650956284153006 0.4800774134790529 0.3633879781420765 0.47751593806921677 0.3605418943533698 0.47609289617486344 0.3588342440801458 0.47466985428051006 0.3574112021857924 0.4726775956284153 0.35570355191256836 0.4715391621129327 0.35428051001821503 0.46954690346083794 0.3511498178506376 0.46897768670309664 0.3494421675774136 0.4684084699453553 0.34744990892531885 0.46812386156648456 0.3457422586520948 0.4678392531876139 0.34375000000000006 0.4675546448087432 0.34147313296903464 0.4675546448087432 0.33976548269581064 0.4678392531876139 0.33777322404371596 0.4684084699453553 0.3363501821493626 0.4698315118397086 0.33435792349726784 0.47040072859744997 0.33435792349726784 0.47182377049180335 0.3337887067395265 0.4738160291438981 0.3335040983606558 0.47580828779599277 0.3335040983606558 0.47865437158469953 0.33321948998178513 0.48121584699453557 0.33293488160291446 0.48377732240437166 0.3326502732240438 0.4857695810564664 0.3326502732240438 0.4877618397085611 0.3323656648451731 0.49032331511839716 0.3323656648451731 0.4923155737704919 0.3323656648451731 0.49402322404371596 0.3326502732240438 0.4960154826958106 0.33321948998178513 0.498292349726776 0.3346425318761385 0.5000000000000001 0.3357809653916212 0.5019922586520947 0.33720400728597455 0.5039845173041895 0.3391962659380693 0.5059767759562842 0.34147313296903464 0.5079690346083789 0.3443192167577414 0.508822859744991 0.34659608378870677 0.509676684881603 0.34915755919854286 0.5102459016393444 0.3517190346083789 0.510530510018215 0.3531420765027323 0.5108151183970857 0.355134335154827 0.5108151183970857 0.35684198542805107 0.5108151183970857 0.3582650273224044 0.5108151183970857 0.36025728597449913 0.5099612932604737 0.36253415300546454 0.5093920765027323 0.3639571948998179 0.5082536429872496 0.36594945355191266 0.5068306010928962 0.367372495446266 0.5048383424408015 0.36908014571949005 0.5014230418943534 0.3710724043715848 0.49772313296903464 0.3724954462659381
1 0.5594831511839709 0.3215505464480875 0.5540755919854281 0.3195582877959928 0.5515141165755921 0.31785063752276876 0.548952641165756 0.3164275956284153 0.5469603825136613 0.3152891621129327 0.5443989071038252 0.31187386156648456 0.5435450819672132 0.30902777777777785 0.5429758652094718 0.30646630236794176 0.5429758652094718 0.30333561020036437 0.5429758652094718 0.3002049180327869 0.5429758652094718 0.2973588342440802 0.5438296903460837 0.29451275045537345 0.5446835154826959 0.29252049180327877 0.5461065573770493 0.289674408014572 0.5478142076502732 0.28739754098360665 0.549806466302368 0.28512067395264123 0.552367941712204 0.28198998178506385 0.5540755919854281 0.2794285063752277 0.5572062841530055 0.2760132058287797 0.5591985428051003 0.27402094717668496 0.5617600182149364 0.2723132969034609 0.5637522768670311 0.2708902550091076 0.5660291438979964 0.2700364298724955 0.5694444444444445 0.26861338797814216 0.5722905282331513 0.2677595628415301 0.5748520036429874 0.26747495446265945 0.5796903460837888 0.2671903460837888 0.5831056466302369 0.26747495446265945 0.5856671220400729 0.2680441712204008 0.588228597449909 0.26946721311475413 0.5905054644808744 0.2708902550091076 0.5919285063752278 0.2723132969034609 0.5933515482695811 0.27430555555555564 0.5944899817850637 0.2771516393442624 0.5953438069216759 0.2799977231329691 0.5961976320582879 0.28398224043715853 0.5961976320582879 0.2876821493624773 0.5959130236794171 0.2908128415300547 0.5953438069216759 0.29394353369763215 0.5947745901639345 0.2965050091074682 0.5942053734061932 0.2984972677595629 0.5893670309653917 0.3050432604735884 0.5876593806921676 0.3070355191256831 0.5853825136612022 0.30959699453551914 0.5833902550091075 0.3113046448087432 0.5816826047358835 0.31272768670309664 0.5799749544626595 0.31415072859744997 0.5779826958105647 0.31557377049180335 0.575136612021858 0.31785063752276876 0.5728597449908926 0.31927367941712215 0.5697290528233151 0.3212659380692168 0.5674521857923498 0.3218351548269582 0.5637522768670311 0.32240437158469953
1 0.3639571948998179 0.2919512750455374 0.355134335154827 0.29109744990892544 0.35342668488160295 0.29052823315118403 0.3508652094717669 0.2899590163934427 0.3480191256830602 0.2891051912568307 0.3457422586520948 0.2885359744990893 0.3423269581056467 0.28711293260473597 0.33948087431693996 0.2856898907103826 0.3366347905282332 0.28398224043715853 0.3337887067395265 0.28198998178506385 0.3315118397085611 0.2791438979963571 0.3295195810564664 0.2762978142076503 0.32752732240437166 0.27402094717668496 0.32610428051001833 0.2706056466302369 0.3258196721311476 0.2646288706739527 0.32610428051001833 0.2606443533697632 0.3269581056466303 0.2577982695810565 0.32752732240437166 0.25495218579234974 0.32838114754098363 0.25210610200364303 0.329804189435337 0.2492600182149363 0.3315118397085611 0.24669854280510023 0.3335040983606558 0.24442167577413484 0.3357809653916212 0.24186020036429878 0.33777322404371596 0.24043715846994537 0.34061930783242267 0.23816029143898002 0.34375000000000006 0.23616803278688528 0.3471653005464482 0.23446038251366125 0.3494421675774136 0.23360655737704925 0.3517190346083789 0.23332194899817854 0.3562727686703097 0.23275273224043722 0.3611111111111112 0.23218351548269583 0.36367258652094725 0.23218351548269583 0.3670878870673953 0.23189890710382519 0.37050318761384343 0.23189890710382519 0.3724954462659381 0.23189890710382519 0.37505692167577415 0.23218351548269583 0.37790300546448097 0.23303734061930786 0.3807490892531877 0.2338911657559199 0.3830259562841531 0.2350295992714026 0.3858720400728598 0.23730646630236799 0.3887181238615665 0.23986794171220405 0.39042577413479057 0.24214480874316943 0.39184881602914395 0.24499089253187617 0.39298724954462666 0.24755236794171226 0.39412568306010937 0.2501138433515483 0.395264116575592 0.25324453551912574 0.39583333333333337 0.25609061930783245 0.3961179417122041 0.2600751366120219 0.3961179417122041 0.2632058287795993 0.3964025500910748 0.2654826958105647 0.3964025500910748 0.26861338797814216 0.3955487249544627 0.27259790528233163 0.39441029143898004 0.275728597449909 0.3924180327868853 0.27829007285974505 0.3898565573770493 0.28085154826958114 0.3870104735883425 0.2825591985428052 0.38387978142076506 0.2845514571948999 0.38103369763205835 0.2862591074681239 0.37818761384335164 0.2876821493624773 0.3747723132969035 0.289674408014572 0.37135701275045546 0.2908128415300547 0.3687955373406194 0.29109744990892544
1 0.31329690346083794 0.6516962659380693 0.3050432604735884 0.6497040072859745 0.30219717668488166 0.6485655737704918 0.2990664845173043 0.6471425318761385 0.2959357923497269 0.6454348816029145 0.29308970856102007 0.6440118397085611 0.29024362477231336 0.6417349726775956 0.28739754098360665 0.638888888888889 0.2854052823315119 0.6363274134790529 0.2834130236794172 0.6337659380692169 0.2825591985428052 0.6306352459016394 0.2817053734061931 0.6277891621129327 0.28113615664845176 0.6252276867030966 0.28056693989071047 0.6215277777777779 0.2802823315118398 0.617827868852459 0.2802823315118398 0.6146971766848817 0.2802823315118398 0.6107126593806922 0.2802823315118398 0.6075819672131147 0.28056693989071047 0.6035974499089254 0.28113615664845176 0.600466757741348 0.2822745901639345 0.5976206739526412 0.2831284153005465 0.5953438069216759 0.28483606557377056 0.5927823315118398 0.2868283242258653 0.5902208561020037 0.28882058287796003 0.5879439890710383 0.29166666666666674 0.5859517304189436 0.2936589253187615 0.5848132969034608 0.29678961748633886 0.5833902550091075 0.29992030965391625 0.5822518214936249 0.3030510018214937 0.5811133879781422 0.3056124772313298 0.5802595628415301 0.3081739526411658 0.5802595628415301 0.31187386156648456 0.5805441712204008 0.3152891621129327 0.5808287795992714 0.31785063752276876 0.5819672131147542 0.3204121129326048 0.5831056466302369 0.3235428051001822 0.5850979052823316 0.32610428051001833 0.5870901639344264 0.32866575591985436 0.589936247723133 0.33037340619307837 0.5922131147540984 0.3320810564663024 0.5950591985428051 0.33435792349726784 0.598759107468124 0.3357809653916212 0.6024590163934427 0.3366347905282332 0.6064435336976322 0.3374886156648452 0.6107126593806922 0.33777322404371596 0.6149817850637523 0.33777322404371596 0.6189663023679418 0.33777322404371596 0.6220969945355193 0.33777322404371596 0.6257969034608379 0.3374886156648452 0.6286429872495447 0.3369193989071039 0.6309198542805101 0.3357809653916212 0.6334813296903461 0.33492714025500914 0.6354735883424408 0.3337887067395265 0.6380350637522769 0.3323656648451731 0.6411657559198543 0.329804189435337 0.6440118397085611 0.32809653916211295 0.6460040983606559 0.3255350637522769 0.6479963570127505 0.3212659380692168 0.6508424408014573 0.31841985428051006 0.65198087431694 0.3164275956284153 0.65198087431694
1 0.21909153005464485 0.5532217668488161 0.20913023679417128 0.5537909836065574 0.2057149362477232 0.5532217668488161 0.20258424408014578 0.5520833333333335 0.19973816029143904 0.5503756830601093 0.19660746812386162 0.5486680327868854 0.19319216757741353 0.5466757741347906 0.1911999089253188 0.5446835154826959 0.18835382513661206 0.5421220400728598 0.1869307832422587 0.5404143897996357 0.18522313296903464 0.5381375227686703 0.1843693078324226 0.535860655737705 0.1835154826958106 0.5332991803278689 0.18180783242258655 0.5290300546448088 0.18010018214936252 0.5267531876138434 0.1792463570127505 0.5247609289617486 0.17896174863387984 0.5221994535519127 0.17896174863387984 0.5196379781420766 0.17896174863387984 0.5173611111111112 0.1792463570127505 0.5145150273224044 0.17981557377049187 0.511384335154827 0.18066939890710387 0.5079690346083789 0.18237704918032793 0.5059767759562842 0.18465391621129332 0.5045537340619308 0.18636156648451735 0.5036999089253188 0.18863843351548273 0.5031306921675774 0.19347677595628418 0.5011384335154827 0.19660746812386162 0.5002846083788708 0.20002276867030971 0.4991461748633881 0.20343806921675778 0.4980077413479053 0.20770719489981787 0.49715391621129335 0.21112249544626596 0.49715391621129335 0.21510701275045543 0.49715391621129335 0.21909153005464485 0.49715391621129335 0.22222222222222227 0.49772313296903464 0.22563752276867036 0.4985769581056467 0.2273451730418944 0.4988615664845174 0.22962204007285977 0.4997153916211294 0.23132969034608383 0.4997153916211294 0.2338911657559199 0.5008538251366121 0.2378756830601093 0.5025614754098362 0.24072176684881608 0.5048383424408015 0.24299863387978146 0.5071152094717669 0.2447062841530055 0.509676684881603 0.24612932604735888 0.5136612021857924 0.24641393442622955 0.5170765027322405 0.24669854280510023 0.5204918032786886 0.24726775956284155 0.524476320582878 0.24755236794171226 0.5276070127504554 0.24783697632058294 0.5307377049180328 0.24812158469945358 0.5332991803278689 0.24812158469945358 0.5361452641165756 0.24669854280510023 0.539275956284153 0.24556010928961752 0.5409836065573771 0.24356785063752281 0.5432604735883425 0.24157559198542808 0.5449681238615666 0.23958333333333337 0.5461065573770493 0.23816029143898002 0.5469603825136613 0.23645264116575596 0.5478142076502732 0.23360655737704925 0.5492372495446266 0.23019125683060115 0.55066029143898 0.2276297814207651 0.5515141165755921 0.2227914389799636 0.5529371584699454
1 0.3872950819672132 0.628358378870674 0.38103369763205835 0.6238046448087432 0.37818761384335164 0.6223816029143898 0.3753415300546449 0.6209585610200364 0.3724954462659381 0.6186816939890711 0.3699339708561021 0.616120218579235 0.36765710382513667 0.6127049180327869 0.36594945355191266 0.6098588342440803 0.3650956284153006 0.6070127504553735 0.3639571948998179 0.6033128415300547 0.36367258652094725 0.600466757741348 0.3631033697632059 0.5976206739526412 0.36224954462659387 0.5942053734061932 0.3616803278688525 0.590790072859745 0.3613957194899819 0.5870901639344264 0.3611111111111112 0.5831056466302369 0.3611111111111112 0.5794057377049181 0.3616803278688525 0.57599043715847 0.3631033697632059 0.5737135701275046 0.3650956284153006 0.5708674863387979 0.36765710382513667 0.5677367941712205 0.3702185792349727 0.5660291438979964 0.37221083788706744 0.5651753187613845 0.3739184881602915 0.5648907103825137 0.3761953551912569 0.5648907103825137 0.37961065573770497 0.5663137522768671 0.3830259562841531 0.5683060109289618 0.3861566484517305 0.5702982695810566 0.3881489071038252 0.5728597449908926 0.3901411657559199 0.5768442622950821 0.39213342440801463 0.5799749544626595 0.39355646630236796 0.5822518214936249 0.39583333333333337 0.5845286885245903 0.3981102003642988 0.5873747723132969 0.40038706739526414 0.590790072859745 0.4023793260473589 0.5930669398907104 0.40408697632058294 0.5953438069216759 0.40636384335154835 0.5979052823315119 0.4083561020036431 0.5996129326047359 0.41177140255009115 0.6018897996357013 0.41461748633879786 0.6044512750455374 0.4166097449908926 0.6061589253187614 0.418032786885246 0.6078665755919855 0.41974043715847004 0.6092896174863388 0.42116347905282336 0.6109972677595629 0.42201730418943545 0.6132741347905283 0.42258652094717675 0.6155510018214937 0.42230191256830607 0.6186816939890711 0.42116347905282336 0.6218123861566485 0.41945582877959936 0.6246584699453552 0.41717896174863395 0.6272199453551913 0.41518670309653927 0.628358378870674 0.41234061930783245 0.6297814207650274 0.4089253187613844 0.6309198542805101 0.40607923497267767 0.6312044626593808 0.4020947176684882 0.6314890710382514 0.3992486338797815 0.6312044626593808 0.3961179417122041 0.6306352459016394 0.39355646630236796 0.6303506375227688 0.3909949908925319 0.6294968123861566
1 0.4334016393442624 0.5554986338797814 0.42486338797814216 0.55066029143898 0.4217326958105648 0.5486680327868854 0.41831739526411665 0.5463911657559198 0.4163251366120219 0.5441142987249545 0.4149020947176686 0.5409836065573771 0.4140482695810565 0.5369990892531876 0.41376366120218583 0.5330145719489983 0.41376366120218583 0.5298838797814208 0.4149020947176686 0.526183970856102 0.41575591985428056 0.524476320582878 0.41689435336976327 0.5224840619307833 0.41860200364298733 0.5207764116575593 0.4200250455373407 0.5193533697632059 0.42144808743169404 0.5179303278688525 0.4234403460837888 0.5165072859744991 0.4260018214936248 0.5153688524590164 0.4285632969034609 0.5145150273224044 0.431978597449909 0.5142304189435338 0.43681693989071047 0.5142304189435338 0.4393784153005465 0.5142304189435338 0.4419398907103826 0.5147996357012751 0.44507058287796003 0.5153688524590164 0.4484858834244081 0.5159380692167578 0.4513319672131148 0.5162226775956285 0.4541780510018215 0.5173611111111112 0.45759335154826963 0.5187841530054645 0.45987021857923505 0.5202071948998179 0.46300091074681243 0.521914845173042 0.4655623861566485 0.5230532786885246 0.4678392531876139 0.5247609289617486 0.471254553734062 0.527037795992714 0.47324681238615673 0.5287454462659381 0.47609289617486344 0.5313069216757742 0.4780851548269582 0.5330145719489983 0.4800774134790529 0.535006830601093 0.48235428051001833 0.5384221311475411 0.48377732240437166 0.5409836065573771 0.48463114754098363 0.5435450819672132 0.48491575591985436 0.5463911657559198 0.48491575591985436 0.5495218579234974 0.48491575591985436 0.5526525500910747 0.48406193078324233 0.5560678506375228 0.48263888888888895 0.5600523679417122 0.4809312386156649 0.562898451730419 0.47922358834244083 0.5651753187613845 0.4769467213114755 0.5671675774134791 0.47466985428051006 0.5680214025500911 0.4715391621129327 0.5685906193078325 0.46869307832422596 0.5685906193078325 0.46584699453551914 0.5677367941712205 0.46300091074681243 0.5665983606557378 0.4601548269581057 0.5657445355191257 0.458162568306011 0.5651753187613845 0.4553164845173043 0.5640368852459017 0.45190118397085616 0.562898451730419 0.44933970856102007 0.5620446265938069 0.4462090163934427 0.5609061930783242 0.4427937158469946 0.5597677595628416 0.43880919854280515 0.5583447176684883 0.4362477231329691 0.5572062841530055
1 0.39583333333333337 0.7373633879781422 0.38757969034608386 0.7299635701275046 0.3855874316939891 0.7274020947176685 0.38387978142076506 0.7256944444444445 0.3816029143897997 0.7239867941712205 0.3798952641165757 0.7225637522768671 0.3776183970856103 0.719148451730419 0.3761953551912569 0.7165869763205829 0.3747723132969035 0.7143101092896175 0.3736338797814208 0.7117486338797814 0.3724954462659381 0.7094717668488161 0.37135701275045546 0.70691029143898 0.37050318761384343 0.7046334244080146 0.3699339708561021 0.7015027322404371 0.3693647540983607 0.6983720400728598 0.3693647540983607 0.693818306010929 0.3699339708561021 0.6892645719489983 0.37164162112932614 0.6855646630236795 0.3733492714025502 0.6821493624772313 0.37562613843351556 0.6787340619307832 0.37733378870673956 0.6761725865209472 0.3790414389799636 0.6741803278688525 0.38131830601092903 0.6724726775956285 0.3830259562841531 0.6707650273224045 0.38530282331511845 0.6701958105646632 0.3881489071038252 0.6701958105646632 0.39213342440801463 0.6701958105646632 0.3964025500910748 0.6701958105646632 0.4001024590163935 0.6707650273224045 0.40351775956284164 0.6716188524590164 0.4072176684881603 0.6730418943533698 0.4109175774134791 0.6741803278688525 0.4140482695810565 0.6753187613843352 0.41717896174863395 0.6764571948998179 0.4203096539162114 0.6781648451730419 0.4234403460837888 0.6801571038251366 0.4260018214936248 0.6818647540983608 0.42913251366120225 0.6844262295081969 0.43169398907103834 0.6869877049180328 0.4339708561020037 0.6892645719489983 0.43596311475409844 0.6909722222222222 0.43767076502732244 0.6935336976320584 0.4393784153005465 0.6958105646630237 0.4405168488160292 0.6980874316939892 0.44137067395264123 0.7015027322404371 0.4419398907103826 0.7037795992714027 0.4425091074681239 0.7074795081967213 0.4425091074681239 0.7108948087431695 0.4425091074681239 0.7143101092896175 0.4419398907103826 0.7182946265938069 0.4405168488160292 0.720856102003643 0.4393784153005465 0.7237021857923498 0.43767076502732244 0.7268328779599271 0.4362477231329691 0.7291097449908926 0.4339708561020037 0.7316712204007286 0.43140938069216767 0.733948087431694 0.42913251366120225 0.7356557377049181 0.4265710382513662 0.7373633879781422 0.4240095628415301 0.7387864298724955 0.42116347905282336 0.7396402550091075 0.41831739526411665 0.7407786885245903 0.4154713114754099 0.7410632969034608 0.41234061930783245 0.7407786885245903 0.4083561020036431 0.7402094717668489 0.4055100182149363 0.7396402550091075 0.40266393442622955 0.7390710382513661 0.39981785063752284 0.7379326047358835
1 0.29166666666666674 0.8122153916211293 0.2825591985428052 0.8068078324225866 0.27971311475409844 0.8039617486338798 0.2777208561020037 0.8016848816029145 0.27515938069216767 0.799408014571949 0.27316712204007293 0.7962773224043717 0.27174408014571955 0.7914389799635703 0.2708902550091076 0.7883082877959927 0.2700364298724955 0.7843237704918032 0.2700364298724955 0.7789162112932605 0.2703210382513662 0.7749316939890711 0.2711748633879782 0.770662568306011 0.2720286885245902 0.7663934426229508 0.27288251366120225 0.7626935336976322 0.2737363387978143 0.7589936247723134 0.27402094717668496 0.75757058287796 0.276582422586521 0.7527322404371585 0.27971311475409844 0.7490323315118398 0.2825591985428052 0.7476092896174864 0.28711293260473597 0.746186247723133 0.29252049180327877 0.7456170309653917 0.2976434426229509 0.7459016393442623 0.3030510018214937 0.7467554644808744 0.3076047358834245 0.7484631147540984 0.31187386156648456 0.7501707650273224 0.3161429872495447 0.7521630236794171 0.3189890710382514 0.7538706739526412 0.3215505464480875 0.7558629326047359 0.3241120218579236 0.758424408014572 0.3266734972677596 0.7615551001821494 0.3295195810564664 0.7652550091074681 0.3315118397085611 0.7686703096539163 0.33293488160291446 0.771516393442623 0.3346425318761385 0.7755009107468124 0.3360655737704919 0.7786316029143898 0.3374886156648452 0.7823315118397086 0.33862704918032793 0.7860314207650274 0.33948087431693996 0.7897313296903461 0.340334699453552 0.7937158469945356 0.34061930783242267 0.796846539162113 0.34061930783242267 0.7999772313296903 0.340334699453552 0.8036771402550092 0.3389116575591986 0.8070924408014573 0.3369193989071039 0.8096539162112932 0.3337887067395265 0.8122153916211293 0.3292349726775957 0.8147768670309655 0.32468123861566495 0.8161999089253188 0.3189890710382514 0.8170537340619308 0.31329690346083794 0.8179075591985429 0.30959699453551914 0.8179075591985429 0.3050432604735884 0.8167691256830601 0.30134335154826963 0.8156306921675774 0.29707422586520954 0.8150614754098361 0.29394353369763215 0.8142076502732241
1 0.19404599271402556 0.9733037340619308 0.184938524590164 0.9684653916211293 0.17355418943533701 0.9622040072859745 0.1704234972677596 0.9602117486338798 0.16786202185792354 0.9585040983606558 0.1650159380692168 0.9559426229508198 0.16273907103825141 0.953096539162113 0.16046220400728603 0.9496812386156649 0.15790072859744997 0.9459813296903461 0.1561930783242259 0.9431352459016394 0.1542008196721312 0.9397199453551913 0.15277777777777782 0.9360200364298726 0.1516393442622951 0.9320355191256832 0.1510701275045538 0.928620218579235 0.15050091074681243 0.9266279599271403 0.15021630236794176 0.9240664845173042 0.14993169398907108 0.9212204007285975 0.14964708561020043 0.91808970856102 0.14936247723132973 0.9158128415300547 0.14907786885245905 0.9132513661202186 0.14936247723132973 0.9101206739526412 0.15021630236794176 0.9072745901639345 0.1516393442622951 0.9044285063752278 0.15306238615664852 0.902436247723133 0.1550546448087432 0.8993055555555556 0.15676229508196726 0.8970286885245903 0.15903916211293265 0.8950364298724955 0.1616006375227687 0.8921903460837888 0.16416211293260477 0.890198087431694 0.16700819672131154 0.8887750455373407 0.16985428051001827 0.887636612021858 0.17440801457194904 0.885928961748634 0.17782331511839714 0.8847905282331513 0.18323087431693993 0.8842213114754098 0.1880692167577414 0.8836520947176685 0.19176912568306015 0.8836520947176685 0.19518442622950824 0.8842213114754098 0.19973816029143904 0.8850751366120219 0.2051457194899818 0.8862135701275046 0.20998406193078328 0.8873520036429874 0.2142531876138434 0.88849043715847 0.21795309653916214 0.8899134790528234 0.22250683060109294 0.8921903460837888 0.22592213114754103 0.8941826047358835 0.22990664845173045 0.8961748633879781 0.23275273224043722 0.8984517304189436 0.23588342440801463 0.9010132058287798 0.2378756830601093 0.9027208561020037 0.24015255009107472 0.9061361566484518 0.2424294171220401 0.9101206739526412 0.24499089253187617 0.9146744080145719 0.24669854280510023 0.9186589253187614 0.24812158469945358 0.9220742258652095 0.24982923497267764 0.9266279599271403 0.251252276867031 0.9306124772313298 0.2526753187613844 0.9343123861566485 0.2535291438979964 0.9380122950819673 0.25409836065573776 0.9417122040072861 0.2535291438979964 0.9459813296903461 0.24840619307832426 0.9548041894353371 0.24641393442622955 0.9573656648451732 0.2447062841530055 0.9593579234972679 0.24271402550091078 0.9610655737704918 0.24157559198542808 0.9624886156648452 0.23929872495446272 0.9653346994535519 0.2378756830601093 0.9673269581056466 0.23616803278688528 0.9690346083788708 0.23446038251366125 0.9701730418943534 0.2316142987249545 0.9721653005464481 0.2284836065573771 0.9741575591985429 0.22592213114754103 0.9752959927140256 0.22336065573770497 0.9755806010928961 0.2207991803278689 0.9761498178506376 0.21738387978142082 0.9767190346083789 0.21254553734061937 0.9764344262295083 0.20742258652094722 0.9764344262295083 0.20400728597449913 0.9758652094717669 0.19973816029143904 0.9747267759562842
1 0.04484953703703703 0.5941358024691358 0.038339120370370364 0.5905189043209876 0.03665123456790123 0.5893132716049382 0.03399884259259259 0.587866512345679 0.0318287037037037 0.5861786265432098 0.028935185185185182 0.583767361111111 0.02700617283950617 0.5803915895061728 0.025559413580246913 0.5774980709876544 0.023871527777777776 0.5746045524691358 0.022907021604938273 0.5724344135802468 0.021701388888888888 0.5697820216049382 0.020013503086419752 0.5654417438271604 0.018807870370370367 0.5615837191358024 0.01760223765432099 0.5577256944444444 0.016878858024691357 0.5538676697530864 0.016396604938271605 0.5490451388888888 0.016155478395061727 0.5442226080246914 0.016155478395061727 0.5408468364197531 0.016155478395061727 0.5372299382716049 0.01663773148148148 0.5348186728395061 0.01736111111111111 0.5326485339506173 0.018325617283950615 0.5299961419753086 0.019772376543209878 0.5283082561728395 0.02146026234567901 0.5258969907407407 0.022907021604938273 0.5239679783950617 0.02411265432098765 0.5225212191358024 0.025800540123456787 0.5210744598765432 0.027488425925925923 0.5193865740740741 0.029658564814814815 0.5179398148148148 0.03134645061728395 0.5164930555555556 0.03351658950617284 0.5152874228395061 0.03568672839506173 0.5148051697530864 0.037856867283950615 0.5145640432098765 0.04123263888888888 0.5145640432098765 0.045572916666666664 0.5145640432098765 0.0482253086419753 0.5150462962962963 0.05063657407407407 0.5157696759259259 0.05304783950617284 0.5167341820987654 0.05570023148148148 0.5179398148148148 0.05762924382716049 0.5191454475308642 0.05979938271604938 0.5210744598765432 0.0626929012345679 0.5232445987654321 0.06558641975308642 0.5256558641975309 0.06799768518518517 0.5275848765432098 0.06992669753086418 0.529272762345679 0.07209683641975309 0.5319251543209876 0.07378472222222222 0.5345775462962963 0.07547260802469134 0.5377121913580247 0.0769193672839506 0.5415702160493827 0.07836612654320987 0.544704861111111 0.07981288580246913 0.5483217592592592 0.08077739197530863 0.5514564043209876 0.08174189814814814 0.5550733024691358 0.08198302469135801 0.5582079475308641 0.08198302469135801 0.562548225308642 0.08174189814814814 0.5668885030864197 0.08029513888888888 0.5717110339506173 0.07884837962962962 0.5767746913580247 0.07764274691358025 0.5813560956790124 0.07619598765432098 0.5842496141975307 0.0749903549382716 0.5864197530864197 0.07306134259259259 0.5888310185185185 0.07113233024691358 0.5907600308641975 0.06968557098765431 0.591724537037037 0.06751543209876543 0.5926890432098765 0.06438078703703703 0.5934124228395061 0.06148726851851851 0.5941358024691358 0.059558256172839504 0.5946180555555555 0.057146990740740734 0.5948591820987654 0.05280671296296296 0.5948591820987654 0.04918981481481481 0.5948591820987654
1 0.0853587962962963 0.7588252314814814 0.07933063271604938 0.7585841049382716 0.07764274691358025 0.7581018518518517 0.07571373456790123 0.757860725308642 0.07257908950617284 0.7571373456790124 0.06968557098765431 0.7564139660493827 0.06727430555555555 0.7554494598765431 0.06510416666666666 0.7542438271604938 0.0626929012345679 0.7530381944444444 0.06028163580246913 0.7515914351851851 0.05762924382716049 0.7499035493827161 0.05473572530864197 0.7477334104938271 0.051601080246913573 0.7450810185185185 0.04870756172839506 0.7412229938271604 0.04605516975308642 0.738329475308642 0.043885030864197525 0.7356770833333334 0.04292052469135802 0.7330246913580247 0.0421971450617284 0.7306134259259258 0.041714891975308636 0.7272376543209876 0.04147376543209876 0.7233796296296295 0.04147376543209876 0.7202449845679012 0.04147376543209876 0.7161458333333334 0.04243827160493827 0.7122878086419753 0.043402777777777776 0.7091531635802468 0.04484953703703703 0.7057773919753086 0.04653742283950617 0.7021604938271604 0.04870756172839506 0.699266975308642 0.05063657407407407 0.6975790895061728 0.05377121913580247 0.6954089506172838 0.05690586419753086 0.6937210648148148 0.06004050925925926 0.6925154320987654 0.06293402777777778 0.6915509259259258 0.06630979938271604 0.6910686728395061 0.06944444444444443 0.6908275462962963 0.07282021604938271 0.6908275462962963 0.07788387345679013 0.6910686728395061 0.08077739197530863 0.6913097993827161 0.08198302469135801 0.6917920524691358 0.0863233024691358 0.6937210648148148 0.09114583333333333 0.6949266975308641 0.09596836419753085 0.6958912037037037 0.09958526234567901 0.6968557098765431 0.10247878086419752 0.6980613425925924 0.10633680555555555 0.6999903549382716 0.10874807098765431 0.7019193672839505 0.1109182098765432 0.7043306327160493 0.1130883487654321 0.7072241512345678 0.11477623456790123 0.7101176697530864 0.11694637345679011 0.7134934413580247 0.11887538580246913 0.7168692129629629 0.12032214506172839 0.7209683641975307 0.12056327160493827 0.724585262345679 0.12032214506172839 0.7279610339506172 0.11959876543209876 0.7306134259259258 0.11863425925925926 0.7344714506172838 0.11718749999999999 0.7395351080246914 0.11549961419753085 0.7445987654320987 0.11381172839506172 0.7477334104938271 0.11212384259259259 0.7494212962962962 0.1109182098765432 0.7513503086419753 0.10923032407407406 0.7530381944444444 0.10730131172839505 0.7547260802469135 0.10440779320987655 0.7568962191358024 0.10175540123456789 0.7581018518518517 0.09837962962962962 0.7590663580246914 0.09259259259259259 0.7593074845679012
1 0.04075038580246913 0.9915123456790123 0.0318287037037037 0.9886188271604938 0.028935185185185182 0.9869309413580247 0.026041666666666668 0.9854841820987654 0.023389274691358024 0.9840374228395061 0.02097800925925926 0.982349537037037 0.018807870370370367 0.9809027777777778 0.015673225308641976 0.9780092592592592 0.014467592592592591 0.9770447530864197 0.012538580246913579 0.9746334876543209 0.010609567901234568 0.9722222222222221 0.008921682098765432 0.9690875771604938 0.0072337962962962955 0.9652295524691358 0.006028163580246913 0.9611304012345678 0.005304783950617284 0.9572723765432098 0.005304783950617284 0.9534143518518517 0.00554591049382716 0.9481095679012345 0.006751543209876543 0.9437692901234568 0.008198302469135802 0.9406346450617283 0.01036844135802469 0.9367766203703703 0.013020833333333334 0.9336419753086419 0.01591435185185185 0.9321952160493827 0.020013503086419752 0.9307484567901234 0.02411265432098765 0.9293016975308641 0.028935185185185182 0.9278549382716048 0.03423996913580247 0.9264081790123456 0.038821373456790126 0.9254436728395061 0.04364390432098765 0.9244791666666665 0.04846643518518518 0.9239969135802468 0.05232445987654321 0.9242380401234568 0.057870370370370364 0.9261670524691358 0.06076388888888888 0.9268904320987654 0.06510416666666666 0.9283371913580247 0.07040895061728396 0.9300250771604938 0.07474922839506172 0.9319540895061728 0.07740162037037038 0.9338831018518517 0.07981288580246913 0.9355709876543209 0.08294753086419752 0.9384645061728395 0.08584104938271604 0.9418402777777778 0.08777006172839505 0.9442515432098765 0.08921682098765431 0.9476273148148148 0.09018132716049382 0.9517264660493827 0.09066358024691358 0.9558256172839505 0.09066358024691358 0.9592013888888888 0.09042245370370369 0.9633005401234568 0.08921682098765431 0.9673996913580247 0.08849344135802469 0.9705343364197531 0.08777006172839505 0.9739101080246914 0.08680555555555555 0.9770447530864197 0.08608217592592592 0.9789737654320987 0.08487654320987655 0.9813850308641975 0.08367091049382715 0.9828317901234568 0.08125964506172839 0.9850019290123455 0.07836612654320987 0.9864486882716048 0.0759548611111111 0.9874131944444444 0.07378472222222222 0.9886188271604938 0.07161458333333333 0.9895833333333333 0.06896219135802469 0.9905478395061728 0.06462191358024691 0.9919945987654321 0.06004050925925926 0.9927179783950617 0.054976851851851846 0.9927179783950617 0.05184220679012345 0.9927179783950617 0.04846643518518518 0.9927179783950617 0.04484953703703703 0.9922357253086419
0 0.0872878086419753 0.7318190586419753 0.08077739197530863 0.7298900462962962 0.07908950617283951 0.7291666666666666 0.07716049382716049 0.7282021604938271 0.07474922839506172 0.7267554012345678 0.07330246913580246 0.7257908950617283 0.0718557098765432 0.724585262345679 0.06968557098765431 0.7231385030864197 0.06751543209876543 0.7216917438271604 0.06630979938271604 0.720727237654321 0.06655092592592592 0.720486111111111 0.06148726851851851 0.7192804783950617 0.05811149691358024 0.7183159722222221 0.05642361111111111 0.7173514660493827 0.05811149691358024 0.7156635802469135 0.06245177469135802 0.7146990740740741 0.06872106481481481 0.7132523148148148 0.07113233024691358 0.7132523148148148 0.07378472222222222 0.7132523148148148 0.07667824074074073 0.7137345679012345 0.07908950617283951 0.7144579475308641 0.08198302469135801 0.7156635802469135 0.08415316358024691 0.7163869598765431 0.08608217592592592 0.7175925925925924 0.08849344135802469 0.7185570987654321 0.09042245370370369 0.7192804783950617 0.09331597222222222 0.720727237654321 0.09476273148148147 0.7221739969135802 0.09620949074074073 0.7241030092592592 0.09789737654320987 0.7260320216049382 0.09910300925925926 0.7277199074074073 0.10006751543209876 0.7291666666666666 0.10054976851851852 0.7308545524691358 0.10054976851851852 0.7323013117283951 0.09813850308641975 0.7330246913580247 0.09524498456790123 0.7332658179012345 0.09283371913580246 0.7332658179012345 0.08994020061728394 0.7327835648148148
0 0.05304783950617284 0.5697820216049382 0.04943094135802469 0.5654417438271604 0.0482253086419753 0.5639949845679012 0.04701967592592592 0.562548225308642 0.045572916666666664 0.5608603395061728 0.04436728395061728 0.5589313271604938 0.0431616512345679 0.5570023148148148 0.0421971450617284 0.5557966820987654 0.04123263888888888 0.5538676697530864 0.04026813271604938 0.5524209104938271 0.03978587962962963 0.5509741512345678 0.038821373456790126 0.548562885802469 0.037856867283950615 0.54663387345679 0.037133487654320986 0.5444637345679012 0.03665123456790123 0.543016975308642 0.03665123456790123 0.5415702160493827 0.039303626543209874 0.5406057098765431 0.04075038580246913 0.5408468364197531 0.0421971450617284 0.5415702160493827 0.044608410493827154 0.5434992283950617 0.046296296296296294 0.5456693672839507 0.0482253086419753 0.5480806327160493 0.050395447530864196 0.550733024691358 0.052565586419753084 0.5536265432098765 0.05401234567901234 0.5560378086419753 0.054976851851851846 0.5577256944444444 0.05642361111111111 0.5596547067901234 0.057870370370370364 0.5608603395061728 0.05979938271604938 0.5623070987654321 0.06100501543209876 0.5635127314814814 0.061728395061728385 0.5649594907407407 0.06221064814814815 0.5671296296296297 0.06245177469135802 0.5692997685185185 0.06245177469135802 0.5712287808641975 0.06245177469135802 0.5724344135802468 0.06004050925925926 0.5736400462962963 0.058834876543209874 0.5733989197530864 0.05618248456790123 0.5719521604938271
1 0.07523148148148147 0.46127507716049376 0.0677565586419753 0.4576581790123457 0.06558641975308642 0.45572916666666663 0.0636574074074074 0.45404128086419754 0.061969521604938266 0.4521122685185185 0.06052276234567901 0.4499421296296296 0.05931712962962963 0.4480131172839506 0.057388117283950615 0.4453607253086419 0.056664737654320986 0.4427083333333333 0.05521797839506172 0.43547453703703703 0.05425347222222222 0.42896412037037035 0.05425347222222222 0.42607060185185186 0.05425347222222222 0.4231770833333333 0.05425347222222222 0.42028356481481477 0.0554591049382716 0.41642554012345673 0.057146990740740734 0.4118441358024691 0.05835262345679012 0.40822723765432095 0.06004050925925926 0.4048514660493827 0.061728395061728385 0.40292245370370366 0.06413966049382716 0.40075231481481477 0.06606867283950617 0.3993055555555555 0.07016782407407406 0.3976176697530864 0.07426697530864197 0.39641203703703703 0.07981288580246913 0.3956886574074074 0.0843942901234568 0.3956886574074074 0.08825231481481481 0.3971354166666667 0.0913869598765432 0.3988233024691358 0.09428047839506172 0.4005111882716049 0.09741512345679013 0.40292245370370366 0.10006751543209876 0.4053337191358024 0.10247878086419752 0.40750385802469136 0.10440779320987655 0.4096739969135802 0.10657793209876543 0.4128086419753086 0.10802469135802469 0.4152199074074074 0.10874807098765431 0.4181134259259259 0.10947145061728394 0.4210069444444444 0.11019483024691357 0.4239004629629629 0.11067708333333333 0.42775848765432095 0.11067708333333333 0.43089313271604934 0.11067708333333333 0.4333043981481481 0.11067708333333333 0.4371624228395062 0.11067708333333333 0.44174382716049376 0.11067708333333333 0.4448784722222222 0.11043595679012344 0.44753086419753085 0.11019483024691357 0.4499421296296296 0.10947145061728394 0.45259452160493824 0.10826581790123456 0.45500578703703703 0.10657793209876543 0.4571759259259259 0.10416666666666667 0.45934606481481477 0.10175540123456789 0.4610339506172839 0.09837962962962962 0.4629629629629629 0.09572723765432098 0.46368634259259256 0.09211033950617284 0.46368634259259256 0.08777006172839505 0.4639274691358024 0.08198302469135801 0.4634452160493827 0.07716049382716049 0.46272183641975306
1 0.15215084876543208 0.39400077160493824 0.14756944444444445 0.39110725308641975 0.1458815586419753 0.38990162037037035 0.14467592592592593 0.38893711419753085 0.14202353395061726 0.38749035493827155 0.13864776234567902 0.38700810185185186 0.13527199074074076 0.38604359567901236 0.13189621913580246 0.3848379629629629 0.12683256172839505 0.38266782407407407 0.12345679012345677 0.3804976851851852 0.11983989197530863 0.37784529320987653 0.11791087962962962 0.37567515432098764 0.11646412037037036 0.373022762345679 0.1150173611111111 0.37037037037037035 0.1130883487654321 0.36651234567901236 0.11067708333333333 0.3626543209876543 0.10850694444444443 0.3602430555555555 0.10633680555555555 0.35734953703703703 0.10440779320987655 0.3544560185185185 0.10296103395061727 0.3515625 0.10223765432098765 0.34891010802469136 0.10199652777777776 0.3452932098765432 0.10223765432098765 0.3431230709876543 0.10320216049382715 0.3407118055555555 0.10416666666666667 0.3375771604938272 0.10561342592592592 0.3342013888888889 0.1068190586419753 0.33203125 0.10826581790123456 0.3308256172839506 0.11043595679012344 0.32937885802469136 0.11284722222222222 0.3286554783950617 0.1150173611111111 0.3281732253086419 0.11742862654320987 0.3281732253086419 0.12128665123456789 0.3281732253086419 0.12369791666666666 0.32841435185185186 0.12586805555555555 0.3291377314814815 0.1285204475308642 0.330102237654321 0.13069058641975306 0.3308256172839506 0.13310185185185183 0.3317901234567901 0.1357542438271605 0.3327546296296296 0.1376832561728395 0.33347800925925924 0.14057677469135801 0.3346836419753086 0.1427469135802469 0.33588927469135804 0.14491705246913578 0.33685378086419754 0.14708719135802467 0.33781828703703703 0.14949845679012344 0.3392650462962962 0.1511863425925926 0.3402295524691358 0.15335648148148145 0.3419174382716049 0.15480324074074076 0.3431230709876543 0.15673225308641975 0.34432870370370366 0.15817901234567902 0.3457754629629629 0.16010802469135801 0.3477044753086419 0.1613136574074074 0.3486689814814815 0.16276041666666666 0.3501157407407407 0.16517168209876543 0.3522858796296296 0.16613618827160492 0.3537326388888889 0.1673418209876543 0.3551793981481481 0.1685474537037037 0.35638503086419754 0.17023533950617284 0.3585551697530864 0.1724054783950617 0.3614486882716049 0.17385223765432095 0.36385995370370366 0.1748167438271605 0.36603009259259256 0.17602237654320987 0.3686824845679012 0.17698688271604937 0.3708526234567901 0.17819251543209877 0.3737461419753086 0.17915702160493827 0.3761574074074074 0.1798804012345679 0.3783275462962962 0.18108603395061726 0.38122106481481477 0.18229166666666666 0.3850790895061728 0.18301504629629628 0.3891782407407407 0.18301504629629628 0.3923128858024691 0.18253279320987653 0.3947241512345679 0.18108603395061726 0.39689429012345673 0.1793981481481481 0.3985821759259259 0.17746913580246912 0.3997878086419753 0.17433449074074076 0.40099344135802467 0.17168209876543208 0.40171682098765427 0.16902970679012344 0.40195794753086417 0.16613618827160492 0.40195794753086417 0.16372492283950618 0.4012345679012345 0.1610725308641975 0.400270061728395 0.15866126543209877 0.3993055555555555 0.1572145061728395 0.3980999228395062 0.1552854938271605 0.39641203703703703
1 0.22641782407407404 0.1883198302469136 0.22521219135802467 0.18301504629629628 0.22472993827160492 0.18084490740740738 0.22448881172839505 0.1793981481481481 0.22448881172839505 0.17771026234567902 0.22448881172839505 0.1755401234567901 0.22472993827160492 0.17288773148148145 0.22521219135802467 0.17095871913580246 0.2259355709876543 0.16902970679012344 0.2269000771604938 0.16661844135802467 0.2281057098765432 0.16444830246913578 0.2293113425925926 0.16203703703703703 0.2309992283950617 0.15938464506172836 0.23268711419753085 0.15697337962962962 0.23509837962962962 0.15480324074074076 0.23775077160493827 0.15263310185185183 0.24160879629629628 0.15070408950617284 0.2464313271604938 0.14829282407407407 0.25004822530864196 0.1468460648148148 0.25390624999999994 0.14612268518518517 0.2601755401234568 0.1458815586419753 0.26523919753086417 0.14539930555555552 0.26885609567901236 0.14467592592592593 0.2722318672839506 0.14419367283950618 0.27512538580246915 0.14419367283950618 0.2789834104938272 0.14467592592592593 0.2821180555555555 0.14564043209876543 0.2845293209876543 0.1468460648148148 0.28694058641975306 0.14781057098765432 0.28935185185185186 0.1490162037037037 0.2917631172839506 0.1499807098765432 0.2946566358024691 0.1511863425925926 0.29730902777777773 0.15263310185185183 0.2999614197530864 0.15432098765432098 0.3028549382716049 0.15673225308641975 0.30526620370370366 0.15890239197530862 0.30743634259259256 0.1613136574074074 0.3091242283950617 0.16372492283950618 0.3110532407407407 0.17023533950617284 0.3115354938271605 0.17192322530864196 0.3122588734567901 0.1745756172839506 0.3125 0.17626350308641975 0.3125 0.17843364197530862 0.3122588734567901 0.18084490740740738 0.31081211419753085 0.18349729938271603 0.3091242283950617 0.18614969135802467 0.30647183641975306 0.18952546296296294 0.3038194444444444 0.1929012345679012 0.3002025462962962 0.19700038580246912 0.29755015432098764 0.19917052469135801 0.2939332561728395 0.20206404320987653 0.29031635802469136 0.20423418209876543 0.28501157407407407 0.20592206790123455 0.2821180555555555 0.20688657407407404 0.2731963734567901 0.2073688271604938 0.26933834876543206 0.2073688271604938 0.26523919753086417 0.2076099537037037 0.2623456790123457 0.2076099537037037 0.25969328703703703 0.2073688271604938 0.25631751543209874 0.20688657407407404 0.25294174382716045 0.20616319444444445 0.24932484567901234 0.20519868827160492 0.24739583333333331 0.20471643518518517 0.2445023148148148 0.20351080246913578 0.24160879629629628 0.20206404320987653 0.2379918981481481 0.20037615740740738 0.23509837962962962 0.19868827160493827 0.23268711419753085 0.19700038580246912 0.23075810185185183 0.1953125 0.22882908950617284 0.1929012345679012 0.22762345679012344 0.1909722222222222
0 0.26837384259259256 0.18012152777777776 0.25872878086419754 0.18036265432098764 0.25655864197530864 0.18012152777777776 0.25414737654320985 0.17963927469135801 0.2514949845679012 0.17915702160493827 0.24980709876543208 0.17867476851851852 0.24787808641975306 0.17746913580246912 0.2464313271604938 0.17698688271604937 0.2454668209876543 0.17602237654320987 0.2445023148148148 0.1745756172839506 0.2445023148148148 0.17288773148148145 0.24594907407407404 0.17216435185185183 0.24715470679012344 0.17168209876543208 0.24932484567901234 0.17095871913580246 0.2534239969135802 0.17047646604938269 0.25631751543209874 0.17047646604938269 0.2681327160493827 0.1707175925925926 0.27174961419753085 0.17119984567901234 0.2734375 0.1714409722222222 0.27826003086419754 0.1714409722222222 0.2804301697530864 0.1714409722222222 0.28163580246913583 0.1714409722222222 0.2835648148148148 0.1714409722222222 0.28597608024691357 0.17168209876543208 0.2874228395061728 0.17192322530864196 0.28886959876543206 0.17192322530864196 0.2900752314814815 0.1724054783950617 0.2905574845679012 0.17385223765432095 0.28838734567901236 0.17602237654320987 0.2866994598765432 0.17722800925925924 0.2852527006172839 0.17819251543209877 0.2828414351851852 0.17915702160493827 0.275366512345679 0.17963927469135801
1 0.038339120370370364 0.1335841049382716 0.03327546296296296 0.1285204475308642 0.02917631172839506 0.12080439814814814 0.02845293209876543 0.11887538580246913 0.027488425925925923 0.11670524691358024 0.02652391975308642 0.11477623456790123 0.025077160493827157 0.11212384259259259 0.02435378086419753 0.10874807098765431 0.023871527777777776 0.10464891975308642 0.023871527777777776 0.10175540123456789 0.02411265432098765 0.09910300925925926 0.024594907407407406 0.09620949074074073 0.025559413580246913 0.09331597222222222 0.02652391975308642 0.09066358024691358 0.02797067901234568 0.08897569444444443 0.02989969135802469 0.08704668209876543 0.03206983024691358 0.08559992283950617 0.03423996913580247 0.08463541666666667 0.037133487654320986 0.08342978395061727 0.04050925925925926 0.08198302469135801 0.04364390432098765 0.08101851851851852 0.046296296296296294 0.08005401234567901 0.0482253086419753 0.07957175925925926 0.050154320987654315 0.07908950617283951 0.05232445987654321 0.07908950617283951 0.05449459876543209 0.07908950617283951 0.057146990740740734 0.07981288580246913 0.059558256172839504 0.08101851851851852 0.061246141975308636 0.08174189814814814 0.06317515432098765 0.08294753086419752 0.06486304012345678 0.0843942901234568 0.06655092592592592 0.08559992283950617 0.06823881172839505 0.08704668209876543 0.06992669753086418 0.08873456790123456 0.07137345679012345 0.09018132716049382 0.07282021604938271 0.09259259259259259 0.07426697530864197 0.09476273148148147 0.07523148148148147 0.09669174382716048 0.07667824074074073 0.09934413580246913 0.07788387345679013 0.10151427469135801 0.07836612654320987 0.1036844135802469 0.07908950617283951 0.10657793209876543 0.07957175925925926 0.10898919753086418 0.08005401234567901 0.11115933641975309 0.08005401234567901 0.11236496913580246 0.08053626543209876 0.11381172839506172 0.08077739197530863 0.11549961419753085 0.08053626543209876 0.11791087962962962 0.07981288580246913 0.11983989197530863 0.078125 0.12297453703703702 0.07667824074074073 0.12610918209876543 0.07547260802469134 0.12876157407407407 0.07378472222222222 0.1316550925925926 0.07161458333333333 0.13430748456790123 0.06920331790123456 0.1355131172839506 0.0658275462962963 0.1364776234567901 0.06245177469135802 0.13720100308641975 0.05979938271604938 0.13720100308641975 0.05642361111111111 0.13744212962962962 0.05401234567901234 0.1376832561728395 0.050395447530864196 0.1376832561728395 0.04677854938271605 0.13695987654320987 0.044126157407407406 0.13623649691358025 0.04123263888888888 0.13503086419753085
1 0.10416666666666667 0.10223765432098765 0.10754243827160494 0.0935570987654321 0.10923032407407406 0.09114583333333333 0.1109182098765432 0.08849344135802469 0.11284722222222222 0.08584104938271604 0.11549961419753085 0.08270640432098765 0.11839313271604938 0.07981288580246913 0.12104552469135801 0.07788387345679013 0.12393904320987653 0.07643711419753085 0.12586805555555555 0.07571373456790123 0.13310185185185183 0.07474922839506172 0.1364776234567901 0.0740258487654321 0.13937114197530862 0.07354359567901234 0.14250578703703703 0.07306134259259259 0.14515817901234568 0.07233796296296297 0.14781057098765432 0.07209683641975309 0.15070408950617284 0.07209683641975309 0.15432098765432098 0.07233796296296297 0.15793788580246912 0.07257908950617284 0.1613136574074074 0.07330246913580246 0.16420717592592593 0.0740258487654321 0.1675829475308642 0.07547260802469134 0.1695119598765432 0.07619598765432098 0.17216435185185183 0.07716049382716049 0.1755401234567901 0.07860725308641975 0.17819251543209877 0.08005401234567901 0.18132716049382716 0.08174189814814814 0.18397955246913578 0.0831886574074074 0.18639081790123455 0.08487654320987655 0.18856095679012344 0.08777006172839505 0.18976658950617284 0.09042245370370369 0.1909722222222222 0.09379822530864197 0.19145447530864196 0.09596836419753085 0.19145447530864196 0.09789737654320987 0.19145447530864196 0.10054976851851852 0.1909722222222222 0.1027199074074074 0.18952546296296294 0.10464891975308642 0.1880787037037037 0.1068190586419753 0.18639081790123455 0.10923032407407406 0.18446180555555552 0.11140046296296297 0.18301504629629628 0.11260609567901234 0.1798804012345679 0.11453510802469134 0.1733699845679012 0.11791087962962962 0.16999421296296294 0.11935763888888888 0.16685956790123455 0.12008101851851852 0.16396604938271603 0.12056327160493827 0.16083140432098764 0.12152777777777776 0.15745563271604937 0.1222511574074074 0.15480324074074076 0.12249228395061727 0.15166859567901234 0.12297453703703702 0.14877507716049382 0.12345679012345677 0.14467592592592593 0.12418016975308642 0.14105902777777776 0.12514467592592593 0.13671875 0.1263503086419753 0.1333429783950617 0.1263503086419753 0.12972608024691357 0.12562692901234568 0.12610918209876543 0.12490354938271604 0.1232156635802469 0.1244212962962963 0.12080439814814814 0.12393904320987653 0.11839313271604938 0.12345679012345677 0.11453510802469134 0.12249228395061727 0.11164158950617284 0.12152777777777776 0.10850694444444443 0.11983989197530863 0.1068190586419753 0.11839313271604938 0.10513117283950617 0.1159818672839506 0.1039255401234568 0.1130883487654321 0.10320216049382715 0.11043595679012344 0.10320216049382715 0.10802469135802469 0.10320216049382715 0.10537229938271604
1 0.17216435185185183 0.05377121913580247 0.16468942901234568 0.05280671296296296 0.1622781635802469 0.05232445987654321 0.15962577160493827 0.052083333333333336 0.15697337962962962 0.051118827160493825 0.1550443672839506 0.050154320987654315 0.15456211419753085 0.0472608024691358 0.15335648148148145 0.045572916666666664 0.1519097222222222 0.04436728395061728 0.15046296296296294 0.043402777777777776 0.14877507716049382 0.04267939814814815 0.1468460648148148 0.04195601851851852 0.14539930555555552 0.04123263888888888 0.14347029320987653 0.040027006172839504 0.14202353395061726 0.038821373456790126 0.14009452160493827 0.037615740740740734 0.13816550925925924 0.0359278549382716 0.13695987654320987 0.03496334876543209 0.1357542438271605 0.033034336419753084 0.1355131172839506 0.03134645061728395 0.1355131172839506 0.02917631172839506 0.1355131172839506 0.02700617283950617 0.1357542438271605 0.024594907407407406 0.1364776234567901 0.021942515432098762 0.13720100308641975 0.01953125 0.13816550925925924 0.017843364197530864 0.13961226851851852 0.016396604938271605 0.1415412808641975 0.014226466049382715 0.14443479938271603 0.01181520061728395 0.14708719135802467 0.009886188271604939 0.14973958333333334 0.008439429012345678 0.15263310185185183 0.006751543209876543 0.15576774691358025 0.005304783950617284 0.15817901234567902 0.004581404320987654 0.1598668981481481 0.004581404320987654 0.1632426697530864 0.00554591049382716 0.1663773148148148 0.00699266975308642 0.1697530864197531 0.007957175925925925 0.1726466049382716 0.008921682098765432 0.1745756172839506 0.009645061728395061 0.1767457561728395 0.010850694444444444 0.17867476851851852 0.012297453703703703 0.18084490740740738 0.013503086419753086 0.18325617283950618 0.014949845679012344 0.18518518518518517 0.01591435185185185 0.1871141975308642 0.017119984567901234 0.18952546296296294 0.019048996913580245 0.19121334876543208 0.020013503086419752 0.19266010802469136 0.02073688271604938 0.19458912037037035 0.02218364197530864 0.19603587962962962 0.0236304012345679 0.19748263888888887 0.025559413580246913 0.1989293981481481 0.0277295524691358 0.2001350308641975 0.029658564814814815 0.20158179012345678 0.03206983024691358 0.20278742283950618 0.03423996913580247 0.20326967592592593 0.03689236111111111 0.20351080246913578 0.0390625 0.20351080246913578 0.04123263888888888 0.20302854938271603 0.044126157407407406 0.2023051697530864 0.04677854938271605 0.2013406635802469 0.04894868827160494 0.19965277777777776 0.050877700617283944 0.19772376543209877 0.05232445987654321 0.19555362654320987 0.05377121913580247 0.1919367283950617 0.054976851851851846 0.1871141975308642 0.0554591049382716 0.18446180555555552 0.0554591049382716 0.18205054012345678 0.05521797839506172 0.17891589506172836 0.05449459876543209
1 0.2994791666666667 0.06148726851851851 0.2961033950617284 0.05979938271604938 0.2905574845679012 0.05690586419753086 0.28838734567901236 0.05618248456790123 0.28597608024691357 0.05425347222222222 0.2845293209876543 0.052565586419753084 0.2835648148148148 0.050877700617283944 0.28235918209876537 0.04846643518518518 0.28115354938271603 0.04677854938271605 0.2794656635802469 0.044126157407407406 0.27826003086419754 0.04195601851851852 0.27777777777777773 0.040027006172839504 0.27777777777777773 0.037615740740740734 0.27777777777777773 0.03544560185185185 0.2785011574074074 0.03255208333333333 0.2794656635802469 0.029658564814814815 0.2813946759259259 0.02652391975308642 0.2833236882716049 0.02411265432098765 0.2854938271604938 0.022665895061728395 0.2886284722222222 0.02097800925925926 0.29296875 0.019048996913580245 0.2958622685185185 0.01808449074074074 0.2994791666666667 0.016155478395061727 0.3023726851851852 0.014708719135802469 0.30550733024691357 0.013503086419753086 0.3091242283950617 0.012538580246913579 0.3120177469135802 0.01181520061728395 0.3156346450617284 0.011332947530864198 0.31828703703703703 0.011332947530864198 0.3219039351851852 0.011332947530864198 0.3257619598765432 0.011574074074074073 0.32937885802469136 0.012297453703703703 0.33251350308641975 0.013020833333333334 0.33661265432098764 0.014226466049382715 0.3392650462962962 0.01519097222222222 0.3426408179012345 0.016396604938271605 0.3450520833333333 0.01760223765432099 0.3467399691358024 0.018807870370370367 0.34842785493827155 0.020495756172839504 0.34987461419753085 0.02218364197530864 0.3513213734567901 0.024836033950617283 0.35180362654320985 0.027247299382716045 0.35204475308641975 0.028694058641975308 0.3522858796296296 0.030623070987654318 0.3522858796296296 0.03351658950617284 0.35204475308641975 0.03496334876543209 0.3515625 0.03665123456790123 0.3503568672839506 0.038580246913580245 0.349633487654321 0.04026813271604938 0.3486689814814815 0.04195601851851852 0.3467399691358024 0.044608410493827154 0.3448109567901234 0.0472608024691358 0.3426408179012345 0.050154320987654315 0.3411940586419753 0.05184220679012345 0.3390239197530864 0.05377121913580247 0.33685378086419754 0.05570023148148148 0.33444251543209874 0.05690586419753086 0.3315489969135802 0.05835262345679012 0.32937885802469136 0.059076003086419755 0.3272087191358024 0.05979938271604938 0.3243152006172839 0.06052276234567901 0.3209394290123457 0.06100501543209876 0.31780478395061723 0.06148726851851851 0.3153935185185185 0.06148726851851851 0.31177662037037035 0.061969521604938266 0.3081597222222222 0.06221064814814815 0.30526620370370366 0.06245177469135802 0.30213155864197533 0.061969521604938266
1 0.1892843364197531 0.6276523919753086 0.19386574074074073 0.6242766203703703 0.1953125 0.623070987654321 0.19675925925925924 0.6218653549382716 0.19868827160493827 0.6201774691358024 0.19989390432098764 0.6196952160493827 0.20109953703703703 0.6194540895061728 0.20326967592592593 0.6194540895061728 0.20519868827160492 0.6194540895061728 0.2076099537037037 0.6194540895061728 0.2114679783950617 0.6189718364197531 0.2136381172839506 0.6187307098765431 0.21556712962962962 0.6187307098765431 0.21725501543209877 0.6189718364197531 0.21942515432098764 0.6199363425925924 0.22087191358024688 0.6209008487654321 0.22255979938271603 0.6221064814814814 0.22472993827160492 0.6233121141975307 0.22762345679012344 0.625 0.23075810185185183 0.626929012345679 0.2341338734567901 0.628858024691358 0.23654513888888887 0.6322337962962963 0.2384741512345679 0.6348861882716048 0.24064429012345678 0.6382619598765431 0.24233217592592593 0.6416377314814814 0.2454668209876543 0.64429012345679 0.2476369598765432 0.646219135802469 0.24908371913580246 0.648389274691358 0.24980709876543208 0.6505594135802468 0.25028935185185186 0.6536940586419753 0.2505304783950617 0.6568287037037037 0.2505304783950617 0.660204475308642 0.25004822530864196 0.6630979938271604 0.24932484567901234 0.6664737654320987 0.24860146604938269 0.6700906635802468 0.24787808641975306 0.6739486882716048 0.2457079475308642 0.6782889660493827 0.24377893518518517 0.6823881172839505 0.24233217592592593 0.685522762345679 0.24064429012345678 0.6879340277777778 0.23823302469135801 0.6908275462962963 0.23582175925925924 0.6939621913580247 0.23244598765432095 0.6970968364197531 0.22207754629629628 0.7019193672839505 0.2184606481481481 0.7021604938271604 0.21339699074074073 0.7019193672839505 0.20809220679012344 0.700954861111111 0.2044753086419753 0.6999903549382716 0.20158179012345678 0.6987847222222221 0.19868827160493827 0.6970968364197531 0.19579475308641975 0.6951678240740741 0.1919367283950617 0.6929976851851851 0.18952546296296294 0.6910686728395061 0.18759645061728394 0.6886574074074073 0.1859085648148148 0.6857638888888888 0.18446180555555552 0.6823881172839505 0.18325617283950618 0.6790123456790124 0.18229166666666666 0.6751543209876544 0.18108603395061726 0.6708140432098765 0.18036265432098764 0.6667148919753086 0.1798804012345679 0.6630979938271604 0.1793981481481481 0.658275462962963 0.17963927469135801 0.6539351851851851 0.17963927469135801 0.6498360339506172 0.1798804012345679 0.6454957561728395 0.18036265432098764 0.6413966049382716 0.18084490740740738 0.6380208333333334 0.1818094135802469 0.6353684413580247 0.18349729938271603 0.6329571759259258 0.18542631172839505 0.6305459104938271
1 0.5895543981481481 0.9972993827160493 0.5881076388888888 0.9960937499999999 0.5844907407407407 0.9917534722222221 0.5835262345679012 0.9903067129629629 0.5825617283950617 0.9886188271604938 0.5815972222222221 0.9862075617283951 0.5811149691358024 0.9842785493827161 0.5811149691358024 0.9825906635802468 0.5811149691358024 0.9801793981481481 0.5811149691358024 0.978250385802469 0.5818383487654321 0.9755979938271604 0.5825617283950617 0.9727044753086419 0.5830439814814814 0.9712577160493827 0.583767361111111 0.9688464506172838 0.5849729938271604 0.9669174382716048 0.5861786265432098 0.9657118055555555 0.587866512345679 0.9645061728395061 0.5902777777777778 0.9633005401234568 0.5936535493827161 0.9616126543209875 0.5965470679012345 0.9601658950617283 0.5987172067901234 0.9592013888888888 0.6001639660493827 0.9584780092592592 0.6030574845679012 0.9584780092592592 0.6088445216049382 0.9584780092592592 0.6117380401234568 0.958719135802469 0.6139081790123456 0.958719135802469 0.6163194444444444 0.9594425154320987 0.6189718364197531 0.9604070216049382 0.6216242283950617 0.9616126543209875 0.6242766203703703 0.9625771604938271 0.6262056327160493 0.9637827932098765 0.6281346450617283 0.9649884259259258 0.6303047839506173 0.9666763117283951 0.6324749228395061 0.9683641975308641 0.6346450617283951 0.9700520833333333 0.6375385802469135 0.9724633487654321 0.6404320987654321 0.9751157407407407 0.642361111111111 0.9772858796296295 0.6433256172839505 0.9801793981481481 0.6433256172839505 0.9830729166666665 0.6433256172839505 0.9869309413580247 0.6433256172839505 0.9910300925925924 0.6430844907407407 0.9934413580246914 0.6430844907407407 0.9953703703703703 0.6428734340958605 0.9989583333333333 0.5905189043209876 0.9989583333333333
1 0.6331983024691358 0.9092881944444444 0.6276523919753086 0.9061535493827161 0.6254822530864197 0.9044656635802468 0.6221064814814814 0.9010898919753085 0.6206597222222221 0.8996431327160493 0.6194540895061728 0.89819637345679 0.6180073302469135 0.8960262345679012 0.6170428240740741 0.8940972222222221 0.6165605709876544 0.8924093364197531 0.6153549382716048 0.8897569444444444 0.6146315586419753 0.8875868055555555 0.6141493055555555 0.8856577932098765 0.6136670524691358 0.8837287808641975 0.6134259259259258 0.8813175154320987 0.6134259259259258 0.87890625 0.6134259259259258 0.876736111111111 0.6136670524691358 0.8752893518518517 0.6143904320987654 0.8740837191358024 0.6155960648148148 0.8721547067901234 0.6172839506172839 0.8702256944444444 0.6184895833333334 0.8692611882716048 0.6199363425925924 0.8687789351851851 0.6221064814814814 0.8673321759259258 0.6240354938271604 0.8658854166666666 0.6257233796296297 0.8649209104938271 0.6276523919753086 0.8639564043209875 0.6298225308641975 0.863233024691358 0.6334394290123456 0.8627507716049382 0.6372974537037037 0.8617862654320987 0.6404320987654321 0.8615451388888888 0.6450135030864197 0.8615451388888888 0.6505594135802468 0.8620273919753085 0.6546585648148148 0.8622685185185185 0.6594810956790124 0.8627507716049382 0.662133487654321 0.863233024691358 0.6647858796296297 0.8639564043209875 0.6671971450617283 0.8654031635802468 0.6696084104938271 0.8666087962962962 0.6717785493827161 0.8680555555555555 0.6751543209876544 0.8692611882716048 0.6792534722222221 0.8704668209876542 0.6819058641975307 0.8714313271604938 0.6840760030864197 0.8723958333333334 0.6862461419753086 0.8743248456790124 0.6879340277777778 0.8757716049382716 0.6908275462962963 0.8781828703703703 0.6925154320987654 0.8801118827160493 0.6944444444444444 0.8825231481481481 0.6963734567901234 0.8856577932098765 0.6970968364197531 0.8895158179012345 0.6970968364197531 0.8926504629629629 0.6961323302469135 0.8955439814814814 0.6949266975308641 0.8979552469135802 0.6929976851851851 0.9018132716049382 0.6905864197530864 0.9049479166666665 0.6884162808641975 0.9076003086419752 0.6857638888888888 0.9104938271604938 0.6831114969135802 0.9126639660493827 0.6792534722222221 0.9148341049382716 0.6744309413580247 0.9167631172839505 0.6705729166666666 0.91772762345679 0.6664737654320987 0.9179687499999999 0.6626157407407407 0.9184510030864197 0.6580343364197531 0.9182098765432098 0.6544174382716048 0.91772762345679 0.6495949074074073 0.9170042438271604 0.646219135802469 0.9162808641975307 0.6438078703703703 0.9153163580246914 0.6416377314814814 0.9141107253086419 0.6389853395061728 0.9129050925925924 0.6370563271604938 0.9119405864197531
1 0.6577932098765431 0.8282696759259258 0.6527295524691358 0.8268229166666666 0.6452546296296297 0.8244116512345678 0.6435667438271604 0.8229648919753085 0.6416377314814814 0.8215181327160493 0.6397087191358024 0.8198302469135802 0.6377797067901234 0.8186246141975307 0.6356095679012345 0.8174189814814814 0.6331983024691358 0.8157310956790124 0.6317515432098765 0.8138020833333334 0.6300636574074073 0.8111496913580247 0.6283757716049382 0.8092206790123456 0.6271701388888888 0.8072916666666666 0.6262056327160493 0.804639274691358 0.6254822530864197 0.8015046296296295 0.6254822530864197 0.7976466049382716 0.6264467592592592 0.7937885802469135 0.6278935185185185 0.7908950617283951 0.6303047839506173 0.7894483024691358 0.6331983024691358 0.7882426697530864 0.6380208333333334 0.787037037037037 0.6418788580246914 0.7863136574074073 0.6452546296296297 0.7853491512345678 0.6479070216049382 0.7846257716049382 0.6515239197530864 0.7839023919753085 0.6548996913580247 0.7836612654320987 0.658275462962963 0.7836612654320987 0.661892361111111 0.7836612654320987 0.6671971450617283 0.7836612654320987 0.6727430555555555 0.7843846450617283 0.681664737654321 0.7867959104938271 0.68359375 0.7877604166666666 0.685522762345679 0.7889660493827161 0.6869695216049382 0.7901716820987654 0.6888985339506172 0.7921006944444444 0.6901041666666666 0.7937885802469135 0.6910686728395061 0.7961998456790124 0.6927565586419753 0.7983699845679012 0.6942033179012345 0.8000578703703703 0.6958912037037037 0.8012635030864197 0.6978202160493827 0.802469135802469 0.699266975308642 0.8051215277777778 0.6995081018518517 0.806568287037037 0.6985435956790124 0.8082561728395061 0.6968557098765431 0.8099440586419752 0.6954089506172838 0.8121141975308641 0.6934799382716048 0.8140432098765431 0.6917920524691358 0.8159722222222221 0.6898630401234568 0.818142361111111 0.6867283950617283 0.8212770061728395 0.68359375 0.8239293981481481 0.681423611111111 0.8248939043209876 0.6725019290123456 0.8275462962962962 0.6643036265432098 0.8282696759259258
1 0.6980613425925924 0.7277199074074073 0.6927565586419753 0.7248263888888888 0.6908275462962963 0.7236207561728395 0.6888985339506172 0.7221739969135802 0.687451774691358 0.7212094907407407 0.6860050154320987 0.7200038580246914 0.6843171296296297 0.7183159722222221 0.6823881172839505 0.7166280864197531 0.6807002314814814 0.7151813271604938 0.6792534722222221 0.7134934413580247 0.6775655864197531 0.7113233024691358 0.6763599537037037 0.708912037037037 0.6749131944444444 0.706983024691358 0.6741898148148148 0.7055362654320987 0.6729841820987654 0.7033661265432098 0.6715374228395061 0.700954861111111 0.6708140432098765 0.6983024691358024 0.6705729166666666 0.6958912037037037 0.6710551697530864 0.6934799382716048 0.6717785493827161 0.6908275462962963 0.6727430555555555 0.6881751543209876 0.6739486882716048 0.685522762345679 0.6751543209876544 0.68359375 0.6766010802469135 0.6819058641975307 0.6780478395061728 0.6802179783950617 0.6799768518518517 0.6785300925925924 0.6823881172839505 0.6768422067901234 0.6850405092592592 0.6749131944444444 0.6876929012345678 0.6734664351851851 0.6901041666666666 0.6722608024691358 0.6913097993827161 0.6720196759259258 0.6944444444444444 0.6722608024691358 0.6980613425925924 0.6729841820987654 0.7002314814814814 0.6737075617283951 0.703125 0.6744309413580247 0.7055362654320987 0.6753954475308641 0.7081886574074073 0.6763599537037037 0.7113233024691358 0.677806712962963 0.7151813271604938 0.679735725308642 0.7178337191358024 0.681664737654321 0.720486111111111 0.6831114969135802 0.72241512345679 0.6845582561728395 0.7255497685185185 0.6867283950617283 0.7279610339506172 0.6888985339506172 0.7296489197530864 0.6905864197530864 0.7310956790123456 0.6917920524691358 0.7332658179012345 0.6939621913580247 0.7344714506172838 0.6956500771604938 0.7356770833333334 0.6985435956790124 0.7361593364197531 0.700954861111111 0.7371238425925924 0.7045717592592592 0.7378472222222221 0.7077064043209876 0.7380883487654321 0.7101176697530864 0.7385706018518517 0.7125289351851851 0.7385706018518517 0.7151813271604938 0.7385706018518517 0.7168692129629629 0.7380883487654321 0.7192804783950617 0.7373649691358024 0.7216917438271604 0.7366415895061728 0.7238618827160493 0.7354359567901234 0.7257908950617283 0.7339891975308641 0.7279610339506172 0.7327835648148148 0.7298900462962962 0.7310956790123456 0.7313368055555555 0.7294077932098765 0.7323013117283951 0.7277199074074073 0.7330246913580247 0.7257908950617283 0.7332658179012345 0.72241512345679 0.7332658179012345 0.7139756944444444 0.7325424382716048 0.7079475308641975 0.7313368055555555 0.7052951388888888 0.7308545524691358 0.7033661265432098 0.7301311728395061 0.7004726080246914 0.7286844135802468
1 0.5107060185185185 0.21026234567901234 0.5058834876543209 0.20568094135802467 0.5049189814814814 0.20351080246913578 0.5034722222222222 0.20158179012345678 0.5020254629629629 0.1994116512345679 0.5005787037037037 0.19724151234567902 0.4991319444444444 0.1941068672839506 0.4981674382716049 0.19145447530864196 0.497926311728395 0.1880787037037037 0.49840856481481477 0.18422067901234568 0.49937307098765427 0.1818094135802469 0.5010609567901234 0.17963927469135801 0.5034722222222222 0.17626350308641975 0.5066068672839505 0.17385223765432095 0.5099826388888888 0.17119984567901234 0.513599537037037 0.1685474537037037 0.5172164351851852 0.16613618827160492 0.5208333333333333 0.16372492283950618 0.5237268518518519 0.16203703703703703 0.5266203703703703 0.1613136574074074 0.5302372685185185 0.16059027777777776 0.5340952932098765 0.16010802469135801 0.5372299382716049 0.1598668981481481 0.5420524691358024 0.15962577160493827 0.5456693672839507 0.15962577160493827 0.5500096450617283 0.15962577160493827 0.5543499228395061 0.1598668981481481 0.5574845679012345 0.1603491512345679 0.5611014660493827 0.1610725308641975 0.5652006172839507 0.16203703703703703 0.5692997685185185 0.1632426697530864 0.572193287037037 0.16420717592592593 0.5746045524691358 0.1654128086419753 0.5765335648148148 0.16661844135802467 0.5782214506172839 0.16806520061728394 0.580150462962963 0.1697530864197531 0.5825617283950617 0.1724054783950617 0.584008487654321 0.1748167438271605 0.5849729938271604 0.17771026234567902 0.5854552469135802 0.18084490740740738 0.58569637345679 0.18349729938271603 0.58569637345679 0.18639081790123455 0.5852141203703703 0.1890432098765432 0.5844907407407407 0.1919367283950617 0.5835262345679012 0.1950713734567901 0.5825617283950617 0.19748263888888887 0.5813560956790124 0.19965277777777776 0.5799093364197531 0.20158179012345678 0.5782214506172839 0.20351080246913578 0.5760513117283951 0.20495756172839505 0.5736400462962963 0.2064043209876543 0.5709876543209876 0.20712770061728394 0.5676118827160493 0.2078510802469136 0.5652006172839507 0.20833333333333334 0.562548225308642 0.20905671296296294 0.5591724537037037 0.20953896604938269 0.5570023148148148 0.21002121913580246 0.5541087962962963 0.2105034722222222 0.5519386574074073 0.21098572530864196 0.5490451388888888 0.2117091049382716 0.5461516203703703 0.2124324845679012 0.5437403549382717 0.21291473765432095 0.5396412037037037 0.21412037037037035 0.5353009259259258 0.21484375 0.5314429012345678 0.21508487654320987 0.5285493827160493 0.21508487654320987 0.525173611111111 0.21484375 0.5217978395061728 0.21412037037037035 0.5186631944444444 0.21315586419753085 0.5157696759259259 0.21195023148148145 0.5133584104938271 0.21074459876543208
1 0.48948688271604934 0.12080439814814814 0.48418209876543206 0.12104552469135801 0.48225308641975306 0.12056327160493827 0.48177083333333326 0.12056327160493827 0.4815297067901234 0.12056327160493827 0.47887731481481477 0.12008101851851852 0.4757426697530864 0.11935763888888888 0.4728491512345679 0.11863425925925926 0.470679012345679 0.11791087962962962 0.46778549382716045 0.11622299382716048 0.46513310185185186 0.11453510802469134 0.4629629629629629 0.11212384259259259 0.46175733024691357 0.10947145061728394 0.46175733024691357 0.10633680555555555 0.46223958333333326 0.10416666666666667 0.4632040895061728 0.10103202160493827 0.4639274691358024 0.09862075617283951 0.4648919753086419 0.0954861111111111 0.46561535493827155 0.09235146604938271 0.46657986111111105 0.08921682098765431 0.46802662037037035 0.0872878086419753 0.4704378858024691 0.08511766975308642 0.47260802469135804 0.08342978395061727 0.4759837962962962 0.08077739197530863 0.47911844135802467 0.07933063271604938 0.4820119598765432 0.078125 0.48562885802469136 0.0769193672839506 0.48948688271604934 0.0759548611111111 0.4938271604938271 0.07474922839506172 0.4981674382716049 0.0740258487654321 0.5008198302469136 0.0740258487654321 0.5049189814814814 0.0740258487654321 0.509741512345679 0.0740258487654321 0.5128761574074073 0.07474922839506172 0.5172164351851852 0.07547260802469134 0.5201099537037037 0.0759548611111111 0.5232445987654321 0.07716049382716049 0.5261381172839505 0.07836612654320987 0.5285493827160493 0.07957175925925926 0.5304783950617283 0.08150077160493827 0.5324074074074073 0.08342978395061727 0.5343364197530864 0.08559992283950617 0.5360243055555555 0.08801118827160494 0.5377121913580247 0.0913869598765432 0.5386766975308641 0.09500385802469134 0.5389178240740741 0.09789737654320987 0.5389178240740741 0.10006751543209876 0.5389178240740741 0.10320216049382715 0.5377121913580247 0.1058545524691358 0.5365065586419753 0.10850694444444443 0.5353009259259258 0.1109182098765432 0.5328896604938271 0.11212384259259259 0.5299961419753086 0.1130883487654321 0.5273437499999999 0.11332947530864197 0.5242091049382716 0.11357060185185185 0.5213155864197531 0.11381172839506172 0.5186631944444444 0.11429398148148147 0.5160108024691358 0.11525848765432098 0.5133584104938271 0.11646412037037036 0.5109471450617283 0.11718749999999999 0.50757137345679 0.11815200617283951 0.5044367283950617 0.11887538580246913 0.5003375771604938 0.11959876543209876 0.4974440586419753 0.12008101851851852 0.4943094135802469 0.12032214506172839
1 0.6329571759259258 0.11477623456790123 0.6305459104938271 0.11043595679012344 0.6293402777777778 0.10778356481481481 0.6286168981481481 0.10513117283950617 0.6281346450617283 0.10247878086419752 0.6278935185185185 0.10006751543209876 0.6276523919753086 0.09741512345679013 0.6278935185185185 0.09596836419753085 0.6286168981481481 0.09403935185185185 0.6295814043209876 0.09235146604938271 0.6312692901234568 0.08994020061728394 0.6327160493827161 0.08849344135802469 0.6346450617283951 0.08680555555555555 0.6363329475308641 0.08559992283950617 0.6382619598765431 0.08463541666666667 0.640673225308642 0.08391203703703703 0.6428433641975307 0.08342978395061727 0.6454957561728395 0.08342978395061727 0.648389274691358 0.08342978395061727 0.6512827932098765 0.08342978395061727 0.6544174382716048 0.08415316358024691 0.6570698302469135 0.08487654320987655 0.6597222222222221 0.08584104938271604 0.6626157407407407 0.08680555555555555 0.6650270061728395 0.08777006172839505 0.667920524691358 0.08873456790123456 0.6712962962962963 0.09042245370370369 0.6744309413580247 0.09162808641975309 0.6773244598765431 0.09259259259259259 0.6794945987654321 0.09331597222222222 0.681664737654321 0.09403935185185185 0.68359375 0.09500385802469134 0.685522762345679 0.09620949074074073 0.6876929012345678 0.09765625 0.6908275462962963 0.09982638888888888 0.6925154320987654 0.10199652777777776 0.6942033179012345 0.1039255401234568 0.6954089506172838 0.10609567901234568 0.6963734567901234 0.10874807098765431 0.697337962962963 0.11140046296296297 0.6980613425925924 0.11381172839506172 0.6983024691358024 0.11646412037037036 0.6978202160493827 0.11959876543209876 0.6961323302469135 0.1222511574074074 0.6939621913580247 0.12490354938271604 0.6922743055555555 0.12659143518518517 0.6901041666666666 0.12900270061728394 0.6879340277777778 0.13069058641975306 0.6864872685185185 0.1316550925925926 0.6831114969135802 0.1335841049382716 0.6782889660493827 0.13503086419753085 0.6744309413580247 0.13503086419753085 0.6681616512345678 0.13406635802469136 0.6662326388888888 0.13382523148148145 0.6635802469135802 0.1335841049382716 0.6604456018518517 0.13286072530864196 0.6575520833333334 0.13189621913580246 0.6551408179012345 0.13093171296296297 0.6520061728395061 0.1294849537037037 0.6491126543209876 0.12827932098765432 0.646460262345679 0.12683256172839505 0.642361111111111 0.1244212962962963 0.6397087191358024 0.12249228395061727 0.6368152006172838 0.12032214506172839 0.6353684413580247 0.11887538580246913 0.6341628086419753 0.11742862654320987
1 0.6942033179012345 0.03568672839506173 0.6888985339506172 0.032310956790123455 0.6872106481481481 0.030864197530864192 0.685281635802469 0.028935185185185182 0.68335262345679 0.02700617283950617 0.6811824845679012 0.024594907407407406 0.679735725308642 0.022665895061728395 0.6782889660493827 0.02073688271604938 0.6773244598765431 0.019048996913580245 0.6766010802469135 0.01736111111111111 0.6753954475308641 0.014949845679012344 0.6749131944444444 0.012779706790123456 0.6751543209876544 0.010609567901234568 0.6758777006172838 0.008680555555555554 0.6770833333333334 0.006269290123456789 0.6780478395061728 0.003858024691358024 0.6792534722222221 0.001929012345679012 0.681664737654321 0.0002411265432098765 0.746045524691358 0.0 0.7465277777777778 0.0007233796296296296 0.7489390432098765 0.0031346450617283947 0.7501446759259258 0.004340277777777777 0.7511091820987654 0.00554591049382716 0.7520736882716048 0.007716049382716048 0.7530381944444444 0.010127314814814815 0.7542438271604938 0.012779706790123456 0.7552083333333334 0.015432098765432096 0.7561728395061728 0.017843364197530864 0.7566550925925924 0.020013503086419752 0.7571373456790124 0.02218364197530864 0.7571373456790124 0.02435378086419753 0.7571373456790124 0.027247299382716045 0.7571373456790124 0.029658564814814815 0.7566550925925924 0.031105324074074073 0.7556905864197531 0.033034336419753084 0.7544849537037037 0.03472222222222222 0.7525559413580247 0.03641010802469136 0.7496624228395061 0.038821373456790126 0.7482156635802468 0.04026813271604938 0.7467689043209876 0.04147376543209876 0.7436342592592592 0.04292052469135802 0.740258487654321 0.043885030864197525 0.7366415895061728 0.04533179012345679 0.7337480709876544 0.045572916666666664 0.728443287037037 0.04605516975308642 0.7257908950617283 0.046296296296296294 0.7219328703703703 0.045814043209876545 0.7183159722222221 0.04509066358024691 0.7146990740740741 0.04436728395061728 0.7115644290123456 0.0431616512345679 0.7074652777777778 0.0421971450617284 0.7038483796296295 0.04099151234567901 0.701195987654321 0.040027006172839504 0.6987847222222221 0.038580246913580245 0.6966145833333334 0.037133487654320986
1 0.42751736111111105 0.02146026234567901 0.42221257716049376 0.01760223765432099 0.419801311728395 0.015432098765432096 0.4185956790123457 0.01398533950617284 0.4166666666666667 0.012056327160493825 0.4157021604938272 0.010850694444444444 0.4152199074074074 0.009162808641975308 0.4142554012345679 0.006751543209876543 0.4137731481481481 0.005304783950617284 0.41353202160493824 0.0033757716049382714 0.4137731481481481 0.0014467592592592592 0.41401427469135804 0.0 0.5162519290123456 0.0 0.5167341820987654 0.0028935185185185184 0.5160108024691358 0.006751543209876543 0.5155285493827161 0.008198302469135802 0.5148051697530864 0.009886188271604939 0.5138406635802469 0.011332947530864198 0.5131172839506173 0.012779706790123456 0.5121527777777778 0.014467592592592591 0.5111882716049382 0.016155478395061727 0.509500385802469 0.01808449074074074 0.5063657407407407 0.020495756172839504 0.5039544753086419 0.021942515432098762 0.5015432098765432 0.022907021604938273 0.49985532407407407 0.0236304012345679 0.4969618055555555 0.025077160493827157 0.49358603395061723 0.02652391975308642 0.4904513888888889 0.0277295524691358 0.48755787037037035 0.028935185185185182 0.4844232253086419 0.030140817901234566 0.4820119598765432 0.030623070987654318 0.4786361882716049 0.030864197530864192 0.47526041666666663 0.030864197530864192 0.47116126543209874 0.030623070987654318 0.4673032407407407 0.030140817901234566 0.4629629629629629 0.029658564814814815 0.45934606481481477 0.02917631172839506 0.4564525462962962 0.028935185185185182 0.4528356481481481 0.02845293209876543 0.45042438271604934 0.028211805555555556 0.4477719907407407 0.0277295524691358 0.4453607253086419 0.027247299382716045 0.4424672067901234 0.02652391975308642 0.4388503086419753 0.025800540123456787 0.43643904320987653 0.025077160493827157 0.4342689043209876 0.02411265432098765 0.431616512345679 0.023148148148148147
1 0.7893764775413712 0.9988179669030733 0.7871601654846336 0.9917996453900709 0.7864213947990544 0.9892139479905439 0.7853132387706856 0.9869976359338062 0.7842050827423168 0.9836731678486998 0.7834663120567377 0.9796099290780143 0.7823581560283689 0.9748079196217495 0.7823581560283689 0.9707446808510639 0.7827275413711585 0.9666814420803783 0.784943853427896 0.9626182033096927 0.7871601654846336 0.9589243498817968 0.79048463356974 0.9552304964539008 0.7927009456264776 0.9533835697399529 0.7952866430260048 0.9519060283687943 0.7993498817966903 0.9504284869976359 0.8034131205673759 0.9496897163120568 0.8074763593380615 0.9496897163120568 0.8119089834515366 0.9511672576832152 0.8159722222222222 0.9530141843971632 0.8196660756501183 0.9548611111111112 0.822621158392435 0.9574468085106383 0.824468085106383 0.9592937352245863 0.826315011820331 0.9618794326241136 0.8285313238770686 0.9652039007092199 0.8303782505910166 0.9685283687943262 0.8322251773049646 0.9711140661938535 0.8333333333333334 0.9733303782505911 0.8340721040189126 0.9759160756501183 0.8348108747044918 0.9792405437352246 0.8355496453900709 0.9829343971631206 0.8362884160756502 0.9877364066193854 0.8362884160756502 0.9925384160756502 0.8355496453900709 0.9962322695035462 0.8352088874113476 0.9989583333333333 0.8289007092198583 0.9989583333333333
1 0.8569739952718677 0.9242021276595745 0.8518026004728133 0.9171838061465721 0.8495862884160756 0.914598108747045 0.8470005910165486 0.910904255319149 0.8444148936170213 0.9064716312056739 0.8407210401891253 0.9001920803782506 0.8381353427895982 0.8946513002364066 0.8359190307328606 0.8894799054373522 0.8344414893617021 0.8861554373522459 0.8329639479905439 0.8809840425531915 0.831855791962175 0.8765514184397163 0.8311170212765958 0.8728575650118203 0.8307476359338062 0.8684249408983452 0.8303782505910166 0.86399231678487 0.8303782505910166 0.8588209219858156 0.8307476359338062 0.85475768321513 0.831855791962175 0.8521719858156029 0.8344414893617021 0.8495862884160756 0.8377659574468086 0.8466312056737589 0.8403516548463357 0.8444148936170213 0.8433067375886526 0.842937352245863 0.8466312056737589 0.8410904255319149 0.8506944444444445 0.8385047281323879 0.8551270685579196 0.8381353427895982 0.8610372340425533 0.8381353427895982 0.8651004728132389 0.8392434988179669 0.8680555555555556 0.8407210401891253 0.8706412529550829 0.8421985815602837 0.8739657210401892 0.8444148936170213 0.8761820330969268 0.8458924349881797 0.8791371158392436 0.8481087470449172 0.8817228132387707 0.8506944444444445 0.884308510638298 0.8536495271867612 0.8872635933806147 0.8573433806146572 0.8902186761229315 0.860298463356974 0.8924349881796692 0.8632535460992908 0.8950206855791962 0.8662086288416077 0.8972369976359339 0.8702718676122932 0.8987145390070922 0.875073877068558 0.899822695035461 0.878767730496454 0.9013002364066195 0.8835697399527187 0.9020390070921986 0.8880023640661939 0.9027777777777779 0.8924349881796692 0.9031471631205675 0.8968676122931443 0.9035165484633569 0.9005614657210402 0.9035165484633569 0.9035165484633569 0.9035165484633569 0.907210401891253 0.9031471631205675 0.9116430260047282 0.9020390070921986 0.914598108747045 0.9009308510638299 0.9175531914893618 0.8994533096926715 0.9197695035460993 0.897975768321513 0.9223552009456265 0.896128841607565 0.9249408983451537 0.8935431442080379 0.9286347517730497 0.8909574468085106 0.9315898345153665 0.8880023640661939 0.9334367612293145 0.884308510638298 0.9345449172576833 0.8806146572104019 0.9349143026004729 0.8735963356973996 0.9349143026004729 0.8710106382978723 0.9349143026004729 0.8684249408983452 0.9338061465721041 0.865839243498818 0.9326979905437353 0.862145390070922 0.9301122931442082 0.8591903073286052 0.9282653664302601
1 0.7576093380614658 0.8233599290780143 0.7513297872340426 0.8181885342789599 0.7494828605200946 0.8159722222222222 0.7480053191489362 0.8141252955082743 0.7461583924349883 0.8119089834515366 0.7446808510638299 0.8093232860520095 0.7424645390070922 0.8063682033096927 0.7409869976359339 0.8030437352245863 0.7391400709219859 0.7997192671394799 0.738031914893617 0.7971335697399529 0.7372931442080379 0.7949172576832152 0.7365543735224587 0.7912234042553192 0.7358156028368795 0.7882683215130023 0.7358156028368795 0.7853132387706856 0.7354462174940899 0.7816193853427896 0.7354462174940899 0.7786643026004729 0.7358156028368795 0.7753398345153665 0.7369237588652483 0.7731235224586289 0.7391400709219859 0.769429669030733 0.7413563829787235 0.7661052009456265 0.7432033096926715 0.7642582742316786 0.7461583924349883 0.7613031914893617 0.7487440898345153 0.7594562647754137 0.7516991725768322 0.7579787234042553 0.7557624113475179 0.7568705673758865 0.758348108747045 0.7565011820330969 0.7620419621749409 0.7561317966903073 0.7653664302600472 0.7561317966903073 0.7697990543735226 0.7576093380614658 0.7738622931442081 0.7590868794326242 0.7779255319148937 0.7605644208037826 0.78125 0.7616725768321513 0.7853132387706856 0.763888888888889 0.7897458628841608 0.7661052009456265 0.7930703309692672 0.7683215130023642 0.796025413711584 0.7705378250591016 0.7993498817966903 0.7734929078014185 0.8019355791962176 0.7760786052009456 0.8037825059101655 0.7790336879432626 0.8059988179669032 0.783096926713948 0.8074763593380615 0.786790780141844 0.8093232860520095 0.7908540189125296 0.8104314420803783 0.7945478723404256 0.8111702127659576 0.7986111111111112 0.8115395981087471 0.8034131205673759 0.8115395981087471 0.8071069739952719 0.8115395981087471 0.8104314420803783 0.8115395981087471 0.8126477541371159 0.8104314420803783 0.8159722222222222 0.8085845153664303 0.818927304964539 0.8067375886524822 0.8215130023640662 0.8045212765957447 0.8229905437352246 0.8019355791962176 0.8240986997635935 0.7989804964539008 0.8259456264775414 0.796025413711584 0.8277925531914894 0.7927009456264776 0.8292700945626479 0.79048463356974 0.8300088652482269 0.7878989361702129 0.8307476359338062 0.7853132387706856 0.8314864066193853 0.7805112293144209 0.8314864066193853 0.7768173758865249 0.831855791962175 0.7742316784869977 0.8314864066193853 0.7712765957446809 0.8303782505910166 0.7672133569739953 0.8289007092198583 0.7627807328605202 0.8270537825059102
1 0.9988179669030733 0.8743351063829788 0.9914302600472813 0.8783983451536643 0.9892139479905439 0.878767730496454 0.9847813238770686 0.878767730496454 0.9803486997635935 0.8783983451536643 0.9766548463356975 0.8780289598108748 0.9733303782505911 0.8765514184397163 0.9703752955082743 0.8747044917257684 0.9681589834515366 0.8721187943262412 0.9663120567375887 0.869533096926714 0.9644651300236406 0.8669473995271868 0.9637263593380615 0.8643617021276596 0.9604018912529552 0.8569739952718677 0.9592937352245863 0.8543882978723405 0.9585549645390071 0.8510638297872342 0.9585549645390071 0.8477393617021277 0.9596631205673759 0.8451536643026005 0.9611406619385343 0.8425679669030733 0.9626182033096927 0.8399822695035462 0.9648345153664303 0.837396572104019 0.9674202127659576 0.8344414893617021 0.9696365248226951 0.8322251773049646 0.9718528368794327 0.8292700945626479 0.9740691489361702 0.8266843971631206 0.9762854609929079 0.8248374704491727 0.9792405437352246 0.8233599290780143 0.9821956264775414 0.8215130023640662 0.9847813238770686 0.8200354609929079 0.9873670212765958 0.8185579196217495 0.9903221040189126 0.8167109929078015 0.9925384160756502 0.8159722222222222 0.9947547281323879 0.8156028368794327 0.9969710401891253 0.8156028368794327 0.9989583333333333 0.8156028368794327
1 0.769429669030733 0.6530732860520095 0.763888888888889 0.6493794326241136 0.7609338061465721 0.6475325059101655 0.7594562647754137 0.6456855791962176 0.7576093380614658 0.6434692671394799 0.7553930260047282 0.6405141843971632 0.7535460992907802 0.6382978723404256 0.7516991725768322 0.6353427895981089 0.7502216312056739 0.6323877068557919 0.749113475177305 0.628693853427896 0.7480053191489362 0.6246306146572105 0.7468971631205673 0.6205673758865249 0.7465277777777779 0.6165041371158393 0.7461583924349883 0.6124408983451537 0.7461583924349883 0.6091164302600472 0.7461583924349883 0.6054225768321513 0.7465277777777779 0.6013593380614657 0.7483747044917258 0.5972960992907802 0.7498522458628842 0.5939716312056739 0.7524379432624113 0.5910165484633569 0.7557624113475179 0.587322695035461 0.7590868794326242 0.5858451536643027 0.7635195035460993 0.585475768321513 0.7701684397163121 0.5865839243498818 0.7731235224586289 0.5876920803782506 0.7749704491725768 0.5884308510638299 0.7749704491725768 0.5884308510638299 0.7790336879432626 0.5910165484633569 0.7819887706855793 0.592863475177305 0.784943853427896 0.594710401891253 0.7871601654846336 0.5969267139479906 0.7901152482269503 0.5998817966903073 0.7927009456264776 0.6032062647754137 0.7952866430260048 0.6061613475177305 0.7975029550827423 0.6102245862884161 0.7993498817966903 0.613918439716312 0.8008274231678487 0.6176122931442081 0.8023049645390071 0.621306146572104 0.8030437352245863 0.6246306146572105 0.8030437352245863 0.6275856973995272 0.8030437352245863 0.6320183215130023 0.8011968085106383 0.6364509456264776 0.7993498817966903 0.639775413711584 0.7978723404255319 0.6430998817966903 0.7967641843971632 0.6464243498817966 0.7956560283687943 0.6504875886524822 0.7945478723404256 0.6538120567375887 0.7930703309692672 0.6567671394799055 0.79048463356974 0.6593528368794327 0.7882683215130023 0.660830378250591 0.7860520094562649 0.6619385342789599 0.7827275413711585 0.6623079196217495 0.779403073286052 0.6615691489361702 0.7764479905437353 0.6597222222222222 0.7738622931442081 0.6578752955082743 0.7720153664302601 0.6560283687943262
1 0.8854166666666666 0.6959219858156029 0.8820921985815603 0.686687352245863 0.8813534278959811 0.6833628841607565 0.8809840425531915 0.6800384160756502 0.8806146572104019 0.6763445626477542 0.8802452718676123 0.6730200945626479 0.8802452718676123 0.6696956264775413 0.8802452718676123 0.666371158392435 0.8802452718676123 0.6623079196217495 0.8809840425531915 0.6593528368794327 0.8820921985815603 0.6556589834515366 0.8828309692671396 0.6523345153664303 0.8839391252955083 0.6486406619385343 0.8854166666666666 0.6449468085106383 0.8872635933806147 0.6419917257683215 0.8894799054373522 0.6386672576832152 0.8916962174940899 0.6353427895981089 0.8939125295508276 0.6331264775413712 0.896128841607565 0.6309101654846336 0.8983451536643027 0.6290632387706856 0.9005614657210402 0.6279550827423168 0.9035165484633569 0.626846926713948 0.9079491725768322 0.626846926713948 0.9123817966903073 0.626846926713948 0.9157062647754138 0.626846926713948 0.9186613475177305 0.626846926713948 0.9242021276595745 0.628693853427896 0.9278959810874705 0.6309101654846336 0.9312204491725768 0.63423463356974 0.9334367612293145 0.6371897163120568 0.9363918439716312 0.6408835697399528 0.9386081560283689 0.6449468085106383 0.9400856973995272 0.6490100472813239 0.9415632387706856 0.6534426713947991 0.9419326241134752 0.6567671394799055 0.9419326241134752 0.6619385342789599 0.9419326241134752 0.6656323877068558 0.941193853427896 0.6696956264775413 0.9400856973995272 0.6737588652482269 0.9389775413711585 0.6778221040189126 0.9375 0.6822547281323877 0.935653073286052 0.6855791962174942 0.9326979905437353 0.6892730496453902 0.9304816784869977 0.6925975177304965 0.9278959810874705 0.6962913711583926 0.925679669030733 0.6988770685579196 0.9234633569739953 0.7014627659574468 0.9208776595744682 0.704048463356974 0.9182919621749409 0.705895390070922 0.9157062647754138 0.7073729314420804 0.9123817966903073 0.7084810874704492 0.9068410165484635 0.7088504728132389 0.9031471631205675 0.7088504728132389 0.8994533096926715 0.7081117021276596 0.8946513002364066 0.7051566193853429 0.8916962174940899 0.7029403073286052 0.8887411347517732 0.6999852245862885
1 0.8499556737588653 0.5588800236406619 0.8440455082742316 0.5592494089834515 0.8410904255319149 0.5599881796690307 0.8385047281323879 0.5599881796690307 0.8344414893617021 0.5599881796690307 0.8300088652482269 0.5585106382978723 0.8259456264775414 0.557033096926714 0.8204048463356975 0.5544473995271868 0.8152334515366431 0.5522310874704492 0.8115395981087471 0.5500147754137116 0.8085845153664303 0.547798463356974 0.8063682033096927 0.5455821513002364 0.8034131205673759 0.5415189125295509 0.801566193853428 0.5378250591016549 0.8000886524822696 0.5341312056737589 0.7997192671394799 0.530437352245863 0.7997192671394799 0.5271128841607565 0.7997192671394799 0.5230496453900709 0.8011968085106383 0.5197251773049646 0.8034131205673759 0.5167700945626478 0.8063682033096927 0.5141843971631206 0.8089539007092199 0.5123374704491727 0.8126477541371159 0.5104905437352246 0.8167109929078015 0.5079048463356974 0.8211436170212766 0.5056885342789598 0.8252068557919622 0.5042109929078015 0.8311170212765958 0.5027334515366431 0.8348108747044918 0.5023640661938534 0.8407210401891253 0.5027334515366431 0.8455230496453902 0.5038416075650118 0.8514332151300237 0.5056885342789598 0.8562352245862885 0.5071660756501183 0.8610372340425533 0.508274231678487 0.8643617021276596 0.5093823877068558 0.867686170212766 0.5115986997635934 0.8706412529550829 0.5141843971631206 0.8735963356973996 0.5167700945626478 0.8758126477541371 0.5189864066193854 0.8780289598108748 0.5219414893617021 0.8802452718676123 0.5256353427895981 0.8817228132387707 0.5289598108747045 0.8817228132387707 0.5319148936170213 0.8817228132387707 0.5352393617021277 0.8806146572104019 0.5389332151300237 0.878767730496454 0.5429964539007093 0.8761820330969268 0.545951536643026 0.8739657210401892 0.5485372340425533 0.8713800236406619 0.5503841607565012 0.8680555555555556 0.5522310874704492 0.8651004728132389 0.5540780141843972 0.8610372340425533 0.5559249408983452 0.8577127659574468 0.557033096926714 0.8551270685579196 0.5574024822695036
1 0.9448877068557919 0.5758717494089836 0.943040780141844 0.5710697399527187 0.9426713947990545 0.5677452718676123 0.9426713947990545 0.5647901891252955 0.9434101654846336 0.5618351063829787 0.9441489361702129 0.5592494089834515 0.9452570921985816 0.5555555555555556 0.9463652482269505 0.5518617021276596 0.9478427895981089 0.5481678486997636 0.9489509456264776 0.5452127659574468 0.9504284869976359 0.5418882978723405 0.9519060283687943 0.538563829787234 0.9541223404255319 0.5352393617021277 0.9559692671394799 0.5319148936170213 0.9581855791962176 0.5289598108747045 0.9604018912529552 0.5263741134751773 0.9622488179669032 0.524896572104019 0.9648345153664303 0.5237884160756502 0.9677895981087471 0.5226802600472813 0.9718528368794327 0.5215721040189126 0.9748079196217495 0.5215721040189126 0.9792405437352246 0.5215721040189126 0.982565011820331 0.5219414893617021 0.9858894799054375 0.5230496453900709 0.9888445626477542 0.5241578014184397 0.9921690307328606 0.5271128841607565 0.9940159574468086 0.5296985815602837 0.9954934988179669 0.5322842789598109 0.9969710401891253 0.5348699763593381 0.9980791962174942 0.5374556737588653 0.9988179669030733 0.5407801418439716 0.9989583333333333 0.542604905437352 0.9988179669030733 0.5636820330969267 0.9980791962174942 0.5673758865248227 0.9969710401891253 0.5747635933806147 0.9962322695035462 0.5773492907801419 0.9951241134751773 0.5795656028368795 0.9932771867612293 0.5821513002364066 0.9917996453900709 0.5847369976359339 0.989952718676123 0.5865839243498818 0.9873670212765958 0.5888002364066194 0.9829343971631206 0.5906471631205673 0.9781323877068558 0.5913859338061466 0.9736997635933806 0.5913859338061466 0.9692671394799055 0.5902777777777779 0.9655732860520095 0.589169621749409 0.9615100472813239 0.5876920803782506 0.9574468085106383 0.5869533096926713 0.9541223404255319 0.5858451536643027 0.9519060283687943 0.5839982269503546 0.9489509456264776 0.5814125295508276
1 0.7897458628841608 0.4536052009456265 0.7834663120567377 0.45065011820330975 0.7797724586288416 0.4480644208037825 0.7771867612293145 0.4462174940898346 0.7764479905437353 0.44326241134751776 0.7764479905437353 0.4399379432624114 0.7771867612293145 0.436613475177305 0.779403073286052 0.43255023640661944 0.78125 0.4295951536643026 0.7838356973995272 0.4266400709219858 0.7860520094562649 0.4236849881796691 0.7893764775413712 0.42036052009456265 0.7915927895981089 0.4181442080378251 0.7945478723404256 0.4159278959810875 0.7982417257683215 0.4137115839243499 0.8023049645390071 0.4114952718676123 0.8059988179669032 0.4103871158392435 0.8111702127659576 0.40927895981087475 0.8144946808510639 0.4085401891252955 0.8181885342789599 0.4085401891252955 0.8229905437352246 0.40927895981087475 0.8277925531914894 0.41112588652482274 0.8307476359338062 0.4126034278959811 0.8329639479905439 0.4140809692671395 0.8355496453900709 0.4166666666666667 0.8366578014184398 0.4188829787234043 0.8385047281323879 0.42294621749408984 0.8392434988179669 0.4266400709219858 0.8396128841607565 0.4295951536643026 0.8381353427895982 0.432919621749409 0.8359190307328606 0.436613475177305 0.8333333333333334 0.4395685579196218 0.8314864066193853 0.44104609929078015 0.828161938534279 0.4447399527186761 0.8259456264775414 0.44658687943262415 0.8233599290780143 0.4480644208037825 0.820774231678487 0.4499113475177305 0.8185579196217495 0.4510195035460993 0.8159722222222222 0.45249704491725773 0.8119089834515366 0.45434397163120566 0.8067375886524822 0.4550827423167849 0.8011968085106383 0.4554521276595745 0.7963947990543736 0.4550827423167849
1 0.8747044917257684 0.48130910165484636 0.87322695035461 0.4765070921985816 0.8721187943262412 0.4746601654846336 0.8710106382978723 0.4728132387706856 0.8699024822695036 0.4709663120567376 0.8680555555555556 0.46911938534278963 0.8673167848699763 0.46727245862884165 0.8669473995271868 0.4650561465721041 0.8665780141843972 0.4621010638297873 0.8665780141843972 0.4595153664302601 0.8680555555555556 0.4569296690307329 0.8699024822695036 0.45434397163120566 0.8713800236406619 0.4521276595744681 0.8735963356973996 0.4495419621749409 0.8758126477541371 0.4469562647754138 0.8783983451536643 0.4443705673758866 0.8806146572104019 0.44252364066193856 0.8824615839243499 0.4414154846335698 0.8850472813238771 0.4395685579196218 0.8887411347517732 0.4380910165484634 0.8928043735224587 0.4369828605200946 0.8987145390070922 0.4358747044917258 0.9038859338061466 0.4351359338061466 0.907210401891253 0.434766548463357 0.9105348699763594 0.434766548463357 0.9160756501182034 0.4358747044917258 0.9197695035460993 0.4373522458628842 0.9230939716312057 0.43919917257683216 0.9260490543735226 0.4406767139479906 0.9286347517730497 0.442154255319149 0.9312204491725768 0.4443705673758866 0.9326979905437353 0.44658687943262415 0.9338061465721041 0.4495419621749409 0.9341755319148937 0.4536052009456265 0.9341755319148937 0.4580378250591017 0.9334367612293145 0.46173167848699764 0.9326979905437353 0.46579491725768324 0.9312204491725768 0.4709663120567376 0.9301122931442082 0.474290780141844 0.9282653664302601 0.47798463356973997 0.9271572104018913 0.4802009456264776 0.9245715130023642 0.48278664302600477 0.9216164302600472 0.4857417257683216 0.9171838061465721 0.48795803782505914 0.9131205673758865 0.4898049645390071 0.9086879432624113 0.4912825059101655 0.9046247044917258 0.49202127659574474 0.9005614657210402 0.4923906619385343 0.8946513002364066 0.49202127659574474 0.8894799054373522 0.4912825059101655 0.8854166666666666 0.4898049645390071 0.8809840425531915 0.48795803782505914 0.878767730496454 0.4861111111111111
1 0.8872635933806147 0.4103871158392435 0.8780289598108748 0.4085401891252955 0.8747044917257684 0.40706264775413714 0.8717494089834515 0.4055851063829788 0.8687943262411348 0.40447695035460995 0.8651004728132389 0.40263002364066197 0.8628841607565012 0.40152186761229314 0.8614066193853429 0.3993055555555556 0.8595596926713949 0.39708924349881797 0.8580821513002365 0.39413416075650115 0.8569739952718677 0.3908096926713948 0.8558658392434989 0.38859338061465726 0.8543882978723405 0.38600768321513007 0.8536495271867612 0.38305260047281325 0.8536495271867612 0.38046690307328607 0.8540189125295509 0.37788120567375894 0.8551270685579196 0.3760342789598109 0.856604609929078 0.3741873522458629 0.8580821513002365 0.37234042553191493 0.8606678486997636 0.37049349881796695 0.8636229314420805 0.3690159574468085 0.8665780141843972 0.36753841607565013 0.8702718676122932 0.3667996453900709 0.8743351063829788 0.3660608747044918 0.8772901891252955 0.36569148936170215 0.8802452718676123 0.3653221040189126 0.8835697399527187 0.3653221040189126 0.8868942080378251 0.36569148936170215 0.8902186761229315 0.36643026004728135 0.8946513002364066 0.36753841607565013 0.8972369976359339 0.36864657210401897 0.899822695035461 0.36975472813238774 0.9027777777777779 0.3708628841607565 0.905363475177305 0.37234042553191493 0.9090573286052009 0.3738179669030733 0.9120124113475179 0.3756648936170213 0.9153368794326242 0.3786199763593381 0.9175531914893618 0.38083628841607564 0.9197695035460993 0.38342198581560283 0.9216164302600472 0.38637706855791965 0.9223552009456265 0.389701536643026 0.9223552009456265 0.393395390070922 0.9219858156028369 0.3967198581560284 0.9205082742316786 0.4000443262411348 0.9190307328605202 0.4033687943262411 0.9168144208037826 0.4055851063829788 0.9131205673758865 0.4066932624113475 0.9068410165484635 0.40743203309692677 0.9035165484633569 0.4081708037825059 0.899822695035461 0.40927895981087475 0.8964982269503546 0.41001773049645396 0.8935431442080379 0.4103871158392435
1 0.8761820330969268 0.29513888888888895 0.8710106382978723 0.28738179669030733 0.8699024822695036 0.2844267139479906 0.8691637115839244 0.2807328605200946 0.8684249408983452 0.2770390070921986 0.8680555555555556 0.272975768321513 0.8680555555555556 0.269281914893617 0.8680555555555556 0.26558806146572106 0.8684249408983452 0.26226359338061467 0.8691637115839244 0.2593085106382979 0.8699024822695036 0.2559840425531915 0.8710106382978723 0.25339834515366433 0.8724881796690308 0.25044326241134757 0.8739657210401892 0.24785756501182032 0.8758126477541371 0.24564125295508274 0.8780289598108748 0.24305555555555555 0.8813534278959811 0.2404698581560284 0.8846778959810876 0.2393617021276596 0.8894799054373522 0.23899231678486998 0.8935431442080379 0.23899231678486998 0.897975768321513 0.24083924349881797 0.901669621749409 0.24268617021276598 0.905363475177305 0.2441637115839244 0.9086879432624113 0.24564125295508274 0.9127511820330969 0.24748817966903075 0.9160756501182034 0.24970449172576833 0.9194001182033098 0.2519208037825059 0.9227245862884161 0.25487588652482274 0.9260490543735226 0.2578309692671395 0.9290041371158393 0.2611554373522459 0.9323286052009456 0.2652186761229315 0.9349143026004729 0.26965130023640665 0.9367612293144209 0.2740839243498818 0.9375 0.2788859338061466 0.9382387706855793 0.28405732860520094 0.9386081560283689 0.2892287234042553 0.9378693853427896 0.2947695035460993 0.9363918439716312 0.2984633569739953 0.9349143026004729 0.30289598108747046 0.9334367612293145 0.30511229314420807 0.9315898345153665 0.3073286052009456 0.9293735224586289 0.31028368794326244 0.9275265957446809 0.3117612293144208 0.9253102836879433 0.31360815602836883 0.9223552009456265 0.3150856973995272 0.9186613475177305 0.31582446808510645 0.910904255319149 0.31582446808510645 0.9068410165484635 0.31582446808510645 0.9027777777777779 0.314346926713948 0.8990839243498818 0.3121306146572104 0.8946513002364066 0.30954491725768324 0.8905880614657211 0.306959219858156 0.8872635933806147 0.30474290780141844 0.884308510638298 0.3025265957446808 0.8806146572104019 0.2995715130023641
1 0.9640957446808511 0.3298611111111111 0.9596631205673759 0.3239509456264776 0.9585549645390071 0.32099586288416077 0.957816193853428 0.31767139479905443 0.957816193853428 0.3147163120567376 0.957816193853428 0.3113918439716313 0.9592937352245863 0.30806737588652483 0.9607712765957448 0.30474290780141844 0.9622488179669032 0.3017878250591017 0.9640957446808511 0.2984633569739953 0.9659426713947992 0.2958776595744681 0.9681589834515366 0.2932919621749409 0.9707446808510639 0.2907062647754138 0.9729609929078015 0.28885933806146574 0.975177304964539 0.28738179669030733 0.9777630023640662 0.28664302600472813 0.980718085106383 0.285904255319149 0.984411938534279 0.2851654846335698 0.9866282505910166 0.2844267139479906 0.9884751773049646 0.28405732860520094 0.9917996453900709 0.28368794326241137 0.9954934988179669 0.2833185579196218 0.9980791962174942 0.28294917257683216 0.9989583333333333 0.28294917257683216 0.9989583333333333 0.34242021276595747 0.9962322695035462 0.34426713947990545 0.993646572104019 0.3446365248226951 0.9914302600472813 0.3446365248226951 0.9869976359338062 0.3438977541371158 0.982565011820331 0.34168144208037826 0.978871158392435 0.3398345153664303 0.9759160756501183 0.3383569739952719 0.9718528368794327 0.33651004728132394 0.9696365248226951 0.3350325059101655 0.967050827423168 0.3324468085106383
1 0.939346926713948 0.1983599290780142 0.9389775413711585 0.18986406619385343 0.9389775413711585 0.18764775413711585 0.9389775413711585 0.18543144208037826 0.9389775413711585 0.18247635933806147 0.9397163120567377 0.1802600472813239 0.9404550827423168 0.1784131205673759 0.941193853427896 0.1765661938534279 0.9423020094562649 0.1747192671394799 0.9437795508274233 0.17250295508274233 0.9463652482269505 0.16917848699763596 0.9493203309692672 0.16659278959810875 0.9515366430260048 0.16548463356973997 0.9544917257683215 0.16437647754137116 0.9592937352245863 0.163637706855792 0.9633569739952719 0.16326832151300238 0.9677895981087471 0.16252955082742318 0.9700059101654847 0.16252955082742318 0.9733303782505911 0.16252955082742318 0.9781323877068558 0.16252955082742318 0.9810874704491727 0.16252955082742318 0.9847813238770686 0.16326832151300238 0.9884751773049646 0.16511524822695037 0.9921690307328606 0.16696217494089835 0.9951241134751773 0.16807033096926716 0.9989583333333333 0.16966792257683214 0.9989583333333333 0.22938829787234044 0.9980791962174942 0.22975768321513004 0.9943853427895982 0.22975768321513004 0.9917996453900709 0.22975768321513004 0.989952718676123 0.22975768321513004 0.9873670212765958 0.22938829787234044 0.9840425531914895 0.22901891252955084 0.9803486997635935 0.22938829787234044 0.9766548463356975 0.23086583924349882 0.9748079196217495 0.23086583924349882 0.9707446808510639 0.22975768321513004 0.9674202127659576 0.22864952718676124 0.9652039007092199 0.22717198581560283 0.9622488179669032 0.22532505910165487 0.9592937352245863 0.22384751773049646 0.9570774231678488 0.22163120567375888 0.9552304964539008 0.2197842789598109 0.9526447990543736 0.2175679669030733 0.9507978723404256 0.21535165484633573 0.9489509456264776 0.21276595744680854 0.94673463356974 0.21054964539007093 0.9441489361702129 0.20685579196217496 0.9426713947990545 0.20500886524822698 0.9415632387706856 0.2027925531914894
0 0.9057328605200946 0.29218380614657213 0.9024083924349883 0.28885933806146574 0.9005614657210402 0.2862736406619385 0.897975768321513 0.28368794326241137 0.8968676122931443 0.28184101654846333 0.8946513002364066 0.27925531914893614 0.8928043735224587 0.27630023640661944 0.8913268321513003 0.272975768321513 0.8905880614657211 0.271128841607565 0.8902186761229315 0.269281914893617 0.8898492907801419 0.26669621749408984 0.8894799054373522 0.26484929078014185 0.8894799054373522 0.2626329787234043 0.8894799054373522 0.2607860520094563 0.8916962174940899 0.2593085106382979 0.8931737588652483 0.2593085106382979 0.8950206855791962 0.2611554373522459 0.896128841607565 0.26300236406619387 0.8972369976359339 0.2652186761229315 0.8983451536643027 0.26743498817966904 0.899822695035461 0.2703900709219858 0.9013002364066195 0.2726063829787234 0.9024083924349883 0.27445330969267145 0.9038859338061466 0.27630023640661944 0.905363475177305 0.278516548463357 0.9064716312056739 0.2807328605200946 0.9086879432624113 0.28368794326241137 0.9101654846335698 0.2862736406619385 0.9116430260047282 0.28812056737588654 0.9131205673758865 0.2899674940898345 0.9142287234042553 0.2925531914893617 0.914598108747045 0.2944001182033097 0.9123817966903073 0.2947695035460993 0.9094267139479906 0.2936613475177305
0 0.984411938534279 0.20574763593380616 0.977024231678487 0.20353132387706857 0.9744385342789599 0.2024231678486998 0.9718528368794327 0.20131501182033099 0.9700059101654847 0.19983747044917258 0.9677895981087471 0.1983599290780142 0.9659426713947992 0.1965130023640662 0.9640957446808511 0.19429669030732863 0.9626182033096927 0.19244976359338065 0.9607712765957448 0.18949468085106383 0.9618794326241136 0.18653959810874707 0.9655732860520095 0.18617021276595747 0.9681589834515366 0.18617021276595747 0.9707446808510639 0.18653959810874707 0.9744385342789599 0.18764775413711585 0.9773936170212766 0.18838652482269505 0.9799793144208039 0.18912529550827423 0.9821956264775414 0.19023345153664303 0.9851507092198583 0.19097222222222224 0.9869976359338062 0.19208037825059104 0.9888445626477542 0.19318853427895982 0.9914302600472813 0.1950354609929078 0.9932771867612293 0.1965130023640662 0.9954934988179669 0.1983599290780142 0.9984485815602838 0.20094562647754138 0.9989583333333333 0.20247488179669004 0.9984485815602838 0.20574763593380616 0.9966016548463358 0.20685579196217496 0.9929078014184398 0.20759456264775414 0.989952718676123 0.20759456264775414
0 0.9116430260047282 0.46099290780141844 0.9013002364066195 0.46394799054373526 0.8990839243498818 0.46468676122931446 0.8968676122931443 0.4650561465721041 0.8953900709219859 0.4654255319148936 0.8931737588652483 0.4661643026004728 0.8913268321513003 0.4669030732860521 0.8894799054373522 0.4676418439716313 0.8857860520094563 0.46653368794326244 0.8850472813238771 0.46468676122931446 0.8876329787234043 0.46099290780141844 0.8916962174940899 0.4587765957446809 0.894281914893617 0.45914598108747046 0.9001920803782506 0.4584072104018913 0.9035165484633569 0.4572990543735225 0.905363475177305 0.45656028368794327 0.9083185579196218 0.4558215130023641 0.910904255319149 0.4550827423167849 0.9142287234042553 0.4550827423167849 0.9160756501182034 0.4576684397163121 0.9153368794326242 0.45914598108747046
0 0.775709219858156 0.6371897163120568 0.7734929078014185 0.6283244680851063 0.7731235224586289 0.6261081560283689 0.7720153664302601 0.6242612293144209 0.7712765957446809 0.6216755319148937 0.7709072104018913 0.6198286052009456 0.7701684397163121 0.6179816784869977 0.7690602836879433 0.61576536643026 0.7675827423167849 0.6135490543735226 0.7664745862884161 0.6117021276595745 0.7642582742316786 0.6080082742316786 0.7649970449172577 0.6057919621749409 0.7679521276595745 0.6054225768321513 0.7690602836879433 0.6054225768321513 0.7709072104018913 0.6065307328605202 0.7727541371158393 0.6080082742316786 0.7746010638297872 0.6102245862884161 0.775709219858156 0.6124408983451537 0.7771867612293145 0.6146572104018913 0.7782949172576833 0.6172429078014185 0.779403073286052 0.6198286052009456 0.7801418439716312 0.6220449172576833 0.7808806146572105 0.6238918439716312 0.78125 0.6264775413711584 0.78125 0.6290632387706856 0.78125 0.6338652482269503 0.78125 0.6368203309692672 0.7779255319148937 0.6412529550827423
0 0.8728575650118203 0.9024083924349883 0.8699024822695036 0.8946513002364066 0.8691637115839244 0.8931737588652483 0.8684249408983452 0.8909574468085106 0.8673167848699763 0.8880023640661939 0.8665780141843972 0.8850472813238771 0.8654698581560285 0.8824615839243499 0.86399231678487 0.8798758865248228 0.8628841607565012 0.8772901891252955 0.8614066193853429 0.8743351063829788 0.860298463356974 0.8721187943262412 0.8595596926713949 0.8699024822695036 0.8577127659574468 0.867686170212766 0.8573433806146572 0.865839243498818 0.8577127659574468 0.86399231678487 0.8606678486997636 0.8632535460992908 0.8614066193853429 0.8647310874704492 0.8628841607565012 0.8669473995271868 0.86399231678487 0.869533096926714 0.8654698581560285 0.8721187943262412 0.8669473995271868 0.8747044917257684 0.8680555555555556 0.8769208037825059 0.8691637115839244 0.8795065011820332 0.8706412529550829 0.8817228132387707 0.8721187943262412 0.8846778959810876 0.8728575650118203 0.8872635933806147 0.8743351063829788 0.8902186761229315 0.8754432624113476 0.8935431442080379 0.8761820330969268 0.8964982269503546 0.8772901891252955 0.8990839243498818 0.8780289598108748 0.9020390070921986 0.8783983451536643 0.9042553191489362 0.8783983451536643 0.9064716312056739 0.8765514184397163 0.9079491725768322
0 0.8096926713947992 0.9917996453900709 0.8078457446808511 0.9840425531914895 0.8071069739952719 0.9821956264775414 0.8059988179669032 0.9796099290780143 0.8052600472813239 0.977024231678487 0.8045212765957447 0.9748079196217495 0.8041518912529552 0.9729609929078015 0.8048906619385343 0.9714834515366432 0.8063682033096927 0.9703752955082743 0.8082151300236406 0.9729609929078015 0.8089539007092199 0.9759160756501183 0.8100620567375887 0.9792405437352246 0.810800827423168 0.9829343971631206 0.8119089834515366 0.9862588652482269 0.8126477541371159 0.9884751773049646 0.8137559101654847 0.9917996453900709 0.8141252955082743 0.9947547281323879 0.8137559101654847 0.9977098108747046 0.8119089834515366 0.9984485815602838
0 0.42331560283687947 0.44400118203309696 0.41186465721040194 0.4388297872340426 0.40927895981087475 0.4369828605200946 0.40780141843971635 0.43550531914893614 0.4066932624113475 0.4332890070921986 0.4066932624113475 0.4314420803782506 0.40964834515366433 0.42996453900709225 0.4192523640661939 0.4332890070921986 0.4314420803782506 0.4399379432624114 0.4332890070921986 0.4414154846335698 0.434766548463357 0.442154255319149 0.4362440898345154 0.44510933806146574 0.4343971631205674 0.4469562647754138 0.4314420803782506 0.44658687943262415 0.42774822695035464 0.4454787234042553
0 0.5511229314420804 0.18801713947990545 0.5485372340425533 0.18838652482269505 0.540410756501182 0.19060283687943264 0.5237884160756502 0.19244976359338065 0.5215721040189126 0.19208037825059104 0.5204639479905437 0.1913416075650118 0.5197251773049646 0.18838652482269505 0.5219414893617021 0.18690898345153664 0.5241578014184397 0.18653959810874707 0.5263741134751773 0.18580082742316786 0.5322842789598109 0.18543144208037826 0.5341312056737589 0.18506205673758866 0.536716903073286 0.18506205673758866 0.5407801418439716 0.18432328605200948 0.5452127659574468 0.18358451536643025 0.5492760047281323 0.18284574468085107 0.5518617021276596 0.1821069739952719 0.555186170212766 0.1821069739952719 0.5574024822695036 0.18247635933806147 0.5577718676122932 0.18469267139479906 0.5574024822695036 0.18653959810874707 0.555186170212766 0.18764775413711585
0 0.5079048463356974 0.0975177304964539 0.49756205673758863 0.0993646572104019 0.4942375886524823 0.09973404255319149 0.49202127659574474 0.10010342789598109 0.49017434988179676 0.10047281323877069 0.4875886524822695 0.10158096926713948 0.48315602836879434 0.10379728132387707 0.48130910165484636 0.10416666666666667 0.4790927895981088 0.10231973995271869 0.4783540189125296 0.1012115839243499 0.4802009456264776 0.0989952718676123 0.48167848699763594 0.09714834515366431 0.48721926713947994 0.09604018912529552 0.4898049645390071 0.09530141843971632 0.4934988179669031 0.09493203309692672 0.4953457446808511 0.09493203309692672 0.49793144208037826 0.09456264775413711 0.5005171394799055 0.09456264775413711 0.5031028368794327 0.09382387706855792 0.5060579196217494 0.09308510638297873 0.5079048463356974 0.09271572104018913 0.5115986997635934 0.09271572104018913 0.5123374704491727 0.09493203309692672
0 0.174006908462867 0.03745682210708116 0.16914939550949912 0.036377374784110524 0.16618091537132987 0.036377374784110524 0.16402202072538857 0.036377374784110524 0.16078367875647667 0.036107512953367865 0.1567357512953368 0.03475820379965456 0.1551165803108808 0.033678756476683926 0.15484671848013815 0.03232944732297063 0.15484671848013815 0.030710276338514673 0.1551165803108808 0.02936096718480137 0.15619602763385146 0.027741796200345413 0.1578151986183074 0.027202072538860093 0.1594343696027634 0.027202072538860093 0.1618631260794473 0.028281519861830733 0.16429188255613125 0.029630829015544032 0.1672603626943005 0.03017055267702935 0.1699589810017271 0.03044041450777201 0.17319732297063903 0.03124999999999999 0.1758959412780656 0.03259930915371329 0.17778497409326424 0.033678756476683926 0.17778497409326424 0.03502806563039722 0.1767055267702936 0.036377374784110524
0 0.31244602763385143 0.03880613126079446 0.30974740932642486 0.03934585492227978 0.3081282383419689 0.03961571675302244 0.3067789291882556 0.03961571675302244 0.30488989637305697 0.03961571675302244 0.303270725388601 0.03961571675302244 0.3013816925734024 0.039075993091537115 0.3000323834196891 0.03826640759930914 0.29922279792746115 0.036107512953367865 0.29976252158894645 0.03475820379965456 0.3013816925734024 0.033948618307426584 0.302461139896373 0.033678756476683926 0.30462003454231434 0.033678756476683926 0.3073186528497409 0.033948618307426584 0.3105569948186528 0.03421848013816924 0.3132556131260794 0.03421848013816924 0.31595423143350604 0.03502806563039722 0.3173035405872193 0.036377374784110524 0.3173035405872193 0.038536269430051805 0.3154145077720207 0.039075993091537115
0 0.9987857873210633 0.3137142126789366 0.9898389570552146 0.3143532719836401 0.9866436605316974 0.3149923312883436 0.9815311860940695 0.3137142126789366 0.9840874233128833 0.31051891615541927 0.9981467280163598 0.30668456032719843
1 0.9987157534246573 0.07191780821917805 0.9894406392694065 0.07477168949771687 0.9858732876712327 0.07619863013698629 0.9823059360730593 0.07762557077625568 0.9780251141552511 0.07905251141552509 0.9744577625570776 0.0811929223744292 0.9694634703196346 0.08547374429223743 0.9687499999999999 0.08904109589041093 0.9687499999999999 0.09332191780821916 0.9687499999999999 0.09688926940639267 0.9708904109589042 0.103310502283105 0.975884703196347 0.10901826484018264 0.9794520547945206 0.11472602739726026 0.988013698630137 0.12043378995433789 0.9951484018264839 0.12400114155251139 0.9989583333333333 0.12538657119136573 0.9989583333333333 0.12538657119136573
0 0.3062015503875969 0.7945736434108528 0.30014534883720934 0.7891230620155039 0.298328488372093 0.7860949612403101 0.2953003875968993 0.783672480620155 0.29408914728682173 0.7818556201550387 0.293483527131783 0.778827519379845 0.29408914728682173 0.7757994186046512 0.2977228682170543 0.7727713178294574 0.2989341085271318 0.7727713178294574 0.3025678294573643 0.7764050387596899 0.30680717054263573 0.778827519379845 0.3104408914728683 0.7818556201550387 0.3152858527131783 0.7860949612403101 0.31770833333333337 0.7915455426356589 0.31831395348837216 0.7945736434108528 0.31831395348837216 0.7976017441860465 0.31165213178294576 0.7976017441860465
0 0.20930232558139536 0.9381056201550387 0.19900678294573648 0.9314437984496123 0.19597868217054265 0.9296269379844961 0.19113372093023256 0.9265988372093024 0.1881056201550388 0.9235707364341085 0.1832606589147287 0.9193313953488372 0.1820494186046512 0.9175145348837209 0.1832606589147287 0.9144864341085271 0.1881056201550388 0.9150920542635659 0.20203488372093023 0.9211482558139535 0.21111918604651164 0.9259932170542636 0.21717538759689922 0.9296269379844961 0.22141472868217058 0.9320494186046512 0.22444282945736435 0.9344718992248062 0.2256540697674419 0.9405281007751938 0.2256540697674419 0.9435562015503877 0.22202034883720934 0.9429505813953489
0 0.8421985815602837 0.5359781323877069 0.8314864066193853 0.5348699763593381 0.8289007092198583 0.5337618203309693 0.8255762411347518 0.5326536643026005 0.8233599290780143 0.5319148936170213 0.8218823877068558 0.5296985815602837 0.8215130023640662 0.5274822695035462 0.8229905437352246 0.5256353427895981 0.8252068557919622 0.5267434988179669 0.8270537825059102 0.5267434988179669 0.8300088652482269 0.5260047281323877 0.8329639479905439 0.5252659574468086 0.8366578014184398 0.524896572104019 0.8399822695035462 0.524896572104019 0.8436761229314421 0.5252659574468086 0.8462618203309693 0.5256353427895981 0.8492169030732861 0.5263741134751773 0.8521719858156029 0.5278516548463358 0.8554964539007093 0.530437352245863 0.856604609929078 0.5333924349881797 0.85475768321513 0.5341312056737589 0.8518026004728133 0.5348699763593381 0.8488475177304965 0.5352393617021277
0 0.4146133814102564 0.34975961538461536 0.40735176282051283 0.3445012019230769 0.39933894230769235 0.3397435897435897 0.39783653846153844 0.33924278846153844 0.3958333333333333 0.3379907852564103 0.3945813301282051 0.33673878205128205 0.3950821314102564 0.33523637820512825 0.39633413461538464 0.3347355769230769 0.39958934294871795 0.33548677884615385 0.40284455128205127 0.3372395833333333 0.4098557692307692 0.3419971955128205 0.41736778846153844 0.3460036057692308 0.4226262019230769 0.3495092147435897 0.4238782051282051 0.3510116185897436 0.4248798076923077 0.35301482371794873 0.4258814102564103 0.35476762820512825 0.42713341346153844 0.3565204326923077 0.4276342147435897 0.3575220352564103 0.42638221153846156 0.3577724358974359 0.4243790064102564 0.3567708333333333 0.42062299679487175 0.3532652243589744 0.4178685897435897 0.3515124198717949
0 0.4942407852564103 0.3552684294871795 0.4884815705128205 0.35251402243589747 0.48722956730769235 0.3512620192307692 0.48522636217948717 0.34900841346153844 0.48422475961538464 0.34750600961538464 0.483974358974359 0.3457532051282051 0.4837239583333333 0.34425080128205127 0.48547676282051283 0.34274839743589747 0.486728766025641 0.34274839743589747 0.48873197115384615 0.34375 0.4909855769230769 0.34500200320512825 0.4924879807692308 0.3460036057692308 0.493739983974359 0.3470052083333333 0.49524238782051283 0.34900841346153844 0.49624399038461536 0.35051081730769235 0.49699519230769235 0.3527644230769231 0.4977463942307692 0.35501802884615385 0.4979967948717949 0.3565204326923077
0 0.5751201923076923 0.29517227564102566 0.5703625801282051 0.29867788461538464 0.5691105769230769 0.29942908653846156 0.5623497596153847 0.3026842948717949 0.5605969551282051 0.30368589743589747 0.5590945512820513 0.30418669871794873 0.5575921474358975 0.30368589743589747 0.5573417467948718 0.30193309294871795 0.5595953525641025 0.29942908653846156 0.5608473557692307 0.2981770833333333 0.5623497596153847 0.2971754807692308 0.5641025641025641 0.29617387820512825 0.5663561698717949 0.294921875 0.568359375 0.29392027243589747 0.5696113782051282 0.29341947115384615 0.5713641826923077 0.2924178685897436 0.5728665865384616 0.29116586538461536 0.5743689903846153 0.28991386217948717 0.5751201923076923 0.2884114583333333 0.5766225961538461 0.28540665064102566 0.5773737980769231 0.28515625 0.5791266025641025 0.2869090544871795 0.5791266025641025 0.2884114583333333 0.5778745993589743 0.29116586538461536
0 0.14353776853776853 0.36768018018018017 0.13444213444213446 0.35988392238392236 0.12079868329868333 0.3499220374220374 0.11711711711711716 0.34472453222453225 0.1231808731808732 0.3471067221067221 0.13076056826056828 0.3523042273042273 0.1415887040887041 0.3603170478170478 0.15003465003465005 0.3696292446292446 0.16064622314622318 0.37699237699237703 0.16670997920997924 0.3832726957726958 0.16735966735966737 0.38847020097020096
0 0.05433238636363635 0.9699337121212122 0.05078124999999997 0.9699337121212122 0.0442708333333333 0.96875 0.04012784090909089 0.9669744318181818 0.03716856060606058 0.9657907196969696 0.03184185606060604 0.9634232954545454 0.030658143939393916 0.959280303030303 0.03243371212121209 0.9569128787878788 0.0353929924242424 0.9551373106060606 0.03835227272727271 0.9551373106060606 0.042495265151515124 0.9551373106060606 0.04841382575757573 0.9557291666666666 0.05433238636363635 0.9569128787878788 0.05965909090909087 0.9580965909090909 0.06261837121212117 0.959280303030303 0.06735321969696968 0.9616477272727272 0.06972064393939394 0.9634232954545454 0.06912878787878785 0.9675662878787878 0.06557765151515148 0.969341856060606 0.06084280303030301 0.9705255681818182
0 0.9090180652680652 0.6708187645687645 0.9057400932400932 0.6730040792540792 0.9039189976689976 0.6730040792540792 0.9028263403263403 0.6719114219114218 0.9020979020979021 0.668997668997669 0.9020979020979021 0.6671765734265733 0.9024621212121212 0.6653554778554778 0.9028263403263403 0.662805944055944 0.9042832167832168 0.6602564102564102 0.9075611888111887 0.6587995337995338 0.9108391608391607 0.6606206293706294 0.9108391608391607 0.6624417249417249 0.911567599067599 0.6668123543123542
0 0.6533564814814814 0.892361111111111 0.646701388888889 0.8888888888888888 0.6443865740740741 0.8877314814814814 0.642361111111111 0.8862847222222221 0.6397569444444444 0.884837962962963 0.6383101851851851 0.8831018518518517 0.638599537037037 0.8816550925925927 0.640625 0.880787037037037 0.6432291666666666 0.8822337962962963 0.6452546296296297 0.8833912037037037 0.6469907407407407 0.884548611111111 0.6495949074074073 0.8857060185185185 0.6510416666666666 0.8862847222222221 0.6533564814814814 0.8862847222222221 0.65625 0.8868634259259259 0.6585648148148148 0.8874421296296297 0.6605902777777778 0.8900462962962963 0.6605902777777778 0.8920717592592593 0.6571180555555556 0.8938078703703703
0 0.40162037037037035 0.708912037037037 0.39641203703703703 0.7034143518518517 0.3955439814814815 0.7016782407407407 0.3958333333333333 0.6996527777777778 0.3961226851851852 0.6979166666666666 0.39641203703703703 0.6956018518518517 0.39728009259259256 0.6941550925925927 0.39988425925925924 0.6938657407407407 0.4039351851851852 0.6961805555555556 0.40682870370370366 0.6979166666666666 0.4085648148148148 0.6993634259259259 0.41087962962962965 0.701388888888889 0.4126157407407407 0.703125 0.41377314814814814 0.7054398148148148 0.41348379629629634 0.7077546296296297 0.41087962962962965 0.7094907407407407 0.4088541666666667 0.7100694444444444
0 0.6905572365103378 0.009770549672213817 0.7044251134644477 0.010243318204740292 0.7112014624306605 0.013395108421583458 0.7181354009077155 0.016546898638426625 0.7253845184064549 0.01828038325769037 0.7338943519919314 0.019541099344427635 0.7381492687846696 0.021589762985375693 0.7428769541099345 0.026002269288956124 0.7324760463943519 0.024583963691376703 0.7236510337871912 0.02379601613716591 0.7145108421583459 0.020329046898638424 0.7088376197680282 0.019698688855269795 0.7031643973777105 0.016704488149268785 0.6990670700958144 0.01528618255168936
0 0.6417044881492688 0.09817826525466464 0.6503719112455875 0.0991238023197176 0.6593545133635905 0.10700327786182551 0.6675491679273827 0.11078542612203732 0.672749621785174 0.11078542612203732 0.6749558749369642 0.11425239536056479 0.6875630358043368 0.11661623802319718 0.6851991931417044 0.11756177508825012 0.6730648008068582 0.11677382753403932 0.6662884518406454 0.11393721633888049 0.6533661119515884 0.10936712052445789 0.6476928895612707 0.10558497226424608 0.6426500252143217 0.10117246596066565
0 0.8684621389539422 0.3822697111631538 0.8774882903981264 0.3808060109289617 0.8877341920374706 0.38202576112412173 0.8933450429352068 0.38446526151444177 0.9021272443403591 0.3881245120999219 0.906762295081967 0.3903200624512099 0.901883294301327 0.392027712724434 0.8974921935987509 0.391051912568306 0.8882220921155347 0.3883684621389539 0.8813914910226385 0.3849531615925058 0.8752927400468383 0.38568501170960184 0.8701697892271661 0.38446526151444177
0 0.9713821684587813 0.5477150537634408 0.9711021505376344 0.552755376344086 0.9685819892473118 0.5552755376344085 0.9663418458781361 0.558635752688172 0.966621863799283 0.5622759856630825 0.9730622759856631 0.5622759856630825 0.9744623655913978 0.5605958781362007 0.9739023297491038 0.5572356630824372 0.9761424731182795 0.5541554659498208 0.9769825268817204 0.5505152329749105 0.9769825268817204 0.5491151433691756
0 0.9987745098039216 0.8498140635564571 0.9928583502366465 0.8521382691007438 0.9871534820824882 0.8563640973630833 0.9846179851250845 0.8597447599729547 0.9803921568627452 0.8591108857336038 0.9795469912102773 0.8563640973630833 0.9852518593644355 0.8517156862745099 0.9911680189317107 0.8493914807302231 0.9975067613252198 0.8464334009465856
0 0.5994527953586497 0.9763976793248944 0.6067049050632911 0.9795292721518987 0.6123088080168776 0.9826608649789029 0.6215387658227848 0.9879351265822784 0.6281315928270043 0.9943631329113923 0.6236814345991561 0.9946927742616033 0.6149459388185653 0.9905722573839663 0.6067049050632911 0.9851331751054851 0.6017602848101266 0.982331223628692 0.5966508438818565 0.9778810654008439
0 0.7617424242424242 0.7801136363636363 0.778219696969697 0.7893939393939394 0.7846590909090909 0.8051136363636363 0.7837121212121212 0.8130681818181817 0.7772727272727272 0.8104166666666667 0.7702651515151515 0.8034090909090909 0.7636363636363637 0.796969696969697 0.7600378787878788 0.7892045454545454 0.7581439393939394 0.78125
0 0.30129928315412186 0.6042786738351255 0.3024193548387097 0.6140793010752688 0.3040994623655914 0.6233198924731183 0.3060595878136201 0.6266801075268817 0.3099798387096774 0.625 0.3136200716845878 0.6241599462365591 0.31754032258064513 0.624439964157706 0.3178203405017921 0.6182795698924731 0.31866039426523296 0.6104390681003584 0.3158602150537634 0.6037186379928314 0.3125 0.6062387992831542 0.30857974910394265 0.6076388888888888 0.30493951612903225 0.6039986559139784
0 0.07071314102564102 0.4146634615384615 0.07692307692307691 0.4146634615384615 0.08313301282051282 0.422275641025641 0.08814102564102563 0.42888621794871795 0.08914262820512821 0.43629807692307687 0.0889423076923077 0.44190705128205127 0.08834134615384616 0.44611378205128205 0.0829326923076923 0.44431089743589747 0.07451923076923077 0.4391025641025641 0.0719150641025641 0.430088141025641 0.07011217948717949 0.42487980769230765
0 0.6604609929078014 0.8109094701710472 0.6642417605340009 0.8113005840634125 0.6667188151856487 0.8113005840634125 0.6719336670838547 0.8110398414685023 0.6754536921151438 0.8102576136837712 0.6768877763871506 0.8096057571964955 0.6796255736337088 0.8079109303295786 0.6794952023362536 0.8058249895702961 0.6776700041718815 0.8045212765957447 0.6742803504380476 0.803087192323738 0.6698477263245723 0.8002190237797246 0.6669795577805591 0.7993064246975385 0.6620254484772633 0.7987849395077179 0.6595483938256153 0.7987849395077179 0.6560283687943262 0.7991760534000835 0.6525083437630371 0.7999582811848144 0.6466416353775553 0.8013923654568209 0.6454682937004589 0.8020442219440967 0.6454682937004589 0.8037390488110138 0.6469023779724655 0.8054338756779308 0.6501616604088444 0.8071287025448477 0.6527690863579474 0.8080413016270338 0.655767626199416 0.8094753858990404 0.6582446808510638 0.8105183562786816
