1 0.4073840725806452 0.30825772849462374 0.4006636424731183 0.3027973790322581 0.39940356182795705 0.29985719086021506 0.39730342741935487 0.29817708333333337 0.39436323924731187 0.29523689516129037 0.3931031586021506 0.2927167338709678 0.39142305107526887 0.28893649193548393 0.3901629704301076 0.28599630376344093 0.38848286290322587 0.28263608870967744 0.387642809139785 0.27969590053763443 0.38638272849462374 0.2754956317204301 0.38596270161290325 0.2725554435483871 0.38554267473118287 0.2696152553763441 0.38554267473118287 0.2666750672043011 0.3851226478494624 0.26415490591397855 0.3851226478494624 0.26205477150537637 0.3851226478494624 0.25869455645161293 0.3851226478494624 0.25617439516129037 0.38596270161290325 0.2536542338709678 0.38722278225806456 0.2511340725806452 0.38848286290322587 0.24819388440860218 0.390582997311828 0.24525369623655918 0.3931031586021506 0.24231350806451615 0.3956233198924731 0.23937331989247315 0.39982358870967744 0.23811323924731187 0.4040238575268818 0.23811323924731187 0.4094842069892473 0.2385332661290323 0.41242439516129037 0.2397933467741936 0.4166246639784947 0.24231350806451615 0.4212449596774194 0.24651377688172046 0.42544522849462374 0.25197412634408606 0.42838541666666674 0.25617439516129037 0.43090557795698925 0.26163474462365593 0.4338457661290323 0.267515120967742 0.4351058467741936 0.27213541666666674 0.43636592741935487 0.276335685483871 0.4367859543010753 0.2813760080645162 0.4367859543010753 0.28599630376344093 0.4367859543010753 0.2906165994623657 0.4367859543010753 0.29481686827956993 0.43636592741935487 0.29985719086021506 0.4346858198924731 0.303637432795699 0.4338457661290323 0.30741767473118287 0.4321656586021506 0.31077788978494625 0.43006552419354843 0.31329805107526887 0.42754536290322587 0.315398185483871 0.42460517473118287 0.315398185483871 0.420824932795699 0.3145581317204301 0.4166246639784947 0.3128780241935484 0.4128444220430108 0.31119791666666674
1 0.26121471774193555 0.21543178763440862 0.2654149865591398 0.2133316532258065 0.26919522849462374 0.2108114919354839 0.2729754704301076 0.20871135752688177 0.276335685483871 0.20619119623655918 0.27969590053763443 0.20283098118279572 0.28263608870967744 0.19905073924731187 0.2847362231182796 0.19569052419354843 0.28683635752688175 0.192330309139785 0.28851646505376344 0.1898101478494624 0.28851646505376344 0.1856098790322581 0.28809643817204306 0.18098958333333337 0.2876764112903226 0.17636928763440862 0.2872563844086022 0.17342909946236562 0.28683635752688175 0.1713289650537635 0.2864163306451613 0.16796875000000003 0.28557627688172044 0.16376848118279572 0.2843161962365592 0.159148185483871 0.28263608870967744 0.15494791666666669 0.28011592741935487 0.15158770161290328 0.27675571236559143 0.14906754032258068 0.2729754704301076 0.1465473790322581 0.26919522849462374 0.1448672715053764 0.2662550403225807 0.1448672715053764 0.26205477150537637 0.1448672715053764 0.25575436827956993 0.1448672715053764 0.25071404569892475 0.14570732526881722 0.24609375000000003 0.14696740591397853 0.2410534274193549 0.14864751344086027 0.23769321236559143 0.15032762096774197 0.23391297043010756 0.153267809139785 0.231392809139785 0.15536794354838712 0.22845262096774197 0.15830813172043015 0.22509240591397853 0.1633484543010753 0.22257224462365596 0.16670866935483877 0.22005208333333337 0.17090893817204306 0.21837197580645165 0.1742691532258065 0.21711189516129037 0.17636928763440862 0.21585181451612906 0.17930947580645165 0.2145917338709678 0.1839297715053764 0.2150117607526882 0.18939012096774197 0.21543178763440862 0.19275033602150543 0.21669186827956993 0.1965305779569893 0.21795194892473121 0.20031081989247315 0.21963205645161293 0.20283098118279572 0.22257224462365596 0.2066112231182796 0.22551243279569896 0.20955141129032262 0.22845262096774197 0.21207157258064518 0.23223286290322587 0.2150117607526882 0.23517305107526887 0.21669186827956993 0.23811323924731187 0.21837197580645165 0.24231350806451615 0.2187920026881721 0.2494539650537635 0.21795194892473121 0.25617439516129037 0.21669186827956993
1 0.4225050403225807 0.19779065860215056 0.42502520161290325 0.19863071236559143 0.42796538978494625 0.19905073924731187 0.43006552419354843 0.19905073924731187 0.43300571236559143 0.19695060483870971 0.435525873655914 0.19359038978494628 0.43720598118279574 0.19065020161290328 0.43930611559139787 0.18728998655913984 0.4409862231182796 0.18476982526881722 0.4426663306451613 0.18224966397849465 0.44476646505376344 0.17930947580645165 0.44518649193548393 0.1755292338709678 0.44518649193548393 0.17090893817204306 0.44518649193548393 0.16628864247311834 0.44476646505376344 0.1616683467741936 0.4435063844086022 0.156207997311828 0.4426663306451613 0.15158770161290328 0.44140625000000006 0.14738743279569896 0.43930611559139787 0.1423471102150538 0.4367859543010753 0.13772681451612906 0.43426579301075274 0.13310651881720434 0.4321656586021506 0.1297463037634409 0.43048555107526887 0.1272261424731183 0.42754536290322587 0.12386592741935488 0.4241851478494624 0.12134576612903229 0.4212449596774194 0.11882560483870971 0.41830477150537637 0.117145497311828 0.41452452956989255 0.11546538978494628 0.4103242607526882 0.11420530913978498 0.40822412634408606 0.11420530913978498 0.40318380376344093 0.11462533602150542 0.39814348118279574 0.11546538978494628 0.39436323924731187 0.11630544354838714 0.39184307795698925 0.11798555107526885 0.38932291666666674 0.12134576612903229 0.3868027553763441 0.1255460349462366 0.384702620967742 0.13016633064516134 0.3838625672043011 0.13310651881720434 0.3838625672043011 0.1352066532258065 0.3838625672043011 0.13730678763440862 0.38428259408602156 0.14402721774193553 0.3851226478494624 0.1478074596774194 0.38554267473118287 0.15158770161290328 0.38638272849462374 0.15452788978494628 0.3868027553763441 0.15788810483870971 0.387642809139785 0.16082829301075272 0.38848286290322587 0.1633484543010753 0.38890288978494625 0.1658686155913979 0.3897429435483871 0.16922883064516134 0.3910030241935484 0.17300907258064518 0.3931031586021506 0.17594926075268819 0.39520329301075274 0.17888944892473121 0.39730342741935487 0.18224966397849465 0.39982358870967744 0.18602990591397853 0.4019237231182796 0.18897009408602153 0.4099042338709678 0.19485047043010756 0.4187247983870968 0.19695060483870971
1 0.6148773521505377 0.25869455645161293 0.6182375672043011 0.25491431451612906 0.6203377016129034 0.25197412634408606 0.6220178091397849 0.24777385752688177 0.6232778897849462 0.2439936155913979 0.6236979166666666 0.2397933467741936 0.6232778897849462 0.23475302419354843 0.6228578629032259 0.231392809139785 0.6211777553763441 0.22803259408602156 0.619077620967742 0.22509240591397853 0.6165574596774195 0.2229922715053764 0.6140372983870968 0.22131216397849465 0.6115171370967742 0.22005208333333337 0.6085769489247312 0.2187920026881721 0.6056367607526882 0.21795194892473121 0.6014364919354839 0.21711189516129037 0.5968161962365592 0.21669186827956993 0.5938760080645161 0.21669186827956993 0.5909358198924732 0.21711189516129037 0.5875756048387097 0.21795194892473121 0.5842153897849462 0.21837197580645165 0.5762348790322581 0.22131216397849465 0.5699344758064516 0.22425235215053765 0.5636340725806452 0.22803259408602156 0.5602738575268817 0.23055275537634412 0.5573336693548387 0.23349294354838712 0.5543934811827957 0.23643313172043015 0.5514532930107527 0.24021337365591403 0.5489331317204301 0.24441364247311834 0.5485131048387097 0.24861391129032262 0.5480930779569894 0.25197412634408606 0.5476730510752688 0.25575436827956993 0.5476730510752688 0.25911458333333337 0.5472530241935484 0.26163474462365593 0.546832997311828 0.26415490591397855 0.5472530241935484 0.2666750672043011 0.5510332661290323 0.27171538978494625 0.5543934811827957 0.273395497311828 0.5573336693548387 0.27465557795698925 0.5602738575268817 0.2759156586021506 0.5640540994623656 0.27717573924731187 0.5674143145161291 0.2775957661290323 0.5724546370967742 0.2775957661290323 0.5762348790322581 0.2775957661290323 0.5804351478494624 0.2775957661290323 0.5837953629032259 0.27717573924731187 0.5871555779569894 0.276335685483871 0.5900957661290323 0.27507560483870974 0.5926159274193549 0.27423555107526887 0.6031165994623656 0.27003528225806456 0.6077368951612904 0.2662550403225807 0.6119371639784946 0.26205477150537637
1 0.5686743951612904 0.3737819220430108 0.5737147177419355 0.37504200268817206 0.5766549059139785 0.37546202956989255 0.5795950940860216 0.37546202956989255 0.5829553091397849 0.37504200268817206 0.5867355510752688 0.3746219758064517 0.5896757392473119 0.37336189516129037 0.5926159274193549 0.37210181451612906 0.5955561155913979 0.3704217069892473 0.5984963037634409 0.3679015456989248 0.6010164650537635 0.36622143817204306 0.6052167338709677 0.3624411962365592 0.6077368951612904 0.35908098118279574 0.6106770833333334 0.3565608198924731 0.6123571908602151 0.35320060483870974 0.6144573252688172 0.34942036290322587 0.6157174059139785 0.345640120967742 0.6173975134408602 0.3418598790322581 0.619077620967742 0.3376596102150538 0.6215977822580645 0.3326192876344087 0.6220178091397849 0.3284190188172043 0.6220178091397849 0.32505880376344093 0.6215977822580645 0.32211861559139787 0.6194976478494624 0.31917842741935487 0.6173975134408602 0.3174983198924731 0.6148773521505377 0.315398185483871 0.6119371639784946 0.31329805107526887 0.6081569220430108 0.3116179435483871 0.6052167338709677 0.31077788978494625 0.5989163306451614 0.31077788978494625 0.5938760080645161 0.31077788978494625 0.5900957661290323 0.3116179435483871 0.5863155241935484 0.3128780241935484 0.5821152553763441 0.3145581317204301 0.5787550403225806 0.3166582661290323 0.5753948252688172 0.31917842741935487 0.5724546370967742 0.32169858870967744 0.5695144489247312 0.32505880376344093 0.5678343413978495 0.32757896505376344 0.5661542338709677 0.33051915322580644 0.5648941532258065 0.33303931451612906 0.5627940188172044 0.33639952956989255 0.5619539650537635 0.33933971774193555 0.5606938844086021 0.34227990591397855 0.5598538306451614 0.3448000672043011 0.5590137768817205 0.34732022849462374 0.5577536962365592 0.3506804435483871 0.5577536962365592 0.3540406586021506 0.5577536962365592 0.3616011424731183 0.5590137768817205 0.3658014112903226 0.5623739919354839 0.36916162634408606 0.5657342069892474 0.37210181451612906
1 0.6816616263440861 0.3347194220430108 0.6841817876344086 0.33345934139784955 0.6875420026881721 0.33093918010752693 0.6900621639784946 0.3284190188172043 0.6925823252688172 0.32505880376344093 0.6946824596774195 0.32295866935483875 0.6963625672043011 0.3208585349462366 0.6984627016129034 0.3174983198924731 0.7001428091397849 0.31413810483870974 0.7018229166666666 0.31035786290322587 0.7035030241935484 0.3069976478494624 0.7043430779569894 0.30321740591397855 0.7043430779569894 0.29901713709677424 0.7043430779569894 0.29523689516129037 0.7039230510752688 0.29187668010752693 0.7009828629032259 0.28683635752688175 0.6984627016129034 0.2847362231182796 0.6963625672043011 0.28305611559139787 0.6934223790322581 0.28221606182795705 0.6896421370967742 0.2817960349462366 0.6875420026881721 0.2817960349462366 0.6846018145161291 0.28221606182795705 0.6812415994623656 0.28305611559139787 0.6783014112903226 0.2843161962365592 0.6749411962365592 0.2864163306451613 0.6707409274193549 0.2897765456989248 0.6678007392473119 0.29187668010752693 0.6657006048387097 0.29397681451612906 0.6623403897849462 0.29775705645161293 0.6602402553763441 0.30111727150537637 0.658140120967742 0.3040574596774194 0.6560399865591399 0.3069976478494624 0.6547799059139785 0.309517809139785 0.6535198252688172 0.3120379704301076 0.6530997983870968 0.3145581317204301 0.6530997983870968 0.3179183467741936 0.6530997983870968 0.3208585349462366 0.6535198252688172 0.3233786962365592 0.6543598790322581 0.32589885752688175 0.6551999327956989 0.3288390456989248 0.6568800403225806 0.3321992607526882 0.6602402553763441 0.3355594758064517 0.6673807123655915 0.33723958333333337 0.6711609543010754 0.33723958333333337 0.6741011424731183 0.33681955645161293 0.6783014112903226 0.33597950268817206
1 0.630838373655914 0.1826696908602151 0.6362987231182796 0.18434979838709684 0.6417590725806452 0.18434979838709684 0.64637936827957 0.18434979838709684 0.6501596102150539 0.18350974462365596 0.6551999327956989 0.18014952956989252 0.6589801747311828 0.17762936827956993 0.6615003360215055 0.1755292338709678 0.664020497311828 0.17300907258064518 0.6661206317204301 0.16922883064516134 0.6682207661290323 0.1646085349462366 0.6686407930107527 0.16082829301075272 0.6682207661290323 0.15662802419354843 0.6673807123655915 0.15200772849462368 0.6661206317204301 0.14906754032258068 0.6644405241935484 0.14612735215053765 0.6627604166666666 0.14276713709677422 0.6606602822580645 0.13982694892473121 0.6585601478494624 0.13688676075268819 0.6564600134408602 0.13310651881720434 0.6543598790322581 0.13100638440860218 0.6514196908602151 0.12932627688172046 0.6476394489247312 0.1272261424731183 0.6430191532258065 0.12512600806451615 0.6396589381720431 0.12344590053763445 0.6362987231182796 0.12218581989247317 0.6333585349462366 0.12176579301075273 0.6291582661290323 0.12218581989247317 0.6245379704301076 0.12344590053763445 0.6194976478494624 0.12470598118279574 0.6148773521505377 0.1255460349462366 0.6098370295698925 0.1268061155913979 0.6064768145161291 0.12806619623655918 0.6039566532258065 0.12932627688172046 0.6005964381720431 0.13184643817204306 0.59765625 0.1352066532258065 0.5959761424731183 0.1381468413978495 0.5938760080645161 0.14150705645161293 0.5926159274193549 0.14570732526881722 0.5930359543010754 0.14990759408602153 0.5938760080645161 0.153267809139785 0.5947160618279571 0.15704805107526887 0.5955561155913979 0.1604082661290323 0.5993363575268817 0.1658686155913979 0.6060567876344086 0.17048891129032262 0.6098370295698925 0.17300907258064518 0.6144573252688172 0.1755292338709678 0.6173975134408602 0.17678931451612906 0.6207577284946237 0.1784694220430108 0.6245379704301076 0.18014952956989252
1 0.7337449596774195 0.17468918010752693 0.7383652553763441 0.17216901881720434 0.7404653897849462 0.1688088037634409 0.7429855510752688 0.1646085349462366 0.7446656586021505 0.16082829301075272 0.7459257392473119 0.15830813172043015 0.7476058467741936 0.153267809139785 0.7484459005376344 0.14906754032258068 0.7492859543010754 0.14528729838709684 0.7492859543010754 0.14192708333333337 0.7492859543010754 0.13856686827956993 0.7488659274193549 0.13436659946236562 0.7484459005376344 0.13058635752688177 0.748025873655914 0.1272261424731183 0.7471858198924732 0.12428595430107531 0.7459257392473119 0.12092573924731186 0.7450856854838711 0.11798555107526885 0.7434055779569894 0.11546538978494628 0.7417254704301076 0.11336525537634413 0.7400453629032259 0.11084509408602154 0.7375252016129034 0.10790490591397853 0.7341649865591399 0.10538474462365595 0.7308047715053764 0.10370463709677423 0.7278645833333334 0.10370463709677423 0.7232442876344086 0.10370463709677423 0.7203040994623656 0.10286458333333338 0.7177839381720431 0.10160450268817207 0.7161038306451614 0.10118447580645165 0.7140036962365592 0.10076444892473123 0.7106434811827957 0.10118447580645165 0.7068632392473119 0.10412466397849467 0.7047631048387097 0.10664482526881724 0.7035030241935484 0.1104250672043011 0.7026629704301076 0.11336525537634413 0.7009828629032259 0.11924563172043015 0.7005628360215055 0.12176579301075273 0.7001428091397849 0.12470598118279574 0.6993027553763441 0.12806619623655918 0.6988827284946237 0.13058635752688177 0.6980426747311828 0.13352654569892478 0.6980426747311828 0.13604670698924737 0.6980426747311828 0.13898689516129037 0.6980426747311828 0.14276713709677422 0.6984627016129034 0.14570732526881722 0.6993027553763441 0.14864751344086027 0.7005628360215055 0.15200772849462368 0.7014028897849462 0.15536794354838712 0.7022429435483872 0.15872815860215056 0.7060231854838711 0.16670866935483877 0.7098034274193549 0.1717489919354839 0.7131636424731183 0.1742691532258065 0.7169438844086021 0.1755292338709678 0.7211441532258065 0.17594926075268819 0.7257644489247312 0.1755292338709678 0.730384744623656 0.1755292338709678
1 0.1167320627802691 0.28676195814648736 0.11860052316890887 0.28442638266068765 0.1190676382660688 0.281623692077728 0.1190676382660688 0.27788677130044853 0.11813340807174892 0.27274850523168914 0.11813340807174892 0.26947869955156956 0.11766629297458898 0.26574177877429 0.11579783258594922 0.26153774289985054 0.11346225710014952 0.2596692825112108 0.11065956651718988 0.2573337070254111 0.10738976083707029 0.25453101644245146 0.10505418535127059 0.2531296711509717 0.10225149476831095 0.25079409566517197 0.09150784753363234 0.24612294469357254 0.08496823617339318 0.2442544843049328 0.07749439461883413 0.24285313901345296 0.0737574738415546 0.24285313901345296 0.07048766816143502 0.2433202541106129 0.06721786248131544 0.2442544843049328 0.0644151718983558 0.24518871449925267 0.0620795964125561 0.2465900597907325 0.060678251121076276 0.2489256352765322 0.059744020926756396 0.25219544095665175 0.058809790732436515 0.25546524663677134 0.058809790732436515 0.2592021674140509 0.05927690582959646 0.2643404334828102 0.06114536621823621 0.2680773542600897 0.0644151718983558 0.2718142750373692 0.06581651718983562 0.27508408071748885 0.06721786248131544 0.2774196562032885 0.0690863228699552 0.2797552316890882 0.07048766816143502 0.28209080717488794 0.08029708520179377 0.28722907324364727 0.08590246636771305 0.29049887892376686 0.09197496263079227 0.29190022421524664 0.09571188340807178 0.29283445440956657 0.10178437967115102 0.2947029147982063 0.10552130044843054 0.2947029147982063 0.10785687593423024 0.29423579970104635 0.11112668161434983 0.29283445440956657 0.11392937219730946 0.2909659940209268
1 0.12794282511210767 0.4339032137518685 0.13074551569506732 0.43296898355754865 0.13588378176382665 0.43063340807174894 0.1447589686098655 0.4245609118086697 0.15083146487294474 0.4184884155455905 0.15316704035874446 0.4147514947683109 0.1559697309417041 0.4114816890881914 0.1583053064275038 0.4058763079222721 0.1597066517189836 0.4016722720478326 0.16157511210762335 0.3970011210762332 0.1620422272047833 0.39139573991031396 0.16017376681614354 0.3862574738415546 0.1573710762331839 0.3839218983557549 0.15223281016442455 0.38252055306427507 0.1480287742899851 0.3815863228699552 0.14382473841554563 0.3811192077727953 0.1386864723467863 0.37971786248131545 0.1354166666666667 0.3787836322869956 0.13121263079222725 0.3792507473841555 0.12420590433482816 0.3811192077727953 0.11860052316890887 0.38252055306427507 0.11392937219730946 0.3843890134529149 0.10879110612855011 0.3867245889387146 0.10458707025411067 0.3899943946188341 0.1003830343796712 0.3932642002989537 0.09617899850523173 0.3965340059790733 0.09337630792227208 0.3998038116591929 0.09104073243647239 0.4035407324364724 0.08870515695067269 0.4072776532137519 0.08636958146487299 0.4114816890881914 0.08496823617339318 0.4147514947683109 0.08403400597907328 0.41895553064275043 0.08263266068759348 0.42409379671150976 0.08263266068759348 0.42736360239162935 0.0830997757847534 0.43063340807174894 0.08450112107623323 0.43296898355754865 0.08683669656203293 0.43577167414050827 0.09057361733931245 0.43904147982062786 0.09664611360239168 0.4395085949177878 0.09898168908819137 0.4395085949177878 0.10271860986547089 0.4395085949177878 0.10645553064275041 0.43904147982062786 0.11065956651718988 0.4381072496263079 0.11579783258594922 0.437640134529148 0.12093609865470857 0.43623878923766823 0.12467301943198808 0.4353045590433483
1 0.20548393124065772 0.48388452914798213 0.20688527653213756 0.4815489536621824 0.20922085201793728 0.4796804932735427 0.21108931240657702 0.47641068759342303 0.2120235426008969 0.47314088191330345 0.21342488789237674 0.4684697309417041 0.21435911808669658 0.4642656950672646 0.21622757847533638 0.46239723467862487 0.21622757847533638 0.4591274289985053 0.21482623318385655 0.45445627802690586 0.21249065769805683 0.45025224215246645 0.20875373692077734 0.4469824364723468 0.20548393124065772 0.44604820627802694 0.20081278026905833 0.44464686098654715 0.19567451420029902 0.4437126307922272 0.19100336322869962 0.4437126307922272 0.18679932735426014 0.4441797458893872 0.18352952167414055 0.44511397608370706 0.17932548579970112 0.44604820627802694 0.17512144992526163 0.4474495515695068 0.17185164424514204 0.4488508968609866 0.16811472346786252 0.45025224215246645 0.1657791479820628 0.45212070254110615 0.16250934230194325 0.4549233931240658 0.15923953662182366 0.45772608370702544 0.156436846038864 0.4605287742899851 0.15316704035874446 0.46239723467862487 0.1494301195814649 0.46613415545590436 0.14662742899850528 0.46893684603886404 0.14382473841554563 0.4708053064275038 0.14148916292974595 0.47360799701046347 0.14055493273542605 0.4792133781763827 0.14055493273542605 0.48388452914798213 0.14102204783258598 0.48855568011958156 0.14195627802690589 0.4913583707025412 0.1447589686098655 0.49556240657698064 0.1470945440956652 0.4969637518684605 0.1526999252615845 0.49883221225710017 0.1550355007473842 0.49929932735426014 0.1587724215246637 0.49929932735426014 0.1611079970104634 0.49929932735426014 0.1690489536621824 0.49929932735426014 0.17558856502242157 0.49976644245142005 0.18025971599402096 0.49929932735426014 0.18399663677130051 0.49929932735426014 0.18773355754858 0.49836509715994026 0.19053624813153966 0.4974308669656204 0.1933389387144993 0.49602952167414055 0.19754297458893877 0.49275971599402096 0.19987855007473848 0.49042414050822125 0.20314835575485804 0.48668721973094176
1 0.5408725710014948 0.5240564275037369 0.5427410313901345 0.5203195067264574 0.5441423766816144 0.5175168161434978 0.5455437219730942 0.5137798953662183 0.5460108370702541 0.5100429745889388 0.5460108370702541 0.5058389387144993 0.5460108370702541 0.5007006726457399 0.5455437219730942 0.4969637518684605 0.5455437219730942 0.4941610612855008 0.5441423766816144 0.49042414050822125 0.5436752615844543 0.48715433482810166 0.5427410313901345 0.48435164424514204 0.5404054559043348 0.4759435724962631 0.5366685351270554 0.4698710762331839 0.531530269058296 0.46099588938714503 0.5263920029895367 0.45679185351270557 0.5231221973094171 0.45445627802690586 0.5179839312406578 0.4511864723467863 0.5137798953662183 0.4488508968609866 0.5095758594917787 0.4465153213751869 0.5058389387144993 0.44464686098654715 0.5007006726457399 0.44277840059790735 0.49789798206278035 0.4413770553064275 0.49322683109118093 0.44044282511210764 0.48995702541106134 0.44044282511210764 0.485285874439462 0.4409099402092676 0.4796804932735427 0.4413770553064275 0.47687780269058305 0.44184417040358753 0.47267376681614354 0.44277840059790735 0.4698710762331839 0.44511397608370706 0.46706838565022424 0.4474495515695068 0.4647328101644245 0.45071935724962636 0.46286434977578483 0.453054932735426 0.46146300448430494 0.4586603139013453 0.4605287742899851 0.46146300448430494 0.4605287742899851 0.46706838565022424 0.4605287742899851 0.47127242152466375 0.46146300448430494 0.47547645739910316 0.46333146487294474 0.48061472346786255 0.46566704035874446 0.48622010463378185 0.4675355007473842 0.4908912556053812 0.46893684603886404 0.4941610612855008 0.4703381913303438 0.4974308669656204 0.47267376681614354 0.5007006726457399 0.4740751121076234 0.5049047085201794 0.47687780269058305 0.508174514200299 0.47874626307922274 0.5128456651718983 0.48108183856502246 0.516115470852018 0.4824831838565023 0.5193852765321376 0.48435164424514204 0.5221879671150972 0.48668721973094176 0.5249906576980569 0.48808856502242154 0.5259248878923767 0.49556240657698064 0.531530269058296 0.5007006726457399 0.5352671898355755 0.5072402840059791 0.539938340807175 0.5100429745889388 0.5413396860986547 0.5147141255605382 0.5418068011958147 0.5184510463378177 0.5408725710014948 0.5226550822122572 0.539938340807175 0.5259248878923767 0.5385369955156951 0.5310631539611361 0.5343329596412556 0.5333987294469357 0.5324644992526159 0.5362014200298953 0.5301289237668162 0.5385369955156951 0.5268591180866966
1 0.7239816890881913 0.44791666666666674 0.7207118834080717 0.44604820627802694 0.7174420777279522 0.4441797458893872 0.7141722720478326 0.4432455156950673 0.7099682361733931 0.44184417040358753 0.7057642002989536 0.4409099402092676 0.703428624813154 0.44044282511210764 0.7006259342301943 0.44044282511210764 0.695020553064275 0.4413770553064275 0.6898822869955157 0.44184417040358753 0.6842769058295964 0.4437126307922272 0.679605754857997 0.44511397608370706 0.6749346038863976 0.4469824364723468 0.6702634529147982 0.4488508968609866 0.6660594170403588 0.45165358744394624 0.6604540358744394 0.45632473841554566 0.6576513452914798 0.4591274289985053 0.6543815396113603 0.46333146487294474 0.6520459641255606 0.46706838565022424 0.6492432735426008 0.47127242152466375 0.6473748131539612 0.4740751121076234 0.6464405829596412 0.47827914798206284 0.6464405829596412 0.4824831838565023 0.6469076980568012 0.48622010463378185 0.648776158445441 0.4908912556053812 0.6534473094170404 0.5007006726457399 0.6590526905829596 0.5035033632286996 0.663723841554559 0.5058389387144993 0.6669936472346786 0.5077073991031391 0.6707305680119582 0.508174514200299 0.6730661434977578 0.508174514200299 0.6777372944693573 0.5077073991031391 0.6845238095238095 0.5077798663324979 0.6884809417040358 0.5067731689088192 0.6940863228699552 0.5063060538116593 0.6992245889387144 0.5049047085201794 0.7043628550074739 0.5021020179372198 0.7076326606875935 0.5007006726457399 0.710902466367713 0.49789798206278035 0.7155736173393125 0.49322683109118093 0.7197776532137519 0.4894899103139014 0.7221132286995516 0.48622010463378185 0.7244488041853513 0.48388452914798213 0.7272514947683109 0.48061472346786255 0.7291199551569506 0.47734491778774296 0.7309884155455905 0.4740751121076234 0.73379110612855 0.46379857997010465 0.73379110612855 0.4591274289985053 0.7314555306427504 0.45539050822122573 0.7291199551569506 0.45212070254110615 0.7267843796711511 0.45025224215246645
1 0.8968142750373692 0.4913583707025412 0.8968142750373692 0.48668721973094176 0.8963471599402092 0.48295029895366226 0.8958800448430494 0.47874626307922274 0.8944786995515696 0.47500934230194325 0.8916760089686099 0.47127242152466375 0.8884062032884903 0.46706838565022424 0.8851363976083707 0.4642656950672646 0.8828008221225709 0.46239723467862487 0.8790639013452916 0.45959454409566525 0.875326980568012 0.45772608370702544 0.8706558295964125 0.45632473841554566 0.8664517937219731 0.4549233931240658 0.8622477578475336 0.45352204783258604 0.8575766068759342 0.45212070254110615 0.8552410313901345 0.45165358744394624 0.8505698804185351 0.4511864723467863 0.8477671898355755 0.45071935724962636 0.8444973841554559 0.45071935724962636 0.8407604633781763 0.45071935724962636 0.8379577727952168 0.45165358744394624 0.8346879671150972 0.4525878176382661 0.8323523916292975 0.453054932735426 0.8281483557548579 0.45539050822122573 0.8262798953662183 0.45772608370702544 0.8244114349775785 0.4605287742899851 0.8230100896860987 0.46333146487294474 0.8211416292974589 0.46660127055306433 0.8197402840059791 0.46893684603886404 0.8188060538116592 0.47173953662182366 0.8188060538116592 0.47547645739910316 0.8188060538116592 0.47874626307922274 0.8192731689088191 0.4824831838565023 0.820207399103139 0.48622010463378185 0.8216087443946188 0.48902279521674147 0.8230100896860987 0.49229260089686105 0.8248785500747383 0.49602952167414055 0.8272141255605381 0.49976644245142005 0.8286154708520179 0.5021020179372198 0.8309510463378177 0.5044375934230195 0.8332866218236173 0.5072402840059791 0.8365564275037369 0.5100429745889388 0.8398262331838565 0.5119114349775785 0.8421618086696562 0.5133127802690584 0.8463658445440957 0.5147141255605382 0.8505698804185351 0.516115470852018 0.8566423766816144 0.516115470852018 0.8641162182361734 0.5175168161434978 0.8683202541106129 0.5179839312406578 0.8715900597907323 0.5179839312406578 0.8762612107623318 0.5170497010463379 0.8785967862481315 0.516115470852018 0.8813994768310912 0.515648355754858 0.8842021674140508 0.5133127802690584 0.8874719730941704 0.5100429745889388 0.89027466367713 0.5067731689088192 0.8921431240657698 0.5044375934230195 0.8944786995515696 0.5007006726457399 0.8963471599402092 0.4969637518684605
1 0.921313700918964 0.6349206349206349 0.9236633249791144 0.6310045948203843 0.9257518796992481 0.6263053467000835 0.9270572263993315 0.6226503759398496 0.9281015037593985 0.6184732664995823 0.9283625730994152 0.6145572263993316 0.9281015037593985 0.6098579782790309 0.9273182957393483 0.6059419381787803 0.9257518796992481 0.601764828738513 0.9236633249791144 0.5978487886382623 0.9218358395989975 0.5949770258980785 0.9202694235588972 0.5926274018379282 0.9181808688387636 0.5889724310776943 0.9163533834586466 0.5866228070175439 0.9147869674185464 0.5850563909774436 0.9134816207184627 0.5832289055973267 0.9116541353383458 0.5814014202172096 0.9085213032581454 0.5803571428571428 0.9053884711779449 0.5793128654970761 0.9012113617376775 0.5782685881370091 0.8970342522974101 0.5769632414369256 0.8949456975772765 0.5769632414369256 0.8912907268170425 0.577485380116959 0.8871136173767752 0.5787907268170426 0.8826754385964912 0.5795739348370927 0.8805868838763575 0.5800960735171261 0.8766708437761069 0.5821846282372598 0.8732769423558897 0.5847953216374269 0.8706662489557225 0.5879281537176273 0.8685776942355888 0.5910609857978278 0.8664891395154553 0.5941938178780284 0.8644005847953216 0.5975877192982455 0.863095238095238 0.6004594820384294 0.8617898913951545 0.6033312447786131 0.8602234753550543 0.6064640768588136 0.8591791979949874 0.6095969089390142 0.8589181286549706 0.6135129490392648 0.8589181286549706 0.6171679197994987 0.8589181286549706 0.6208228905597326 0.8591791979949874 0.6234335839598997 0.8597013366750209 0.6260442773600668 0.860484544695071 0.6289160401002506 0.8615288220551378 0.6315267335004177 0.8620509607351712 0.6336152882205514 0.863095238095238 0.6364870509607351 0.8644005847953216 0.639358813700919 0.8654448621553884 0.641186299081036 0.8675334168755221 0.6437969924812029 0.8690998329156224 0.6448412698412699 0.8709273182957393 0.6458855472013366 0.8722326649958229 0.6466687552213867 0.8735380116959064 0.647451963241437 0.878237259816207 0.6503237259816206 0.8816311612364243 0.6524122807017544 0.8847639933166248 0.6531954887218044 0.8886800334168755 0.6531954887218044 0.893640350877193 0.6529344193817878 0.89625104427736 0.6524122807017544 0.900689223057644 0.6516290726817042 0.9032999164578112 0.6508458646616542 0.9056495405179615 0.6498015873015872 0.9085213032581454 0.6479741019214703 0.9108709273182957 0.6458855472013366 0.912437343358396 0.6445802005012531 0.9153091060985797 0.6417084377610693 0.9192251461988303 0.6377923976608187
1 0.38326149425287354 0.7790948275862069 0.38505747126436785 0.7765804597701149 0.3868534482758621 0.774066091954023 0.38900862068965514 0.7704741379310345 0.39080459770114945 0.7676005747126436 0.39224137931034486 0.7647270114942529 0.3936781609195402 0.7614942528735632 0.3947557471264368 0.7575431034482759 0.3958333333333333 0.7539511494252874 0.3961925287356322 0.7489224137931034 0.3961925287356322 0.7435344827586208 0.3961925287356322 0.7395833333333334 0.39547413793103453 0.7359913793103449 0.3947557471264368 0.7323994252873564 0.3933189655172414 0.7291666666666666 0.39224137931034486 0.7266522988505747 0.39080459770114945 0.723778735632184 0.38900862068965514 0.7209051724137931 0.3875718390804598 0.71875 0.38505747126436785 0.7176724137931034 0.3814655172413793 0.7162356321839081 0.3771551724137931 0.7137212643678161 0.3742816091954023 0.7126436781609196 0.3681752873563218 0.7126436781609196 0.36422413793103453 0.7130028735632183 0.3613505747126437 0.7130028735632183 0.3588362068965517 0.7137212643678161 0.3541666666666667 0.7158764367816093 0.35093390804597707 0.7165948275862069 0.348419540229885 0.7176724137931034 0.3459051724137931 0.71875 0.34375 0.7205459770114943 0.34087643678160917 0.7234195402298851 0.3387212643678161 0.7266522988505747 0.33656609195402304 0.7291666666666666 0.3347701149425288 0.7320402298850576 0.33297413793103453 0.7349137931034483 0.33153735632183906 0.7374281609195402 0.3301005747126437 0.74066091954023 0.3286637931034483 0.7431752873563219 0.3279454022988506 0.7471264367816093 0.32722701149425293 0.75 0.32650862068965514 0.7528735632183908 0.32614942528735635 0.7564655172413793 0.32614942528735635 0.7586206896551725 0.32614942528735635 0.761853448275862 0.32650862068965514 0.7654454022988506 0.32686781609195403 0.7683189655172414 0.32686781609195403 0.7704741379310345 0.3275862068965517 0.7733477011494253 0.3286637931034483 0.7762212643678161 0.32974137931034486 0.7783764367816093 0.3311781609195402 0.78125 0.33189655172413796 0.7830459770114943 0.3333333333333333 0.7848419540229885 0.334051724137931 0.7866379310344828 0.33656609195402304 0.79058908045977 0.3401580459770115 0.7920258620689656 0.3441091954022989 0.7927442528735632 0.3473419540229885 0.793462643678161 0.35129310344827586 0.7941810344827586 0.35488505747126436 0.7945402298850576 0.35775862068965514 0.7945402298850576 0.36063218390804597 0.7941810344827586 0.36422413793103453 0.7923850574712644 0.3681752873563218 0.7909482758620691 0.3714080459770115 0.7895114942528736 0.37320402298850575 0.7880747126436781 0.375 0.7869971264367817 0.3771551724137931 0.7848419540229885 0.37931034482758624 0.7830459770114943 0.3814655172413793 0.7816091954022989
1 0.6515804597701149 0.82183908045977 0.6548132183908046 0.8232758620689656 0.6580459770114943 0.824712643678161 0.6602011494252874 0.824712643678161 0.663433908045977 0.824712643678161 0.6677442528735632 0.824353448275862 0.6716954022988506 0.8229166666666666 0.6745689655172414 0.8214798850574713 0.677801724137931 0.8193247126436781 0.6817528735632183 0.8157327586206897 0.6849856321839081 0.8121408045977012 0.6860632183908046 0.8089080459770115 0.6871408045977012 0.8056752873563219 0.6882183908045978 0.80316091954023 0.6882183908045978 0.7995689655172414 0.6878591954022988 0.7966954022988506 0.6878591954022988 0.793462643678161 0.6867816091954023 0.7895114942528736 0.6831896551724138 0.7783764367816093 0.6767241379310345 0.7668821839080461 0.6731321839080461 0.7629310344827586 0.6706178160919541 0.7604166666666666 0.668462643678161 0.7586206896551725 0.6645114942528736 0.7564655172413793 0.6616379310344828 0.7546695402298851 0.6591235632183908 0.7535919540229885 0.6555316091954023 0.7525143678160919 0.6522988505747127 0.7517959770114943 0.649066091954023 0.7510775862068966 0.646551724137931 0.7507183908045978 0.6429597701149425 0.7507183908045978 0.6397270114942529 0.7507183908045978 0.6364942528735632 0.7514367816091954 0.63433908045977 0.7525143678160919 0.6325431034482759 0.7539511494252874 0.6307471264367817 0.7557471264367817 0.6282327586206897 0.7586206896551725 0.6253591954022988 0.7643678160919541 0.6232040229885059 0.769396551724138 0.6224856321839081 0.7729885057471264 0.6228448275862069 0.7758620689655173 0.6228448275862069 0.7790948275862069 0.6232040229885059 0.78125 0.6239224137931034 0.7848419540229885 0.625 0.788433908045977 0.6260775862068966 0.79058908045977 0.6271551724137931 0.7938218390804598 0.6282327586206897 0.7963362068965517 0.63433908045977 0.8049568965517242 0.6397270114942529 0.8117816091954023 0.6411637931034483 0.8150143678160919 0.6440373563218391 0.817528735632184 0.6476293103448276 0.8200431034482759
1 0.7794540229885059 0.7130028735632183 0.7816091954022989 0.7101293103448276 0.7834051724137931 0.7072557471264368 0.7848419540229885 0.7033045977011495 0.7855603448275862 0.699712643678161 0.786278735632184 0.6961206896551725 0.7866379310344828 0.692528735632184 0.7866379310344828 0.6882183908045978 0.7866379310344828 0.6835488505747127 0.786278735632184 0.680316091954023 0.786278735632184 0.6767241379310345 0.7855603448275862 0.6727729885057471 0.7844827586206897 0.6677442528735632 0.7837643678160919 0.6645114942528736 0.7819683908045978 0.6605603448275862 0.7794540229885059 0.6573275862068966 0.7780172413793103 0.6551724137931034 0.7747844827586208 0.6508620689655173 0.7722701149425287 0.6476293103448276 0.769396551724138 0.6458333333333334 0.7665229885057471 0.6447557471264368 0.7625718390804598 0.6436781609195402 0.757183908045977 0.6426005747126436 0.7535919540229885 0.6415229885057471 0.7482040229885059 0.6408045977011495 0.7460488505747127 0.6408045977011495 0.742816091954023 0.6429597701149425 0.7399425287356323 0.6447557471264368 0.7367097701149425 0.6476293103448276 0.7338362068965517 0.6494252873563219 0.730962643678161 0.6519396551724138 0.7288074712643678 0.6544540229885059 0.7270114942528736 0.6573275862068966 0.7252155172413793 0.6609195402298851 0.7234195402298851 0.6641522988505747 0.7223419540229885 0.6670258620689655 0.7209051724137931 0.6713362068965517 0.7205459770114943 0.675646551724138 0.7205459770114943 0.6792385057471264 0.7219827586206897 0.6831896551724138 0.7230603448275862 0.6857040229885059 0.723778735632184 0.6889367816091954 0.7244971264367817 0.6918103448275862 0.7252155172413793 0.694683908045977 0.7273706896551725 0.7004310344827586 0.7298850574712644 0.706896551724138 0.7313218390804598 0.70941091954023 0.7331178160919541 0.7119252873563219 0.7352729885057471 0.7137212643678161 0.7370689655172414 0.7155172413793103 0.740301724137931 0.7173132183908046 0.7435344827586208 0.71875 0.7485632183908046 0.7201867816091954 0.7521551724137931 0.7209051724137931 0.7561063218390804 0.7209051724137931 0.761853448275862 0.7205459770114943 0.7661637931034483 0.7205459770114943 0.7701149425287357 0.7194683908045978 0.7733477011494253 0.7183908045977012 0.7751436781609196 0.7173132183908046 0.7772988505747127 0.7155172413793103
1 0.3753591954022989 0.49245689655172414 0.3753591954022989 0.48886494252873564 0.3753591954022989 0.4849137931034483 0.375 0.4816810344827587 0.37464080459770116 0.47737068965517243 0.37356321839080464 0.47306034482758624 0.37248563218390807 0.4698275862068966 0.3717672413793104 0.46731321839080464 0.370330459770115 0.4630028735632184 0.3685344827586207 0.46048850574712646 0.3660201149425288 0.45761494252873564 0.36314655172413796 0.45545977011494254 0.3602729885057471 0.4540229885057471 0.35739942528735635 0.4529454022988506 0.35488505747126436 0.45114942528735635 0.35201149425287354 0.4500718390804598 0.3494971264367816 0.4493534482758621 0.34554597701149425 0.4479166666666667 0.3426724137931034 0.44755747126436785 0.33979885057471265 0.4479166666666667 0.33764367816091956 0.44863505747126436 0.3347701149425288 0.4500718390804598 0.3322557471264368 0.45079022988505746 0.33045977011494254 0.45186781609195403 0.3290229885057471 0.45438218390804597 0.3275862068965517 0.4572557471264368 0.32614942528735635 0.4608477011494253 0.3250718390804598 0.464080459770115 0.3243534482758621 0.46659482758620696 0.32363505747126436 0.4694683908045977 0.3229166666666667 0.47162356321839083 0.3218390804597701 0.473419540229885 0.32076149425287354 0.47593390804597707 0.32076149425287354 0.4795258620689655 0.32076149425287354 0.4838362068965517 0.32112068965517243 0.48778735632183906 0.3218390804597701 0.4910201149425288 0.3229166666666667 0.49461206896551724 0.3243534482758621 0.49820402298850575 0.32579022988505746 0.5010775862068966 0.32686781609195403 0.5028735632183908 0.3286637931034483 0.5061063218390804 0.3301005747126437 0.5082614942528736 0.33620689655172414 0.5136494252873564 0.3405172413793104 0.5176005747126438 0.34375 0.5190373563218391 0.34770114942528735 0.5204741379310345 0.3502155172413793 0.521551724137931 0.3530890804597701 0.521551724137931 0.35704022988505746 0.5211925287356322 0.3591954022988506 0.5204741379310345 0.36099137931034486 0.5197557471264368 0.36386494252873564 0.5183189655172414 0.3670977011494253 0.5158045977011495 0.3692528735632184 0.5132902298850575 0.37104885057471265 0.5107758620689655 0.37248563218390807 0.5079022988505747 0.3728448275862069 0.5046695402298851 0.37320402298850575 0.5014367816091955 0.37356321839080464 0.49820402298850575 0.37464080459770116 0.49461206896551724
1 0.3620689655172414 0.6451149425287357 0.3591954022988506 0.6433189655172414 0.35596264367816094 0.6418821839080461 0.3541666666666667 0.6411637931034483 0.35237068965517243 0.6400862068965517 0.3494971264367816 0.6382902298850576 0.34662356321839083 0.636853448275862 0.3444683908045977 0.6361350574712644 0.3415948275862069 0.6350574712643678 0.3394396551724138 0.63433908045977 0.33548850574712646 0.6336206896551725 0.3322557471264368 0.6336206896551725 0.3275862068965517 0.6339798850574713 0.3250718390804598 0.6346982758620691 0.32147988505747127 0.636853448275862 0.3189655172413793 0.6379310344827586 0.3160919540229885 0.6397270114942529 0.315014367816092 0.6415229885057471 0.3146551724137931 0.644396551724138 0.315014367816092 0.6472701149425287 0.31537356321839083 0.6508620689655173 0.31537356321839083 0.6537356321839081 0.31573275862068967 0.65625 0.31573275862068967 0.6591235632183908 0.31573275862068967 0.661278735632184 0.31573275862068967 0.663433908045977 0.3175287356321839 0.6673850574712644 0.32004310344827586 0.6691810344827586 0.322198275862069 0.6709770114942529 0.32471264367816094 0.6724137931034483 0.3308189655172414 0.6749281609195402 0.33656609195402304 0.677801724137931 0.3426724137931034 0.6792385057471264 0.348419540229885 0.680316091954023 0.3505747126436782 0.6806752873563219 0.35237068965517243 0.6806752873563219 0.3552442528735632 0.6806752873563219 0.35847701149425293 0.6806752873563219 0.36170977011494254 0.680316091954023 0.3635057471264368 0.6799568965517242 0.36673850574712646 0.677801724137931 0.36961206896551724 0.6745689655172414 0.37104885057471265 0.6716954022988506 0.37212643678160917 0.668462643678161 0.37212643678160917 0.66558908045977 0.3717672413793104 0.6623563218390804 0.3717672413793104 0.6598419540229885 0.37104885057471265 0.6576867816091954 0.370330459770115 0.6544540229885059 0.36889367816091956 0.6501436781609196 0.36422413793103453 0.646551724137931
1 0.24820402298850575 0.6788793103448276 0.24640804597701152 0.6767241379310345 0.2442528735632184 0.6745689655172414 0.2406609195402299 0.6724137931034483 0.23742816091954025 0.6695402298850576 0.23419540229885058 0.6673850574712644 0.23132183908045978 0.6648706896551725 0.2295258620689655 0.6637931034482759 0.22665229885057472 0.6619971264367817 0.22306034482758622 0.6609195402298851 0.22090517241379312 0.6602011494252874 0.21731321839080459 0.6598419540229885 0.21515804597701152 0.6602011494252874 0.2130028735632184 0.6616379310344828 0.21120689655172414 0.6637931034482759 0.20977011494252873 0.6663074712643678 0.20833333333333334 0.6691810344827586 0.20689655172413793 0.6724137931034483 0.2058189655172414 0.6760057471264368 0.20510057471264367 0.6788793103448276 0.204382183908046 0.6817528735632183 0.204382183908046 0.6846264367816093 0.204382183908046 0.6885775862068966 0.204382183908046 0.6928879310344828 0.2058189655172414 0.6975574712643678 0.2079741379310345 0.7015086206896551 0.20869252873563218 0.7036637931034483 0.21264367816091953 0.7126436781609196 0.21875 0.7205459770114943 0.22270114942528738 0.7241379310344828 0.22629310344827586 0.725933908045977 0.2298850574712644 0.7273706896551725 0.23347701149425287 0.7273706896551725 0.2370689655172414 0.7270114942528736 0.23994252873563218 0.7262931034482759 0.2435344827586207 0.7230603448275862 0.24568965517241378 0.7205459770114943 0.24676724137931036 0.71875 0.24856321839080459 0.7151580459770115 0.25 0.7112068965517242 0.25071839080459773 0.7076149425287357 0.2514367816091954 0.7043821839080461 0.25179597701149425 0.699353448275862 0.25179597701149425 0.6961206896551725 0.2514367816091954 0.6939655172413793 0.2514367816091954 0.6896551724137931 0.25071839080459773 0.6853448275862069 0.24964080459770116 0.6821120689655173
1 0.23419540229885058 0.9845545977011495 0.2367097701149425 0.9827586206896551 0.2385057471264368 0.9795258620689656 0.2392241379310345 0.9773706896551725 0.23994252873563218 0.9748563218390806 0.2406609195402299 0.9727011494252874 0.2420977011494253 0.9698275862068966 0.24317528735632185 0.9665948275862069 0.24281609195402298 0.9626436781609196 0.24102011494252873 0.959051724137931 0.2392241379310345 0.9565373563218391 0.23635057471264367 0.9547413793103449 0.2320402298850575 0.9533045977011495 0.22772988505747127 0.9522270114942529 0.22306034482758622 0.9515086206896551 0.21839080459770116 0.9507902298850576 0.21479885057471265 0.9504310344827586 0.2122844827586207 0.9500718390804598 0.20905172413793105 0.9486350574712644 0.20474137931034483 0.9486350574712644 0.20114942528735633 0.949712643678161 0.19935344827586207 0.9504310344827586 0.19719827586206898 0.9504310344827586 0.19360632183908047 0.9504310344827586 0.19001436781609196 0.9525862068965517 0.18857758620689655 0.9543821839080461 0.1853448275862069 0.95941091954023 0.1817528735632184 0.9630028735632183 0.18031609195402298 0.9694683908045978 0.18067528735632185 0.9727011494252874 0.18139367816091953 0.9762931034482759 0.1824712643678161 0.9795258620689656 0.18318965517241378 0.9816810344827586 0.18426724137931036 0.9841954022988506 0.18606321839080459 0.9867097701149425 0.18857758620689655 0.9885057471264368 0.19360632183908047 0.990301724137931 0.19612068965517243 0.9910201149425287 0.1997126436781609 0.9920977011494253 0.2036637931034483 0.9935344827586208 0.20977011494252873 0.9942528735632183 0.2130028735632184 0.9935344827586208 0.2158764367816092 0.9924568965517242 0.21875 0.9917385057471264 0.22270114942528738 0.9899425287356323 0.22557471264367818 0.9888649425287357 0.22844827586206898 0.9874281609195402 0.23168103448275862 0.9863505747126436
1 0.5466954022988505 0.9507902298850576 0.5409482758620691 0.9515086206896551 0.538433908045977 0.9522270114942529 0.5348419540229885 0.9540229885057472 0.5326867816091955 0.9558189655172414 0.5308908045977012 0.9579741379310345 0.529094827586207 0.9612068965517242 0.5276580459770115 0.9644396551724139 0.5272988505747126 0.9662356321839081 0.5265804597701149 0.96875 0.5255028735632183 0.9716235632183908 0.5244252873563219 0.9755747126436781 0.5237068965517241 0.9777298850574713 0.5233477011494253 0.9798850574712644 0.5237068965517241 0.9820402298850576 0.5244252873563219 0.9845545977011495 0.5251436781609196 0.9863505747126436 0.5262212643678161 0.9885057471264368 0.5272988505747126 0.99066091954023 0.5294540229885057 0.9956896551724139 0.5316091954022989 0.9989583333333333 0.5908764367816093 0.9989583333333333 0.5908764367816093 0.9964080459770115 0.5908764367816093 0.9917385057471264 0.5901580459770115 0.9877873563218391 0.5897988505747127 0.9852729885057472 0.5894396551724138 0.9834770114942529 0.5887212643678161 0.9831178160919541 0.5880028735632183 0.9784482758620691 0.5862068965517242 0.975933908045977 0.5826149425287357 0.9723419540229885 0.5793821839080461 0.9691091954022989 0.5768678160919541 0.9658764367816093 0.5736350574712644 0.9626436781609196 0.5707614942528736 0.9601293103448276 0.5675287356321839 0.9576149425287357 0.5653735632183908 0.9561781609195402 0.5625 0.9547413793103449 0.5578304597701149 0.9529454022988506 0.5542385057471264 0.9515086206896551 0.5502873563218391 0.9504310344827586
1 0.6591235632183908 0.8581178160919541 0.6548132183908046 0.8563218390804598 0.6508620689655173 0.8545258620689656 0.6472701149425287 0.8534482758620691 0.6440373563218391 0.8534482758620691 0.6397270114942529 0.8538074712643678 0.6361350574712644 0.8541666666666666 0.6318247126436781 0.855962643678161 0.6285919540229885 0.8577586206896551 0.6264367816091954 0.8599137931034483 0.6239224137931034 0.863146551724138 0.6221264367816093 0.867816091954023 0.6221264367816093 0.8714080459770115 0.6228448275862069 0.8753591954022989 0.6239224137931034 0.8785919540229885 0.6257183908045978 0.8825431034482759 0.6271551724137931 0.8864942528735632 0.6285919540229885 0.8890086206896551 0.6303879310344828 0.8918821839080461 0.632183908045977 0.8936781609195402 0.6346982758620691 0.896551724137931 0.6364942528735632 0.8983477011494253 0.6418821839080461 0.9012212643678161 0.6458333333333334 0.9026580459770115 0.6501436781609196 0.9040948275862069 0.6537356321839081 0.9040948275862069 0.65625 0.9037356321839081 0.6609195402298851 0.9022988505747127 0.6652298850574713 0.9005028735632183 0.668103448275862 0.899066091954023 0.6695402298850576 0.8979885057471264 0.6720545977011495 0.894396551724138 0.6734913793103449 0.8915229885057472 0.6734913793103449 0.8890086206896551 0.6724137931034483 0.887212643678161 0.6713362068965517 0.88433908045977 0.6713362068965517 0.8814655172413793 0.6713362068965517 0.8782327586206897 0.6720545977011495 0.8760775862068966 0.6716954022988506 0.8735632183908046 0.6709770114942529 0.8706896551724139 0.6691810344827586 0.8674568965517242 0.6673850574712644 0.8642241379310345 0.6637931034482759 0.8606321839080461 0.6609195402298851 0.8588362068965517
1 0.8635057471264368 0.9216954022988506 0.8620689655172414 0.9177442528735632 0.8606321839080461 0.9137931034482759 0.8591954022988506 0.9105603448275862 0.8581178160919541 0.9073275862068966 0.8563218390804598 0.9033764367816093 0.8545258620689656 0.9001436781609196 0.8527298850574713 0.8976293103448276 0.8502155172413793 0.894396551724138 0.8480603448275862 0.8918821839080461 0.8451867816091954 0.8890086206896551 0.8419540229885059 0.8854166666666666 0.8394396551724138 0.8825431034482759 0.8376436781609196 0.8803879310344828 0.8362068965517242 0.8782327586206897 0.834051724137931 0.8760775862068966 0.8308189655172414 0.8739224137931034 0.8268678160919541 0.8717672413793103 0.8225574712643678 0.8699712643678161 0.8189655172413793 0.8685344827586208 0.8160919540229885 0.8670977011494253 0.8125 0.865301724137931 0.8089080459770115 0.8638649425287357 0.8035201149425287 0.863146551724138 0.7988505747126436 0.8627873563218391 0.7945402298850576 0.863146551724138 0.7920258620689656 0.8642241379310345 0.788433908045977 0.8663793103448276 0.7852011494252874 0.8674568965517242 0.7826867816091954 0.8688936781609196 0.7801724137931034 0.8706896551724139 0.7776580459770115 0.8724856321839081 0.7762212643678161 0.8753591954022989 0.7744252873563219 0.8785919540229885 0.7737068965517242 0.8814655172413793 0.7737068965517242 0.88433908045977 0.774066091954023 0.8875718390804598 0.7747844827586208 0.8918821839080461 0.7755028735632183 0.894396551724138 0.7765804597701149 0.8976293103448276 0.7772988505747127 0.9005028735632183 0.7787356321839081 0.9033764367816093 0.7801724137931034 0.9066091954022989 0.7823275862068966 0.9105603448275862 0.7848419540229885 0.913433908045977 0.786278735632184 0.91558908045977 0.7891522988505747 0.918462643678161 0.7898706896551725 0.9195402298850576 0.7913074712643678 0.9213362068965517 0.793462643678161 0.9238505747126436 0.7966954022988506 0.9274425287356323 0.80316091954023 0.9328304597701149 0.8071120689655173 0.9382183908045978 0.8099856321839081 0.9400143678160919 0.8150143678160919 0.9421695402298851 0.8186063218390804 0.9436063218390806 0.8207614942528736 0.944683908045977 0.824353448275862 0.9461206896551725 0.8279454022988506 0.9479166666666666 0.8311781609195402 0.949353448275862 0.83441091954023 0.9504310344827586 0.8380028735632183 0.9507902298850576 0.8426724137931034 0.9504310344827586 0.8466235632183908 0.9486350574712644 0.8502155172413793 0.94683908045977 0.8520114942528736 0.9457614942528736 0.8538074712643678 0.9443247126436781 0.8552442528735632 0.9436063218390806 0.8588362068965517 0.9407327586206897 0.8613505747126436 0.9382183908045978 0.8624281609195402 0.9360632183908046 0.8635057471264368 0.9339080459770115 0.8642241379310345 0.930316091954023 0.8642241379310345 0.927801724137931 0.8642241379310345 0.9245689655172414
1 0.980603448275862 0.9105603448275862 0.9791666666666666 0.9055316091954023 0.9773706896551725 0.9001436781609196 0.975933908045977 0.8979885057471264 0.9730603448275862 0.8951149425287357 0.9698275862068966 0.8933189655172414 0.9662356321839081 0.8918821839080461 0.9633620689655173 0.8904454022988506 0.9612068965517242 0.8897270114942529 0.9583333333333334 0.8890086206896551 0.9565373563218391 0.8890086206896551 0.9515086206896551 0.8904454022988506 0.94683908045977 0.8911637931034483 0.9432471264367817 0.8915229885057472 0.9407327586206897 0.8918821839080461 0.9367816091954023 0.8926005747126436 0.9331896551724139 0.8929597701149425 0.9299568965517242 0.8936781609195402 0.9270833333333334 0.894396551724138 0.9234913793103449 0.8958333333333334 0.9198994252873564 0.8983477011494253 0.9163074712643678 0.9012212643678161 0.9141522988505747 0.9026580459770115 0.9123563218390806 0.9048132183908046 0.9098419540229885 0.9069683908045978 0.9084051724137931 0.9091235632183908 0.9069683908045978 0.9119971264367817 0.9055316091954023 0.9141522988505747 0.9040948275862069 0.9166666666666666 0.9030172413793103 0.9195402298850576 0.9019396551724139 0.9213362068965517 0.9008620689655173 0.9231321839080461 0.9001436781609196 0.9249281609195402 0.9001436781609196 0.9274425287356323 0.9001436781609196 0.9295977011494253 0.9001436781609196 0.9324712643678161 0.9005028735632183 0.9342672413793103 0.9019396551724139 0.9360632183908046 0.9030172413793103 0.9382183908045978 0.9044540229885059 0.9403735632183908 0.9055316091954023 0.9421695402298851 0.9098419540229885 0.9457614942528736 0.913433908045977 0.9504310344827586 0.9159482758620691 0.9515086206896551 0.9191810344827586 0.9525862068965517 0.9220545977011495 0.9533045977011495 0.9252873563218391 0.9547413793103449 0.927801724137931 0.9554597701149425 0.9321120689655173 0.9561781609195402 0.9346264367816093 0.9558189655172414 0.9389367816091954 0.9551005747126436 0.944683908045977 0.9543821839080461 0.9486350574712644 0.9536637931034483 0.9522270114942529 0.9529454022988506 0.9565373563218391 0.9518678160919541 0.9608477011494253 0.949353448275862 0.9655172413793103 0.9461206896551725 0.9691091954022989 0.9428879310344828 0.9727011494252874 0.9396551724137931 0.975933908045977 0.9357040229885059 0.97808908045977 0.9328304597701149 0.9795258620689656 0.930316091954023 0.9813218390804598 0.9263649425287357 0.9816810344827586 0.9231321839080461 0.9816810344827586 0.9195402298850576 0.9813218390804598 0.9159482758620691
1 0.9145114942528736 0.80316091954023 0.9116379310344828 0.802801724137931 0.9076867816091954 0.802801724137931 0.9040948275862069 0.802801724137931 0.8983477011494253 0.802801724137931 0.8947557471264368 0.802801724137931 0.8908045977011495 0.8035201149425287 0.8864942528735632 0.8049568965517242 0.8832614942528736 0.8071120689655173 0.8803879310344828 0.8092672413793103 0.8778735632183908 0.8121408045977012 0.8764367816091954 0.8160919540229885 0.8753591954022989 0.8204022988505747 0.8732040229885059 0.8261494252873564 0.8728448275862069 0.8279454022988506 0.8728448275862069 0.8301005747126436 0.8732040229885059 0.8347701149425287 0.8742816091954023 0.8383620689655173 0.8757183908045978 0.8408764367816093 0.8771551724137931 0.8433908045977012 0.8789511494252874 0.8451867816091954 0.8818247126436781 0.8469827586206897 0.8861350574712644 0.8484195402298851 0.8954741379310345 0.8523706896551725 0.9040948275862069 0.85308908045977 0.9073275862068966 0.85308908045977 0.9127155172413793 0.8520114942528736 0.9173850574712644 0.850933908045977 0.9202586206896551 0.8498563218390804 0.9252873563218391 0.848778735632184 0.9292385057471264 0.8469827586206897 0.9313936781609196 0.8459051724137931 0.9371408045977012 0.8441091954022989 0.9396551724137931 0.8426724137931034 0.9414511494252874 0.8415948275862069 0.9432471264367817 0.8390804597701149 0.9450431034482759 0.836566091954023 0.9450431034482759 0.8326149425287357 0.944683908045977 0.8297413793103449 0.9436063218390806 0.8268678160919541 0.9421695402298851 0.8236350574712644 0.9407327586206897 0.8204022988505747 0.9389367816091954 0.8171695402298851 0.9346264367816093 0.8128591954022989 0.9324712643678161 0.8114224137931034 0.9292385057471264 0.8096264367816093 0.925646551724138 0.8074712643678161 0.9231321839080461 0.8060344827586208 0.9177442528735632 0.8038793103448276
1 0.5621408045977012 0.032327586206896554 0.5607040229885059 0.0290948275862069 0.5585488505747127 0.02658045977011494 0.5563936781609196 0.02586206896551724 0.5513649425287357 0.02622126436781609 0.5477729885057471 0.026939655172413795 0.5445402298850576 0.028376436781609195 0.5402298850574713 0.03125 0.5369971264367817 0.03340517241379311 0.5319683908045978 0.03663793103448276 0.5276580459770115 0.03987068965517241 0.5244252873563219 0.04202586206896552 0.52191091954023 0.04382183908045977 0.5197557471264368 0.04633620689655173 0.5179597701149425 0.048491379310344834 0.5176005747126438 0.04920977011494253 0.5172413793103449 0.05100574712643678 0.516882183908046 0.052801724137931036 0.5161637931034483 0.05531609195402299 0.5147270114942529 0.05926724137931035 0.5140086206896551 0.0617816091954023 0.5132902298850575 0.06429597701149425 0.5118534482758621 0.06752873563218391 0.5111350574712644 0.07040229885057472 0.5107758620689655 0.07291666666666667 0.5107758620689655 0.07507183908045977 0.5122126436781609 0.07974137931034482 0.5136494252873564 0.08584770114942529 0.5158045977011495 0.08872126436781609 0.5179597701149425 0.09051724137931035 0.5201149425287357 0.09159482758620689 0.5258620689655172 0.09375 0.529094827586207 0.09410919540229885 0.5330459770114943 0.09446839080459771 0.5362787356321839 0.09446839080459771 0.5395114942528736 0.09339080459770116 0.5427442528735632 0.09123563218390805 0.5463362068965517 0.08943965517241378 0.5492097701149425 0.086566091954023 0.5513649425287357 0.08405172413793104 0.5545977011494253 0.08117816091954023 0.5574712643678161 0.07794540229885058 0.5592672413793103 0.07579022988505747 0.5607040229885059 0.07255747126436782 0.5617816091954023 0.06860632183908046 0.5625 0.0653735632183908 0.5628591954022988 0.0617816091954023 0.5632183908045978 0.057112068965517244 0.5639367816091954 0.05387931034482759 0.5642959770114943 0.04920977011494253 0.5646551724137931 0.045617816091954026 0.5646551724137931 0.04058908045977012 0.5639367816091954 0.03627873563218391
1 0.4482758620689655 0.03987068965517241 0.45079022988505746 0.040948275862068964 0.45330459770114945 0.040948275862068964 0.4561781609195403 0.04202586206896552 0.4605263157894736 0.043437921727395405 0.4626349527665317 0.043437921727395405 0.46600877192982454 0.043437921727395405 0.4681174089068826 0.042172739541160596 0.4723346828609986 0.03879892037786774 0.47486504723346823 0.03500337381916329 0.47697368421052627 0.03247300944669365 0.4807692307692307 0.025303643724696352 0.48161268556005393 0.017712550607287447 0.48175182481751827 0.011861313868613155 0.4809914841849149 0.004257907542579092 0.4802311435523114 0.001216545012165467 0.4246251071122537 4.625929269271486e-19 0.4260057471264368 0.002514367816091954 0.42672413793103453 0.00610632183908046 0.4274425287356322 0.007902298850574713 0.4285201149425288 0.010775862068965518 0.4295977011494253 0.013649425287356323 0.4317528735632184 0.01831896551724138 0.4331896551724138 0.020474137931034482 0.4342672413793104 0.022629310344827586 0.43606321839080464 0.026939655172413795 0.43714080459770116 0.0290948275862069 0.4389367816091954 0.0319683908045977 0.4410919540229885 0.033764367816091954 0.4432471264367816 0.03556034482758621 0.44504310344827586 0.03735632183908046
1 0.3673245614035087 0.010121457489878543 0.3639507422402159 0.008434547908232119 0.3614203778677462 0.007169365721997301 0.3588900134952766 0.0067476383265856945 0.35425101214574894 0.008012820512820512 0.35129892037786775 0.010121457489878543 0.3496120107962213 0.013917004048582994 0.3487685560053981 0.017712550607287447 0.34834682860998645 0.0215080971659919 0.34708164642375167 0.025725371120107962 0.34623819163292846 0.028677462887989204 0.34623819163292846 0.033316464237516864 0.34623819163292846 0.03711201079622132 0.34623819163292846 0.04175101214574898 0.3466599190283401 0.04470310391363022 0.34750337381916324 0.04807692307692308 0.3479251012145749 0.051029014844804314 0.34834682860998645 0.053981106612685556 0.3491902834008097 0.055668016194331975 0.35129892037786775 0.06283738191632929 0.3546727395411606 0.06663292847503373 0.3572031039136302 0.06874156545209176 0.35931174089068824 0.0712719298245614 0.36268556005398106 0.07506747638326586 0.3673245614035087 0.07591093117408906 0.372385290148448 0.07633265856950068 0.37618083670715247 0.07633265856950068 0.3782894736842105 0.07548920377867746 0.37997638326585687 0.07295883940620781 0.3808198380566801 0.07085020242914979 0.38208502024291496 0.06789811066126855 0.38250674763832654 0.0645242914979757 0.38250674763832654 0.06157219973009446 0.38208502024291496 0.058198380566801614 0.38208502024291496 0.055668016194331975 0.38166329284750333 0.05187246963562753 0.3812415654520917 0.048920377867746286 0.3808198380566801 0.045968286099865044 0.37997638326585687 0.042172739541160596 0.37871120107962214 0.03795546558704453 0.3782894736842105 0.035846828609986496 0.3782894736842105 0.03205128205128205 0.3774460188933873 0.027834008097165987 0.37660256410256404 0.024460188933873143 0.3753373819163292 0.020242914979757085 0.3740721997300944 0.017290823211875844 0.372385290148448 0.014338731443994602 0.36943319838056676 0.01138663967611336
1 0.27218412302576894 0.02566500415627597 0.26906691604322525 0.025405236907730666 0.26646924355777224 0.025405236907730666 0.2633520365752286 0.02566500415627597 0.26023482959268496 0.02592477140482127 0.2573773898586866 0.02644430590191188 0.25374064837905236 0.028262676641729 0.25166251039068993 0.02956151288445552 0.25088320864505403 0.030081047381546124 0.2488050706566916 0.03163965087281795 0.24672693266832918 0.03397755610972567 0.24386949293433083 0.037354530340814616 0.2417913549459684 0.03995220282626765 0.23945344970906068 0.04306940980881129 0.23763507896924357 0.045926849542809636 0.23581670822942644 0.04904405652535327 0.23425810473815462 0.052421030756442215 0.2334788029925187 0.055018703241895256 0.2326995012468828 0.05761637572734828 0.2326995012468828 0.06047381546134663 0.23321903574397337 0.06333125519534497 0.233738570241064 0.06540939318370739 0.23425810473815462 0.06696799667497921 0.2350374064837905 0.06930590191188693 0.23555694098088112 0.07060473815461346 0.23685577722360765 0.07216334164588528 0.23737531172069826 0.07294264339152119 0.23841438071487947 0.07450124688279301 0.24023275145469658 0.07683915211970074 0.242310889443059 0.07891729010806317 0.24828553615960097 0.0817747298420615 0.25270157938487114 0.08359310058187863 0.2552992518703242 0.08385286783042394 0.2589359933499584 0.08333333333333331 0.26075436408977554 0.08307356608478803 0.2633520365752286 0.08203449709060681 0.2651704073150457 0.0812551953449709 0.26750831255195345 0.07995635910224437 0.26906691604322525 0.07891729010806317 0.2708852867830424 0.07735868661679134 0.2724438902743142 0.07580008312551952 0.2734829592684954 0.0739817123857024 0.27452202826267663 0.07190357439733998 0.2753013300083126 0.06982543640897755 0.27660016625103906 0.06696799667497921 0.2778990024937656 0.06437032418952618 0.2794576059850374 0.06099334995843723 0.2807564422277639 0.05787614297589359 0.28127597672485455 0.055018703241895256 0.28127597672485455 0.05190149625935161 0.28101620947630923 0.048524522028262664 0.2807564422277639 0.045667082294264326 0.28023690773067333 0.04306940980881129 0.2797173732335827 0.04125103906899417 0.27867830423940154 0.03813383208645053 0.2771197007481297 0.035795926849542796 0.27478179551122195 0.03371778886118037 0.2734829592684954 0.03189941812136325 0.2734829592684954 0.030340814630091428 0.2734829592684954 0.027743142144638397
1 0.1942539484621779 0.0737219451371571 0.19113674147963425 0.07216334164588528 0.1887988362427265 0.07216334164588528 0.1862011637572735 0.07268287614297589 0.18360349127182043 0.0742414796342477 0.1804862842892768 0.07657938487115543 0.17892768079800497 0.07865752285951787 0.17736907730673315 0.08021612635078969 0.17607024106400665 0.08229426433915212 0.17477140482128015 0.08515170407315045 0.1737323358270989 0.08774937655860349 0.1726932668329177 0.09034704904405652 0.1713944305901912 0.09294472152950956 0.16931629260182876 0.0960619285120532 0.16749792186201162 0.09943890274314214 0.1667186201163757 0.10151704073150455 0.1656795511221945 0.10515378221113882 0.1654197838736492 0.10879052369077306 0.1654197838736492 0.11268703241895262 0.1654197838736492 0.11684330839567747 0.1659393183707398 0.11892144638403988 0.16697838736492102 0.12151911886949292 0.16801745635910226 0.12333748960931006 0.17035536159600997 0.12489609310058186 0.17191396508728177 0.12567539484621779 0.17581047381546133 0.1261949293433084 0.17814837905236908 0.12749376558603492 0.1817851205320033 0.1277535328345802 0.18412302576891104 0.12749376558603492 0.1862011637572735 0.12749376558603492 0.1887988362427265 0.12749376558603492 0.19035743973399832 0.1272339983374896 0.19243557772236075 0.12645469659185368 0.1947734829592685 0.12489609310058186 0.19789068994181214 0.12281795511221945 0.20022859517871985 0.12073981712385701 0.20152743142144638 0.11892144638403988 0.2030860349127182 0.11710307564422277 0.20412510390689942 0.11502493765586035 0.2051641729010806 0.11372610141313383 0.20620324189526185 0.11164796342477139 0.20750207813798835 0.10931005818786367 0.20854114713216956 0.10593308395677473 0.2095802161263508 0.10203657522859517 0.21009975062344138 0.09969866999168744 0.2108790523690773 0.0968412302576891 0.210619285120532 0.09450332502078138 0.21009975062344138 0.09086658354114711 0.20906068162926017 0.08774937655860349 0.20802161263507898 0.08489193682460514 0.20672277639235243 0.0825540315876974 0.2051641729010806 0.08047589359933499 0.20282626766417292 0.07813798836242726 0.20100789692435578 0.07683915211970074 0.19866999168744803 0.07580008312551952 0.19659185369908563 0.07476101413133832
1 0.12099958437240232 0.0508624272651704 0.12463632585203657 0.05008312551953449 0.12827306733167082 0.049303823773898574 0.13087073981712385 0.048784289276807974 0.1339879467996675 0.047225685785536146 0.13632585203657524 0.045926849542809636 0.13866375727348293 0.044887780548628416 0.14178096425602657 0.04384871155444721 0.14437863674147963 0.04254987531172069 0.14619700748129677 0.04125103906899417 0.14801537822111388 0.03917290108063174 0.15373025768911056 0.03163965087281795 0.15467171717171715 0.028058361391694722 0.15677609427609426 0.024901795735129066 0.15817901234567902 0.022797418630751964 0.15888047138047137 0.02104377104377104 0.16168630751964083 0.017536475869809203 0.16273849607182939 0.01578282828282828 0.16449214365881032 0.011574074074074073 0.16632791327913274 0.007960704607046055 0.16717479674796748 0.0 0.09904115996258184 0.0 0.0968412302576891 0.002026184538653355 0.09580216126350788 0.004364089775561086 0.09502285951787197 0.008000831255195334 0.09476309226932668 0.012416874480465492 0.09476309226932668 0.015534081463009133 0.09554239401496259 0.019430590191188687 0.0960619285120532 0.02254779717373233 0.09658146300914379 0.026184538653366573 0.09710099750623441 0.029301745635910214 0.0973607647547797 0.032938487115544465 0.09814006650041561 0.036575228595178706 0.09891936824605153 0.03995220282626765 0.10047797173732335 0.04384871155444721 0.10151704073150455 0.04540731504571902 0.1038549459684123 0.04748545303408145 0.10541354945968412 0.04826475477971736 0.10723192019950124 0.04904405652535327 0.10879052369077306 0.04956359102244388 0.11086866167913549 0.05034289276807979 0.11450540315876974 0.0511221945137157 0.11736284289276806 0.051381961762261
1 0.016510566762728145 0.2893852065321806 0.013808837656099904 0.2884846301633045 0.011707492795389048 0.2875840537944284 0.010206532180595581 0.28728386167146974 0.008705571565802114 0.2875840537944284 0.006904418828049952 0.2884846301633045 0.0054034582132564835 0.2893852065321806 0.0036023054755043226 0.29028578290105667 0.002101344860710855 0.2914865513928914 0.0009005763688760807 0.29268731988472624 0.0 0.32780979827089335 0.0018011527377521613 0.331111911623439 0.003902497598463016 0.3344140249759846 0.0057036503362151774 0.3365153698366955 0.00840537944284342 0.33951729106628237 0.011107108549471662 0.34191882804995194 0.01350864553314121 0.34402017291066284 0.016210374639769452 0.3461215177713736 0.018611911623439 0.34732228626320844 0.022514409221902017 0.3485230547550432 0.02641690682036503 0.35092459173871277 0.02971902017291066 0.3515249759846302 0.03302113352545629 0.35182516810758885 0.03632324687800192 0.35182516810758885 0.037824207492795386 0.35182516810758885 0.04022574447646494 0.35092459173871277 0.0420268972142171 0.3500240153698367 0.043527857829010565 0.3491234390009606 0.046229586935638806 0.3470220941402497 0.04743035542747358 0.3446205571565802 0.04863112391930836 0.34191882804995194 0.049231508165225736 0.3392170989433237 0.049231508165225736 0.33711575408261285 0.049231508165225736 0.3344140249759846 0.04893131604226705 0.33171229586935636 0.04863112391930836 0.32901056676272816 0.04803073967339097 0.3260086455331412 0.04713016330451489 0.32300672430355426 0.04562920268972142 0.3197046109510086 0.04442843419788665 0.31700288184438036 0.04262728146013448 0.31310038424591735 0.04112632084534102 0.3103986551392891 0.03992555235350624 0.3076969260326609 0.03812439961575408 0.30469500480307393 0.03632324687800192 0.3019932756964457 0.034822286263208456 0.3001921229586936 0.03212055715658021 0.2974903938520653 0.02971902017291066 0.29448847262247835 0.02761767531219981 0.2932877041306436 0.024915946205571565 0.2920869356388088 0.022214217098943324 0.29118635926993275 0.01921229586935639 0.29028578290105667
1 0.13424771404821279 0.59845178719867 0.13814422277639235 0.5963736492103077 0.14074189526184538 0.5950748129675811 0.1428200332502078 0.593256442227764 0.14489817123857024 0.5914380714879468 0.14723607647547796 0.5893599334995845 0.14879467996674978 0.5870220282626767 0.1495739817123857 0.5854634247714048 0.1503532834580216 0.5828657522859518 0.1508728179551122 0.580527847049044 0.15165211970074813 0.5781899418121363 0.15165211970074813 0.575332502078138 0.15165211970074813 0.5729945968412302 0.15139235245220284 0.5703969243557772 0.15113258520365752 0.567539484621779 0.15061305070656691 0.5649418121363259 0.1495739817123857 0.5626039068994182 0.14853491271820446 0.560785536159601 0.14723607647547796 0.5594866999168745 0.14593724023275145 0.5584476309226932 0.14411886949293432 0.5568890274314214 0.1428200332502078 0.5558499584372403 0.13918329177057356 0.5516936824605154 0.134375 0.5493055555555556 0.13159722222222223 0.5479166666666667 0.12951388888888887 0.5472222222222223 0.12708333333333333 0.5461805555555556 0.12430555555555554 0.545138888888889 0.12152777777777778 0.545138888888889 0.11909722222222222 0.545138888888889 0.11631944444444445 0.545138888888889 0.11319444444444444 0.545138888888889 0.109375 0.545138888888889 0.10555555555555556 0.545138888888889 0.10277777777777779 0.545138888888889 0.09930555555555555 0.5458333333333333 0.09583333333333334 0.546875 0.09270833333333334 0.5475694444444444 0.08958333333333333 0.5489583333333333 0.08645833333333333 0.5513888888888889 0.08541666666666667 0.553125 0.08229166666666667 0.5555555555555556 0.07917705735660846 0.5568890274314214 0.07709891936824605 0.5584476309226932 0.0750207813798836 0.5600062344139651 0.0739817123857024 0.5615648379052369 0.07242310889443057 0.5639027431421446 0.07138403990024937 0.565980881130507 0.07060473815461346 0.5690980881130507 0.06982543640897755 0.5711762261014132 0.06982543640897755 0.5740336658354115 0.06982543640897755 0.5766313383208644 0.06982543640897755 0.5800083125519535 0.07008520365752284 0.5833852867830424 0.07112427265170407 0.5867622610141313 0.07216334164588528 0.5891001662510391 0.07450124688279301 0.5919576059850374 0.07631961762261014 0.5940357439733999 0.07943682460515378 0.5968931837073982 0.08203449709060681 0.5992310889443059 0.08411263507896923 0.601049459684123 0.08567123857024105 0.602608063175395 0.08722984206151288 0.6039068994181214 0.0898275145469659 0.6046862011637573 0.10099750623441396 0.6067643391521197 0.1038549459684123 0.6065045719035744 0.10671238570241064 0.6062448046550291 0.11008935993349958 0.6057252701579385 0.11216749792186201 0.6054655029093932 0.11580423940149624 0.6041666666666666 0.11892144638403988 0.6033873649210307 0.12177888611803823 0.602608063175395 0.12515586034912718 0.601049459684123 0.1280133000831255 0.6000103906899419 0.13139027431421446 0.5992310889443059
1 0.1586658354114713 0.7400249376558604 0.16490024937655862 0.7384663341645885 0.16619908561928512 0.7379467996674979 0.16827722360764755 0.7366479634247713 0.16957605985037408 0.7356088944305903 0.1713944305901912 0.7340502909393184 0.172953034081463 0.7322319201995012 0.1742518703241895 0.7311928512053201 0.17866791354945968 0.7231400665004156 0.1810058187863674 0.7187240232751455 0.18204488778054861 0.7169056525353283 0.18256442227763922 0.7145677472984207 0.18256442227763922 0.711450540315877 0.18256442227763922 0.7072942643391522 0.18230465502909393 0.7041770573566085 0.1817851205320033 0.7010598503740649 0.1804862842892768 0.6982024106400665 0.1791874480465503 0.6956047381546135 0.17814837905236908 0.6940461346633416 0.17633000831255197 0.6922277639235246 0.17399210307564422 0.6904093931837074 0.1724334995843724 0.6888507896924356 0.16983582709891937 0.6872921862011638 0.16749792186201162 0.6865128844555278 0.1654197838736492 0.6870324189526185 0.1628221113881962 0.6875519534497091 0.15996467165419784 0.6888507896924356 0.1576267664172901 0.6898898586866168 0.15554862842892767 0.6911886949293433 0.15321072319201995 0.6927472984206151 0.15139235245220284 0.694305901911887 0.14983374896093102 0.6958645054031588 0.14879467996674978 0.6976828761429759 0.14749584372402327 0.6997610141313384 0.14645677472984206 0.7015793848711555 0.14593724023275145 0.7033977556109725 0.14541770573566085 0.7052161263507897 0.14489817123857024 0.7070344970906068 0.14437863674147963 0.7093724023275146 0.14307980049875313 0.7122298420615129 0.1420407315045719 0.7143079800498754 0.14178096425602657 0.7202826267664173 0.1415211970074813 0.725997506234414 0.14307980049875313 0.7304135494596841 0.14671654197838738 0.7322319201995012 0.14853491271820446 0.7340502909393184 0.1503532834580216 0.7361284289276809 0.15191188694929342 0.7374272651704074 0.15373025768911056 0.7387261014131339
1 0.06488985868661677 0.7449605153782212 0.06359102244389027 0.7454800498753117 0.06099334995843723 0.7470386533665836 0.05813591022443889 0.7488570241064008 0.05449916874480464 0.7514546965918537 0.05034289276807979 0.7540523690773068 0.04670615128844555 0.7561305070656691 0.04306940980881129 0.7587281795511223 0.03995220282626765 0.7613258520365753 0.037354530340814616 0.7639235245220283 0.036575228595178706 0.7662614297589361 0.0355361596009975 0.7693786367414798 0.03475685785536158 0.7711970074812967 0.03475685785536158 0.7766521197007481 0.03475685785536158 0.7797693266832918 0.03527639235245219 0.7818474646716542 0.03527639235245219 0.7839256026600167 0.0355361596009975 0.7860037406483791 0.035795926849542796 0.7891209476309228 0.03709476309226931 0.7914588528678305 0.039692435577722354 0.7930174563591023 0.04229010806317538 0.7943162926018288 0.04462801330008312 0.7945760598503742 0.04670615128844555 0.7945760598503742 0.048784289276807974 0.7945760598503742 0.053200332502078125 0.7976932668329177 0.054758935993349946 0.7989921030756443 0.0583956774729842 0.8000311720698254 0.06203241895261844 0.8000311720698254 0.06514962593516209 0.7997714048212802 0.06904613466334163 0.7995116375727349 0.07138403990024937 0.7992518703241895 0.0750207813798836 0.7992518703241895 0.07813798836242726 0.7984725685785536 0.08021612635078969 0.7976932668329177 0.0817747298420615 0.7974334995843724 0.08774937655860349 0.7937967581047382 0.09086658354114711 0.7935369908561929 0.09294472152950956 0.7924979218620116 0.09502285951787197 0.7909393183707398 0.0963216957605985 0.7896404821280133 0.09865960099750623 0.7878221113881962 0.10073773898586864 0.7862635078969243 0.10229634247714046 0.7854842061512884 0.10411471321695759 0.783406068162926 0.1048940149625935 0.7821072319201996 0.10567331670822941 0.7802888611803824 0.10671238570241064 0.7779509559434746 0.10827098919368244 0.7758728179551123 0.10956982543640897 0.7745739817123858 0.1111284289276808 0.7727556109725686 0.11268703241895262 0.7701579384871156 0.11398586866167912 0.7665211970074813 0.11398586866167912 0.7636637572734829 0.11398586866167912 0.760286783042394 0.11372610141313383 0.7574293433083956 0.11268703241895262 0.7548316708229427 0.1111284289276808 0.7522339983374896 0.10879052369077306 0.749116791354946 0.10645261845386532 0.746519118869493 0.1043744804655029 0.7449605153782212 0.10177680798004987 0.7441812136325852 0.10073773898586864 0.7436616791354946 0.09891936824605153 0.743142144638404 0.0968412302576891 0.7428823773898586 0.09502285951787197 0.7428823773898586 0.09034704904405652 0.7428823773898586 0.08774937655860349 0.7428823773898586 0.08437240232751454 0.7428823773898586 0.07917705735660846 0.7428823773898586 0.07216334164588528 0.743142144638404 0.06800706566916043 0.7436616791354946
1 0.023586866167913542 0.6148171238570241 0.0204696591853699 0.6132585203657523 0.018391521197007474 0.6122194513715711 0.015793848711554436 0.6114401496259352 0.012936408977556099 0.6109206151288445 0.010598503740648368 0.6104010806317539 0.00852036575228594 0.6101413133832086 0.007221529509559423 0.6101413133832086 0.005403158769742299 0.6106608478802993 0.00046758104738153436 0.6101413133832086 0.00046758104738153436 0.6937863674147964 0.008780133000831244 0.6930070656691605 0.013455943474646705 0.6914484621778886 0.01527431421446383 0.690149625935162 0.01683291770573565 0.689110556940981 0.018651288445552774 0.6875519534497091 0.020209891936824598 0.6859933499584373 0.022028262676641718 0.6844347464671654 0.02332709891936824 0.6831359102244389 0.024885702410640056 0.6813175394846218 0.02644430590191188 0.6792394014962594 0.028522443890274307 0.6769014962593516 0.030081047381546124 0.6750831255195345 0.03163965087281795 0.6727452202826267 0.032938487115544465 0.6706670822942643 0.03423732335827098 0.6683291770573566 0.035016625103906886 0.6665108063175396 0.0360556940980881 0.6636533665835411 0.036575228595178706 0.6615752285951788 0.03709476309226931 0.6594970906068163 0.03787406483790522 0.6563798836242726 0.03813383208645053 0.6530029093931837 0.038653366583541134 0.64988570241064 0.03891313383208644 0.6467684954280964 0.03891313383208644 0.6439110556940981 0.03891313383208644 0.6415731504571904 0.03839359933499584 0.6384559434746467 0.03787406483790522 0.6353387364921032 0.03709476309226931 0.6324812967581047 0.03631546134663341 0.630143391521197 0.0355361596009975 0.6278054862842893 0.03371778886118037 0.6252078137988363 0.03189941812136325 0.6226101413133833 0.030081047381546124 0.6202722360764755 0.027743142144638397 0.6181940980881131 0.025405236907730666 0.6161159600997507
1 0.128033015115354 0.9076670644391407 0.12604415274463004 0.9069212410501193 0.12405529037390611 0.9061754176610978 0.12156921241050118 0.9054295942720764 0.12007756563245822 0.9054295942720764 0.11833731105807477 0.9054295942720764 0.1064041368337311 0.9056782020684168 0.0989459029435163 0.9064240254574383 0.09745425616547335 0.9069212410501193 0.09447096260938742 0.9076670644391407 0.091239061256961 0.9086614956245026 0.08850437549721558 0.9096559268098647 0.08676412092283213 0.9104017501988861 0.08378082736674622 0.9118933969769291 0.0805489260143198 0.9133850437549721 0.07856006364359586 0.9146280827366745 0.07607398568019091 0.9161197295147174 0.07408512330946698 0.91736276849642 0.07259347653142402 0.9186058074781225 0.07110182975338106 0.9196002386634844 0.06961018297533811 0.9210918854415273 0.06513524264120922 0.9270584725536992 0.060541310541310546 0.9321581196581197 0.05831552706552707 0.9361645299145299 0.05742521367521368 0.9401709401709403 0.05742521367521368 0.9446225071225072 0.05742521367521368 0.9490740740740742 0.05831552706552707 0.9530804843304844 0.05920584045584046 0.9561965811965812 0.061431623931623935 0.9593126780626782 0.06454772079772081 0.9619836182336183 0.06677350427350427 0.9637642450142451 0.06988960113960115 0.9646545584045584 0.07256054131054131 0.9650997150997151 0.08146367521367522 0.9673254985754985 0.08527247414478918 0.9675815433571996 0.08900159108989657 0.9678301511535401 0.09198488464598249 0.9680787589498806 0.09447096260938742 0.9680787589498806 0.09645982498011137 0.9685759745425616 0.09770286396181384 0.9685759745425616 0.09944311853619728 0.9683273667462211 0.10292362768496419 0.9678301511535401 0.10491249005568813 0.9675815433571996 0.10789578361177406 0.9670843277645187 0.11286793953858391 0.9653440731901352 0.11609984089101033 0.9638524264120922 0.11833731105807477 0.9621121718377087 0.1205747812251392 0.9601233094669848 0.12256364359586316 0.9583830548926013 0.12405529037390611 0.9568914081145583 0.12604415274463004 0.955151153540175 0.128033015115354 0.9534108989657916 0.13027048528241844 0.951670644391408 0.13250795544948288 0.9496817820206841 0.13424821002386633 0.9481901352426411 0.1354912490055688 0.9466984884645981 0.14046340493237866 0.9399860779634049 0.14394391408114557 0.9337708830548925 0.14493834526650756 0.9317820206841686 0.14543556085918852 0.9297931583134446 0.14543556085918852 0.9265612569610183 0.14518695306284804 0.9238265712012728 0.14444112967382655 0.9210918854415273 0.14319809069212408 0.918854415274463 0.14145783611774065 0.916865552903739 0.14046340493237866 0.9156225139220365 0.13847454256165473 0.9138822593476531 0.1362370723945903 0.9118933969769291 0.1344968178202068 0.9108989657915672 0.13250795544948288 0.9094073190135242 0.12952466189339698 0.9084128878281622
0 0.6947248614410135 0.4779790182106096 0.6870546318289786 0.48144299287410924 0.6848277909738718 0.48193784639746634 0.6823535233570863 0.482680126682502 0.6796318289786224 0.48342240696753763 0.6778998416468726 0.4836698337292161 0.6749307205067301 0.48441211401425177 0.6717141726049091 0.4846595407759303 0.6692399049881235 0.48441211401425177 0.6667656373713381 0.48342240696753763 0.6652810768012668 0.48243269992082344 0.6650336500395883 0.4807007125890736 0.665775930324624 0.4789687252573238 0.6680027711797308 0.4769893111638955 0.6702296120348378 0.47575217735550274 0.6731987331749802 0.47575217735550274 0.6766627078384798 0.4752573238321457 0.680374109263658 0.47352533650039585 0.683095803642122 0.4725356294536817 0.6860649247822646 0.47179334916864607 0.689528899445764 0.4705562153602534 0.6934877276326208 0.46931908155186064 0.6969517022961204 0.46783452098178935 0.6999208234362629 0.4668448139350752 0.7026425178147269 0.465855106888361 0.7053642121931908 0.4646179730799683 0.7080859065716549 0.4633808392715756 0.7100653206650832 0.4631334125098971 0.7113024544734758 0.4631334125098971 0.7113024544734758 0.4643705463182898 0.7110550277117974 0.465855106888361 0.7103127474267618 0.46808194774346795 0.709075613618369 0.4695665083135392 0.7080859065716549 0.4710510688836104 0.7068487727632621 0.47228820269200317 0.7048693586698338 0.4737727632620744 0.7026425178147269 0.4752573238321457 0.6999208234362629 0.4764944576405384
0 0.5094022169437846 0.5056908155186065 0.503216547901821 0.49455661124307204 0.4960411718131433 0.4816904196357878 0.4920823436262866 0.47550475059382424 0.4915874901029295 0.4742676167854315 0.4905977830562154 0.47228820269200317 0.4891132224861441 0.46981393507521774 0.4883709422011085 0.4683293745051465 0.48762866191607285 0.46659738717339666 0.4883709422011085 0.465360253365004 0.4905977830562154 0.465855106888361 0.4920823436262866 0.46758709422011085 0.4933194774346793 0.4695665083135392 0.4948040380047506 0.47204077593032456 0.4967834520981789 0.47451504354711005 0.4987628661916073 0.47723673792557403 0.5012371338083927 0.479958432304038 0.5024742676167854 0.48218527315914483 0.508165083135392 0.4923297703879651 0.5138558986539984 0.503216547901821 0.514598178939034 0.5051959619952494 0.5153404592240697 0.5076702296120348 0.5160827395091053 0.5094022169437846 0.5158353127474268 0.5111342042755344 0.5143507521773555 0.5111342042755344 0.51187648456057 0.508165083135392
0 0.3495645288994458 0.49802058590657167 0.3473376880443389 0.4948040380047506 0.3470902612826603 0.49282462391132226 0.3468428345209818 0.49134006334125097 0.34610055423594616 0.48985550277117973 0.34535827395091057 0.48762866191607285 0.3448634204275534 0.4856492478226445 0.3446159936658749 0.4841646872525732 0.34436856690419637 0.482680126682502 0.3438737133808393 0.4807007125890736 0.3433788598574822 0.4789687252573238 0.34313143309580363 0.4777315914489311 0.34263657957244653 0.4752573238321457 0.34238915281076804 0.47303048297703876 0.34238915281076804 0.471298495645289 0.34313143309580363 0.47006136183689623 0.34511084718923196 0.46931908155186064 0.34560570071258906 0.47204077593032456 0.34610055423594616 0.47402019002375295 0.3468428345209818 0.4762470308788599 0.3475851148060174 0.47872129849564526 0.3485748218527316 0.4807007125890736 0.3495645288994458 0.48317498020585903 0.3505542359461599 0.485896674584323 0.351049089469517 0.4883709422011085 0.35179136975455266 0.49035035629453677 0.3522862232779097 0.4925771971496437 0.3527810768012668 0.4943091844813935 0.3532759303246239 0.4962885985748218 0.3532759303246239 0.4977731591448931 0.3532759303246239 0.49925771971496435 0.3515439429928741 0.5002474267616785
0 0.5913004750593824 0.3433788598574822 0.5858570863024545 0.34882224861441014 0.5846199524940618 0.3500593824228028 0.5814034045922407 0.35302850356294535 0.5794239904988124 0.35451306413301664 0.5781868566904197 0.35550277117973084 0.5771971496437055 0.3562450514647664 0.5754651623119557 0.356492478226445 0.5749703087885987 0.3547604908946952 0.5749703087885987 0.35302850356294535 0.5757125890736342 0.3515439429928741 0.5767022961203484 0.3500593824228028 0.5779394299287411 0.34882224861441014 0.5794239904988124 0.3473376880443389 0.5814034045922407 0.34535827395091057 0.5833828186856691 0.3433788598574822 0.5851148060174189 0.34139944576405384 0.5863519398258117 0.3401623119556611 0.5880839271575614 0.33867775138558986 0.5900633412509897 0.33694576405384 0.5913004750593824 0.3359560570071259 0.5937747426761679 0.33447149643705465 0.5957541567695962 0.3342240696753761 0.596496437054632 0.3354612034837688 0.5952593032462392 0.33768804433887567 0.5945170229612036 0.3394200316706255
0 0.8595110847189232 0.4925771971496437 0.8533254156769596 0.4893606492478227 0.8515934283452098 0.48861836896278704 0.8498614410134601 0.4873812351543943 0.8486243072050673 0.4868863816310372 0.847139746634996 0.48614410134600156 0.8459026128266033 0.48490696753760887 0.8439231987331751 0.48342240696753763 0.8424386381631038 0.48144299287410924 0.840706650831354 0.47971100554235946 0.8394695170229612 0.4779790182106096 0.8382323832145686 0.4762470308788599 0.8367478226444973 0.47352533650039585 0.8367478226444973 0.4715459224069675 0.8379849564528901 0.4710510688836104 0.8394695170229612 0.4715459224069675 0.8491191607284244 0.47550475059382424 0.8654493269992083 0.4841646872525732 0.8731195566112432 0.49035035629453677 0.8748515439429929 0.4920823436262866 0.8733669833729216 0.49455661124307204 0.8718824228028503 0.49455661124307204 0.8696555819477435 0.49455661124307204 0.866686460807601 0.49406175771971494 0.863964766429137 0.4935669041963579
0 0.8835114806017419 0.631631037212985 0.8832640538400635 0.6274247822644498 0.8835114806017419 0.6247030878859857 0.8845011876484562 0.6222288202692003 0.8854908946951703 0.6192596991290579 0.8864806017418844 0.6167854315122725 0.8872228820269201 0.6145585906571654 0.8879651623119557 0.6123317498020586 0.88895486935867 0.6098574821852731 0.8896971496437055 0.6078780680918449 0.8906868566904197 0.606146080760095 0.8916765637371339 0.6039192399049882 0.8929136975455266 0.6016923990498813 0.8941508313539193 0.60020783847981 0.8951405384006335 0.5989707046714173 0.8963776722090261 0.5972387173396675 0.8978622327790974 0.596496437054632 0.8993467933491687 0.596496437054632 0.9003365003958829 0.5977335708630246 0.9000890736342043 0.6007026920031672 0.8995942201108472 0.6039192399049882 0.8990993665874902 0.6073832145684878 0.8983570863024545 0.6101049089469517 0.8971199524940618 0.6140637371338085 0.8961302454473477 0.6162905779889153 0.8951405384006335 0.6192596991290579 0.8936559778305622 0.622971100554236 0.8921714172604909 0.6256927949327 0.8911817102137768 0.6281670625494854 0.8904394299287411 0.6301464766429137 0.889944576405384 0.6318784639746635 0.88895486935867 0.6333630245447348 0.8879651623119557 0.6346001583531274 0.886728028503563 0.6355898653998417 0.8852434679334917 0.634847585114806
0 0.6586005542359462 0.797406967537609 0.6541468725257324 0.7939429928741093 0.6526623119556612 0.7922110055423595 0.6514251781472685 0.7902315914489312 0.6504354711005542 0.7884996041171813 0.6494457640538401 0.7867676167854315 0.6484560570071259 0.7850356294536817 0.6474663499604117 0.7828087885985748 0.6464766429136976 0.7810768012668251 0.6454869358669835 0.7793448139350753 0.6447446555819477 0.777860253365004 0.6437549485352336 0.7758808392715757 0.6427652414885194 0.7736539984164688 0.6422703879651623 0.7719220110847189 0.6420229612034838 0.7699425969912906 0.6427652414885194 0.7687054631828979 0.6444972288202693 0.7684580364212193 0.6464766429136976 0.7709323040380048 0.6479612034837688 0.7729117181314332 0.6496931908155187 0.7748911322248614 0.6514251781472685 0.7766231195566112 0.6534045922406968 0.7783551068883611 0.6553840063341252 0.7805819477434679 0.6568685669041964 0.7823139350752177 0.6583531274742677 0.7842933491686461 0.659837688044339 0.786025336500396 0.6610748218527316 0.7877573238321458 0.6625593824228029 0.7902315914489312 0.6637965162311956 0.791963578780681 0.6645387965162313 0.7936955661124308 0.6647862232779098 0.7951801266825019 0.6650336500395883 0.7969121140142518 0.6650336500395883 0.7983966745843231 0.6650336500395883 0.7998812351543944 0.6640439429928742 0.8008709422011084 0.6613222486144102 0.7998812351543944
0 0.8298198733174981 0.9206254948535234 0.8221496437054633 0.9134501187648457 0.8162114014251782 0.908996437054632 0.8149742676167855 0.9075118764845607 0.8137371338083929 0.9060273159144894 0.8122525732383216 0.9042953285827395 0.8107680126682503 0.9028107680126684 0.809283452098179 0.9010787806809185 0.8075514647664293 0.8990993665874902 0.806066904196358 0.8976148060174189 0.8043349168646081 0.8958828186856691 0.8030977830562154 0.8941508313539193 0.8018606492478227 0.8926662707838481 0.8001286619160729 0.8904394299287411 0.7996338083927158 0.8884600158353128 0.7996338083927158 0.8864806017418844 0.8016132224861442 0.8852434679334917 0.8043349168646081 0.8859857482185274 0.8077988915281078 0.8874703087885987 0.8100257323832146 0.88895486935867 0.8112628661916073 0.8901920031670626 0.8132422802850356 0.8924188440221694 0.8149742676167855 0.8943982581155978 0.8169536817102138 0.8961302454473477 0.8191805225653207 0.8981096595407759 0.821159936658749 0.9000890736342043 0.8238816310372131 0.9023159144893111 0.8263558986539985 0.9047901821060967 0.8285827395091053 0.9067695961995249 0.8305621536025337 0.9087490102929533 0.832046714172605 0.9102335708630246 0.8337787015043548 0.912212984956453 0.8350158353127475 0.9136975455265242 0.8365003958828188 0.9156769596199525 0.8374901029295329 0.9183986539984165 0.8392220902612827 0.9228523357086302 0.8392220902612827 0.9243368962787015 0.838479809976247 0.9258214568487728 0.8345209817893904 0.9245843230403801 0.8322941409342836 0.9233471892319874
0 0.557403008709422 0.9960906571654792 0.5539390340459225 0.9921318289786224 0.5522070467141726 0.9896575613618369 0.551464766429137 0.9876781472684085 0.5504750593824229 0.9861935866983373 0.5487430720506731 0.984709026128266 0.5467636579572447 0.9827296120348378 0.5457739509105306 0.9805027711797308 0.5452790973871734 0.978275930324624 0.5450316706254948 0.9762965162311956 0.5445368171021379 0.9743171021377673 0.5442893903404593 0.972337688044339 0.5442893903404593 0.9711005542359462 0.5460213776722092 0.9711005542359462 0.5475059382422803 0.9725851148060175 0.5492379255740301 0.9753068091844814 0.5507224861441014 0.9777810768012668 0.5524544734758512 0.9797604908946952 0.5536916072842438 0.9817399049881235 0.5556710213776722 0.9837193190815519 0.5571555819477435 0.9854513064133017 0.5583927157561362 0.9871832937450515 0.5598772763262075 0.9891627078384798 0.5613618368962787 0.9911421219319082 0.5630938242280286 0.992874109263658 0.5648258115597784 0.9946060965954079 0.5660629453681711 0.9958432304038005 0.5673000791765638 0.9973277909738718 0.568289786223278 0.9988123515439431 0.5655680918448139 0.9988123515439431 0.5630938242280286 0.9988123515439431 0.5606195566112432 0.9988123515439431 0.5593824228028503 0.9985649247822646
0 0.34963037634408606 0.769447244623656 0.3519405241935484 0.7631468413978495 0.35530073924731187 0.7553763440860216 0.3599210349462366 0.7463457661290323 0.3643313172043011 0.7383652553763441 0.36496135752688175 0.7373151881720431 0.36601142473118287 0.7360551075268817 0.36685147849462374 0.7350050403225806 0.3679015456989248 0.7337449596774195 0.37000168010752693 0.7326948924731183 0.3704217069892473 0.7339549731182796 0.36979166666666674 0.7360551075268817 0.36958165322580644 0.7377352150537635 0.36895161290322587 0.7389952956989247 0.3683215725806452 0.7404653897849462 0.368111559139785 0.742145497311828 0.3679015456989248 0.7450856854838711 0.36769153225806456 0.7467657930107527 0.36685147849462374 0.7478158602150539 0.3655913978494624 0.7494959677419355 0.36475134408602156 0.7511760752688172 0.36370127688172044 0.7524361559139785 0.3630712365591398 0.75390625 0.3624411962365592 0.7560063844086021 0.3616011424731183 0.7581065188172044 0.36118111559139787 0.7595766129032259 0.36034106182795705 0.7614667338709677 0.35908098118279574 0.7631468413978495 0.35761088709677424 0.7644069220430108 0.35677083333333337 0.7654569892473119 0.3557207661290323 0.7667170698924732 0.3546706989247312 0.7686071908602151 0.35383064516129037 0.7700772849462366 0.35320060483870974 0.7715473790322581 0.35257056451612906 0.7728074596774195 0.351520497311828 0.7738575268817205 0.35047043010752693 0.7740675403225806 0.34942036290322587 0.7738575268817205 0.3490003360215054 0.7725974462365592
0 0.23685315860215056 0.18581989247311834 0.24084341397849465 0.18161962365591403 0.24231350806451615 0.18014952956989252 0.24609375000000003 0.17741935483870971 0.24714381720430112 0.17636928763440862 0.24861391129032262 0.17468918010752693 0.2502940188172043 0.17300907258064518 0.25197412634408606 0.1717489919354839 0.25344422043010756 0.17069892473118284 0.25470430107526887 0.16964885752688177 0.25638440860215056 0.16838877688172046 0.2578545026881721 0.16775873655913984 0.2589045698924732 0.16712869623655918 0.25995463709677424 0.16712869623655918 0.26142473118279574 0.16859879032258068 0.26142473118279574 0.17006888440860218 0.2607946908602151 0.1717489919354839 0.25995463709677424 0.17342909946236562 0.2589045698924732 0.17531922043010756 0.25764448924731187 0.1772093413978495 0.25617439516129037 0.1784694220430108 0.2544942876344086 0.18035954301075272 0.25323420698924737 0.1814096102150538 0.25176411290322587 0.1828797043010753 0.24966397849462368 0.1841397849462366 0.24777385752688177 0.18518985215053765 0.2456737231182796 0.18623991935483877 0.2439936155913979 0.1868699596774194 0.24231350806451615 0.18750000000000003 0.24021337365591403 0.1883400537634409 0.23916330645161293 0.18855006720430112 0.2370631720430108 0.18855006720430112 0.2358030913978495 0.18792002688172046
0 0.5329721102150538 0.06926243279569896 0.5344422043010754 0.06590221774193553 0.5354922715053764 0.06443212365591403 0.5363323252688172 0.06338205645161295 0.5369623655913979 0.06233198924731187 0.5378024193548387 0.060651881720430144 0.5386424731182796 0.058971774193548425 0.5390625 0.05750168010752692 0.5396925403225806 0.05603158602150541 0.5401125672043011 0.0543514784946237 0.5407426075268817 0.05267137096774197 0.5413726478494624 0.051621303763440894 0.5430527553763441 0.05183131720430111 0.5434727822580645 0.05330141129032262 0.5434727822580645 0.05519153225806455 0.5428427419354839 0.05708165322580649 0.5424227150537635 0.05834173387096778 0.5417926747311828 0.059811827956989284 0.5413726478494624 0.061491935483871 0.5405325940860216 0.06338205645161295 0.5399025537634409 0.06485215053763445 0.5388524865591399 0.06632224462365595 0.5378024193548387 0.06800235215053768 0.5367523521505377 0.0696824596774194 0.5357022849462366 0.07094254032258068
0 0.11646825396825397 0.5771825396825396 0.11507936507936509 0.5771825396825396 0.10912698412698413 0.576984126984127 0.10773809523809524 0.5767857142857142 0.10575396825396825 0.5765873015873015 0.10396825396825397 0.576388888888889 0.1021825396825397 0.5761904761904761 0.1007936507936508 0.5757936507936509 0.09960317460317461 0.575595238095238 0.09841269841269842 0.5753968253968255 0.09742063492063492 0.5751984126984127 0.09642857142857143 0.5746031746031746 0.09563492063492064 0.5728174603174604 0.09742063492063492 0.5716269841269842 0.09900793650793652 0.571031746031746 0.1003968253968254 0.5706349206349207 0.10198412698412698 0.5704365079365079 0.10456349206349207 0.5704365079365079 0.10694444444444445 0.5704365079365079 0.10912698412698413 0.5706349206349207 0.11190476190476191 0.5706349206349207 0.11448412698412698 0.5708333333333333 0.11666666666666667 0.5714285714285714 0.11904761904761905 0.5720238095238095 0.12103174603174603 0.5722222222222223 0.12361111111111112 0.5724206349206349 0.1261904761904762 0.5728174603174604 0.1277777777777778 0.5736111111111111 0.12916666666666668 0.575 0.12936507936507938 0.5759920634920636 0.12876984126984128 0.5771825396825396 0.1277777777777778 0.5777777777777777 0.12638888888888888 0.5779761904761905 0.12380952380952381 0.5779761904761905 0.12142857142857143 0.5779761904761905 0.11924603174603175 0.5775793650793651
0 0.07496105919003115 0.7720015576323987 0.07037160658655986 0.7738095238095238 0.06953716065865598 0.7740876724521584 0.06800734312416555 0.7746439697374277 0.06703382287494436 0.7749221183800622 0.06550400534045393 0.7753393413440143 0.06425233644859812 0.7756174899866488 0.06327881619937695 0.7760347129506008 0.06216622162883845 0.7764519359145527 0.06063640409434802 0.7765910102358701 0.059106586559857587 0.7765910102358701 0.05785491766800178 0.7760347129506008 0.05771584334668447 0.7749221183800622 0.05896751223854027 0.7736704494882064 0.062861593235425 0.7718624833110813 0.06731197151757899 0.7701935914552737 0.06884178905206942 0.7696372941700045 0.07009345794392523 0.7692200712060525 0.07134512683578104 0.7688028482421007 0.07287494437027146 0.7681074766355139 0.0742656875834446 0.7675511793502447 0.07579550511793502 0.7669948820649756 0.07732532265242546 0.7665776591010236 0.07857699154428127 0.766299510458389 0.0801068090787717 0.7661604361370716 0.08135847797062751 0.7665776591010236 0.08177570093457943 0.7672730307076101 0.08163662661326213 0.7682465509568314 0.08066310636404093 0.7689419225634179 0.07968958611481976 0.7697763684913217 0.07815976858032932 0.7704717400979083 0.07662995104583889 0.7710280373831775
0 0.0006953716065865599 0.6458611481975968 0.0027814864263462397 0.6412716955941256 0.003337783711615487 0.639741878059635 0.003894080996884735 0.6386292834890965 0.004589452603471295 0.6377948375611927 0.005562972852692479 0.6368213173119716 0.006536493101913662 0.6355696484201158 0.007370939029817534 0.6345961281708945 0.008205384957721405 0.6330663106364042 0.009039830885625277 0.6318146417445483 0.010013351134846462 0.6308411214953271 0.010986871384067646 0.6302848242100578 0.011821317311971518 0.6300066755674233 0.012516688918558078 0.629867601246106 0.013629283489096571 0.6304238985313751 0.014185580774365821 0.6312583444592791 0.014463729417000444 0.6332053849577214 0.014741878059635068 0.6354305740987983 0.014741878059635068 0.6370994659546061 0.014741878059635068 0.6394637294170005 0.014463729417000444 0.6415498442367601 0.014046506453048509 0.6457220738762796 0.012516688918558078 0.6512850467289719 0.011682242990654205 0.653093012906097 0.011125945705384959 0.6544837561192701 0.010569648420115709 0.6560135736537606 0.00987427681352915 0.6579606141522029 0.009317979528259902 0.659768580329328 0.008761682242990653 0.6611593235425011 0.008066310636404095 0.6622719181130396 0.007370939029817534 0.6636626613262127 0.006397418780596351 0.6650534045393858 0.005284824210057854 0.6664441477525589 0.004589452603471295 0.6675567423230974 0.0034768580329327995 0.6688084112149533 0.0020861148197596794 0.6701991544281263 0.0008344459279038718 0.6717289719626168 0.0008344459279038718 0.6718680462839342
0 0.0917890520694259 0.2743936359590565 0.08775589675122385 0.27230752113929685 0.08316644414775257 0.2693869603916333 0.08177570093457943 0.26869158878504673 0.08038495772140632 0.26785714285714285 0.07927236315086782 0.26688362260792164 0.07829884290164664 0.26604917668001776 0.0755173564753004 0.264797507788162 0.0742656875834446 0.26340676457498885 0.07329216733422342 0.26201602136181573 0.07245772140631954 0.26076435246995994 0.07162327547841565 0.25992990654205606 0.07078882955051179 0.2593736092567868 0.06995438362260792 0.2584000890075656 0.0696762349799733 0.2575656430796618 0.06981530930129061 0.2565921228304406 0.07064975522919448 0.25617489986648867 0.07204049844236761 0.2565921228304406 0.07398753894080996 0.2575656430796618 0.0778816199376947 0.2604862038273253 0.08427903871829105 0.2646584334668447 0.08984201157098352 0.2677180685358255 0.09109368046283933 0.2682743658210948 0.0917890520694259 0.26883066310636405 0.09262349799732977 0.26980418335558526 0.09345794392523364 0.27022140631953717 0.09470961281708945 0.2707777036048064 0.09582220738762795 0.27147307521139297 0.09679572763684913 0.2717512238540276 0.09846461949265688 0.27244659546061417 0.09971628838451267 0.2728638184245661 0.10082888295505119 0.2731419670672007 0.10235870048954161 0.27355919003115264 0.10319314641744547 0.2739764129951046 0.10305407209612817 0.2756453048509123 0.10235870048954161 0.27661882510013347 0.10124610591900311 0.2768969737427681 0.09943813974187805 0.27661882510013347 0.09818647085002224 0.2763406764574989 0.09679572763684913 0.27592345349354697 0.09540498442367601 0.2756453048509123 0.0941533155318202 0.2752280818869604
0 0.40929572763684907 0.28176457498887403 0.40818313306631065 0.2787049399198932 0.40762683578104136 0.277731419670672 0.4070705384957721 0.27661882510013347 0.4065142412105029 0.2756453048509123 0.40595794392523366 0.2746717846016911 0.4051234979973298 0.27383733867378723 0.4042890520694259 0.2730028927458834 0.40359368046283933 0.2721684468179795 0.40275923453493545 0.2711949265687583 0.40206386292834895 0.27022140631953717 0.40150756564307966 0.2693869603916333 0.4010903426791277 0.2685525144637294 0.4008121940364931 0.2674399198931909 0.4008121940364931 0.26604917668001776 0.4008121940364931 0.2645193591455274 0.4008121940364931 0.26298954161103694 0.4008121940364931 0.26201602136181573 0.4008121940364931 0.26076435246995994 0.40136849132176233 0.25992990654205606 0.4016466399643969 0.2590954606141522 0.4030373831775701 0.25853916332888294 0.4038718291054739 0.2588173119715176 0.4045672007120605 0.2597908322207388 0.4048453493546951 0.26076435246995994 0.4048453493546951 0.26201602136181573 0.4047062750333778 0.2632676902536716 0.40498442367601245 0.264797507788162 0.40554072096128174 0.2661882510013351 0.40637516688918557 0.26799621717846017 0.4069314641744548 0.26910881174899864 0.4077659101023587 0.27049955496217176 0.40860035603026257 0.2718902981753449 0.4115209167779261 0.27620160213618156 0.4122162883845127 0.27717512238540276 0.41277258566978187 0.27800956831330664 0.41332888295505116 0.27898308856252785 0.41416332888295504 0.28009568313306626 0.41458055184690695 0.2809301290609702 0.4149977748108589 0.28190364931019135 0.4152759234534935 0.2834334668446818 0.4152759234534935 0.28454606141522026 0.4152759234534935 0.2856586559857588 0.41513684913217624 0.28635402759234535 0.4136070315976858 0.28677125055629726 0.41291165999109924 0.2860758789497107 0.41207721406319536 0.2852414330218069 0.41110369381397416 0.2842679127725856 0.4105473965287049 0.28329439252336447
0 0.5721517578994214 0.2508900756564308 0.5777147307521139 0.24727414330218067 0.5841121495327103 0.2440754339118825 0.585781041388518 0.24338006230529594 0.5868936359590564 0.24310191366266132 0.5882843791722296 0.24268469069870938 0.5895360480640854 0.24226746773475746 0.5909267912772586 0.24198931909212282 0.5919003115264797 0.24157209612817088 0.5930129060970182 0.24115487316421896 0.5944036493101913 0.2405985758789497 0.5957943925233645 0.2401813529149978 0.5970460614152203 0.2401813529149978 0.5981586559857587 0.24045950155763238 0.5984368046283934 0.24115487316421896 0.5985758789497108 0.24240654205607476 0.5966288384512684 0.2440754339118825 0.5927347574543836 0.2454661771250556 0.5843902981753449 0.2488039608366711 0.5775756564307967 0.2521417445482866 0.5761849132176236 0.25283711615487314 0.5752113929684023 0.25325433911882506 0.5738206497552292 0.25381063640409435 0.572429906542056 0.25381063640409435 0.5713173119715176 0.25325433911882506 0.5706219403649311 0.25158544726301735
0 0.6351524254561638 0.15618046283934134 0.6308411214953271 0.15381619937694702 0.629867601246106 0.15353805073431243 0.6288940809968847 0.15298175344904316 0.6276424121050289 0.15242545616377393 0.6263907432131731 0.15173008455718734 0.6248609256786827 0.1510347129506008 0.6234701824655094 0.15047841566533154 0.6224966622162884 0.1499221183800623 0.6213840676457498 0.14894859813084113 0.620549621717846 0.14825322652425454 0.620132398753894 0.14727970627503337 0.6199933244325767 0.14616711170449487 0.6202714730752114 0.1451935914552737 0.6211059190031153 0.14463729417000443 0.6219403649310191 0.14449821984868713 0.6241655540720962 0.1450545171339564 0.6262516688918558 0.1456108144192256 0.6281987093902982 0.14616711170449487 0.6302848242100578 0.14686248331108143 0.6319537160658656 0.1474187805963507 0.6337616822429907 0.14797507788161993 0.6361259457053848 0.1488095238095238 0.6386292834890965 0.14978304405874499 0.6404372496662216 0.15075656430796616 0.6421061415220294 0.15173008455718734 0.6436359590565197 0.15270360480640852 0.6453048509123275 0.15395527369826434 0.6465565198041834 0.15478971962616822 0.6471128170894526 0.15604138851802404 0.6472518914107699 0.1572930574098798 0.6472518914107699 0.1579884290164664 0.6464174454828661 0.15840565198041834 0.6448876279483755 0.15840565198041834 0.6425233644859814 0.15840565198041834 0.6409935469514908 0.15826657765910104 0.6394637294170005 0.15771028037383178 0.6380729862038274 0.1572930574098798 0.6368213173119716 0.1568758344459279
0 0.6838284379172229 0.3104138851802403 0.6813251001335113 0.31263907432131727 0.6799343569203382 0.31361259457053847 0.6788217623497997 0.3141688918558077 0.6779873164218959 0.3145861148197596 0.6768747218513573 0.31583778371161547 0.6759012016021361 0.3172285269247886 0.674927681352915 0.31848019581664444 0.6740932354250112 0.31959279038718286 0.6732587894971072 0.3207053849577214 0.6720071206052514 0.32153983088562527 0.6710336003560303 0.3216789052069426 0.6699210057854917 0.32098353360035603 0.6689474855362705 0.3204272363150868 0.668669336893636 0.3194537160658656 0.6689474855362705 0.3180629728526924 0.6699210057854917 0.31708945260347127 0.670894526034713 0.3159768580329328 0.6721461949265688 0.3145861148197596 0.6735369381397419 0.31319537160658656 0.6743713840676457 0.31222185135736535 0.6754839786381842 0.31097018246550956 0.6768747218513573 0.30999666221628835 0.6779873164218959 0.3091622162883845 0.678960836671117 0.3084668446817979 0.6799343569203382 0.30749332443257676 0.680768802848242 0.30651980418335556 0.6816032487761459 0.3049899866488651 0.6825767690253671 0.3033210947930574 0.683411214953271 0.3020694259012016 0.6839675122385402 0.30137405429461506 0.6850801068090787 0.3010959056519804 0.6860536270583 0.3022085002225189 0.6866099243435692 0.30262572318647085 0.6871662216288384 0.3037383177570093 0.6875834445927904 0.3051290609701825 0.6875834445927904 0.30638072986203824 0.6871662216288384 0.30763239875389403 0.6861927013796173 0.3088840676457499
0 0.922340898976413 0.9266522029372497 0.9255396083667111 0.9251223854027592 0.9260959056519804 0.9244270137961726 0.926791277258567 0.9235925678682688 0.9279038718291055 0.9227581219403649 0.9290164663996439 0.9219236760124611 0.9302681352914998 0.9213673787271918 0.9316588785046729 0.9206720071206053 0.9333277703604806 0.9199766355140186 0.9351357365376056 0.9190031152647974 0.9366655540720961 0.9181686693368936 0.9383344459279038 0.9171951490876725 0.9404205607476634 0.9162216288384513 0.941950378282154 0.915665331553182 0.9436192701379617 0.9151090342679127 0.9455663106364042 0.9144136626613262 0.9475133511348465 0.9138573653760569 0.9495994659546061 0.9131619937694704 0.951824655095683 0.9124666221628838 0.9536326212728081 0.9119103248776146 0.9554405874499332 0.9113540275923453 0.9565531820204717 0.911214953271028 0.9578048509123275 0.911214953271028 0.9590565198041834 0.9114931019136627 0.9601691143747219 0.9119103248776146 0.961142634623943 0.9124666221628838 0.9618380062305295 0.9135792167334224 0.9619770805518469 0.9149699599465955 0.9619770805518469 0.9160825545171339 0.9610035603026257 0.9170560747663551 0.9598909657320872 0.917890520694259 0.9580829995549621 0.9192812639074321 0.9564141076991545 0.920115709835336 0.9541889185580774 0.9212283044058744 0.9521028037383178 0.9219236760124611 0.9505729862038272 0.9224799732977302 0.9483477970627503 0.9234534935469515 0.9458444592790387 0.9242879394748553 0.9437583444592791 0.9251223854027592 0.9412550066755674 0.925956831330663 0.9390298175344903 0.9269303515798842 0.937082777036048 0.9276257231864709 0.9354138851802403 0.92818202047174 0.9336059190031153 0.9290164663996439 0.9317979528259902 0.9297118380062305 0.9306853582554517 0.9301290609701824 0.9292946150422786 0.9306853582554517 0.9279038718291055 0.9312416555407209 0.926374054294615 0.9319370271473075 0.9254005340453939 0.9322151757899421 0.9240097908322207 0.9323542501112595 0.9227581219403649 0.9320761014686247 0.9206720071206053 0.9313807298620382 0.9196984868713841 0.9305462839341344 0.9194203382287494 0.9288773920783266 0.9198375611927013 0.9276257231864709 0.9205329327992879 0.9270694259012016
1 0.998835403726708 0.6054606625258799 0.9897774327122152 0.6080486542443064 0.9878364389233953 0.6093426501035196 0.9826604554865424 0.6132246376811594 0.9768374741200828 0.6196946169772256 0.9748964803312629 0.6242236024844721 0.9736024844720497 0.629399585921325 0.9736024844720497 0.6352225672877847 0.9761904761904762 0.6462215320910972 0.9794254658385093 0.6488095238095238 0.983307453416149 0.6539855072463768 0.9858954451345755 0.6578674948240165 0.9904244306418218 0.6617494824016563 0.9981884057971013 0.6636904761904762 0.9989583333333333 0.6636904761904762 0.9989583333333333 0.6636904761904762
0 0.41437609075043635 0.16295811518324613 0.4083769633507854 0.14986910994764402 0.4045593368237348 0.14168848167539272 0.40401396160558467 0.13896160558464227 0.40401396160558467 0.13568935427574175 0.4072862129144852 0.13459860383944158 0.4116492146596859 0.13732547993019203 0.4154668411867365 0.1455061082024433 0.41710296684118675 0.14823298429319376 0.42092059336823734 0.15695898778359516 0.42201134380453753 0.16023123909249568 0.4231020942408377 0.1640488656195463 0.4231020942408377 0.1673211169284468 0.42255671902268765 0.16895724258289707 0.4198298429319372 0.16895724258289707
0 0.7518115942028986 0.6564512882447666 0.754579307568438 0.6617351046698873 0.7588566827697263 0.6665157004830918 0.7608695652173914 0.6717995169082126 0.7613727858293076 0.6765801127214172 0.7618760064412239 0.680102657004831 0.7616243961352658 0.6846316425120773 0.7613727858293076 0.6871477455716587 0.7606179549114332 0.6899154589371982 0.7591082930756844 0.6946960547504026 0.7568438003220612 0.6994766505636072 0.7560889694041869 0.701237922705314 0.75432769726248 0.7032508051529791 0.7530696457326892 0.7037540257648954 0.7503019323671498 0.7019927536231884 0.7487922705314011 0.6959541062801934 0.7477858293075685 0.6921799516908214 0.7465277777777779 0.6856380837359098 0.7460245571658616 0.6768317230273753 0.7460245571658616 0.6723027375201288 0.7475342190016103 0.6655092592592593 0.7487922705314011 0.6602254428341385
0 0.1721014492753623 0.4651915113871635 0.17436594202898548 0.46260351966873703 0.18051242236024842 0.4613095238095238 0.1847179089026915 0.4613095238095238 0.19312888198757763 0.4606625258799172 0.1950698757763975 0.4638975155279503 0.19312888198757763 0.4651915113871635 0.187305900621118 0.46713250517598337 0.18374741200828157 0.4693969979296066 0.17274844720496893 0.47263198757763975 0.1691899585921325 0.4745729813664596 0.16304347826086957 0.4774844720496894 0.15980848861283642 0.47910196687370593 0.1565734989648033 0.4774844720496894 0.16271997929606624 0.473925983436853 0.16530797101449274 0.4697204968944099
0 0.13037491115849323 0.4037846481876332 0.13148542999289267 0.40023098791755507 0.13481698649609095 0.39823205401563605 0.13792643923240935 0.39556680881307743 0.1443674484719261 0.39512260127931764 0.1403695806680881 0.39845415778251597 0.1377043354655295 0.4015636105188343 0.13503909026297084 0.4057835820895522 0.13148542999289267 0.41000355366027 0.1294864960909737 0.41200248756218905 0.1261549395877754 0.4135572139303482 0.12082444918265814 0.4162224591329069 0.11904761904761904 0.41955401563610517 0.11682658137882017 0.4206645344705046 0.11393923240938165 0.421775053304904 0.10927505330490404 0.4224413646055437 0.10683191186922529 0.4231076759061833 0.10327825159914711 0.4231076759061833 0.10438877043354654 0.41888770433546546 0.10838663823738451 0.41488983653162753 0.10971926083866382 0.414001421464108
0 0.2285598705501618 0.6832524271844659 0.23098705501618122 0.684668284789644 0.23300970873786406 0.688309061488673 0.23422330097087377 0.6917475728155339 0.23462783171521032 0.69457928802589 0.23462783171521032 0.6978155339805825 0.23442556634304207 0.7018608414239481 0.2338187702265372 0.7046925566343042 0.2338187702265372 0.7077265372168284 0.23058252427184464 0.7085355987055016 0.22896440129449838 0.7075242718446602 0.22916666666666663 0.7046925566343042 0.2295711974110032 0.701051779935275 0.22775080906148867 0.6972087378640776 0.22653721682847897 0.6943770226537217 0.22633495145631066 0.6919498381877022 0.22633495145631066 0.6899271844660194 0.22653721682847897 0.6877022653721683
0 0.16626213592233008 0.7022653721682847 0.16646440129449838 0.7077265372168284 0.1658576051779935 0.7111650485436892 0.16444174757281554 0.7139967637540452 0.16019417475728157 0.7192556634304207 0.15837378640776698 0.7212783171521036 0.15675566343042072 0.7235032362459547 0.15331715210355987 0.7253236245954693 0.15088996763754045 0.727346278317152 0.1502831715210356 0.7218851132686084 0.15453074433656958 0.7190533980582523 0.15574433656957928 0.7131877022653721 0.15716019417475727 0.7105582524271844 0.16059870550161812 0.7083333333333334
0 0.08154761904761905 0.942063492063492 0.09087301587301587 0.9361111111111111 0.1 0.9335317460317459 0.10793650793650794 0.9315476190476191 0.1126984126984127 0.9279761904761905 0.11924603174603175 0.9267857142857142 0.12281746031746031 0.9257936507936508 0.12043650793650794 0.9303571428571428 0.11567460317460318 0.9335317460317459 0.10932539682539683 0.9353174603174603 0.10376984126984128 0.9380952380952381 0.09642857142857143 0.9404761904761905 0.09126984126984126 0.9418650793650793 0.0871031746031746 0.9436507936507936 0.08392857142857142 0.9444444444444444
0 0.013854679802955662 0.3065989326765189 0.017831486042692937 0.309036330049261 0.019242610837438424 0.311858579638752 0.026298234811165843 0.3210950328407225 0.030018472906403935 0.32853550903119866 0.02899220032840722 0.33187089490968796 0.023347701149425287 0.32571325944170765 0.01872947454844006 0.3227627257799671 0.01744663382594417 0.3157071018062397 0.01244355500821018 0.3099343185550082 0.012186986863711 0.3085231937602627
