1 0.9092261904761905 0.060630341880341915 0.9012133699633701 0.057577838827838866 0.8970161782661783 0.05643315018315022 0.8939636752136753 0.05528846153846158 0.8901480463980465 0.05376221001221005 0.8878586691086692 0.05185439560439564 0.8840430402930404 0.047657203907203946 0.8836614774114775 0.04574938949938954 0.8836614774114775 0.04307844932844937 0.8825167887667889 0.040407509157509194 0.8813721001221002 0.03621031746031749 0.8809905372405373 0.03353937728937732 0.8809905372405373 0.02972374847374851 0.8817536630036631 0.026671245421245455 0.8825167887667889 0.024000305250305283 0.8836614774114775 0.020184676434676467 0.8844246031746033 0.016750610500610535 0.8859508547008548 0.012553418803418839 0.8874771062271063 0.009500915750915785 0.8893849206349207 0.006829975579975614 0.8924374236874237 0.004540598290598326 0.8954899267399269 0.003014346764346799 0.8985424297924299 0.0018696581196581542 0.901594932844933 0.0018696581196581542 0.9065552503052504 0.0018696581196581542 0.9096077533577535 0.0026327838827839177 0.9130418192918194 0.003777472527472562 0.9164758852258853 0.004922161172161207 0.9191468253968256 0.006066849816849851 0.9229624542124543 0.00835622710622714 0.9260149572649573 0.011408730158730195 0.9290674603174605 0.014461233211233247 0.9309752747252749 0.018276862026862063 0.9325015262515264 0.02094780219780223 0.9344093406593408 0.024381868131868163 0.9359355921855923 0.02819749694749698 0.936698717948718 0.031631562881562915 0.936698717948718 0.03506562881562885 0.9363171550671551 0.03849969474969479 0.9355540293040294 0.04384157509157513 0.9344093406593408 0.048038766788766826 0.933264652014652 0.050328144078144114 0.9317384004884006 0.0526175213675214 0.930212148962149 0.05452533577533581 0.9279227716727718 0.05643315018315022 0.9256333943833945 0.05834096459096463 0.9233440170940171 0.059867216117216154 0.9199099511599512 0.061011904761904795 0.9160943223443224 0.06139346764346768
1 0.9344093406593408 0.16479700854700857 0.9286858974358976 0.1625076312576313 0.9263965201465202 0.16136294261294265 0.9218177655677657 0.15907356532356537 0.9195283882783883 0.15716575091575094 0.9168574481074482 0.15373168498168502 0.9153311965811967 0.1491529304029304 0.9126602564102565 0.14419261294261296 0.9096077533577535 0.1392322954822955 0.9080815018315019 0.13465354090354092 0.9076999389499391 0.12969322344322348 0.9076999389499391 0.12435134310134315 0.9088446275946277 0.11786477411477415 0.9107524420024421 0.1125228937728938 0.9134233821733823 0.10718101343101347 0.9160943223443224 0.10260225885225889 0.9199099511599512 0.09764194139194142 0.9233440170940171 0.0942078754578755 0.9263965201465202 0.09230006105006108 0.9294490231990232 0.09039224664224668 0.9317384004884006 0.08962912087912092 0.9347909035409037 0.08886599511599515 0.9412774725274726 0.08733974358974363 0.9477640415140416 0.08695818070818075 0.949671855921856 0.08733974358974363 0.9534874847374848 0.08886599511599515 0.9565399877899878 0.09039224664224668 0.9588293650793652 0.0919184981684982 0.9615003052503054 0.09458943833943838 0.9637896825396826 0.09764194139194142 0.96607905982906 0.10222069597069601 0.9679868742368744 0.10565476190476193 0.9698946886446886 0.10908882783882787 0.9714209401709403 0.1125228937728938 0.9733287545787547 0.1171016483516484 0.9733287545787547 0.1251144688644689 0.9714209401709403 0.1350351037851038 0.9702762515262516 0.1392322954822955 0.9687500000000001 0.14228479853479856 0.9676053113553115 0.14457417582417584 0.96607905982906 0.14648199023199027 0.9649343711843713 0.14838980463980464 0.9634081196581197 0.15106074481074483 0.9592109279609281 0.15525793650793654 0.9550137362637364 0.15907356532356537 0.9519612332112334 0.1605998168498169 0.949671855921856 0.1617445054945055 0.946619352869353 0.16288919413919417 0.9424221611721613 0.16365231990231993 0.9386065323565325 0.1640338827838828
1 0.8558073870573871 0.1171016483516484 0.8523733211233212 0.1251144688644689 0.8512286324786326 0.12702228327228332 0.8500839438339439 0.12893009768009772 0.8485576923076924 0.13083791208791212 0.846649877899878 0.13274572649572652 0.843597374847375 0.1350351037851038 0.8416895604395606 0.13656135531135533 0.8394001831501832 0.13846916971916973 0.837110805860806 0.140758547008547 0.8352029914529915 0.14190323565323568 0.8268086080586081 0.14228479853479856 0.8218482905982907 0.1415216727716728 0.8172695360195361 0.14037698412698416 0.8134539072039073 0.13846916971916973 0.8115460927960929 0.1369429181929182 0.8088751526251526 0.13465354090354092 0.8062042124542125 0.13236416361416364 0.8031517094017094 0.12854853479853484 0.8016254578754579 0.1266407203907204 0.7997176434676435 0.12358821733821738 0.798191391941392 0.11977258852258857 0.7970467032967034 0.11557539682539687 0.7970467032967034 0.11366758241758244 0.7962835775335776 0.10756257631257635 0.7978098290598292 0.09802350427350431 0.7989545177045178 0.0942078754578755 0.8000992063492064 0.09077380952380956 0.8020070207570208 0.08619505494505499 0.8035332722832724 0.08314255189255193 0.8050595238095238 0.08085317460317464 0.8084935897435898 0.07665598290598294 0.81116452991453 0.07398504273504278 0.8142170329670331 0.07169566544566548 0.817651098901099 0.06902472527472532 0.8210851648351649 0.0671169108669109 0.824519230769231 0.06635378510378515 0.830624236874237 0.06597222222222227 0.8348214285714287 0.06559065934065939 0.8394001831501832 0.06597222222222227 0.8432158119658121 0.0671169108669109 0.8455051892551892 0.06864316239316244 0.8481761294261295 0.07055097680097684 0.8504655067155068 0.07284035409035414 0.8523733211233212 0.07589285714285718 0.8542811355311356 0.07856379731379735 0.85618894993895 0.08123473748473753 0.8573336385836386 0.08352411477411481 0.8580967643467645 0.08657661782661787 0.859241452991453 0.09077380952380956 0.859241452991453 0.09382631257631262 0.859241452991453 0.09726037851037854 0.859241452991453 0.10107600732600736 0.859241452991453 0.10489163614163617 0.8584783272283274 0.10870726495726499 0.8580967643467645 0.11214133089133092
1 0.6524343711843713 0.07512973137973142 0.6547237484737486 0.06788003663003667 0.6558684371184372 0.06482753357753361 0.6570131257631258 0.06253815628815633 0.6585393772893774 0.059485653235653274 0.6608287545787547 0.057577838827838866 0.6642628205128206 0.05605158730158734 0.6684600122100123 0.05490689865689869 0.6715125152625153 0.05338064713064717 0.675709706959707 0.05223595848595852 0.6802884615384617 0.050709706959706995 0.6841040903540904 0.049565018315018354 0.6898275335775337 0.04880189255189259 0.6947878510378511 0.049183455433455474 0.7008928571428572 0.05109126984126988 0.7039453601953604 0.05338064713064717 0.7081425518925519 0.05643315018315022 0.7131028693528695 0.060248778998779035 0.7165369352869354 0.06253815628815633 0.7188263125763127 0.06482753357753361 0.7211156898656899 0.06826159951159955 0.7230235042735044 0.07093253968253972 0.7249313186813188 0.07398504273504278 0.7268391330891332 0.07703754578754583 0.7279838217338218 0.08047161172161175 0.7287469474969476 0.08390567765567769 0.7291285103785105 0.08848443223443227 0.7291285103785105 0.09268162393162396 0.7283653846153847 0.09573412698412702 0.7268391330891332 0.1003128815628816 0.7249313186813188 0.10374694749694753 0.7230235042735044 0.10603632478632483 0.7203525641025642 0.10832570207570211 0.7161553724053725 0.11099664224664228 0.7096688034188036 0.11366758241758244 0.7073794261294263 0.11404914529914532 0.7054716117216118 0.11443070818070823 0.7028006715506716 0.11519383394383399 0.6970772283272285 0.11557539682539687 0.6940247252747253 0.11557539682539687 0.692116910866911 0.11557539682539687 0.6867750305250306 0.11481227106227111 0.6802884615384617 0.11290445665445668 0.673038766788767 0.10985195360195363 0.6657890720390721 0.10374694749694753 0.6638812576312577 0.10222069597069601 0.6623550061050062 0.1003128815628816 0.6608287545787547 0.0984050671550672 0.6589209401709403 0.0961156898656899 0.6573946886446886 0.09382631257631262 0.6562500000000001 0.09153693528693532 0.6547237484737486 0.08886599511599515 0.6539606227106227 0.08619505494505499 0.6528159340659342 0.08352411477411481 0.6524343711843713 0.08009004884004887
1 0.7470619658119659 0.022092490842490875 0.7382860195360196 0.019039987789987823 0.7359966422466423 0.01789529914529918 0.7344703907203908 0.01560592185592189 0.7329441391941393 0.013316544566544603 0.7317994505494506 0.011408730158730195 0.7302731990231991 0.009500915750915785 0.7291285103785105 0.007593101343101377 0.7268391330891332 0.00568528693528697 0.7253128815628817 0.0033959096459096807 0.7241809116809118 4.625929269271486e-19 0.7241809116809124 -1.0271626370065258e-34 0.7730082417582419 0.0007249694749695096 0.7737713675213677 0.0033959096459096807 0.7733898046398048 0.005303724053724089 0.7718635531135531 0.008737789987790023 0.7714819902319903 0.011027167277167313 0.7695741758241759 0.013698107448107483 0.7665216727716728 0.016750610500610535 0.7646138583638584 0.018658424908424943 0.7604166666666667 0.021710927960927995 0.7577457264957267 0.02247405372405376 0.7516407203907204 0.022092490842490875
1 0.6104624542124543 0.012171855921855957 0.6100808913308914 0.021329365079365115 0.6100808913308914 0.02323717948717952 0.6100808913308914 0.025144993894993927 0.6100808913308914 0.0278159340659341 0.6096993284493286 0.03048687423687427 0.6089362026862027 0.03315781440781444 0.6077915140415141 0.03544719169719173 0.6058836996336997 0.038118131868131906 0.6043574481074482 0.040407509157509194 0.6020680708180709 0.04422313797313801 0.6001602564102565 0.0465125152625153 0.598634004884005 0.048420329670329706 0.5959630647130648 0.050328144078144114 0.5925289987789989 0.05147283272283276 0.5898580586080586 0.05223595848595852 0.5868055555555556 0.0526175213675214 0.5837530525030525 0.05223595848595852 0.5807005494505495 0.05185439560439564 0.576121794871795 0.04880189255189259 0.5730692918192919 0.046894078144078186 0.5711614774114775 0.04498626373626378 0.5692536630036631 0.04117063492063496 0.5681089743589745 0.037736568986569026 0.5669642857142858 0.03582875457875461 0.5658195970695972 0.032013125763125795 0.5650564713064714 0.02819749694749698 0.5623855311355312 0.019803113553113587 0.5623855311355312 0.01789529914529918 0.5612408424908426 0.014461233211233247 0.5608592796092797 0.011408730158730195 0.5608592796092797 0.007211538461538496 0.5620039682539684 0.004922161172161207 0.5631486568986569 0.003014346764346799 0.5642933455433456 0.0007249694749695096 0.5650183150183152 1.1564823173178714e-19 0.6055021367521368 0.0007249694749695096 0.6077915140415141 0.004159035409035444 0.6085546398046399 0.006829975579975614
1 0.5333867521367522 0.04307844932844937 0.5383470695970697 0.049183455433455474 0.540636446886447 0.0526175213675214 0.5425442612942615 0.05528846153846158 0.5440705128205129 0.057959401709401746 0.5452152014652015 0.061011904761904795 0.5459783272283274 0.06520909645909649 0.5463598901098902 0.06826159951159955 0.546741452991453 0.07093253968253972 0.5471230158730159 0.0736034798534799 0.5475045787545788 0.07589285714285718 0.5471230158730159 0.07932692307692311 0.5463598901098902 0.08199786324786329 0.54368894993895 0.0858134920634921 0.5410180097680098 0.0877213064713065 0.5383470695970697 0.08962912087912092 0.5364392551892553 0.09077380952380956 0.5333867521367522 0.09230006105006108 0.5299526862026862 0.09344474969474972 0.5269001831501832 0.0942078754578755 0.524229242979243 0.09382631257631262 0.5173611111111112 0.0919184981684982 0.5131639194139195 0.08962912087912092 0.5101114163614163 0.0877213064713065 0.501717032967033 0.08161630036630041 0.4937042124542125 0.0694062881562882 0.49027014652014655 0.057577838827838866 0.4898885836385836 0.05376221001221005 0.4895070207570208 0.050328144078144114 0.4895070207570208 0.047275641025641066 0.4895070207570208 0.04460470085470089 0.4898885836385836 0.04155219780219784 0.4910332722832723 0.038881257631257674 0.4937042124542125 0.03544719169719173 0.4956120268620269 0.0339209401709402 0.4979014041514042 0.032394688644688675 0.5013354700854701 0.031631562881562915 0.5047695360195361 0.031250000000000035 0.5089667277167277 0.031250000000000035 0.5124007936507937 0.031631562881562915 0.5169795482295483 0.032394688644688675 0.5196504884004884 0.03315781440781444 0.5223214285714286 0.03430250305250309 0.5253739316239316 0.03621031746031749 0.5288079975579976 0.038881257631257674
1 0.40556318681318687 0.19379578754578755 0.39945818070818073 0.18998015873015875 0.39487942612942617 0.18616452991452992 0.3929716117216117 0.18311202686202688 0.3903006715506716 0.1789148351648352 0.3887744200244201 0.17548076923076925 0.3876297313797314 0.17280982905982908 0.38724816849816857 0.1701388888888889 0.38648504273504275 0.16708638583638585 0.385721916971917 0.1625076312576313 0.38495879120879123 0.15869200244200246 0.38495879120879123 0.15525793650793654 0.38457722832722835 0.15144230769230774 0.38419566544566547 0.14686355311355312 0.38419566544566547 0.1434294871794872 0.38419566544566547 0.14037698412698416 0.38457722832722835 0.13732448107448111 0.385721916971917 0.13350885225885228 0.38648504273504275 0.1293116605616606 0.3876297313797314 0.12625915750915753 0.38839285714285715 0.1232066544566545 0.3903006715506716 0.12015415140415145 0.392208485958486 0.1171016483516484 0.39449786324786323 0.11404914529914532 0.3964056776556777 0.11175976800976804 0.3983134920634921 0.10908882783882787 0.40136599511599513 0.10565476190476193 0.4044184981684982 0.10374694749694753 0.4078525641025641 0.10183913308913312 0.41014194139194143 0.10107600732600736 0.4128128815628816 0.1003128815628816 0.4166285103785104 0.09993131868131871 0.42044413919413925 0.09993131868131871 0.42311507936507936 0.1003128815628816 0.4257860195360196 0.10183913308913312 0.4288385225885226 0.10298382173382177 0.4353250915750916 0.10794413919413923 0.44257478632478636 0.11481227106227111 0.443719474969475 0.11672008547008551 0.44486416361416364 0.11900946275946281 0.4460088522588523 0.12129884004884009 0.4471535409035409 0.12396978021978027 0.4479166666666667 0.12587759462759465 0.4490613553113553 0.12854853479853484 0.4498244810744811 0.13160103785103788 0.45058760683760685 0.13465354090354092 0.4509691697191698 0.13770604395604397 0.4513507326007326 0.140758547008547 0.4517322954822955 0.1434294871794872 0.4517322954822955 0.14686355311355312 0.4517322954822955 0.15029761904761907 0.4517322954822955 0.15373168498168502 0.4513507326007326 0.1560210622710623 0.45058760683760685 0.15869200244200246 0.44944291819291826 0.1621260683760684 0.44829822954822957 0.1663232600732601 0.4471535409035409 0.17090201465201468 0.4460088522588523 0.17319139194139196 0.4452457264957265 0.17548076923076925 0.443719474969475 0.17815170940170943 0.4421932234432235 0.18044108669108672 0.44066697191697196 0.18311202686202688 0.43723290598290604 0.1873092185592186 0.4353250915750916 0.1888354700854701 0.4334172771672772 0.19036172161172163 0.4311278998778999 0.19226953601953603 0.42807539682539686 0.19379578754578755 0.4261675824175824 0.1945589133089133 0.4219703907203908 0.19532203907203907 0.41929945054945056 0.19532203907203907 0.4162469474969475 0.19532203907203907 0.4112866300366301 0.19494047619047622
1 0.5910027472527474 0.2323336385836386 0.5860424297924299 0.2300442612942613 0.5837530525030525 0.22928113553113555 0.5807005494505495 0.22775488400488403 0.5787927350427352 0.2262286324786325 0.5768849206349207 0.22317612942612944 0.5745955433455434 0.2201236263736264 0.5726877289377291 0.21668956043956047 0.5711614774114775 0.21401862026862029 0.5696352258852259 0.2113476800976801 0.5692536630036631 0.20905830280830281 0.5684905372405373 0.20638736263736265 0.5677274114774116 0.2029532967032967 0.5669642857142858 0.19990079365079366 0.5665827228327228 0.19684829059829062 0.5665827228327228 0.19379578754578755 0.5677274114774116 0.1907432844932845 0.5692536630036631 0.18769078144078147 0.5707799145299146 0.1850198412698413 0.5726877289377291 0.182730463980464 0.5745955433455434 0.18005952380952384 0.5765033577533578 0.1785332722832723 0.5787927350427352 0.17700702075702077 0.5807005494505495 0.176243894993895 0.5837530525030525 0.17548076923076925 0.5864239926739928 0.17471764346764349 0.5913843101343103 0.1743360805860806 0.5951999389499391 0.1743360805860806 0.5993971306471307 0.1743360805860806 0.6032127594627597 0.1750992063492064 0.6074099511599512 0.17586233211233215 0.61122557997558 0.17700702075702077 0.6135149572649573 0.17815170940170943 0.6165674603174605 0.18044108669108672 0.6192384004884006 0.18234890109890112 0.6226724664224665 0.1850198412698413 0.6261065323565325 0.18807234432234435 0.6287774725274726 0.19036172161172163 0.6310668498168499 0.19265109890109894 0.6333562271062273 0.19570360195360198 0.6345009157509158 0.19799297924297926 0.6352640415140416 0.20142704517704518 0.6356456043956045 0.2056242368742369 0.6356456043956045 0.20905830280830281 0.6356456043956045 0.21325549450549453 0.6352640415140416 0.21707112332112335 0.634119352869353 0.22088675213675216 0.6325931013431014 0.22355769230769235 0.630685286935287 0.2266101953601954 0.6287774725274726 0.2288995726495727 0.6268696581196581 0.23080738705738707 0.6245802808302809 0.23309676434676438 0.6215277777777779 0.23538614163614166 0.6158043345543347 0.2365308302808303 0.6131333943833945 0.23691239316239318 0.6104624542124543 0.23691239316239318 0.6074099511599512 0.23691239316239318 0.6043574481074482 0.2372939560439561 0.6005418192918194 0.2365308302808303 0.5963446275946277 0.23500457875457878
1 0.7607982295482297 0.20486111111111113 0.7585088522588523 0.20486111111111113 0.7550747863247864 0.20447954822954825 0.7520222832722834 0.2033348595848596 0.7485882173382173 0.20142704517704518 0.7455357142857143 0.1991376678876679 0.7428647741147743 0.19646672771672774 0.7379044566544567 0.1907432844932845 0.7363782051282052 0.1888354700854701 0.7344703907203908 0.18578296703296707 0.734088827838828 0.18196733821733824 0.734088827838828 0.17929639804639808 0.7348519536019537 0.17662545787545791 0.7359966422466423 0.17395451770451772 0.7375228937728939 0.17128357753357756 0.7382860195360196 0.16937576312576313 0.7398122710622712 0.166704822954823 0.7413385225885226 0.16479700854700857 0.7436278998779 0.1617445054945055 0.7451541514041514 0.15983669108669113 0.7482066544566545 0.15754731379731382 0.7508775946275947 0.1560210622710623 0.7539300976800978 0.15487637362637366 0.7588904151404152 0.15373168498168502 0.7634691697191698 0.1522054334554335 0.7680479242979243 0.1518238705738706 0.7737713675213677 0.15144230769230774 0.7772054334554336 0.15144230769230774 0.781784188034188 0.1518238705738706 0.785599816849817 0.15258699633699635 0.7894154456654457 0.15373168498168502 0.7928495115995117 0.15525793650793654 0.7955204517704518 0.15716575091575094 0.7974282661782663 0.16021825396825398 0.7997176434676435 0.1621260683760684 0.8020070207570208 0.16365231990231993 0.8035332722832724 0.1659416971916972 0.8042963980463982 0.16861263736263737 0.8042963980463982 0.17166514041514044 0.8042963980463982 0.17548076923076925 0.8039148351648353 0.17929639804639808 0.8027701465201466 0.18234890109890112 0.8020070207570208 0.1850198412698413 0.8004807692307694 0.18769078144078147 0.7989545177045178 0.18998015873015875 0.7970467032967034 0.1930326617826618 0.7955204517704518 0.19494047619047622 0.7936126373626374 0.19684829059829062 0.791704822954823 0.1991376678876679 0.78865231990232 0.20066391941391942 0.7848366910866911 0.20219017094017094 0.7814026251526252 0.2029532967032967 0.7768238705738707 0.20409798534798537 0.7726266788766789 0.20486111111111113 0.7684294871794872 0.205242673992674 0.7649954212454213 0.205242673992674
1 0.8645833333333335 0.2636217948717949 0.8619123931623933 0.25446428571428575 0.8611492673992676 0.25179334554334554 0.8607677045177046 0.24835927960927962 0.8611492673992676 0.24378052503052505 0.8622939560439561 0.23958333333333337 0.8642017704517706 0.23500457875457878 0.8664911477411478 0.23080738705738707 0.8683989621489623 0.22699175824175827 0.8706883394383396 0.22355769230769235 0.8760302197802198 0.21516330891330895 0.8825167887667889 0.20791361416361417 0.8848061660561661 0.20600579975579977 0.8867139804639805 0.20409798534798537 0.8897664835164836 0.20219017094017094 0.8924374236874237 0.20066391941391942 0.8962530525030525 0.19875610500610502 0.8993055555555556 0.19799297924297926 0.9023580586080586 0.19837454212454214 0.9054105616605618 0.20066391941391942 0.9096077533577535 0.20257173382173385 0.9134233821733823 0.20409798534798537 0.9157127594627597 0.20600579975579977 0.9180021367521368 0.20867673992673996 0.9202915140415141 0.2113476800976801 0.9214362026862027 0.21325549450549453 0.9225808913308914 0.21592643467643471 0.92372557997558 0.21897893772893776 0.9248702686202688 0.22317612942612944 0.9248702686202688 0.22699175824175827 0.9248702686202688 0.23042582417582422 0.9248702686202688 0.2346230158730159 0.92372557997558 0.2388202075702076 0.9221993284493286 0.2426358363858364 0.9210546398046399 0.24568833943833948 0.9195283882783883 0.24874084249084252 0.9187652625152627 0.25064865689865695 0.9172390109890111 0.2540827228327229 0.9157127594627597 0.25637210012210015 0.9130418192918194 0.2590430402930403 0.9099893162393163 0.26209554334554336 0.9088446275946277 0.26400335775335776 0.9019764957264959 0.27010836385836384 0.8989239926739928 0.2723977411477412 0.895108363858364 0.2739239926739927 0.892055860805861 0.2754502442002442 0.8878586691086692 0.27621336996337004 0.8844246031746033 0.27621336996337004 0.8806089743589745 0.2758318070818071 0.8775564713064714 0.27506868131868134 0.8756486568986569 0.2743055555555556 0.872214590964591 0.27277930402930406 0.8695436507936508 0.2704899267399268 0.8668727106227107 0.26743742368742374
1 0.8680173992673994 0.4025106837606838 0.8622939560439561 0.39869505494505497 0.859241452991453 0.3964056776556777 0.8565705128205129 0.39449786324786323 0.8546626984126985 0.39259004884004883 0.8523733211233212 0.3903006715506716 0.8500839438339439 0.38801129426129427 0.8485576923076924 0.385721916971917 0.8474130036630038 0.38266941391941395 0.846649877899878 0.37923534798534797 0.846649877899878 0.37580128205128205 0.8462683150183151 0.37160409035409037 0.8462683150183151 0.36778846153846156 0.8470314407814409 0.3647359584859585 0.8489392551892553 0.3613018925518926 0.8504655067155068 0.35863095238095244 0.853136446886447 0.3559600122100122 0.8550442612942615 0.353670634920635 0.8580967643467645 0.35138125763125766 0.8603861416361417 0.34947344322344326 0.8664911477411478 0.34603937728937734 0.8699252136752137 0.3452762515262516 0.8748855311355312 0.3441315628815629 0.8809905372405373 0.3433684371184372 0.8851877289377291 0.3429868742368743 0.8893849206349207 0.3429868742368743 0.8939636752136753 0.3429868742368743 0.8973977411477413 0.3441315628815629 0.9019764957264959 0.3464209401709402 0.9050289987789989 0.3483287545787546 0.9096077533577535 0.3509996947496948 0.9138049450549451 0.353670634920635 0.9160943223443224 0.35557844932844934 0.9187652625152627 0.35901251526251526 0.920673076923077 0.3624465811965812 0.9225808913308914 0.3666437728937729 0.9241071428571429 0.3704594017094018 0.9260149572649573 0.3735119047619048 0.9263965201465202 0.37656440781440786 0.9263965201465202 0.3796169108669109 0.9263965201465202 0.3834325396825397 0.9252518315018317 0.38686660561660563 0.9241071428571429 0.3910637973137973 0.9233440170940171 0.3929716117216117 0.9214362026862027 0.3964056776556777 0.9195283882783883 0.39869505494505497 0.9172390109890111 0.401747557997558 0.9126602564102565 0.40403693528693535 0.9092261904761905 0.40480006105006106 0.9057921245421245 0.40556318681318687 0.9019764957264959 0.4063263125763126 0.8993055555555556 0.4063263125763126 0.8954899267399269 0.4063263125763126 0.8905296092796093 0.4063263125763126 0.8863324175824177 0.4067078754578755 0.8817536630036631 0.4067078754578755 0.8775564713064714 0.4059447496947497 0.8733592796092797 0.40403693528693535
1 0.7214972527472528 0.36626221001221004 0.7131028693528695 0.36206501831501836 0.7089056776556777 0.35863095238095244 0.7069978632478634 0.35710470085470086 0.7054716117216118 0.3548153235653236 0.7020375457875458 0.3509996947496948 0.7001297313797316 0.3483287545787546 0.6986034798534799 0.3448946886446887 0.6978403540903542 0.3414606227106228 0.6974587912087913 0.3376449938949939 0.698221916971917 0.33497405372405376 0.6997481684981686 0.33230311355311354 0.7020375457875458 0.33039529914529914 0.704708485958486 0.327724358974359 0.7073794261294263 0.3258165445665446 0.7104319291819293 0.3231456043956044 0.7138659951159952 0.32085622710622713 0.7169184981684983 0.3197115384615385 0.7214972527472528 0.31894841269841273 0.7256944444444445 0.31894841269841273 0.7283653846153847 0.3197115384615385 0.7317994505494506 0.32123778998779 0.7359966422466423 0.32238247863247865 0.7398122710622712 0.3235271672771673 0.7428647741147743 0.32505341880341887 0.746680402930403 0.3273427960927961 0.7497329059829061 0.3300137362637363 0.7524038461538463 0.3326846764346765 0.7546932234432234 0.33497405372405376 0.7558379120879122 0.33726343101343104 0.7569826007326008 0.33917124542124544 0.7573641636141637 0.34107905982905984 0.7577457264957267 0.3433684371184372 0.7577457264957267 0.3456578144078144 0.7577457264957267 0.3490918803418804 0.7573641636141637 0.3529075091575092 0.7566010378510379 0.3559600122100122 0.7554563492063493 0.35939407814407814 0.7539300976800978 0.363209706959707 0.7520222832722834 0.3651175213675214 0.7482066544566545 0.3674068986568987 0.7455357142857143 0.36817002442002444 0.7417200854700855 0.3689331501831502 0.7367597680097682 0.37007783882783885 0.7337072649572651 0.37007783882783885 0.7302731990231991 0.36969627594627597 0.7260760073260074 0.3674068986568987
1 0.740575396825397 0.28651556776556775 0.7382860195360196 0.2861340048840049 0.7348519536019537 0.28575244200244204 0.7325625763125764 0.28575244200244204 0.7298916361416362 0.28537087912087916 0.7279838217338218 0.2842261904761905 0.7237866300366301 0.2807921245421246 0.7222603785103786 0.27888431013431014 0.7207341269841271 0.2754502442002442 0.7188263125763127 0.2723977411477412 0.7169184981684983 0.27010836385836384 0.7138659951159952 0.2670558608058608 0.7119581807081807 0.2647664835164835 0.7100503663003664 0.26209554334554336 0.7092872405372407 0.2590430402930403 0.7089056776556777 0.25446428571428575 0.7092872405372407 0.24950396825396828 0.711195054945055 0.247214590964591 0.714247557997558 0.2449252136752137 0.7180631868131868 0.24339896214896217 0.7218788156288157 0.24225427350427353 0.7245497557997559 0.24225427350427353 0.7279838217338218 0.24225427350427353 0.7325625763125764 0.2426358363858364 0.7359966422466423 0.24339896214896217 0.7394307081807082 0.24416208791208793 0.7432463369963371 0.2449252136752137 0.7459172771672773 0.24606990231990233 0.7497329059829061 0.24759615384615385 0.7543116605616607 0.24835927960927962 0.7566010378510379 0.24912240537240538 0.759653540903541 0.25064865689865695 0.7623244810744811 0.25293803418803423 0.7642322954822957 0.25484584859584863 0.7649954212454213 0.2571352258852259 0.7657585470085471 0.26018772893772896 0.7657585470085471 0.26400335775335776 0.7657585470085471 0.2678189865689866 0.7657585470085471 0.27087148962148966 0.7657585470085471 0.2739239926739927 0.7649954212454213 0.27697649572649574 0.7638507326007328 0.2800289987789988 0.7615613553113554 0.2834630647130647 0.7600351037851039 0.28537087912087916 0.7581272893772895 0.2868971306471307 0.7546932234432234 0.2880418192918193 0.750114468864469 0.2880418192918193 0.7462988400488402 0.28727869352869356
1 0.5936736874236874 0.3731303418803419 0.5837530525030525 0.3708409645909646 0.5784111721611722 0.3689331501831502 0.576121794871795 0.36817002442002444 0.5742139804639805 0.3666437728937729 0.5711614774114775 0.3639728327228327 0.5692536630036631 0.3613018925518926 0.5673458485958487 0.35824938949938956 0.5654380341880343 0.3544337606837607 0.5639117826617828 0.35138125763125766 0.5623855311355312 0.34756562881562886 0.5604777167277167 0.3429868742368743 0.5593330280830282 0.3395528083028083 0.5574252136752137 0.3353556166056166 0.5566620879120879 0.330776862026862 0.556280525030525 0.3269612332112332 0.556280525030525 0.3231456043956044 0.5566620879120879 0.3200931013431013 0.5574252136752137 0.3174221611721612 0.5589514652014653 0.31360653235653235 0.5608592796092797 0.31017246642246643 0.5631486568986569 0.30750152625152627 0.5650564713064714 0.305212148962149 0.5684905372405373 0.3025412087912088 0.5719246031746033 0.3006333943833944 0.5749771062271063 0.29987026862026867 0.5814636752136753 0.2991071428571429 0.5852793040293042 0.2991071428571429 0.585660866910867 0.2991071428571429 0.5898580586080586 0.2991071428571429 0.5936736874236874 0.3002518315018315 0.5978708791208792 0.3025412087912088 0.6013049450549451 0.3044490231990232 0.6043574481074482 0.30750152625152627 0.6058836996336997 0.3109355921855922 0.608173076923077 0.3151327838827839 0.6100808913308914 0.3197115384615385 0.6116071428571429 0.32467185592185593 0.6131333943833945 0.3292506105006105 0.614659645909646 0.33230311355311354 0.6154227716727718 0.33497405372405376 0.6158043345543347 0.3380265567765568 0.6161858974358976 0.3414606227106228 0.6161858974358976 0.3452762515262516 0.6161858974358976 0.3490918803418804 0.6158043345543347 0.3525259462759463 0.614659645909646 0.3559600122100122 0.6135149572649573 0.3597756410256411 0.6119887057387058 0.3628281440781441 0.6100808913308914 0.3654990842490842 0.6077915140415141 0.3674068986568987 0.6047390109890111 0.36969627594627597 0.6020680708180709 0.3712225274725275 0.5990155677655679 0.3723672161172161
1 0.36435439560439564 0.26972680097680096 0.3597756410256411 0.2723977411477412 0.3578678266178266 0.2731608669108669 0.35557844932844934 0.2743055555555556 0.3521443833943834 0.27506868131868134 0.34871031746031744 0.27506868131868134 0.3452762515262516 0.2746871184371185 0.34107905982905984 0.2746871184371185 0.33878968253968256 0.2746871184371185 0.3361187423687424 0.2743055555555556 0.334210927960928 0.2720161782661783 0.33230311355311354 0.2704899267399268 0.33039529914529914 0.26896367521367526 0.3281059218559219 0.26629273504273504 0.3265796703296704 0.26400335775335776 0.3258165445665446 0.2617139804639805 0.3258165445665446 0.2571352258852259 0.3258165445665446 0.2540827228327229 0.32619810744810745 0.2510302197802198 0.327724358974359 0.24874084249084252 0.3288690476190476 0.24645146520146524 0.33039529914529914 0.24378052503052505 0.3326846764346765 0.24072802197802198 0.3353556166056166 0.23805708180708185 0.3376449938949939 0.23538614163614166 0.34107905982905984 0.2327152014652015 0.3448946886446887 0.23080738705738707 0.34985500610500614 0.2281364468864469 0.3529075091575092 0.22699175824175827 0.3559600122100122 0.2262286324786325 0.35863095238095244 0.22584706959706963 0.363209706959707 0.22508394383394387 0.36588064713064716 0.224702380952381 0.3689331501831502 0.2243208180708181 0.3731303418803419 0.2243208180708181 0.37618284493284493 0.2243208180708181 0.3811431623931624 0.2243208180708181 0.3838141025641026 0.22546550671550675 0.3891559829059829 0.22737332112332115 0.392208485958486 0.2300442612942613 0.39487942612942617 0.23347832722832726 0.39526098901098905 0.2365308302808303 0.39526098901098905 0.24034645909645913 0.39487942612942617 0.24339896214896217 0.3929716117216117 0.24645146520146524 0.3914453601953602 0.24912240537240538 0.3895375457875458 0.25293803418803423 0.3876297313797314 0.2559905372405373 0.3853403540903541 0.25827991452991456 0.38266941391941395 0.2609508547008547 0.37923534798534797 0.26400335775335776 0.37580128205128205 0.2655296092796093 0.372748778998779 0.26743742368742374 0.3693147130647131 0.26896367521367526
1 0.47996794871794873 0.414720695970696 0.47233669108669113 0.4170100732600733 0.4708104395604396 0.4170100732600733 0.46775793650793657 0.4170100732600733 0.4627976190476191 0.4166285103785104 0.45745573870573875 0.41548382173382176 0.45287698412698413 0.41357600732600736 0.44867979242979245 0.41204975579975583 0.4456272893772894 0.41090506715506714 0.4421932234432235 0.4086156898656899 0.43990384615384615 0.4070894383394384 0.4368513431013431 0.40480006105006106 0.434180402930403 0.40212912087912095 0.4315094627594628 0.39945818070818073 0.4288385225885226 0.39487942612942617 0.4269307081807082 0.38991910866910867 0.42654914529914534 0.38686660561660563 0.4261675824175824 0.3838141025641026 0.4254044566544567 0.3796169108669109 0.42425976800976806 0.37618284493284493 0.4234966422466423 0.372748778998779 0.4227335164835165 0.37007783882783885 0.42235195360195366 0.3674068986568987 0.42235195360195366 0.36435439560439564 0.42235195360195366 0.3616834554334555 0.42235195360195366 0.35824938949938956 0.42311507936507936 0.3551968864468865 0.42425976800976806 0.3529075091575092 0.4261675824175824 0.3509996947496948 0.42807539682539686 0.34947344322344326 0.430746336996337 0.34756562881562886 0.43379884004884006 0.3452762515262516 0.43875915750915756 0.3441315628815629 0.44257478632478636 0.34375 0.44677197802197804 0.34375 0.44944291819291826 0.3445131257631258 0.453258547008547 0.3456578144078144 0.4559294871794872 0.3471840659340659 0.45936355311355315 0.3490918803418804 0.4627976190476191 0.35138125763125766 0.46661324786324787 0.3540521978021978 0.4689026251526252 0.3563415750915751 0.47195512820512825 0.35901251526251526 0.4750076312576313 0.3628281440781441 0.47767857142857145 0.3670253357753358 0.47996794871794873 0.3704594017094018 0.48187576312576313 0.3742750305250305 0.48340201465201466 0.37770909645909645 0.4849282661782662 0.3811431623931624 0.4864545177045177 0.38457722832722835 0.4875992063492064 0.38724816849816857 0.4879807692307693 0.3895375457875458 0.4879807692307693 0.3929716117216117 0.4879807692307693 0.39716880341880345 0.4872176434676435 0.40098443223443225 0.4860729548229549 0.40480006105006106 0.48530982905982906 0.40823412698412703 0.48378357753357754 0.4105235042735043
1 0.3654990842490842 0.38801129426129427 0.3597756410256411 0.39869505494505497 0.35824938949938956 0.40136599511599513 0.3540521978021978 0.40480006105006106 0.3521443833943834 0.4063263125763126 0.350236568986569 0.40823412698412703 0.3468025030525031 0.40976037851037855 0.3445131257631258 0.41090506715506714 0.34184218559218565 0.4124313186813187 0.33878968253968256 0.41357600732600736 0.3368818681318682 0.414720695970696 0.3345924908424909 0.41548382173382176 0.33192155067155066 0.41586538461538464 0.327724358974359 0.4151022588522589 0.3235271672771673 0.41395757020757024 0.3197115384615385 0.41204975579975583 0.3174221611721612 0.4105235042735043 0.3158959096459097 0.40823412698412703 0.31436965811965817 0.40556318681318687 0.31360653235653235 0.40365537240537247 0.31208028083028083 0.40136599511599513 0.3113171550671551 0.3983134920634921 0.3109355921855922 0.39564255189255193 0.3105540293040293 0.3929716117216117 0.3113171550671551 0.3903006715506716 0.31208028083028083 0.38724816849816857 0.31284340659340665 0.38419566544566547 0.31322496947496953 0.3807615995115995 0.31360653235653235 0.37618284493284493 0.3151327838827839 0.3719856532356533 0.31627747252747257 0.3689331501831502 0.31818528693528697 0.3666437728937729 0.31894841269841273 0.36435439560439564 0.32085622710622713 0.3613018925518926 0.32276404151404153 0.35824938949938956 0.32467185592185593 0.3559600122100122 0.3273427960927961 0.3540521978021978 0.33039529914529914 0.3521443833943834 0.33306623931623935 0.350236568986569 0.3361187423687424 0.34794719169719174 0.33917124542124544 0.3464209401709402 0.34184218559218565 0.3456578144078144 0.3448946886446887 0.3456578144078144 0.3483287545787546 0.3456578144078144 0.3521443833943834 0.3468025030525031 0.3551968864468865 0.34871031746031744 0.3597756410256411 0.35176282051282054 0.3624465811965812 0.3540521978021978 0.36435439560439564 0.3559600122100122 0.3654990842490842 0.35863095238095244 0.3670253357753358 0.3616834554334555 0.3670253357753358 0.36435439560439564 0.36778846153846156 0.3689331501831502 0.36778846153846156 0.3731303418803419 0.36778846153846156 0.37656440781440786 0.3674068986568987 0.38038003663003667
1 0.5478861416361417 0.43875915750915756 0.5433073870573871 0.43379884004884006 0.5413995726495727 0.4315094627594628 0.5391101953601954 0.42807539682539686 0.5375839438339439 0.4250228937728938 0.5360576923076923 0.4227335164835165 0.534149877899878 0.42044413919413925 0.5330051892551892 0.41777319902319904 0.5318605006105006 0.414720695970696 0.5310973748473748 0.41166819291819295 0.530715811965812 0.4089972527472528 0.5299526862026862 0.40556318681318687 0.5299526862026862 0.4025106837606838 0.5299526862026862 0.39945818070818073 0.530715811965812 0.39678724053724057 0.5310973748473748 0.39411630036630035 0.5330051892551892 0.39068223443223443 0.5349130036630038 0.3876297313797314 0.537202380952381 0.3853403540903541 0.5391101953601954 0.38419566544566547 0.5425442612942615 0.382287851037851 0.5463598901098902 0.3811431623931624 0.550175518925519 0.3799984737484738 0.5543727106227107 0.37923534798534797 0.5589514652014653 0.37885378510378515 0.5627670940170941 0.37923534798534797 0.5665827228327228 0.3807615995115995 0.5703983516483517 0.382287851037851 0.5738324175824177 0.38457722832722835 0.5772664835164836 0.38686660561660563 0.5791742979242981 0.3895375457875458 0.5822268009768011 0.3929716117216117 0.5837530525030525 0.39564255189255193 0.5848977411477413 0.3990766178266178 0.5864239926739928 0.4025106837606838 0.5871871184371185 0.4059447496947497 0.5883318070818072 0.41014194139194143 0.589094932844933 0.41395757020757024 0.589094932844933 0.4173916361416362 0.589094932844933 0.42158882783882784 0.5883318070818072 0.4257860195360196 0.5875686813186813 0.4288385225885226 0.5864239926739928 0.43227258852258854 0.5841346153846154 0.434180402930403 0.5818452380952382 0.4368513431013431 0.5799374236874237 0.43952228327228327 0.5780296092796093 0.44104853479853484 0.5749771062271063 0.44257478632478636 0.5715430402930404 0.4429563492063492 0.5669642857142858 0.4433379120879121 0.5635302197802198 0.443719474969475 0.5608592796092797 0.4441010378510379 0.5581883394383396 0.4441010378510379 0.5555173992673994 0.4429563492063492
1 0.7268391330891332 0.44677197802197804 0.7211156898656899 0.443719474969475 0.7192078754578756 0.4418116605616606 0.7169184981684983 0.43914072039072044 0.7146291208791209 0.4357066544566545 0.7127213064713066 0.4334172771672772 0.7108134920634921 0.43036477411477414 0.7089056776556777 0.4273122710622711 0.7073794261294263 0.4234966422466423 0.7066163003663005 0.42044413919413925 0.7054716117216118 0.4170100732600733 0.7050900488400489 0.4143391330891331 0.7050900488400489 0.4112866300366301 0.7058531746031746 0.4074710012210012 0.7069978632478634 0.405181623931624 0.7081425518925519 0.40327380952380953 0.7108134920634921 0.40136599511599513 0.7138659951159952 0.3990766178266178 0.7161553724053725 0.3975503663003663 0.7184447496947498 0.39602411477411475 0.7222603785103786 0.39373473748473753 0.7249313186813188 0.39259004884004883 0.7276022588522589 0.39182692307692313 0.7317994505494506 0.3914453601953602 0.7352335164835165 0.39182692307692313 0.7382860195360196 0.3929716117216117 0.7417200854700855 0.39411630036630035 0.7443910256410257 0.39564255189255193 0.7478250915750916 0.39716880341880345 0.7512591575091575 0.3990766178266178 0.7546932234432234 0.40136599511599513 0.7577457264957267 0.40365537240537247 0.7611797924297926 0.4063263125763126 0.7649954212454213 0.40976037851037855 0.7672847985347987 0.4128128815628816 0.769192612942613 0.41548382173382176 0.7711004273504275 0.4185363247863248 0.7733898046398048 0.42311507936507936 0.7749160561660562 0.4276938339438339 0.7749160561660562 0.43189102564102566 0.7749160561660562 0.4357066544566545 0.7733898046398048 0.43990384615384615 0.7714819902319903 0.4433379120879121 0.7684294871794872 0.4460088522588523 0.7653769841269842 0.4479166666666667 0.762706043956044 0.44944291819291826 0.7588904151404152 0.45058760683760685 0.7558379120879122 0.4509691697191698 0.7516407203907204 0.4509691697191698 0.7474435286935288 0.45058760683760685 0.7409569597069599 0.4498244810744811 0.737141330891331 0.44944291819291826 0.7321810134310135 0.44867979242979245
1 0.8336767399267401 0.5215583028083028 0.827190170940171 0.5162164224664225 0.8210851648351649 0.5089667277167277 0.8191773504273505 0.5059142246642246 0.8161248473748475 0.5024801587301587 0.8138354700854702 0.4990460927960928 0.8123092185592186 0.4963751526251527 0.8107829670329672 0.4929410866910867 0.8096382783882785 0.4895070207570208 0.8092567155067155 0.4860729548229549 0.8092567155067155 0.48263888888888895 0.8092567155067155 0.479204822954823 0.8096382783882785 0.47538919413919417 0.8104014041514043 0.47233669108669113 0.8115460927960929 0.46852106227106227 0.8134539072039073 0.46546855921855923 0.8161248473748475 0.4620344932844933 0.8184142246642246 0.4605082417582418 0.8222298534798536 0.45936355311355315 0.8264270451770452 0.45898199023199027 0.8321504884004884 0.45898199023199027 0.8386370573870574 0.45898199023199027 0.8428342490842492 0.45898199023199027 0.846649877899878 0.4601266788766789 0.8508470695970697 0.46088980463980467 0.8550442612942615 0.46165293040293043 0.8584783272283274 0.4627976190476191 0.8622939560439561 0.46508699633699635 0.865728021978022 0.46699481074481075 0.8703067765567767 0.47042887667887673 0.8745039682539684 0.47309981684981683 0.8798458485958487 0.4765338827838828 0.8840430402930404 0.4803495115995116 0.8867139804639805 0.48302045177045183 0.8890033577533578 0.4864545177045177 0.8909111721611722 0.4898885836385836 0.8924374236874237 0.4937042124542125 0.8935821123321124 0.4975198412698413 0.8943452380952382 0.5009539072039072 0.8943452380952382 0.5036248473748474 0.8943452380952382 0.5078220390720392 0.8943452380952382 0.5120192307692307 0.8939636752136753 0.5165979853479854 0.8928189865689866 0.5200320512820513 0.8912927350427352 0.5234661172161172 0.8897664835164836 0.5269001831501832 0.8882402319902322 0.5295711233211233 0.8859508547008548 0.5322420634920635 0.8832799145299146 0.534149877899878 0.8798458485958487 0.5360576923076923 0.8748855311355312 0.537202380952381 0.8729777167277167 0.5375839438339439 0.8703067765567767 0.5375839438339439 0.8664911477411478 0.537202380952381 0.8611492673992676 0.5356761294261295 0.8550442612942615 0.5337683150183151 0.8512286324786326 0.5322420634920635 0.8477945665445666 0.530715811965812 0.8432158119658121 0.5280448717948718 0.8390186202686203 0.5257554945054945
1 0.9218177655677657 0.48874389499389503 0.9172390109890111 0.4807310744810745 0.9145680708180709 0.47729700854700857 0.9138049450549451 0.47424450549450553 0.9134233821733823 0.4711920024420025 0.9138049450549451 0.46699481074481075 0.9149496336996338 0.46317918192918195 0.9176205738705739 0.45898199023199027 0.9210546398046399 0.45554792429792434 0.9244887057387058 0.45287698412698413 0.9279227716727718 0.4509691697191698 0.9313568376068377 0.44944291819291826 0.9351724664224665 0.44867979242979245 0.939751221001221 0.4479166666666667 0.9435668498168499 0.4479166666666667 0.9489087301587303 0.4479166666666667 0.9527243589743591 0.4479166666666667 0.9557768620268622 0.44829822954822957 0.9592109279609281 0.4490613553113553 0.9622634310134311 0.45058760683760685 0.9656974969474971 0.4524954212454213 0.9687500000000001 0.4559294871794872 0.9710393772893774 0.4586004273504274 0.9729471916971917 0.4620344932844933 0.9744734432234433 0.46470543345543347 0.9759996947496948 0.4689026251526252 0.9767628205128206 0.47348137973137977 0.9767628205128206 0.4769154456654457 0.9759996947496948 0.4795863858363859 0.9748550061050062 0.48302045177045183 0.9733287545787547 0.485691391941392 0.9714209401709403 0.4883623321123321 0.9695131257631259 0.49027014652014655 0.9676053113553115 0.49217796092796096 0.9649343711843713 0.4937042124542125 0.962644993894994 0.495230463980464 0.9595924908424909 0.4963751526251527 0.9550137362637364 0.4975198412698413 0.9508165445665446 0.4986645299145299 0.9470009157509158 0.4990460927960928 0.9439484126984128 0.49942765567765574 0.9405143467643469 0.49942765567765574 0.936698717948718 0.4998092185592186 0.9347909035409037 0.49942765567765574 0.9321199633699635 0.4975198412698413 0.9283043345543347 0.4948489010989011
1 0.7474435286935288 0.5417811355311356 0.7417200854700855 0.5375839438339439 0.7386675824175825 0.5337683150183151 0.7352335164835165 0.530715811965812 0.7337072649572651 0.5288079975579976 0.7329441391941393 0.5261370573870574 0.7325625763125764 0.5230845543345544 0.7321810134310135 0.52117673992674 0.7321810134310135 0.517742673992674 0.7321810134310135 0.514690170940171 0.7321810134310135 0.5108745421245422 0.7321810134310135 0.5066773504273504 0.7329441391941393 0.5043879731379731 0.7348519536019537 0.5020985958485958 0.7375228937728939 0.5009539072039072 0.7413385225885226 0.4998092185592186 0.7459172771672773 0.49828296703296704 0.7489697802197803 0.4971382783882784 0.7527854090354091 0.49599358974358976 0.7554563492063493 0.495230463980464 0.7577457264957267 0.495230463980464 0.759653540903541 0.4956120268620269 0.762706043956044 0.4971382783882784 0.7657585470085471 0.4986645299145299 0.7684294871794872 0.5009539072039072 0.7707188644688646 0.5032432844932846 0.7711004273504275 0.5059142246642246 0.7718635531135531 0.508203601953602 0.7730082417582419 0.5120192307692307 0.7741529304029305 0.5158348595848596 0.7749160561660562 0.5192689255189256 0.775679181929182 0.5227029914529915 0.775679181929182 0.5257554945054945 0.7760607448107449 0.5288079975579976 0.7764423076923078 0.5310973748473748 0.7764423076923078 0.5330051892551892 0.7752976190476191 0.5349130036630038 0.7741529304029305 0.5375839438339439 0.7718635531135531 0.5402548840048841 0.769192612942613 0.5417811355311356 0.7669032356532358 0.5425442612942615 0.7638507326007328 0.5425442612942615 0.7604166666666667 0.5425442612942615 0.7581272893772895 0.5429258241758242 0.7554563492063493 0.54368894993895 0.7516407203907204 0.54368894993895
1 0.4879807692307693 0.5253739316239316 0.48530982905982906 0.5249923687423688 0.48302045177045183 0.5261370573870574 0.47996794871794873 0.5265186202686203 0.4765338827838828 0.5246108058608059 0.47348137973137977 0.5234661172161172 0.4715735653235653 0.5230845543345544 0.46852106227106227 0.5230845543345544 0.46623168498168505 0.5230845543345544 0.46432387057387065 0.5223214285714286 0.4612713675213675 0.5200320512820513 0.45898199023199027 0.5173611111111112 0.4578373015873016 0.5154532967032968 0.45745573870573875 0.511637667887668 0.45745573870573875 0.5085851648351648 0.45745573870573875 0.5055326617826618 0.45821886446886445 0.5028617216117216 0.45974511599511597 0.5005723443223443 0.4612713675213675 0.4979014041514042 0.46356074481074483 0.49446733821733824 0.46508699633699635 0.4917963980463981 0.46699481074481075 0.4895070207570208 0.4689026251526252 0.4875992063492064 0.4715735653235653 0.485691391941392 0.47386294261294265 0.48416514041514047 0.4769154456654457 0.482257326007326 0.47996794871794873 0.48111263736263743 0.48263888888888895 0.4803495115995116 0.4849282661782662 0.4803495115995116 0.4879807692307693 0.4803495115995116 0.49065170940170943 0.4803495115995116 0.4933226495726496 0.4807310744810745 0.4963751526251527 0.4807310744810745 0.4990460927960928 0.48149420024420025 0.501717032967033 0.482257326007326 0.5040064102564102 0.48416514041514047 0.5066773504273504 0.4860729548229549 0.5085851648351648 0.4879807692307693 0.5104929792429792 0.49027014652014655 0.511637667887668 0.49255952380952384 0.5131639194139195 0.49446733821733824 0.5139270451770452 0.4963751526251527 0.5143086080586081 0.4998092185592186 0.5143086080586081 0.5024801587301587 0.5131639194139195 0.5066773504273504 0.5124007936507937 0.5085851648351648 0.5097298534798536 0.5112561050061051 0.5070589133089133 0.5135454822954822 0.5051510989010989 0.5154532967032968 0.5020985958485958 0.5192689255189256 0.4986645299145299 0.5219398656898657 0.49408577533577536 0.524229242979243 0.4917963980463981 0.5249923687423688
1 0.3670253357753358 0.48111263736263743 0.3654990842490842 0.47348137973137977 0.3651175213675214 0.4673763736263737 0.36588064713064716 0.46432387057387065 0.3666437728937729 0.46165293040293043 0.3674068986568987 0.45936355311355315 0.3685515873015873 0.45631105006105005 0.37160409035409037 0.453258547008547 0.37580128205128205 0.4498244810744811 0.38610347985347987 0.44639041514041516 0.39068223443223443 0.44486416361416364 0.39411630036630035 0.4441010378510379 0.39678724053724057 0.443719474969475 0.4002213064713065 0.443719474969475 0.4044184981684982 0.4444826007326007 0.4074710012210012 0.4456272893772894 0.4112866300366301 0.4471535409035409 0.4151022588522589 0.44867979242979245 0.41891788766788773 0.4509691697191698 0.4227335164835165 0.4544032356532357 0.4257860195360196 0.45745573870573875 0.42845695970695974 0.46088980463980467 0.42998321123321126 0.46432387057387065 0.4315094627594628 0.46775793650793657 0.43379884004884006 0.47195512820512825 0.4357066544566545 0.4750076312576313 0.4368513431013431 0.47729700854700857 0.43723290598290604 0.4795863858363859 0.4376144688644689 0.482257326007326 0.4383775946275946 0.48530982905982906 0.4383775946275946 0.4879807692307693 0.4383775946275946 0.4910332722832723 0.4383775946275946 0.49446733821733824 0.43723290598290604 0.4967567155067155 0.43608821733821734 0.49942765567765574 0.4345619658119658 0.501717032967033 0.4330357142857143 0.5036248473748474 0.43036477411477414 0.5066773504273504 0.42807539682539686 0.508203601953602 0.42311507936507936 0.5112561050061051 0.41968101343101344 0.5131639194139195 0.4166285103785104 0.5139270451770452 0.41204975579975583 0.5143086080586081 0.4086156898656899 0.5143086080586081 0.40365537240537247 0.5143086080586081 0.3979319291819292 0.5139270451770452 0.39449786324786323 0.5131639194139195 0.38991910866910867 0.5112561050061051 0.385721916971917 0.5089667277167277 0.3815247252747253 0.5055326617826618 0.37885378510378515 0.5028617216117216 0.37694597069597074 0.5005723443223443 0.3746565934065934 0.4971382783882784 0.372748778998779 0.49408577533577536 0.37160409035409037 0.49065170940170943 0.36969627594627597 0.4872176434676435
1 0.31398809523809523 0.49942765567765574 0.31818528693528697 0.5047695360195361 0.32047466422466425 0.5089667277167277 0.32123778998779 0.5112561050061051 0.3220009157509158 0.5150717338217338 0.32238247863247865 0.5188873626373627 0.32238247863247865 0.52117673992674 0.32123778998779 0.5234661172161172 0.3200931013431013 0.527281746031746 0.31894841269841273 0.530715811965812 0.3170405982905983 0.5349130036630038 0.3158959096459097 0.5383470695970697 0.3151327838827839 0.5410180097680098 0.31398809523809523 0.54368894993895 0.31284340659340665 0.5471230158730159 0.3124618437118437 0.5494123931623933 0.3090277777777778 0.5517017704517706 0.30597527472527475 0.553228021978022 0.3029227716727717 0.5539911477411478 0.2983440170940171 0.5539911477411478 0.29338369963369965 0.5539911477411478 0.2907127594627595 0.5528464590964591 0.2884233821733822 0.5517017704517706 0.28575244200244204 0.5505570818070818 0.2823183760683761 0.5486492673992676 0.2792658730158731 0.5459783272283274 0.27773962148962156 0.5429258241758242 0.2754502442002442 0.5387286324786326 0.2739239926739927 0.5360576923076923 0.2723977411477412 0.5326236263736264 0.27163461538461536 0.5299526862026862 0.27163461538461536 0.5261370573870574 0.27163461538461536 0.5219398656898657 0.27163461538461536 0.517742673992674 0.27125305250305254 0.5135454822954822 0.27125305250305254 0.5104929792429792 0.27163461538461536 0.5078220390720392 0.2723977411477412 0.5043879731379731 0.2731608669108669 0.5005723443223443 0.2739239926739927 0.4975198412698413 0.2746871184371185 0.4948489010989011 0.2754502442002442 0.49217796092796096 0.27659493284493286 0.4895070207570208 0.27850274725274726 0.4872176434676435 0.28041056166056166 0.4864545177045177 0.2842261904761905 0.4860729548229549 0.28727869352869356 0.485691391941392 0.2914758852258853 0.485691391941392 0.29605463980463986 0.4860729548229549 0.29872557997557997 0.4872176434676435 0.30406746031746035 0.49027014652014655 0.30635683760683763 0.4914148351648352 0.30940934065934067 0.4937042124542125
1 0.39411630036630035 0.5440705128205129 0.39602411477411475 0.5433073870573871 0.4002213064713065 0.5425442612942615 0.4044184981684982 0.5425442612942615 0.4070894383394384 0.5429258241758242 0.41014194139194143 0.5440705128205129 0.4128128815628816 0.5452152014652015 0.41548382173382176 0.5459783272283274 0.41777319902319904 0.5475045787545788 0.42044413919413925 0.5494123931623933 0.42235195360195366 0.5513202075702076 0.4257860195360196 0.5555173992673994 0.4288385225885226 0.5600961538461539 0.43036477411477414 0.5635302197802198 0.4315094627594628 0.5669642857142858 0.43189102564102566 0.5700167887667889 0.43227258852258854 0.5726877289377291 0.4326541514041515 0.5765033577533578 0.4334172771672772 0.5803189865689866 0.43379884004884006 0.5829899267399269 0.4334172771672772 0.5879502442002443 0.4315094627594628 0.5910027472527474 0.4288385225885226 0.5936736874236874 0.42845695970695974 0.5959630647130648 0.42845695970695974 0.598634004884005 0.42845695970695974 0.6020680708180709 0.42425976800976806 0.6055021367521368 0.42235195360195366 0.6074099511599512 0.41968101343101344 0.6089362026862027 0.4166285103785104 0.6104624542124543 0.4131944444444445 0.61122557997558 0.40976037851037855 0.6131333943833945 0.4067078754578755 0.6138965201465202 0.4025106837606838 0.6135149572649573 0.39716880341880345 0.6116071428571429 0.3929716117216117 0.6093177655677657 0.38991910866910867 0.6074099511599512 0.38724816849816857 0.6051205738705739 0.3838141025641026 0.6013049450549451 0.3819062881562882 0.5978708791208792 0.3796169108669109 0.5936736874236874 0.37847222222222227 0.5906211843711844 0.37732753357753357 0.5860424297924299 0.37694597069597074 0.582608363858364 0.37694597069597074 0.5791742979242981 0.37732753357753357 0.5650564713064714 0.37732753357753357 0.5620039682539684 0.3780906593406594 0.5585699023199024 0.3796169108669109 0.5558989621489623 0.382287851037851 0.5517017704517706 0.38457722832722835 0.5494123931623933 0.3876297313797314 0.5463598901098902
1 0.3197115384615385 0.6688415750915752 0.3174221611721612 0.6680784493284494 0.31360653235653235 0.6654075091575092 0.31169871794871795 0.6634996947496948 0.3090277777777778 0.6608287545787547 0.30597527472527475 0.6581578144078145 0.30406746031746035 0.6562500000000001 0.3006333943833944 0.6531974969474971 0.29872557997557997 0.6493818681318683 0.2975808913308914 0.6467109279609281 0.2975808913308914 0.6444215506715507 0.29643620268620274 0.6398427960927963 0.29605463980463986 0.6352640415140416 0.2956730769230769 0.6310668498168499 0.29681776556776557 0.6280143467643469 0.2975808913308914 0.6253434065934067 0.29872557997557997 0.6219093406593408 0.3006333943833944 0.6184752747252749 0.3025412087912088 0.6158043345543347 0.3048305860805861 0.614659645909646 0.3090277777777778 0.6135149572649573 0.31551434676434675 0.6127518315018317 0.32047466422466425 0.6123702686202688 0.3269612332112332 0.6123702686202688 0.33344780219780223 0.6138965201465202 0.33993437118437125 0.6169490231990232 0.3422237484737485 0.6188568376068377 0.3445131257631258 0.6203830891330891 0.34871031746031744 0.6268696581196581 0.3529075091575092 0.6352640415140416 0.3540521978021978 0.6394612332112334 0.3540521978021978 0.6432768620268622 0.3540521978021978 0.6459478021978023 0.353670634920635 0.650144993894994 0.3529075091575092 0.6531974969474971 0.3521443833943834 0.6562500000000001 0.3509996947496948 0.6589209401709403 0.34947344322344326 0.6608287545787547 0.34603937728937734 0.663118131868132 0.3433684371184372 0.6654075091575092 0.34069749694749696 0.6676968864468865 0.33878968253968256 0.669223137973138 0.3368818681318682 0.6707493894993896 0.3345924908424909 0.6711309523809524 0.33192155067155066 0.6711309523809524 0.3281059218559219 0.6703678266178268 0.32429029304029305 0.6688415750915752
1 0.48454670329670335 0.8088751526251526 0.4769154456654457 0.814598595848596 0.4746260683760684 0.8153617216117216 0.4711920024420025 0.8172695360195361 0.46775793650793657 0.8191773504273505 0.46546855921855923 0.820703601953602 0.46356074481074483 0.8214667277167279 0.45936355311355315 0.8229929792429793 0.4551663614163614 0.8237561050061051 0.4517322954822955 0.824137667887668 0.44829822954822957 0.824519230769231 0.43990384615384615 0.824519230769231 0.430746336996337 0.8229929792429793 0.42807539682539686 0.8218482905982907 0.4257860195360196 0.8210851648351649 0.4234966422466423 0.8195589133089134 0.42082570207570213 0.817651098901099 0.4185363247863248 0.8153617216117216 0.4162469474969475 0.8123092185592186 0.41395757020757024 0.8096382783882785 0.41357600732600736 0.8077304639804641 0.4131944444444445 0.8046779609279611 0.4128128815628816 0.8023885836385837 0.4128128815628816 0.7997176434676435 0.4128128815628816 0.7974282661782663 0.4128128815628816 0.7947573260073262 0.41395757020757024 0.7924679487179488 0.4151022588522589 0.7894154456654457 0.4162469474969475 0.7867445054945056 0.4173916361416362 0.7844551282051283 0.4185363247863248 0.782165750915751 0.4200625763125763 0.7794948107448109 0.42158882783882784 0.7764423076923078 0.4238782051282052 0.7737713675213677 0.4257860195360196 0.7714819902319903 0.4276938339438339 0.7699557387057389 0.42998321123321126 0.7676663614163616 0.4315094627594628 0.7657585470085471 0.43379884004884006 0.7638507326007328 0.43914072039072044 0.7592719780219781 0.44829822954822957 0.753166971916972 0.4513507326007326 0.7520222832722834 0.4540216727716728 0.7508775946275947 0.45669261294261293 0.750114468864469 0.4605082417582418 0.7489697802197803 0.46317918192918195 0.7482066544566545 0.46661324786324787 0.7478250915750916 0.4692841880341881 0.7474435286935288 0.47233669108669113 0.746680402930403 0.47538919413919417 0.7462988400488402 0.47806013431013433 0.7462988400488402 0.4803495115995116 0.7462988400488402 0.48416514041514047 0.7470619658119659 0.4875992063492064 0.7482066544566545 0.49027014652014655 0.7493513431013432 0.4933226495726496 0.7508775946275947 0.49599358974358976 0.7520222832722834 0.4990460927960928 0.7539300976800978 0.5001907814407814 0.7558379120879122 0.5013354700854701 0.759653540903541 0.501717032967033 0.7623244810744811 0.5020985958485958 0.7649954212454213 0.5028617216117216 0.7680479242979243 0.5028617216117216 0.7703373015873017 0.5028617216117216 0.7730082417582419 0.5028617216117216 0.7760607448107449 0.5028617216117216 0.779113247863248 0.5020985958485958 0.782165750915751 0.5013354700854701 0.7840735653235654 0.5005723443223443 0.7859813797313798 0.4990460927960928 0.78865231990232 0.4975198412698413 0.791704822954823 0.49599358974358976 0.7947573260073262 0.4948489010989011 0.7970467032967034 0.4929410866910867 0.7997176434676435 0.4910332722832723 0.8023885836385837 0.4895070207570208 0.8046779609279611
1 0.6032127594627597 0.7092872405372407 0.5978708791208792 0.7184447496947498 0.5913843101343103 0.727220695970696 0.5894764957264959 0.7298916361416362 0.5868055555555556 0.7325625763125764 0.5845161782661783 0.7348519536019537 0.5818452380952382 0.737141330891331 0.5784111721611722 0.7394307081807082 0.5757402319902322 0.740575396825397 0.5719246031746033 0.7417200854700855 0.5673458485958487 0.7424832112332113 0.5635302197802198 0.7424832112332113 0.5593330280830282 0.7421016483516484 0.5547542735042736 0.7409569597069599 0.5513202075702076 0.7379044566544567 0.5494123931623933 0.7359966422466423 0.5471230158730159 0.7333257020757021 0.5452152014652015 0.7310363247863249 0.5425442612942615 0.7276022588522589 0.5413995726495727 0.7249313186813188 0.5410180097680098 0.7207341269841271 0.5410180097680098 0.7161553724053725 0.5410180097680098 0.7123397435897437 0.5425442612942615 0.7092872405372407 0.54368894993895 0.7062347374847376 0.5448336385836386 0.7039453601953604 0.5463598901098902 0.7012744200244201 0.5509386446886447 0.695169413919414 0.5555173992673994 0.6883012820512822 0.5578067765567767 0.6875381562881563 0.5608592796092797 0.6848672161172161 0.5627670940170941 0.6833409645909647 0.5646749084249085 0.6818147130647131 0.5665827228327228 0.6806700244200244 0.5688721001221002 0.6795253357753359 0.5711614774114775 0.6776175213675214 0.5730692918192919 0.67609126984127 0.5753586691086692 0.6741834554334555 0.5772664835164836 0.673038766788767 0.579555860805861 0.6722756410256411 0.5822268009768011 0.6718940781440782 0.5852793040293042 0.6718940781440782 0.5898580586080586 0.672657203907204 0.5936736874236874 0.6741834554334555 0.5974893162393163 0.6764728327228329 0.5993971306471307 0.6779990842490843 0.6013049450549451 0.6802884615384617 0.6035943223443224 0.6833409645909647 0.6047390109890111 0.685630341880342 0.6058836996336997 0.6879197191697192 0.6062652625152627 0.6913537851037852 0.6062652625152627 0.6947878510378511 0.6058836996336997 0.6997481684981686 0.6051205738705739 0.7035637973137975
1 0.6871565934065935 0.6898275335775337 0.6806700244200244 0.6928800366300367 0.67876221001221 0.6928800366300367 0.67609126984127 0.6936431623931625 0.6741834554334555 0.695169413919414 0.6722756410256411 0.6959325396825398 0.6688415750915752 0.6974587912087913 0.6650259462759464 0.6966956654456655 0.6604471916971917 0.6959325396825398 0.6577762515262516 0.6955509768009769 0.65357905982906 0.695169413919414 0.6512896825396826 0.6947878510378511 0.6482371794871795 0.6947878510378511 0.6455662393162395 0.6947878510378511 0.6432768620268622 0.6947878510378511 0.6409874847374848 0.6947878510378511 0.6383165445665446 0.6936431623931625 0.6360271672771673 0.6917353479853481 0.634119352869353 0.6898275335775337 0.6318299755799757 0.6883012820512822 0.6287774725274726 0.6844856532356532 0.6287774725274726 0.6802884615384617 0.6291590354090355 0.6779990842490843 0.6283959096459097 0.6749465811965812 0.6268696581196581 0.6722756410256411 0.6253434065934067 0.6696047008547009 0.6249618437118438 0.6676968864468865 0.6245802808302809 0.6657890720390721 0.6249618437118438 0.663118131868132 0.6261065323565325 0.6608287545787547 0.6268696581196581 0.6589209401709403 0.6280143467643469 0.6562500000000001 0.6287774725274726 0.6531974969474971 0.6291590354090355 0.6509081196581197 0.630303724053724 0.6486187423687425 0.6314484126984128 0.6463293650793652 0.6322115384615385 0.6444215506715507 0.6333562271062273 0.6425137362637364 0.6348824786324787 0.6406059218559219 0.6367902930402932 0.6394612332112334 0.6406059218559219 0.6379349816849818 0.6459478021978023 0.6367902930402932 0.6486187423687425 0.6360271672771673 0.6528159340659342 0.6356456043956045 0.6562500000000001 0.6352640415140416 0.6589209401709403 0.6383165445665446 0.6615918803418804 0.640224358974359 0.6634996947496948 0.6421321733821734 0.6676968864468865 0.6432768620268622 0.6722756410256411 0.6440399877899878 0.6768543956043958 0.6444215506715507 0.6799068986568988 0.6448031135531136 0.682577838827839 0.6451846764346765 0.6852487789987791 0.6459478021978023 0.6894459706959708 0.6478556166056166 0.692116910866911 0.6490003052503054 0.6947878510378511 0.6505265567765568 0.6974587912087913 0.6524343711843713 0.6993666056166057 0.6539606227106227 0.701655982905983 0.656631562881563 0.7024191086691087 0.6589209401709403 0.701655982905983 0.663118131868132 0.7012744200244201 0.666170634920635 0.6986034798534799 0.6688415750915752 0.6978403540903542 0.6711309523809524 0.6966956654456655 0.6749465811965812 0.6955509768009769 0.6772359584859585 0.6944062881562882 0.6806700244200244 0.6936431623931625 0.6833409645909647 0.6924984737484738 0.6852487789987791
1 0.6474740537240538 0.7737713675213677 0.6394612332112334 0.7707188644688646 0.6360271672771673 0.7684294871794872 0.6333562271062273 0.7665216727716728 0.6310668498168499 0.7649954212454213 0.6291590354090355 0.7634691697191698 0.627632783882784 0.7615613553113554 0.6268696581196581 0.7588904151404152 0.6264880952380953 0.7566010378510379 0.6249618437118438 0.7535485347985349 0.6245802808302809 0.7504960317460319 0.624198717948718 0.7478250915750916 0.6249618437118438 0.7447725885225885 0.6261065323565325 0.7428647741147743 0.627632783882784 0.740575396825397 0.6295405982905984 0.7382860195360196 0.6322115384615385 0.7367597680097682 0.6352640415140416 0.7337072649572651 0.6383165445665446 0.7314178876678877 0.6413690476190477 0.7291285103785105 0.6455662393162395 0.727220695970696 0.6486187423687425 0.7260760073260074 0.6531974969474971 0.7249313186813188 0.656631562881563 0.7249313186813188 0.6623550061050062 0.7249313186813188 0.6654075091575092 0.7253128815628817 0.6699862637362639 0.7268391330891332 0.6738018925518927 0.7283653846153847 0.6764728327228329 0.7298916361416362 0.6795253357753359 0.7329441391941393 0.6810515873015873 0.7352335164835165 0.682577838827839 0.7390491452991453 0.6837225274725276 0.7428647741147743 0.6844856532356532 0.7462988400488402 0.6852487789987791 0.7497329059829061 0.6852487789987791 0.7539300976800978 0.6848672161172161 0.7581272893772895 0.6833409645909647 0.7619429181929183 0.6818147130647131 0.7657585470085471 0.6802884615384617 0.769192612942613 0.6783806471306472 0.7718635531135531 0.6741834554334555 0.7745344932844934 0.6715125152625153 0.7752976190476191 0.6680784493284494 0.775679181929182 0.6646443833943835 0.775679181929182 0.6600656288156289 0.775679181929182 0.6558684371184372 0.775679181929182 0.6520528083028084 0.7749160561660562
1 0.6257249694749696 0.8008623321123323 0.6268696581196581 0.8062042124542125 0.627632783882784 0.8104014041514043 0.627632783882784 0.8134539072039073 0.627251221001221 0.8187957875457876 0.6268696581196581 0.8218482905982907 0.6261065323565325 0.8249007936507938 0.6249618437118438 0.8287164224664225 0.6234355921855922 0.8325320512820513 0.6219093406593408 0.8348214285714287 0.6192384004884006 0.8367292429792431 0.6169490231990232 0.8390186202686203 0.6138965201465202 0.8409264346764348 0.61122557997558 0.8428342490842492 0.6077915140415141 0.8458867521367522 0.6055021367521368 0.8474130036630038 0.6028311965811967 0.8481761294261295 0.5993971306471307 0.8481761294261295 0.5940552503052504 0.8485576923076924 0.5902396214896215 0.8477945665445666 0.5875686813186813 0.846649877899878 0.5852793040293042 0.8451236263736265 0.5822268009768011 0.8424526862026862 0.5810821123321124 0.8397817460317462 0.579555860805861 0.8363476800976801 0.5780296092796093 0.8332951770451771 0.5765033577533578 0.8294795482295483 0.5749771062271063 0.8264270451770452 0.5745955433455434 0.8237561050061051 0.5742139804639805 0.8203220390720392 0.5738324175824177 0.8161248473748475 0.5738324175824177 0.8126907814407816 0.5745955433455434 0.808112026862027 0.5757402319902322 0.8046779609279611 0.5776480463980465 0.8016254578754579 0.5791742979242981 0.7993360805860806 0.5810821123321124 0.7966651404151405 0.5829899267399269 0.7943757631257633 0.585660866910867 0.7920863858363859 0.5887133699633701 0.7897970085470086 0.5913843101343103 0.7867445054945056 0.5948183760683762 0.7848366910866911 0.5993971306471307 0.7836920024420025 0.6032127594627597 0.7833104395604397 0.6074099511599512 0.7833104395604397 0.6116071428571429 0.7844551282051283 0.6150412087912088 0.785599816849817 0.6192384004884006 0.78865231990232 0.6230540293040294 0.7920863858363859 0.6249618437118438 0.7962835775335776
1 0.6970772283272285 0.7779685592185593 0.7031822344322346 0.7699557387057389 0.7054716117216118 0.7684294871794872 0.7092872405372407 0.7657585470085471 0.7119581807081807 0.7646138583638584 0.7150106837606838 0.7638507326007328 0.7173000610500612 0.7634691697191698 0.7195894383394384 0.7634691697191698 0.7222603785103786 0.7634691697191698 0.7264575702075703 0.7634691697191698 0.7310363247863249 0.7638507326007328 0.734088827838828 0.7646138583638584 0.7379044566544567 0.7661401098901099 0.7413385225885226 0.7684294871794872 0.7455357142857143 0.7707188644688646 0.7497329059829061 0.7733898046398048 0.753166971916972 0.775679181929182 0.7558379120879122 0.7779685592185593 0.7581272893772895 0.7810210622710624 0.759653540903541 0.7848366910866911 0.7607982295482297 0.7878891941391942 0.7615613553113554 0.7909416971916973 0.7619429181929183 0.7947573260073262 0.7619429181929183 0.7989545177045178 0.7619429181929183 0.8027701465201466 0.7607982295482297 0.8069673382173383 0.7585088522588523 0.8107829670329672 0.7566010378510379 0.8138354700854702 0.7539300976800978 0.817651098901099 0.7516407203907204 0.8214667277167279 0.7489697802197803 0.824137667887668 0.7451541514041514 0.8260454822954824 0.7424832112332113 0.827190170940171 0.7394307081807082 0.8279532967032969 0.7348519536019537 0.8287164224664225 0.7291285103785105 0.8287164224664225 0.7256944444444445 0.8283348595848598 0.7211156898656899 0.8268086080586081 0.7173000610500612 0.8252823565323566 0.7138659951159952 0.8237561050061051 0.7096688034188036 0.8214667277167279 0.7054716117216118 0.8191773504273505 0.7031822344322346 0.8172695360195361 0.7005112942612944 0.814598595848596 0.6974587912087913 0.81116452991453 0.6959325396825398 0.8073489010989012 0.695169413919414 0.8039148351648353 0.6944062881562882 0.8000992063492064 0.6940247252747253 0.7974282661782663 0.6936431623931625 0.7936126373626374 0.6936431623931625 0.7913232600732603 0.6936431623931625 0.7897970085470086 0.6940247252747253 0.7867445054945056 0.695169413919414 0.7825473137973139
1 0.8416895604395606 0.7317994505494506 0.8344398656898658 0.7401938339438341 0.8321504884004884 0.7424832112332113 0.8290979853479854 0.7451541514041514 0.8268086080586081 0.7470619658119659 0.824519230769231 0.7497329059829061 0.8210851648351649 0.7524038461538463 0.8184142246642246 0.7546932234432234 0.8157432844932846 0.7554563492063493 0.8130723443223444 0.7566010378510379 0.8107829670329672 0.7573641636141637 0.8084935897435898 0.7581272893772895 0.8062042124542125 0.7588904151404152 0.8031517094017094 0.759653540903541 0.8000992063492064 0.7600351037851039 0.7955204517704518 0.7604166666666667 0.7924679487179488 0.7604166666666667 0.7890338827838829 0.759653540903541 0.7863629426129427 0.7592719780219781 0.7836920024420025 0.7588904151404152 0.781784188034188 0.7581272893772895 0.778731684981685 0.7573641636141637 0.775679181929182 0.7558379120879122 0.7684294871794872 0.7462988400488402 0.7653769841269842 0.7428647741147743 0.7646138583638584 0.740575396825397 0.7646138583638584 0.7379044566544567 0.7653769841269842 0.7344703907203908 0.7661401098901099 0.7325625763125764 0.7661401098901099 0.7283653846153847 0.7657585470085471 0.724168192918193 0.7657585470085471 0.7199710012210013 0.7669032356532358 0.7161553724053725 0.7688110500610501 0.7127213064713066 0.7711004273504275 0.7104319291819293 0.7733898046398048 0.7073794261294263 0.775679181929182 0.704708485958486 0.7772054334554336 0.701655982905983 0.7798763736263737 0.6978403540903542 0.782165750915751 0.6955509768009769 0.7852182539682541 0.6928800366300367 0.7878891941391942 0.6909722222222222 0.7905601343101344 0.6890644078144079 0.7936126373626374 0.6875381562881563 0.7970467032967034 0.685630341880342 0.7997176434676435 0.6841040903540904 0.8027701465201466 0.682577838827839 0.8065857753357755 0.6806700244200244 0.8100198412698414 0.67876221001221 0.8126907814407816 0.6779990842490843 0.8153617216117216 0.6776175213675214 0.8180326617826619 0.6776175213675214 0.8218482905982907 0.6779990842490843 0.8249007936507938 0.679143772893773 0.827571733821734 0.6806700244200244 0.830624236874237 0.6821962759462761 0.8332951770451771 0.6837225274725276 0.8355845543345544 0.6860119047619049 0.8382554945054946 0.688682844932845 0.840163308913309 0.6913537851037852 0.8424526862026862 0.6940247252747253 0.8439789377289378 0.6959325396825398 0.846649877899878 0.7001297313797316 0.8477945665445666 0.7028006715506716 0.8481761294261295 0.7100503663003664 0.8462683150183151 0.7211156898656899 0.8443605006105007 0.7256944444444445
1 0.6799068986568988 0.853136446886447 0.6818147130647131 0.8596230158730159 0.6821962759462761 0.8619123931623933 0.682577838827839 0.8642017704517706 0.6829594017094018 0.8661095848595849 0.6829594017094018 0.8683989621489623 0.682577838827839 0.872214590964591 0.6821962759462761 0.8745039682539684 0.6814331501831502 0.8779380341880343 0.6802884615384617 0.8809905372405373 0.67876221001221 0.8844246031746033 0.6776175213675214 0.8870955433455434 0.6764728327228329 0.8890033577533578 0.6741834554334555 0.8909111721611722 0.6718940781440782 0.8924374236874237 0.6696047008547009 0.8932005494505495 0.666170634920635 0.8943452380952382 0.6638812576312577 0.895108363858364 0.6589209401709403 0.8966346153846154 0.6554868742368744 0.8977793040293042 0.6528159340659342 0.8977793040293042 0.6493818681318683 0.895108363858364 0.6463293650793652 0.8932005494505495 0.6440399877899878 0.8909111721611722 0.6413690476190477 0.8890033577533578 0.6390796703296704 0.8874771062271063 0.6367902930402932 0.8851877289377291 0.6352640415140416 0.8817536630036631 0.6348824786324787 0.8783195970695972 0.6348824786324787 0.8745039682539684 0.6348824786324787 0.8703067765567767 0.6345009157509158 0.8672542735042736 0.6345009157509158 0.8638202075702076 0.634119352869353 0.8607677045177046 0.6337377899877901 0.8580967643467645 0.6333562271062273 0.8542811355311356 0.6333562271062273 0.8508470695970697 0.6333562271062273 0.8477945665445666 0.6345009157509158 0.8451236263736265 0.6367902930402932 0.8428342490842492 0.6398427960927963 0.8409264346764348 0.6428952991452993 0.8390186202686203 0.6474740537240538 0.8378739316239318 0.6509081196581197 0.8378739316239318 0.6554868742368744 0.8378739316239318 0.6593025030525032 0.8378739316239318 0.6638812576312577 0.8386370573870574 0.6669337606837609 0.8397817460317462 0.6707493894993896 0.8416895604395606 0.6734203296703298 0.843597374847375 0.675709706959707 0.8458867521367522
1 0.5314789377289377 0.9076999389499391 0.5417811355311356 0.9080815018315019 0.5459783272283274 0.9088446275946277 0.5497939560439561 0.9096077533577535 0.5524648962148964 0.9107524420024421 0.5558989621489623 0.9126602564102565 0.5589514652014653 0.9145680708180709 0.5616224053724055 0.9164758852258853 0.5646749084249085 0.9183836996336997 0.5673458485958487 0.920673076923077 0.5692536630036631 0.9233440170940171 0.5715430402930404 0.9267780830280831 0.5734508547008548 0.9298305860805861 0.5753586691086692 0.9336462148962149 0.5765033577533578 0.936698717948718 0.5765033577533578 0.9405143467643469 0.5768849206349207 0.9443299755799757 0.5768849206349207 0.9477640415140416 0.5768849206349207 0.9519612332112334 0.576121794871795 0.9550137362637364 0.5749771062271063 0.9592109279609281 0.5738324175824177 0.9622634310134311 0.5723061660561661 0.9649343711843713 0.5692536630036631 0.9668421855921856 0.5673458485958487 0.9683684371184372 0.5646749084249085 0.9702762515262516 0.5600961538461539 0.9729471916971917 0.5555173992673994 0.9729471916971917 0.5509386446886447 0.9725656288156289 0.5478861416361417 0.972184065934066 0.5429258241758242 0.9710393772893774 0.5387286324786326 0.9702762515262516 0.5349130036630038 0.9687500000000001 0.5314789377289377 0.9672237484737486 0.5276633089133089 0.9645528083028084 0.5249923687423688 0.9630265567765568 0.5219398656898657 0.9611187423687425 0.5181242368742369 0.9576846764346765 0.5162164224664225 0.9550137362637364 0.5143086080586081 0.9519612332112334 0.5131639194139195 0.9500534188034189 0.5124007936507937 0.9477640415140416 0.5120192307692307 0.942803724053724 0.511637667887668 0.940132783882784 0.5108745421245422 0.9374618437118438 0.5101114163614163 0.9344093406593408 0.5101114163614163 0.9321199633699635 0.5093482905982907 0.9298305860805861 0.5089667277167277 0.9267780830280831 0.5085851648351648 0.9244887057387058 0.5097298534798536 0.9202915140415141 0.5112561050061051 0.9176205738705739 0.5135454822954822 0.9145680708180709 0.5154532967032968 0.9118971306471307 0.5181242368742369 0.9096077533577535 0.5200320512820513 0.9088446275946277 0.5249923687423688 0.9080815018315019
1 0.6093177655677657 0.9847756410256411 0.6066468253968255 0.9809600122100123 0.6055021367521368 0.9790521978021979 0.6047390109890111 0.9767628205128206 0.6043574481074482 0.9737103174603176 0.6043574481074482 0.9718025030525032 0.6043574481074482 0.969131562881563 0.6039758852258853 0.9656974969474971 0.6043574481074482 0.9622634310134311 0.6051205738705739 0.9592109279609281 0.6062652625152627 0.9553952991452993 0.6077915140415141 0.9515796703296704 0.6093177655677657 0.9481456043956045 0.61122557997558 0.9447115384615385 0.6131333943833945 0.9416590354090355 0.6154227716727718 0.9389880952380953 0.6184752747252749 0.9363171550671551 0.6219093406593408 0.9336462148962149 0.6245802808302809 0.9317384004884006 0.627632783882784 0.9298305860805861 0.630685286935287 0.9286858974358976 0.6345009157509158 0.9286858974358976 0.6390796703296704 0.9286858974358976 0.6425137362637364 0.9298305860805861 0.6455662393162395 0.9313568376068377 0.6482371794871795 0.9340277777777779 0.6497634310134311 0.936698717948718 0.6516712454212455 0.9405143467643469 0.6528159340659342 0.9443299755799757 0.65357905982906 0.9473824786324787 0.6539606227106227 0.9515796703296704 0.6539606227106227 0.9565399877899878 0.6531974969474971 0.9607371794871795 0.6516712454212455 0.9645528083028084 0.6497634310134311 0.9672237484737486 0.6470924908424909 0.9710393772893774 0.6455662393162395 0.9740918803418804 0.6432768620268622 0.9767628205128206 0.6409874847374848 0.9794337606837609 0.6383165445665446 0.9824862637362639 0.6356456043956045 0.9843940781440782 0.6325931013431014 0.985538766788767 0.6268696581196581 0.9866834554334555 0.620764652014652 0.9874465811965812 0.6169490231990232 0.9874465811965812 0.6135149572649573 0.9863018925518927
1 0.8691620879120879 0.8832799145299146 0.8596230158730159 0.8821352258852261 0.8558073870573871 0.8817536630036631 0.8527548840048841 0.8809905372405373 0.849702380952381 0.8802274114774116 0.8474130036630038 0.87870115995116 0.8451236263736265 0.8771749084249085 0.843597374847375 0.8745039682539684 0.8420711233211233 0.8725961538461539 0.8405448717948719 0.8699252136752137 0.840163308913309 0.8668727106227107 0.8397817460317462 0.8642017704517706 0.8394001831501832 0.8596230158730159 0.8397817460317462 0.8512286324786326 0.8428342490842492 0.8420711233211233 0.8443605006105007 0.8394001831501832 0.8458867521367522 0.837110805860806 0.8481761294261295 0.8348214285714287 0.8504655067155068 0.8325320512820513 0.8527548840048841 0.830624236874237 0.8546626984126985 0.8287164224664225 0.8573336385836386 0.8264270451770452 0.8596230158730159 0.8249007936507938 0.862675518925519 0.8229929792429793 0.8661095848595849 0.8214667277167279 0.8691620879120879 0.8203220390720392 0.8725961538461539 0.8191773504273505 0.8756486568986569 0.8187957875457876 0.8798458485958487 0.8180326617826619 0.8840430402930404 0.8180326617826619 0.8870955433455434 0.817651098901099 0.8901480463980465 0.817651098901099 0.892055860805861 0.817651098901099 0.8954899267399269 0.8184142246642246 0.8989239926739928 0.8195589133089134 0.9023580586080586 0.8214667277167279 0.9065552503052504 0.824137667887668 0.9092261904761905 0.8264270451770452 0.9115155677655679 0.8290979853479854 0.914186507936508 0.8321504884004884 0.9160943223443224 0.8348214285714287 0.9176205738705739 0.8378739316239318 0.9183836996336997 0.8416895604395606 0.9183836996336997 0.8451236263736265 0.9183836996336997 0.8485576923076924 0.9183836996336997 0.8523733211233212 0.9176205738705739 0.85618894993895 0.9164758852258853 0.8596230158730159 0.9145680708180709 0.8630570818070818 0.9126602564102565 0.865728021978022 0.9096077533577535 0.8683989621489623 0.9061736874236874 0.8706883394383396 0.9019764957264959 0.8729777167277167 0.8985424297924299 0.8748855311355312 0.8947268009768011 0.8771749084249085 0.8916742979242981 0.87870115995116 0.8878586691086692 0.8806089743589745 0.8844246031746033 0.8821352258852261 0.8813721001221002 0.8828983516483517 0.8779380341880343 0.8836614774114775
1 0.8630570818070818 0.9576846764346765 0.8630570818070818 0.9515796703296704 0.8630570818070818 0.9485271672771673 0.8638202075702076 0.9450931013431014 0.8645833333333335 0.9424221611721613 0.8661095848595849 0.9393696581196581 0.8680173992673994 0.936698717948718 0.8695436507936508 0.9340277777777779 0.8718330280830282 0.9321199633699635 0.8741224053724055 0.930212148962149 0.8756486568986569 0.9279227716727718 0.8779380341880343 0.9248702686202688 0.8813721001221002 0.9225808913308914 0.8836614774114775 0.9214362026862027 0.8867139804639805 0.920673076923077 0.8890033577533578 0.9195283882783883 0.8932005494505495 0.9183836996336997 0.8973977411477413 0.9176205738705739 0.9000686813186813 0.9172390109890111 0.9035027472527474 0.9172390109890111 0.9073183760683762 0.9172390109890111 0.9115155677655679 0.9172390109890111 0.914186507936508 0.9180021367521368 0.9180021367521368 0.9187652625152627 0.9218177655677657 0.9202915140415141 0.9256333943833945 0.9221993284493286 0.9290674603174605 0.9248702686202688 0.9317384004884006 0.927159645909646 0.933264652014652 0.9298305860805861 0.9344093406593408 0.933264652014652 0.9351724664224665 0.9370802808302809 0.9351724664224665 0.9405143467643469 0.9344093406593408 0.9447115384615385 0.933264652014652 0.9481456043956045 0.9317384004884006 0.9515796703296704 0.9290674603174605 0.9557768620268622 0.9267780830280831 0.9595924908424909 0.9241071428571429 0.9630265567765568 0.9214362026862027 0.9656974969474971 0.9176205738705739 0.9687500000000001 0.9130418192918194 0.9706578144078145 0.9080815018315019 0.9725656288156289 0.9054105616605618 0.9733287545787547 0.901594932844933 0.9737103174603176 0.8973977411477413 0.9744734432234433 0.8928189865689866 0.9748550061050062 0.8897664835164836 0.9748550061050062 0.8855692918192919 0.9737103174603176 0.8809905372405373 0.9725656288156289 0.8767933455433456 0.9710393772893774 0.8729777167277167 0.9687500000000001 0.868780525030525 0.9664606227106227 0.8668727106227107 0.9641712454212455
1 0.9584478021978023 0.8134539072039073 0.9511981074481075 0.8107829670329672 0.9489087301587303 0.8096382783882785 0.9458562271062273 0.8077304639804641 0.9435668498168499 0.8058226495726496 0.9416590354090355 0.8046779609279611 0.9393696581196581 0.8027701465201466 0.9370802808302809 0.8012438949938951 0.9347909035409037 0.7997176434676435 0.933264652014652 0.7978098290598292 0.9305937118437119 0.7955204517704518 0.9286858974358976 0.7924679487179488 0.9275412087912088 0.7897970085470086 0.9263965201465202 0.7859813797313798 0.9260149572649573 0.7825473137973139 0.9263965201465202 0.7783501221001221 0.927159645909646 0.7749160561660562 0.9294490231990232 0.7714819902319903 0.9313568376068377 0.7684294871794872 0.9336462148962149 0.7669032356532358 0.9363171550671551 0.7661401098901099 0.940132783882784 0.7649954212454213 0.9450931013431014 0.7630876068376069 0.9508165445665446 0.7615613553113554 0.9550137362637364 0.7604166666666667 0.9599740537240538 0.7600351037851039 0.9653159340659342 0.7600351037851039 0.9718025030525032 0.7600351037851039 0.9771443833943835 0.7607982295482297 0.9813415750915752 0.7615613553113554 0.9843940781440782 0.7623244810744811 0.9878281440781441 0.7634691697191698 0.9904990842490843 0.7646138583638584 0.9935515873015873 0.7661401098901099 0.9966040903540904 0.7676663614163616 0.9985119047619049 0.769192612942613 0.9989583333333333 0.7693414224664225 0.9989583333333333 0.8142170329670331 0.9931700244200244 0.8161248473748475 0.9904990842490843 0.8161248473748475 0.985538766788767 0.8165064102564104 0.9821047008547009 0.8161248473748475 0.9763812576312577 0.8165064102564104 0.9676053113553115 0.8153617216117216 0.9641712454212455 0.8142170329670331
1 0.9584478021978023 0.6867750305250306 0.9519612332112334 0.6848672161172161 0.949671855921856 0.6837225274725276 0.9477640415140416 0.6818147130647131 0.9454746642246643 0.6795253357753359 0.942803724053724 0.6764728327228329 0.9412774725274726 0.6738018925518927 0.9393696581196581 0.6703678266178268 0.9382249694749696 0.6669337606837609 0.9389880952380953 0.6619734432234433 0.940132783882784 0.6600656288156289 0.9424221611721613 0.6581578144078145 0.9439484126984128 0.6562500000000001 0.9462377899877901 0.65357905982906 0.9481456043956045 0.6512896825396826 0.9511981074481075 0.6486187423687425 0.9534874847374848 0.6470924908424909 0.956158424908425 0.6459478021978023 0.9599740537240538 0.6448031135531136 0.9630265567765568 0.6440399877899878 0.96607905982906 0.643658424908425 0.9695131257631259 0.643658424908425 0.9737103174603176 0.643658424908425 0.9759996947496948 0.643658424908425 0.978670634920635 0.6444215506715507 0.9813415750915752 0.6451846764346765 0.9840125152625153 0.6459478021978023 0.9870650183150184 0.6470924908424909 0.9897359584859585 0.6486187423687425 0.991643772893773 0.6493818681318683 0.9943147130647131 0.6509081196581197 0.9962225274725276 0.6520528083028084 0.9989583333333333 0.6551305898962149 0.9989583333333333 0.6669337606837609 0.9988934676434678 0.6684600122100123 0.9962225274725276 0.6734203296703298 0.9943147130647131 0.675709706959707 0.9927884615384617 0.6776175213675214 0.9908806471306472 0.6795253357753359 0.9878281440781441 0.6821962759462761 0.985538766788767 0.6837225274725276 0.9836309523809524 0.6852487789987791 0.9809600122100123 0.6871565934065935 0.9775259462759464 0.6879197191697192 0.9740918803418804 0.6883012820512822 0.969131562881563 0.6883012820512822 0.9645528083028084 0.6883012820512822
1 0.05173775671406001 0.9847946287519748 0.052725118483412305 0.9759083728278042 0.05371248025276459 0.9724526066350712 0.05469984202211688 0.9689968404423381 0.055193522906793024 0.9655410742496052 0.05667456556082147 0.9625789889415483 0.0581556082148499 0.9596169036334914 0.06111769352290677 0.9571484992101106 0.06407977883096365 0.9546800947867299 0.06852290679304894 0.9512243285939969 0.07197867298578196 0.9482622432859401 0.07592812006319113 0.9457938388625594 0.08678909952606632 0.9393759873617694 0.08728278041074249 0.9393759873617694 0.09814375987361768 0.9359202211690364 0.10308056872037913 0.9349328593996841 0.106042654028436 0.9339454976303319 0.11048578199052131 0.9329581358609796 0.11443522906793047 0.9324644549763034 0.11739731437598735 0.9324644549763034 0.12184044233807265 0.9324644549763034 0.12628357030015797 0.9334518167456557 0.13122037914691942 0.9339454976303319 0.13368878357030012 0.9349328593996841 0.13813191153238547 0.9364139020537127 0.14257503949447076 0.9388823064770934 0.14553712480252762 0.9408570300157978 0.1484992101105845 0.9443127962085308 0.15096761453396523 0.9477685624012638 0.15343601895734596 0.9517180094786731 0.15639810426540282 0.9566548183254345 0.15886650868878358 0.9606042654028436 0.1608412322274881 0.9645537124802529 0.16133491311216427 0.9680094786729859 0.16133491311216427 0.9724526066350712 0.1608412322274881 0.9759083728278042 0.15936018957345968 0.9798578199052134 0.15787914691943125 0.9843009478672987 0.15590442338072666 0.9882503949447078 0.15442338072669823 0.992199842022117 0.15244865718799366 0.9951619273301738 0.14800552922590834 0.9986176935229069 0.05766192733017375 0.9986176935229069 0.05469984202211688 0.9961492890995262 0.05371248025276459 0.9926935229067931 0.053218799368088446 0.9897314375987363
1 0.17663902053712477 0.7290679304897315 0.16923380726698262 0.73054897314376 0.16232227488151657 0.73054897314376 0.1549170616113744 0.7290679304897315 0.15096761453396523 0.7280805687203793 0.14800552922590834 0.727586887835703 0.1440560821484992 0.7251184834123223 0.14060031595576616 0.7226500789889416 0.13615718799368087 0.7187006319115324 0.133195102685624 0.7152448657187995 0.13023301737756712 0.7122827804107426 0.1277646129541864 0.7078396524486572 0.12529620853080567 0.7019154818325435 0.12381516587677723 0.6964849921011059 0.12381516587677723 0.6925355450236967 0.12480252764612952 0.6885860979462877 0.1257898894154818 0.6851303317535546 0.12727093206951026 0.6816745655608216 0.12825829383886253 0.6772314375987363 0.129739336492891 0.6737756714060033 0.13220774091627172 0.6713072669826226 0.13418246445497628 0.6683451816745656 0.13615718799368087 0.6658767772511849 0.13862559241706157 0.6639020537124803 0.14109399684044233 0.6624210110584519 0.1440560821484992 0.6619273301737757 0.1484992101105845 0.6614336492890996 0.15244865718799366 0.6609399684044235 0.15689178515007898 0.6609399684044235 0.15936018957345968 0.6609399684044235 0.1657780410742496 0.6619273301737757 0.17022116903633489 0.6634083728278042 0.17417061611374407 0.6658767772511849 0.1781200631911532 0.6688388625592417 0.18108214849921012 0.6718009478672986 0.18404423380726698 0.6752567140600316 0.18700631911532384 0.679699842022117 0.18898104265402843 0.6846366508688784 0.18947472353870456 0.6895734597156399 0.18947472353870456 0.6959913112164298 0.18947472353870456 0.6999407582938388 0.18996840442338073 0.7038902053712481 0.18996840442338073 0.7073459715639812 0.18996840442338073 0.7098143759873619 0.18947472353870456 0.7127764612954187 0.18799368088467613 0.7157385466034756 0.1865126382306477 0.7187006319115324 0.1845379146919431 0.7216627172195893 0.18256319115323855 0.7246248025276463
1 0.12381516587677723 0.6160150078988943 0.11789099526066349 0.612065560821485 0.1159162717219589 0.6091034755134282 0.11443522906793047 0.6056477093206952 0.11394154818325433 0.6026856240126383 0.11344786729857818 0.5992298578199052 0.11344786729857818 0.5952804107424962 0.11344786729857818 0.591330963665087 0.11344786729857818 0.5873815165876778 0.11394154818325433 0.5839257503949448 0.11492890995260661 0.5799763033175356 0.11640995260663506 0.5765205371248026 0.11838467614533962 0.5735584518167457 0.12085308056872036 0.5701026856240127 0.12381516587677723 0.5671406003159558 0.12628357030015797 0.5651658767772513 0.129739336492891 0.5631911532385467 0.133195102685624 0.5617101105845183 0.13665086887835703 0.5612164296998421 0.14010663507109003 0.5612164296998421 0.1440560821484992 0.5622037914691944 0.1475118483412322 0.5631911532385467 0.15146129541864137 0.5651658767772513 0.15392969984202212 0.5671406003159558 0.15639810426540282 0.5701026856240127 0.15886650868878358 0.574545813586098 0.15936018957345968 0.578001579778831 0.160347551342812 0.5814573459715641 0.1608412322274881 0.5844194312796209 0.1608412322274881 0.5888625592417063 0.1608412322274881 0.5918246445497631 0.160347551342812 0.59478672985782 0.15886650868878358 0.598242496050553 0.15738546603475514 0.6026856240126383 0.15541074249605055 0.6061413902053713 0.15392969984202212 0.608609794628752 0.15146129541864137 0.6125592417061613 0.14899289099526064 0.6160150078988943 0.1465244865718799 0.6174960505529227 0.14306872037914692 0.618483412322275 0.13862559241706157 0.618977093206951 0.13270142180094785 0.618977093206951
1 0.1963862559241706 0.5809636650868879 0.1988546603475513 0.5705963665086888 0.20033570300157974 0.5671406003159558 0.2018167456556082 0.564178515007899 0.20329778830963666 0.5617101105845183 0.20823459715639808 0.5577606635071091 0.2116903633491311 0.5557859399684044 0.21514612954186413 0.554304897314376 0.218108214849921 0.5533175355450237 0.221563981042654 0.5528238546603477 0.22600710900473933 0.5523301737756714 0.23143759873617692 0.5528238546603477 0.23588072669826224 0.5538112164297 0.24032385466034753 0.5547985781990522 0.24476698262243285 0.5572669826224329 0.248716429699842 0.5592417061611374 0.2531595576619273 0.5631911532385467 0.2576026856240126 0.5666469194312798 0.2615521327014218 0.5705963665086888 0.26451421800947866 0.5735584518167457 0.2669826224328594 0.5770142180094787 0.26895734597156395 0.5809636650868879 0.2694510268562401 0.5844194312796209 0.2699447077409163 0.5908372827804108 0.27043838862559244 0.5952804107424962 0.27043838862559244 0.5997235387045815 0.27043838862559244 0.6041666666666667 0.2694510268562401 0.6081161137440759 0.26895734597156395 0.6110781990521327 0.2674763033175355 0.6135466034755136 0.2640205371248025 0.6174960505529227 0.2615521327014218 0.6199644549763034 0.25908372827804105 0.621939178515008 0.2561216429699842 0.6234202211690364 0.25217219589257506 0.6239139020537124 0.24624802527646128 0.6244075829383887 0.24180489731437596 0.6244075829383887 0.23736176935229067 0.6244075829383887 0.2299565560821485 0.6244075829383887 0.22452606635071087 0.6234202211690364 0.2190955766192733 0.6209518167456557 0.21317140600315954 0.6174960505529227 0.20823459715639808 0.6140402843601896 0.20527251184834122 0.6100908372827806 0.2018167456556082 0.6056477093206952 0.1983609794628752 0.6002172195892576 0.19589257503949445 0.5952804107424962 0.19441153238546602 0.5893562401263824
1 0.26208600427350426 0.7301682692307693 0.2560763888888889 0.7295005341880342 0.2540731837606838 0.7288327991452992 0.25140224358974356 0.7281650641025641 0.24806356837606838 0.726829594017094 0.24572649572649571 0.7264957264957265 0.242721688034188 0.7254941239316239 0.23971688034188032 0.7234909188034188 0.2370459401709402 0.7214877136752136 0.23470886752136752 0.7188167735042735 0.2330395299145299 0.7164797008547008 0.2317040598290598 0.7134748931623932 0.23036858974358976 0.7104700854700854 0.22936698717948717 0.7064636752136751 0.2283653846153846 0.7014556623931624 0.22769764957264957 0.697449252136752 0.2270299145299145 0.6931089743589743 0.22636217948717946 0.6884348290598291 0.22636217948717946 0.6834268162393162 0.22769764957264957 0.6797542735042735 0.22936698717948717 0.6764155982905983 0.2310363247863248 0.6737446581196581 0.23270566239316237 0.6717414529914529 0.2360443376068376 0.6687366452991452 0.23838141025641024 0.6674011752136751 0.2407184829059829 0.6667334401709402 0.2437232905982906 0.6667334401709402 0.2467280982905983 0.6667334401709402 0.250400641025641 0.6667334401709402 0.2530715811965812 0.6670673076923077 0.2560763888888889 0.6680689102564102 0.2607505341880342 0.6704059829059829 0.2644230769230769 0.673076923076923 0.26742788461538464 0.6760817307692307 0.2704326923076923 0.6807558760683761 0.2734375 0.6847622863247863 0.2757745726495726 0.6881009615384616 0.2777777777777778 0.6921073717948718 0.27844551282051283 0.695446047008547 0.2787793803418804 0.6991185897435896 0.2787793803418804 0.7021233974358975 0.27844551282051283 0.7054620726495726 0.27811164529914534 0.7094684829059829 0.2777777777777778 0.712139423076923 0.2767761752136752 0.7154780982905983 0.2757745726495726 0.7181490384615384 0.27443910256410253 0.720486111111111 0.2734375 0.7221554487179487 0.2721020299145299 0.7241586538461537 0.2707665598290598 0.7258279914529915 0.2690972222222222 0.7271634615384616 0.26642628205128205 0.7284989316239316
1 0.09375 0.49166666666666664 0.09826388888888889 0.4798611111111111 0.09965277777777778 0.47604166666666664 0.10173611111111111 0.471875 0.10347222222222222 0.46944444444444444 0.10625 0.4673611111111111 0.10972222222222222 0.4659722222222222 0.11284722222222222 0.4649305555555555 0.11736111111111111 0.4642361111111111 0.12118055555555556 0.4635416666666667 0.12534722222222222 0.46319444444444446 0.12881944444444446 0.4628472222222222 0.13472222222222224 0.4628472222222222 0.1388888888888889 0.4628472222222222 0.14131944444444444 0.4635416666666667 0.14444444444444443 0.4649305555555555 0.14791666666666667 0.46631944444444445 0.15069444444444444 0.46770833333333334 0.15277777777777776 0.46944444444444444 0.15590277777777778 0.4725694444444445 0.1579861111111111 0.4753472222222222 0.16041666666666668 0.47881944444444446 0.16145833333333334 0.4809027777777778 0.1625 0.4847222222222222 0.16284722222222223 0.4881944444444445 0.16284722222222223 0.4913194444444445 0.16215277777777776 0.4940972222222222 0.1611111111111111 0.4961805555555555 0.159375 0.49895833333333334 0.1576388888888889 0.5013888888888889 0.15590277777777778 0.5034722222222222 0.15277777777777776 0.5069444444444444 0.15104166666666666 0.5079861111111111 0.1486111111111111 0.5097222222222222 0.14618055555555556 0.5111111111111112 0.1423611111111111 0.5121527777777778 0.13784722222222223 0.5125 0.13402777777777777 0.5128472222222222 0.13125 0.5128472222222222 0.12638888888888888 0.5128472222222222 0.12291666666666666 0.5128472222222222 0.11840277777777779 0.5125 0.11354166666666667 0.5111111111111112 0.10972222222222222 0.5090277777777777 0.10729166666666666 0.5069444444444444 0.10451388888888888 0.5052083333333334 0.10104166666666667 0.503125 0.09895833333333333 0.5006944444444444 0.09652777777777778 0.4979166666666667
1 0.16006944444444443 0.4413194444444445 0.15416666666666667 0.4357638888888889 0.15277777777777776 0.4329861111111111 0.1517361111111111 0.42951388888888886 0.15104166666666666 0.4246527777777778 0.15104166666666666 0.4201388888888889 0.15104166666666666 0.4152777777777778 0.1513888888888889 0.4121527777777778 0.15243055555555557 0.4083333333333333 0.15347222222222223 0.4041666666666667 0.15555555555555556 0.4010416666666667 0.1579861111111111 0.39861111111111114 0.16180555555555556 0.39548611111111115 0.16527777777777777 0.39305555555555555 0.16909722222222223 0.3909722222222222 0.17222222222222222 0.3885416666666667 0.17534722222222224 0.3868055555555555 0.17847222222222223 0.3840277777777778 0.18194444444444444 0.38125 0.1857638888888889 0.37916666666666665 0.18958333333333333 0.378125 0.19444444444444445 0.3777777777777778 0.1982638888888889 0.378125 0.2017361111111111 0.3788194444444445 0.20590277777777777 0.37986111111111115 0.20972222222222223 0.3809027777777778 0.21319444444444444 0.38263888888888886 0.21666666666666667 0.3847222222222222 0.2201388888888889 0.3871527777777778 0.22222222222222224 0.390625 0.22291666666666668 0.3951388888888889 0.2232638888888889 0.3993055555555555 0.2232638888888889 0.403125 0.2236111111111111 0.40729166666666666 0.2236111111111111 0.4121527777777778 0.2236111111111111 0.41631944444444446 0.22291666666666668 0.4201388888888889 0.22222222222222224 0.42430555555555555 0.22118055555555557 0.428125 0.21944444444444444 0.4309027777777778 0.21770833333333334 0.43333333333333335 0.21493055555555557 0.43506944444444445 0.21180555555555555 0.4371527777777778 0.209375 0.4388888888888889 0.20694444444444443 0.440625 0.2048611111111111 0.44236111111111115 0.20243055555555556 0.4444444444444445 0.2 0.4461805555555555 0.19618055555555555 0.4479166666666667 0.1920138888888889 0.44895833333333335 0.1875 0.4493055555555555 0.18229166666666666 0.44895833333333335 0.178125 0.44756944444444446 0.17395833333333333 0.446875 0.17291666666666666 0.4465277777777778 0.16840277777777776 0.44548611111111114 0.16493055555555555 0.4444444444444445
1 0.20659722222222224 0.3263888888888889 0.20277777777777778 0.31805555555555554 0.20243055555555556 0.31493055555555555 0.20208333333333334 0.31145833333333334 0.2017361111111111 0.30833333333333335 0.2017361111111111 0.3038194444444445 0.2017361111111111 0.2996527777777778 0.20208333333333334 0.29618055555555556 0.203125 0.2923611111111111 0.2048611111111111 0.2878472222222222 0.20625 0.2847222222222222 0.20868055555555556 0.28125 0.21180555555555555 0.2774305555555555 0.22118055555555557 0.26805555555555555 0.2267361111111111 0.26284722222222223 0.22881944444444444 0.26180555555555557 0.23125 0.2600694444444444 0.23402777777777778 0.25902777777777775 0.23680555555555557 0.25833333333333336 0.24027777777777776 0.2569444444444444 0.24340277777777777 0.25590277777777776 0.24652777777777776 0.2548611111111111 0.24930555555555556 0.2545138888888889 0.25243055555555555 0.25381944444444443 0.2548611111111111 0.25381944444444443 0.259375 0.25416666666666665 0.26319444444444445 0.2545138888888889 0.26631944444444444 0.2552083333333333 0.2694444444444445 0.2555555555555556 0.27118055555555554 0.25590277777777776 0.27326388888888886 0.25729166666666664 0.2753472222222222 0.2586805555555556 0.2767361111111111 0.2607638888888889 0.27708333333333335 0.2642361111111111 0.2777777777777778 0.26805555555555555 0.278125 0.2715277777777778 0.2784722222222222 0.2743055555555555 0.27881944444444445 0.278125 0.27881944444444445 0.28125 0.27881944444444445 0.2864583333333333 0.2777777777777778 0.2902777777777778 0.2767361111111111 0.2940972222222222 0.2753472222222222 0.2996527777777778 0.2743055555555555 0.3038194444444445 0.27291666666666664 0.30763888888888885 0.2715277777777778 0.31006944444444445 0.2701388888888889 0.3128472222222222 0.2684027777777778 0.315625 0.2673611111111111 0.31736111111111115 0.2652777777777778 0.31979166666666664 0.2635416666666667 0.3215277777777778 0.26145833333333335 0.3229166666666667 0.2579861111111111 0.3246527777777778 0.2548611111111111 0.3260416666666667 0.2520833333333333 0.32708333333333334 0.2482638888888889 0.32881944444444444 0.24479166666666666 0.33055555555555555 0.24027777777777776 0.3319444444444445 0.23645833333333333 0.33298611111111115 0.23159722222222223 0.33368055555555554 0.22916666666666666 0.3340277777777778 0.2263888888888889 0.334375 0.22291666666666668 0.334375 0.21805555555555556 0.3340277777777778 0.21319444444444444 0.3319444444444445 0.20972222222222223 0.3298611111111111
1 0.32256944444444446 0.11701388888888889 0.32048611111111114 0.12708333333333333 0.3190972222222222 0.13125 0.31805555555555554 0.13541666666666666 0.31666666666666665 0.13715277777777776 0.3138888888888889 0.1388888888888889 0.31180555555555556 0.14097222222222222 0.31006944444444445 0.14305555555555557 0.3086805555555555 0.14479166666666668 0.3065972222222222 0.146875 0.3034722222222222 0.14791666666666667 0.2996527777777778 0.1482638888888889 0.2965277777777778 0.1482638888888889 0.29375 0.14791666666666667 0.29270833333333335 0.14756944444444445 0.28923611111111114 0.146875 0.2850694444444445 0.1454861111111111 0.2809027777777778 0.14340277777777777 0.2784722222222222 0.140625 0.27638888888888885 0.13680555555555557 0.2746527777777778 0.1326388888888889 0.27361111111111114 0.1284722222222222 0.27361111111111114 0.12465277777777778 0.27361111111111114 0.12152777777777778 0.27395833333333336 0.11979166666666667 0.27395833333333336 0.115625 0.27361111111111114 0.11076388888888888 0.27395833333333336 0.10798611111111112 0.27638888888888885 0.10451388888888888 0.28020833333333334 0.10208333333333333 0.2829861111111111 0.10034722222222221 0.2847222222222222 0.09548611111111112 0.2875 0.09131944444444445 0.290625 0.08923611111111111 0.29444444444444445 0.08784722222222222 0.29791666666666666 0.08784722222222222 0.3013888888888889 0.08784722222222222 0.30451388888888886 0.08854166666666667 0.30694444444444446 0.08958333333333333 0.3097222222222222 0.09097222222222222 0.3128472222222222 0.09305555555555554 0.31493055555555555 0.09513888888888888 0.31666666666666665 0.09722222222222222 0.3184027777777778 0.10034722222222221 0.32013888888888886 0.10347222222222222 0.3215277777777778 0.10763888888888888 0.321875 0.11145833333333334
1 0.05625 0.13159722222222223 0.05 0.128125 0.046875 0.1267361111111111 0.04479166666666667 0.12465277777777778 0.042708333333333334 0.12256944444444445 0.04097222222222222 0.11944444444444445 0.03923611111111111 0.115625 0.03784722222222223 0.1125 0.03611111111111111 0.11041666666666666 0.035763888888888894 0.10625 0.035416666666666666 0.10277777777777779 0.035763888888888894 0.09965277777777778 0.036458333333333336 0.09618055555555555 0.03715277777777778 0.09236111111111112 0.0375 0.08854166666666667 0.03854166666666667 0.08506944444444445 0.03993055555555556 0.08159722222222222 0.042361111111111106 0.07777777777777778 0.04548611111111111 0.07569444444444445 0.04826388888888889 0.07534722222222222 0.05243055555555556 0.07534722222222222 0.05694444444444444 0.07569444444444445 0.06006944444444444 0.07673611111111112 0.06284722222222222 0.078125 0.06493055555555556 0.07986111111111112 0.06770833333333333 0.08194444444444444 0.06979166666666667 0.08402777777777778 0.07222222222222222 0.08611111111111111 0.07534722222222222 0.08854166666666667 0.07743055555555554 0.09097222222222222 0.07986111111111112 0.09375 0.08159722222222222 0.09583333333333334 0.08263888888888889 0.09895833333333333 0.08333333333333333 0.10347222222222222 0.08402777777777778 0.10659722222222222 0.084375 0.11006944444444446 0.08472222222222221 0.11180555555555555 0.08541666666666667 0.11423611111111112 0.08576388888888889 0.11701388888888889 0.08611111111111111 0.11979166666666667 0.08645833333333333 0.12256944444444445 0.08645833333333333 0.12569444444444444 0.08611111111111111 0.1277777777777778 0.08402777777777778 0.13020833333333334 0.08159722222222222 0.13229166666666667 0.07777777777777778 0.13368055555555555 0.07256944444444445 0.13472222222222224 0.06770833333333333 0.13472222222222224 0.06215277777777777 0.134375
1 0.024076257861635218 0.14494889937106917 0.023584905660377357 0.15919811320754718 0.022602201257861634 0.1636202830188679 0.020145440251572326 0.17344732704402516 0.01818003144654088 0.17786949685534592 0.015723270440251572 0.18081761006289307 0.013266509433962263 0.18376572327044025 0.010809748427672955 0.18622248427672955 0.008352987421383648 0.18867924528301885 0.004913522012578616 0.19064465408805029 0.0014740566037735848 0.19162735849056603 0.0009827044025157233 0.19211871069182387 0.0004913522012578616 0.10858883647798742 0.004913522012578616 0.11006289308176101 0.007370283018867925 0.11104559748427673 0.00884433962264151 0.11202830188679244 0.012775157232704401 0.11399371069182389 0.015231918238993709 0.11595911949685535 0.01867138364779874 0.11939858490566038 0.021128144654088053 0.12332940251572326 0.022602201257861634 0.127751572327044 0.023584905660377357 0.13364779874213836 0.023584905660377357 0.138561320754717
0 0.5827850877192982 0.026864035087719295 0.5816885964912281 0.024671052631578944 0.5816885964912281 0.020285087719298246 0.5814144736842105 0.018640350877192978 0.581140350877193 0.016995614035087717 0.5805921052631579 0.015076754385964912 0.5805921052631579 0.012883771929824562 0.5805921052631579 0.010690789473684209 0.5805921052631579 0.008771929824561403 0.581140350877193 0.00712719298245614 0.5819627192982455 0.005482456140350877 0.5827850877192982 0.004111842105263158 0.5849780701754386 0.00356359649122807 0.5860745614035087 0.005482456140350877 0.5860745614035087 0.007675438596491228 0.5868969298245614 0.023574561403508772 0.5868969298245614 0.02494517543859649 0.5868969298245614 0.026864035087719295 0.5868969298245614 0.02823464912280702 0.5849780701754386 0.029605263157894735
0 0.5241228070175439 0.07291666666666667 0.5211074561403508 0.07017543859649122 0.5194627192982456 0.06770833333333333 0.5180921052631579 0.06606359649122807 0.5169956140350876 0.06469298245614034 0.5153508771929824 0.06332236842105263 0.5139802631578947 0.06222587719298245 0.5123355263157895 0.06085526315789473 0.5101425438596491 0.058388157894736836 0.5093201754385964 0.05701754385964912 0.5082236842105262 0.055098684210526314 0.5076754385964912 0.052905701754385956 0.5074013157894737 0.051535087719298246 0.5074013157894737 0.04989035087719298 0.5079495614035088 0.04851973684210526 0.5093201754385964 0.04961622807017543 0.5109649122807017 0.05071271929824561 0.5126096491228069 0.051535087719298246 0.5142543859649122 0.05235745614035087 0.5156249999999999 0.05372807017543859 0.5169956140350876 0.05537280701754386 0.5183662280701754 0.056743421052631575 0.5213815789473684 0.058388157894736836 0.5238486842105262 0.06085526315789473 0.5249451754385964 0.06277412280701754 0.5254934210526315 0.06414473684210525 0.5263157894736842 0.06578947368421052 0.5271381578947368 0.06743421052631578 0.5279605263157895 0.0693530701754386 0.5285087719298246 0.07072368421052631 0.5290570175438596 0.07209429824561403 0.5293311403508771 0.0737390350877193 0.5296052631578947 0.075109649122807 0.5274122807017544 0.07620614035087718
0 0.6888706140350876 0.08826754385964912 0.6855811403508771 0.08634868421052631 0.6839364035087719 0.08525219298245613 0.6817434210526315 0.08388157894736842 0.6795504385964912 0.08305921052631578 0.6779057017543859 0.08223684210526315 0.6757127192982455 0.08141447368421052 0.6740679824561403 0.08086622807017543 0.6726973684210527 0.07976973684210525 0.6716008771929824 0.07867324561403509 0.6710526315789473 0.07648026315789473 0.6710526315789473 0.075109649122807 0.6729714912280701 0.07401315789473685 0.6740679824561403 0.07401315789473685 0.6765350877192982 0.075109649122807 0.6779057017543859 0.07538377192982455 0.6806469298245613 0.07565789473684209 0.6822916666666666 0.07593201754385964 0.685032894736842 0.07620614035087718 0.6869517543859648 0.07675438596491227 0.6888706140350876 0.07785087719298245 0.691063596491228 0.07922149122807018 0.6938048245614035 0.08114035087719298 0.6954495614035087 0.08168859649122807 0.6976425438596491 0.08168859649122807 0.6998355263157894 0.08168859649122807 0.7014802631578946 0.08251096491228069 0.7028508771929824 0.08333333333333333 0.703673245614035 0.0844298245614035 0.7039473684210527 0.0868969298245614 0.7033991228070174 0.08826754385964912 0.700657894736842 0.08991228070175437 0.6990131578947367 0.09046052631578946 0.6962719298245613 0.09018640350877191 0.6921600877192982 0.08963815789473682 0.6918859649122807 0.0893640350877193
0 0.585252192982456 0.34100877192982454 0.5841557017543859 0.3358004385964912 0.5833333333333334 0.33415570175438597 0.5827850877192982 0.3327850877192982 0.5822368421052632 0.33114035087719296 0.5816885964912281 0.32949561403508765 0.581140350877193 0.3273026315789474 0.581140350877193 0.3256578947368421 0.5814144736842105 0.32428728070175433 0.5827850877192982 0.3231907894736842 0.5849780701754386 0.32483552631578944 0.5860745614035087 0.3262061403508772 0.5866228070175439 0.3275767543859649 0.5877192982456141 0.3289473684210526 0.5882675438596491 0.3308662280701754 0.5888157894736842 0.3322368421052631 0.5893640350877193 0.33388157894736836 0.5899122807017544 0.3360745614035087 0.5904605263157894 0.3379934210526316 0.5904605263157894 0.33991228070175433 0.5907346491228069 0.3418311403508772 0.5907346491228069 0.3440241228070175 0.5907346491228069 0.34594298245614036 0.5888157894736842 0.347313596491228 0.5868969298245614 0.34512061403508765
0 0.7275219298245613 0.34868421052631576 0.7236842105263157 0.3470394736842105 0.7214912280701753 0.34512061403508765 0.7206688596491228 0.34375 0.7198464912280701 0.3423793859649123 0.7190241228070174 0.34073464912280704 0.719298245614035 0.3388157894736842 0.7209429824561403 0.3385416666666667 0.7341008771929824 0.34512061403508765 0.7368421052631579 0.3464912280701754 0.7387609649122807 0.34868421052631576 0.7376644736842105 0.350328947368421 0.7354714912280701 0.3508771929824561 0.7332785087719298 0.3508771929824561 0.7305372807017544 0.35005482456140347
0 0.5597587719298246 0.4194078947368421 0.5567434210526315 0.415844298245614 0.5542763157894737 0.41063596491228066 0.5537280701754386 0.40926535087719296 0.5531798245614035 0.40816885964912275 0.5529057017543859 0.40679824561403505 0.5520833333333334 0.4051535087719298 0.5515350877192982 0.4037828947368421 0.5512609649122807 0.4018640350877193 0.5512609649122807 0.400219298245614 0.5512609649122807 0.3985745614035087 0.5512609649122807 0.39692982456140347 0.5520833333333334 0.39555921052631576 0.5542763157894737 0.39665570175438597 0.5561951754385964 0.3977521929824561 0.5581140350877193 0.3988486842105263 0.5605811403508771 0.40158991228070173 0.5619517543859648 0.403234649122807 0.563048245614035 0.4051535087719298 0.5641447368421052 0.4070723684210526 0.5652412280701754 0.40871710526315785 0.5660635964912281 0.41063596491228066 0.5663377192982455 0.41255482456140347 0.5668859649122807 0.4150219298245614 0.5671600877192982 0.41721491228070173 0.5674342105263157 0.4194078947368421 0.5677083333333334 0.4216008771929824 0.5677083333333334 0.42324561403508765 0.5657894736842105 0.4240679824561403 0.5635964912280701 0.4226973684210526 0.5622258771929824 0.4210526315789473
0 0.4043311403508772 0.4865679824561403 0.3985745614035087 0.4846491228070175 0.394188596491228 0.48163377192982454 0.39254385964912275 0.48053728070175433 0.3908991228070175 0.4794407894736842 0.3892543859649123 0.4772478070175438 0.38788377192982454 0.4758771929824561 0.38678728070175433 0.47423245614035087 0.3856907894736842 0.4725877192982456 0.3843201754385965 0.47121710526315785 0.3837719298245614 0.4684758771929824 0.3856907894736842 0.4676535087719298 0.38788377192982454 0.4676535087719298 0.3900767543859649 0.4684758771929824 0.39172149122807015 0.4690241228070175 0.3944627192982456 0.4695723684210526 0.39665570175438597 0.47039473684210525 0.3988486842105263 0.47121710526315785 0.40158991228070173 0.4725877192982456 0.4037828947368421 0.47368421052631576 0.4054276315789473 0.47450657894736836 0.4070723684210526 0.4758771929824561 0.40926535087719296 0.4775219298245614 0.41118421052631576 0.47916666666666663 0.412828947368421 0.48081140350877194 0.4141995614035087 0.4821820175438596 0.4155701754385965 0.4832785087719298 0.41721491228070173 0.4846491228070175 0.41803728070175433 0.48601973684210525 0.41803728070175433 0.4873903508771929 0.4174890350877193 0.48876096491228066 0.415844298245614 0.4890350877192982 0.41255482456140347 0.4884868421052631 0.4109100877192982 0.487938596491228 0.40871710526315785 0.4873903508771929
0 0.4890350877192982 0.5032894736842105 0.48574561403508765 0.5038377192982456 0.4835526315789473 0.5038377192982456 0.48108552631578944 0.5038377192982456 0.4786184210526316 0.5043859649122806 0.4772478070175438 0.5043859649122806 0.475328947368421 0.5043859649122806 0.47423245614035087 0.5024671052631579 0.47450657894736836 0.5013706140350876 0.4761513157894736 0.500548245614035 0.4780701754385965 0.4994517543859649 0.48026315789473684 0.4983552631578947 0.48163377192982454 0.4978070175438596 0.4832785087719298 0.4975328947368421 0.48574561403508765 0.4975328947368421 0.487938596491228 0.4978070175438596 0.48985745614035087 0.4989035087719298 0.4917763157894736 0.4994517543859649 0.4931469298245614 0.5002741228070176 0.4931469298245614 0.5021929824561403
0 0.40816885964912275 0.5841557017543859 0.4059758771929824 0.5794956140350876 0.4048793859649123 0.5770285087719298 0.4043311403508772 0.5753837719298246 0.40350877192982454 0.5740131578947367 0.40296052631578944 0.5715460526315789 0.40241228070175433 0.569627192982456 0.40241228070175433 0.5682565789473684 0.40241228070175433 0.5663377192982455 0.40241228070175433 0.5646929824561403 0.4037828947368421 0.5638706140350876 0.4065241228070175 0.5633223684210527 0.4089912280701754 0.5635964912280701 0.41063596491228066 0.5649671052631579 0.4114583333333333 0.5666118421052632 0.41200657894736836 0.5688048245614035 0.41255482456140347 0.5709978070175439 0.4133771929824561 0.5729166666666666 0.4139254385964912 0.5748355263157894 0.4141995614035087 0.5767543859649122 0.4144736842105263 0.578673245614035 0.4144736842105263 0.581140350877193 0.4144736842105263 0.5830592105263157 0.4141995614035087 0.584703947368421 0.4133771929824561 0.5860745614035087 0.41228070175438597 0.5871710526315789 0.4109100877192982 0.5874451754385964
0 0.4457236842105263 0.7976973684210527 0.444078947368421 0.7979714912280701 0.44270833333333326 0.7987938596491228 0.4413377192982456 0.7993421052631579 0.44051535087719296 0.7996162280701753 0.43804824561403505 0.8001644736842105 0.4377741228070175 0.797423245614035 0.4383223684210526 0.7960526315789472 0.43996710526315785 0.794407894736842 0.4446271929824561 0.7902960526315789 0.45559210526315785 0.7828947368421052 0.4684758771929824 0.7763157894736842 0.47039473684210525 0.775219298245614 0.4717653508771929 0.7746710526315789 0.47313596491228066 0.7738486842105262 0.47450657894736836 0.7733004385964912 0.4764254385964912 0.7733004385964912 0.4764254385964912 0.7760416666666666 0.47478070175438597 0.7774122807017544 0.47368421052631576 0.7798793859649122 0.4734100877192982 0.78125 0.472313596491228 0.7828947368421052 0.47012061403508765 0.7850877192982455 0.4682017543859649 0.7861842105263157 0.4662828947368421 0.7875548245614035 0.46463815789473684 0.7881030701754386 0.4621710526315789 0.7891995614035087 0.4605263157894736 0.7900219298245613 0.45805921052631576 0.790844298245614 0.4564144736842105 0.7922149122807017 0.45476973684210525 0.7935855263157894 0.4525767543859649 0.7960526315789472 0.4506578947368421 0.797423245614035 0.44901315789473684 0.7976973684210527
0 0.6055372807017544 0.8179824561403508 0.6036184210526315 0.8234649122807017 0.6030701754385964 0.8251096491228069 0.6022478070175439 0.8267543859649122 0.6014254385964912 0.8278508771929824 0.5992324561403508 0.8294956140350876 0.5973135964912281 0.8275767543859648 0.596765350877193 0.8248355263157894 0.596765350877193 0.8229166666666666 0.596765350877193 0.8207236842105262 0.5973135964912281 0.8182565789473684 0.5975877192982455 0.8163377192982455 0.5978618421052632 0.8138706140350876 0.5984100877192982 0.8119517543859648 0.5992324561403508 0.810032894736842 0.5997807017543859 0.8086622807017544 0.6006030701754386 0.8072916666666666 0.6014254385964912 0.8050986842105262 0.6022478070175439 0.803453947368421 0.6030701754385964 0.8020833333333334 0.6049890350877193 0.8026315789473684 0.606907894736842 0.8048245614035087 0.6074561403508771 0.806469298245614 0.6080043859649122 0.8083881578947367 0.6080043859649122 0.8103070175438596 0.6080043859649122 0.8127741228070174 0.6074561403508771 0.8146929824561403
0 0.7288925438596491 0.8007127192982455 0.7212171052631579 0.7966008771929824 0.719298245614035 0.7955043859649122 0.7176535087719298 0.794407894736842 0.716282894736842 0.7927631578947367 0.7143640350877193 0.790844298245614 0.7135416666666666 0.7889254385964912 0.7127192982456141 0.7870065789473684 0.7127192982456141 0.7850877192982455 0.7143640350877193 0.784265350877193 0.7171052631578946 0.784265350877193 0.7206688596491228 0.7850877192982455 0.722313596491228 0.7859100877192982 0.725328947368421 0.7870065789473684 0.7272478070175439 0.7881030701754386 0.7291666666666666 0.7889254385964912 0.7305372807017544 0.7897478070175439 0.7324561403508771 0.7911184210526315 0.7346491228070174 0.7924890350877193 0.7365679824561403 0.7935855263157894 0.737938596491228 0.7949561403508771 0.7387609649122807 0.7963267543859648 0.7395833333333334 0.7982456140350876 0.7401315789473684 0.800438596491228 0.7401315789473684 0.8023574561403508 0.7401315789473684 0.8042763157894737 0.7398574561403508 0.8050986842105262 0.7382127192982455 0.8053728070175439 0.7357456140350876 0.8037280701754386 0.7321820175438596 0.8020833333333334
0 0.16036184210526316 0.7053179824561403 0.15625 0.7025767543859648 0.15433114035087717 0.7009320175438596 0.1526864035087719 0.6990131578947367 0.15104166666666666 0.6962719298245613 0.150219298245614 0.694627192982456 0.14994517543859648 0.6924342105263157 0.14994517543859648 0.6902412280701753 0.150219298245614 0.688048245614035 0.150219298245614 0.6864035087719298 0.15049342105263155 0.6844846491228069 0.15241228070175436 0.6828399122807017 0.15350877192982454 0.6825657894736842 0.16036184210526316 0.6935307017543859 0.1611842105263158 0.6949013157894737 0.16419956140350875 0.7003837719298246 0.16529605263157893 0.7023026315789473 0.1663925438596491 0.7047697368421052 0.1663925438596491 0.706688596491228 0.16557017543859648 0.7083333333333334 0.1631030701754386 0.7069627192982455
0 0.23437499999999997 0.5984100877192982 0.2288925438596491 0.5951206140350876 0.2269736842105263 0.5934758771929824 0.22039473684210525 0.5890899122807017 0.21902412280701752 0.5877192982456141 0.21737938596491227 0.5855263157894737 0.21600877192982454 0.5836074561403508 0.2151864035087719 0.5816885964912281 0.2151864035087719 0.5800438596491228 0.215734649122807 0.5783991228070174 0.21765350877192982 0.5778508771929824 0.2201206140350877 0.5778508771929824 0.2236842105263158 0.5778508771929824 0.22669956140350875 0.5783991228070174 0.2288925438596491 0.5789473684210527 0.231359649122807 0.5797697368421052 0.23355263157894735 0.5808662280701753 0.23656798245614033 0.5819627192982455 0.2387609649122807 0.5833333333333334 0.24095394736842105 0.5849780701754386 0.243969298245614 0.5868969298245614 0.24561403508771928 0.5882675438596491 0.24780701754385964 0.5901864035087719 0.2502741228070175 0.5923793859649122 0.25164473684210525 0.594298245614035 0.2521929824561403 0.5956688596491228 0.25109649122807015 0.5978618421052632 0.24972587719298245 0.5992324561403508 0.2475328947368421 0.6000548245614035 0.24533991228070173 0.6006030701754386 0.24232456140350875 0.6006030701754386 0.2393092105263158 0.600328947368421
0 0.8218599033816425 0.11141304347826085 0.8218599033816425 0.10628019323671498 0.8224637681159419 0.10416666666666667 0.8230676328502415 0.10205314009661835 0.8236714975845411 0.10054347826086957 0.8245772946859903 0.09842995169082126 0.826086956521739 0.0966183574879227 0.8272946859903382 0.09420289855072463 0.8288043478260868 0.09208937198067632 0.830012077294686 0.09027777777777776 0.8306159420289855 0.08907004830917874 0.8330314009661834 0.0878623188405797 0.8357487922705313 0.08876811594202899 0.8369565217391304 0.09239130434782608 0.8369565217391304 0.09420289855072463 0.8366545893719806 0.09631642512077294 0.8360507246376812 0.09903381642512077 0.8351449275362319 0.10205314009661835 0.8345410628019323 0.1038647342995169 0.8336352657004831 0.10567632850241544 0.8327294685990337 0.10718599033816424 0.8318236714975845 0.10869565217391304 0.8306159420289855 0.11141304347826085 0.8294082125603864 0.11352657004830918 0.8285024154589371 0.11594202898550725 0.8275966183574879 0.11745169082125603 0.826086956521739 0.11896135265700482 0.8245772946859903 0.11865942028985506 0.8233695652173912 0.11684782608695651 0.8227657004830918 0.11533816425120771
0 0.9320652173913043 0.13224637681159418 0.9320652173913043 0.126207729468599 0.9326690821256037 0.1234903381642512 0.9329710144927535 0.12016908212560386 0.9332729468599034 0.11714975845410627 0.9341787439613526 0.11473429951690821 0.9359903381642511 0.11262077294685989 0.9371980676328502 0.11080917874396135 0.9387077294685989 0.10929951690821255 0.9405193236714975 0.10809178743961352 0.9420289855072463 0.10778985507246377 0.9438405797101449 0.10929951690821255 0.9441425120772947 0.11141304347826085 0.9441425120772947 0.12107487922705314 0.9426328502415459 0.13103864734299517 0.942330917874396 0.13435990338164253 0.9420289855072463 0.13677536231884055 0.9417270531400966 0.13949275362318841 0.9414251207729467 0.1416062801932367 0.9396135265700483 0.14341787439613526 0.9378019323671497 0.1431159420289855 0.9365942028985507 0.14221014492753623 0.9353864734299517 0.14070048309178743 0.9347826086956521 0.13858695652173914 0.9332729468599034 0.1358695652173913
0 0.9070048309178743 0.03955314009661835 0.9045893719806763 0.03713768115942029 0.903683574879227 0.036231884057971016 0.9018719806763286 0.033514492753623185 0.9018719806763286 0.03140096618357488 0.9018719806763286 0.02928743961352657 0.9018719806763286 0.02747584541062802 0.9021739130434783 0.025966183574879224 0.9033816425120772 0.025060386473429952 0.9054951690821256 0.026268115942028984 0.9064009661835749 0.028079710144927536 0.9073067632850241 0.02928743961352657 0.9097222222222221 0.03200483091787439 0.911231884057971 0.03321256038647343 0.9124396135265701 0.035326086956521736 0.9130434782608695 0.03713768115942029 0.9130434782608695 0.03894927536231884 0.9121376811594202 0.041364734299516905
0 0.8840579710144927 0.3807367149758454 0.8771135265700483 0.37862318840579706 0.875 0.3780193236714976 0.8719806763285024 0.3759057971014493 0.8707729468599034 0.3743961352657005 0.8692632850241545 0.37258454106280187 0.8683574879227052 0.3710748792270531 0.8680555555555555 0.3695652173913043 0.8707729468599034 0.3686594202898551 0.875 0.3683574879227053 0.8780193236714975 0.3686594202898551 0.879830917874396 0.3689613526570048 0.8819444444444444 0.36926328502415456 0.8840579710144927 0.3698671497584541 0.8864734299516908 0.37077294685990336 0.888586956521739 0.3713768115942029 0.8907004830917874 0.37228260869565216 0.8922101449275363 0.3728864734299517 0.8943236714975845 0.3734903381642512 0.897342995169082 0.3746980676328502 0.9000603864734299 0.3759057971014493 0.9021739130434783 0.3771135265700483 0.903683574879227 0.37952898550724634 0.903683574879227 0.3807367149758454 0.9006642512077294 0.38164251207729466 0.8982487922705313 0.38164251207729466 0.894927536231884 0.3819444444444444 0.892512077294686 0.3819444444444444 0.8882850241545893 0.38164251207729466
0 0.8580917874396136 0.5072463768115942 0.8499396135265701 0.5018115942028986 0.8439009661835749 0.4960748792270531 0.8372584541062802 0.4897342995169082 0.832427536231884 0.48520531400966177 0.8309178743961352 0.4839975845410628 0.8297101449275363 0.48218599033816417 0.8306159420289855 0.47977053140096615 0.8342391304347826 0.48128019323671495 0.8366545893719806 0.4830917874396135 0.8420893719806763 0.48641304347826086 0.8520531400966184 0.49365942028985504 0.8602053140096618 0.4996980676328502 0.8614130434782609 0.501207729468599 0.8635265700483091 0.5036231884057971 0.8647342995169082 0.5054347826086957 0.8659420289855072 0.5069444444444444 0.8671497584541062 0.508756038647343 0.8683574879227052 0.5108695652173912 0.8692632850241545 0.5126811594202898 0.8695652173913043 0.5141908212560387 0.867451690821256 0.5144927536231884 0.865036231884058 0.5126811594202898 0.8614130434782609 0.509963768115942
0 0.8176229508196722 0.7111794171220401 0.8119307832422588 0.7157331511839709 0.8070924408014573 0.7188638433515483 0.8045309653916212 0.720856102003643 0.8033925318761385 0.7219945355191257 0.8014002732240437 0.723417577413479 0.8005464480874317 0.723417577413479 0.7999772313296903 0.7219945355191257 0.7999772313296903 0.7202868852459017 0.8008310564663024 0.7185792349726776 0.8068078324225866 0.7128870673952642 0.8139230418943534 0.7066256830601093 0.8150614754098361 0.7054872495446266 0.8164845173041895 0.704348816029144 0.8184767759562842 0.7026411657559198 0.8201844262295083 0.7012181238615666 0.8218920765027323 0.7009335154826959 0.8224612932604737 0.7026411657559198 0.8218920765027323 0.7046334244080146 0.8207536429872495 0.7063410746812387 0.8193306010928961 0.7083333333333334
1 0.0002408477842003709 0.8983020231213872 0.007466281310211927 0.8946893063583815 0.01830443159922927 0.8874638728323699 0.021917148362235055 0.8742172447013488 0.023121387283236983 0.8657875722543352 0.023121387283236983 0.8591642581888247 0.023121387283236983 0.853143063583815 0.023121387283236983 0.8483261078998072 0.022519267822736017 0.8423049132947977 0.020110789980732163 0.8380900770712909 0.01710019267822734 0.8344773603082852 0.012885356454720606 0.8314667630057803 0.007466281310211927 0.8290582851637764 0.0002408477842003709 0.8284561657032755 0.0002408477842003709 0.8278540462427746 0.0002408477842003709 0.8320688824662813
0 0.7737403100775193 0.18023255813953493 0.7637043189368771 0.18334717607973428 0.7619739756367664 0.1819629014396457 0.7626661129568106 0.17954042081949065 0.7654346622369878 0.17746400885935776 0.768203211517165 0.17538759689922487 0.7699335548172758 0.1746954595791806 0.7737403100775193 0.17400332225913626 0.7765088593576965 0.17365725359911413 0.7803156146179402 0.17504152823920271 0.7816998892580287 0.17677187153931348 0.7803156146179402 0.17884828349944637 0.7785852713178295 0.17954042081949065
0 0.25048449612403106 0.29166666666666674 0.24529346622369885 0.29893410852713187 0.24460132890365452 0.30101052048726473 0.24148671096345523 0.3037790697674419 0.23941029900332234 0.30585548172757476 0.23698781838316726 0.30758582502768556 0.23525747508305656 0.3089700996677741 0.23248892580287933 0.31000830564784054 0.23006644518272432 0.31000830564784054 0.22764396456256927 0.3079318936877077 0.22764396456256927 0.30550941306755264 0.2286821705426357 0.30204872646733116 0.2435631229235881 0.28474529346622374 0.2522148394241418 0.2781699889258029 0.2542912513842747 0.27678571428571436 0.25602159468438546 0.2764396456256922 0.2567137320044297 0.2799003322259137 0.25498338870431897 0.2826688815060908 0.25325304540420823 0.2868217054263566
0 0.18853820598006651 0.41936600221483944 0.18023255813953493 0.4224806201550388 0.17746400885935776 0.4224806201550388 0.17538759689922487 0.4224806201550388 0.17400332225913626 0.41971207087486156 0.1743493909191584 0.41694352159468445 0.1764258028792913 0.41417497231450723 0.1791943521594685 0.41279069767441867 0.19372923588039873 0.4069075304540421 0.19580564784053162 0.40656146179402 0.19822812846068666 0.40829180509413077 0.19892026578073096 0.41002214839424145 0.19892026578073096 0.41279069767441867 0.19545957918050946 0.41452104097452935
0 0.36468715393134 0.2515227021040975 0.35638150609080843 0.25498338870431897 0.3536129568106313 0.25602159468438546 0.3511904761904762 0.2570598006644519 0.34842192691029905 0.2580980066445183 0.3463455149501662 0.2584440753045405 0.34426910299003327 0.2584440753045405 0.34150055370985605 0.2584440753045405 0.3411544850498339 0.257405869324474 0.34357696566998897 0.2567137320044297 0.3449612403100775 0.2556755260243633 0.34946013289036554 0.2515227021040975 0.35222868217054265 0.24944629014396463 0.35465116279069775 0.24806201550387602 0.3577657807308971 0.24633167220376528 0.3601882613510521 0.24460132890365452 0.36261074197120713 0.24287098560354378 0.36537929125138435 0.24148671096345523 0.36883997785160577 0.24044850498338877 0.3736849390919159 0.2401024363233666 0.3761074197120709 0.24044850498338877 0.3757613510520488 0.24252491694352163 0.37333887043189373 0.2449473975636767 0.3712624584717608 0.24736987818383174
0 0.6033597417840376 0.2123679577464789 0.5949237089201879 0.20833333333333334 0.5919894366197184 0.20613262910798122 0.5886883802816901 0.20319835680751172 0.5857541079812206 0.1991637323943662 0.585387323943662 0.19622946009389672 0.585387323943662 0.1940287558685446 0.5886883802816901 0.1943955399061033 0.598224765258216 0.1969630281690141 0.6033597417840376 0.19806338028169015 0.6070275821596244 0.19989730046948356 0.6095950704225352 0.201731220657277 0.6128961267605635 0.20319835680751172 0.6154636150234742 0.20539906103286387 0.6176643192488263 0.20759976525821597 0.6194982394366197 0.21126760563380284 0.6202318075117371 0.21346830985915494 0.6191314553990611 0.21530223004694837 0.6147300469483568 0.21530223004694837 0.6103286384976526 0.21493544600938969
0 0.9399950099800399 0.4784181636726547 0.9468562874251497 0.47717065868263475 0.9499750499001997 0.47717065868263475 0.9518463073852296 0.47654690618762474 0.9527819361277445 0.4752994011976048 0.9512225548902197 0.4746756487025949 0.9496631736526947 0.47405189620758487 0.9468562874251497 0.47342814371257486 0.9446731536926147 0.47342814371257486 0.9421781437125749 0.47342814371257486 0.939683133732535 0.47342814371257486 0.9378118762475051 0.47374001996007986 0.9368762475049901 0.47405189620758487 0.937188123752495 0.4768587824351298
0 0.9562265917602997 0.7810549313358303 0.9648096129837703 0.7845661672908865 0.9722222222222222 0.7845661672908865 0.9811953807740325 0.7845661672908865 0.9905586766541823 0.7888576779026217 0.9983614232209738 0.7923689138576779 0.9854868913857678 0.795099875156055 0.9730024968789014 0.7931491885143571 0.9597378277153559 0.7904182272159801 0.9558364544319601 0.787687265917603
0 0.8930243445692885 0.841916354556804 0.8848314606741573 0.8434769038701623 0.880539950062422 0.844647315855181 0.8750780274656679 0.8481585518102371 0.8696161048689139 0.8504993757802747 0.8614232209737829 0.8563514357053683 0.8614232209737829 0.8610330836454432 0.867665418227216 0.8610330836454432 0.8735174781523096 0.8583021223470662 0.8797596754057427 0.8551810237203497 0.8824906367041199 0.8532303370786517 0.8895131086142322 0.8504993757802747 0.8922440699126092 0.8489388264669164 0.8938046192259675 0.8462078651685393
0 0.8980961298377028 0.9433520599250936 0.9058988764044944 0.9402309612983771 0.9094101123595506 0.9394506866416978 0.911750936329588 0.9394506866416978 0.9129213483146067 0.9429619225967542 0.906289013732834 0.9480337078651685 0.9031679151061174 0.9495942571785269 0.8988764044943821 0.9515449438202247 0.893414481897628 0.9523252184769039 0.8871722846441947 0.9531054931335831 0.8840511860174782 0.9534956304619226 0.8848314606741573 0.9488139825218478 0.8891229712858927 0.9460830212234707
0 0.6543109668109668 0.8495670995670995 0.6597222222222222 0.8554292929292929 0.6606240981240981 0.8608405483405482 0.6606240981240981 0.8653499278499279 0.661075036075036 0.8694083694083693 0.6628787878787878 0.8757215007215007 0.6592712842712842 0.8770743145743146 0.6561147186147186 0.8698593073593074 0.6552128427128426 0.863546176046176 0.652507215007215 0.8572330447330447
0 0.6357621173469388 0.9495907738095238 0.6343005952380952 0.9531781462585034 0.6325733418367346 0.956499787414966 0.6311118197278912 0.95968856292517 0.6297831632653061 0.9622130102040817 0.627125850340136 0.9651360544217688 0.6257971938775511 0.9665975765306123 0.622874149659864 0.9691220238095238 0.6200839710884354 0.9708492772108844 0.6183567176870748 0.9713807397959184 0.6187553146258504 0.9673947704081632 0.6215454931972789 0.9630102040816326 0.6230070153061225 0.9579613095238095 0.6248671343537414 0.9537096088435374 0.6273915816326531 0.9489264455782312 0.6303146258503401 0.9456048044217688 0.6343005952380952 0.9425488945578232 0.6345663265306122 0.9456048044217688
0 0.5810185185185186 0.6970164609053497 0.5776748971193416 0.6988168724279835 0.5756172839506173 0.701388888888889 0.5727880658436214 0.7044753086419753 0.5709876543209876 0.7075617283950617 0.5689300411522634 0.7109053497942387 0.5676440329218108 0.7139917695473251 0.5671296296296297 0.7178497942386831 0.5691872427983539 0.7188786008230452 0.5727880658436214 0.7188786008230452 0.5756172839506173 0.7134773662551441 0.5756172839506173 0.7101337448559671 0.5774176954732511 0.7070473251028807 0.5794753086419753 0.7055041152263375 0.5823045267489712 0.7039609053497943 0.5841049382716049 0.7029320987654322 0.5843621399176955 0.7006172839506173 0.5841049382716049 0.6983024691358025
0 0.6448045267489712 0.7386831275720165 0.6484053497942387 0.7391975308641976 0.6561213991769548 0.7422839506172839 0.6604938271604939 0.7445987654320988 0.6656378600823045 0.749485596707819 0.6597222222222222 0.7536008230452675 0.6579218106995885 0.757201646090535 0.6463477366255145 0.7510288065843621 0.6494341563786008 0.7469135802469136
0 0.0821520618556701 0.9847508591065293 0.08376288659793814 0.9820661512027492 0.08859536082474227 0.9761597938144331 0.09503865979381443 0.9740120274914089 0.09772336769759452 0.9729381443298969 0.1052405498281787 0.971327319587629 0.1095360824742268 0.971327319587629 0.11973797250859106 0.9686426116838489 0.12618127147766323 0.9670317869415808 0.12564432989690721 0.973475085910653 0.11973797250859106 0.9761597938144331 0.11275773195876289 0.9772336769759451 0.10685137457044673 0.9799183848797252 0.09933419243986255 0.9809922680412372
0 0.25073450854700857 0.6830929487179487 0.25574252136752135 0.6881009615384616 0.25707799145299143 0.6917735042735043 0.2604166666666667 0.696781517094017 0.2610844017094017 0.7017895299145299 0.2610844017094017 0.7054620726495726 0.2584134615384615 0.7084668803418803 0.25574252136752135 0.7088007478632478 0.2537393162393162 0.7074652777777778 0.24772970085470086 0.6991185897435896 0.24639423076923075 0.6924412393162392 0.2453926282051282 0.687767094017094 0.2467280982905983 0.6834268162393162
0 0.7316666666666667 0.41541666666666666 0.7356250000000001 0.41791666666666666 0.74 0.42083333333333334 0.7445833333333333 0.4233333333333333 0.7514583333333333 0.4275 0.753125 0.43 0.75375 0.4325 0.7439583333333334 0.4295833333333333 0.7410416666666666 0.42895833333333333 0.736875 0.4235416666666667 0.73375 0.42250000000000004 0.7285416666666666 0.41833333333333333 0.7285416666666666 0.4166666666666667 0.7295833333333334 0.41541666666666666
0 0.4405581039755352 0.36187563710499493 0.4466106014271152 0.3679281345565749 0.4523445463812436 0.37589194699286443 0.4571228338430173 0.38130733944954126 0.46126401630988784 0.38672273190621814 0.46476809378185524 0.3924566768603466 0.4660423037716616 0.3950050968399592 0.46253822629969416 0.3950050968399592 0.4555300713557594 0.38735983690112136 0.4469291539245667 0.3720693170234455
0 0.35008919469928645 0.3656982670744139 0.3526376146788991 0.35964576962283384 0.348177879714577 0.36091997961264016 0.3446738022426096 0.3679281345565749 0.340532619775739 0.37429918450560656 0.3360728848114169 0.382262996941896 0.33416156982670747 0.38672273190621814 0.33033893985728846 0.39277522935779813 0.32810907237512743 0.39723496432212024 0.32715341488277266 0.39978338430173294 0.3332059123343527 0.3953236493374108 0.33893985728848114 0.38512996941896027
0 0.7561513463324049 0.0011606313834726092 0.7561513463324049 0.0055129990714948935 0.7538300835654597 0.006963788300835655 0.7488974001857011 0.004062209842154132 0.7430942432683381 0.0011606313834726092
0 0.2973646723646724 0.10683760683760685 0.2973646723646724 0.1159633190883191 0.2955840455840456 0.12442129629629631 0.2933582621082621 0.13043091168091167 0.2935808404558405 0.13399216524216526 0.29914529914529914 0.1253116096866097 0.30181623931623935 0.11841168091168092 0.3020388176638177 0.1117343304843305 0.3004807692307692 0.10728276353276354
0 0.7509888161483906 0.5148663393344244 0.7557624113475178 0.517253136933988 0.7578082378614293 0.5206628477905073 0.759513093289689 0.5237315875613747 0.7600245499181669 0.5261183851609383 0.7586606655755592 0.527482269503546 0.7567853246044736 0.527482269503546 0.7535460992907801 0.5261183851609383 0.7503068739770867 0.5233906164757228 0.7489429896344789 0.5192989634478996
0 0.29197994987468673 0.5037593984962405 0.2958959899749373 0.5078320802005012 0.299812030075188 0.5147243107769424 0.299968671679198 0.518953634085213 0.29949874686716793 0.525219298245614 0.2984022556390977 0.5324248120300752 0.29636591478696744 0.5354010025062657 0.2915100250626566 0.5307017543859649 0.28994360902255634 0.5213032581453634 0.2891604010025063 0.5122180451127819
0 0.3149909420289855 0.6261322463768114 0.3245018115942029 0.6302083333333333 0.3301630434782608 0.6365489130434782 0.3335597826086956 0.6476449275362318 0.3337862318840579 0.654891304347826 0.332427536231884 0.6560235507246376 0.3238224637681159 0.6521739130434782 0.3179347826086956 0.644248188405797 0.3143115942028985 0.634284420289855
0 0.5349008574490889 0.9302987674169346 0.5400924437299036 0.9316385316184352 0.5456189710610934 0.9351554126473741 0.5493033226152197 0.9383373526259379 0.5553322615219721 0.9405144694533762 0.5603563772775992 0.9428590568060021 0.5596864951768489 0.946040996784566 0.5580117899249732 0.9463759378349411 0.5513129689174705 0.94369640943194 0.5462888531618436 0.9418542336548767 0.5407623258306539 0.9380024115755627 0.5349008574490889 0.9349879421221865
0 0.9085197795071337 0.20995460440985736 0.9032506485084307 0.2217088197146563 0.8967655642023347 0.23346303501945528 0.8916990920881972 0.24298800259403375 0.8872405966277561 0.2508916990920882 0.8878485732814527 0.24278534370946822 0.8945363164721142 0.23123378728923477 0.8983868352788587 0.2215061608300908 0.9024400129701687 0.2146157587548638 0.9046692607003892 0.20954928664072633
