1 0.10034442204301079 0.5615339381720431 0.1087449596774194 0.5653141801075269 0.11084509408602154 0.5665742607526882 0.1129452284946237 0.5674143145161291 0.11546538978494628 0.5690944220430108 0.11756552419354843 0.5711945564516129 0.12218581989247317 0.5758148521505377 0.12596606182795703 0.5816952284946237 0.12932627688172046 0.5888356854838711 0.13016633064516134 0.5909358198924732 0.13142641129032262 0.5942960349462366 0.13226646505376347 0.59765625 0.1326864919354839 0.6018565188172044 0.1326864919354839 0.6047967069892474 0.1326864919354839 0.6081569220430108 0.13142641129032262 0.6110971102150539 0.12932627688172046 0.613197244623656 0.1272261424731183 0.6148773521505377 0.12470598118279574 0.6165574596774195 0.12176579301075273 0.6178175403225806 0.11798555107526885 0.6232778897849462 0.11546538978494628 0.6266381048387097 0.11084509408602154 0.6283182123655915 0.10664482526881724 0.6287382392473119 0.1032846102150538 0.6291582661290323 0.10076444892473123 0.6291582661290323 0.09740423387096778 0.6287382392473119 0.09404401881720434 0.6274781586021505 0.09110383064516132 0.6266381048387097 0.08816364247311831 0.624957997311828 0.08396337365591401 0.6224378360215055 0.07976310483870971 0.619077620967742 0.07640288978494628 0.6157174059139785 0.07346270161290326 0.6119371639784946 0.07052251344086026 0.6077368951612904 0.06800235215053768 0.6035366263440861 0.06632224462365595 0.5993363575268817 0.06590221774193553 0.5955561155913979 0.06506216397849467 0.5913558467741936 0.06464213709677423 0.5875756048387097 0.06464213709677423 0.5837953629032259 0.06464213709677423 0.5808551747311828 0.06548219086021509 0.5779149865591399 0.06632224462365595 0.5745547715053764 0.06758232526881724 0.5711945564516129 0.06884240591397853 0.5686743951612904 0.07094254032258068 0.5648941532258065 0.07472278225806456 0.5611139112903226 0.07766297043010756 0.5594338037634409 0.08102318548387101 0.5573336693548387 0.08564348118279574 0.5569136424731183 0.0894237231182796 0.5569136424731183 0.09362399193548392 0.5577536962365592
1 0.15704805107526887 0.5329721102150538 0.14906754032258068 0.5291918682795699 0.14696740591397853 0.5283518145161291 0.1448672715053764 0.5270917338709677 0.1423471102150538 0.5258316532258065 0.13982694892473121 0.5237315188172044 0.13688676075268819 0.5212113575268817 0.13394657258064518 0.5186911962365592 0.13184643817204306 0.5165910618279571 0.12890625000000006 0.5140709005376345 0.1268061155913979 0.5115507392473119 0.12386592741935488 0.5081905241935485 0.12176579301075273 0.504830309139785 0.12092573924731186 0.5006300403225806 0.12092573924731186 0.49600974462365593 0.12134576612903229 0.49222950268817206 0.12260584677419359 0.4884492607526882 0.12386592741935488 0.48382896505376344 0.12470598118279574 0.48046875000000006 0.1268061155913979 0.4758484543010753 0.12890625000000006 0.4737483198924731 0.13100638440860218 0.47248823924731187 0.13436659946236562 0.46996807795698925 0.1381468413978495 0.4678679435483871 0.14276713709677422 0.465767809139785 0.14528729838709684 0.46534778225806456 0.14948756720430112 0.46534778225806456 0.15242775537634412 0.46534778225806456 0.15788810483870971 0.46702788978494625 0.16292842741935487 0.4682879704301076 0.16796875000000003 0.46954805107526887 0.17216901881720434 0.4712281586021506 0.1755292338709678 0.47332829301075274 0.17888944892473121 0.4771085349462366 0.18224966397849465 0.48046875000000006 0.18518985215053765 0.48424899193548393 0.18728998655913984 0.48718918010752693 0.18897009408602153 0.4913894489247312 0.19023017473118284 0.49600974462365593 0.19065020161290328 0.501890120967742 0.19065020161290328 0.507770497311828 0.19023017473118284 0.5128108198924731 0.18897009408602153 0.5170110887096775 0.18771001344086027 0.5212113575268817 0.18602990591397853 0.5241515456989247 0.18434979838709684 0.5266717069892474 0.18224966397849465 0.5291918682795699 0.18056955645161293 0.5312920026881721 0.17804939516129037 0.5329721102150538 0.17342909946236562 0.5342321908602151 0.16628864247311834 0.535072244623656 0.16292842741935487 0.535072244623656
1 0.07178259408602154 0.5014700940860215 0.06926243279569896 0.5119707661290324 0.06800235215053768 0.5144909274193549 0.06674227150537639 0.5174311155913979 0.06506216397849467 0.5199512768817205 0.06338205645161295 0.5228914650537635 0.06086189516129036 0.5249915994623656 0.057921706989247354 0.5266717069892474 0.05414146505376348 0.5283518145161291 0.05036122311827961 0.5296118951612904 0.04658098118279574 0.5308719758064516 0.04280073924731187 0.5312920026881721 0.040700604838709714 0.5312920026881721 0.038180443548387136 0.5304519489247312 0.03608030913978499 0.5283518145161291 0.03440020161290326 0.5258316532258065 0.03230006720430111 0.5220514112903226 0.031039986559139823 0.5178511424731184 0.03019993279569896 0.5144909274193549 0.029779905913978534 0.5115507392473119 0.029359879032258104 0.5081905241935485 0.029359879032258104 0.5044102822580645 0.029779905913978534 0.5014700940860215 0.030619959677419394 0.4981098790322581 0.031039986559139823 0.4947496639784947 0.03230006720430111 0.4913894489247312 0.0335601478494624 0.48718918010752693 0.03524025537634413 0.48424899193548393 0.037760416666666706 0.4817288306451613 0.039860551075268855 0.47920866935483875 0.04238071236559144 0.4771085349462366 0.04448084677419359 0.4758484543010753 0.04784106182795703 0.47500840053763443 0.05204133064516133 0.47500840053763443 0.05624159946236563 0.474588373655914 0.059181787634408636 0.474588373655914 0.06212197580645165 0.47542842741935487 0.06464213709677423 0.4766885080645162 0.06716229838709681 0.47920866935483875 0.07010248655913982 0.4825688844086022 0.0713625672043011 0.4859290994623657 0.07220262096774198 0.48970934139784955 0.07220262096774198 0.4947496639784947
1 0.20031081989247315 0.5959761424731183 0.20283098118279572 0.6022765456989247 0.20409106182795703 0.6052167338709677 0.2049311155913979 0.60731686827957 0.20535114247311834 0.6098370295698925 0.20535114247311834 0.613197244623656 0.20535114247311834 0.6169774865591399 0.2049311155913979 0.6203377016129034 0.20409106182795703 0.6232778897849462 0.20325100806451615 0.6257980510752688 0.2019909274193549 0.6287382392473119 0.19989079301075272 0.6320984543010754 0.1965305779569893 0.6350386424731183 0.19275033602150543 0.6379788306451614 0.19065020161290328 0.6396589381720431 0.182153041825095 0.6435757287705957 0.171855196451204 0.6404071609632446 0.16838877688172046 0.6341985887096775 0.1675487231182796 0.6312584005376344 0.16670866935483877 0.6291582661290323 0.16544858870967746 0.6262180779569894 0.1646085349462366 0.6232778897849462 0.16376848118279572 0.6186575940860216 0.1633484543010753 0.6152973790322581 0.1633484543010753 0.6115171370967742 0.1633484543010753 0.6081569220430108 0.1633484543010753 0.6039566532258065 0.1633484543010753 0.6014364919354839 0.16376848118279572 0.5989163306451614 0.16502856182795703 0.5955561155913979 0.16628864247311834 0.5926159274193549 0.16796875000000003 0.5896757392473119 0.17258904569892478 0.5863155241935484 0.1755292338709678 0.5846354166666666 0.17930947580645165 0.5837953629032259 0.18350974462365596 0.5833753360215055 0.18897009408602153 0.5833753360215055 0.19317036290322587 0.5850554435483872 0.19695060483870971 0.5871555779569894 0.19863071236559143 0.5905157930107527
1 0.28683635752688175 0.5476730510752688 0.28221606182795705 0.5518733198924732 0.2784358198924731 0.5539734543010754 0.2759156586021506 0.5556535618279571 0.2729754704301076 0.5560735887096775 0.2696152553763441 0.5569136424731183 0.2666750672043011 0.5573336693548387 0.2633148521505377 0.5577536962365592 0.2603746639784947 0.5577536962365592 0.2578545026881721 0.5569136424731183 0.25407426075268824 0.5552335349462366 0.2502940188172043 0.5531334005376344 0.24735383064516134 0.5514532930107527 0.24357358870967746 0.5485131048387097 0.2397933467741936 0.5455729166666666 0.23643313172043015 0.5426327284946237 0.23349294354838712 0.5401125672043011 0.23097278225806456 0.5367523521505377 0.22803259408602156 0.5321320564516129 0.2259324596774194 0.5262516801075269 0.22383232526881722 0.5207913306451614 0.2217321908602151 0.5161710349462366 0.2204721102150538 0.5111307123655915 0.21921202956989252 0.5056703629032259 0.21921202956989252 0.498949932795699 0.2204721102150538 0.4947496639784947 0.22257224462365596 0.4918094758064517 0.22509240591397853 0.48970934139784955 0.22845262096774197 0.48676915322580644 0.23181283602150543 0.4846690188172043 0.23517305107526887 0.4829889112903226 0.23937331989247315 0.4821488575268818 0.24483366935483877 0.4817288306451613 0.25071404569892475 0.4817288306451613 0.25575436827956993 0.4821488575268818 0.26121471774193555 0.4829889112903226 0.2666750672043011 0.4846690188172043 0.27171538978494625 0.48634912634408606 0.276335685483871 0.48928931451612906 0.27969590053763443 0.49222950268817206 0.28389616935483875 0.49600974462365593 0.2864163306451613 0.4997899865591398 0.2876764112903226 0.5039902553763441 0.28893649193548393 0.507770497311828 0.2901965725806452 0.5119707661290324 0.29187668010752693 0.5165910618279571 0.2922967069892473 0.5199512768817205 0.2922967069892473 0.5233114919354839 0.2922967069892473 0.5262516801075269 0.29187668010752693 0.5304519489247312 0.29103662634408606 0.5346522177419355 0.2901965725806452 0.5375924059139785 0.28893649193548393 0.5413726478494624
1 0.38008232526881724 0.44812668010752693 0.3834425403225807 0.45316700268817206 0.38596270161290325 0.4586273521505377 0.38722278225806456 0.46240759408602156 0.387642809139785 0.465767809139785 0.3880628360215054 0.46912802419354843 0.3880628360215054 0.47248823924731187 0.387642809139785 0.47626848118279574 0.38722278225806456 0.4796286962365592 0.3868027553763441 0.4825688844086022 0.38554267473118287 0.48634912634408606 0.384702620967742 0.48928931451612906 0.3834425403225807 0.49306955645161293 0.38134240591397855 0.4976898521505377 0.38008232526881724 0.5006300403225806 0.37840221774193555 0.5027301747311829 0.37630208333333337 0.504830309139785 0.37336189516129037 0.5073504704301076 0.3708417338709678 0.5086105510752689 0.3658014112903226 0.5098706317204301 0.3628612231182796 0.5098706317204301 0.35824092741935487 0.5094506048387097 0.354460685483871 0.5086105510752689 0.3506804435483871 0.5069304435483871 0.3477402553763441 0.5044102822580645 0.3448000672043011 0.5014700940860215 0.3418598790322581 0.49852990591397855 0.33891969086021506 0.4947496639784947 0.33723958333333337 0.49054939516129037 0.33597950268817206 0.4859290994623657 0.3351394489247312 0.4817288306451613 0.3347194220430108 0.47836861559139787 0.33429939516129037 0.47206821236559143 0.33387936827956993 0.4678679435483871 0.33387936827956993 0.46366767473118287 0.33387936827956993 0.45946740591397855 0.3351394489247312 0.4556871639784947 0.33639952956989255 0.4523269489247312 0.3384996639784947 0.4493867607526882 0.34017977150537637 0.4464465725806452 0.342699932795699 0.4435063844086022 0.345640120967742 0.4397261424731183 0.348580309139785 0.43720598118279574 0.3511004704301076 0.435525873655914 0.354460685483871 0.43426579301075274 0.35782090053763443 0.4338457661290323 0.36118111559139787 0.4338457661290323 0.3658014112903226 0.4351058467741936 0.36916162634408606 0.43636592741935487 0.3716817876344087 0.43846606182795705 0.3742019489247312 0.44140625000000006 0.3767221102150538 0.44476646505376344
1 0.2439936155913979 0.45022681451612906 0.23769321236559143 0.45022681451612906 0.2355930779569893 0.45022681451612906 0.23265288978494628 0.4493867607526882 0.2288726478494624 0.4485467069892473 0.22635248655913984 0.44728662634408606 0.22425235215053765 0.4464465725806452 0.22131216397849465 0.44518649193548393 0.21711189516129037 0.4426663306451613 0.2145917338709678 0.44014616935483875 0.21291162634408606 0.43720598118279574 0.21207157258064518 0.432585685483871 0.21249159946236562 0.4271253360215054 0.2133316532258065 0.4229250672043011 0.21543178763440862 0.41914482526881724 0.21837197580645165 0.4157846102150538 0.22131216397849465 0.4128444220430108 0.22383232526881722 0.41116431451612906 0.22803259408602156 0.40822412634408606 0.231392809139785 0.4065440188172043 0.237273185483871 0.4044438844086022 0.24231350806451615 0.4036038306451613 0.2469338037634409 0.40276377688172044 0.25071404569892475 0.40276377688172044 0.2553343413978495 0.40276377688172044 0.2578545026881721 0.40276377688172044 0.2603746639784947 0.40276377688172044 0.26457493279569894 0.4044438844086022 0.267515120967742 0.40612399193548393 0.27003528225806456 0.40822412634408606 0.2729754704301076 0.41116431451612906 0.27423555107526887 0.41452452956989255 0.2754956317204301 0.41830477150537637 0.2759156586021506 0.4229250672043011 0.2759156586021506 0.42628528225806456 0.2759156586021506 0.43006552419354843 0.27507560483870974 0.43300571236559143 0.2738155241935484 0.435525873655914 0.2725554435483871 0.43888608870967744 0.2696152553763441 0.4426663306451613 0.26709509408602156 0.44476646505376344 0.26289482526881724 0.4468665994623657 0.25995463709677424 0.44812668010752693 0.2553343413978495 0.4489667338709678 0.25071404569892475 0.4498067876344087 0.24819388440860218 0.4498067876344087
1 0.34690020161290325 0.34816028225806456 0.3511004704301076 0.3519405241935484 0.3565608198924731 0.35782090053763443 0.35782090053763443 0.3599210349462366 0.3599210349462366 0.36370127688172044 0.36118111559139787 0.36622143817204306 0.3624411962365592 0.37000168010752693 0.36370127688172044 0.37336189516129037 0.3645413306451613 0.37630208333333337 0.36496135752688175 0.3796622983870968 0.36496135752688175 0.3821824596774194 0.3645413306451613 0.38554267473118287 0.36370127688172044 0.38890288978494625 0.3624411962365592 0.39184307795698925 0.3595010080645162 0.3960433467741936 0.3586609543010753 0.39814348118279574 0.3557207661290323 0.4019237231182796 0.3536206317204301 0.40276377688172044 0.34984038978494625 0.40318380376344093 0.34690020161290325 0.4040238575268818 0.34396001344086025 0.4040238575268818 0.33891969086021506 0.40276377688172044 0.3347194220430108 0.4019237231182796 0.3317792338709678 0.40108366935483875 0.3284190188172043 0.39982358870967744 0.32589885752688175 0.3985635080645162 0.32295866935483875 0.396463373655914 0.3204385080645162 0.39436323924731187 0.31707829301075274 0.3910030241935484 0.315398185483871 0.3868027553763441 0.3149781586021506 0.38134240591397855 0.3145581317204301 0.37588205645161293 0.3145581317204301 0.3716817876344087 0.3145581317204301 0.3658014112903226 0.3145581317204301 0.36202116935483875 0.31581821236559143 0.357400873655914 0.3174983198924731 0.3536206317204301 0.3195984543010753 0.3506804435483871 0.3208585349462366 0.348580309139785 0.3225386424731183 0.34648017473118287 0.3254788306451613 0.3431199596774194 0.32757896505376344 0.34101982526881724 0.33093918010752693 0.3405997983870968 0.33429939516129037 0.3405997983870968 0.3376596102150538 0.3414398521505377 0.34101982526881724 0.3435399865591398
1 0.42334509408602156 0.39226310483870974 0.4229250672043011 0.3826024865591398 0.423765120967742 0.37924227150537637 0.4241851478494624 0.37588205645161293 0.4258652553763441 0.37210181451612906 0.42754536290322587 0.3687415994623657 0.4288054435483871 0.3658014112903226 0.43006552419354843 0.3628612231182796 0.43090557795698925 0.36076108870967744 0.432585685483871 0.3586609543010753 0.43426579301075274 0.3565608198924731 0.4367859543010753 0.3536206317204301 0.43846606182795705 0.351520497311828 0.4409862231182796 0.3490003360215054 0.4439264112903226 0.34690020161290325 0.4468665994623657 0.3460601478494624 0.4498067876344087 0.345640120967742 0.4523269489247312 0.3460601478494624 0.45736727150537637 0.34732022849462374 0.45946740591397855 0.34732022849462374 0.46408770161290325 0.34522009408602156 0.465767809139785 0.34396001344086025 0.4682879704301076 0.3435399865591398 0.47038810483870974 0.34522009408602156 0.47248823924731187 0.34690020161290325 0.47500840053763443 0.351520497311828 0.47542842741935487 0.35530073924731187 0.4758484543010753 0.35908098118279574 0.4758484543010753 0.36370127688172044 0.4758484543010753 0.3683215725806452 0.4758484543010753 0.37294186827956993 0.4758484543010753 0.37630208333333337 0.47542842741935487 0.3796622983870968 0.474588373655914 0.38302251344086025 0.4737483198924731 0.38638272849462374 0.47248823924731187 0.390582997311828 0.4708081317204301 0.3947832661290323 0.46912802419354843 0.3977234543010753 0.4661878360215054 0.40234375000000006 0.4615675403225807 0.40612399193548393 0.45946740591397855 0.4073840725806452 0.45022681451612906 0.40906418010752693 0.4464465725806452 0.40906418010752693 0.4435063844086022 0.40906418010752693 0.44014616935483875 0.40906418010752693 0.43846606182795705 0.40864415322580644 0.43636592741935487 0.4073840725806452 0.4338457661290323 0.40570396505376344 0.43132560483870974 0.4040238575268818 0.42838541666666674 0.4019237231182796 0.42628528225806456 0.3985635080645162
1 0.5010500672043011 0.3595010080645162 0.5035702284946237 0.3586609543010753 0.513650873655914 0.354460685483871 0.5182711693548387 0.3536206317204301 0.5220514112903226 0.35320060483870974 0.5254116263440861 0.35278057795698925 0.5296118951612904 0.35278057795698925 0.5338121639784946 0.35320060483870974 0.5384324596774195 0.3540406586021506 0.5430527553763441 0.3557207661290323 0.546832997311828 0.3569808467741936 0.5497731854838711 0.3586609543010753 0.5548135080645161 0.36076108870967744 0.55859375 0.3624411962365592 0.5619539650537635 0.3653813844086022 0.5640540994623656 0.3679015456989248 0.5653141801075269 0.3712617607526882 0.5661542338709677 0.3746219758064517 0.5674143145161291 0.3775621639784947 0.56825436827957 0.3796622983870968 0.5695144489247312 0.3821824596774194 0.5716145833333334 0.38554267473118287 0.5737147177419355 0.38932291666666674 0.5753948252688172 0.39226310483870974 0.5766549059139785 0.3947832661290323 0.5770749327956989 0.39814348118279574 0.5770749327956989 0.4006636424731183 0.5783350134408602 0.40612399193548393 0.5787550403225806 0.40864415322580644 0.5787550403225806 0.41158434139784955 0.5766549059139785 0.4157846102150538 0.5728746639784946 0.4187247983870968 0.5699344758064516 0.42040490591397855 0.5665742607526882 0.4216649865591398 0.5632140456989247 0.4225050403225807 0.5598538306451614 0.4225050403225807 0.5569136424731183 0.4225050403225807 0.5531334005376344 0.4225050403225807 0.5493531586021505 0.4216649865591398 0.5464129704301076 0.4195648521505377 0.5426327284946237 0.41788474462365593 0.5401125672043011 0.41788474462365593 0.5354922715053764 0.41788474462365593 0.5333921370967742 0.41746471774193555 0.5291918682795699 0.4157846102150538 0.5254116263440861 0.4136844758064517 0.5220514112903226 0.41200436827956993 0.5182711693548387 0.40906418010752693 0.5140709005376345 0.40612399193548393 0.5111307123655915 0.4040238575268818 0.5081905241935485 0.4006636424731183 0.5056703629032259 0.396463373655914 0.5027301747311829 0.39226310483870974 0.5002100134408602 0.38890288978494625 0.49726982526881724 0.384702620967742 0.4947496639784947 0.3809223790322581 0.49348958333333337 0.37714213709677424 0.49348958333333337 0.37294186827956993 0.49432963709677424 0.36916162634408606 0.4951696908602151 0.3658014112903226 0.4968497983870968 0.36328125000000006
1 0.6984627016129034 0.32169858870967744 0.7018229166666666 0.32757896505376344 0.703082997311828 0.3296790994623657 0.7043430779569894 0.3321992607526882 0.7047631048387097 0.3351394489247312 0.7051831317204301 0.33807963709677424 0.7064432123655915 0.3418598790322581 0.7072832661290323 0.3443800403225807 0.7077032930107527 0.34732022849462374 0.7085433467741936 0.35026041666666674 0.708963373655914 0.35278057795698925 0.7093834005376344 0.3565608198924731 0.7093834005376344 0.3595010080645162 0.7093834005376344 0.3624411962365592 0.7093834005376344 0.3658014112903226 0.7093834005376344 0.3687415994623657 0.7093834005376344 0.37210181451612906 0.708963373655914 0.37546202956989255 0.7072832661290323 0.37882224462365593 0.7043430779569894 0.38134240591397855 0.7018229166666666 0.3821824596774194 0.6984627016129034 0.3826024865591398 0.6934223790322581 0.3826024865591398 0.6909022177419355 0.3826024865591398 0.6883820564516129 0.3826024865591398 0.6841817876344086 0.381762432795699 0.6804015456989247 0.37924227150537637 0.6770413306451614 0.37546202956989255 0.6745211693548387 0.3716817876344087 0.6720010080645161 0.3683215725806452 0.6694808467741936 0.3653813844086022 0.6669606854838711 0.3616011424731183 0.6652805779569894 0.35824092741935487 0.664020497311828 0.3557207661290323 0.6623403897849462 0.351520497311828 0.6610803091397849 0.3477402553763441 0.6594002016129034 0.34396001344086025 0.658140120967742 0.33891969086021506 0.6573000672043011 0.3347194220430108 0.6573000672043011 0.33051915322580644 0.6573000672043011 0.3263188844086022 0.658140120967742 0.32295866935483875 0.6594002016129034 0.3195984543010753 0.6602402553763441 0.31707829301075274 0.6615003360215055 0.3149781586021506 0.6631804435483872 0.3120379704301076 0.6669606854838711 0.309517809139785 0.6690608198924732 0.3086777553763441 0.6711609543010754 0.30825772849462374 0.67578125 0.3069976478494624 0.6787214381720431 0.306577620967742 0.6833417338709677 0.306577620967742 0.6871219758064516 0.30783770161290325 0.6892221102150539 0.309517809139785 0.6909022177419355 0.3116179435483871 0.6934223790322581 0.3145581317204301
1 0.031039986559139823 0.34648017473118287 0.031039986559139823 0.33723958333333337 0.03272009408602154 0.33345934139784955 0.03440020161290326 0.3288390456989248 0.03608030913978499 0.3263188844086022 0.038600470430107565 0.3233786962365592 0.04154065860215058 0.3204385080645162 0.04490087365591402 0.31917842741935487 0.05036122311827961 0.3174983198924731 0.05624159946236563 0.31581821236559143 0.06086189516129036 0.3145581317204301 0.06758232526881724 0.31413810483870974 0.0738827284946237 0.31371807795698925 0.07850302419354843 0.31371807795698925 0.08312331989247317 0.31371807795698925 0.08732358870967746 0.315398185483871 0.09152385752688176 0.31707829301075274 0.0961441532258065 0.31917842741935487 0.09950436827956993 0.3204385080645162 0.10370463709677423 0.32295866935483875 0.1074848790322581 0.3254788306451613 0.11210517473118282 0.3296790994623657 0.11504536290322584 0.33345934139784955 0.11756552419354843 0.33807963709677424 0.11882560483870971 0.34101982526881724 0.11924563172043015 0.345640120967742 0.11924563172043015 0.3506804435483871 0.11924563172043015 0.35488071236559143 0.11840557795698928 0.3599210349462366 0.11756552419354843 0.36328125000000006 0.11672547043010756 0.3653813844086022 0.11546538978494628 0.3674815188172043 0.11378528225806456 0.37000168010752693 0.11126512096774198 0.37294186827956993 0.10832493279569896 0.37630208333333337 0.10496471774193553 0.37882224462365593 0.10160450268817207 0.38134240591397855 0.09740423387096778 0.38428259408602156 0.09362399193548392 0.38638272849462374 0.0894237231182796 0.38722278225806456 0.08522345430107531 0.38722278225806456 0.08102318548387101 0.38722278225806456 0.07514280913978498 0.38722278225806456 0.07010248655913982 0.38722278225806456 0.06506216397849467 0.38638272849462374 0.06170194892473122 0.38554267473118287 0.057921706989247354 0.38428259408602156 0.05414146505376348 0.38302251344086025 0.05120127688172047 0.381762432795699 0.0474210349462366 0.37924227150537637 0.04406081989247315 0.37504200268817206 0.041960685483871 0.3716817876344087 0.040280577956989284 0.3683215725806452 0.038600470430107565 0.36622143817204306 0.03650033602150541 0.3628612231182796 0.0348202284946237 0.3595010080645162 0.03272009408602154 0.3557207661290323 0.03146001344086025 0.3519405241935484
1 0.21165154569892478 0.351520497311828 0.20535114247311834 0.345640120967742 0.20325100806451615 0.3431199596774194 0.20031081989247315 0.34017977150537637 0.19863071236559143 0.33723958333333337 0.19737063172043015 0.3351394489247312 0.1965305779569893 0.3317792338709678 0.195270497311828 0.3284190188172043 0.19443044354838712 0.3254788306451613 0.19401041666666669 0.3225386424731183 0.19401041666666669 0.318338373655914 0.19317036290322587 0.3145581317204301 0.19359038978494628 0.3099378360215054 0.19569052419354843 0.30615759408602156 0.19695060483870971 0.30111727150537637 0.198210685483871 0.29817708333333337 0.20115087365591403 0.29439684139784955 0.20409106182795703 0.2927167338709678 0.20745127688172046 0.29187668010752693 0.20997143817204306 0.29187668010752693 0.21375168010752693 0.2927167338709678 0.21711189516129037 0.2927167338709678 0.21963205645161293 0.29523689516129037 0.22257224462365596 0.29817708333333337 0.22677251344086027 0.29901713709677424 0.22971270161290328 0.2994371639784947 0.23181283602150543 0.3015372983870968 0.23391297043010756 0.3040574596774194 0.23601310483870971 0.306577620967742 0.2385332661290323 0.309517809139785 0.24021337365591403 0.312457997311828 0.2427335349462366 0.31623823924731187 0.24441364247311834 0.3195984543010753 0.2456737231182796 0.32295866935483875 0.24735383064516134 0.3263188844086022 0.24861391129032262 0.3313592069892473 0.24903393817204306 0.33639952956989255 0.24819388440860218 0.34017977150537637 0.2456737231182796 0.342699932795699 0.24441364247311834 0.3460601478494624 0.24231350806451615 0.35026041666666674 0.2397933467741936 0.35278057795698925 0.23769321236559143 0.354460685483871 0.23517305107526887 0.35614079301075274 0.23307291666666669 0.3565608198924731 0.23097278225806456 0.3565608198924731 0.22803259408602156 0.35614079301075274 0.2246723790322581 0.3557207661290323 0.2204721102150538 0.354460685483871 0.21711189516129037 0.3536206317204301
1 0.2788558467741936 0.31077788978494625 0.27213541666666674 0.30741767473118287 0.27003528225806456 0.30615759408602156 0.267515120967742 0.30489751344086025 0.2649949596774194 0.30321740591397855 0.2624747983870968 0.30111727150537637 0.25995463709677424 0.29775705645161293 0.2578545026881721 0.29481686827956993 0.2565944220430108 0.29145665322580644 0.25491431451612906 0.2876764112903226 0.2536542338709678 0.28389616935483875 0.25323420698924737 0.28011592741935487 0.2523941532258065 0.27675571236559143 0.25197412634408606 0.273395497311828 0.2511340725806452 0.27003528225806456 0.2511340725806452 0.2666750672043011 0.2511340725806452 0.26457493279569894 0.25071404569892475 0.26163474462365593 0.2511340725806452 0.25869455645161293 0.2523941532258065 0.2544942876344086 0.2536542338709678 0.25071404569892475 0.2553343413978495 0.24777385752688177 0.2574344758064517 0.2456737231182796 0.2595346102150538 0.24441364247311834 0.2649949596774194 0.2427335349462366 0.26919522849462374 0.24189348118279572 0.27465557795698925 0.2410534274193549 0.2775957661290323 0.24063340053763446 0.28095598118279574 0.23937331989247315 0.2834761424731183 0.23937331989247315 0.28809643817204306 0.23937331989247315 0.2931367607526882 0.24021337365591403 0.29691700268817206 0.2427335349462366 0.2994371639784947 0.24441364247311834 0.30321740591397855 0.24735383064516134 0.30615759408602156 0.2494539650537635 0.30909778225806456 0.2515540994623656 0.312457997311828 0.2536542338709678 0.315398185483871 0.25575436827956993 0.3179183467741936 0.25827452956989255 0.3208585349462366 0.26121471774193555 0.3233786962365592 0.2654149865591398 0.3254788306451613 0.26877520161290325 0.32757896505376344 0.273395497311828 0.3288390456989248 0.27801579301075274 0.3292590725806452 0.2805359543010753 0.3292590725806452 0.2805359543010753 0.3296790994623657 0.28599630376344093 0.3296790994623657 0.2901965725806452 0.3296790994623657 0.29397681451612906 0.32799899193548393 0.2994371639784947 0.32589885752688175 0.3040574596774194 0.3233786962365592 0.30825772849462374 0.3195984543010753 0.3120379704301076 0.315398185483871 0.3149781586021506 0.31077788978494625 0.3174983198924731 0.30615759408602156 0.31875840053763443 0.3023773521505377 0.31875840053763443 0.29817708333333337 0.31875840053763443 0.29481686827956993 0.318338373655914 0.2901965725806452 0.31623823924731187 0.2864163306451613 0.3145581317204301
1 0.38848286290322587 0.2985971102150538 0.3834425403225807 0.2931367607526882 0.3821824596774194 0.2897765456989248 0.38134240591397855 0.28683635752688175 0.3809223790322581 0.28389616935483875 0.3809223790322581 0.2805359543010753 0.3805023521505377 0.27675571236559143 0.3805023521505377 0.273395497311828 0.3805023521505377 0.2696152553763441 0.3805023521505377 0.2662550403225807 0.38302251344086025 0.2607946908602151 0.3868027553763441 0.25491431451612906 0.38890288978494625 0.2515540994623656 0.39142305107526887 0.24819388440860218 0.39436323924731187 0.24483366935483877 0.39730342741935487 0.2427335349462366 0.4015036962365592 0.24021337365591403 0.4048639112903226 0.2385332661290323 0.40864415322580644 0.23811323924731187 0.41242439516129037 0.23811323924731187 0.41620463709677424 0.23895329301075272 0.4199848790322581 0.2410534274193549 0.42208501344086025 0.2427335349462366 0.423765120967742 0.2456737231182796 0.4241851478494624 0.24903393817204306 0.4241851478494624 0.2515540994623656 0.4241851478494624 0.2553343413978495 0.42544522849462374 0.2574344758064517 0.42628528225806456 0.2603746639784947 0.42796538978494625 0.2633148521505377 0.4292254704301076 0.26709509408602156 0.43048555107526887 0.2696152553763441 0.4317456317204301 0.2729754704301076 0.432585685483871 0.27675571236559143 0.432585685483871 0.27969590053763443 0.4321656586021506 0.28389616935483875 0.43090557795698925 0.2876764112903226 0.4288054435483871 0.29103662634408606 0.4271253360215054 0.2935567876344087 0.42502520161290325 0.29691700268817206 0.420824932795699 0.30111727150537637 0.41620463709677424 0.3053175403225807 0.41452452956989255 0.30741767473118287 0.41158434139784955 0.31077788978494625 0.4069640456989248 0.3086777553763441 0.4040238575268818 0.3069976478494624 0.3989835349462366 0.30489751344086025 0.39520329301075274 0.3027973790322581 0.3931031586021506 0.3015372983870968
1 0.5153309811827957 0.2922967069892473 0.5119707661290324 0.28893649193548393 0.5111307123655915 0.2864163306451613 0.5102906586021506 0.28389616935483875 0.5090305779569892 0.27969590053763443 0.5086105510752689 0.2775957661290323 0.5081905241935485 0.2754956317204301 0.507770497311828 0.2729754704301076 0.5073504704301076 0.27003528225806456 0.5073504704301076 0.2666750672043011 0.5073504704301076 0.2633148521505377 0.5073504704301076 0.2595346102150538 0.5073504704301076 0.25617439516129037 0.5081905241935485 0.25323420698924737 0.5094506048387097 0.2502940188172043 0.510710685483871 0.24651377688172046 0.5119707661290324 0.24315356182795703 0.513650873655914 0.24063340053763446 0.5161710349462366 0.23769321236559143 0.5195312500000001 0.234332997311828 0.5233114919354839 0.23181283602150543 0.5279317876344086 0.2288726478494624 0.5304519489247312 0.22719254032258068 0.5338121639784946 0.22509240591397853 0.5371723790322581 0.22383232526881722 0.5396925403225806 0.22383232526881722 0.5422127016129034 0.22509240591397853 0.5451528897849462 0.22719254032258068 0.5476730510752688 0.22971270161290328 0.5497731854838711 0.23265288978494628 0.5510332661290323 0.23517305107526887 0.552713373655914 0.23769321236559143 0.5539734543010754 0.24063340053763446 0.5552335349462366 0.2439936155913979 0.5556535618279571 0.24651377688172046 0.5560735887096775 0.2494539650537635 0.5569136424731183 0.25323420698924737 0.5573336693548387 0.25617439516129037 0.5577536962365592 0.25911458333333337 0.5581737231182796 0.26289482526881724 0.55859375 0.26583501344086025 0.55859375 0.26835517473118287 0.55859375 0.2708753360215054 0.5577536962365592 0.27423555107526887 0.5569136424731183 0.27801579301075274 0.5556535618279571 0.2805359543010753 0.5543934811827957 0.28305611559139787 0.5531334005376344 0.28599630376344093 0.5518733198924732 0.28893649193548393 0.5506132392473119 0.2922967069892473 0.5497731854838711 0.29523689516129037 0.5489331317204301 0.29817708333333337 0.5476730510752688 0.30069724462365593 0.5447328629032259 0.303637432795699 0.5422127016129034 0.303637432795699 0.5375924059139785 0.303637432795699 0.5321320564516129 0.303637432795699 0.5287718413978495 0.30195732526881724 0.5241515456989247 0.30027721774193555 0.5195312500000001 0.29775705645161293
1 0.6392389112903226 0.2410534274193549 0.6409190188172044 0.24861391129032262 0.6409190188172044 0.25323420698924737 0.6417590725806452 0.2565944220430108 0.6421790994623656 0.25995463709677424 0.6425991263440861 0.26289482526881724 0.6425991263440861 0.26583501344086025 0.6425991263440861 0.26877520161290325 0.6421790994623656 0.27171538978494625 0.6413390456989247 0.2738155241935484 0.6400789650537635 0.27717573924731187 0.6388188844086021 0.27969590053763443 0.6379788306451614 0.2817960349462366 0.6354586693548387 0.2834761424731183 0.6316784274193549 0.2847362231182796 0.6287382392473119 0.2847362231182796 0.6236979166666666 0.2843161962365592 0.6199176747311828 0.2834761424731183 0.6173975134408602 0.28263608870967744 0.6144573252688172 0.28095598118279574 0.6119371639784946 0.2788558467741936 0.6089969758064516 0.27675571236559143 0.6064768145161291 0.27423555107526887 0.6043766801075269 0.2708753360215054 0.6026965725806452 0.26709509408602156 0.6014364919354839 0.2637348790322581 0.6010164650537635 0.2603746639784947 0.6005964381720431 0.25617439516129037 0.6005964381720431 0.25323420698924737 0.6010164650537635 0.2502940188172043 0.6018565188172044 0.24819388440860218 0.6026965725806452 0.2456737231182796 0.6039566532258065 0.24231350806451615 0.6060567876344086 0.23895329301075272 0.6081569220430108 0.2355930779569893 0.6110971102150539 0.23349294354838712 0.613197244623656 0.23223286290322587 0.6161374327956989 0.231392809139785 0.6194976478494624 0.23097278225806456 0.6220178091397849 0.23097278225806456 0.6253780241935484 0.23097278225806456 0.6283182123655915 0.23181283602150543 0.6304183467741936 0.23265288978494628 0.6337785618279571 0.23475302419354843 0.6362987231182796 0.23685315860215056
1 0.6577200940860216 0.21963205645161293 0.658140120967742 0.21123151881720434 0.6598202284946237 0.2007308467741936 0.6606602822580645 0.19779065860215056 0.6623403897849462 0.19443044354838712 0.6636004704301076 0.19191028225806456 0.6648605510752688 0.18897009408602153 0.6665406586021505 0.18602990591397853 0.6682207661290323 0.18308971774193553 0.6703209005376344 0.18014952956989252 0.6724210349462366 0.17762936827956993 0.6749411962365592 0.1755292338709678 0.6774613575268817 0.17384912634408606 0.6804015456989247 0.17216901881720434 0.6846018145161291 0.17048891129032262 0.6888020833333334 0.16922883064516134 0.6917422715053764 0.1688088037634409 0.6955225134408602 0.1688088037634409 0.6984627016129034 0.16922883064516134 0.7018229166666666 0.17006888440860218 0.7043430779569894 0.17090893817204306 0.7068632392473119 0.17258904569892478 0.708963373655914 0.17468918010752693 0.7110635080645161 0.1772093413978495 0.7123235887096775 0.17930947580645165 0.7135836693548387 0.1826696908602151 0.7144237231182796 0.18602990591397853 0.71484375 0.1898101478494624 0.7161038306451614 0.19611055107526887 0.7173639112903226 0.20031081989247315 0.7177839381720431 0.20283098118279572 0.7177839381720431 0.2049311155913979 0.7173639112903226 0.20745127688172046 0.7165238575268817 0.20997143817204306 0.7156838037634409 0.21249159946236562 0.7144237231182796 0.21585181451612906 0.7135836693548387 0.2187920026881721 0.7123235887096775 0.2217321908602151 0.7110635080645161 0.22509240591397853 0.7093834005376344 0.22803259408602156 0.7077032930107527 0.23055275537634412 0.7064432123655915 0.23265288978494628 0.7043430779569894 0.234332997311828 0.7022429435483872 0.23685315860215056 0.7001428091397849 0.2397933467741936 0.6951024865591399 0.24231350806451615 0.6858618951612904 0.24357358870967746 0.6762012768817205 0.24357358870967746 0.6732610887096775 0.24315356182795703 0.6711609543010754 0.24231350806451615 0.6682207661290323 0.24063340053763446 0.6665406586021505 0.23937331989247315 0.6648605510752688 0.237273185483871 0.6619203629032259 0.23307291666666669 0.6602402553763441 0.23055275537634412 0.6589801747311828 0.22719254032258068
1 0.7396253360215055 0.23349294354838712 0.7350050403225806 0.2217321908602151 0.7337449596774195 0.21711189516129037 0.7324848790322581 0.21375168010752693 0.7316448252688172 0.20955141129032262 0.7308047715053764 0.20451108870967746 0.7308047715053764 0.20031081989247315 0.730384744623656 0.19569052419354843 0.7299647177419355 0.19023017473118284 0.7299647177419355 0.18518985215053765 0.7312247983870968 0.18014952956989252 0.7324848790322581 0.17594926075268819 0.7337449596774195 0.17090893817204306 0.7354250672043011 0.16670866935483877 0.7383652553763441 0.1616683467741936 0.7404653897849462 0.15830813172043015 0.7429855510752688 0.15578797043010756 0.7459257392473119 0.15536794354838712 0.7488659274193549 0.15452788978494628 0.7526461693548387 0.15410786290322587 0.7564264112903226 0.15410786290322587 0.7597866263440861 0.15578797043010756 0.76356686827957 0.1574680779569893 0.7665070564516129 0.159148185483871 0.7698672715053764 0.16124831989247315 0.7728074596774195 0.16418850806451615 0.7749075940860216 0.16712869623655918 0.7761676747311828 0.17006888440860218 0.7782678091397849 0.17342909946236562 0.7795278897849462 0.1772093413978495 0.7807879704301076 0.18098958333333337 0.7816280241935484 0.18644993279569896 0.7824680779569894 0.19149025537634412 0.7828881048387097 0.19569052419354843 0.7833081317204301 0.1994707661290323 0.7833081317204301 0.2036710349462366 0.7833081317204301 0.20829133064516134 0.7828881048387097 0.21249159946236562 0.7816280241935484 0.2162718413978495 0.7807879704301076 0.21963205645161293 0.7795278897849462 0.22341229838709684 0.7782678091397849 0.22677251344086027 0.7774277553763441 0.22929267473118284 0.775327620967742 0.23181283602150543 0.7723874327956989 0.23391297043010756 0.7702872983870968 0.23601310483870971 0.7665070564516129 0.23895329301075272 0.76356686827957 0.2414734543010753 0.7614667338709677 0.2427335349462366 0.7589465725806452 0.24357358870967746 0.7560063844086021 0.24357358870967746 0.7526461693548387 0.24357358870967746 0.7497059811827957 0.24231350806451615 0.7446656586021505 0.2397933467741936
1 0.49222950268817206 0.19149025537634412 0.49012936827956993 0.18644993279569896 0.4888692876344087 0.18308971774193553 0.48718918010752693 0.1784694220430108 0.48676915322580644 0.17510920698924737 0.48676915322580644 0.1713289650537635 0.48676915322580644 0.16628864247311834 0.48676915322580644 0.1633484543010753 0.4909694220430108 0.14948756720430112 0.49222950268817206 0.1465473790322581 0.4939096102150538 0.14318716397849465 0.49558971774193555 0.14024697580645165 0.49726982526881724 0.13688676075268819 0.4993699596774194 0.13394657258064518 0.501890120967742 0.13100638440860218 0.5039902553763441 0.12806619623655918 0.5065104166666667 0.1255460349462366 0.5090305779569892 0.12302587365591401 0.5119707661290324 0.12050571236559145 0.5149109543010754 0.11798555107526885 0.5178511424731184 0.11630544354838714 0.5212113575268817 0.11504536290322584 0.5245715725806452 0.11462533602150542 0.5275117607526882 0.11420530913978498 0.5325520833333334 0.11420530913978498 0.5346522177419355 0.11462533602150542 0.5384324596774195 0.11588541666666671 0.5417926747311828 0.11756552419354843 0.5447328629032259 0.11882560483870971 0.5485131048387097 0.11966565860215057 0.5518733198924732 0.12134576612903229 0.5543934811827957 0.12302587365591401 0.5564936155913979 0.1255460349462366 0.5581737231182796 0.12932627688172046 0.5590137768817205 0.13856686827956993 0.5581737231182796 0.14318716397849465 0.5577536962365592 0.14822748655913984 0.5569136424731183 0.15284778225806456 0.5560735887096775 0.15578797043010756 0.5548135080645161 0.15998823924731187 0.552713373655914 0.16502856182795703 0.5506132392473119 0.1688088037634409 0.5489331317204301 0.17300907258064518 0.5476730510752688 0.17636928763440862 0.5464129704301076 0.1797295026881721 0.5451528897849462 0.1826696908602151 0.5430527553763441 0.18476982526881722 0.5392725134408602 0.18855006720430112 0.5359122983870968 0.19107022849462368 0.5317120295698925 0.19359038978494628 0.5266717069892474 0.195270497311828 0.5216313844086022 0.19779065860215056 0.5195312500000001 0.19863071236559143 0.5149109543010754 0.19863071236559143 0.5098706317204301 0.198210685483871 0.5056703629032259 0.19695060483870971 0.501890120967742 0.19569052419354843
1 0.6657006048387097 0.13898689516129037 0.6585601478494624 0.14402721774193553 0.6526797715053764 0.14696740591397853 0.6497395833333334 0.1478074596774194 0.6472194220430108 0.14906754032258068 0.6446992607526882 0.14990759408602153 0.6396589381720431 0.15032762096774197 0.63671875 0.15032762096774197 0.6341985887096775 0.15032762096774197 0.6295782930107527 0.15032762096774197 0.6253780241935484 0.14948756720430112 0.6215977822580645 0.14822748655913984 0.6169774865591399 0.14612735215053765 0.6127772177419355 0.14444724462365596 0.6098370295698925 0.14150705645161293 0.6081569220430108 0.1381468413978495 0.60731686827957 0.13478662634408606 0.6064768145161291 0.13226646505376347 0.6052167338709677 0.12596606182795703 0.6064768145161291 0.12386592741935488 0.6085769489247312 0.12050571236559145 0.6106770833333334 0.11798555107526885 0.613197244623656 0.11462533602150542 0.6152973790322581 0.11126512096774198 0.6178175403225806 0.10832493279569896 0.6207577284946237 0.10538474462365595 0.6236979166666666 0.10370463709677423 0.6278981854838711 0.10286458333333338 0.6320984543010754 0.10202452956989251 0.6371387768817205 0.10160450268817207 0.6409190188172044 0.10118447580645165 0.6455393145161291 0.10118447580645165 0.6497395833333334 0.10160450268817207 0.6535198252688172 0.10244455645161295 0.6573000672043011 0.10370463709677423 0.6602402553763441 0.10496471774193553 0.6644405241935484 0.10706485215053768 0.6678007392473119 0.10916498655913982 0.6703209005376344 0.11126512096774198 0.6728410618279571 0.11378528225806456 0.6736811155913979 0.11630544354838714 0.6741011424731183 0.12092573924731186 0.6741011424731183 0.12470598118279574 0.6741011424731183 0.1272261424731183 0.6728410618279571 0.13142641129032262 0.6711609543010754 0.13478662634408606
1 0.7791078629032259 0.08858366935483875 0.7770077284946237 0.09446404569892476 0.7757476478494624 0.09656418010752693 0.7736475134408602 0.09950436827956993 0.7715473790322581 0.10160450268817207 0.7690272177419355 0.1032846102150538 0.7660870295698925 0.10496471774193553 0.7631468413978495 0.1074848790322581 0.7606266801075269 0.10958501344086026 0.7555863575268817 0.11126512096774198 0.7518061155913979 0.11126512096774198 0.7471858198924732 0.11084509408602154 0.7425655241935484 0.11000504032258068 0.7379452284946237 0.10916498655913982 0.7341649865591399 0.10790490591397853 0.7295446908602151 0.10622479838709681 0.7261844758064516 0.10412466397849467 0.7253444220430108 0.10286458333333338 0.72450436827957 0.09992439516129036 0.7240843413978495 0.0961441532258065 0.7236643145161291 0.0923639112903226 0.7232442876344086 0.08858366935483875 0.7232442876344086 0.08438340053763445 0.7240843413978495 0.08186323924731186 0.7253444220430108 0.078082997311828 0.7266045026881721 0.07472278225806456 0.7287046370967742 0.0713625672043011 0.730384744623656 0.06884240591397853 0.7320648521505377 0.06632224462365595 0.7345850134408602 0.06422211021505381 0.7366851478494624 0.06212197580645165 0.7387852822580645 0.060441868279569926 0.7417254704301076 0.059181787634408636 0.7455057123655915 0.05834173387096778 0.7501260080645161 0.05750168010752692 0.7530661962365592 0.056661626344086065 0.7551663306451614 0.056661626344086065 0.76356686827957 0.05498151881720434 0.7681871639784946 0.055821572580645205 0.7711273521505377 0.05624159946236563 0.7744875672043011 0.05750168010752692 0.7791078629032259 0.059181787634408636 0.7824680779569894 0.060441868279569926 0.7854082661290323 0.06506216397849467 0.7854082661290323 0.06800235215053768 0.7854082661290323 0.0713625672043011 0.7849882392473119 0.07598286290322584 0.7837281586021505 0.07934307795698928 0.7820480510752688 0.08270329301075273
1 0.6547799059139785 0.025579637096774233 0.6518397177419355 0.03272009408602154 0.6509996639784946 0.0348202284946237 0.6501596102150539 0.037340389784946276 0.6493195564516129 0.040700604838709714 0.6480594758064516 0.04364079301075273 0.6467993951612904 0.04658098118279574 0.6459593413978495 0.049521169354838745 0.6451192876344086 0.05330141129032262 0.6430191532258065 0.056661626344086065 0.6409190188172044 0.059181787634408636 0.6375588037634409 0.06128192204301079 0.6316784274193549 0.06380208333333337 0.6266381048387097 0.06548219086021509 0.6224378360215055 0.06674227150537639 0.6173975134408602 0.06674227150537639 0.6115171370967742 0.06632224462365595 0.6047967069892474 0.06422211021505381 0.6014364919354839 0.06212197580645165 0.5980762768817205 0.05960181451612907 0.5955561155913979 0.05750168010752692 0.591775873655914 0.05498151881720434 0.5896757392473119 0.05288138440860219 0.5867355510752688 0.049941196236559175 0.5842153897849462 0.04658098118279574 0.5829553091397849 0.04322076612903229 0.5816952284946237 0.040700604838709714 0.580015120967742 0.037760416666666706 0.580015120967742 0.03272009408602154 0.580015120967742 0.028939852150537675 0.580015120967742 0.02473958333333337 0.5812752016129034 0.021379368279569932 0.5829553091397849 0.01801915322580649 0.5854754704301076 0.01465893817204305 0.5888356854838711 0.011298723118279608 0.5921959005376344 0.008358534946236597 0.5955561155913979 0.004998319892473156 0.5984963037634409 0.0020581317204301456 0.5989163306451614 0.0016381048387097156 0.5997563844086021 0.0007980510752688554 0.6333585349462366 0.0003780241935484253 0.6413390456989247 0.0024781586021505758 0.6438592069892474 0.004158266129032296 0.6459593413978495 0.004998319892473156 0.6484795026881721 0.006258400537634447 0.6497395833333334 0.007098454301075307 0.6514196908602151 0.009618615591397888 0.6526797715053764 0.012138776881720468 0.6535198252688172 0.01465893817204305 0.6543598790322581 0.017179099462365628 0.6547799059139785 0.01927923387096778
1 0.5266717069892474 0.04490087365591402 0.5195312500000001 0.041960685483871 0.5144909274193549 0.03650033602150541 0.5123907930107527 0.03272009408602154 0.5111307123655915 0.03019993279569896 0.5102906586021506 0.02809979838709681 0.5094506048387097 0.025999663978494663 0.5081905241935485 0.02263944892473122 0.5069304435483871 0.01885920698924735 0.5065104166666667 0.01591901881720434 0.5065104166666667 0.012978830645161329 0.5065104166666667 0.010878696236559179 0.507770497311828 0.008778561827957028 0.5094506048387097 0.006678427419354877 0.5115507392473119 0.004578293010752727 0.5140709005376345 0.003318212365591436 0.5165910618279571 0.0024781586021505758 0.5216313844086022 0.0024781586021505758 0.5283518145161291 0.002898185483871006 0.5304519489247312 0.003318212365591436 0.5333921370967742 0.004578293010752727 0.5363323252688172 0.005838373655914017 0.5392725134408602 0.0075184811827957365 0.5417926747311828 0.009618615591397888 0.5438928091397849 0.011718750000000038 0.5451528897849462 0.014238911290322618 0.5472530241935484 0.017179099462365628 0.5489331317204301 0.02011928763440864 0.5501932123655915 0.02431955645161294 0.5506132392473119 0.027679771505376382 0.5501932123655915 0.03314012096774197 0.5493531586021505 0.036920362903225847 0.5476730510752688 0.040280577956989284 0.5455729166666666 0.04322076612903229 0.5426327284946237 0.04532090053763445 0.5401125672043011 0.04574092741935488 0.5342321908602151 0.0461609543010753
1 0.231392809139785 0.18014952956989252 0.22635248655913984 0.17930947580645165 0.2229922715053764 0.17678931451612906 0.22089213709677422 0.1742691532258065 0.2187920026881721 0.1713289650537635 0.21669186827956993 0.16964885752688177 0.21375168010752693 0.16712869623655918 0.21123151881720434 0.16376848118279572 0.20871135752688177 0.1616683467741936 0.2066112231182796 0.15788810483870971 0.20451108870967746 0.15410786290322587 0.2024109543010753 0.15116767473118284 0.2007308467741936 0.14822748655913984 0.19989079301075272 0.14570732526881722 0.19989079301075272 0.13982694892473121 0.19989079301075272 0.13604670698924737 0.19989079301075272 0.13226646505376347 0.2007308467741936 0.12806619623655918 0.20157090053763446 0.12428595430107531 0.2036710349462366 0.12008568548387101 0.20619119623655918 0.11630544354838714 0.20871135752688177 0.11462533602150542 0.21291162634408606 0.11252520161290326 0.2162718413978495 0.11126512096774198 0.22215221774193553 0.11084509408602154 0.22719254032258068 0.11084509408602154 0.231392809139785 0.11210517473118282 0.2355930779569893 0.11378528225806456 0.23937331989247315 0.11546538978494628 0.24357358870967746 0.117145497311828 0.24903393817204306 0.11966565860215057 0.25323420698924737 0.12092573924731186 0.2578545026881721 0.12302587365591401 0.26163474462365593 0.1255460349462366 0.2654149865591398 0.12764616935483875 0.26835517473118287 0.12890625000000006 0.27003528225806456 0.13100638440860218 0.27213541666666674 0.13436659946236562 0.27423555107526887 0.1381468413978495 0.2759156586021506 0.14318716397849465 0.27717573924731187 0.14864751344086027 0.2788558467741936 0.15410786290322587 0.2805359543010753 0.159148185483871 0.28095598118279574 0.1633484543010753 0.2813760080645162 0.1688088037634409 0.2813760080645162 0.17384912634408606 0.28011592741935487 0.1784694220430108 0.2775957661290323 0.1814096102150538 0.27423555107526887 0.18434979838709684 0.27129536290322587 0.18518985215053765 0.267515120967742 0.18602990591397853 0.26289482526881724 0.18644993279569896 0.2603746639784947 0.18644993279569896 0.2565944220430108 0.18644993279569896 0.2536542338709678 0.18644993279569896 0.25071404569892475 0.18644993279569896 0.2469338037634409 0.1856098790322581 0.2427335349462366 0.18434979838709684 0.2355930779569893 0.18224966397849465
1 0.15872815860215056 0.24231350806451615 0.16124831989247315 0.2511340725806452 0.16124831989247315 0.26289482526881724 0.16124831989247315 0.267515120967742 0.1604082661290323 0.27171538978494625 0.159148185483871 0.276335685483871 0.15788810483870971 0.28011592741935487 0.156207997311828 0.2834761424731183 0.15368783602150543 0.28683635752688175 0.15158770161290328 0.28851646505376344 0.14864751344086027 0.29103662634408606 0.14570732526881722 0.2935567876344087 0.14192708333333337 0.2960769489247312 0.1381468413978495 0.29691700268817206 0.1352066532258065 0.29775705645161293 0.13226646505376347 0.29775705645161293 0.12932627688172046 0.29775705645161293 0.1272261424731183 0.29733702956989255 0.12386592741935488 0.2964969758064517 0.12176579301075273 0.29481686827956993 0.11840557795698928 0.29187668010752693 0.11588541666666671 0.28851646505376344 0.11462533602150542 0.28599630376344093 0.11336525537634413 0.28263608870967744 0.11126512096774198 0.2784358198924731 0.10958501344086026 0.27423555107526887 0.1087449596774194 0.2708753360215054 0.10832493279569896 0.26709509408602156 0.10790490591397853 0.2633148521505377 0.10790490591397853 0.2595346102150538 0.10790490591397853 0.25407426075268824 0.10832493279569896 0.25071404569892475 0.10916498655913982 0.24735383064516134 0.11000504032258068 0.24315356182795703 0.11168514784946242 0.23895329301075272 0.11378528225806456 0.234332997311828 0.11504536290322584 0.23181283602150543 0.11798555107526885 0.22803259408602156 0.12176579301075273 0.22551243279569896 0.1255460349462366 0.22383232526881722 0.12764616935483875 0.22383232526881722 0.13310651881720434 0.22383232526881722 0.13688676075268819 0.22425235215053765 0.14024697580645165 0.2259324596774194 0.1436071908602151 0.22719254032258068 0.14738743279569896 0.2288726478494624 0.15032762096774197 0.23097278225806456 0.153267809139785 0.23307291666666669 0.15662802419354843 0.237273185483871
1 0.05288138440860219 0.24063340053763446 0.04658098118279574 0.24315356182795703 0.03230006720430111 0.24609375000000003 0.03019993279569896 0.24609375000000003 0.02347950268817208 0.24525369623655918 0.02053931451612907 0.24441364247311834 0.01633904569892477 0.24357358870967746 0.006678427419354877 0.24021337365591403 0.0 0.23562195480510753 0.0 0.23223286290322587 0.0003780241935484253 0.18224966397849465 0.003738239247311866 0.1797295026881721 0.006258400537634447 0.1784694220430108 0.008778561827957028 0.17762936827956993 0.0125588037634409 0.17636928763440862 0.01633904569892477 0.17594926075268819 0.01969926075268821 0.17594926075268819 0.02347950268817208 0.17594926075268819 0.026419690860215093 0.17594926075268819 0.029779905913978534 0.17636928763440862 0.03272009408602154 0.17678931451612906 0.03566028225806455 0.1772093413978495 0.039020497311827995 0.17762936827956993 0.04238071236559144 0.1784694220430108 0.0461609543010753 0.1797295026881721 0.049521169354838745 0.1814096102150538 0.051621303763440894 0.18224966397849465 0.05540154569892477 0.18434979838709684 0.058761760752688214 0.18728998655913984 0.06254200268817207 0.19065020161290328 0.06548219086021509 0.19401041666666669 0.06716229838709681 0.19779065860215056 0.06884240591397853 0.2024109543010753 0.07052251344086026 0.20745127688172046 0.07178259408602154 0.21207157258064518 0.07262264784946242 0.21669186827956993 0.07304267473118282 0.2217321908602151 0.07262264784946242 0.22551243279569896 0.07094254032258068 0.2288726478494624 0.06800235215053768 0.23181283602150543 0.06632224462365595 0.23391297043010756 0.06296202956989251 0.23517305107526887 0.060441868279569926 0.23685315860215056 0.05708165322580649 0.23811323924731187
1 0.011718750000000038 0.0990843413978495 0.01927923387096778 0.10286458333333338 0.021379368279569932 0.10454469086021509 0.025579637096774233 0.10706485215053768 0.029359879032258104 0.1129452284946237 0.030619959677419394 0.11504536290322584 0.03314012096774197 0.11966565860215057 0.03440020161290326 0.12260584677419359 0.03524025537634413 0.12470598118279574 0.03650033602150541 0.12764616935483875 0.037340389784946276 0.1297463037634409 0.037760416666666706 0.13310651881720434 0.038180443548387136 0.13730678763440862 0.038600470430107565 0.14024697580645165 0.038600470430107565 0.14318716397849465 0.037760416666666706 0.14612735215053765 0.03608030913978499 0.14822748655913984 0.03314012096774197 0.15032762096774197 0.028939852150537675 0.15158770161290328 0.025999663978494663 0.15200772849462368 0.02431955645161294 0.15200772849462368 0.0209593413978495 0.1507476478494624 0.01591901881720434 0.14906754032258068 0.009198588709677458 0.1478074596774194 0.0007980510752688554 0.14402721774193553 0.0003780241935484253 0.09698420698924734 0.006258400537634447 0.09740423387096778
1 0.06380208333333337 0.0461609543010753 0.06422211021505381 0.038180443548387136 0.06548219086021509 0.0335601478494624 0.06800235215053768 0.03019993279569896 0.07094254032258068 0.027679771505376382 0.07430275537634413 0.025579637096774233 0.07850302419354843 0.02347950268817208 0.08270329301075273 0.022219422043010792 0.08858366935483875 0.021799395161290362 0.09530409946236564 0.021799395161290362 0.09866431451612907 0.021799395161290362 0.10286458333333338 0.02263944892473122 0.1074848790322581 0.02347950268817208 0.1104250672043011 0.02347950268817208 0.11462533602150542 0.02431955645161294 0.11966565860215057 0.025159610215053804 0.12428595430107531 0.025999663978494663 0.1268061155913979 0.025999663978494663 0.13058635752688177 0.027259744623655952 0.13394657258064518 0.02851982526881724 0.13688676075268819 0.029359879032258104 0.14108702956989252 0.03146001344086025 0.14528729838709684 0.03314012096774197 0.14948756720430112 0.03608030913978499 0.15200772849462368 0.038180443548387136 0.15536794354838712 0.040280577956989284 0.15830813172043015 0.04364079301075273 0.16124831989247315 0.04658098118279574 0.1633484543010753 0.048681115591397886 0.16544858870967746 0.051621303763440894 0.16796875000000003 0.05540154569892477 0.16964885752688177 0.059181787634408636 0.17048891129032262 0.06254200268817207 0.1713289650537635 0.06674227150537639 0.1717489919354839 0.0713625672043011 0.1717489919354839 0.07514280913978498 0.17048891129032262 0.078082997311828 0.1688088037634409 0.08144321236559143 0.16670866935483877 0.08480342741935488 0.16250840053763446 0.0877436155913979 0.156207997311828 0.09026377688172046 0.15032762096774197 0.0906838037634409 0.14318716397849465 0.09026377688172046 0.13436659946236562 0.08984375000000004 0.12806619623655918 0.0894237231182796 0.12302587365591401 0.08858366935483875 0.11966565860215057 0.08816364247311831 0.11630544354838714 0.08690356182795703 0.11168514784946242 0.08564348118279574 0.10790490591397853 0.08438340053763445 0.10454469086021509 0.08312331989247317 0.10076444892473123 0.08102318548387101 0.09740423387096778 0.07934307795698928 0.09404401881720434 0.078082997311828 0.0906838037634409 0.07724294354838714 0.08816364247311831 0.07640288978494628 0.08522345430107531 0.07514280913978498 0.08186323924731186 0.07304267473118282 0.07850302419354843 0.07052251344086026 0.07598286290322584 0.06842237903225809 0.07346270161290326 0.06590221774193553 0.07094254032258068 0.06296202956989251 0.06884240591397853 0.060441868279569926 0.06716229838709681 0.05750168010752692 0.06548219086021509 0.05204133064516133
1 0.2897765456989248 0.028939852150537675 0.279275873655914 0.02809979838709681 0.2759156586021506 0.027679771505376382 0.2725554435483871 0.027259744623655952 0.26835517473118287 0.025579637096774233 0.26457493279569894 0.02347950268817208 0.26121471774193555 0.021799395161290362 0.25701444892473124 0.01927923387096778 0.2536542338709678 0.0167590725806452 0.2515540994623656 0.01465893817204305 0.2494539650537635 0.012138776881720468 0.24819388440860218 0.009198588709677458 0.2469338037634409 0.005838373655914017 0.24609375000000003 0.0020581317204301456 0.33387936827956993 0.0007980510752688554 0.33345934139784955 0.004998319892473156 0.3321992607526882 0.007938508064516167 0.33093918010752693 0.012138776881720468 0.3296790994623657 0.01465893817204305 0.32799899193548393 0.01759912634408606 0.32589885752688175 0.01969926075268821 0.3204385080645162 0.023059475806451648 0.315398185483871 0.02473958333333337 0.31329805107526887 0.025579637096774233 0.309517809139785 0.026419690860215093 0.3057375672043011 0.026839717741935522 0.30195732526881724 0.027259744623655952 0.29817708333333337 0.02809979838709681
1 0.886634744623656 0.009618615591397888 0.8841145833333334 0.01549899193548391 0.8828545026881721 0.01759912634408606 0.8811743951612904 0.01969926075268821 0.8790742607526882 0.022219422043010792 0.8765540994623656 0.025159610215053804 0.8736139112903226 0.02851982526881724 0.8715137768817205 0.03019993279569896 0.8685735887096775 0.03272009408602154 0.8647933467741936 0.03566028225806455 0.8618531586021505 0.037760416666666706 0.859332997311828 0.039860551075268855 0.8555527553763441 0.04280073924731187 0.8526125672043011 0.04448084677419359 0.8505124327956989 0.04574092741935488 0.8479922715053764 0.0461609543010753 0.8446320564516129 0.04658098118279574 0.8400117607526882 0.04700100806451617 0.8358114919354839 0.04700100806451617 0.83203125 0.04700100806451617 0.8274109543010754 0.0461609543010753 0.8253108198924732 0.04448084677419359 0.8223706317204301 0.041960685483871 0.8198504704301076 0.039020497311827995 0.8181703629032259 0.036920362903225847 0.8156502016129034 0.0335601478494624 0.8135500672043011 0.030619959677419394 0.8122899865591399 0.025579637096774233 0.8114499327956989 0.014238911290322618 0.8122899865591399 0.0003780241935484253 0.8127100134408602 0.0003780241935484253 0.8904149865591399 0.0003780241935484253
1 0.8584929435483872 0.11252520161290326 0.859332997311828 0.11924563172043015 0.8597530241935484 0.12134576612903229 0.8601730510752689 0.12428595430107531 0.8597530241935484 0.12806619623655918 0.8584929435483872 0.13142641129032262 0.8572328629032259 0.13478662634408606 0.8551327284946237 0.1381468413978495 0.8530325940860216 0.14150705645161293 0.8509324596774195 0.1448672715053764 0.8488323252688172 0.1478074596774194 0.8450520833333334 0.15116767473118284 0.8404317876344086 0.15284778225806456 0.8370715725806452 0.15368783602150543 0.8349714381720431 0.15410786290322587 0.8324512768817205 0.15410786290322587 0.8303511424731183 0.153267809139785 0.8278309811827957 0.1507476478494624 0.8248907930107527 0.14696740591397853 0.8215305779569894 0.14318716397849465 0.820270497311828 0.14108702956989252 0.8185903897849462 0.1381468413978495 0.8169102822580645 0.13310651881720434 0.8156502016129034 0.12806619623655918 0.8152301747311828 0.12344590053763445 0.8148101478494624 0.11924563172043015 0.814390120967742 0.11588541666666671 0.814390120967742 0.1129452284946237 0.8148101478494624 0.1104250672043011 0.8160702284946237 0.1074848790322581 0.8164902553763441 0.10496471774193553 0.8169102822580645 0.10118447580645165 0.8177503360215055 0.09782426075268821 0.8185903897849462 0.09530409946236564 0.8194304435483872 0.0923639112903226 0.8206905241935484 0.09026377688172046 0.8240507392473119 0.08816364247311831 0.826150873655914 0.08648353494623659 0.8286710349462366 0.08522345430107531 0.8311911962365592 0.08396337365591401 0.8366515456989247 0.08396337365591401 0.8412718413978495 0.08438340053763445 0.8446320564516129 0.08522345430107531 0.847572244623656 0.08732358870967746 0.8496723790322581 0.0894237231182796 0.8517725134408602 0.09320396505376348 0.853452620967742 0.09698420698924734 0.8555527553763441 0.10160450268817207 0.8568128360215055 0.10622479838709681
1 0.9966817876344086 0.06716229838709681 0.9920614919354839 0.06884240591397853 0.9891213037634409 0.06926243279569896 0.9845010080645161 0.06842237903225809 0.9815608198924732 0.06632224462365595 0.9794606854838711 0.06170194892473122 0.9782006048387097 0.056661626344086065 0.9777805779569894 0.05036122311827961 0.9777805779569894 0.04490087365591402 0.9777805779569894 0.040700604838709714 0.9782006048387097 0.03650033602150541 0.9794606854838711 0.03188004032258068 0.9807207661290323 0.026839717741935522 0.9819808467741936 0.02389952956989251 0.9832409274193549 0.0209593413978495 0.9849210349462366 0.017179099462365628 0.9866011424731183 0.014238911290322618 0.98828125 0.010878696236559179 0.9941616263440861 0.0020581317204301456 0.9975218413978495 0.0003780241935484253 0.9987819220430108 0.0003780241935484253
1 0.9025957661290323 0.4212449596774194 0.8971354166666666 0.4170446908602151 0.8950352822580645 0.4157846102150538 0.8933551747311828 0.4132644489247312 0.8929351478494624 0.4103242607526882 0.8916750672043011 0.4078040994623657 0.8899949596774195 0.40570396505376344 0.8878948252688172 0.40234375000000006 0.886634744623656 0.39982358870967744 0.8862147177419356 0.3956233198924731 0.8862147177419356 0.3926831317204301 0.8853746639784946 0.38890288978494625 0.8853746639784946 0.3851226478494624 0.8841145833333334 0.3809223790322581 0.8841145833333334 0.37714213709677424 0.8849546370967742 0.37336189516129037 0.8857946908602151 0.37000168010752693 0.8870547715053764 0.36706149193548393 0.8895749327956989 0.36202116935483875 0.8908350134408602 0.3586609543010753 0.8946152553763441 0.35530073924731187 0.8971354166666666 0.354460685483871 0.9004956317204301 0.354460685483871 0.9034358198924732 0.354460685483871 0.9063760080645161 0.35530073924731187 0.9097362231182796 0.3565608198924731 0.9130964381720431 0.357400873655914 0.9156165994623656 0.3586609543010753 0.9185567876344086 0.36076108870967744 0.9206569220430108 0.3628612231182796 0.9231770833333334 0.36664146505376344 0.9248571908602151 0.37000168010752693 0.9265372983870968 0.3737819220430108 0.9277973790322581 0.3767221102150538 0.9298975134408602 0.381762432795699 0.9311575940860216 0.38596270161290325 0.9324176747311828 0.390582997311828 0.9332577284946237 0.39520329301075274 0.9332577284946237 0.39940356182795705 0.9332577284946237 0.4036038306451613 0.9332577284946237 0.4073840725806452 0.9328377016129034 0.41116431451612906 0.9319976478494624 0.41452452956989255 0.9311575940860216 0.4170446908602151 0.9294774865591399 0.4195648521505377 0.9265372983870968 0.4216649865591398 0.9235971102150539 0.42334509408602156 0.9210769489247312 0.4241851478494624 0.9189768145161291 0.42460517473118287 0.9168766801075269 0.42460517473118287 0.9130964381720431 0.42460517473118287 0.9093161962365592 0.423765120967742
1 0.9349378360215055 0.5094506048387097 0.9269573252688172 0.5027301747311829 0.9248571908602151 0.5002100134408602 0.9231770833333334 0.4976898521505377 0.9219170026881721 0.49348958333333337 0.9202368951612904 0.48970934139784955 0.9185567876344086 0.4850890456989248 0.9177167338709677 0.48088877688172044 0.9177167338709677 0.47626848118279574 0.9177167338709677 0.4708081317204301 0.9189768145161291 0.46534778225806456 0.9202368951612904 0.4603074596774194 0.9214969758064516 0.45526713709677424 0.9227570564516129 0.45148689516129037 0.9244371639784946 0.4468665994623657 0.9261172715053764 0.4439264112903226 0.9294774865591399 0.4405661962365592 0.9332577284946237 0.43930611559139787 0.9399781586021505 0.43846606182795705 0.9450184811827957 0.4380460349462366 0.9479586693548387 0.43888608870967744 0.9521589381720431 0.4405661962365592 0.9559391801075269 0.4426663306451613 0.9592993951612904 0.4460265456989248 0.9626596102150539 0.4498067876344087 0.9651797715053764 0.45316700268817206 0.9676999327956989 0.45736727150537637 0.9698000672043011 0.46240759408602156 0.9710601478494624 0.46702788978494625 0.9719002016129034 0.4729082661290323 0.9723202284946237 0.47794858870967744 0.9727402553763441 0.4829889112903226 0.9723202284946237 0.4880292338709678 0.9714801747311828 0.49264952956989255 0.9710601478494624 0.49600974462365593 0.9702200940860216 0.4997899865591398 0.9693800403225806 0.5035702284946237 0.9681199596774195 0.5052503360215054 0.9634996639784946 0.5081905241935485 0.9605594758064516 0.5098706317204301 0.9571992607526882 0.5115507392473119 0.9550991263440861 0.5128108198924731 0.9529989919354839 0.5140709005376345 0.94921875 0.5153309811827957 0.9471186155913979 0.5153309811827957 0.943338373655914 0.5140709005376345 0.9395581317204301 0.5123907930107527
1 0.8248907930107527 0.6215977822580645 0.8185903897849462 0.6148773521505377 0.8110299059139785 0.6085769489247312 0.8089297715053764 0.6064768145161291 0.8068296370967742 0.6035366263440861 0.8051495295698925 0.6014364919354839 0.8022093413978495 0.5972362231182796 0.8013692876344086 0.5951360887096775 0.8005292338709677 0.591775873655914 0.8005292338709677 0.5892557123655915 0.8001092069892474 0.5867355510752688 0.7988491263440861 0.5833753360215055 0.7980090725806452 0.580015120967742 0.7980090725806452 0.5758148521505377 0.7980090725806452 0.5724546370967742 0.7988491263440861 0.5686743951612904 0.8001092069892474 0.5653141801075269 0.8013692876344086 0.5632140456989247 0.8038894489247312 0.5602738575268817 0.8059895833333334 0.55859375 0.8089297715053764 0.5569136424731183 0.8135500672043011 0.5548135080645161 0.8164902553763441 0.5535534274193549 0.8206905241935484 0.5518733198924732 0.8257308467741936 0.5501932123655915 0.83203125 0.5497731854838711 0.8374915994623656 0.5497731854838711 0.8425319220430108 0.5497731854838711 0.8463121639784946 0.5506132392473119 0.8509324596774195 0.5522933467741936 0.8551327284946237 0.5539734543010754 0.8597530241935484 0.5560735887096775 0.8643733198924732 0.5581737231182796 0.8689936155913979 0.5611139112903226 0.8727738575268817 0.5632140456989247 0.8769741263440861 0.5661542338709677 0.88075436827957 0.5686743951612904 0.8862147177419356 0.5728746639784946 0.8912550403225806 0.5774949596774195 0.8946152553763441 0.5850554435483872 0.8954553091397849 0.5888356854838711 0.8967153897849462 0.5913558467741936 0.8975554435483872 0.5942960349462366 0.8975554435483872 0.5968161962365592 0.898395497311828 0.6005964381720431 0.898395497311828 0.6031165994623656 0.8975554435483872 0.6060567876344086 0.8967153897849462 0.6094170026881721 0.8950352822580645 0.6127772177419355 0.8937752016129034 0.6165574596774195 0.8920950940860216 0.6203377016129034 0.8904149865591399 0.6236979166666666 0.8883148521505377 0.6262180779569894 0.8862147177419356 0.6278981854838711 0.8832745295698925 0.6299983198924732 0.8799143145161291 0.630838373655914 0.8752940188172044 0.6316784274193549 0.8715137768817205 0.6320984543010754 0.8681535618279571 0.6320984543010754 0.8635332661290323 0.6320984543010754 0.8580729166666666 0.6320984543010754 0.8547127016129034 0.6320984543010754 0.8509324596774195 0.6316784274193549 0.8458921370967742 0.630838373655914 0.8425319220430108 0.6299983198924732 0.8383316532258065 0.6283182123655915 0.8341313844086022 0.6262180779569894 0.8295110887096775 0.6236979166666666
1 0.5846354166666666 0.6904821908602151 0.5787550403225806 0.6883820564516129 0.5753948252688172 0.6858618951612904 0.5724546370967742 0.6833417338709677 0.5703545026881721 0.6812415994623656 0.56825436827957 0.6787214381720431 0.5665742607526882 0.6766213037634409 0.5648941532258065 0.6745211693548387 0.5632140456989247 0.6720010080645161 0.5606938844086021 0.6682207661290323 0.5598538306451614 0.6648605510752688 0.5590137768817205 0.6619203629032259 0.55859375 0.6585601478494624 0.5606938844086021 0.652259744623656 0.5648941532258065 0.6467993951612904 0.5665742607526882 0.6446992607526882 0.5686743951612904 0.6425991263440861 0.5716145833333334 0.6400789650537635 0.5737147177419355 0.6388188844086021 0.5770749327956989 0.6375588037634409 0.5816952284946237 0.6358786962365592 0.5854754704301076 0.6350386424731183 0.5896757392473119 0.6346186155913979 0.5942960349462366 0.6341985887096775 0.5993363575268817 0.6358786962365592 0.6035366263440861 0.6379788306451614 0.6077368951612904 0.6396589381720431 0.6106770833333334 0.6413390456989247 0.613197244623656 0.6434391801075269 0.6161374327956989 0.6451192876344086 0.6186575940860216 0.64637936827957 0.6211777553763441 0.6484795026881721 0.6236979166666666 0.6501596102150539 0.6266381048387097 0.6526797715053764 0.6299983198924732 0.6564600134408602 0.6320984543010754 0.6598202284946237 0.6333585349462366 0.6627604166666666 0.6346186155913979 0.6686407930107527 0.6337785618279571 0.6732610887096775 0.6325184811827957 0.6770413306451614 0.6312584005376344 0.6812415994623656 0.6299983198924732 0.6846018145161291 0.6278981854838711 0.6871219758064516 0.6253780241935484 0.6896421370967742 0.6228578629032259 0.6917422715053764 0.6178175403225806 0.6938424059139785 0.6110971102150539 0.6951024865591399 0.6060567876344086 0.6951024865591399 0.6001764112903226 0.6946824596774195 0.5947160618279571 0.6938424059139785 0.5900957661290323 0.6925823252688172
1 0.703082997311828 0.6883820564516129 0.7039230510752688 0.6812415994623656 0.7047631048387097 0.6791414650537635 0.7068632392473119 0.6762012768817205 0.7093834005376344 0.6741011424731183 0.7114835349462366 0.6724210349462366 0.7140036962365592 0.6707409274193549 0.7182039650537635 0.6686407930107527 0.7224042338709677 0.6673807123655915 0.7253444220430108 0.6669606854838711 0.7316448252688172 0.6669606854838711 0.7366851478494624 0.6669606854838711 0.7413054435483872 0.6673807123655915 0.7459257392473119 0.6690608198924732 0.7501260080645161 0.6707409274193549 0.7534862231182796 0.6728410618279571 0.7555863575268817 0.6749411962365592 0.7576864919354839 0.6778813844086021 0.7593665994623656 0.6808215725806452 0.7602066532258065 0.6846018145161291 0.7610467069892474 0.6875420026881721 0.7614667338709677 0.6909022177419355 0.7614667338709677 0.6951024865591399 0.7614667338709677 0.6980426747311828 0.7610467069892474 0.7005628360215055 0.7568464381720431 0.7047631048387097 0.7547463037634409 0.7064432123655915 0.7509660618279571 0.708963373655914 0.7476058467741936 0.7106434811827957 0.7442456317204301 0.7127436155913979 0.7404653897849462 0.71484375 0.7379452284946237 0.7156838037634409 0.7345850134408602 0.7156838037634409 0.7295446908602151 0.7156838037634409 0.7249243951612904 0.7152637768817205 0.7215641801075269 0.71484375 0.7182039650537635 0.7127436155913979 0.7161038306451614 0.7106434811827957 0.7131636424731183 0.7085433467741936 0.7102234543010754 0.7064432123655915 0.7064432123655915 0.7022429435483872 0.7047631048387097 0.6988827284946237 0.703082997311828 0.6942624327956989
1 0.814390120967742 0.7908686155913979 0.8106098790322581 0.7988491263440861 0.8089297715053764 0.8022093413978495 0.8064096102150539 0.8059895833333334 0.8038894489247312 0.8101898521505377 0.8005292338709677 0.8139700940860216 0.7975890456989247 0.8164902553763441 0.7921286962365592 0.8185903897849462 0.7879284274193549 0.8198504704301076 0.7845682123655915 0.8211105510752689 0.7816280241935484 0.8223706317204301 0.7782678091397849 0.8223706317204301 0.7732274865591399 0.8223706317204301 0.769447244623656 0.8219506048387097 0.7660870295698925 0.8206905241935484 0.7639868951612904 0.8190104166666666 0.7610467069892474 0.8164902553763441 0.7581065188172044 0.8139700940860216 0.7564264112903226 0.8106098790322581 0.7555863575268817 0.8072496639784946 0.7555863575268817 0.8030493951612904 0.7555863575268817 0.7988491263440861 0.7560063844086021 0.7950688844086021 0.7572664650537635 0.7904485887096775 0.7585265456989247 0.7854082661290323 0.7602066532258065 0.781207997311828 0.7623067876344086 0.7774277553763441 0.7644069220430108 0.7740675403225806 0.7665070564516129 0.7719674059139785 0.769447244623656 0.769447244623656 0.7723874327956989 0.7669270833333334 0.775327620967742 0.7648269489247312 0.7778477822580645 0.76356686827957 0.7807879704301076 0.7614667338709677 0.7841481854838711 0.7606266801075269 0.7887684811827957 0.7597866263440861 0.7938088037634409 0.7597866263440861 0.7996891801075269 0.7597866263440861 0.8051495295698925 0.7602066532258065 0.808509744623656 0.7614667338709677 0.8114499327956989 0.7631468413978495 0.8139700940860216 0.7652469758064516 0.8164902553763441 0.769447244623656 0.8177503360215055 0.7732274865591399 0.8181703629032259 0.7778477822580645 0.8177503360215055 0.7828881048387097 0.8164902553763441 0.787088373655914
1 0.8391717069892474 0.8706737231182796 0.8404317876344086 0.8618531586021505 0.8425319220430108 0.8530325940860216 0.8458921370967742 0.8421118951612904 0.8467321908602151 0.8391717069892474 0.8488323252688172 0.8345514112903226 0.8509324596774195 0.8303511424731183 0.8530325940860216 0.8274109543010754 0.8555527553763441 0.8253108198924732 0.8580729166666666 0.8227906586021505 0.8605930779569894 0.820270497311828 0.8639532930107527 0.8173303091397849 0.8668934811827957 0.8152301747311828 0.87109375 0.8127100134408602 0.8748739919354839 0.8106098790322581 0.8786542338709677 0.8101898521505377 0.8820144489247312 0.8101898521505377 0.886634744623656 0.8110299059139785 0.8904149865591399 0.8127100134408602 0.892515120967742 0.8152301747311828 0.8941952284946237 0.8190104166666666 0.8954553091397849 0.8227906586021505 0.8958753360215055 0.8269909274193549 0.8962953629032259 0.8316112231182796 0.8967153897849462 0.8362315188172044 0.8967153897849462 0.8400117607526882 0.8962953629032259 0.8450520833333334 0.8950352822580645 0.8500924059139785 0.8937752016129034 0.8551327284946237 0.8920950940860216 0.8589129704301076 0.8895749327956989 0.8639532930107527 0.8862147177419356 0.8694136424731183 0.8836945564516129 0.8731938844086022 0.8811743951612904 0.8765540994623656 0.8790742607526882 0.8799143145161291 0.8761340725806452 0.8836945564516129 0.8740339381720431 0.886634744623656 0.87109375 0.8895749327956989 0.8689936155913979 0.8916750672043011 0.8639532930107527 0.8937752016129034 0.8597530241935484 0.8941952284946237 0.8555527553763441 0.8937752016129034 0.8526125672043011 0.8920950940860216 0.8500924059139785 0.8904149865591399 0.847572244623656 0.8883148521505377 0.8450520833333334 0.8857946908602151 0.8429519489247312 0.8820144489247312 0.8412718413978495 0.8782342069892474 0.8400117607526882 0.8748739919354839
1 0.8101898521505377 0.8736139112903226 0.8135500672043011 0.8803343413978495 0.8152301747311828 0.8845346102150539 0.8160702284946237 0.8870547715053764 0.8169102822580645 0.8908350134408602 0.8169102822580645 0.8937752016129034 0.8169102822580645 0.8975554435483872 0.8169102822580645 0.9013356854838711 0.8169102822580645 0.9046959005376344 0.8164902553763441 0.9076360887096775 0.8148101478494624 0.9109963037634409 0.8122899865591399 0.9139364919354839 0.8055695564516129 0.9147765456989247 0.8001092069892474 0.9147765456989247 0.7980090725806452 0.9139364919354839 0.7954889112903226 0.9122563844086022 0.79296875 0.9105762768817205 0.7904485887096775 0.9088961693548387 0.7879284274193549 0.9067960349462366 0.7845682123655915 0.9046959005376344 0.7824680779569894 0.9030157930107527 0.7795278897849462 0.9013356854838711 0.7774277553763441 0.8992355510752689 0.7757476478494624 0.8971354166666666 0.7744875672043011 0.8950352822580645 0.7732274865591399 0.892515120967742 0.7728074596774195 0.8904149865591399 0.7723874327956989 0.8878948252688172 0.7715473790322581 0.8849546370967742 0.7707073252688172 0.8824344758064516 0.7707073252688172 0.8794942876344086 0.7707073252688172 0.8757140456989247 0.7711273521505377 0.8723538306451614 0.7728074596774195 0.8681535618279571 0.7749075940860216 0.8643733198924732 0.7770077284946237 0.8614331317204301 0.7795278897849462 0.859332997311828 0.7833081317204301 0.8580729166666666 0.7862483198924732 0.8576528897849462 0.7925487231182796 0.8576528897849462 0.7959089381720431 0.8589129704301076 0.7996891801075269 0.8610131048387097 0.8030493951612904 0.8635332661290323 0.8059895833333334 0.8664734543010754 0.8080897177419356 0.8698336693548387
1 0.7144237231182796 0.9202368951612904 0.7131636424731183 0.9286374327956989 0.7131636424731183 0.9319976478494624 0.7123235887096775 0.9349378360215055 0.7106434811827957 0.9399781586021505 0.7085433467741936 0.9450184811827957 0.7068632392473119 0.94921875 0.7043430779569894 0.9525789650537635 0.7018229166666666 0.9559391801075269 0.6988827284946237 0.9592993951612904 0.6959425403225806 0.9613995295698925 0.6909022177419355 0.9639196908602151 0.6862819220430108 0.9660198252688172 0.6829217069892474 0.9668598790322581 0.6774613575268817 0.9672799059139785 0.6715809811827957 0.9672799059139785 0.6669606854838711 0.9660198252688172 0.6619203629032259 0.964759744623656 0.6589801747311828 0.9639196908602151 0.6556199596774195 0.9613995295698925 0.6530997983870968 0.9584593413978495 0.6509996639784946 0.9559391801075269 0.6493195564516129 0.9538390456989247 0.6480594758064516 0.9504788306451614 0.6476394489247312 0.9466985887096775 0.6472194220430108 0.9424983198924732 0.6472194220430108 0.9391381048387097 0.6467993951612904 0.9345178091397849 0.6467993951612904 0.9307375672043011 0.6467993951612904 0.9265372983870968 0.6480594758064516 0.9231770833333334 0.6493195564516129 0.9189768145161291 0.6514196908602151 0.9139364919354839 0.6526797715053764 0.91015625 0.6543598790322581 0.9063760080645161 0.6564600134408602 0.9021757392473119 0.6589801747311828 0.898395497311828 0.6619203629032259 0.8954553091397849 0.6652805779569894 0.8929351478494624 0.6694808467741936 0.8899949596774195 0.6732610887096775 0.8878948252688172 0.6774613575268817 0.8857946908602151 0.6816616263440861 0.8845346102150539 0.6858618951612904 0.8836945564516129 0.6909022177419355 0.8836945564516129 0.6938424059139785 0.8836945564516129 0.6967825940860216 0.8849546370967742 0.7001428091397849 0.8870547715053764 0.7022429435483872 0.8895749327956989 0.7039230510752688 0.8933551747311828 0.7064432123655915 0.8979754704301076 0.7085433467741936 0.9021757392473119 0.7098034274193549 0.9055359543010754 0.7110635080645161 0.9097362231182796 0.7123235887096775 0.9147765456989247
1 0.8660534274193549 0.9752604166666666 0.8668934811827957 0.9660198252688172 0.8681535618279571 0.9613995295698925 0.8702536962365592 0.9567792338709677 0.8727738575268817 0.9525789650537635 0.8761340725806452 0.9483786962365592 0.8799143145161291 0.9454385080645161 0.8841145833333334 0.9420782930107527 0.8878948252688172 0.9387180779569894 0.8920950940860216 0.9357778897849462 0.8950352822580645 0.9340977822580645 0.8979754704301076 0.9336777553763441 0.9009156586021505 0.9332577284946237 0.9051159274193549 0.9340977822580645 0.9080561155913979 0.9357778897849462 0.9105762768817205 0.937457997311828 0.9135164650537635 0.9395581317204301 0.9156165994623656 0.9420782930107527 0.9177167338709677 0.9458585349462366 0.91981686827957 0.9496387768817205 0.9206569220430108 0.9538390456989247 0.9214969758064516 0.9580393145161291 0.9219170026881721 0.9622395833333334 0.9206569220430108 0.9676999327956989 0.9189768145161291 0.9727402553763441 0.9168766801075269 0.9773605510752689 0.9151965725806452 0.9811407930107527 0.9135164650537635 0.9845010080645161 0.9114163306451614 0.9878612231182796 0.9093161962365592 0.9912214381720431 0.9076360887096775 0.9937415994623656 0.9051159274193549 0.9962617607526882 0.9013356854838711 0.9983618951612904 0.9001428091397851 0.9989583333333333 0.8929351478494624 0.9989583333333333 0.8790742607526882 0.9983618951612904 0.8769741263440861 0.9971018145161291 0.8740339381720431 0.9950016801075269 0.8719338037634409 0.9929015456989247 0.8698336693548387 0.9899613575268817 0.8677335349462366 0.9874411962365592 0.8664734543010754 0.9849210349462366 0.8660534274193549 0.9807207661290323
1 0.6283182123655915 0.8836945564516129 0.6266381048387097 0.8908350134408602 0.6262180779569894 0.8933551747311828 0.6245379704301076 0.8967153897849462 0.6232778897849462 0.8996555779569894 0.6215977822580645 0.9025957661290323 0.6203377016129034 0.9046959005376344 0.6186575940860216 0.9076360887096775 0.6169774865591399 0.9109963037634409 0.6152973790322581 0.9130964381720431 0.613197244623656 0.9147765456989247 0.6098370295698925 0.9168766801075269 0.6056367607526882 0.9181367607526882 0.6026965725806452 0.9185567876344086 0.5993363575268817 0.9189768145161291 0.5968161962365592 0.9189768145161291 0.5909358198924732 0.9172967069892474 0.5867355510752688 0.9160366263440861 0.5833753360215055 0.9143565188172044 0.5825352822580645 0.9122563844086022 0.5821152553763441 0.9080561155913979 0.5821152553763441 0.9059559811827957 0.5821152553763441 0.9021757392473119 0.5821152553763441 0.898395497311828 0.5825352822580645 0.8954553091397849 0.5825352822580645 0.8920950940860216 0.5829553091397849 0.8887348790322581 0.5833753360215055 0.8857946908602151 0.5842153897849462 0.8820144489247312 0.5850554435483872 0.8794942876344086 0.5867355510752688 0.8752940188172044 0.5884156586021505 0.8719338037634409 0.5905157930107527 0.8685735887096775 0.5930359543010754 0.865213373655914 0.5959761424731183 0.8622731854838711 0.5993363575268817 0.859332997311828 0.6022765456989247 0.8576528897849462 0.6064768145161291 0.8555527553763441 0.6110971102150539 0.8542926747311828 0.6140372983870968 0.853452620967742 0.6178175403225806 0.8538726478494624 0.6203377016129034 0.8547127016129034 0.6228578629032259 0.8572328629032259 0.624957997311828 0.8610131048387097 0.6270581317204301 0.8647933467741936 0.6291582661290323 0.8681535618279571 0.6304183467741936 0.8715137768817205 0.630838373655914 0.8748739919354839 0.630838373655914 0.8778141801075269
1 0.5426327284946237 0.9269573252688172 0.5375924059139785 0.9324176747311828 0.5342321908602151 0.9353578629032259 0.5304519489247312 0.9378780241935484 0.5279317876344086 0.9391381048387097 0.5258316532258065 0.9403981854838711 0.5220514112903226 0.9420782930107527 0.5178511424731184 0.943338373655914 0.5144909274193549 0.9437584005376344 0.5094506048387097 0.9429183467741936 0.5056703629032259 0.9416582661290323 0.5031502016129032 0.9395581317204301 0.5010500672043011 0.9353578629032259 0.4993699596774194 0.9307375672043011 0.49852990591397855 0.9261172715053764 0.4976898521505377 0.9223370295698925 0.4968497983870968 0.9160366263440861 0.4968497983870968 0.9105762768817205 0.4968497983870968 0.9059559811827957 0.4976898521505377 0.9000756048387097 0.498949932795699 0.8954553091397849 0.5006300403225806 0.8908350134408602 0.5031502016129032 0.8845346102150539 0.5069304435483871 0.8778141801075269 0.510710685483871 0.8723538306451614 0.513650873655914 0.8694136424731183 0.5216313844086022 0.8639532930107527 0.5296118951612904 0.8605930779569894 0.5338121639784946 0.8605930779569894 0.5396925403225806 0.8605930779569894 0.5443128360215055 0.8610131048387097 0.5472530241935484 0.8626932123655915 0.5501932123655915 0.865213373655914 0.552713373655914 0.8677335349462366 0.5539734543010754 0.8706737231182796 0.5556535618279571 0.8740339381720431 0.5569136424731183 0.8773941532258065 0.5573336693548387 0.8820144489247312 0.5577536962365592 0.8862147177419356 0.5577536962365592 0.8904149865591399 0.5577536962365592 0.8962953629032259 0.5564936155913979 0.9009156586021505 0.5552335349462366 0.9046959005376344 0.5531334005376344 0.9093161962365592 0.5514532930107527 0.9135164650537635 0.5489331317204301 0.9185567876344086 0.5464129704301076 0.9227570564516129
1 0.47500840053763443 0.9051159274193549 0.4741683467741936 0.9122563844086022 0.4741683467741936 0.9151965725806452 0.4737483198924731 0.9189768145161291 0.4729082661290323 0.9227570564516129 0.47248823924731187 0.9269573252688172 0.4712281586021506 0.9307375672043011 0.46996807795698925 0.9340977822580645 0.4661878360215054 0.937457997311828 0.46408770161290325 0.9382980510752689 0.459887432795699 0.9391381048387097 0.45526713709677424 0.9395581317204301 0.45064684139784955 0.9399781586021505 0.4464465725806452 0.9395581317204301 0.44140625000000006 0.9382980510752689 0.4380460349462366 0.9366179435483872 0.4346858198924731 0.9336777553763441 0.43090557795698925 0.9307375672043011 0.4288054435483871 0.9286374327956989 0.4271253360215054 0.9252772177419356 0.42544522849462374 0.9202368951612904 0.42460517473118287 0.9143565188172044 0.42460517473118287 0.9093161962365592 0.42460517473118287 0.9055359543010754 0.42502520161290325 0.9004956317204301 0.42628528225806456 0.8958753360215055 0.4271253360215054 0.8937752016129034 0.4288054435483871 0.8912550403225806 0.43090557795698925 0.8883148521505377 0.43426579301075274 0.8849546370967742 0.43720598118279574 0.8828545026881721 0.44014616935483875 0.8803343413978495 0.4439264112903226 0.8769741263440861 0.44770665322580644 0.8748739919354839 0.4498067876344087 0.8740339381720431 0.45316700268817206 0.8740339381720431 0.4577872983870968 0.8744539650537635 0.4615675403225807 0.8761340725806452 0.46534778225806456 0.8778141801075269 0.4682879704301076 0.8794942876344086 0.4712281586021506 0.8824344758064516 0.4729082661290323 0.8853746639784946 0.4741683467741936 0.8891549059139785 0.47500840053763443 0.8937752016129034 0.47542842741935487 0.8988155241935484
1 0.42208501344086025 0.7497059811827957 0.41830477150537637 0.7568464381720431 0.41620463709677424 0.7589465725806452 0.4132644489247312 0.7618867607526882 0.4107442876344087 0.7648269489247312 0.4078040994623657 0.7669270833333334 0.4044438844086022 0.769447244623656 0.4006636424731183 0.7719674059139785 0.39688340053763443 0.7736475134408602 0.39226310483870974 0.7757476478494624 0.38722278225806456 0.7774277553763441 0.38302251344086025 0.7782678091397849 0.37882224462365593 0.7782678091397849 0.3746219758064517 0.7782678091397849 0.37000168010752693 0.7770077284946237 0.3658014112903226 0.775327620967742 0.36328125000000006 0.7732274865591399 0.36118111559139787 0.7702872983870968 0.3586609543010753 0.7669270833333334 0.3565608198924731 0.7627268145161291 0.3536206317204301 0.7576864919354839 0.354460685483871 0.7467657930107527 0.35530073924731187 0.742145497311828 0.3565608198924731 0.7375252016129034 0.35824092741935487 0.7337449596774195 0.36034106182795705 0.7299647177419355 0.36370127688172044 0.7253444220430108 0.3674815188172043 0.7211441532258065 0.3712617607526882 0.7182039650537635 0.37546202956989255 0.71484375 0.3796622983870968 0.7127436155913979 0.38428259408602156 0.7114835349462366 0.38890288978494625 0.7110635080645161 0.3956233198924731 0.7110635080645161 0.39982358870967744 0.7110635080645161 0.4036038306451613 0.7110635080645161 0.40864415322580644 0.7119035618279571 0.41200436827956993 0.7131636424731183 0.41620463709677424 0.7156838037634409 0.4195648521505377 0.7186239919354839 0.42208501344086025 0.7224042338709677 0.4241851478494624 0.7253444220430108 0.42544522849462374 0.7295446908602151 0.4258652553763441 0.7341649865591399 0.4258652553763441 0.7379452284946237 0.42502520161290325 0.7413054435483872
1 0.5371723790322581 0.6455393145161291 0.5300319220430108 0.6505796370967742 0.5279317876344086 0.6518397177419355 0.5245715725806452 0.6530997983870968 0.5216313844086022 0.6539398521505377 0.5170110887096775 0.6551999327956989 0.513650873655914 0.6564600134408602 0.5111307123655915 0.6573000672043011 0.507770497311828 0.6577200940860216 0.504830309139785 0.658140120967742 0.5010500672043011 0.658140120967742 0.4976898521505377 0.6573000672043011 0.49558971774193555 0.6551999327956989 0.4939096102150538 0.6526797715053764 0.49348958333333337 0.6493195564516129 0.49306955645161293 0.6446992607526882 0.49264952956989255 0.6396589381720431 0.49264952956989255 0.6362987231182796 0.49264952956989255 0.6325184811827957 0.49264952956989255 0.6278981854838711 0.49306955645161293 0.6241179435483872 0.49432963709677424 0.6211777553763441 0.49558971774193555 0.6178175403225806 0.49642977150537637 0.6140372983870968 0.4981098790322581 0.6110971102150539 0.5006300403225806 0.6089969758064516 0.5035702284946237 0.60731686827957 0.5060903897849462 0.6056367607526882 0.5081905241935485 0.6031165994623656 0.5111307123655915 0.6001764112903226 0.5144909274193549 0.5980762768817205 0.5182711693548387 0.5963961693548387 0.5228914650537635 0.5951360887096775 0.5266717069892474 0.5947160618279571 0.5317120295698925 0.5947160618279571 0.5354922715053764 0.5955561155913979 0.5384324596774195 0.59765625 0.5413726478494624 0.6010164650537635 0.5438928091397849 0.6043766801075269 0.5459929435483872 0.6077368951612904 0.5476730510752688 0.6110971102150539 0.5493531586021505 0.6140372983870968 0.5501932123655915 0.6178175403225806 0.5506132392473119 0.6236979166666666 0.5501932123655915 0.6266381048387097 0.5489331317204301 0.630838373655914 0.5472530241935484 0.6350386424731183 0.5451528897849462 0.6379788306451614 0.5434727822580645 0.6400789650537635
1 0.2906165994623657 0.98828125 0.2901965725806452 0.9811407930107527 0.2901965725806452 0.9790406586021505 0.2893565188172043 0.9761004704301076 0.28851646505376344 0.9731602822580645 0.28893649193548393 0.970640120967742 0.2897765456989248 0.9685399865591399 0.29103662634408606 0.9651797715053764 0.29187668010752693 0.9626596102150539 0.2931367607526882 0.9601394489247312 0.29439684139784955 0.9576192876344086 0.29691700268817206 0.9555191532258065 0.2994371639784947 0.9542590725806452 0.30321740591397855 0.9513188844086022 0.3057375672043011 0.9500588037634409 0.3099378360215054 0.94921875 0.3120379704301076 0.9487987231182796 0.31581821236559143 0.9487987231182796 0.32001848118279574 0.9487987231182796 0.32421875000000006 0.94921875 0.3267389112903226 0.9500588037634409 0.33009912634408606 0.9508988575268817 0.3321992607526882 0.9517389112903226 0.33429939516129037 0.9529989919354839 0.33681955645161293 0.9559391801075269 0.3405997983870968 0.9592993951612904 0.3435399865591398 0.9613995295698925 0.34690020161290325 0.9639196908602151 0.3506804435483871 0.9664398521505377 0.35278057795698925 0.9681199596774195 0.35488071236559143 0.9702200940860216 0.357400873655914 0.9727402553763441 0.3599210349462366 0.9769405241935484 0.3624411962365592 0.9798807123655915 0.36370127688172044 0.9828209005376344 0.3653813844086022 0.9874411962365592 0.36664146505376344 0.9920614919354839 0.3674815188172043 0.9958417338709677 0.3674815188172043 0.9987819220430108 0.3674815188172043 0.9989583333333333 0.29481686827956993 0.9989583333333333 0.29187668010752693 0.9962617607526882 0.2906165994623657 0.9933215725806452
1 0.22971270161290328 0.8488323252688172 0.2355930779569893 0.8538726478494624 0.23769321236559143 0.8559727822580645 0.24021337365591403 0.8584929435483872 0.24315356182795703 0.8614331317204301 0.24651377688172046 0.865213373655914 0.2494539650537635 0.8689936155913979 0.25071404569892475 0.8715137768817205 0.2515540994623656 0.8740339381720431 0.25281418010752693 0.8765540994623656 0.2536542338709678 0.8799143145161291 0.25407426075268824 0.8841145833333334 0.2544942876344086 0.8874747983870968 0.25491431451612906 0.8895749327956989 0.25491431451612906 0.8929351478494624 0.2544942876344086 0.8962953629032259 0.2536542338709678 0.898395497311828 0.2523941532258065 0.9009156586021505 0.25071404569892475 0.9038558467741936 0.24861391129032262 0.9059559811827957 0.24609375000000003 0.9080561155913979 0.24357358870967746 0.9093161962365592 0.2414734543010753 0.91015625 0.23811323924731187 0.9105762768817205 0.23517305107526887 0.9105762768817205 0.22845262096774197 0.9097362231182796 0.21123151881720434 0.8979754704301076 0.19905073924731187 0.8845346102150539 0.1965305779569893 0.8824344758064516 0.19485047043010756 0.8799143145161291 0.19359038978494628 0.8748739919354839 0.19317036290322587 0.8715137768817205 0.19275033602150543 0.8685735887096775 0.19275033602150543 0.865213373655914 0.192330309139785 0.8605930779569894 0.19191028225806456 0.8563928091397849 0.19191028225806456 0.8513524865591399 0.19191028225806456 0.847572244623656 0.192330309139785 0.8446320564516129 0.19443044354838712 0.8425319220430108 0.19737063172043015 0.84169186827957 0.2019909274193549 0.8408518145161291 0.20577116935483877 0.8408518145161291 0.20997143817204306 0.8408518145161291 0.21417170698924737 0.8412718413978495 0.2175319220430108 0.8425319220430108 0.2217321908602151 0.8437920026881721
1 0.23895329301075272 0.8206905241935484 0.23055275537634412 0.8198504704301076 0.22719254032258068 0.8190104166666666 0.22425235215053765 0.8181703629032259 0.22215221774193553 0.8169102822580645 0.21921202956989252 0.8152301747311828 0.21585181451612906 0.8139700940860216 0.21291162634408606 0.8131300403225806 0.20871135752688177 0.8106098790322581 0.20619119623655918 0.8072496639784946 0.20325100806451615 0.8055695564516129 0.20031081989247315 0.8022093413978495 0.1994707661290323 0.8001092069892474 0.19863071236559143 0.7971690188172044 0.198210685483871 0.7933887768817205 0.19863071236559143 0.7908686155913979 0.20031081989247315 0.7875084005376344 0.2019909274193549 0.7841481854838711 0.20535114247311834 0.7816280241935484 0.20871135752688177 0.7799479166666666 0.21291162634408606 0.7782678091397849 0.21837197580645165 0.7765877016129034 0.22257224462365596 0.775327620967742 0.22635248655913984 0.775327620967742 0.231392809139785 0.775327620967742 0.23685315860215056 0.775327620967742 0.2427335349462366 0.775327620967742 0.24735383064516134 0.7757476478494624 0.2515540994623656 0.7761676747311828 0.25491431451612906 0.7770077284946237 0.25869455645161293 0.7786878360215055 0.2633148521505377 0.7807879704301076 0.26583501344086025 0.7824680779569894 0.26877520161290325 0.7845682123655915 0.27171538978494625 0.7879284274193549 0.273395497311828 0.7908686155913979 0.27465557795698925 0.7954889112903226 0.27465557795698925 0.7988491263440861 0.27423555107526887 0.80262936827957 0.273395497311828 0.8051495295698925 0.27003528225806456 0.8080897177419356 0.267515120967742 0.8097698252688172 0.26415490591397855 0.8114499327956989 0.2607946908602151 0.8118699596774195 0.2565944220430108 0.8131300403225806 0.25323420698924737 0.814390120967742 0.2515540994623656 0.8164902553763441 0.2498739919354839 0.8190104166666666 0.24483366935483877 0.8206905241935484
1 0.15046736375158426 0.9917221166032953 0.1465066539923954 0.9869692648922687 0.14492237008871986 0.9841967680608366 0.14294201520912544 0.9806321292775665 0.14056558935361213 0.9778596324461344 0.1385852344740177 0.9742949936628644 0.13660487959442327 0.9683539290240811 0.13581273764258553 0.9632050063371356 0.13541666666666663 0.9588482256020279 0.13660487959442327 0.9536993029150823 0.13739702154626107 0.9501346641318125 0.13937737642585546 0.9465700253485424 0.140961660329531 0.944589670468948 0.1441302281368821 0.9422132446134347 0.14809093789607092 0.9406289607097592 0.15244771863117865 0.9390446768060837 0.1564084283903675 0.9390446768060837 0.16076520912547523 0.9390446768060837 0.1667062737642585 0.9394407477820026 0.171855196451204 0.9406289607097592 0.17779626108998728 0.9418171736375158 0.18175697084917614 0.9437975285171103 0.185717680608365 0.9461739543726235 0.1904705323193916 0.9485503802281369 0.19403517110266158 0.951718948035488 0.19680766793409374 0.9556796577946768 0.19878802281368818 0.9592442965779467 0.19997623574144482 0.9632050063371356 0.2007683776932826 0.9683539290240811 0.2011644486692015 0.9735028517110266 0.2011644486692015 0.9774635614702155 0.2007683776932826 0.9806321292775665 0.19997623574144482 0.9845928390367554 0.1983919518377693 0.9865731939163498 0.19641159695817487 0.989345690747782 0.19403517110266158 0.9917221166032953 0.19205481622306714 0.9937024714828897 0.18967839036755382 0.996078897338403 0.1869058935361216 0.9976631812420785 0.18413339670468945 0.9984553231939163 0.18195368610054916 0.9989583333333333 0.17383555133079842 0.9989583333333333 0.1694787705956907 0.9989583333333333 0.16591413181242076 0.9989583333333333 0.16155735107731303 0.9989583333333333 0.15759664131812418 0.9980592522179974 0.15323986058301645 0.9956828263624842
1 0.1025427756653992 0.8994375792141952 0.10927598225602024 0.9093393536121673 0.11125633713561466 0.9129039923954372 0.11363276299112797 0.9168647021546261 0.11482097591888461 0.9200332699619771 0.11600918884664127 0.923993979721166 0.11640525982256017 0.927558618504436 0.11640525982256017 0.931123257287706 0.11600918884664127 0.9350839670468948 0.11521704689480351 0.9394407477820026 0.11482097591888461 0.9434014575411914 0.11363276299112797 0.9469660963244613 0.11165240811153354 0.9505307351077313 0.10927598225602024 0.9533032319391634 0.10729562737642581 0.9556796577946768 0.10412705956907473 0.9576600126742713 0.09699778200253481 0.9592442965779467 0.09145278833967044 0.9592442965779467 0.08630386565272492 0.958452154626109 0.08234315589353608 0.9564717997465146 0.079174588086185 0.9544914448669201 0.07600602027883392 0.9525110899873257 0.06808460076045623 0.9441935994930292 0.06372782002534849 0.9370643219264891 0.06174746514575406 0.934291825095057 0.06055925221799741 0.931123257287706 0.05897496831432188 0.9271625475285171 0.058182826362484105 0.923993979721166 0.057390684410646334 0.9196371989860582 0.057390684410646334 0.9160725602027884 0.057390684410646334 0.9117157794676806 0.057390684410646334 0.9077550697084917 0.057390684410646334 0.9041904309252218 0.058578897338402984 0.9010218631178707 0.05976711026615965 0.8982493662864386 0.06135139416983518 0.8958729404309252 0.06451996197718626 0.8927043726235742 0.06650031685678068 0.8911200887198986 0.07006495564005065 0.8903279467680608 0.07521387832699616 0.8895358048162231 0.08036280101394165 0.8895358048162231 0.08432351077313051 0.8895358048162231 0.08828422053231935 0.8903279467680608 0.09264100126742708 0.8919122306717363 0.0973938529784537 0.8946847275031685
0 0.5573951434878588 0.7798703090507727 0.5494619205298013 0.7798703090507727 0.5415286975717439 0.7778007726269316 0.5353200883002207 0.7753863134657837 0.5311810154525386 0.7722820088300221 0.5298013245033112 0.7705573951434879 0.5284216335540839 0.7688327814569537 0.5273868653421634 0.7671081677704195 0.5277317880794702 0.7646937086092715 0.5294564017660044 0.7646937086092715 0.5311810154525386 0.7646937086092715 0.5329056291390729 0.7646937086092715 0.5353200883002207 0.765728476821192 0.5380794701986755 0.7664183222958058 0.5401490066225166 0.7667632450331126 0.5422185430463576 0.7674530905077263 0.5442880794701987 0.767798013245033 0.5473923841059603 0.7684878587196468 0.5511865342163355 0.7691777041942606 0.5529111479028698 0.7695226269315673 0.5560154525386313 0.7705573951434879 0.5587748344370861 0.7712472406181016 0.5615342163355409 0.7719370860927152 0.5639486754966888 0.7726269315673289 0.5663631346578366 0.7736616997792495 0.5687775938189845 0.77469646799117 0.5705022075055187 0.7753863134657837 0.5725717439293597 0.7760761589403973 0.5705022075055187 0.7784906181015452 0.5684326710816776 0.7791804635761589 0.565673289183223 0.7795253863134658 0.561189293598234 0.7795253863134658
1 0.5025524282560706 0.7822847682119206 0.5004828918322296 0.7764210816777042 0.5001379690949227 0.7743515452538631 0.5001379690949227 0.7715921633554085 0.5001379690949227 0.7684878587196468 0.5004828918322296 0.765728476821192 0.5011727373068433 0.7633140176600441 0.501862582781457 0.7598647902869757 0.5022075055187638 0.7577952538631346 0.5032422737306843 0.7550358719646799 0.5046219646799117 0.7522764900662252 0.5060016556291391 0.7498620309050773 0.5087610375275938 0.7477924944812362 0.5118653421633554 0.7450331125827815 0.5146247240618101 0.7429635761589404 0.5177290286975718 0.7405491169977925 0.5184188741721855 0.7395143487858719 0.5222130242825608 0.7374448123620309 0.5266970198675497 0.7357201986754967 0.5308360927152318 0.7339955849889624 0.534630242825607 0.7333057395143487 0.541183774834437 0.732960816777042 0.5446330022075055 0.732960816777042 0.5491169977924945 0.7339955849889624 0.5529111479028698 0.7343405077262694 0.5567052980132451 0.7343405077262694 0.5608443708609272 0.7346854304635762 0.565673289183223 0.7353752759381897 0.5715369757174393 0.7377897350993378 0.5753311258278145 0.7398592715231788 0.5784354304635762 0.7419288079470199 0.5811948123620309 0.7443432671081678 0.5839541942604857 0.7477924944812362 0.5867135761589404 0.7508967991169978 0.5891280353200883 0.7553807947019867 0.5915424944812362 0.759174944812362 0.5936120309050773 0.7626241721854304 0.5943018763796909 0.7653835540838851 0.5949917218543046 0.7691777041942606 0.5949917218543046 0.7733167770419427 0.5949917218543046 0.7760761589403973 0.5943018763796909 0.7802152317880794 0.5929221854304636 0.7836644591611479 0.5915424944812362 0.7871136865342163 0.5901628035320088 0.7891832229580573 0.5891280353200883 0.7912527593818984 0.5877483443708609 0.7936672185430463 0.5842991169977925 0.7991859823399559 0.5801600441501104 0.8022902869757175 0.5777455849889624 0.8043598233995585 0.5736065121412803 0.8067742825607064 0.5687775938189845 0.8088438189845475 0.5642935982339955 0.809878587196468 0.559119757174393 0.8105684326710816 0.5542908388520972 0.8109133554083885 0.5501517660044151 0.8112582781456954 0.5453228476821191 0.8112582781456954 0.5418736203090508 0.8109133554083885 0.5373896247240618 0.8102235099337748 0.5332505518763797 0.8095336644591612 0.5298013245033112 0.8081539735099337 0.5253173289183223 0.8067742825607064 0.5218681015452539 0.8053945916114791 0.5187637969094923 0.803325055187638 0.5160044150110376 0.8009105960264901 0.5142798013245033 0.7984961368653422 0.5122102649006622 0.7957367549668873 0.510485651214128 0.7926324503311258 0.5087610375275938 0.7902179911699779 0.5070364238410596 0.78780353200883 0.5049668874172185 0.7850441501103752
0 0.40688929001203367 0.2692539109506618 0.4061371841155234 0.2733904933814681 0.40576113116726836 0.2760228640192539 0.40538507821901326 0.2782791817087846 0.40538507821901326 0.2801594464500602 0.40500902527075816 0.28241576413959085 0.404632972322503 0.28467208182912157 0.40162454873646214 0.28504813477737667 0.401248495788207 0.28279181708784595 0.4008724428399519 0.2805354993983153 0.4008724428399519 0.2782791817087846 0.401248495788207 0.2760228640192539 0.40162454873646214 0.2737665463297232 0.4023766546329723 0.27151022864019253 0.4023766546329723 0.2692539109506618 0.40275270758122744 0.26699759326113115 0.404632972322503 0.2647412755716005
0 0.5343712394705175 0.2572202166064982 0.5343712394705175 0.2658694344163658 0.5328670276774969 0.27113417569193743 0.5324909747292419 0.2722623345367028 0.5321149217809867 0.27451865222623345 0.5302346570397112 0.27489470517448855 0.5291064981949458 0.273014440433213 0.5287304452466908 0.2628610108303249 0.5287304452466908 0.25834837545126355 0.5291064981949458 0.25383574007220217 0.5298586040914561 0.25157942238267145 0.5317388688327316 0.25120336943441635
0 0.2266691957511381 0.3325746079919069 0.22382397572078908 0.3300455235204856 0.22271750126454223 0.32941325240263025 0.22176909458775923 0.3281487101669196 0.2211368234699039 0.32704223571067276 0.22018841679312087 0.32561962569549824 0.21939807789580174 0.32340667678300455 0.2187658067779464 0.3221421345472939 0.2187658067779464 0.32119372787051087 0.22034648457258474 0.32119372787051087 0.22176909458775923 0.3221421345472939 0.2230336368234699 0.3230905412240769 0.22429817905918056 0.3241970156803237 0.2252465857359636 0.32514542235710675 0.22651112797167425 0.3260938290338897 0.22777567020738493 0.32688416793120895 0.22919828022255945 0.3281487101669196 0.23077895801719778 0.32941325240263025 0.23172736469398078 0.3305197268588771 0.23220156803237227 0.3319423368740516 0.23204350025290846 0.33368108244815375 0.23014668689934242 0.3347875569044006 0.2290402124430956 0.3343133535660091
0 0.4493634259259259 0.9137731481481481 0.44733796296296297 0.9117476851851851 0.44733796296296297 0.9094328703703703 0.44733796296296297 0.9074074074074073 0.44733796296296297 0.9048032407407407 0.44704861111111105 0.9027777777777778 0.4461805555555555 0.8995949074074073 0.44589120370370366 0.896412037037037 0.44589120370370366 0.8940972222222221 0.4487847222222222 0.892361111111111 0.45109953703703703 0.8943865740740741 0.4516782407407407 0.896412037037037 0.45196759259259256 0.8987268518518517 0.45254629629629634 0.9016203703703703 0.45254629629629634 0.904224537037037 0.45283564814814814 0.9065393518518517 0.45341435185185186 0.9094328703703703 0.45370370370370366 0.912037037037037 0.45370370370370366 0.9149305555555555 0.4513888888888889 0.9163773148148148
0 0.12538361661945233 0.05839825306893298 0.10059608120868746 0.047479933899905596 0.09853045325779039 0.044824126534466505 0.0961697355996223 0.04423394711992448 0.09203847969782816 0.04423394711992448 0.08879249291784705 0.04364376770538246 0.08731704438149199 0.04364376770538246 0.08820231350330503 0.04570939565627953 0.09233356940509917 0.04866029272898964 0.09439919735599625 0.04954556185080267 0.10089117091595848 0.05161118980169974 0.1044322474032106 0.05249645892351277 0.10797332389046273 0.05485717658168086 0.11151440037771485 0.05692280453257793 0.11741619452313505 0.059578611898017025 0.12243271954674223 0.0619393295561851 0.12626888574126535 0.06311968838526914 0.14043319169027385 0.06695585457979228 0.14456444759206802 0.06843130311614734 0.14869570349386216 0.06843130311614734 0.15105642115203025 0.0675460339943343 0.14869570349386216 0.06666076487252127 0.1410233711048159 0.06430004721435319 0.13364612842304063 0.06105406043437207
0 0.28797804532577903 0.2749940982058546 0.2791253541076487 0.26909230406043433 0.2749940982058546 0.2673217658168083 0.27233829084041544 0.2655512275731822 0.26968248347497636 0.26496104815864024 0.2693873937677054 0.2673217658168083 0.2702726628895184 0.26791194523135026 0.27292847025495753 0.26909230406043433 0.287682955618508 0.27883026440037767 0.29240439093484416 0.2811909820585458 0.29506019830028324 0.28296152030217187 0.2941749291784702 0.2791253541076487 0.29122403210576014 0.27558427762039656
0 0.1640403682719547 0.5033935316336166 0.1528269593956563 0.4948359301227573 0.15105642115203025 0.49395066100094426 0.15076133144475923 0.49631137865911235 0.15312204910292732 0.49867209631728043 0.16551581680830976 0.5081149669499527 0.1672863550519358 0.5087051463644948 0.1696470727101039 0.5090002360717658 0.1702372521246459 0.5066395184135977
0 0.5992976864966949 0.6653977809254012 0.5830677525967894 0.658020538243626 0.5807070349386213 0.6565450897072709 0.5768708687440982 0.6556598205854579 0.5751003305004722 0.655954910292729 0.5748052407932012 0.657430358829084 0.5765757790368272 0.65920089707271 0.5812972143531634 0.661266525023607 0.6040191218130312 0.6701192162417374 0.6060847497639282 0.6704143059490085 0.6078552880075543 0.6704143059490085 0.6087405571293673 0.6680535882908404 0.6046093012275731 0.6665781397544853
0 0.5447060906515581 0.38889872521246455 0.5270007082152974 0.3779804060434372 0.5246399905571294 0.3762098677998111 0.5210989140698772 0.37443932955618503 0.5172627478753541 0.37296388101982997 0.514606940509915 0.37207861189801694 0.5131314919735599 0.37207861189801694 0.514902030217186 0.37414423984891404 0.5187381964117092 0.3768000472143532 0.5367386685552408 0.38889872521246455 0.5609360245514635 0.39893177525967893
0 0.7512688857412653 0.19945113314447596 0.7506787063267233 0.18882790368271957 0.7515639754485364 0.1867622757318225 0.7533345136921624 0.1897131728045326 0.7542197828139755 0.19384442870632673 0.7554001416430595 0.21420561850802644 0.7548099622285174 0.21686142587346555 0.7533345136921624 0.21686142587346555 0.7512688857412653 0.2156810670443815 0.7509737960339943 0.21332034938621341 0.7509737960339943 0.21184490084985838 0.7518590651558074 0.20417256846081208
0 0.8454025023607177 0.01177407932011334 0.8392056185080264 0.023577667610953756 0.8371399905571294 0.023872757318224764 0.8371399905571294 0.020331680830972643 0.8400908876298394 0.015020066100094454 0.8483533994334277 0.002626298394712019 0.8504190273843247 0.0008557601510859569 0.8521305476864965 0.0 0.8510092067988668 0.0032164778092540402 0.8498288479697828 0.006167374881964144
0 0.6173731535003211 0.026693962748876043 0.6029222864482979 0.03311657032755298 0.6009152215799615 0.035123635195889534 0.6019187540141296 0.03632787411689145 0.6045279383429671 0.03632787411689145 0.6075385356454721 0.034320809248554913 0.6099470134874759 0.03351798330122029 0.6262042389210019 0.02890173410404624 0.6288134232498394 0.02829961464354528 0.629616249197174 0.026292549775208732 0.623795761078998 0.02528901734104046
0 0.8157407407407408 0.575925925925926 0.837962962962963 0.5851851851851853 0.8574074074074074 0.5949074074074073 0.8703703703703703 0.601388888888889 0.8856481481481481 0.6060185185185186 0.8810185185185185 0.610648148148148 0.8629629629629629 0.6023148148148147 0.85 0.5953703703703703 0.837037037037037 0.5884259259259259 0.8222222222222223 0.5814814814814814
0 0.40044247787610615 0.7310103244837758 0.394358407079646 0.7363569321533923 0.3853244837758112 0.743362831858407 0.3785029498525073 0.7479719764011798 0.375 0.7538716814159291 0.3788716814159292 0.7538716814159291 0.3829277286135693 0.747787610619469 0.39491150442477874 0.7405973451327433 0.40081120943952797 0.7367256637168141 0.4021017699115044 0.7346976401179941
0 0.6204149472718936 0.24759284731774414 0.6244268684089866 0.2521779000458505 0.6255731315910132 0.2567629527739569 0.6255731315910132 0.2616345712975699 0.6239970197157267 0.2662196240256763 0.6234238881247134 0.26779573590096284 0.620558230169647 0.26149128839981656 0.6199850985786336 0.2573360843649702 0.6191254011921136 0.25232118294360384
0 0.943698347107438 0.45575068870523416 0.9490358126721764 0.4669421487603306 0.9476584022038568 0.4801997245179063 0.9455922865013774 0.490702479338843 0.9452479338842976 0.4989669421487603 0.9419765840220385 0.49552341597796146 0.9388774104683196 0.48811983471074377 0.9409435261707989 0.47847796143250687 0.9412878787878788 0.46866391184573003 0.9416322314049588 0.45678374655647386
0 0.874116791354946 0.8348919368246052 0.8694409808811305 0.8434642560266002 0.8645054031587698 0.8525561097256859 0.8611284289276809 0.859569825436409 0.8580112219451372 0.856972152950956 0.8600893599334997 0.850218204488778 0.8642456359102245 0.8416458852867831 0.8691812136325853 0.8341126350789694 0.8730777223607649 0.830475893599335
0 0.5348154362416107 0.8808724832214766 0.5390100671140939 0.888562639821029 0.5355145413870246 0.8983501118568232 0.5313199105145414 0.9053411633109619 0.5243288590604027 0.9126817673378077 0.5211828859060402 0.9179250559284117 0.516988255033557 0.9231683445190157 0.5148909395973155 0.9259647651006712 0.5155900447427293 0.9165268456375839 0.5180369127516778 0.9074384787472035 0.5239793064876958 0.8973014541387024 0.5288730425055929 0.888912192393736
0 0.5237218370883882 0.6186813980358175 0.5251660889659157 0.6179592720970537 0.5271519352975159 0.6186813980358175 0.5278740612362796 0.6215699017908722 0.5267908723281339 0.6235557481224725 0.5260687463893703 0.6255415944540726 0.5251660889659157 0.6271663778162911 0.523902368573079 0.6295132871172732 0.5195696129404968 0.6324017908723281 0.5168616406701328 0.6333044482957828 0.5136120739456961 0.6331239168110918 0.5130704794916233 0.6318601964182553 0.5132510109763142 0.6300548815713459 0.5159589832466781 0.6259026574234546 0.5172227036395147 0.6242778740612362 0.519028018486424 0.6221114962449451
0 0.015105740181268883 0.2160435548841893 0.019196878147029202 0.2128965256797583 0.023760070493454178 0.21399798590130914 0.028637965760322254 0.21667296072507553 0.03461732124874119 0.21698766364551864 0.040439325276938574 0.21651560926485397 0.045789274924471296 0.21651560926485397 0.048621601208459216 0.2180891238670695 0.04468781470292044 0.219662638469285 0.039337865055387715 0.22044939577039274 0.03556143001007049 0.21934793554884188 0.023288016112789526 0.21777442094662638 0.01699395770392749 0.21887588116817724
0 0.13446643717728052 0.24688037865748708 0.13159781985083188 0.251004016064257 0.13141853126792885 0.25441049913941477 0.1303427997705106 0.2594305794606999 0.1303427997705106 0.26445065978198506 0.13123924268502582 0.2660642570281124 0.1337492828456684 0.26409208261617895 0.1342871485943775 0.2601477337923121 0.13500430292598967 0.25638267355134825 0.13536288009179573 0.2519004589787722
0 0.6970404984423676 0.18338687694704048 0.6953368380062305 0.18959306853582553 0.6929030373831775 0.19677278037383178 0.6894957165109034 0.20249221183800623 0.6856016355140186 0.20955023364485978 0.6847498052959502 0.21587811526479747 0.6815858644859812 0.22293613707165108 0.6776917834890965 0.22597838785046728 0.6776917834890965 0.21989388629283488 0.6814641744548287 0.21380938473520247 0.6831678348909658 0.20821164330218067 0.6873052959501557 0.2004234813084112 0.6893740264797508 0.19506911993769468 0.691686137071651 0.1910533489096573
0 0.6777200488997556 0.327781173594132 0.6805215973920131 0.3328748981255094 0.6868887530562346 0.3397514262428688 0.6886715566422168 0.3458638956805216 0.6912184189079055 0.34993887530562345 0.6935105949470253 0.356560717196414 0.6945293398533008 0.3659841075794621 0.6904543602281988 0.35961695191524046 0.6823044009779952 0.34993887530562345 0.6779747351263244 0.3428076609616952 0.6759372453137735 0.3354217603911981
0 0.17981972038263427 0.6015452538631346 0.18257910228108903 0.6008554083885209 0.1832689477557027 0.6056843267108167 0.18303899926416484 0.6112030905077261 0.18257910228108903 0.61626195732156 0.18372884473877849 0.6231604120676969 0.18234915378955113 0.624770051508462 0.1786699779249448 0.6204010301692421 0.17683038999264164 0.6155721118469463 0.17798013245033112 0.609363502575423
