1 0.21345514950166117 0.9793050941306755 0.2093023255813954 0.975844407530454 0.20757198228128465 0.9744601328903654 0.20549557032115176 0.9723837209302324 0.20376522702104102 0.9706533776301217 0.20134274640088598 0.9675387596899224 0.20030454042081955 0.9651162790697675 0.19892026578073096 0.9613095238095237 0.19822812846068666 0.9581949058693244 0.1971899224806202 0.955080287929125 0.19649778516057592 0.9523117386489479 0.19615171650055377 0.9488510520487263 0.19580564784053162 0.945736434108527 0.19545957918050946 0.9422757475083057 0.19545957918050946 0.9388150609080841 0.19545957918050946 0.9353543743078626 0.19580564784053162 0.9329318936877076 0.19684385382059807 0.9298172757475083 0.1978820598006645 0.9263565891472868 0.1992663344407531 0.9225498338870431 0.20099667774086385 0.9208194905869325 0.20307308970099675 0.9187430786267996 0.20653377630121822 0.9170127353266887 0.2093023255813954 0.9159745293466223 0.21310908084163904 0.9156284606866002 0.21830011074197128 0.9156284606866002 0.22314507198228134 0.9159745293466223 0.22695182724252497 0.9166666666666666 0.23110465116279075 0.9177048726467331 0.23525747508305656 0.9194352159468439 0.23941029900332234 0.922203765227021 0.24287098560354378 0.9249723145071981 0.24633167220376528 0.9284330011074197 0.2487541528239203 0.931547619047619 0.25117663344407537 0.9353543743078626 0.2529069767441861 0.9381229235880398 0.2542912513842747 0.9419296788482835 0.25532945736434115 0.9450442967884828 0.2556755260243633 0.9481589147286821 0.2563676633444076 0.9512735326688815 0.2567137320044297 0.9554263565891472 0.2570598006644519 0.9588870431893688 0.257405869324474 0.9623477297895902 0.257405869324474 0.9658084163898117 0.2570598006644519 0.9685769656699889 0.25602159468438546 0.971345514950166 0.25498338870431897 0.9741140642303433 0.25325304540420823 0.9775747508305647 0.2515227021040975 0.980689368770764 0.24979235880398676 0.9834579180509413 0.24736987818383174 0.9855343300110742 0.24460132890365452 0.9869186046511627 0.2401024363233666 0.987610741971207 0.23525747508305656 0.9879568106312291 0.2314507198228129 0.987610741971207 0.2286821705426357 0.9869186046511627 0.2241832779623478 0.9855343300110742 0.22037652270210414 0.9838039867109634 0.21656976744186052 0.9817275747508305
1 0.11828626799557036 0.9824197120708749 0.12070874861572542 0.9748062015503876 0.12140088593576971 0.9720376522702103 0.12313122923588045 0.968923034330011 0.12520764119601335 0.9658084163898117 0.12797619047619052 0.9626937984496123 0.13109080841638987 0.9599252491694352 0.13593576965669996 0.9575027685492802 0.14078073089701001 0.9564645625692136 0.1463178294573644 0.9554263565891472 0.1504706533776302 0.955080287929125 0.15600775193798455 0.9557724252491694 0.15981450719822818 0.9571566998892579 0.16223698781838322 0.9588870431893688 0.16500553709856042 0.9620016611295681 0.166389811738649 0.964078073089701 0.16812015503875974 0.9671926910299004 0.16950442967884835 0.9706533776301217 0.17054263565891478 0.9741140642303433 0.17158084163898124 0.978266888150609 0.17192691029900337 0.9813815060908084 0.17192691029900337 0.9844961240310077 0.17192691029900337 0.9883028792912513 0.1712347729789591 0.9914174972314507 0.17019656699889263 0.9938399778516057 0.16881229235880407 0.9962624584717606 0.16673588039867118 0.9979928017718716 0.16577034883720934 0.9989583333333333 0.12036267995570325 0.9989583333333333 0.11828626799557036 0.9948781838316721 0.11759413067552608 0.9924557032115171 0.11759413067552608 0.9900332225913621 0.11794019933554822 0.9872646733111848
1 0.11794019933554822 0.8785991140642302 0.11897840531561467 0.8862126245847175 0.11897840531561467 0.8889811738648947 0.11897840531561467 0.892095791805094 0.11897840531561467 0.8959025470653378 0.11794019933554822 0.8986710963455149 0.11690199335548178 0.9017857142857142 0.1155177187153932 0.9052464008859358 0.1113648947951274 0.912859911406423 0.10859634551495022 0.9163205980066444 0.10513565891472873 0.919781284606866 0.10236710963455155 0.922203765227021 0.09959856035437435 0.9242801771871538 0.09648394241417503 0.926702657807309 0.0933693244739757 0.9284330011074197 0.08921650055370992 0.9305094130675525 0.08471760797342198 0.9312015503875968 0.07952657807308976 0.9308554817275747 0.07364341085271324 0.9298172757475083 0.0698366555924696 0.9287790697674418 0.06672203765227028 0.9277408637873754 0.06395348837209308 0.926702657807309 0.061531007751938045 0.924626245847176 0.05945459579180515 0.9211655592469545 0.05807032115171655 0.9187430786267996 0.05599390919158367 0.9145902547065338 0.053571428571428624 0.9114756367663345 0.04976467331118499 0.9087070874861571 0.048380398671096406 0.9062846068660022 0.04699612403100781 0.903516057585825 0.04561184939091922 0.9007475083056478 0.04457364341085277 0.8959025470653378 0.04388150609080847 0.8910575858250276 0.045265780730897064 0.8806755260243632 0.047342192691029954 0.8741002214839424 0.04768826135105211 0.8720238095238095 0.048380398671096406 0.8699473975636766 0.048726467331118545 0.8678709856035437 0.05253322259136218 0.8619878183831672 0.05530177187153937 0.8578349944629015 0.056686046511627966 0.8561046511627907 0.0584163898117387 0.8540282392026577 0.06049280177187159 0.8519518272425248 0.06326135105204879 0.8502214839424141 0.06637596899224812 0.8488372093023255 0.07018272425249175 0.847799003322259 0.07433554817275752 0.8471068660022147 0.07745016611295687 0.8467607973421926 0.0805647840531562 0.8464147286821705 0.0833333333333334 0.8464147286821705 0.08783222591362132 0.8467607973421926 0.09094684385382065 0.8481450719822813 0.09475359911406428 0.8509136212624584 0.0985603543743079 0.8536821705426356 0.10271317829457369 0.8564507198228128 0.10582779623477304 0.8595653377630121 0.10928848283499451 0.8633720930232557 0.11240310077519385 0.8671788482834994 0.11482558139534889 0.8706395348837208 0.11586378737541533 0.8741002214839424
1 0.1746954595791806 0.8204595791805094 0.1798864894795128 0.8242663344407529 0.18230897009966782 0.8263427464008859 0.18403931339977855 0.829111295681063 0.18611572535991144 0.8332641196013288 0.1871539313399779 0.840531561461794 0.1871539313399779 0.8433001107419712 0.1871539313399779 0.8464147286821705 0.18646179401993362 0.849875415282392 0.18611572535991144 0.8526439645625692 0.18576965669988932 0.856796788482835 0.185077519379845 0.8609496124031008 0.18403931339977855 0.8647563676633444 0.18265503875969 0.8682170542635659 0.18092469545957926 0.8706395348837208 0.1778100775193799 0.873062015503876 0.17504152823920271 0.8751384274640088 0.17296511627906982 0.8772148394241417 0.1698504983388705 0.8796373200442967 0.16673588039867118 0.8817137320044296 0.16327519379844968 0.882405869324474 0.1584302325581396 0.8820598006644518 0.15393133997785166 0.8813676633444075 0.1504706533776302 0.8803294573643411 0.14666389811738656 0.8782530454042081 0.14424141749723152 0.8765227021040973 0.14181893687707647 0.8737541528239202 0.14008859357696574 0.8699473975636766 0.13870431893687712 0.8657945736434108 0.1376661129568107 0.861641749723145 0.13662790697674423 0.8571428571428571 0.1362818383167221 0.8529900332225913 0.1362818383167221 0.8488372093023255 0.13662790697674423 0.8439922480620154 0.1369739756367664 0.8401854928017719 0.13801218161683285 0.8370708748615725 0.13870431893687712 0.833610188261351 0.13974252491694358 0.8301495016611294 0.14078073089701001 0.8270348837209303 0.14251107419712078 0.8242663344407529 0.14458748615725367 0.8211517165005536 0.1463178294573644 0.8187292358803987 0.1483942414174973 0.8169988925802879 0.15150885935769665 0.8149224806201549 0.15427740863787381 0.8131921373200443 0.15600775193798455 0.8128460686600221 0.15877630121816175 0.8125 0.16223698781838322 0.8125 0.16569767441860472 0.8135382059800664 0.1684662236987819 0.8152685492801771 0.17192691029900337 0.8176910299003323
1 0.2587901439645626 0.7993493909191582 0.264327242524917 0.798657253599114 0.2670957918050942 0.7990033222591362 0.27055647840531566 0.7993493909191582 0.27401716500553713 0.8000415282392026 0.2781699889258029 0.8014258028792912 0.28197674418604657 0.803156146179402 0.28543743078626804 0.8059246954595791 0.2878599114064231 0.8093853820598007 0.29062846068660025 0.8128460686600221 0.2930509413067553 0.8166528239202658 0.29408914728682173 0.819421373200443 0.2954734219269104 0.8221899224806201 0.29685769656699895 0.8270348837209303 0.2975498338870432 0.8311877076411959 0.2982419712070875 0.8360326688815061 0.2982419712070875 0.8398394241417496 0.2982419712070875 0.8439922480620154 0.2975498338870432 0.847799003322259 0.29651162790697677 0.8512596899224806 0.2954734219269104 0.8536821705426356 0.2933970099667775 0.8564507198228128 0.29166666666666674 0.8588732004429679 0.28993632336655595 0.861641749723145 0.28751384274640096 0.8654485049833887 0.28578349944629017 0.8682170542635659 0.2833610188261352 0.8706395348837208 0.2816306755260244 0.8716777408637874 0.2792081949058694 0.8723698781838317 0.27678571428571436 0.873062015503876 0.2726328903654486 0.8727159468438538 0.2664036544850499 0.8723698781838317 0.2608665559246955 0.8706395348837208 0.2567137320044297 0.868563122923588 0.2535991140642304 0.8664867109634551 0.2508305647840532 0.8644102990033222 0.24910022148394248 0.8630260243632336 0.24736987818383174 0.8602574750830564 0.24563953488372098 0.856796788482835 0.2435631229235881 0.8512596899224806 0.24183277962347735 0.8464147286821705 0.24044850498338877 0.8412236987818383 0.23975636766334446 0.8356866002214839 0.2401024363233666 0.8311877076411959 0.24114064230343307 0.8270348837209303 0.2421788482834995 0.8232281284606865 0.24390919158361024 0.819421373200443 0.24529346622369885 0.8156146179401993 0.24736987818383174 0.8121539313399778 0.24944629014396463 0.808001107419712 0.2515227021040975 0.8048864894795127 0.25463732004429684 0.8017718715393134
1 0.05703211517165011 0.7647425249169435 0.055647840531561514 0.7765088593576965 0.05495570321151722 0.7796234772978959 0.05391749723145078 0.7837763012181616 0.05253322259136218 0.7875830564784053 0.05114894795127359 0.7910437430786267 0.04976467331118499 0.7931201550387595 0.04561184939091922 0.7972729789590254 0.040420819490586984 0.8003875968992247 0.0369601328903655 0.8028100775193798 0.033153377630121876 0.8041943521594684 0.029000553709856096 0.8052325581395349 0.024501661129568166 0.8055786267995569 0.021040974529346685 0.8059246954595791 0.01550387596899231 0.8048864894795127 0.012735326688815125 0.8038482834994463 0.008582502768549344 0.8021179401993356 0.0068521594684386004 0.8010797342192691 0.00477574750830571 0.7983111849390918 0.00269933554817282 0.7941583610188261 0.0020071982281285234 0.7906976744186046 0.001661129568106375 0.784814507198228 0.001661129568106375 0.7785852713178295 0.0023532668881506716 0.7733942414174972 0.0033914728682171167 0.768203211517165 0.004429678848283562 0.7637043189368771 0.00477574750830571 0.7595514950166112 0.005813953488372155 0.7550526024363233 0.0068521594684386004 0.7512458471760797 0.008236434108527195 0.7488233665559246 0.01100498338870438 0.7453626799557032 0.01308139534883727 0.7432862679955703 0.0175802879291252 0.7408637873754153 0.020348837209302386 0.740171650055371 0.02415559246954602 0.7394795127353266 0.026924141749723206 0.7391334440753046 0.03349944629014402 0.7391334440753046 0.036614064230343364 0.7391334440753046 0.039382613510520546 0.7398255813953488 0.04145902547065343 0.7412098560354374 0.04388150609080847 0.7425941306755259 0.04561184939091922 0.7439784053156145 0.04803433001107425 0.7453626799557032 0.05011074197120714 0.7477851605758582 0.05253322259136218 0.7502076411960132 0.05426356589147293 0.7536683277962347 0.05530177187153937 0.7571290143964562 0.05633997785160581 0.7605897009966777
1 0.3466915836101883 0.710063676633444 0.34288482834994466 0.7152547065337763 0.3401162790697675 0.7180232558139534 0.33700166112956814 0.7214839424141749 0.3352713178294574 0.7228682170542636 0.33354097452934667 0.7245985603543743 0.3311184939091916 0.7256367663344407 0.3286960132890366 0.7273671096345514 0.32558139534883723 0.7294435215946843 0.32281284606866006 0.7304817275747507 0.320390365448505 0.7318660022148394 0.31692967884828355 0.7335963455149501 0.3138150609080842 0.7349806201550387 0.3103543743078628 0.7363648947951272 0.30758582502768556 0.7374031007751937 0.30481727574750833 0.7387873754152824 0.30135658914728686 0.7391334440753046 0.2982419712070875 0.7394795127353266 0.2947812846068661 0.7394795127353266 0.2888981173864895 0.7387873754152824 0.2823228128460687 0.7377491694352158 0.2792081949058694 0.7363648947951272 0.27540143964562575 0.7339424141749723 0.2722868217054264 0.7322120708748616 0.26986434108527135 0.7294435215946843 0.26744186046511637 0.726328903654485 0.26536544850498345 0.7232142857142857 0.26467331118493914 0.7197535991140642 0.26467331118493914 0.7159468438538206 0.26467331118493914 0.7124861572535991 0.264327242524917 0.7086794019933554 0.26467331118493914 0.7034883720930232 0.26605758582502775 0.6993355481727573 0.26744186046511637 0.6948366555924695 0.2691722037652271 0.691375968992248 0.27124861572536 0.6886074197120708 0.2729789590254707 0.6858388704318936 0.27540143964562575 0.6816860465116279 0.2778239202657808 0.6775332225913622 0.28024640088593583 0.6744186046511628 0.2843992248062016 0.6709579180509413 0.28820598006644527 0.6678433001107419 0.29166666666666674 0.6661129568106312 0.2954734219269104 0.6636904761904762 0.299280177187154 0.6626522702104097 0.3034330011074198 0.6623062015503876 0.30758582502768556 0.6619601328903655 0.3113925802879292 0.6619601328903655 0.3151993355481728 0.6619601328903655 0.3193521594684386 0.6619601328903655 0.3245431893687708 0.6619601328903655 0.3286960132890366 0.6623062015503876 0.33354097452934667 0.6629983388704319 0.336655592469546 0.6640365448504983 0.3394241417497232 0.665766888150609 0.34253875968992253 0.6671511627906976 0.3456533776301219 0.6695736434108527 0.34772978959025475 0.6723421926910299 0.3491140642303433 0.675110741971207 0.35049833887043197 0.6778792912513842 0.3511904761904762 0.6799557032115171 0.3518826135105205 0.68203211517165 0.35257475083056483 0.686531007751938 0.35292081949058696 0.6899916943521593 0.35292081949058696 0.6924141749723145 0.35292081949058696 0.6948366555924695 0.35257475083056483 0.695874861572536 0.3518826135105205 0.6982973421926909 0.3511904761904762 0.7000276854928018 0.35049833887043197 0.7027962347729789 0.3487679955703212 0.7069490586932446
1 0.4498200442967885 0.7889673311184938 0.4505121816168328 0.796234772978959 0.45016611295681064 0.798657253599114 0.4494739756367664 0.8014258028792912 0.4487818383167221 0.8041943521594684 0.4480897009966778 0.8069629014396456 0.4473975636766335 0.8090393133997785 0.44566722037652273 0.8125 0.44359080841638987 0.8163067552602435 0.44082225913621265 0.8208056478405316 0.43874584717607973 0.8242663344407529 0.43632336655592474 0.8273809523809523 0.4342469545957918 0.8294573643410852 0.43217054263565896 0.8308416389811738 0.4287098560354375 0.8308416389811738 0.42490310077519383 0.8304955703211516 0.42109634551495023 0.8298034330011074 0.41625138427464015 0.8280730897009966 0.4131367663344408 0.8266888150609081 0.4093300110741972 0.8242663344407529 0.4069075304540421 0.8214977851605758 0.4044850498338871 0.8180370985603543 0.40206256921373207 0.8142303433001107 0.40067829457364346 0.8097314507198228 0.39998615725359915 0.8041943521594684 0.39929401993355484 0.8003875968992247 0.3982558139534884 0.796234772978959 0.3979097452934663 0.791735880398671 0.3982558139534884 0.7861987818383167 0.39964008859357697 0.7810077519379844 0.40137043189368776 0.7792774086378738 0.4044850498338871 0.7772009966777408 0.4075996677740864 0.7758167220376522 0.41071428571428575 0.7733942414174972 0.41279069767441867 0.7716638981173864 0.41521317829457366 0.7688953488372092 0.4179817275747509 0.7661267995570321 0.41971207087486156 0.7647425249169435 0.42213455149501666 0.7640503875968992 0.42490310077519383 0.7640503875968992 0.4280177187153932 0.7640503875968992 0.43078626799557035 0.7643964562569213 0.4339008859357697 0.7657807308970099 0.4359772978959026 0.7668189368770764 0.43874584717607973 0.768203211517165 0.4418604651162791 0.7699335548172758 0.4442829457364342 0.7727021040974529 0.44601328903654486 0.7751245847176079 0.4473975636766335 0.7782392026578073 0.44843576965669996 0.7820459579180509
1 0.38337486157253603 0.9145902547065338 0.38372093023255816 0.9183970099667774 0.38372093023255816 0.9204734219269103 0.38372093023255816 0.9228959025470652 0.38372093023255816 0.9253183831672203 0.38337486157253603 0.9273947951273532 0.3826827242524917 0.9308554817275747 0.3819905869324475 0.9332779623477296 0.38095238095238104 0.936392580287929 0.3795681063122924 0.9398532668881505 0.3778377630121817 0.9422757475083057 0.37506921373200447 0.9446982281284606 0.3719545957918051 0.9467746400885935 0.36710963455149503 0.9474667774086378 0.36399501661129574 0.9478128460686599 0.3608803986710964 0.9478128460686599 0.3574197120708749 0.9474667774086378 0.35292081949058696 0.945390365448505 0.35049833887043197 0.9436600221483942 0.33803986710963463 0.9339700996677741 0.33734772978959027 0.9318936877076411 0.336655592469546 0.9284330011074197 0.336655592469546 0.9260105204872645 0.33700166112956814 0.9235880398671096 0.33734772978959027 0.9218576965669989 0.3376937984496125 0.9194352159468439 0.33803986710963463 0.9177048726467331 0.33873200442967893 0.9149363233665558 0.3394241417497232 0.9118217054263565 0.3404623477297896 0.9090531561461793 0.3421926910299004 0.90593853820598 0.3439230343300111 0.9028239202657807 0.3463455149501662 0.9000553709856035 0.34842192691029905 0.8986710963455149 0.3511904761904762 0.8959025470653378 0.35395902547065344 0.8938261351052048 0.3567275747508306 0.891749723145072 0.35984219269102996 0.8907115171650055 0.362264673311185 0.8903654485049833 0.36468715393134 0.8903654485049833 0.36918604651162795 0.8914036544850498 0.3719545957918051 0.8927879291251384 0.37506921373200447 0.8955564784053156 0.3771456256921374 0.8976328903654485 0.3781838316722038 0.9004014396456256 0.3795681063122924 0.9038621262458472 0.38095238095238104 0.9073228128460686
1 0.43078626799557035 0.892095791805094 0.43701550387596905 0.8952104097452934 0.4397840531561462 0.8962486157253599 0.44324473975636774 0.8979789590254706 0.44601328903654486 0.8993632336655591 0.4487818383167221 0.9017857142857142 0.4515503875968993 0.9042081949058693 0.45328073089701 0.9073228128460686 0.4550110741971208 0.910437430786268 0.45639534883720934 0.9132059800664452 0.45777962347729795 0.9156284606866002 0.45916389811738656 0.9187430786267996 0.4605481727574751 0.922203765227021 0.462624584717608 0.9260105204872645 0.46366279069767447 0.9284330011074197 0.4653931339977852 0.9312015503875968 0.4667774086378738 0.9350083056478405 0.46781561461794025 0.9377768549280177 0.46816168327796237 0.9405454042081948 0.46816168327796237 0.9446982281284606 0.46712347729789594 0.9481589147286821 0.4657392026578073 0.9519656699889257 0.46366279069767447 0.9536960132890365 0.4612403100775194 0.9554263565891472 0.45881782945736443 0.9578488372093024 0.45639534883720934 0.9602713178294573 0.45362679955703217 0.9620016611295681 0.4515503875968993 0.9623477297895902 0.4470514950166113 0.9609634551495017 0.44324473975636774 0.9599252491694352 0.4390919158361019 0.9588870431893688 0.43528516057585825 0.9571566998892579 0.43251661129568114 0.9557724252491694 0.4297480620155039 0.9543881506090808 0.4273255813953489 0.9530038759689922 0.4245570321151717 0.9505813953488372 0.4224806201550388 0.9478128460686599 0.4200581395348838 0.945736434108527 0.4172895902547066 0.9443521594684385 0.4138289036544851 0.9426218161683277 0.41209856035437437 0.9412375415282391 0.4093300110741972 0.9381229235880398 0.4075996677740864 0.9353543743078626 0.40552325581395354 0.9318936877076411 0.4044850498338871 0.9280869324473975 0.4034468438538206 0.9228959025470652 0.4027547065337763 0.9183970099667774 0.40206256921373207 0.9149363233665558 0.40206256921373207 0.9111295681063123 0.40206256921373207 0.9066306755260243 0.40379291251384275 0.9028239202657807 0.40621539313399785 0.8993632336655591 0.4086378737541529 0.8983250276854927 0.4110603543743079 0.8969407530454042 0.4131367663344408 0.8952104097452934 0.41625138427464015 0.8934800664451826 0.4200581395348838 0.8927879291251384 0.4245570321151717 0.8924418604651162
1 0.5487956810631228 0.8803294573643411 0.5494878183831672 0.887250830564784 0.5501799557032114 0.8896733111849391 0.5501799557032114 0.891749723145072 0.5501799557032114 0.8945182724252491 0.5501799557032114 0.8976328903654485 0.5501799557032114 0.8997093023255813 0.5474114064230343 0.9052464008859358 0.5453349944629015 0.9073228128460686 0.5432585825027686 0.9093992248062015 0.5404900332225914 0.910437430786268 0.5342607973421927 0.910437430786268 0.5314922480620156 0.910437430786268 0.5276854928017719 0.9090531561461793 0.5245708748615726 0.9073228128460686 0.5218023255813954 0.90593853820598 0.5204180509413068 0.9038621262458472 0.518687707641196 0.9017857142857142 0.516265227021041 0.8986710963455149 0.5141888150609081 0.8962486157253599 0.5117663344407531 0.8931339977851604 0.5100359911406424 0.8893272425249169 0.509343853820598 0.8858665559246953 0.5096899224806202 0.8799833887043189 0.5100359911406424 0.8772148394241417 0.5110741971207088 0.8744462901439646 0.5117663344407531 0.8713316722037653 0.5117663344407531 0.8692552602436323 0.5124584717607974 0.8664867109634551 0.5148809523809524 0.863718161683278 0.5176495016611296 0.8619878183831672 0.5214562569213732 0.8619878183831672 0.5273394241417498 0.8619878183831672 0.5311461794019934 0.8619878183831672 0.5349529346622369 0.8630260243632336 0.5366832779623477 0.8644102990033222 0.539797895902547 0.8668327796234773 0.5425664451827242 0.8699473975636766 0.5453349944629015 0.8737541528239202 0.5470653377630121 0.8772148394241417
1 0.5910160575858251 0.9350083056478405 0.5896317829457364 0.9239341085271316 0.5896317829457364 0.9194352159468439 0.5896317829457364 0.9145902547065338 0.5896317829457364 0.910437430786268 0.5896317829457364 0.9069767441860465 0.5903239202657807 0.9028239202657807 0.5910160575858251 0.8993632336655591 0.5920542635658914 0.896594684385382 0.5937846068660022 0.8934800664451826 0.5951688815060907 0.8907115171650055 0.5965531561461793 0.8875968992248062 0.5982834994462901 0.8841362126245846 0.5996677740863787 0.8810215946843853 0.6013981173864894 0.8779069767441859 0.6034745293466223 0.8754844961240309 0.6065891472868217 0.8741002214839424 0.6093576965669989 0.873062015503876 0.614202657807309 0.8723698781838317 0.6183554817275747 0.8723698781838317 0.6221622369878184 0.873062015503876 0.6249307862679956 0.8741002214839424 0.6263150609080841 0.8754844961240309 0.6280454042081949 0.8775609080841638 0.6301218161683279 0.8796373200442967 0.6304678848283499 0.8799833887043189 0.6321982281284607 0.882405869324474 0.6339285714285714 0.8844822812846068 0.6356589147286821 0.887250830564784 0.6366971207087485 0.8896733111849391 0.6380813953488372 0.892095791805094 0.6391196013289037 0.8948643410852714 0.6398117386489479 0.8983250276854927 0.6405038759689922 0.901439645625692 0.6408499446290143 0.9052464008859358 0.6408499446290143 0.9087070874861571 0.6408499446290143 0.9125138427464009 0.6411960132890365 0.9163205980066444 0.6411960132890365 0.9201273532668881 0.6408499446290143 0.9232419712070874 0.6401578073089701 0.9263565891472868 0.6387735326688815 0.9301633444075303 0.6370431893687708 0.9325858250276854 0.6349667774086378 0.936392580287929 0.6325442967884828 0.9398532668881505 0.6294296788482835 0.9433139534883721 0.6273532668881505 0.9464285714285714 0.6242386489479512 0.9498892580287929 0.6218161683277963 0.9523117386489479 0.6187015503875969 0.9540420819490586 0.6145487264673312 0.955080287929125 0.609703765227021 0.9571566998892579 0.6058970099667774 0.9581949058693244 0.6024363233665558 0.9578488372093024 0.5986295681063123 0.9536960132890365 0.5958610188261351 0.9498892580287929 0.5944767441860465 0.9464285714285714 0.5930924695459578 0.9429678848283499 0.5924003322259136 0.9398532668881505
1 0.5152270210409745 0.9775747508305647 0.5159191583610189 0.9720376522702103 0.5179955703211517 0.9682308970099668 0.520764119601329 0.9651162790697675 0.5238787375415282 0.9630398671096345 0.5280315614617941 0.9613095238095237 0.5332225913621262 0.959579180509413 0.5377214839424141 0.9588870431893688 0.542220376522702 0.9581949058693244 0.5481035437430786 0.9581949058693244 0.553640642303433 0.9585409745293466 0.5577934662236987 0.959579180509413 0.5616002214839424 0.9613095238095237 0.5660991140642303 0.9637320044296788 0.5692137320044297 0.9661544850498339 0.5733665559246954 0.9685769656699889 0.5768272425249169 0.9703073089700995 0.5799418604651162 0.9730758582502769 0.5823643410852714 0.9768826135105204 0.58374861572536 0.980689368770764 0.5851328903654485 0.9844961240310077 0.5861710963455149 0.9886489479512736 0.5861710963455149 0.9921096345514949 0.5851328903654485 0.9952242524916942 0.584094684385382 0.9973006644518272 0.5827685492801772 0.9989583333333333 0.5806339977851606 0.9989583333333333 0.5214562569213732 0.9989583333333333 0.518687707641196 0.9966085271317829 0.5173034330011075 0.9938399778516057 0.516265227021041 0.9907253599114064 0.5155730897009967 0.987610741971207 0.5152270210409745 0.9848421926910298
1 0.5100359911406424 0.7979651162790697 0.5103820598006644 0.789313399778516 0.5110741971207088 0.7865448504983389 0.5114202657807309 0.7837763012181616 0.5114202657807309 0.7813538205980066 0.5121124031007752 0.7782392026578073 0.5131506090808416 0.7758167220376522 0.513842746400886 0.7737403100775193 0.5152270210409745 0.7720099667774086 0.5173034330011075 0.7688953488372092 0.5183416389811739 0.7661267995570321 0.5197259136212625 0.7626661129568106 0.5214562569213732 0.7595514950166112 0.523186600221484 0.7581672203765226 0.525609080841639 0.7564368770764119 0.5273394241417498 0.7557447397563677 0.530107973421927 0.7550526024363233 0.5328765227021042 0.7543604651162791 0.5373754152823921 0.7543604651162791 0.5411821705426356 0.7547065337763013 0.5436046511627908 0.7567829457364341 0.5460271317829457 0.759205426356589 0.5484496124031008 0.7619739756367664 0.5505260243632336 0.7650885935769657 0.5522563676633444 0.7678571428571428 0.5543327796234773 0.77062569213732 0.5564091915836101 0.7727021040974529 0.5591777408637874 0.7758167220376522 0.5609080841638981 0.7782392026578073 0.5636766334440753 0.7816998892580287 0.5657530454042081 0.7858527131782945 0.5667912513842747 0.7889673311184938 0.5681755260243633 0.7931201550387595 0.5688676633444075 0.7976190476190476 0.5688676633444075 0.8024640088593576 0.5688676633444075 0.8062707641196013 0.5681755260243633 0.8104235880398671 0.5671373200442968 0.8135382059800664 0.5664451827242524 0.8159606866002214 0.5660991140642303 0.8190753045404208 0.5657530454042081 0.821843853820598 0.5650609080841639 0.8249584717607974 0.5636766334440753 0.829111295681063 0.5616002214839424 0.8329180509413068 0.5588316722037653 0.8363787375415281 0.5546788482834994 0.8398394241417496 0.5505260243632336 0.8408776301218162 0.5460271317829457 0.8408776301218162 0.542220376522702 0.8398394241417496 0.5373754152823921 0.8381090808416389 0.532530454042082 0.8374169435215946 0.5276854928017719 0.8360326688815061 0.5249169435215947 0.8346483942414175 0.5214562569213732 0.8325719822812846 0.5173034330011075 0.8298034330011074 0.5155730897009967 0.8270348837209303 0.5134966777408638 0.8208056478405316 0.5128045404208196 0.8169988925802879 0.5121124031007752 0.8131921373200443 0.5114202657807309 0.8090393133997785 0.5107281284606866 0.8035022148394241
1 0.665766888150609 0.7439784053156145 0.6664590254706533 0.7508997785160575 0.6668050941306755 0.7543604651162791 0.6668050941306755 0.7567829457364341 0.6664590254706533 0.759205426356589 0.665766888150609 0.7619739756367664 0.6654208194905868 0.7643964562569213 0.6643826135105204 0.7668189368770764 0.6640365448504983 0.768549280177187 0.6629983388704319 0.77062569213732 0.6616140642303433 0.7740863787375415 0.6591915836101881 0.7768549280177186 0.6571151716500553 0.7778931339977851 0.6543466223698782 0.7792774086378738 0.6505398671096345 0.7816998892580287 0.6484634551495017 0.7834302325581395 0.6460409745293466 0.7851605758582502 0.6429263565891472 0.7872369878183831 0.6411960132890365 0.7879291251384274 0.6384274640088593 0.7879291251384274 0.6339285714285714 0.7879291251384274 0.6308139534883721 0.7875830564784053 0.6276993355481727 0.7861987818383167 0.6256229235880398 0.7851605758582502 0.623546511627907 0.7830841638981173 0.6207779623477298 0.779969545957918 0.619047619047619 0.7772009966777408 0.6173172757475083 0.7740863787375415 0.6159330011074197 0.7716638981173864 0.6148947951273532 0.768549280177187 0.614202657807309 0.7654346622369878 0.6131644518272424 0.7616279069767441 0.612126245847176 0.7571290143964562 0.612126245847176 0.7529761904761904 0.6124723145071982 0.7488233665559246 0.6138565891472868 0.7446705426356588 0.6155869324473976 0.7405177187153931 0.6176633444075305 0.7374031007751937 0.619047619047619 0.7346345514950166 0.6207779623477298 0.7315199335548173 0.6232004429678848 0.7284053156146179 0.6256229235880398 0.7252906976744186 0.6287375415282391 0.7228682170542636 0.6318521594684385 0.7207918050941307 0.6360049833887043 0.7187153931339978 0.6401578073089701 0.7176771871539314 0.6450027685492802 0.716985049833887 0.6498477297895902 0.7176771871539314 0.6529623477297896 0.7197535991140642 0.6550387596899224 0.7221760797342192 0.6581533776301217 0.7252906976744186 0.6602297895902546 0.7284053156146179 0.6626522702104097 0.7322120708748616 0.6643826135105204 0.735672757475083 0.665766888150609 0.7391334440753046
1 0.06602990033222597 0.6093576965669989 0.0598006644518273 0.6065891472868217 0.053571428571428624 0.6031284606866002 0.05114894795127359 0.6017441860465116 0.0490725359911407 0.5996677740863787 0.047342192691029954 0.5975913621262458 0.044919712070874925 0.5944767441860465 0.043189368770764174 0.5917081949058693 0.04111295681063129 0.5889396456256921 0.03972868217054269 0.5858250276854928 0.03869047619047625 0.5820182724252491 0.03869047619047625 0.5785575858250277 0.03869047619047625 0.5750968992248062 0.03903654485049839 0.5719822812846068 0.03972868217054269 0.5692137320044297 0.04145902547065343 0.5650609080841639 0.04422757475083062 0.5626384274640088 0.04941860465116285 0.5602159468438538 0.05460963455149507 0.5588316722037653 0.06049280177187159 0.5571013289036544 0.06533776301218168 0.5564091915836101 0.07191306755260249 0.5564091915836101 0.07571982281284613 0.5564091915836101 0.07952657807308976 0.5577934662236987 0.0833333333333334 0.5591777408637874 0.08679401993355487 0.560562015503876 0.09094684385382065 0.5626384274640088 0.09406146179401999 0.5643687707641195 0.09752214839424146 0.5667912513842747 0.10029069767441866 0.569905869324474 0.10340531561461799 0.5730204872646733 0.10651993355481733 0.5782115171650055 0.10859634551495022 0.5830564784053156 0.10998062015503882 0.5868632336655593 0.10998062015503882 0.5920542635658914 0.10998062015503882 0.5948228128460686 0.10894241417497237 0.5982834994462901 0.10790420819490593 0.600359911406423 0.10617386489479518 0.6020902547065338 0.10375138427464013 0.6048588039867109 0.1006367663344408 0.6076273532668881 0.09786821705426361 0.6100498338870431 0.09475359911406428 0.6117801771871538 0.08990863787375421 0.6128183831672203 0.08437153931339984 0.6131644518272424 0.0791805094130676 0.6131644518272424 0.07433554817275752 0.6128183831672203 0.0698366555924696 0.6110880398671096
1 0.11067275747508311 0.5335686600221483 0.1141334440753046 0.5235326688815062 0.11690199335548178 0.520764119601329 0.12070874861572542 0.518687707641196 0.12555370985603548 0.5166112956810631 0.13074473975636772 0.5145348837209303 0.13455149501661137 0.5131506090808416 0.1404346622369879 0.5117663344407531 0.14527962347729798 0.5117663344407531 0.14977851605758588 0.5121124031007752 0.15254706533776308 0.5128045404208196 0.1563538205980067 0.513842746400886 0.1608527131782946 0.5152270210409745 0.1643133997785161 0.5173034330011075 0.1677740863787376 0.5197259136212625 0.17192691029900337 0.523186600221484 0.1743493909191584 0.525609080841639 0.1771179401993356 0.5290697674418605 0.17954042081949065 0.5328765227021042 0.18092469545957926 0.5366832779623477 0.1819629014396457 0.5401439645625692 0.18265503875969 0.5436046511627908 0.18265503875969 0.5481035437430786 0.18161683277962354 0.5532945736434108 0.17954042081949065 0.5581395348837208 0.1771179401993356 0.5622923588039866 0.17365725359911413 0.5657530454042081 0.17054263565891478 0.5685215946843853 0.166389811738649 0.569905869324474 0.16258305647840537 0.5705980066445182 0.15981450719822818 0.5709440753045404 0.15739202657807316 0.5705980066445182 0.1549695459579181 0.5702519379844961 0.15220099667774092 0.5702519379844961 0.1483942414174973 0.5702519379844961 0.14562569213732013 0.5702519379844961 0.14216500553709863 0.5709440753045404 0.13974252491694358 0.5712901439645626 0.1376661129568107 0.5705980066445182 0.13385935769656707 0.5688676633444075 0.13109080841638987 0.5671373200442968 0.12728405315614622 0.5650609080841639 0.12486157253599119 0.5633305647840531 0.122093023255814 0.5602159468438538 0.11932447397563681 0.5571013289036544 0.11655592469545964 0.5532945736434108 0.1141334440753046 0.5505260243632336 0.11240310077519385 0.5474114064230343 0.1113648947951274 0.5425664451827242 0.11101882613510526 0.5377214839424141
1 0.17400332225913626 0.47058416389811747 0.1684662236987819 0.47300664451827246 0.16604374307862685 0.4733527131782946 0.16258305647840537 0.4733527131782946 0.1591223698781839 0.4733527131782946 0.15739202657807316 0.4733527131782946 0.15358527131782954 0.47369878183831676 0.14977851605758588 0.47369878183831676 0.1449335548172758 0.47300664451827246 0.14147286821705435 0.471968438538206 0.13593576965669996 0.47023809523809523 0.131436877076412 0.46816168327796237 0.12659191583610194 0.4647009966777409 0.1234772978959026 0.4608942414174973 0.12070874861572542 0.4567414174972315 0.11828626799557036 0.4515503875968993 0.11620985603543747 0.4470514950166113 0.11447951273532674 0.4418604651162791 0.11309523809523815 0.43701550387596905 0.11240310077519385 0.43217054263565896 0.11240310077519385 0.4294019933554818 0.112749169435216 0.4269795127353267 0.11378737541528244 0.4242109634551496 0.11620985603543747 0.41936600221483944 0.11828626799557036 0.41659745293466227 0.12140088593576971 0.41452104097452935 0.1269379844961241 0.413482834994463 0.1300526024363234 0.41244462901439655 0.13455149501661137 0.41140642303433006 0.1376661129568107 0.4110603543743079 0.14112679955703217 0.4110603543743079 0.14458748615725367 0.4110603543743079 0.14874031007751942 0.4110603543743079 0.15220099667774092 0.41140642303433006 0.15531561461794027 0.41244462901439655 0.15877630121816175 0.41279069767441867 0.16258305647840537 0.4138289036544851 0.16535160575858257 0.41452104097452935 0.16881229235880407 0.415905315614618 0.17192691029900337 0.4176356589147287 0.17538759689922487 0.4204042081949059 0.17746400885935776 0.4228266888150609 0.1798864894795128 0.42559523809523814 0.18300110741971215 0.43009413067552604 0.18576965669988932 0.4339008859357697 0.1878460686600222 0.43736157253599117 0.18853820598006651 0.4401301218161684 0.18853820598006651 0.443936877076412 0.18819213732004433 0.4470514950166113 0.18750000000000006 0.4505121816168328 0.18680786267995578 0.45293466223698786 0.18576965669988932 0.4567414174972315 0.1847314507198229 0.45881782945736443 0.18300110741971215 0.4608942414174973 0.18127076411960139 0.46297065337763016 0.17850221483942422 0.46608527131782945
1 0.040420819490586984 0.4515503875968993 0.044919712070874925 0.4546650055370986 0.047342192691029954 0.45708748615725364 0.0490725359911407 0.45916389811738656 0.050456810631229296 0.46158637873754155 0.05218715393134003 0.46435492801771877 0.053225359911406485 0.46781561461794025 0.05460963455149507 0.471968438538206 0.055647840531561514 0.4754291251384275 0.05633997785160581 0.47888981173864903 0.056686046511627966 0.481312292358804 0.056686046511627966 0.48442691029900337 0.056686046511627966 0.4875415282392027 0.05633997785160581 0.49238648947951275 0.05599390919158367 0.49446290143964566 0.05495570321151722 0.4979235880398672 0.05391749723145078 0.5017303433001108 0.05253322259136218 0.5055370985603544 0.05114894795127359 0.5076135105204873 0.04941860465116285 0.5086517165005537 0.044919712070874925 0.5096899224806202 0.040420819490586984 0.5103820598006644 0.03626799557032121 0.5121124031007752 0.03349944629014402 0.513842746400886 0.029000553709856096 0.5159191583610189 0.025193798449612465 0.5176495016611296 0.02242524916943528 0.5183416389811739 0.020348837209302386 0.5183416389811739 0.016888150609080905 0.5179955703211517 0.013773532668881568 0.5176495016611296 0.012043189368770827 0.5173034330011075 0.00927464008859364 0.5166112956810631 0.0068521594684386004 0.5159191583610189 0.004429678848283562 0.5141888150609081 0.0023532668881506716 0.5121124031007752 0.00062292358803993 0.5076135105204873 0.0009689922480620784 0.45258859357696574 0.001661129568106375 0.45189645625692143 0.0033914728682171167 0.4505121816168328 0.005121816168327858 0.4494739756367664 0.007890365448505045 0.4487818383167221 0.010658914728682235 0.4480897009966778 0.014465669988925865 0.4480897009966778 0.01792635658914735 0.44774363233665565 0.021387043189368835 0.44774363233665565 0.02588593576965676 0.44843576965669996 0.029000553709856096 0.4487818383167221 0.029346622369878245 0.4487818383167221 0.035229789590254766 0.4491279069767442
1 0.07502768549280182 0.4200581395348838 0.06602990033222597 0.42075027685492805 0.06395348837209308 0.4204042081949059 0.06118493909191589 0.4204042081949059 0.0584163898117387 0.42109634551495023 0.05495570321151722 0.42144241417497236 0.05080287929125144 0.42144241417497236 0.04630398671096351 0.41971207087486156 0.042151162790697735 0.41659745293466227 0.04076688815060914 0.41417497231450723 0.039382613510520546 0.4110603543743079 0.03869047619047625 0.4072535991140643 0.03903654485049839 0.4044850498338871 0.04076688815060914 0.40033222591362133 0.04284330011074203 0.3975636766334441 0.04561184939091922 0.3937569213732005 0.04768826135105211 0.3909883720930233 0.05011074197120714 0.3875276854928018 0.05253322259136218 0.38475913621262464 0.055647840531561514 0.3823366555924696 0.0598006644518273 0.37991417497231456 0.06499169435215953 0.3778377630121817 0.06949058693244745 0.3771456256921374 0.07502768549280182 0.3771456256921374 0.07952657807308976 0.3774916943521595 0.08298726467331123 0.3781838316722038 0.08679401993355487 0.37922203765227025 0.09094684385382065 0.3806063122923588 0.09579180509413072 0.3826827242524917 0.09821428571428577 0.3851052048726468 0.09959856035437435 0.38787375415282394 0.1006367663344408 0.3913344407530454 0.1013289036544851 0.39514119601328906 0.1013289036544851 0.3989479512735327 0.1013289036544851 0.4017165005537099 0.09994462901439652 0.40483111849390924 0.09821428571428577 0.4075996677740864 0.09613787375415288 0.4096760797342193 0.09440753045404214 0.4110603543743079 0.09233111849390925 0.41279069767441867 0.09025470653377636 0.41417497231450723 0.08748615725359916 0.41625138427464015 0.08367940199335554 0.418327796234773 0.0798726467331119 0.4200581395348838
1 0.22660575858250281 0.33803986710963463 0.2234911406423035 0.3449612403100775 0.22176079734219276 0.3491140642303433 0.22003045404208202 0.3515365448504984 0.21795404208194913 0.35465116279069775 0.21587763012181624 0.3577657807308971 0.21380121816168335 0.3605343300110742 0.21241694352159474 0.362264673311185 0.20999446290143972 0.3650332225913622 0.20826411960132896 0.3667635658914729 0.2072259136212625 0.36780177187153934 0.20549557032115176 0.36918604651162795 0.20376522702104102 0.37057032115171656 0.20134274640088598 0.3719545957918051 0.19684385382059807 0.3729928017718716 0.19303709856035445 0.37403100775193804 0.18957641196013295 0.37403100775193804 0.18611572535991144 0.37403100775193804 0.18334717607973428 0.37403100775193804 0.18092469545957926 0.37403100775193804 0.17850221483942422 0.3736849390919159 0.1746954595791806 0.3712624584717608 0.17227297895902552 0.36883997785160577 0.1698504983388705 0.36607142857142866 0.16812015503875974 0.362264673311185 0.1670819490586933 0.3581118493909192 0.1670819490586933 0.35395902547065344 0.16812015503875974 0.34980620155038766 0.16950442967884835 0.34703765227021044 0.17158084163898124 0.3439230343300111 0.17331118493909198 0.3401162790697675 0.17538759689922487 0.3359634551495017 0.1778100775193799 0.3307724252491695 0.1798864894795128 0.32592746400885936 0.18230897009966782 0.32281284606866006 0.18611572535991144 0.3196982281284607 0.18819213732004433 0.31831395348837216 0.19130675526024368 0.3165836101882614 0.19442137320044303 0.3151993355481728 0.19684385382059807 0.3138150609080842 0.20134274640088598 0.3107004429678849 0.20341915836101887 0.3093161683277963 0.20584163898117394 0.3079318936877077 0.2086101882613511 0.30723975636766343 0.2127630121816169 0.30689368770764125 0.21691583610188267 0.30723975636766343 0.22037652270210414 0.308624031007752 0.22314507198228134 0.31000830564784054 0.22556755260243638 0.31173864894795134 0.22799003322259143 0.3141611295681063 0.22972037652270216 0.31692967884828355 0.23110465116279075 0.3200442967884829 0.2314507198228129 0.32315891472868224 0.23006644518272432 0.3262735326688816 0.2286821705426357 0.3286960132890366 0.22764396456256927 0.33250276854928024
1 0.25948228128460693 0.4176356589147287 0.2563676633444076 0.41244462901439655 0.25498338870431897 0.41002214839424145 0.2542912513842747 0.4072535991140643 0.2522148394241418 0.40483111849390924 0.25117663344407537 0.4024086378737542 0.2508305647840532 0.39964008859357697 0.25048449612403106 0.3961794019933555 0.25013842746400894 0.3920265780730897 0.25013842746400894 0.38960409745293473 0.25048449612403106 0.3868355481727575 0.2508305647840532 0.38406699889258034 0.2518687707641197 0.38095238095238104 0.2542912513842747 0.3788759689922481 0.25602159468438546 0.37679955703211526 0.25948228128460693 0.3736849390919159 0.26328903654485053 0.3702242524916944 0.26605758582502775 0.36814784053156147 0.27021040974529353 0.36537929125138435 0.27436323366555926 0.36364894795127356 0.2788621262458472 0.362264673311185 0.2833610188261352 0.3612264673311186 0.2892441860465117 0.3605343300110742 0.2933970099667775 0.3605343300110742 0.29893410852713187 0.3605343300110742 0.3037790697674419 0.3608803986710964 0.308624031007752 0.3615725359911407 0.3134689922480621 0.362264673311185 0.31727574750830567 0.36330287929125143 0.32073643410852715 0.36434108527131787 0.3238510520487265 0.3650332225913622 0.32558139534883723 0.3657253599114065 0.32765780730897015 0.36710963455149503 0.3304263565891474 0.36918604651162795 0.33284883720930236 0.3709163898117387 0.3356173864894796 0.37333887043189373 0.33803986710963463 0.3754152823920266 0.3401162790697675 0.3774916943521595 0.34150055370985605 0.37991417497231456 0.34253875968992253 0.3830287929125139 0.34288482834994466 0.3864894795127354 0.3421926910299004 0.38960409745293473 0.34150055370985605 0.3927187153931341 0.3411544850498339 0.39583333333333337 0.3408084163898118 0.3989479512735327 0.3401162790697675 0.4017165005537099 0.3394241417497232 0.404138981173865 0.33803986710963463 0.4069075304540421 0.3359634551495017 0.4093300110741972 0.33388704318936885 0.4117524916943522 0.33181063122923593 0.413482834994463 0.3286960132890366 0.4155592469545958 0.3252353266888151 0.4172895902547066 0.3217746400885936 0.41867386489479513 0.3193521594684386 0.4200581395348838 0.31692967884828355 0.42109634551495023 0.31208471760797346 0.4231727574750831 0.30620155038759694 0.42490310077519383 0.301702657807309 0.42594130675526026 0.29893410852713187 0.42594130675526026 0.2947812846068661 0.42559523809523814 0.2895902547065338 0.425249169435216 0.2864756367663345 0.42490310077519383 0.28301495016611306 0.4238648947951274 0.2792081949058694 0.4228266888150609 0.27505537098560356 0.42213455149501666 0.27055647840531566 0.42109634551495023 0.2670957918050942 0.4200581395348838
1 0.42109634551495023 0.4242109634551496 0.41209856035437437 0.4311323366555925 0.4093300110741972 0.4335548172757476 0.40656146179402 0.4356312292358805 0.40379291251384275 0.4377076411960133 0.4017165005537099 0.4390919158361019 0.3989479512735327 0.4404761904761905 0.39444905869324476 0.44220653377630126 0.3885658914728683 0.443936877076412 0.38475913621262464 0.4453211517165006 0.3826827242524917 0.4453211517165006 0.3795681063122924 0.4453211517165006 0.37679955703211526 0.4453211517165006 0.3729928017718716 0.4442829457364342 0.36953211517165013 0.4425526024363234 0.36849390919158365 0.44082225913621265 0.36710963455149503 0.4380537098560355 0.3664174972314508 0.4356312292358805 0.36537929125138435 0.43251661129568114 0.36434108527131787 0.4290559246954596 0.36399501661129574 0.42663344407530457 0.36364894795127356 0.4228266888150609 0.36364894795127356 0.41971207087486156 0.36434108527131787 0.415905315614618 0.3650332225913622 0.41244462901439655 0.3664174972314508 0.408983942414175 0.36953211517165013 0.4051771871539314 0.3726467331118494 0.4017165005537099 0.3754152823920266 0.39860188261351054 0.37852990033222594 0.3965254706533777 0.3819905869324475 0.39514119601328906 0.38545127353266895 0.3930647840531562 0.3889119601328904 0.3909883720930233 0.39237264673311184 0.3892580287929126 0.3961794019933555 0.38787375415282394 0.40067829457364346 0.3868355481727575 0.4051771871539314 0.38614341085271325 0.4093300110741972 0.38614341085271325 0.4138289036544851 0.3875276854928018 0.4179817275747509 0.3892580287929126 0.42213455149501666 0.39064230343300116 0.42559523809523814 0.39237264673311184 0.4280177187153932 0.39410299003322263 0.43009413067552604 0.39583333333333337 0.43182447397563684 0.39860188261351054 0.4332087486157254 0.40137043189368776 0.4332087486157254 0.4044850498338871 0.43217054263565896 0.4072535991140643 0.43078626799557035 0.41002214839424145 0.42767165005537106 0.41417497231450723 0.42490310077519383 0.4176356589147287 0.4228266888150609 0.42075027685492805
1 0.4688538205980067 0.47819767441860467 0.4619324473975637 0.48269656699889263 0.4539728682170543 0.48788759689922484 0.45189645625692143 0.48892580287929127 0.45016611295681064 0.4896179401993356 0.4480897009966778 0.49065614617940206 0.44566722037652273 0.4913482834994463 0.443936877076412 0.4920404208194906 0.4404761904761905 0.4927325581395349 0.4380537098560355 0.49307862679955705 0.4356312292358805 0.49411683277962354 0.4342469545957918 0.49377076411960136 0.4342469545957918 0.49377076411960136 0.4339008859357697 0.4934246954595792 0.43217054263565896 0.4916943521594685 0.4294019933554818 0.4896179401993356 0.42628737541528244 0.4875415282392027 0.4228266888150609 0.4851190476190476 0.4204042081949059 0.4820044296788483 0.4190199335548173 0.47992801771871546 0.418327796234773 0.47750553709856036 0.4179817275747509 0.4740448504983389 0.4176356589147287 0.47058416389811747 0.4172895902547066 0.46781561461794025 0.4176356589147287 0.465047065337763 0.41936600221483944 0.46297065337763016 0.42109634551495023 0.460202104097453 0.4231727574750831 0.45708748615725364 0.4245570321151717 0.4539728682170543 0.42628737541528244 0.4515503875968993 0.4294019933554818 0.44774363233665565 0.43217054263565896 0.44601328903654486 0.43632336655592474 0.443936877076412 0.4397840531561462 0.4418604651162791 0.44359080841638987 0.4390919158361019 0.44601328903654486 0.4377076411960133 0.4494739756367664 0.43736157253599117 0.4539728682170543 0.43736157253599117 0.45743355481727577 0.43736157253599117 0.4605481727574751 0.4383997785160576 0.46331672203765234 0.4394379844961241 0.46643133997785163 0.44082225913621265 0.4691998892580288 0.4425526024363234 0.4716223698781839 0.4442829457364342 0.4740448504983389 0.44601328903654486 0.47646733111849393 0.4480897009966778 0.47785160575858254 0.4505121816168328 0.47888981173864903 0.45293466223698786 0.47888981173864903 0.4553571428571429 0.47888981173864903 0.45743355481727577 0.47785160575858254 0.45985603543743087 0.4768133997785161 0.4619324473975637 0.4754291251384275 0.4647009966777409 0.47473698781838325 0.46643133997785163 0.4733527131782946 0.4688538205980067 0.47266057585825033 0.4712763012181617 0.4709302325581396 0.4740448504983389
1 0.31762181616832785 0.28820598006644527 0.3113925802879292 0.28578349944629017 0.3089700996677741 0.28474529346622374 0.30689368770764125 0.2833610188261352 0.30481727574750833 0.28197674418604657 0.30274086378737547 0.28024640088593583 0.30101052048726473 0.27851605758582504 0.29893410852713187 0.27678571428571436 0.29685769656699895 0.27470930232558144 0.2951273532668882 0.2722868217054264 0.29408914728682173 0.27021040974529353 0.2930509413067553 0.2677879291251385 0.29201273532668887 0.26467331118493914 0.29097452934662243 0.26121262458471767 0.29028239202657813 0.2584440753045405 0.28993632336655595 0.25463732004429684 0.29097452934662243 0.2518687707641197 0.29201273532668887 0.24944629014396463 0.2951273532668882 0.2470238095238096 0.29685769656699895 0.24633167220376528 0.2999723145071983 0.2449473975636767 0.3044712070874862 0.2435631229235881 0.3079318936877077 0.2421788482834995 0.3113925802879292 0.24114064230343307 0.3151993355481728 0.23975636766334446 0.3193521594684386 0.23837209302325588 0.32350498338870437 0.23698781838316726 0.32592746400885936 0.2366417497231451 0.3311184939091916 0.23594961240310083 0.3356173864894796 0.23560354374307868 0.3411544850498339 0.23594961240310083 0.3463455149501662 0.236295681063123 0.3508444075304541 0.23733388704318945 0.3549972314507199 0.23906423034330018 0.35880398671096353 0.2407945736434109 0.3608803986710964 0.24252491694352163 0.36261074197120713 0.24390919158361024 0.3650332225913622 0.24529346622369885 0.36710963455149503 0.2470238095238096 0.36883997785160577 0.24806201550387602 0.3712624584717608 0.25013842746400894 0.37333887043189373 0.2518687707641197 0.3754152823920266 0.25394518272425254 0.3771456256921374 0.2567137320044297 0.3781838316722038 0.2584440753045405 0.3788759689922481 0.26052048726467336 0.3795681063122924 0.2629429678848284 0.3795681063122924 0.26501937984496127 0.3795681063122924 0.26744186046511637 0.37922203765227025 0.26951827242524923 0.3781838316722038 0.27194075304540427 0.37679955703211526 0.27470930232558144 0.37506921373200447 0.2774778516057586 0.3736849390919159 0.2795542635658915 0.3719545957918051 0.2823228128460687 0.36918604651162795 0.2840531561461795 0.36468715393134 0.28612956810631235 0.3601882613510521 0.2878599114064231 0.35707364341085274 0.2892441860465117 0.3536129568106313 0.29062846068660025 0.3501522702104098 0.29166666666666674 0.34703765227021044 0.29235880398671105 0.3449612403100775 0.29270487264673317 0.3418466223698783 0.2933970099667775 0.33907807308970106 0.2933970099667775 0.3349252491694353 0.2933970099667775 0.329734219269103 0.2930509413067553 0.32592746400885936 0.29235880398671105 0.32281284606866006 0.2913205980066446
1 0.013773532668881568 0.35984219269102996 0.01792635658914735 0.36814784053156147 0.020694905869324536 0.37472314507198234 0.023117386489479575 0.38129844961240317 0.02346345514950172 0.38337486157253603 0.02415559246954602 0.3864894795127354 0.024501661129568166 0.390296234772979 0.024501661129568166 0.39514119601328906 0.024501661129568166 0.3989479512735327 0.024501661129568166 0.4024086378737542 0.02415559246954602 0.40656146179402 0.022771317829457426 0.41036821705426363 0.020694905869324536 0.41452104097452935 0.016888150609080905 0.4172895902547066 0.014811738648948015 0.4190199335548173 0.012735326688815125 0.4200581395348838 0.010658914728682235 0.4204042081949059 0.0033914728682171167 0.42144241417497236 -4.625929269271486e-19 0.41974667774086377 0.00062292358803993 0.3518826135105205 0.004429678848283562 0.3532668881506091 0.005467884828350007 0.3536129568106313 0.007544296788482897 0.35465116279069775 0.010312846068660085 0.35707364341085274
1 0.2951273532668882 0.5574473975636766 0.29270487264673317 0.553640642303433 0.29166666666666674 0.551218161683278 0.29097452934662243 0.5494878183831672 0.29062846068660025 0.5460271317829457 0.29028239202657813 0.5425664451827242 0.28993632336655595 0.539797895902547 0.28993632336655595 0.5370293466223699 0.29097452934662243 0.5332225913621262 0.29166666666666674 0.5314922480620156 0.2930509413067553 0.5290697674418605 0.2944352159468439 0.5269933554817275 0.2978959025470654 0.5190337763012182 0.2996262458471761 0.5173034330011075 0.30204872646733116 0.5155730897009967 0.3051633444075305 0.513842746400886 0.31000830564784054 0.5117663344407531 0.3148532668881507 0.5100359911406424 0.31900609080841646 0.5086517165005537 0.32315891472868224 0.5076135105204873 0.3266196013289037 0.506921373200443 0.3314645625692138 0.5065753045404209 0.336655592469546 0.5072674418604651 0.3394241417497232 0.5079595791805095 0.3421926910299004 0.5100359911406424 0.3446151716500554 0.5117663344407531 0.34703765227021044 0.5131506090808416 0.35049833887043197 0.5155730897009967 0.35292081949058696 0.5183416389811739 0.35465116279069775 0.520764119601329 0.3567275747508306 0.5238787375415282 0.35845791805094135 0.5280315614617941 0.35915005537098565 0.5318383167220377 0.35915005537098565 0.5356450719822813 0.3581118493909192 0.539797895902547 0.3556893687707642 0.5463732004429679 0.3536129568106313 0.549141749723145 0.3515365448504984 0.5522563676633444 0.3491140642303433 0.5550249169435215 0.34703765227021044 0.5574473975636766 0.3453073089700997 0.5595238095238095 0.34288482834994466 0.5612541528239202 0.3408084163898118 0.5622923588039866 0.33803986710963463 0.5636766334440753 0.3356173864894796 0.5654069767441859 0.33354097452934667 0.5664451827242524 0.33181063122923593 0.5671373200442968 0.3286960132890366 0.5674833887043189 0.3262735326688816 0.5681755260243633 0.32246677740863794 0.5681755260243633 0.31831395348837216 0.5678294573643411 0.315545404208195 0.5674833887043189 0.3138150609080842 0.5671373200442968 0.3093161683277963 0.5664451827242524 0.3065476190476191 0.5660991140642303 0.30308693244739765 0.5643687707641195 0.30066445182724255 0.562984496124031 0.29858803986710963 0.5612541528239202
1 0.20780772171253828 0.23217698776758414 0.20159594801223243 0.22883218654434254 0.19825114678899083 0.22739870030581041 0.19395068807339452 0.22405389908256884 0.19060588685015295 0.2197534403669725 0.1882167431192661 0.21688646788990829 0.18582759938837923 0.21354166666666669 0.1843941131498471 0.21067469418960247 0.18248279816513766 0.20780772171253828 0.18248279816513766 0.20494074923547403 0.18200496941896027 0.20207377675840982 0.1815271406727829 0.19872897553516822 0.1815271406727829 0.19633983180428138 0.18104931192660553 0.19347285932721717 0.18057148318042818 0.19012805810397557 0.18057148318042818 0.1863054281345566 0.18057148318042818 0.182960626911315 0.1815271406727829 0.17866016819571867 0.18248279816513766 0.17579319571865445 0.18391628440366978 0.17149273700305814 0.186783256880734 0.16910359327217128 0.19012805810397557 0.16767010703363916 0.19347285932721717 0.1671922782874618 0.19825114678899083 0.16671444954128445 0.2054185779816514 0.16767010703363916 0.2101968654434251 0.17005925076452605 0.21306383792048933 0.17388188073394498 0.21593081039755355 0.17674885321100922 0.21879778287461776 0.17913799694189605 0.221664755351682 0.18200496941896027 0.22500955657492358 0.1848719418960245 0.22739870030581041 0.18726108562691135 0.22978784403669728 0.1896502293577982 0.2312213302752294 0.19203937308868504 0.23361047400611623 0.195862003058104 0.23456613149847097 0.19872897553516822 0.23552178899082574 0.20207377675840982 0.23599961773700306 0.20637423547400616 0.23599961773700306 0.2101968654434251 0.23599961773700306 0.2149751529051988 0.23647744648318045 0.21879778287461776 0.23647744648318045 0.221664755351682 0.23504396024464835 0.22500955657492358 0.23361047400611623 0.22835435779816518 0.2312213302752294 0.23169915902140675 0.2278765290519878 0.23408830275229361 0.22405389908256884 0.23552178899082574 0.21879778287461776 0.23647744648318045 0.21545298165137616 0.23647744648318045 0.21210818042813456 0.23504396024464835
1 0.23647744648318045 0.13278860856269117 0.2407779051987768 0.12370986238532114 0.24268922018348624 0.11845374617737006 0.24507836391437313 0.11510894495412848 0.24746750764525996 0.113197629969419 0.25224579510703365 0.11033065749235478 0.2579797400611621 0.10794151376146792 0.26228019877675846 0.10603019877675844 0.2670584862385322 0.1050745412844037 0.27183677370030584 0.10459671253822633 0.2766150611620795 0.10459671253822633 0.28282683486238536 0.1050745412844037 0.28712729357798167 0.10650802752293581 0.2919055810397554 0.1084193425076453 0.29572821100917435 0.11033065749235478 0.2995508409785933 0.11224197247706426 0.3038512996941896 0.11415328746177374 0.3071961009174312 0.11606460244648323 0.3100630733944954 0.11940940366972481 0.31293004587155965 0.12323203363914376 0.3157970183486239 0.12896597859327222 0.317230504587156 0.13326643730886853 0.3177083333333333 0.13708906727828749 0.3181861620795107 0.14377866972477066 0.3181861620795107 0.14855695718654438 0.3177083333333333 0.15285741590214072 0.31627484709480125 0.15715787461773703 0.3153191896024465 0.16002484709480128 0.3138857033639144 0.1628918195718655 0.3124522171253823 0.16623662079510707 0.30958524464831805 0.17053707951070338 0.3071961009174312 0.17340405198776762 0.30193998470948014 0.17722668195718658 0.2981173547400612 0.17913799694189605 0.29333906727828746 0.18057148318042818 0.28808295107033643 0.18104931192660553 0.2833046636085627 0.18104931192660553 0.278526376146789 0.18104931192660553 0.27279243119266056 0.1800936544342508 0.2680141437308869 0.17866016819571867 0.2646693425076453 0.17722668195718658 0.2594132262996942 0.17435970948012233 0.2551127675840979 0.17244839449541288 0.25224579510703365 0.17005925076452605 0.24746750764525996 0.1657587920489297 0.24412270642201836 0.16145833333333337 0.2422113914373089 0.15859136085626915 0.2407779051987768 0.15524655963302755 0.23982224770642205 0.15190175840978598 0.23838876146788995 0.14712347094801226 0.23791093272171257 0.14282301223241592 0.23695527522935783 0.13804472477064225
1 0.3774369266055046 0.1433008409785933 0.3760034403669725 0.13708906727828749 0.37695909785932724 0.13422209480122327 0.37887041284403666 0.13135512232415905 0.38030389908256884 0.12562117737003062 0.38221521406727826 0.12084288990825692 0.3841265290519878 0.11606460244648323 0.38651567278287463 0.11224197247706426 0.3889048165137615 0.10937500000000003 0.3936831039755352 0.10650802752293581 0.3970279051987768 0.1050745412844037 0.4003727064220184 0.10411888379204896 0.40515099388379205 0.1036410550458716 0.4099292813455657 0.10316322629969422 0.4142297400611621 0.10316322629969422 0.4185301987767584 0.10316322629969422 0.4223528287461774 0.1036410550458716 0.425697629969419 0.10459671253822633 0.42904243119266056 0.10650802752293581 0.43238723241590216 0.10889717125382267 0.434776376146789 0.11176414373088689 0.4366876911314985 0.11510894495412848 0.4376433486238532 0.11893157492354743 0.4381211773700306 0.12323203363914376 0.4381211773700306 0.1275324923547401 0.4371655198776759 0.12992163608562693 0.4362098623853211 0.13278860856269117 0.43429854740061163 0.1356555810397554 0.43190940366972475 0.139000382262997 0.42808677370030584 0.1433008409785933 0.4252198012232416 0.14664564220183487 0.42044151376146793 0.14903478593272176 0.41279625382262997 0.15285741590214072 0.40897362385321107 0.15429090214067281 0.40562882262996947 0.15572438837920494 0.40180619266055045 0.15620221712538232 0.3965500764525994 0.15572438837920494 0.3932052752293578 0.15429090214067281 0.3898604740061162 0.15333524464831808 0.38556001529051986 0.15094610091743121 0.3826930428134557 0.14951261467889912 0.3807817278287462 0.14712347094801226
1 0.4553230122324159 0.22405389908256884 0.45341169724770647 0.23026567278287463 0.4519782110091743 0.23361047400611623 0.44958906727828746 0.2374331039755352 0.4486334097859327 0.23982224770642205 0.4471999235474006 0.24268922018348624 0.4414659785932722 0.24603402140672787 0.4376433486238532 0.24746750764525996 0.4333428899082569 0.24890099388379208 0.4299980886850153 0.2498566513761468 0.4261754587155963 0.25081230886850153 0.42283065749235477 0.25081230886850153 0.42044151376146793 0.25129013761467894 0.41375191131498473 0.2503344801223242 0.40945145259938837 0.24890099388379208 0.40562882262996947 0.24746750764525996 0.40228402140672787 0.24651185015290522 0.39893922018348627 0.24125573394495417 0.39798356269113155 0.23695527522935783 0.39750573394495414 0.23217698776758414 0.3970279051987768 0.2293100152905199 0.3970279051987768 0.22548738532110094 0.39750573394495414 0.22118692660550462 0.39846139143730885 0.2183199541284404 0.399894877675841 0.2149751529051988 0.40085053516819574 0.21210818042813456 0.4032396788990826 0.208763379204893 0.40562882262996947 0.20589640672782877 0.4075401376146789 0.20350726299694194 0.4099292813455657 0.20064029051987772 0.4151853975535168 0.19681766055045874 0.4199636850152905 0.19490634556574926 0.42426414373088683 0.19347285932721717 0.42808677370030584 0.19299503058103978 0.4333428899082569 0.19299503058103978 0.43859900611620795 0.19347285932721717 0.44194380733944955 0.19490634556574926 0.4448107798165138 0.19633983180428138 0.4471999235474006 0.19872897553516822 0.4510225535168196 0.20350726299694194 0.45341169724770647 0.2073298929663609 0.4553230122324159 0.21163035168195724 0.45627866972477066 0.21688646788990829
1 0.6507549694189602 0.20016246177370034 0.6483658256880733 0.21593081039755355 0.6426318807339448 0.23074350152905201 0.6402427370030581 0.23456613149847097 0.6378535932721712 0.2388665902140673 0.6354644495412843 0.24316704892966362 0.6335531345565748 0.24651185015290522 0.6306861620795107 0.2503344801223242 0.6282970183486238 0.2536792813455658 0.6254300458715595 0.25654625382262997 0.6216074159021406 0.25893539755351686 0.6187404434250764 0.2603688837920489 0.6163512996941896 0.2613245412844037 0.613006498470948 0.26180237003058104 0.609183868501529 0.2627580275229358 0.6058390672782874 0.2627580275229358 0.6010607798165137 0.26228019877675846 0.5972381498470948 0.2613245412844037 0.592459862385321 0.25893539755351686 0.5900707186544342 0.25750191131498473 0.5867259174311925 0.2546349388379205 0.5843367737003058 0.2517679663608563 0.5819476299694188 0.24698967889908258 0.5800363149847094 0.243644877675841 0.5786028287461773 0.23934441896024466 0.5776471712538226 0.23504396024464835 0.5776471712538226 0.23074350152905201 0.5776471712538226 0.22644304281345567 0.5776471712538226 0.221664755351682 0.578125 0.2164086391437309 0.5790806574923547 0.21115252293577985 0.5800363149847094 0.20780772171253828 0.5805141437308868 0.2039850917431193 0.5814698012232415 0.19968463302752296 0.5838589449541284 0.19538417431192662 0.5857702599388379 0.19012805810397557 0.5881594036697247 0.18582759938837923 0.5919820336391436 0.17961582568807344 0.594849006116208 0.17627102446483184 0.5972381498470948 0.17340405198776762 0.6005829510703363 0.17053707951070338 0.6058390672782874 0.1657587920489297 0.6087060397553515 0.1643253058103976 0.6125286697247706 0.16193616207951073 0.6153956422018347 0.1605026758409786 0.6187404434250764 0.1590691896024465 0.6211295871559632 0.15859136085626915 0.6239965596330275 0.15859136085626915 0.6287748470948011 0.1595470183486239 0.6335531345565748 0.16145833333333337 0.6373757645259938 0.1628918195718655 0.6411983944954128 0.16480313455657494 0.6435875382262997 0.16623662079510707 0.6454988532110091 0.16862576452599393 0.6474101681957186 0.1719705657492355 0.6483658256880733 0.17579319571865445 0.6497993119266054 0.17961582568807344 0.6507549694189602 0.18391628440366978 0.651710626911315 0.1896502293577982 0.651710626911315 0.19538417431192662
1 0.3234422782874618 0.050602064220183526 0.3296540519877676 0.05394686544342511 0.3320431957186544 0.05633600917431196 0.33443233944954126 0.05872515290519882 0.3368214831804282 0.06159212538226303 0.3387327981651376 0.06493692660550462 0.3406441131498471 0.06923738532110096 0.34112194189602446 0.07258218654434255 0.3420775993883792 0.0764048165137615 0.3420775993883792 0.08166093272171258 0.3420775993883792 0.08643922018348628 0.3420775993883792 0.0907396788990826 0.3420775993883792 0.0955179663608563 0.34159977064220187 0.09981842507645264 0.33921062691131504 0.1036410550458716 0.3368214831804282 0.10603019877675844 0.3334766819571866 0.1084193425076453 0.32726490825688076 0.11033065749235478 0.32392010703363916 0.11033065749235478 0.3181861620795107 0.10411888379204896 0.3091074159021407 0.09599579510703367 0.30193998470948014 0.08835053516819576 0.30098432721712537 0.08691704892966363 0.29859518348623854 0.0845279051987768 0.29668386850152906 0.08213876146788994 0.29477255351681964 0.0797496177370031 0.2942947247706422 0.07592698776758414 0.2942947247706422 0.0716265290519878 0.2942947247706422 0.06637041284403673 0.2942947247706422 0.06302561162079515 0.29572821100917435 0.057769495412844075 0.2976395259938838 0.05442469418960249 0.2995508409785933 0.052035550458715635 0.30241781345565755 0.05012423547400616 0.30528478593272174 0.04964640672782879 0.31101873088685017 0.04916857798165142 0.3167526758409786 0.04869074923547404
1 0.1303994648318043 0.03770068807339454 0.139000382262997 0.04247897553516824 0.14138952599388382 0.04391246177370035 0.14664564220183487 0.046301605504587194 0.15046827217125386 0.04916857798165142 0.15572438837920494 0.05346903669724775 0.1590691896024465 0.05633600917431196 0.16193616207951073 0.05872515290519882 0.1638474770642202 0.06159212538226303 0.16480313455657494 0.06398126911314989 0.1657587920489297 0.06780389908256886 0.16480313455657494 0.0716265290519878 0.1624139908256881 0.07449350152905203 0.16002484709480128 0.07544915902140677 0.15715787461773703 0.0764048165137615 0.15429090214067281 0.07736047400611624 0.1514239296636086 0.07831613149847098 0.14951261467889912 0.07879396024464835 0.14568998470948016 0.07927178899082572 0.1433008409785933 0.0797496177370031 0.13947821100917432 0.0797496177370031 0.1356555810397554 0.0797496177370031 0.13326643730886853 0.07879396024464835 0.126099006116208 0.07688264525993888 0.11606460244648323 0.07114870030581044 0.1036410550458716 0.06159212538226303 0.10077408256880736 0.058247324159021445 0.09742928134556578 0.05346903669724775 0.0955179663608563 0.04916857798165142 0.09504013761467894 0.044868119266055086 0.09790711009174316 0.04056766055045876 0.10077408256880736 0.03770068807339454 0.10459671253822633 0.03483371559633031 0.10889717125382267 0.03387805810397558 0.11367545871559637 0.03387805810397558 0.11893157492354743 0.03435588685015294 0.12466551987767588 0.03578937308868505
1 0.22692087155963306 0.016198394495412886 0.2230982415902141 0.02623279816513766 0.22118692660550462 0.030533256880733987 0.21927561162079512 0.033400229357798204 0.21784212538226302 0.03626720183486243 0.2149751529051988 0.039612003058104014 0.21258600917431195 0.04295680428134561 0.2101968654434251 0.045345948012232455 0.20637423547400616 0.04582377675840983 0.20159594801223243 0.04582377675840983 0.19872897553516822 0.04582377675840983 0.19490634556574926 0.044868119266055086 0.19012805810397557 0.04247897553516824 0.18726108562691135 0.040089831804281384 0.1843941131498471 0.03770068807339454 0.1815271406727829 0.03435588685015294 0.1800936544342508 0.031488914373088726 0.17722668195718658 0.024799311926605547 0.17435970948012233 0.015242737003058147 0.17244839449541288 0.007119648318042856 0.17388188073394498 0.0009078746177370464 0.223361047400614 0.0 0.22739870030581041 0.004730504587156006 0.22739870030581041 0.009030963302752337
1 0.015242737003058147 0.012853593272171298 0.023843654434250804 0.018109709480122367 0.02623279816513766 0.020021024464831845 0.030055428134556618 0.023843654434250804 0.033400229357798204 0.027188455657492398 0.03626720183486243 0.031488914373088726 0.039134174311926645 0.03531154434250769 0.04295680428134561 0.039134174311926645 0.045345948012232455 0.04200114678899087 0.0477350917431193 0.04582377675840983 0.04916857798165142 0.04916857798165142 0.05012423547400616 0.05394686544342511 0.05012423547400616 0.057769495412844075 0.04869074923547404 0.06159212538226303 0.04725726299694193 0.06589258409785936 0.04391246177370035 0.07067087155963307 0.04104548929663612 0.07306001529051992 0.03770068807339454 0.07449350152905203 0.032922400611620835 0.07449350152905203 0.025754969418960286 0.07353784403669729 0.01906536697247711 0.07114870030581044 0.015242737003058147 0.06971521406727832 0.012375764525993926 0.06923738532110096 0.009030963302752337 0.06780389908256886 0.004252675840978636 0.06589258409785936 0.0009078746177370464 0.06445909785932726 0.0004300458715596765 0.06445909785932726 -5.782411586589357e-20 0.061018730886849844 0.0004300458715596765 0.007597477064220226 0.0052083333333333755 0.008553134556574967 0.009508792048929708 0.009986620795107076
1 0.14377866972477066 0.012375764525993926 0.13708906727828749 0.018587538226299737 0.13326643730886853 0.02288799694189607 0.12944380733944957 0.024799311926605547 0.12418769113149851 0.025754969418960286 0.11988723241590217 0.026710626911315028 0.11510894495412848 0.02623279816513766 0.11080848623853215 0.024321483180428174 0.10603019877675844 0.021932339449541326 0.10220756880733949 0.019543195718654476 0.09934059633027527 0.016676223241590255 0.09838493883792053 0.014287079510703406 0.09742928134556578 0.010464449541284447 0.09647362385321105 0.006163990825688115 0.09647362385321105 0.002819189602446527 0.09742928134556578 0.0004300458715596765 0.15094610091743121 0.0004300458715596765
1 0.007119648318042856 0.11749808868501534 0.016676223241590255 0.12418769113149851 0.01906536697247711 0.1270546636085627 0.020498853211009214 0.12944380733944957 0.02288799694189607 0.13469992354740065 0.02336582568807344 0.13947821100917432 0.023843654434250804 0.1433008409785933 0.02288799694189607 0.14568998470948016 0.019543195718654476 0.148079128440367 0.016676223241590255 0.14951261467889912 0.013809250764526038 0.1514239296636086 0.011420107033639187 0.15285741590214072 0.007597477064220226 0.15429090214067281 0.0032970183486238968 0.1547687308868502 -4.625929269271486e-19 0.1542977282656182 0.0004300458715596765 0.1146311162079511 0.002819189602446527 0.11510894495412848
1 0.6512327981651376 0.517440749235474 0.6474101681957186 0.5241303516819572 0.6459766819571865 0.5269973241590215 0.6445431957186544 0.5298642966360857 0.6421540519877674 0.5327312691131498 0.6402427370030581 0.5351204128440367 0.6373757645259938 0.5370317278287461 0.6335531345565748 0.5389430428134556 0.6287748470948011 0.5408543577981652 0.6259078746177369 0.5422878440366972 0.6220852446483179 0.5427656727828746 0.6196961009174312 0.5432435015290519 0.6158734709480121 0.5437213302752293 0.6125286697247706 0.5437213302752293 0.6077503822629969 0.5427656727828746 0.6044055810397553 0.5422878440366972 0.6015386085626911 0.5403765290519877 0.5981938073394495 0.5346425840978593 0.594849006116208 0.5255638379204893 0.594849006116208 0.5231746941896025 0.594849006116208 0.5207855504587156 0.5981938073394495 0.517440749235474 0.5996272935779816 0.5150516055045872 0.6005829510703363 0.5126624617737003 0.6020164373088684 0.5097954892966361 0.6034499235474005 0.5069285168195719 0.6048834097859327 0.504539373088685 0.6077503822629969 0.5011945718654435 0.6120508409785932 0.4968941131498471 0.6149178134556574 0.49450496941896027 0.6192182721712538 0.49211582568807344 0.6235187308868501 0.48972668195718655 0.6278191896024464 0.4882931957186544 0.6325974770642201 0.4873375382262997 0.6383314220183486 0.4873375382262997 0.6426318807339448 0.4873375382262997 0.6464545107033639 0.48877102446483184 0.649321483180428 0.49116016819571867 0.651710626911315 0.4935493119266055 0.6540997706422017 0.49737194189602446 0.6545775993883791 0.5002389143730887 0.6545775993883791 0.5054950305810398 0.6531441131498471 0.5102733180428135
1 0.6994935015290519 0.534164755351682 0.6980600152905198 0.5222190366972478 0.6975821865443425 0.5193520642201835 0.6971043577981652 0.5160072629969419 0.6971043577981652 0.5126624617737003 0.6966265290519877 0.5097954892966361 0.6966265290519877 0.5050172018348624 0.6980600152905198 0.5011945718654435 0.6985378440366972 0.4983275993883792 0.7004491590214067 0.49593845565749234 0.7028383027522935 0.4935493119266055 0.7071387614678899 0.49068233944954126 0.710005733944954 0.48877102446483184 0.7138283639143731 0.4873375382262997 0.7195623088685015 0.48638188073394495 0.7257740825688074 0.4859040519877676 0.7300745412844036 0.48638188073394495 0.7334193425076452 0.4882931957186544 0.7367641437308868 0.49068233944954126 0.7401089449541284 0.4930714831804281 0.7439315749235473 0.4964162844036697 0.7482320336391436 0.4997610856269113 0.7510990061162078 0.5035837155963303 0.7539659785932721 0.5078841743119267 0.7568329510703363 0.5126624617737003 0.7592220948012233 0.5164850917431193 0.76161123853211 0.521263379204893 0.7640003822629969 0.5289086391437309 0.765433868501529 0.5351204128440367 0.765433868501529 0.5398987003058103 0.765433868501529 0.5451548165137614 0.7649560397553515 0.5494552752293578 0.7635225535168195 0.5542335626911314 0.7611334097859326 0.5585340214067277 0.7587442660550459 0.5618788226299694 0.7534881498470948 0.5652236238532109 0.748709862385321 0.5680905963302751 0.7458428899082569 0.5695240825688074 0.7434537461773699 0.570479740061162 0.7405867737003058 0.5709575688073394 0.7362863149847094 0.5709575688073394 0.7329415137614678 0.570479740061162 0.7295967125382262 0.5695240825688074 0.7257740825688074 0.5676127675840978 0.7219514525993883 0.5647457951070335 0.7186066513761468 0.5609231651376146 0.7157396788990825 0.5575783639143731 0.712394877675841 0.553755733944954 0.710005733944954 0.5508887614678899 0.7076165902140672 0.5480217889908255 0.7052274464831804 0.5451548165137614 0.7033161314984709 0.5427656727828746
1 0.6808581804281345 0.37982607033639143 0.6832473241590213 0.37170298165137616 0.6846808103975535 0.3688360091743119 0.6889812691131497 0.36501337920489296 0.6928038990825687 0.3635798929663609 0.6971043577981652 0.36262423547400613 0.7023604740061161 0.36262423547400613 0.7076165902140672 0.3631020642201835 0.7128727064220183 0.36405772171253825 0.7171731651376146 0.3654912079510703 0.7219514525993883 0.36740252293577985 0.7281632262996941 0.3702694954128441 0.7334193425076452 0.37265863914373093 0.7381976299694188 0.3755256116207951 0.7424980886850153 0.377914755351682 0.744887232415902 0.3812595565749236 0.7477542048929663 0.38556001529051986 0.7506211773700305 0.3903383027522936 0.7520546636085627 0.39416093272171254 0.7530103211009174 0.39750573394495414 0.7544438073394494 0.4027618501529052 0.7549216360856268 0.40706230886850153 0.7549216360856268 0.4113627675840979 0.7534881498470948 0.4151853975535168 0.7520546636085627 0.4190080275229358 0.7501433486238531 0.4223528287461774 0.7463207186544342 0.4261754587155963 0.7434537461773699 0.4285646024464832 0.7391532874617737 0.4295202599388379 0.7334193425076452 0.4304759174311927 0.7291188837920489 0.43095374617737003 0.7248184250764526 0.43095374617737003 0.7200401376146789 0.43095374617737003 0.7166953363914372 0.4295202599388379 0.7119170489296636 0.4271311162079511 0.7076165902140672 0.42474197247706424 0.7037939602446482 0.4223528287461774 0.6990156727828745 0.41948585626911317 0.6947152140672782 0.4156632262996942 0.6908925840978593 0.4123184250764526 0.688025611620795 0.40897362385321107 0.6851586391437309 0.4046731651376147 0.684202981651376 0.4003727064220184 0.6827694954128439 0.39416093272171254 0.6818138379204892 0.3884269877675841
1 0.8012710244648318 0.43859900611620795 0.8031823394495412 0.42760894495412843 0.8046158256880733 0.42474197247706424 0.8065271406727827 0.42139717125382264 0.8084384556574923 0.4185301987767584 0.8127389143730887 0.41614105504587157 0.8160837155963302 0.4142297400611621 0.8199063455657492 0.41184059633027525 0.8237289755351681 0.40945145259938837 0.8280294342507645 0.4080179663608563 0.8337633792048929 0.40706230886850153 0.8380638379204892 0.40706230886850153 0.844275611620795 0.4080179663608563 0.8485760703363913 0.4099292813455657 0.8533543577981652 0.4132740825688073 0.8576548165137614 0.41614105504587157 0.860999617737003 0.42044151376146793 0.8633887614678899 0.42474197247706424 0.8638665902140672 0.42904243119266056 0.8638665902140672 0.434776376146789 0.8633887614678899 0.4395546636085627 0.8614774464831804 0.44624426605504586 0.8595661314984709 0.4510225535168196 0.8581326452599388 0.4543673547400612 0.8552656727828745 0.4591456422018349 0.8523987003058103 0.46392392966360857 0.8495317278287461 0.4667909021406728 0.8471425840978593 0.469657874617737 0.8433199541284403 0.47204701834862384 0.8394973241590213 0.47252484709480125 0.8342412079510703 0.47252484709480125 0.8299407492354739 0.47252484709480125 0.8256402905198776 0.47252484709480125 0.8232511467889907 0.47252484709480125 0.8203841743119266 0.47252484709480125 0.8175172018348623 0.4710913608562691 0.8136945718654434 0.4682243883792049 0.8098719418960243 0.46487958715596334 0.8065271406727827 0.46153478593272174 0.8036601681957186 0.4586678134556575 0.8007931957186544 0.45484518348623854 0.7993597094801222 0.4510225535168196 0.7988818807339448 0.44528860856269115
1 0.8256402905198776 0.6039277522935779 0.8199063455657492 0.6125286697247706 0.8175172018348623 0.61443998470948 0.8146502293577982 0.6163512996941896 0.8117832568807338 0.6192182721712538 0.8074827981651376 0.6216074159021406 0.8022266819571865 0.6244743883792049 0.7998375382262995 0.6249522171253823 0.7955370795107033 0.6259078746177369 0.7921922782874617 0.6259078746177369 0.7883696483180427 0.6259078746177369 0.7850248470948011 0.6259078746177369 0.7816800458715595 0.6254300458715595 0.7778574159021406 0.6244743883792049 0.7754682721712538 0.6235187308868501 0.7730791284403669 0.6216074159021406 0.77068998470948 0.6187404434250764 0.7687786697247706 0.6149178134556574 0.7673451834862385 0.6110951834862385 0.7663895259938837 0.6077503822629969 0.7663895259938837 0.6034499235474005 0.7663895259938837 0.6001051223241589 0.7663895259938837 0.5972381498470948 0.7668673547400611 0.5943711773700305 0.7683008409785932 0.5919820336391436 0.7702121559633027 0.5881594036697247 0.7721234709480121 0.5852924311926605 0.7740347859327217 0.5824254587155963 0.7764239296636084 0.5795584862385321 0.7788130733944953 0.5766915137614678 0.7816800458715595 0.574302370030581 0.7850248470948011 0.5714353975535167 0.7898031345565748 0.5685684250764526 0.7950592507645259 0.5657014525993883 0.7998375382262995 0.5628344801223242 0.8046158256880733 0.5614009938837919 0.8098719418960243 0.5604453363914372 0.8170393730886849 0.5604453363914372 0.8203841743119266 0.5609231651376146 0.8232511467889907 0.5637901376146789 0.8256402905198776 0.566657110091743 0.8275516055045871 0.570479740061162 0.8294629204892966 0.574302370030581 0.8304185779816513 0.578125 0.8313742354740061 0.5829032874617737 0.8313742354740061 0.5876815749235473 0.8299407492354739 0.592459862385321 0.8280294342507645 0.5977159785932721
1 0.9025707186544342 0.6818138379204892 0.8944476299694188 0.6751242354740061 0.8930141437308868 0.6727350917431192 0.8911028287461773 0.6693902905198776 0.8887136850152904 0.6655676605504586 0.8877580275229356 0.6617450305810397 0.8872801987767583 0.6574445718654434 0.886802370030581 0.6531441131498471 0.8863245412844036 0.6483658256880733 0.8863245412844036 0.6435875382262997 0.8877580275229356 0.6388092507645259 0.8901471712538226 0.6340309633027522 0.8973146024464831 0.6302083333333333 0.9006594036697246 0.6282970183486238 0.904959862385321 0.6263857033639143 0.9097381498470948 0.6244743883792049 0.914038608562691 0.6235187308868501 0.91786123853211 0.6235187308868501 0.9235951834862385 0.6235187308868501 0.9298069571865443 0.6249522171253823 0.9336295871559632 0.6268635321100916 0.9379300458715595 0.629730504587156 0.942230504587156 0.6321196483180427 0.9465309633027522 0.634986620795107 0.9498757645259938 0.6373757645259938 0.952742737003058 0.6407205657492354 0.9551318807339448 0.644065366972477 0.9575210244648317 0.6478879969418959 0.9589545107033639 0.6526662844036697 0.9594323394495412 0.6579224006116208 0.9594323394495412 0.6631785168195719 0.9594323394495412 0.6684346330275229 0.9579988532110091 0.6722572629969418 0.9560875382262995 0.6765577217125381 0.9532205657492354 0.6808581804281345 0.9493979357798163 0.6832473241590213 0.9470087920489296 0.6846808103975535 0.943663990825688 0.6861142966360856 0.9379300458715595 0.6885034403669724 0.9341074159021405 0.6899369266055045 0.9312404434250764 0.6899369266055045 0.925506498470948 0.6894590978593271 0.9188168960244648 0.688025611620795 0.9145164373088684 0.6870699541284403 0.9097381498470948 0.6851586391437309
1 0.8743788226299694 0.5829032874617737 0.8676892201834862 0.5762136850152905 0.864822247706422 0.5733467125382262 0.8624331039755351 0.5700019113149846 0.8600439602446482 0.5661792813455657 0.8581326452599388 0.5623566513761468 0.8576548165137614 0.5590118501529051 0.857176987767584 0.5551892201834862 0.8566991590214067 0.5513665902140672 0.8566991590214067 0.5465883027522935 0.857176987767584 0.5427656727828746 0.8581326452599388 0.5398987003058103 0.8605217889908255 0.5351204128440367 0.8624331039755351 0.5317756116207951 0.8643444189602446 0.5298642966360857 0.8691227064220183 0.5260416666666666 0.8729453363914372 0.5231746941896025 0.8772457951070335 0.5222190366972478 0.8801127675840978 0.5222190366972478 0.8844132262996941 0.5222190366972478 0.8896693425076452 0.5241303516819572 0.8939698012232414 0.526519495412844 0.8973146024464831 0.5293864678899083 0.9006594036697246 0.5322534403669725 0.9040042048929663 0.5346425840978593 0.9063933486238531 0.5379873853211008 0.9087824923547401 0.5422878440366972 0.9106938073394494 0.5480217889908255 0.9121272935779816 0.5532779051987766 0.9130829510703363 0.5575783639143731 0.9135607798165137 0.5633123088685015 0.9135607798165137 0.5680905963302751 0.9135607798165137 0.5728688837920489 0.9121272935779816 0.578125 0.9087824923547401 0.583381116207951 0.9054376911314983 0.5872037461773699 0.9006594036697246 0.5895928899082569 0.8968367737003058 0.5900707186544342 0.8911028287461773 0.5895928899082569 0.8858467125382262 0.588637232415902 0.8825019113149846 0.5876815749235473 0.8786792813455656 0.5852924311926605
1 0.969466743119266 0.5762136850152905 0.9632549694189602 0.5714353975535167 0.9603879969418959 0.56904625382263 0.9575210244648317 0.5647457951070335 0.9551318807339448 0.5609231651376146 0.9536983944954128 0.5566227064220183 0.952742737003058 0.552322247706422 0.9517870795107033 0.548499617737003 0.9508314220183485 0.5451548165137614 0.9508314220183485 0.5418100152905198 0.9508314220183485 0.5370317278287461 0.9517870795107033 0.5336869266055045 0.9536983944954128 0.5284308103975535 0.956565366972477 0.5236525229357798 0.9594323394495412 0.5203077217125383 0.9622993119266054 0.5169629204892966 0.9651662844036697 0.5140959480122324 0.9680332568807338 0.5121846330275229 0.9709002293577981 0.5112289755351682 0.9752006880733944 0.5107511467889908 0.9790233180428134 0.5102733180428135 0.9828459480122322 0.5107511467889908 0.9871464067278287 0.5121846330275229 0.9924025229357798 0.5140959480122324 0.9957473241590213 0.5160072629969419 0.9976586391437309 0.5183964067278287 0.9989583333333333 0.5205625637104996 0.9989583333333333 0.556144877675841 0.9952694954128439 0.5614009938837919 0.9933581804281345 0.5647457951070335 0.9919246941896024 0.5671349388379204 0.9881020642201833 0.5709575688073394 0.9852350917431192 0.5738245412844036 0.9828459480122322 0.5752580275229356 0.9804568042813455 0.5762136850152905 0.9766341743119266 0.5766915137614678
1 0.7463207186544342 0.29142775229357804 0.7405867737003058 0.2895164373088685 0.7324636850152905 0.2837824923547401 0.7295967125382262 0.28139334862385323 0.72529625382263 0.2780485474006117 0.722907110091743 0.27518157492354745 0.7205179663608562 0.2708811162079511 0.7200401376146789 0.2670584862385322 0.7200401376146789 0.2627580275229358 0.7205179663608562 0.25893539755351686 0.7224292813455657 0.2546349388379205 0.7238627675840978 0.25224579510703365 0.7262519113149846 0.2503344801223242 0.7291188837920489 0.24746750764525996 0.7329415137614678 0.24507836391437313 0.7367641437308868 0.2422113914373089 0.7415424311926605 0.23982224770642205 0.7444094036697246 0.23934441896024466 0.7482320336391436 0.2388665902140673 0.7530103211009174 0.2388665902140673 0.7587442660550459 0.2388665902140673 0.7625668960244648 0.23934441896024466 0.7668673547400611 0.2407779051987768 0.7721234709480121 0.24268922018348624 0.7759461009174312 0.24412270642201836 0.7807243883792049 0.24698967889908258 0.783591360856269 0.2484231651376147 0.7878918195718654 0.25081230886850153 0.7902809633027522 0.2517679663608563 0.7931479357798163 0.2536792813455658 0.7960149082568807 0.2560684250764526 0.8007931957186544 0.25989105504587157 0.8031823394495412 0.26323585626911317 0.8046158256880733 0.2670584862385322 0.8050936544342506 0.2708811162079511 0.8046158256880733 0.2747037461773701 0.8012710244648318 0.2770928899082569 0.7969705657492354 0.27900420489296635 0.7945814220183486 0.2804376911314985 0.7921922782874617 0.28282683486238536 0.7898031345565748 0.2842603211009174 0.7869361620795107 0.28664946483180426 0.7831135321100916 0.2890386085626912 0.7797687308868501 0.2909499235474006 0.7769017584097858 0.2919055810397554 0.7740347859327217 0.29238340978593275 0.77068998470948 0.29238340978593275 0.7659116972477064 0.2928612385321101 0.7611334097859326 0.29333906727828746 0.7553994648318042 0.29381689602446487
1 0.9059155198776757 0.2852159785932722 0.8982702599388379 0.28139334862385323 0.895881116207951 0.27948203363914376 0.8930141437308868 0.27613723241590216 0.8896693425076452 0.2732702599388379 0.8863245412844036 0.2708811162079511 0.8844132262996941 0.26562500000000006 0.8844132262996941 0.2627580275229358 0.8844132262996941 0.25893539755351686 0.8848910550458715 0.25415711009174313 0.8858467125382262 0.25081230886850153 0.8877580275229356 0.24794533639143734 0.8896693425076452 0.24507836391437313 0.8949254587155963 0.24125573394495417 0.8982702599388379 0.23934441896024466 0.9025707186544342 0.23838876146788995 0.9063933486238531 0.23695527522935783 0.9097381498470948 0.23647744648318045 0.9130829510703363 0.23599961773700306 0.9159499235474005 0.23552178899082574 0.9207282110091742 0.23504396024464835 0.9274178134556573 0.23504396024464835 0.9336295871559632 0.23647744648318045 0.939841360856269 0.23838876146788995 0.9446196483180427 0.2403000764525994 0.9503535932721712 0.24316704892966362 0.9556097094801222 0.24603402140672787 0.9599101681957186 0.24890099388379208 0.9656441131498471 0.25320145259938837 0.969466743119266 0.2579797400611621 0.9728115443425075 0.26228019877675846 0.9742450305810396 0.26514717125382264 0.974722859327217 0.2689698012232416 0.9742450305810396 0.2732702599388379 0.9723337155963302 0.278526376146789 0.9699445718654434 0.28282683486238536 0.9651662844036697 0.28569380733944955 0.9594323394495412 0.287605122324159 0.9551318807339448 0.2895164373088685 0.952742737003058 0.2909499235474006 0.9498757645259938 0.2919055810397554 0.943663990825688 0.29238340978593275 0.9374522171253822 0.29238340978593275 0.9326739296636084 0.29238340978593275 0.9274178134556573 0.2919055810397554 0.9231173547400611 0.29142775229357804 0.91786123853211 0.2890386085626912 0.9121272935779816 0.28712729357798167
1 0.7563551223241589 0.16145833333333337 0.7611334097859326 0.17244839449541288 0.7635225535168195 0.18057148318042818 0.7640003822629969 0.1834384556574924 0.7644782110091742 0.1877389143730887 0.7644782110091742 0.19156154434250766 0.7611334097859326 0.19633983180428138 0.7587442660550459 0.19968463302752296 0.7558772935779816 0.20255160550458717 0.7539659785932721 0.20494074923547403 0.7515768348623852 0.20637423547400616 0.748709862385321 0.2068520642201835 0.7458428899082569 0.2073298929663609 0.7410646024464831 0.20637423547400616 0.7362863149847094 0.2039850917431193 0.7310301987767583 0.20207377675840982 0.7281632262996941 0.20064029051987772 0.7257740825688074 0.19872897553516822 0.7233849388379204 0.19681766055045874 0.7214736238532109 0.19395068807339452 0.7205179663608562 0.19012805810397557 0.7200401376146789 0.186783256880734 0.7195623088685015 0.1834384556574924 0.7190844801223242 0.18057148318042818 0.7186066513761468 0.17722668195718658 0.7181288226299694 0.17483753822629972 0.7181288226299694 0.1719705657492355 0.7181288226299694 0.16814793577981654 0.7195623088685015 0.1638474770642202 0.7219514525993883 0.1605026758409786 0.7248184250764526 0.15668004587155965 0.7272075688073394 0.15381307339449543 0.730552370030581 0.1514239296636086 0.7343749999999999 0.14999044342507648 0.7386754587155963 0.14951261467889912 0.7424980886850153 0.14951261467889912 0.7453650611620795 0.14951261467889912 0.7477542048929663 0.15094610091743121 0.7506211773700305 0.15333524464831808 0.7539659785932721 0.15715787461773703
1 0.7845470183486238 0.16480313455657494 0.7826357033639143 0.1605026758409786 0.7826357033639143 0.1576357033639144 0.7821578746177369 0.15381307339449543 0.7821578746177369 0.15094610091743121 0.7831135321100916 0.14760129969418964 0.787413990825688 0.1433008409785933 0.791236620795107 0.14091169724770644 0.7974483944954128 0.139000382262997 0.8027045107033639 0.13804472477064225 0.8070049694189602 0.13756689602446487 0.813216743119266 0.13708906727828749 0.8175172018348623 0.13756689602446487 0.8208620030581039 0.1385225535168196 0.8256402905198776 0.14091169724770644 0.8294629204892966 0.14282301223241592 0.8328077217125381 0.14473432721712542 0.8361525229357798 0.14664564220183487 0.8390194954128439 0.14951261467889912 0.8418864678899082 0.15190175840978598 0.8437977828746176 0.1547687308868502 0.8452312691131497 0.16002484709480128 0.8452312691131497 0.16336964831804285 0.8447534403669724 0.16671444954128445 0.8437977828746176 0.17005925076452605 0.8423642966360856 0.17340405198776762 0.8394973241590213 0.17722668195718658 0.8371081804281345 0.17961582568807344 0.8328077217125381 0.18248279816513766 0.8289850917431192 0.1843941131498471 0.8251624617737002 0.18582759938837923 0.8218176605504586 0.18726108562691135 0.8194285168195719 0.1877389143730887 0.8136945718654434 0.1882167431192661 0.807960626911315 0.1882167431192661 0.8031823394495412 0.18726108562691135 0.7988818807339448 0.1848719418960245 0.7960149082568807 0.18200496941896027 0.7936257645259938 0.17866016819571867 0.7907587920489296 0.17435970948012233 0.7883696483180427 0.17053707951070338
1 0.9407970183486237 0.19012805810397557 0.930762614678899 0.18726108562691135 0.9274178134556573 0.1863054281345566 0.9226395259938837 0.18391628440366978 0.9202503822629969 0.18200496941896027 0.9173834097859326 0.18057148318042818 0.9145164373088684 0.17818233944954132 0.9116494648318042 0.1753153669724771 0.9092603211009174 0.1719705657492355 0.9073490061162078 0.16862576452599393 0.9059155198776757 0.16480313455657494 0.9054376911314983 0.16145833333333337 0.904959862385321 0.1576357033639144 0.9054376911314983 0.15429090214067281 0.9078268348623852 0.15046827217125386 0.9102159785932721 0.14712347094801226 0.914038608562691 0.14568998470948016 0.9188168960244648 0.14282301223241592 0.9240730122324158 0.14043386850152909 0.9278956422018347 0.139000382262997 0.9317182721712538 0.13804472477064225 0.9374522171253822 0.13708906727828749 0.942230504587156 0.13661123853211013 0.9479644495412843 0.13661123853211013 0.952742737003058 0.13756689602446487 0.956565366972477 0.139000382262997 0.9608658256880732 0.14138952599388382 0.9651662844036697 0.14473432721712542 0.9685110856269112 0.14712347094801226 0.9718558868501528 0.14903478593272176 0.974722859327217 0.1514239296636086 0.978545489296636 0.15429090214067281 0.9828459480122322 0.15859136085626915 0.9842794342507645 0.1624139908256881 0.9847572629969418 0.1671922782874618 0.9842794342507645 0.17149273700305814 0.9828459480122322 0.17579319571865445 0.9804568042813455 0.17961582568807344 0.9766341743119266 0.18248279816513766 0.9737672018348623 0.18534977064220187 0.9699445718654434 0.1877389143730887 0.9651662844036697 0.19012805810397557 0.9599101681957186 0.19156154434250766 0.9546540519877674 0.1925172018348624 0.9479644495412843 0.1925172018348624
1 0.9331517584097858 0.09838493883792053 0.92693998470948 0.1036410550458716 0.9235951834862385 0.1069858562691132 0.921683868501529 0.10937500000000003 0.9188168960244648 0.1112863149847095 0.914038608562691 0.11367545871559637 0.9092603211009174 0.11510894495412848 0.904959862385321 0.11606460244648323 0.9020928899082568 0.11702025993883795 0.8987480886850151 0.11797591743119269 0.8944476299694188 0.11845374617737006 0.8887136850152904 0.11702025993883795 0.8848910550458715 0.11558677370030584 0.8805905963302751 0.11367545871559637 0.8762901376146789 0.1112863149847095 0.8715118501529051 0.10889717125382267 0.8686448776758409 0.10650802752293581 0.8672113914373087 0.10316322629969422 0.8667335626911314 0.0988627675840979 0.866255733944954 0.0955179663608563 0.8672113914373087 0.09169533639143736 0.8696005351681957 0.08787270642201839 0.8715118501529051 0.08500573394495417 0.8748566513761468 0.08118310397553521 0.8786792813455656 0.07831613149847098 0.8825019113149846 0.07592698776758414 0.8872801987767583 0.07258218654434255 0.8934919724770641 0.06923738532110096 0.8982702599388379 0.0668482415902141 0.9030485474006116 0.06589258409785936 0.9097381498470948 0.06589258409785936 0.9169055810397553 0.065414755351682 0.921683868501529 0.065414755351682 0.925506498470948 0.06637041284403673 0.9298069571865443 0.06923738532110096 0.9321961009174312 0.07210435779816518 0.9345852446483179 0.07592698776758414 0.9360187308868501 0.08166093272171258 0.9364965596330275 0.08739487767584102 0.9364965596330275 0.09312882262996945
1 0.9898470464135021 0.12321993670886082 0.9825949367088609 0.11596782700421947 0.979957805907173 0.11267141350210977 0.9773206751054853 0.10937500000000006 0.9760021097046414 0.10607858649789036 0.9753428270042195 0.10146360759493676 0.9753428270042195 0.09684862869198319 0.9746835443037976 0.09355221518987349 0.9766613924050633 0.09025580168776376 0.979298523206751 0.0843222573839663 0.9852320675105486 0.08036656118143465 0.9891877637130801 0.07904799578059077 0.9944620253164558 0.07838871308016883 0.9989583333333333 0.07838871308016883 0.9989583333333333 0.07838871308016883 0.9989583333333333 0.13047204641350216
1 0.7184684684684685 0.8558558558558558 0.7156531531531531 0.8676801801801801 0.7139639639639639 0.8710585585585585 0.7128378378378378 0.8744369369369368 0.7100225225225224 0.8789414414414414 0.7072072072072071 0.8823198198198198 0.7032657657657657 0.8851351351351351 0.6998873873873873 0.8868243243243243 0.6936936936936937 0.8885135135135135 0.6886261261261261 0.8885135135135135 0.6852477477477478 0.8879504504504504 0.6824324324324323 0.8868243243243243 0.6773648648648648 0.8834459459459458 0.6734234234234234 0.8806306306306306 0.6711711711711711 0.8772522522522521 0.6694819819819819 0.8721846846846847 0.6677927927927928 0.865990990990991 0.6677927927927928 0.8609234234234234 0.6677927927927928 0.8558558558558558 0.6683558558558558 0.8519144144144144 0.6706081081081081 0.847972972972973 0.6734234234234234 0.8440315315315314 0.6773648648648648 0.8406531531531531 0.6807432432432432 0.8378378378378378 0.6841216216216215 0.8355855855855855 0.6903153153153153 0.8333333333333334 0.6953828828828829 0.8322072072072071 0.7021396396396397 0.8316441441441441 0.7088963963963963 0.8322072072072071 0.7128378378378378 0.8338963963963963 0.7162162162162161 0.8367117117117117 0.7190315315315314 0.8429054054054054 0.7195945945945945 0.847972972972973
1 0.7438063063063062 0.8440315315315314 0.7438063063063062 0.8367117117117117 0.7443693693693694 0.8333333333333334 0.7454954954954954 0.8293918918918918 0.7466216216216215 0.8254504504504504 0.7488738738738738 0.821509009009009 0.7511261261261261 0.8175675675675674 0.7556306306306305 0.8130630630630631 0.7601351351351351 0.8091216216216216 0.7646396396396395 0.8063063063063063 0.7708333333333334 0.804617117117117 0.7775900900900901 0.803490990990991 0.7837837837837838 0.8040540540540541 0.7916666666666666 0.8051801801801801 0.7972972972972971 0.8057432432432432 0.8029279279279279 0.8068693693693694 0.8063063063063062 0.8091216216216216 0.8096846846846847 0.8113738738738738 0.8113738738738738 0.8153153153153153 0.8119369369369368 0.8186936936936937 0.8125 0.8237612612612611 0.8125 0.8282657657657657 0.8108108108108107 0.8338963963963963 0.8091216216216215 0.838963963963964 0.8057432432432432 0.8429054054054054 0.8018018018018017 0.8462837837837838 0.7967342342342342 0.8496621621621621 0.7922297297297297 0.8524774774774774 0.786036036036036 0.8547297297297297 0.7815315315315314 0.8569819819819819 0.777027027027027 0.857545045045045 0.7725225225225224 0.8581081081081081 0.768581081081081 0.8581081081081081 0.7635135135135135 0.8581081081081081 0.759009009009009 0.8569819819819819 0.7539414414414414 0.8541666666666666 0.7494369369369368 0.8507882882882883
1 0.7956081081081081 0.9555180180180181 0.7877252252252251 0.964527027027027 0.7826576576576577 0.9684684684684685 0.7775900900900901 0.9712837837837838 0.7725225225225224 0.9740990990990991 0.7668918918918918 0.9752252252252251 0.7561936936936937 0.972972972972973 0.7460585585585585 0.9673423423423423 0.742117117117117 0.964527027027027 0.7381756756756757 0.9600225225225224 0.7364864864864864 0.9566441441441441 0.7347972972972971 0.9527027027027027 0.7342342342342342 0.9481981981981982 0.7342342342342342 0.9436936936936937 0.7353603603603603 0.9386261261261261 0.7376126126126125 0.9329954954954954 0.7404279279279279 0.928490990990991 0.7449324324324323 0.9234234234234234 0.75 0.9189189189189189 0.7561936936936937 0.9166666666666666 0.7612612612612611 0.9161036036036035 0.7680180180180181 0.9161036036036035 0.7742117117117117 0.9166666666666666 0.7804054054054054 0.9177927927927928 0.7843468468468467 0.9194819819819819 0.7877252252252251 0.9211711711711711 0.7911036036036035 0.9234234234234234 0.7944819819819818 0.9262387387387387 0.7978603603603603 0.9324324324324323 0.7984234234234234 0.9380630630630631 0.7989864864864864 0.9442567567567567 0.7984234234234234 0.9504504504504504
1 0.652027027027027 0.9887387387387387 0.6497747747747747 0.9769144144144144 0.6497747747747747 0.9724099099099098 0.6503378378378378 0.9673423423423423 0.651463963963964 0.9628378378378378 0.6531531531531531 0.9583333333333334 0.6548423423423423 0.9532657657657657 0.6570945945945945 0.9487612612612611 0.6582207207207207 0.9453828828828829 0.6615990990990991 0.9414414414414414 0.6655405405405405 0.9380630630630631 0.6683558558558558 0.9346846846846847 0.6728603603603603 0.9318693693693694 0.6768018018018017 0.9307432432432432 0.6807432432432432 0.9301801801801801 0.6846846846846847 0.929617117117117 0.6920045045045045 0.9313063063063063 0.6948198198198198 0.9335585585585585 0.697072072072072 0.9369369369369368 0.6993243243243243 0.9408783783783784 0.7010135135135135 0.9459459459459458 0.7015765765765765 0.9504504504504504 0.7021396396396397 0.956081081081081 0.7027027027027027 0.9611486486486487 0.7032657657657657 0.9679054054054054 0.7032657657657657 0.972972972972973 0.7032657657657657 0.9786036036036035 0.7021396396396397 0.9836711711711711 0.7004504504504504 0.990990990990991 0.6998873873873873 0.9954954954954954 0.6987612612612611 0.9983108108108107 0.6976351351351351 0.9988738738738738 0.6942567567567567 0.9988738738738738 0.6886824324324273 0.9989583333333333 0.6570945945945945 0.9988738738738738
1 0.015190972222222203 0.9409722222222222 0.022135416666666668 0.951388888888889 0.023871527777777738 0.9600694444444445 0.023871527777777738 0.9644097222222222 0.023003472222222203 0.9722222222222222 0.01953125 0.9800347222222222 0.01779513888888887 0.9843750000000001 0.012586805555555535 0.9895833333333335 0.007378472222222202 0.9913194444444446 0.0013020833333333333 0.9930555555555556 0.0 0.9930555555555556 0.0 0.9782986111111112 0.0 0.9270833333333335 0.0 0.927951388888889 0.009114583333333334 0.9331597222222222
0 0.28214285714285714 0.14672619047619048 0.27648809523809526 0.14523809523809522 0.27440476190476193 0.14464285714285716 0.27172619047619045 0.14404761904761904 0.26964285714285713 0.14285714285714285 0.26666666666666666 0.14107142857142857 0.2642857142857143 0.1392857142857143 0.26160714285714287 0.1375 0.26011904761904764 0.13660714285714284 0.25892857142857145 0.13511904761904764 0.2580357142857143 0.13273809523809524 0.25833333333333336 0.13125 0.2636904761904762 0.1318452380952381 0.2732142857142857 0.13422619047619047 0.28214285714285714 0.13779761904761903 0.28958333333333336 0.1425595238095238 0.29255952380952377 0.14613095238095236 0.2931547619047619 0.14761904761904762 0.28988095238095235 0.1494047619047619
0 0.13511904761904764 0.06339285714285714 0.12916666666666668 0.060714285714285714 0.12678571428571428 0.05952380952380953 0.12261904761904761 0.05714285714285714 0.11994047619047618 0.054464285714285715 0.11875 0.05267857142857143 0.11845238095238095 0.051190476190476196 0.11904761904761905 0.05029761904761905 0.12053571428571427 0.05 0.12321428571428572 0.05029761904761905 0.12529761904761905 0.05148809523809524 0.1279761904761905 0.052976190476190475 0.13035714285714287 0.054464285714285715 0.13214285714285715 0.05535714285714286 0.13363095238095238 0.05625 0.13630952380952382 0.05773809523809524 0.13779761904761903 0.058333333333333334 0.14047619047619048 0.059821428571428574 0.14136904761904762 0.06130952380952381 0.14166666666666666 0.0630952380952381 0.1380952380952381 0.06458333333333334
0 0.20207093253968253 0.013888888888888876 0.20145089285714285 0.023189484126984114 0.20021081349206346 0.024429563492063478 0.1974206349206349 0.023809523809523794 0.19618055555555552 0.020709325396825382 0.1971106150793651 0.009548611111111098 0.19773065476190474 0.00768849206349205 0.20021081349206346 0.006448412698412685 0.2026909722222222 0.008618551587301574 0.20300099206349206 0.010788690476190464
0 0.947048611111111 0.1667286706349206 0.9383680555555556 0.1642485119047619 0.9361979166666666 0.16331845238095238 0.9343377976190476 0.16021825396825395 0.9346478174603174 0.1583581349206349 0.9389880952380952 0.15804811507936506 0.9414682539682541 0.1589781746031746 0.9439484126984127 0.16021825396825395 0.9464285714285714 0.16114831349206346 0.9489087301587301 0.162078373015873 0.9507688492063492 0.16269841269841268 0.9535590277777778 0.1636284722222222 0.9569692460317459 0.16517857142857142 0.9575892857142857 0.1667286706349206 0.9560391865079365 0.16796875 0.9526289682539683 0.16796875
0 0.9290865384615384 0.6622596153846153 0.9242788461538461 0.6606570512820512 0.922275641025641 0.6598557692307693 0.9190705128205128 0.6574519230769231 0.9174679487179487 0.6554487179487178 0.9162660256410257 0.6534455128205128 0.9162660256410257 0.6518429487179487 0.9190705128205128 0.6506410256410257 0.9234775641025641 0.6526442307692307 0.9286858974358975 0.6554487179487178 0.9334935897435896 0.6586538461538461 0.9358974358974359 0.6646634615384616
0 0.6217868988391376 0.20045605306799338 0.615049751243781 0.21444859038142622 0.6109038142620231 0.22947761194029853 0.6083126036484245 0.23414179104477614 0.6072761194029851 0.23776948590381428 0.6062396351575455 0.24036069651741296 0.6026119402985074 0.24295190713101164 0.6036484245439468 0.23310530679933666 0.6057213930348258 0.22688640132669985 0.6109038142620231 0.21289386401326701 0.6176409618573797 0.1947553897180763 0.6228233830845771 0.18490878938640135 0.6243781094527363 0.18128109452736318 0.6285240464344941 0.17920812603648428 0.6269693200663349 0.18750000000000003
0 0.6207504145936981 0.5243573797678275 0.6285240464344941 0.5165837479270314 0.6311152570480928 0.5145107794361525 0.6337064676616915 0.5119195688225538 0.6357794361525705 0.5093283582089552 0.6373341625207296 0.5062189054726367 0.6388888888888888 0.5020729684908789 0.6388888888888888 0.4994817578772802 0.6357794361525705 0.4994817578772802 0.6326699834162519 0.5020729684908789 0.6295605306799336 0.5046641791044776 0.6269693200663349 0.5082918739635157 0.624896351575456 0.5108830845771144 0.6217868988391376 0.5134742951907131 0.6176409618573797 0.5165837479270314 0.615049751243781 0.5196932006633499 0.6134950248756218 0.5222844112769486 0.6124585406301823 0.5259121061359867 0.6119402985074627 0.5274668325041458 0.6129767827529021 0.5290215588723051
0 0.8824626865671641 0.5663349917081261 0.8783167495854063 0.556488391376451 0.8772802653399666 0.5533789386401327 0.8767620232172469 0.5502694859038143 0.8757255389718075 0.5450870646766168 0.8757255389718075 0.5419776119402985 0.8777985074626865 0.5404228855721392 0.8809079601990049 0.5430140961857379 0.8824626865671641 0.5456053067993366 0.8850538971807628 0.5502694859038143 0.8860903814262022 0.5533789386401327 0.8866086235489219 0.556488391376451 0.8891998341625206 0.5616708126036484 0.8912728026533995 0.5647802653399668 0.8928275290215588 0.5678897180762852 0.894382255389718 0.5704809286898839 0.8949004975124377 0.574108623548922 0.8938640132669983 0.5761815920398009 0.8897180762852404 0.574108623548922 0.8860903814262022 0.5709991708126037
0 0.5383499170812603 0.7860696517412934 0.5393864013266998 0.7933250414593698 0.5393864013266998 0.8000621890547263 0.5393864013266998 0.8036898839137644 0.5399046434494196 0.8062810945273632 0.53886815920398 0.8088723051409618 0.5342039800995024 0.810427031509121 0.5326492537313433 0.8078358208955223 0.5326492537313433 0.8042081260364842 0.5326492537313433 0.800580431177446 0.5336857379767826 0.7964344941956881 0.5336857379767826 0.7933250414593698 0.5336857379767826 0.7886608623548921 0.5326492537313433 0.785033167495854 0.5321310116086235 0.7808872305140961 0.5316127694859039 0.7777777777777778 0.5326492537313433 0.775186567164179 0.5352404643449419 0.775186567164179 0.53886815920398 0.7803689883913764
0 0.6357794361525705 0.7617122719734659 0.6378524046434494 0.747719734660033 0.6383706467661691 0.7440920398009949 0.6378524046434494 0.7415008291873962 0.6362976782752902 0.736318407960199 0.6388888888888888 0.7321724709784411 0.6414800995024875 0.7311359867330015 0.6440713101160861 0.7352819237147595 0.6430348258706466 0.7389096185737977 0.6445895522388059 0.7415008291873962 0.6451077943615257 0.7446102819237147 0.6451077943615257 0.7487562189054725 0.6451077943615257 0.7529021558872304 0.6440713101160861 0.7560116086235489 0.6430348258706466 0.759639303482587 0.6414800995024875 0.7643034825870646 0.6404436152570481 0.7689676616915422 0.6388888888888888 0.7715588723051409 0.6357794361525705 0.7731135986733001 0.6347429519071309 0.7674129353233831
0 0.7208939708939709 0.3958333333333333 0.7102823977823978 0.38673769923769924 0.7072505197505198 0.38435550935550933 0.7031358281358281 0.3804573804573804 0.70010395010395 0.3782917532917533 0.6975051975051975 0.37634268884268884 0.6959892584892585 0.37590956340956344 0.6972886347886348 0.3804573804573804 0.6996708246708246 0.3839223839223839 0.7016198891198892 0.38673769923769924 0.7050848925848926 0.38803707553707556 0.7085498960498959 0.3893364518364518 0.7117983367983367 0.39171864171864174 0.7148302148302148 0.3951836451836452 0.7182952182952183 0.39864864864864863 0.7226264726264726 0.40233021483021486 0.7254417879417879 0.4047124047124047 0.7280405405405405 0.40687803187803184 0.729989604989605 0.4094767844767845 0.7319386694386694 0.41077616077616075 0.7354036729036728 0.41142584892584894 0.7382189882189881 0.4122920997920998 0.7382189882189881 0.40926022176022175 0.736053361053361 0.4070945945945946 0.7323717948717949 0.4057952182952183 0.7304227304227304 0.4049289674289674 0.729123354123354 0.4031964656964657 0.7278239778239778 0.40124740124740127 0.7258749133749133 0.3992983367983368 0.7228430353430354 0.3969161469161469
0 0.298658033033033 0.3894519519519519 0.28340840840840836 0.3901557807807807 0.27965465465465467 0.3908596096096096 0.2756662912912912 0.39226726726726724 0.2719125375375375 0.39390953453453453 0.269801051051051 0.3953171921921922 0.26933183183183185 0.3964902402402402 0.27238175675675674 0.3974286786786786 0.2754316816816817 0.39813250750750745 0.27942004504504503 0.39789789789789787 0.284816066066066 0.39672484984984985 0.2913851351351351 0.3962556306306306 0.2988926426426426 0.3957864114114114 0.3026463963963964 0.3953171921921922 0.30733858858858853 0.39390953453453453 0.3108577327327327 0.3932057057057057 0.3143768768768769 0.3925018768768769 0.31695758258258255 0.3915634384384384 0.31930367867867865 0.39132882882882875 0.31883445945945943 0.39039039039039036 0.3134384384384384 0.3899211711711711 0.3087462462462462 0.3894519519519519 0.3026463963963964 0.3889827327327327
0 0.150313864628821 0.4398426128093159 0.1389419577874818 0.42983533478893743 0.13575782387190685 0.42801582969432317 0.1339383187772926 0.4277883915574964 0.13439319505094616 0.42983533478893743 0.13803220524017468 0.433474344978166 0.14258096797671035 0.4380231077147016 0.1482669213973799 0.4423444323144105 0.15327056040756915 0.4453011280931587 0.15850163755458516 0.449167576419214 0.1619132096069869 0.4516693959243086 0.1648699053857351 0.45348890101892286 0.16668941048034933 0.4548535298398836 0.1685089155749636 0.4553084061135371 0.1662345342066958 0.452351710334789 0.16077601892285298 0.4487127001455605 0.1566821324599709 0.4450736899563319 0.15327056040756915 0.44188955604075697
0 0.14518733850129198 0.5350452196382428 0.13582041343669252 0.5313307493540051 0.13242894056847546 0.5311692506459947 0.12887596899224804 0.5310077519379844 0.12613049095607234 0.5310077519379844 0.125484496124031 0.5322997416020672 0.1282299741602067 0.5342377260981912 0.1322674418604651 0.5350452196382428 0.1380813953488372 0.5358527131782946 0.14050387596899225 0.5366602067183462 0.14954780361757106 0.5410206718346253 0.15358527131782945 0.5429586563307492 0.15681524547803616 0.5450581395348837 0.16214470284237725 0.5478036175710594 0.16489018087855295 0.5494186046511628 0.165859173126615 0.5497416020671834 0.16440568475452194 0.5474806201550387 0.16166020671834624 0.5452196382428941 0.15810723514211886 0.542797157622739 0.1552002583979328 0.5415051679586563 0.15261627906976744 0.5397286821705426 0.15003229974160207 0.5377906976744186 0.1469638242894057 0.5360142118863049
0 0.07544581618655694 0.5829903978052127 0.06844421582075903 0.5791323731138546 0.06572930955647005 0.5774176954732511 0.062157064471879284 0.5761316872427983 0.058013260173754 0.5754172382258802 0.054869684499314134 0.5748456790123456 0.052297668038408775 0.5744170096021948 0.051440329218107 0.5744170096021948 0.054441015089163235 0.5758459076360312 0.05729881115683585 0.577846364883402 0.060299497027892085 0.5795610425240055 0.06444330132601737 0.5807041609510745 0.06844421582075903 0.5827046181984453 0.07230224051211705 0.5852766346593508 0.07587448559670781 0.5884202103337905 0.08030406950160036 0.5911351165980796 0.08359053497942387 0.5922782350251485 0.08716278006401464 0.5938500228623685 0.09144947416552356 0.5949931412894376 0.09302126200274348 0.594850251486054 0.09316415180612711 0.5934213534522177 0.09130658436213991 0.5919924554183813 0.08873456790123457 0.5902777777777778 0.08430498399634202 0.5877057613168725 0.08073273891175127 0.5858481938728853 0.07758916323731138 0.5837048468221309
0 0.3220736168267032 0.6888717421124828 0.3099279835390947 0.6981595793324188 0.29678212162780065 0.7055898491083676 0.28335048010973934 0.7125914494741655 0.28106424325560125 0.7141632373113854 0.2839220393232739 0.7144490169181527 0.287351394604481 0.7130201188843164 0.29120941929583904 0.7107338820301783 0.30649862825788754 0.7041609510745312 0.32335962505715593 0.69230109739369 0.3259316415180613 0.6904435299497027 0.3307898948331047 0.6875857338820303 0.33364769090077734 0.6850137174211248 0.33493369913123 0.6832990397805213 0.33021833561957015 0.6848708276177412 0.3273605395518976 0.6862997256515775
0 0.0010080645161290322 0.030913978494623653 0.004368279569892473 0.03494623655913978 0.008736559139784945 0.03797043010752688 0.011760752688172041 0.038978494623655914 0.01646505376344086 0.04099462365591398 0.020833333333333332 0.044354838709677415 0.024529569892473117 0.05040322580645161 0.01747311827956989 0.047043010752688165 0.012096774193548387 0.04569892473118279 0.007728494623655913 0.04233870967741935 0.004032258064516129 0.039986559139784945
0 0.9163647342995169 0.08328301127214172 0.910829307568438 0.0855475040257649 0.9063003220611917 0.08756038647342997 0.9015197262479872 0.08982487922705314 0.8977455716586152 0.09133454106280194 0.8944746376811595 0.09284420289855073 0.8904488727858293 0.09485708534621579 0.8869263285024155 0.0981280193236715 0.8884359903381643 0.0988828502415459 0.8929649758454107 0.09863123993558777 0.8964875201288245 0.09762479871175525 0.8997584541062802 0.09712157809983897 0.9055454911433174 0.09561191626409019 0.9083132045088568 0.09359903381642513 0.9133454106280194 0.08957326892109502 0.9141002415458938 0.08730877616747182
0 0.3079710144927536 0.2587697628458498 0.31682312252964423 0.2585638998682477 0.3209403820816864 0.2589756258234519 0.3283514492753623 0.26103425559947296 0.3394680500658761 0.2612401185770751 0.34873188405797095 0.2628870223978919 0.3567605401844532 0.2626811594202898 0.3594367588932806 0.2628870223978919 0.36067193675889325 0.2659749670619236 0.3538784584980237 0.2659749670619236 0.3485260210803689 0.266798418972332 0.34399703557312244 0.26700428194993414 0.3361742424242424 0.26556324110671936 0.33020421607378125 0.26556324110671936 0.32711627140974964 0.26515151515151514 0.32299901185770746 0.2643280632411067 0.3207345191040843 0.26371047430830036 0.3135293148880105 0.26226943346508563 0.3110589591567852 0.2616518445322793
0 0.7119741100323626 0.49656148867313915 0.7175364077669903 0.5056634304207119 0.7230987055016181 0.5142597087378641 0.7279025080906149 0.5231088187702265 0.7334648058252426 0.5322107605177994 0.7382686084142395 0.5445995145631067 0.7415554207119741 0.5529429611650485 0.7397855987055016 0.5524372977346278 0.7296723300970874 0.5339805825242718 0.7233515372168284 0.5236144822006472 0.7165250809061489 0.5109728964401294 0.7114684466019418 0.5001011326860841
0 0.7997881355932203 0.15389595103578155 0.8094985875706214 0.15389595103578155 0.8230343691148776 0.15830979284369115 0.8342161016949152 0.16390065913370996 0.824505649717514 0.1656661958568738 0.8171492467043315 0.16684322033898305 0.8059675141242938 0.1647834274952919 0.7991996233521658 0.1603695856873823
0 0.7418196798493408 0.16831450094161957 0.7453507532956685 0.17567090395480225 0.7471162900188324 0.18538135593220337 0.7465277777777778 0.1939147834274953 0.7418196798493408 0.1895009416195857 0.7382886064030132 0.18391007532956685 0.7371115819209039 0.17567090395480225 0.7371115819209039 0.1691972693032015
0 0.7397598870056498 0.2630649717514124 0.7518243879472694 0.2601224105461394 0.7647716572504708 0.2618879472693032 0.7721280602636535 0.2657132768361582 0.7797787193973634 0.2695386064030132 0.7718338041431262 0.2715983992467043 0.7644774011299434 0.2715983992467043 0.7550612052730696 0.2715983992467043 0.7441737288135593 0.2677730696798494
0 0.9073262607626076 0.25311346863468637 0.9192420049200491 0.253690036900369 0.9307733702337023 0.255419741697417 0.9384609471094711 0.2629151291512915 0.9490313653136532 0.2675276752767528 0.9494157441574416 0.2684886223862239 0.9419203567035671 0.26944956949569493 0.9325030750307504 0.2684886223862239 0.9238545510455104 0.2638760762607626 0.9171279212792128 0.2636838868388684 0.9104012915129152 0.26156980319803197 0.9017527675276753 0.2552275522755228 0.9042512300123001 0.25330565805658056
0 0.8107251521298176 0.5806288032454361 0.8103025693035836 0.5937288708586884 0.8052315753887762 0.6026031102096011 0.7965686274509804 0.6091531440162272 0.7891734279918865 0.6091531440162272 0.7864266396213658 0.6072515212981745 0.7927653820148749 0.5973208248816769 0.7974137931034483 0.5867562542258283
0 0.777271412037037 0.9389467592592593 0.7664207175925927 0.9450954861111112 0.7584635416666666 0.9497974537037037 0.7505063657407407 0.9461805555555556 0.7562934027777779 0.9393084490740742 0.76171875 0.9360532407407408 0.7703993055555556 0.9360532407407408
0 0.6807002314814815 0.9450954861111112 0.6828703703703703 0.9519675925925927 0.6814236111111112 0.9653501157407408 0.6799768518518519 0.9711371527777779 0.6803385416666666 0.9794560185185186 0.679615162037037 0.9874131944444445 0.677806712962963 0.9917534722222222 0.6763599537037037 0.99609375 0.6716579861111112 0.9946469907407408 0.6709346064814815 0.9845196759259259 0.6734664351851852 0.9762008101851852 0.6756365740740741 0.9639033564814815 0.675998263888889 0.9544994212962963
0 0.6159577546296297 0.890842013888889 0.6148726851851852 0.8984375 0.615234375 0.9063946759259259 0.6159577546296297 0.9125434027777779 0.6159577546296297 0.91796875 0.6137876157407407 0.9244791666666666 0.6116174768518519 0.9302662037037037 0.6105324074074073 0.9327980324074076 0.6098090277777779 0.9244791666666666 0.6098090277777779 0.9183304398148149 0.6105324074074073 0.9118200231481483 0.6108940972222222 0.9053096064814815 0.6108940972222222 0.8980758101851852 0.6116174768518519 0.8922887731481483
0 0.4267939814814815 0.9118200231481483 0.4314959490740741 0.9183304398148149 0.4361979166666667 0.927734375 0.4412615740740741 0.9342447916666666 0.4325810185185185 0.9306278935185186 0.42607060185185186 0.9230324074074076
0 0.36288759689922484 0.9101259689922482 0.3657945736434109 0.9149709302325582 0.3667635658914729 0.9222383720930233 0.3670058139534884 0.9268410852713179 0.3645833333333333 0.9328972868217054 0.3619186046511628 0.9362887596899225 0.35828488372093026 0.9350775193798451 0.3561046511627907 0.9280523255813954 0.35658914728682173 0.9232073643410853 0.35852713178294576 0.9159399224806202 0.3594961240310078 0.9132751937984497
0 0.16039823008849557 0.8319505899705014 0.16316371681415925 0.8360988200589969 0.16316371681415925 0.8499262536873154 0.162702802359882 0.8540744837758111 0.15855457227138642 0.8577617994100294 0.15440634218289084 0.8549963126843657 0.15348451327433627 0.8476216814159291 0.15348451327433627 0.8407079646017698 0.15532817109144542 0.8342551622418879
0 0.08757374631268436 0.871589233038348 0.08849557522123892 0.881268436578171 0.08803466076696163 0.8891039823008848 0.08019911504424779 0.8992441002949852 0.07328539823008849 0.9089233038348081 0.07051991150442477 0.9015486725663716 0.07420722713864307 0.8891039823008848 0.07743362831858407 0.881268436578171 0.0825036873156342 0.8729719764011798
0 0.031049679487179484 0.7545405982905983 0.03405448717948718 0.7672275641025641 0.030715811965811964 0.7775774572649572 0.028378739316239313 0.7859241452991452 0.0250400641025641 0.7922676282051282 0.02003205128205128 0.7855902777777778 0.02003205128205128 0.7782451923076923 0.021701388888888888 0.7692307692307693
0 0.42748178506375223 0.7801115664845173 0.43032786885245905 0.7852345173041895 0.4300432604735883 0.7923497267759563 0.42691256830601093 0.7949112021857924 0.4237818761384335 0.8000341530054644 0.41979735883424407 0.8062955373406192 0.41780510018214934 0.8037340619307832 0.4183743169398907 0.7949112021857924 0.4220742258652095 0.7863729508196721 0.42435109289617484 0.782103825136612
0 0.540158371040724 0.9796851432880845 0.5479355203619909 0.9787424585218703 0.5540629713423831 0.9792138009049774 0.5611331070889894 0.9808634992458523 0.5672605580693816 0.9827488687782805 0.5651395173453998 0.9860482654600301 0.5601904223227753 0.9865196078431373 0.5552413273001507 0.9862839366515836 0.5495852187028658 0.9843985671191554 0.5451074660633484 0.9829845399698341 0.5411010558069382 0.9822775263951734
0 0.20728905597326647 0.329469507101086 0.1986737677527151 0.33521303258145363 0.19371345029239767 0.3391290726817042 0.1887531328320802 0.34565580618212194 0.18692564745196322 0.3503550543024227 0.18405388471177944 0.3555764411027569 0.18718671679197996 0.35635964912280704 0.19110275689223055 0.35348788638262324 0.19527986633249791 0.34957184628237253 0.19736842105263155 0.34539473684210525 0.2015455304928989 0.3391290726817042 0.2046783625730994 0.3365183792815371 0.20676691729323307 0.3339076858813701
0 0.06614963503649635 0.3955672141119221 0.07071167883211678 0.3946167883211678 0.07432329683698297 0.3936663625304136 0.07698448905109488 0.3936663625304136 0.08230687347931873 0.3938564476885645 0.08154653284671533 0.39537712895377125 0.07622414841849148 0.39670772506082724 0.07394312652068126 0.39974908759124084 0.07185218978102188 0.4005094282238443 0.06805048661800486 0.4016499391727494 0.06500912408759124 0.4016499391727494 0.06253801703163016 0.4005094282238443 0.06386861313868612 0.39784823600973235
0 0.01505653883972468 0.4689036381514258 0.019358407079646017 0.4698254670599803 0.02181661750245821 0.4768928220255654 0.023045722713864306 0.4808874139626352 0.023660275319567357 0.4845747295968535 0.023660275319567357 0.4885693215339233 0.023660275319567357 0.49379301868239917 0.023660275319567357 0.497787610619469 0.02089478859390364 0.498402163225172 0.01812930186823992 0.4941002949852507 0.016285644051130775 0.48641838741396265 0.014749262536873154 0.48211651917404125 0.014134709931170109 0.47842920353982304 0.014134709931170109 0.47474188790560473
0 0.42386968085106386 0.11774157801418439 0.41888297872340424 0.12439051418439714 0.41057180851063824 0.13131648936170212 0.40530806737588654 0.1318705673758865 0.39810505319148937 0.13380984042553193 0.39256427304964536 0.1351950354609929 0.39505762411347517 0.12882313829787234 0.4014295212765957 0.12494459219858155 0.4066932624113475 0.12189716312056738 0.41306515957446804 0.11968085106382978
0 0.313885195035461 0.06787455673758865 0.32025709219858156 0.07147606382978723 0.3255208333333333 0.07590868794326242 0.32773714539007087 0.08089539007092197 0.32801418439716307 0.08699024822695035 0.3282912234042553 0.09308510638297872 0.32718306737588654 0.0953014184397163 0.32164228723404253 0.08976063829787234 0.3163785460992907 0.08505097517730496 0.315270390070922 0.078125 0.3136081560283687 0.07230718085106383
0 0.4366134751773049 0.20916445035460993 0.43689051418439717 0.21802969858156027 0.4335660460992907 0.2282801418439716 0.4307956560283687 0.23382092198581558 0.42636303191489355 0.23686835106382978 0.422761524822695 0.23991578014184395 0.41860593971631205 0.24074689716312053 0.4174977836879432 0.2335438829787234 0.4205452127659574 0.22467863475177302 0.4249778368794326 0.21609042553191488 0.4302415780141844 0.2113807624113475
