1 0.3540406586021506 0.420824932795699 0.35236055107526887 0.4157846102150538 0.3519405241935484 0.4099042338709678 0.351520497311828 0.4078040994623657 0.351520497311828 0.40528393817204306 0.3519405241935484 0.3985635080645162 0.35320060483870974 0.38890288978494625 0.3569808467741936 0.37882224462365593 0.35782090053763443 0.3767221102150538 0.3586609543010753 0.3746219758064517 0.3599210349462366 0.37210181451612906 0.36202116935483875 0.3687415994623657 0.36412130376344093 0.3653813844086022 0.3658014112903226 0.3628612231182796 0.3679015456989248 0.36034106182795705 0.3704217069892473 0.3586609543010753 0.37252184139784955 0.3569808467741936 0.37546202956989255 0.3557207661290323 0.37798219086021506 0.354460685483871 0.3809223790322581 0.3540406586021506 0.384702620967742 0.3536206317204301 0.387642809139785 0.3536206317204301 0.39184307795698925 0.35488071236559143 0.39394321236559143 0.3565608198924731 0.396463373655914 0.35824092741935487 0.39730342741935487 0.36034106182795705 0.39814348118279574 0.3624411962365592 0.39982358870967744 0.3683215725806452 0.4006636424731183 0.37882224462365593 0.4006636424731183 0.381762432795699 0.4006636424731183 0.38554267473118287 0.4006636424731183 0.38848286290322587 0.39982358870967744 0.39142305107526887 0.3989835349462366 0.3956233198924731 0.39688340053763443 0.4015036962365592 0.3947832661290323 0.40570396505376344 0.3931031586021506 0.40864415322580644 0.39142305107526887 0.41158434139784955 0.3897429435483871 0.41410450268817206 0.3880628360215054 0.4166246639784947 0.38554267473118287 0.4187247983870968 0.3826024865591398 0.420824932795699 0.3796622983870968 0.42334509408602156 0.37546202956989255 0.42502520161290325 0.3708417338709678 0.42628528225806456 0.36706149193548393 0.4271253360215054 0.3645413306451613 0.4271253360215054 0.36118111559139787 0.4271253360215054 0.35908098118279574 0.4258652553763441 0.3569808467741936 0.42460517473118287
1 0.14612735215053765 0.33303931451612906 0.14906754032258068 0.33303931451612906 0.15158770161290328 0.3326192876344087 0.15410786290322587 0.3321992607526882 0.15704805107526887 0.33093918010752693 0.1604082661290323 0.3288390456989248 0.1633484543010753 0.3267389112903226 0.16544858870967746 0.32421875000000006 0.16712869623655918 0.32211861559139787 0.1688088037634409 0.31875840053763443 0.1713289650537635 0.3149781586021506 0.17258904569892478 0.3116179435483871 0.17384912634408606 0.3069976478494624 0.1742691532258065 0.3015372983870968 0.1742691532258065 0.2964969758064517 0.17384912634408606 0.29145665322580644 0.17300907258064518 0.28557627688172044 0.17216901881720434 0.28095598118279574 0.17090893817204306 0.27675571236559143 0.16922883064516134 0.273395497311828 0.16670866935483877 0.270455309139785 0.16376848118279572 0.26835517473118287 0.15956821236559143 0.26709509408602156 0.15536794354838712 0.2662550403225807 0.15116767473118284 0.2666750672043011 0.14906754032258068 0.267515120967742 0.14612735215053765 0.26919522849462374 0.1436071908602151 0.27129536290322587 0.14150705645161293 0.2725554435483871 0.1394069220430108 0.27423555107526887 0.13562668010752693 0.276335685483871 0.13310651881720434 0.2788558467741936 0.13142641129032262 0.28095598118279574 0.12932627688172046 0.28515625000000006 0.12764616935483875 0.28893649193548393 0.1268061155913979 0.2931367607526882 0.1268061155913979 0.2964969758064517 0.1268061155913979 0.30027721774193555 0.1272261424731183 0.3053175403225807 0.12764616935483875 0.30909778225806456 0.12806619623655918 0.3128780241935484 0.12890625000000006 0.31623823924731187 0.13058635752688177 0.32001848118279574 0.13226646505376347 0.3233786962365592 0.13562668010752693 0.32715893817204306 0.14108702956989252 0.3313592069892473
1 0.16418850806451615 0.22215221774193553 0.16670866935483877 0.2229922715053764 0.1713289650537635 0.22383232526881722 0.1755292338709678 0.22383232526881722 0.17930947580645165 0.22341229838709684 0.18224966397849465 0.22257224462365596 0.18644993279569896 0.22005208333333337 0.19023017473118284 0.2175319220430108 0.192330309139785 0.21585181451612906 0.19485047043010756 0.21417170698924737 0.19695060483870971 0.21165154569892478 0.19863071236559143 0.20913138440860218 0.20031081989247315 0.20619119623655918 0.20115087365591403 0.20325100806451615 0.20283098118279572 0.20031081989247315 0.2036710349462366 0.19611055107526887 0.20451108870967746 0.19275033602150543 0.2049311155913979 0.18728998655913984 0.2049311155913979 0.18224966397849465 0.2049311155913979 0.17804939516129037 0.20451108870967746 0.17342909946236562 0.20409106182795703 0.16838877688172046 0.2036710349462366 0.16418850806451615 0.2019909274193549 0.159148185483871 0.19905073924731187 0.15494791666666669 0.195270497311828 0.15200772849462368 0.19275033602150543 0.15032762096774197 0.18855006720430112 0.14906754032258068 0.18434979838709684 0.1478074596774194 0.18056955645161293 0.1478074596774194 0.17636928763440862 0.14822748655913984 0.17342909946236562 0.14906754032258068 0.16964885752688177 0.15032762096774197 0.16670866935483877 0.15158770161290328 0.16376848118279572 0.15368783602150543 0.16124831989247315 0.15578797043010756 0.15872815860215056 0.15788810483870971 0.15578797043010756 0.16082829301075272 0.15410786290322587 0.1633484543010753 0.15242775537634412 0.16670866935483877 0.1507476478494624 0.17048891129032262 0.14948756720430112 0.17510920698924737 0.14864751344086027 0.1784694220430108 0.14864751344086027 0.1826696908602151 0.14906754032258068 0.18939012096774197 0.14906754032258068 0.19359038978494628 0.14906754032258068 0.19779065860215056 0.14948756720430112 0.2019909274193549 0.14990759408602153 0.20577116935483877 0.15032762096774197 0.20871135752688177 0.15200772849462368 0.21207157258064518 0.15704805107526887 0.21669186827956993 0.16208837365591403 0.22089213709677422
1 0.29844069529652356 0.20343387866394005 0.299505794137696 0.20300783912747103 0.30099693251533743 0.20236877982276757 0.30334014996591685 0.2013036809815951 0.3067484662576687 0.19981254260395367 0.30930470347648265 0.19832140422631223 0.3112218813905931 0.19683026584867078 0.3125 0.19470006816632585 0.31335207907293794 0.19235685071574643 0.31356509884117245 0.190439672801636 0.31356509884117245 0.1876704158145876 0.31313905930470354 0.1851141785957737 0.312926039536469 0.18298398091342877 0.3125 0.18085378323108386 0.31164792092706206 0.17808452624403548 0.31036980231765515 0.17574130879345604 0.30930470347648265 0.1740371506475801 0.3082396046353102 0.17233299250170417 0.30355316973415136 0.16722051806407637 0.299505794137696 0.16402522154055896 0.2971625766871166 0.16232106339468305 0.2948193592365371 0.1606169052488071 0.2918370824812543 0.15891274710293116 0.2897068847989094 0.1574216087252897 0.2873636673483299 0.15614349011588277 0.285233469665985 0.15507839127471032 0.2831032719836401 0.15422631220177233 0.2805470347648262 0.15337423312883436 0.27905589638718475 0.15316121336059987 0.27671267893660534 0.1525221540558964 0.27415644171779147 0.1525221540558964 0.2713871847307431 0.1527351738241309 0.26797886843899116 0.1529481935923654 0.2637184730743013 0.15337423312883436 0.2600971370143149 0.15401329243353784 0.25732788002726653 0.15529141104294478 0.25519768234492163 0.15720858895705522 0.2532805044308112 0.15955180640763464 0.25157634628493525 0.16274710293115202 0.25072426721199725 0.1655163599182004 0.25072426721199725 0.16871165644171782 0.25093728698023177 0.17169393319700071 0.25136332651670074 0.1744631901840491 0.25178936605316976 0.176167348329925 0.25264144512610776 0.17851056578050445 0.2532805044308112 0.18127982276755283 0.2541325835037492 0.18383605998636676 0.25455862304021815 0.18554021813224267 0.25541070211315614 0.18681833674164966 0.25839297886843904 0.19086571233810498 0.26244035446489433 0.19512610770279484 0.2637184730743013 0.1966172460804363 0.26542263122017723 0.19832140422631223 0.2696830265848671 0.20151670074982958 0.27394342194955695 0.20300783912747103 0.27713871847307436 0.20385991820040902 0.27884287661895024 0.20385991820040902 0.2805470347648262 0.2040729379686435 0.28203817314246765 0.204285957736878 0.2835293115201091 0.20449897750511248 0.28565950920245403 0.204711997273347 0.28864178595773693 0.20492501704158145 0.2905589638718473 0.20492501704158145 0.2939672801635992 0.20449897750511248 0.2960974778459441 0.204285957736878 0.2971625766871166 0.20385991820040902
1 0.49910531697341515 0.23240456714383095 0.501661554192229 0.23112644853442402 0.5031526925698705 0.23006134969325157 0.5052828902522155 0.2283571915473756 0.5067740286298569 0.22686605316973416 0.5082651670074984 0.2253749147920927 0.5101823449216087 0.2232447171097478 0.5120995228357192 0.22111451942740287 0.5138036809815951 0.21877130197682346 0.5150817995910021 0.21706714383094755 0.516359918200409 0.2142978868438991 0.5169989775051126 0.2121676891615542 0.5178510565780505 0.20918541240627134 0.5180640763462849 0.20620313565098844 0.5180640763462849 0.204285957736878 0.5178510565780505 0.20215576005453306 0.517211997273347 0.19917348329925016 0.5165729379686436 0.1966172460804363 0.51593387866394 0.1940610088616224 0.5150817995910021 0.1910787321063395 0.514229720518064 0.18873551465576008 0.5131646216768916 0.18639229720518063 0.5120995228357192 0.18426209952283573 0.5103953646898433 0.1821319018404908 0.5093302658486708 0.18021472392638038 0.5078391274710293 0.17787150647580097 0.5059219495569189 0.17552828902522155 0.504217791411043 0.17382413087934562 0.5023006134969326 0.17169393319700071 0.49974437627811863 0.16935071574642127 0.49740115882753927 0.16743353783231082 0.4954839809134288 0.1659423994546694 0.4927147239263804 0.16423824130879347 0.4901584867075665 0.16296012269938653 0.48781526925698704 0.16189502385821405 0.4861111111111111 0.1608299250170416 0.48376789366053174 0.15997784594410364 0.48163769597818684 0.15933878663940015 0.47929447852760737 0.1584867075664622 0.4767382413087935 0.1584867075664622 0.4743950238582141 0.1584867075664622 0.4716257668711657 0.1584867075664622 0.46906952965235177 0.15891274710293116 0.46693933197000687 0.15933878663940015 0.4648091342876619 0.15955180640763464 0.4633179959100205 0.15997784594410364 0.4614008179959101 0.1610429447852761 0.4596966598500341 0.16189502385821405 0.4573534423994547 0.16359918200409 0.45628834355828224 0.16466428084526244 0.4550102249488753 0.1659423994546694 0.45351908657123385 0.16743353783231082 0.45181492842535786 0.1691376959781868 0.45053680981595096 0.17084185412406272 0.4494717109747785 0.17318507157464216 0.44861963190184057 0.17531526925698707 0.44861963190184057 0.17765848670756645 0.44883265167007497 0.18021472392638038 0.449258691206544 0.1821319018404908 0.4498977505112475 0.18404907975460122 0.45032379004771644 0.18575323790047718 0.45053680981595096 0.1876704158145876 0.4507498295841854 0.19022665303340153 0.45138888888888895 0.19235685071574643 0.4520279481935924 0.19448704839809136 0.45288002726653037 0.1966172460804363 0.4537321063394683 0.1985344239945467 0.45479720518064076 0.2006646216768916 0.4558623040218132 0.20236877982276757 0.4573534423994547 0.20449897750511248 0.45863156100886165 0.2066291751874574 0.46012269938650313 0.20833333333333334 0.4616138377641445 0.21003749147920928 0.463104976141786 0.2117416496250852 0.4648091342876619 0.21301976823449217 0.46608725289706887 0.21408486707566465 0.4677914110429448 0.21578902522154056 0.47780334014996595 0.2234577368779823 0.4824897750511248 0.22707907293796867 0.48504601226993865 0.22963531015678257 0.48675017041581464 0.23048738922972054 0.48824130879345606 0.2309134287661895 0.4901584867075665 0.23176550783912747 0.4920756646216769 0.23197852760736198 0.49420586230402186 0.23219154737559647 0.49718813905930476 0.23240456714383095
1 0.5547034764826175 0.4043115201090661 0.556194614860259 0.4043115201090661 0.5589638718473074 0.4032464212678937 0.5610940695296524 0.40175528289025225 0.5627982276755283 0.4002641445126108 0.5645023858214042 0.39834696659850033 0.5668456032719837 0.39536468984321743 0.5689758009543286 0.39302147239263807 0.5713190184049081 0.39067825494205866 0.5730231765507839 0.38833503749147924 0.5740882753919564 0.3859918200408998 0.5749403544648944 0.3842876618950239 0.5757924335378324 0.38173142467620996 0.5766445126107703 0.3785361281526926 0.5774965916837083 0.37491479209270623 0.5783486707566463 0.3723585548738923 0.5789877300613497 0.3698023176550784 0.5789877300613497 0.3676721199727335 0.5785616905248807 0.36511588275391954 0.5781356509884117 0.36341172460804366 0.5770705521472392 0.36192058623040224 0.5766445126107703 0.36085548738922973 0.5760054533060668 0.3591513292433538 0.5753663940013634 0.35744717109747787 0.5749403544648944 0.35510395364689845 0.5747273346966598 0.3525477164280845 0.5745143149284254 0.34977845944103614 0.5740882753919564 0.34700920245398775 0.5732361963190183 0.34466598500340834 0.5717450579413771 0.34168370824812544 0.5696148602590321 0.3384884117246081 0.5676976823449216 0.33657123381049764 0.5653544648943423 0.33444103612815274 0.5636503067484663 0.3325238582140423 0.5610940695296524 0.3310327198364008 0.5589638718473074 0.32996762099522836 0.5570466939331971 0.3293285616905249 0.5544904567143831 0.3282634628493524 0.5527862985685073 0.32783742331288346 0.5510821404226313 0.3274113837764145 0.5487389229720517 0.326772324471711 0.5472477845944105 0.3265593047034765 0.5451175869120655 0.3265593047034765 0.5429873892297206 0.3265593047034765 0.5417092706203136 0.326772324471711 0.5406441717791411 0.3274113837764145 0.5387269938650306 0.32890252215405597 0.5370228357191548 0.33060668029993184 0.5355316973415133 0.3325238582140423 0.5340405589638719 0.33465405589638725 0.5321233810497614 0.33784935241990455 0.5306322426721201 0.34104464894342196 0.5293541240627131 0.34402692569870486 0.5287150647580096 0.34700920245398775 0.5282890252215406 0.34977845944103614 0.5278629856850716 0.35233469665985 0.5274369461486026 0.35510395364689845 0.5270109066121337 0.35808623040218135 0.5267978868438992 0.3612815269256987 0.5267978868438992 0.3644768234492161 0.5270109066121337 0.36809815950920244 0.5274369461486026 0.37150647580095436 0.5276499659168371 0.37427573278800275 0.5282890252215406 0.37704498977505113 0.5289280845262441 0.379601226993865 0.530206203135651 0.3825835037491479 0.531484321745058 0.3849267211997274 0.532762440354465 0.3872699386503068 0.5340405589638719 0.3894001363326517 0.5353186775732789 0.3913173142467621 0.5385139740967962 0.394725630538514 0.543200408997955 0.39962508520790735 0.544904567143831 0.40154226312201774 0.5474608043626449 0.40239434219495573 0.5502300613496932 0.4032464212678937 0.5525732788002727 0.4036724608043627
1 0.47834737827715357 0.6413272471910112 0.48010299625468167 0.6401568352059924 0.480688202247191 0.637816011235955 0.480688202247191 0.6357677902621722 0.48039559925093633 0.632256554307116 0.4795177902621723 0.6287453183520598 0.4780547752808989 0.6252340823970037 0.4768843632958802 0.6226006554307115 0.47512874531835203 0.6193820224719101 0.4727879213483146 0.6173338014981272 0.47015449438202245 0.6152855805243446 0.46722846441947563 0.6138225655430711 0.46459503745318353 0.6117743445692884 0.4622542134831461 0.6106039325842697 0.45932818352059923 0.6091409176029962 0.4569873595505618 0.608263108614232 0.454061329588015 0.6070926966292134 0.4505500936329588 0.6059222846441946 0.4464536516853933 0.6053370786516853 0.4426498127340824 0.6044592696629213 0.4388459737827715 0.6032888576779026 0.4350421348314607 0.6024110486891385 0.43094569288389517 0.6018258426966291 0.42714185393258425 0.6021184456928839 0.4224602059925094 0.6029962546816479 0.4189489700374532 0.6041666666666665 0.4157303370786517 0.6059222846441946 0.41251170411985016 0.6079705056179775 0.41017088014981273 0.6108965355805243 0.40841526217228463 0.6138225655430711 0.40783005617977525 0.6170411985018727 0.40841526217228463 0.6205524344569288 0.4092930711610487 0.624063670411985 0.4110486891385768 0.6275749063670412 0.41251170411985016 0.6302083333333333 0.4136821161048689 0.6325491573033708 0.41543773408239704 0.6351825842696628 0.4169007490636704 0.6366455992509363 0.4189489700374532 0.6384012172284643 0.4207045880149813 0.6395716292134831 0.4224602059925094 0.6404494382022471 0.4262640449438202 0.6416198501872658 0.4300678838951311 0.6424976591760299 0.43240870786516855 0.643375468164794 0.43533473782771537 0.6445458801498127 0.43796816479400746 0.6454236891385767 0.44177200374531833 0.6463014981273408 0.44557584269662925 0.6468867041198502 0.44879447565543074 0.6468867041198502 0.45727996254681647 0.6465941011235954 0.46313202247191015 0.6460088951310861 0.46635065543071164 0.6454236891385767 0.4695692883895131 0.644253277153558 0.4727879213483146 0.643375468164794 0.4760065543071161 0.6424976591760299
1 0.45727996254681647 0.7460791198501872 0.4564021535580524 0.7434456928838951 0.4552317415730337 0.7413974719101123 0.45289091760299627 0.7381788389513109 0.45113529962546817 0.7364232209737828 0.44937968164794007 0.7352528089887639 0.4464536516853933 0.7337897940074906 0.44294241573033705 0.7329119850187265 0.43913857677902624 0.7323267790262171 0.4359199438202247 0.7323267790262171 0.43357911985018727 0.7329119850187265 0.43065308988764045 0.7343749999999999 0.42772705992509363 0.7358380149812734 0.4250936329588015 0.7378862359550561 0.42158239700374533 0.7405196629213483 0.4189489700374532 0.7428604868913857 0.4171933520599251 0.7446161048689138 0.41280430711610483 0.7490051498127339 0.409878277153558 0.7519311797752809 0.4075374531835206 0.754564606741573 0.40461142322097376 0.7574906367041198 0.401685393258427 0.7604166666666665 0.3993445692883895 0.7633426966292134 0.3975889513108614 0.7656835205992508 0.39554073033707865 0.7689021535580524 0.3940777153558052 0.7721207865168539 0.3929073033707865 0.7744616104868913 0.39232209737827717 0.7768024344569288 0.39232209737827717 0.7806062734082396 0.3929073033707865 0.7844101123595505 0.3940777153558052 0.7867509363295879 0.39554073033707865 0.7887991573033708 0.3975889513108614 0.7911399812734082 0.40080758426966295 0.7931882022471909 0.40461142322097376 0.794943820224719 0.40812265917602997 0.7961142322097378 0.4119264981273408 0.7955290262172283 0.4157303370786517 0.794943820224719 0.41982677902621723 0.794066011235955 0.42275280898876405 0.7928955992509363 0.4262640449438202 0.7911399812734082 0.43065308988764045 0.788506554307116 0.43416432584269665 0.7864583333333333 0.43679775280898875 0.7844101123595505 0.43855337078651685 0.7829470973782772 0.44118679775280895 0.7806062734082396 0.44352762172284643 0.7791432584269662 0.44850187265917607 0.774754213483146 0.44996488764044945 0.7727059925093632 0.45318352059925093 0.768316947565543 0.45493913857677903 0.764513108614232 0.4558169475655431 0.7612944756554306 0.45610955056179775 0.7586610486891385 0.4566947565543071 0.756320224719101 0.45757256554307113 0.7525163857677902 0.45757256554307113 0.7490051498127339
1 0.37301029962546817 0.7279377340823969 0.37447331460674155 0.7258895131086142 0.37622893258426965 0.7226708801498127 0.37739934456928836 0.7197448501872658 0.37798455056179775 0.7171114232209738 0.37798455056179775 0.7144779962546816 0.37798455056179775 0.710381554307116 0.37739934456928836 0.7068703183520598 0.3765215355805243 0.7036516853932583 0.3753511235955056 0.7010182584269662 0.3741807116104869 0.6983848314606741 0.3724250936329588 0.6951661985018727 0.37066947565543074 0.6922401685393258 0.36891385767790263 0.6898993445692884 0.36657303370786515 0.6869733146067415 0.36364700374531833 0.6846324906367041 0.3607209737827715 0.681999063670412 0.3577949438202247 0.6790730337078651 0.3545763108614232 0.6767322097378277 0.3519428838951311 0.6752691947565542 0.34843164794007486 0.6738061797752809 0.3452130149812734 0.6723431647940075 0.3419943820224719 0.6711727528089887 0.33789794007490637 0.6705875468164794 0.3352645131086142 0.6702949438202246 0.331753277153558 0.6697097378277153 0.32590121722846443 0.6697097378277153 0.32238998127340823 0.6697097378277153 0.32004915730337075 0.6705875468164794 0.31858614232209737 0.671757958801498 0.3165379213483146 0.6738061797752809 0.31507490636704116 0.6761470037453183 0.31448970037453183 0.6776100187265917 0.3133192883895131 0.6793656367041198 0.31244147940074907 0.6817064606741572 0.31127106741573035 0.6846324906367041 0.3103932584269663 0.6866807116104868 0.31010065543071164 0.6884363295880149 0.30951544943820225 0.6910697565543071 0.30951544943820225 0.6937031835205991 0.3098080524344569 0.696629213483146 0.31068586142322097 0.6989700374531834 0.3118562734082397 0.7016034644194756 0.3133192883895131 0.7048220973782772 0.3153675093632959 0.7080407303370786 0.31741573033707865 0.7106741573033708 0.3194639513108614 0.7133075842696628 0.32092696629213485 0.7156484082397002 0.3229751872659176 0.7182818352059924 0.3250234082397004 0.7206226591760299 0.32707162921348315 0.7226708801498127 0.3294124531835206 0.7253043071161048 0.33204588014981273 0.7273525280898876 0.3340941011235955 0.7291081460674157 0.33702013108614237 0.730571161048689 0.3393609550561798 0.7317415730337078 0.34170177902621723 0.7326193820224719 0.3455056179775281 0.7343749999999999 0.35047986891385763 0.7358380149812734 0.3545763108614232 0.7358380149812734 0.35867275280898875 0.7355454119850187 0.36159878277153557 0.7346676029962546 0.3656952247191011 0.7332045880149812 0.36862125468164797 0.7317415730337078 0.37066947565543074 0.7302785580524344
1 0.47337312734082393 0.8350304307116104 0.47015449438202245 0.8350304307116104 0.4666432584269663 0.8350304307116104 0.46313202247191015 0.8350304307116104 0.45874297752808985 0.8350304307116104 0.45435393258426965 0.8353230337078651 0.44996488764044945 0.8359082397003745 0.44557584269662925 0.8370786516853932 0.44001638576779023 0.839126872659176 0.43533473782771537 0.8420529026217227 0.4327013108614232 0.8443937265917602 0.4300678838951311 0.8473197565543071 0.42772705992509363 0.8505383895131086 0.42538623595505615 0.8531718164794007 0.4236306179775281 0.8555126404494382 0.421875 0.8581460674157302 0.4201193820224719 0.8601942883895131 0.4189489700374532 0.8622425093632958 0.41660814606741575 0.8648759363295879 0.4142673220973783 0.8689723782771535 0.41309691011235955 0.8724836142322097 0.41251170411985016 0.8759948501872658 0.41251170411985016 0.8803838951310861 0.41251170411985016 0.8836025280898876 0.41280430711610483 0.8862359550561797 0.4133895131086142 0.8879915730337078 0.4151451310861423 0.8894545880149812 0.4169007490636704 0.8906249999999999 0.4207045880149813 0.8912102059925093 0.4248010299625468 0.8912102059925093 0.42860486891385763 0.8917954119850187 0.43182350187265917 0.892380617977528 0.43533473782771537 0.8935510299625468 0.4382607677902622 0.8935510299625468 0.43972378277153557 0.8932584269662921 0.4438202247191011 0.8932584269662921 0.4479166666666667 0.8920880149812734 0.4505500936329588 0.8915028089887639 0.45318352059925093 0.8903323970037452 0.4564021535580524 0.8891619850187265 0.46049859550561795 0.886821161048689 0.46459503745318353 0.8841877340823969 0.4681062734082397 0.8818469101123595 0.4710323033707865 0.878628277153558 0.47308052434456926 0.8759948501872658 0.47776217228464424 0.8660463483146067 0.48010299625468167 0.8596090823970037 0.4809808052434457 0.8555126404494382 0.48156601123595505 0.852001404494382 0.4824438202247191 0.8484901685393258 0.4824438202247191 0.8446863295880149 0.48185861423220977 0.8408824906367041 0.480688202247191 0.838249063670412 0.47863998127340823 0.8367860486891385 0.47629915730337075 0.8359082397003745
1 0.5708099250936328 0.9154962546816479 0.5737359550561797 0.9134480337078651 0.5769545880149812 0.9105220037453183 0.5795880149812734 0.9078885767790261 0.5822214419475654 0.9046699438202246 0.5839770599250935 0.9020365168539325 0.5857326779026216 0.8994030898876404 0.5874882958801497 0.8958918539325842 0.5889513108614232 0.8932584269662921 0.5904143258426965 0.8906249999999999 0.5915847378277153 0.8879915730337078 0.5927551498127339 0.8850655430711609 0.5942181647940075 0.8812617041198502 0.5953885767790261 0.878628277153558 0.5959737827715356 0.8754096441947564 0.5962663857677902 0.8724836142322097 0.5962663857677902 0.8692649812734082 0.5962663857677902 0.865753745318352 0.5962663857677902 0.8631203183520598 0.5956811797752809 0.8604868913857676 0.5950959737827716 0.8581460674157302 0.593632958801498 0.8555126404494382 0.5924625468164794 0.8531718164794007 0.5909995318352059 0.8514161985018727 0.5895365168539325 0.8493679775280898 0.5871956928838951 0.8470271535580524 0.583684456928839 0.8452715355805243 0.5801732209737828 0.8435159176029962 0.5778323970037452 0.8435159176029962 0.5754915730337078 0.8443937265917602 0.5725655430711609 0.8458567415730336 0.5699321161048689 0.8473197565543071 0.5672986891385767 0.8490753745318351 0.5646652621722846 0.8508309925093632 0.5614466292134831 0.8531718164794007 0.5585205992509363 0.8552200374531834 0.5555945692883895 0.8575608614232209 0.5526685393258427 0.8601942883895131 0.5500351123595505 0.8628277153558053 0.5485720973782772 0.8648759363295879 0.5465238764044943 0.8680945692883895 0.5453534644194756 0.8704353932584269 0.5438904494382022 0.8727762172284643 0.5427200374531834 0.8748244382022471 0.5418422284644194 0.8771652621722846 0.5412570224719101 0.8792134831460673 0.5406718164794007 0.8818469101123595 0.5397940074906367 0.8847729400749064 0.539501404494382 0.8871137640449438 0.5389161985018727 0.8897471910112358 0.5386235955056179 0.8926732209737828 0.5386235955056179 0.896184456928839 0.5386235955056179 0.8985252808988764 0.5386235955056179 0.9014513108614232 0.5389161985018727 0.9049625468164794 0.539501404494382 0.9081811797752809 0.540379213483146 0.909936797752809 0.5424274344569288 0.9128628277153558 0.5450608614232209 0.9152036516853932 0.5479868913857676 0.916374063670412 0.5512055243445693 0.9181296816479401 0.5538389513108614 0.9193000936329587 0.5573501872659176 0.9198852996254681 0.5602762172284643 0.9201779026217227 0.5640800561797753 0.9193000936329587 0.5664208801498127 0.9181296816479401 0.5684691011235954 0.9169592696629213
1 0.26650280898876405 0.8540496254681647 0.26767322097378277 0.8514161985018727 0.2685510299625468 0.8493679775280898 0.26913623595505615 0.8473197565543071 0.2688436329588015 0.8446863295880149 0.2685510299625468 0.8423455056179775 0.26767322097378277 0.8394194756554306 0.26650280898876405 0.8364934456928839 0.2647471910112359 0.8338600187265917 0.26269897003745313 0.8312265917602996 0.26065074906367036 0.8285931647940075 0.2586025280898876 0.8259597378277153 0.25596910112359544 0.8236189138576778 0.2524578651685393 0.8215706928838951 0.24923923220973782 0.8201076779026216 0.24660580524344564 0.8192298689138576 0.24485018726591756 0.818937265917603 0.24104634831460672 0.8183520599250935 0.23694990636704116 0.8174742509363295 0.23226825842696627 0.8171816479400749 0.2284644194756554 0.8171816479400749 0.2252457865168539 0.8171816479400749 0.22056413857677898 0.8174742509363295 0.21676029962546814 0.8177668539325842 0.21207865168539322 0.8183520599250935 0.20886001872659174 0.818937265917603 0.20534878277153554 0.819815074906367 0.19715589887640447 0.822448501872659 0.19188904494382017 0.8247893258426965 0.1886704119850187 0.8271301498127339 0.18632958801498126 0.8300561797752809 0.18398876404494377 0.8329822097378277 0.18252574906367036 0.8359082397003745 0.181940543071161 0.8402972846441946 0.1822331460674157 0.8438085205992508 0.18252574906367036 0.8458567415730336 0.18311095505617975 0.8490753745318351 0.1842813670411985 0.8522940074906367 0.18632958801498126 0.8560978464419475 0.18808520599250933 0.8587312734082396 0.18954822097378274 0.8607794943820224 0.1913038389513108 0.8639981273408239 0.19305945692883894 0.8660463483146067 0.19540028089887637 0.8680945692883895 0.19715589887640447 0.8689723782771535 0.1994967228464419 0.8701427902621722 0.20710440074906364 0.8733614232209738 0.21178604868913856 0.8751170411985018 0.21646769662921347 0.8754096441947564 0.22290496254681644 0.8754096441947564 0.23753511235955052 0.8742392322097378 0.2430945692883895 0.873068820224719 0.2457279962546816 0.8718984082397002 0.24865402621722843 0.8707279962546816 0.25158005617977525 0.8692649812734082 0.25450608614232206 0.8669241573033708 0.2571395131086142 0.8648759363295879 0.25948033707865165 0.8628277153558053 0.2615285580524344 0.8607794943820224 0.2632841760299625 0.8587312734082396 0.2647471910112359 0.8563904494382021
1 0.22641619850187264 0.7691947565543071 0.22787921348314605 0.7668539325842697 0.22963483146067412 0.7633426966292134 0.23109784644194756 0.7595388576779026 0.23226825842696627 0.7569054307116104 0.23314606741573032 0.7542720037453183 0.23373127340823968 0.7510533707865168 0.23373127340823968 0.7463717228464419 0.23314606741573032 0.7422752808988764 0.23226825842696627 0.7378862359550561 0.23109784644194756 0.7334971910112359 0.2299274344569288 0.7288155430711609 0.2281718164794007 0.7261821161048689 0.227001404494382 0.7247191011235954 0.22436797752808987 0.7232560861423221 0.22056413857677898 0.722378277153558 0.21646769662921347 0.7217930711610486 0.21237125468164791 0.7217930711610486 0.2079822097378277 0.7217930711610486 0.20359316479400746 0.7220856741573034 0.20095973782771534 0.7226708801498127 0.1980337078651685 0.7235486891385767 0.19452247191011232 0.7264747191011235 0.19247425093632958 0.7282303370786516 0.19071863295880145 0.7302785580524344 0.1886704119850187 0.7332045880149812 0.18720739700374528 0.7358380149812734 0.1854517790262172 0.7393492509363295 0.18398876404494377 0.7422752808988764 0.181940543071161 0.7460791198501872 0.17989232209737824 0.7501755617977527 0.17842930711610486 0.753686797752809 0.1775514981273408 0.7560276217228464 0.1763810861423221 0.7586610486891385 0.1757958801498127 0.7618796816479401 0.1757958801498127 0.7653909176029962 0.17608848314606737 0.7686095505617977 0.17667368913857676 0.7724133895131086 0.17784410112359547 0.7756320224719101 0.17872191011235952 0.7776802434456928 0.17989232209737824 0.780313670411985 0.18106273408239698 0.7829470973782772 0.18252574906367036 0.7844101123595505 0.1842813670411985 0.7855805243445693 0.18691479400749061 0.7864583333333333 0.1915964419475655 0.7870435393258427 0.1965706928838951 0.787628745318352 0.20037453183520598 0.7867509363295879 0.20417837078651682 0.7858731273408239 0.20681179775280895 0.7847027153558053 0.2094452247191011 0.7835323033707865 0.21207865168539322 0.7820692883895131 0.21441947565543068 0.781191479400749 0.21646769662921347 0.7797284644194756 0.21939372659176026 0.7773876404494382 0.2220271535580524 0.774754213483146 0.22436797752808987 0.7715355805243446
1 0.11756788389513108 0.736130617977528 0.11493445692883893 0.7332045880149812 0.11142322097378275 0.7291081460674157 0.10761938202247189 0.7250117041198502 0.10410814606741572 0.722378277153558 0.10118211610486891 0.7206226591760299 0.09679307116104868 0.7188670411985018 0.09386704119850187 0.7176966292134831 0.09064840823970036 0.715941011235955 0.08742977528089886 0.7153558052434457 0.083625936329588 0.7153558052434457 0.07923689138576777 0.7162336142322097 0.07631086142322095 0.7176966292134831 0.07367743445692883 0.7197448501872658 0.07192181647940073 0.7217930711610486 0.07104400749063669 0.7244264981273408 0.07045880149812733 0.7276451310861423 0.07045880149812733 0.7311563670411984 0.07045880149812733 0.7346676029962546 0.07075140449438201 0.7375936329588014 0.07104400749063669 0.7402270599250935 0.07192181647940073 0.7434456928838951 0.07309222846441947 0.7457865168539325 0.07426264044943819 0.7490051498127339 0.07514044943820224 0.7513459737827716 0.07660346441947564 0.7539794007490636 0.07835908239700373 0.7566128277153558 0.08040730337078651 0.7592462546816479 0.08245552434456928 0.7612944756554306 0.08450374531835206 0.7633426966292134 0.0868445692883895 0.7650983146067415 0.08918539325842696 0.7668539325842697 0.09211142322097378 0.7680243445692884 0.09562265917602994 0.7691947565543071 0.09737827715355804 0.7697799625468165 0.1073267790262172 0.7712429775280898 0.11171582397003745 0.7700725655430711 0.11581226591760299 0.7697799625468165 0.11903089887640447 0.7680243445692884 0.12107911985018725 0.7665613295880149 0.12312734082397002 0.7650983146067415 0.12429775280898875 0.7630500936329587 0.12459035580524344 0.760124063670412 0.12488295880149812 0.7569054307116104 0.12459035580524344 0.7533941947565542 0.12429775280898875 0.7492977528089887 0.12312734082397002 0.7457865168539325 0.12195692883895129 0.7419826779026216 0.11961610486891384 0.7390566479400749
1 0.181940543071161 0.690191947565543 0.1834035580524344 0.686388108614232 0.18398876404494377 0.6831694756554306 0.18486657303370785 0.678195224719101 0.18486657303370785 0.6743913857677902 0.18486657303370785 0.6711727528089887 0.18457397003745316 0.6670763108614232 0.18398876404494377 0.6638576779026216 0.1836961610486891 0.6612242509363295 0.1822331460674157 0.6582982209737828 0.17842930711610486 0.6518609550561797 0.1740402621722846 0.6486423220973783 0.17023642322097376 0.6474719101123595 0.16789559925093628 0.6471793071161048 0.16555477528089885 0.6465941011235954 0.161750936329588 0.6460088951310861 0.15853230337078647 0.6457162921348314 0.15589887640449435 0.6460088951310861 0.15268024344569284 0.6465941011235954 0.1503394194756554 0.6471793071161048 0.14799859550561795 0.6489349250936328 0.14653558052434454 0.6503979400749064 0.14448735955056174 0.6527387640449438 0.14273174157303367 0.6544943820224719 0.14156132958801496 0.6565426029962546 0.14009831460674155 0.658005617977528 0.13892790262172283 0.6597612359550561 0.13746488764044942 0.6629798689138576 0.136001872659176 0.6664911048689138 0.13483146067415727 0.6697097378277153 0.13395365168539322 0.671757958801498 0.1327832397003745 0.6749765917602996 0.13249063670411984 0.6784878277153558 0.13249063670411984 0.6814138576779026 0.13249063670411984 0.6840472846441946 0.1327832397003745 0.6869733146067415 0.1330758426966292 0.689314138576779 0.13424625468164791 0.696629213483146 0.136001872659176 0.7016034644194756 0.1392205056179775 0.7054073033707865 0.142439138576779 0.7071629213483146 0.14624297752808987 0.7092111423220973 0.1500468164794007 0.7106741573033708 0.15502106741573032 0.7121371722846441 0.15882490636704116 0.7121371722846441 0.16262874531835203 0.7115519662921347 0.16731039325842692 0.709503745318352 0.17052902621722843 0.7071629213483146 0.17374765917602994 0.7042368913857676 0.17667368913857676 0.7004330524344569 0.17872191011235952 0.6975070224719101 0.18047752808988762 0.6937031835205991
1 0.11347144194756553 0.994499063670412 0.11903089887640447 0.9971324906367041 0.12107911985018725 0.9983029026217227 0.12371254681647939 0.998888108614232 0.12868679775280897 0.9989583333333333 0.13483146067415727 0.9989583333333333 0.14419475655430708 0.9989583333333333 0.14975421348314605 0.9989583333333333 0.15560627340823968 0.9989583333333333 0.16571863295880085 0.9989583333333333 0.1661399812734082 0.998888108614232 0.16994382022471907 0.9968398876404494 0.1728698501872659 0.994499063670412 0.175503277153558 0.9915730337078651 0.17784410112359547 0.9883544007490636 0.17930711610486888 0.9857209737827716 0.18047752808988762 0.9822097378277153 0.18047752808988762 0.9781132958801497 0.18018492509363293 0.974309456928839 0.17872191011235952 0.970505617977528 0.17667368913857676 0.9664091760299625 0.17491807116104865 0.9637757490636704 0.17199204119850184 0.9596793071161048 0.16877340823970036 0.9561680711610486 0.16526217228464415 0.9529494382022471 0.161750936329588 0.9509012172284643 0.1567766853932584 0.9491455992509362 0.15268024344569284 0.9479751872659176 0.1485838014981273 0.9468047752808988 0.14419475655430708 0.9456343632958801 0.13746488764044942 0.9441713483146067 0.13249063670411984 0.9441713483146067 0.12810159176029962 0.9444639513108614 0.12459035580524344 0.9444639513108614 0.12195692883895129 0.944756554307116 0.1187382958801498 0.9453417602996254 0.11551966292134831 0.9465121722846441 0.1123010299625468 0.9476825842696628 0.10966760299625467 0.9485603932584269 0.10761938202247189 0.9497308052434457 0.10527855805243444 0.9514864232209738 0.10030430711610486 0.9570458801498127 0.09825608614232208 0.9614349250936328 0.09708567415730336 0.9643609550561797 0.096500468164794 0.9658239700374531 0.09620786516853932 0.9678721910112358 0.09620786516853932 0.9702130149812734 0.09620786516853932 0.9716760299625468 0.09620786516853932 0.9737242509363295 0.096500468164794 0.9754798689138576 0.09679307116104868 0.9772354868913857 0.09737827715355804 0.9795763108614232 0.0994264981273408 0.9819171348314606 0.10118211610486891 0.9839653558052434 0.1026451310861423 0.9857209737827716 0.10410814606741572 0.9874765917602996 0.10615636704119849 0.9892322097378277
1 0.5444756554307115 0.9506086142322097 0.5409644194756553 0.9476825842696628 0.5368679775280898 0.9456343632958801 0.5336493445692884 0.9435861423220973 0.5310159176029963 0.9435861423220973 0.5286750936329587 0.9435861423220973 0.5269194756554307 0.943878745318352 0.5254564606741573 0.9444639513108614 0.5234082397003745 0.9459269662921347 0.5210674157303371 0.9476825842696628 0.519311797752809 0.9497308052434457 0.5178487827715356 0.9517790262172283 0.5163857677902622 0.9555828651685393 0.5158005617977528 0.9582162921348314 0.5152153558052435 0.9614349250936328 0.5152153558052435 0.9646535580524344 0.5152153558052435 0.9678721910112358 0.5155079588014981 0.9707982209737828 0.5158005617977528 0.9746020599250935 0.5163857677902622 0.9781132958801497 0.5169709737827716 0.9807467228464419 0.5178487827715356 0.9830875468164794 0.5187265917602997 0.9854283707865168 0.5198970037453183 0.9874765917602996 0.5234082397003745 0.995376872659176 0.5276548672566372 0.9989583333333333 0.5607248751560548 0.9989583333333333 0.5617392322097378 0.9971324906367041 0.5626170411985019 0.994499063670412 0.5632022471910112 0.9915730337078651 0.5632022471910112 0.9871839887640449 0.5629096441947564 0.9827949438202246 0.5617392322097378 0.9784058988764045 0.5602762172284643 0.9740168539325842 0.5585205992509363 0.9693352059925093 0.5567649812734082 0.9661165730337078 0.5547167602996254 0.9626053370786516 0.5523759363295879 0.9593867041198502 0.5503277153558053 0.9564606741573034 0.5471090823970037 0.9535346441947564
1 0.5364122418879056 0.7327617994100295 0.5336467551622419 0.7286135693215339 0.5313421828908554 0.7258480825958703 0.5281157817109146 0.7230825958702065 0.5253502949852508 0.72077802359882 0.5216629793510326 0.7180125368731564 0.5175147492625369 0.7161688790560472 0.5142883480825959 0.7152470501474927 0.5101401179941003 0.7143252212389382 0.504609144542773 0.7134033923303834 0.5009218289085546 0.7138643067846608 0.49861725663716816 0.7147861356932154 0.4944690265486726 0.7180125368731564 0.49216445427728617 0.722160766961652 0.4907817109144543 0.7244653392330384 0.4884771386430679 0.7323008849557522 0.4880162241887906 0.7373709439528023 0.4884771386430679 0.7410582595870207 0.4893989675516225 0.7438237463126843 0.4912426253687316 0.7475110619469026 0.4926253687315635 0.7493547197640118 0.4944690265486726 0.7530420353982301 0.49631268436578174 0.7558075221238938 0.4981563421828909 0.7585730088495576 0.5004609144542773 0.7613384955752213 0.5027654867256638 0.7645648967551623 0.5101401179941003 0.7714786135693216 0.5152101769911505 0.7728613569321534 0.5212020648967551 0.7737831858407079 0.5239675516224189 0.7737831858407079 0.5294985250737463 0.7728613569321534 0.5322640117994101 0.7714786135693216 0.5345685840707965 0.7710176991150443 0.5377949852507375 0.7677912979351033 0.5396386430678466 0.7654867256637168 0.5410213864306785 0.7627212389380531 0.5419432153392331 0.7599557522123894 0.5428650442477877 0.7571902654867256 0.5428650442477877 0.7539638643067847 0.5424041297935104 0.751198377581121 0.5424041297935104 0.7488938053097345 0.5414823008849559 0.7442846607669616 0.5400995575221239 0.7401364306784661 0.5387168141592921 0.7364491150442478
1 0.6131394389438944 0.6935849834983497 0.6126237623762376 0.6953898514851484 0.6126237623762376 0.6982260726072607 0.6128816006600659 0.7013201320132013 0.6131394389438944 0.7041563531353136 0.6139129537953796 0.7067347359735974 0.6144286303630363 0.7085396039603961 0.6149443069306931 0.7103444719471947 0.6157178217821783 0.7121493399339934 0.6170070132013201 0.7147277227722773 0.6180383663366337 0.7167904290429042 0.6190697194719471 0.7185952970297029 0.6201010726072607 0.7201423267326733 0.6211324257425743 0.7216893564356436 0.6221637788778878 0.7234942244224423 0.6237108085808581 0.7258147689768977 0.6252578382838283 0.7278774752475248 0.6268048679867987 0.729424504950495 0.6286097359735974 0.7309715346534653 0.6301567656765676 0.7322607260726072 0.6327351485148516 0.7338077557755776 0.6350556930693069 0.7350969471947195 0.643822194719472 0.741542904290429 0.6505259900990098 0.7446369636963696 0.6551670792079208 0.7466996699669967 0.6577454620462045 0.7464418316831682 0.6605816831683169 0.7472153465346535 0.663417904290429 0.7477310231023103 0.6678011551155116 0.7482466996699669 0.6706373762376238 0.7490202145214522 0.6737314356435643 0.7490202145214522 0.6757941419141915 0.7487623762376238 0.6781146864686468 0.7477310231023103 0.680950907590759 0.7459261551155116 0.6827557755775577 0.744121287128713 0.6845606435643564 0.7423164191419143 0.6863655115511551 0.7405115511551156 0.6879125412541254 0.7379331683168318 0.6892017326732672 0.7356126237623762 0.6907487623762376 0.7325185643564357 0.6910066006600659 0.7304558580858085 0.6910066006600659 0.7273617986798679 0.6910066006600659 0.725299092409241 0.6907487623762376 0.7234942244224423 0.6902330858085809 0.7214315181518152 0.6894595709570958 0.7193688118811881 0.6886860561056106 0.7170482673267327 0.6884282178217822 0.7155012376237624 0.6873968646864685 0.7111179867986799 0.6863655115511551 0.7072504125412542 0.6845606435643564 0.7044141914191419 0.6819822607260726 0.7008044554455445 0.6791460396039604 0.6977103960396039 0.6747627887788779 0.6938428217821783 0.6711530528052805 0.6915222772277227 0.6688325082508251 0.6897174092409241 0.665996287128713 0.6876547029702971 0.6626443894389439 0.6858498349834984 0.6598081683168318 0.684302805280528 0.6577454620462045 0.6830136138613861 0.6551670792079208 0.6819822607260726 0.652588696369637 0.6812087458745875 0.6502681518151815 0.6806930693069307 0.647174092409241 0.6799195544554455 0.643822194719472 0.6791460396039604 0.6368605610561056 0.6783725247524752 0.6319616336633663 0.6786303630363036 0.628351897689769 0.6796617161716172 0.6255156765676568 0.6804352310231023 0.622937293729373 0.6814665841584159 0.6211324257425743 0.6824979372937293 0.6195853960396039 0.6835292904290429 0.617522689768977 0.6858498349834984 0.616233498349835 0.6873968646864685 0.6152021452145214 0.6889438943894389 0.6144286303630363 0.6904909240924092 0.6136551155115512 0.6922957920792079
1 0.7693894389438944 0.9725660066006601 0.7699051155115512 0.9707611386138614 0.7706786303630363 0.9681827557755776 0.7709364686468646 0.9653465346534653 0.7709364686468646 0.9622524752475247 0.7709364686468646 0.958384900990099 0.7709364686468646 0.9560643564356436 0.7701629537953796 0.9506497524752475 0.7696472772277227 0.9467821782178217 0.7678424092409241 0.9434302805280529 0.7660375412541254 0.9403362211221122 0.7644905115511551 0.9377578382838283 0.7629434818481848 0.9351794554455445 0.7613964521452146 0.9323432343234324 0.7593337458745875 0.930022689768977 0.7577867161716172 0.9284756600660066 0.7559818481848185 0.9269286303630363 0.7544348184818481 0.9256394389438944 0.7528877887788779 0.9251237623762376 0.7505672442244224 0.9243502475247525 0.7490202145214522 0.9240924092409241 0.7466996699669967 0.9240924092409241 0.744121287128713 0.9240924092409241 0.7420585808580857 0.9243502475247525 0.7394801980198019 0.9248659240924092 0.7376753300330032 0.9256394389438944 0.7356126237623762 0.9266707920792079 0.7338077557755776 0.9279599834983497 0.7320028877887789 0.9289913366336633 0.7304558580858085 0.9305383663366337 0.7289088283828383 0.9326010726072607 0.7278774752475248 0.934148102310231 0.7268461221122112 0.936210808580858 0.7260726072607261 0.9377578382838283 0.725299092409241 0.9393048679867987 0.7245255775577558 0.9413675742574257 0.724009900990099 0.9431724422442244 0.7234942244224423 0.944977310231023 0.7227207095709571 0.9470400165016503 0.7222050330033003 0.9488448844884488 0.7216893564356436 0.9514232673267327 0.7214315181518152 0.9537438118811881 0.7211736798679867 0.9558065181518152 0.7206580033003299 0.958384900990099 0.7206580033003299 0.960447607260726 0.7206580033003299 0.9632838283828383 0.7206580033003299 0.9666357260726072 0.7209158415841584 0.9694719471947195 0.7209158415841584 0.9715346534653465 0.7214315181518152 0.9738551980198019 0.721947194719472 0.975917904290429 0.724009900990099 0.9810746699669967 0.7255569306930693 0.9836530528052805 0.7273617986798679 0.9877784653465347 0.7289088283828383 0.9903568481848185 0.7304558580858085 0.9929352310231023 0.7325185643564357 0.994740099009901 0.7345812706270627 0.9962871287128713 0.7363861386138614 0.9973184818481848 0.7389645214521452 0.9980919966996699 0.7412850660066006 0.9988655115511551 0.7438634488448844 0.9989583333333333 0.7545836280056578 0.9989583333333333 0.7567553630363036 0.9975763201320133 0.7588180693069307 0.9957714521452146 0.7601072607260726 0.9942244224422442 0.7626856435643564 0.9913882013201321 0.7655218646864685 0.9877784653465347 0.7670688943894389 0.984684405940594 0.7681002475247525 0.9813325082508251 0.7686159240924092 0.9782384488448844 0.7691316006600659 0.9748865511551156
1 0.9176464521452146 0.7289088283828383 0.9204826732673267 0.7271039603960396 0.9228032178217822 0.725299092409241 0.9253816006600659 0.7229785478547854 0.9271864686468646 0.7206580033003299 0.930022689768977 0.7175639438943894 0.9315697194719471 0.7155012376237624 0.9349216171617162 0.7087974422442244 0.9372421617161717 0.7023514851485149 0.9377578382838283 0.7005466171617162 0.9380156765676568 0.6979682343234324 0.9380156765676568 0.6951320132013201 0.9375 0.6915222772277227 0.9364686468646864 0.6876547029702971 0.9346637788778878 0.6845606435643564 0.9331167491749175 0.6819822607260726 0.9310540429042905 0.6796617161716172 0.9279599834983497 0.6775990099009902 0.9253816006600659 0.6757941419141915 0.9230610561056106 0.6745049504950494 0.9194513201320133 0.673473597359736 0.9173886138613861 0.673473597359736 0.9137788778877888 0.6739892739273928 0.909911303630363 0.6750206270627063 0.9070750825082509 0.6763098184818481 0.9042388613861386 0.6778568481848185 0.9021761551155116 0.6791460396039604 0.9001134488448844 0.6806930693069307 0.8975350660066006 0.6824979372937293 0.8941831683168318 0.6850763201320133 0.8916047854785478 0.6868811881188119 0.8895420792079208 0.6886860561056106 0.8877372112211221 0.6907487623762376 0.8859323432343235 0.6930693069306931 0.8846431518151815 0.6951320132013201 0.8807755775577558 0.703125 0.8792285478547854 0.7080239273927392 0.8789707095709571 0.711891501650165 0.8789707095709571 0.7149855610561056 0.8792285478547854 0.7175639438943894 0.8800020627062707 0.7201423267326733 0.8810334158415841 0.7216893564356436 0.882322607260726 0.7234942244224423 0.8843853135313532 0.725299092409241 0.8859323432343235 0.7268461221122112 0.889026402640264 0.7281353135313532 0.8916047854785478 0.7296823432343235 0.8939253300330032 0.730713696369637 0.8970193894389439 0.7317450495049506 0.8995977722772277 0.7325185643564357 0.9029496699669967 0.7335499174917491 0.9044966996699669 0.7335499174917491 0.9070750825082509 0.7335499174917491 0.9093956270627063 0.7325185643564357 0.9122318481848185 0.7314872112211221 0.9148102310231023 0.7301980198019802
1 0.8379744224422442 0.5925123762376238 0.8366852310231023 0.5945750825082509 0.8348803630363036 0.5976691419141915 0.8333333333333334 0.6005053630363036 0.8315284653465347 0.604115099009901 0.8299814356435643 0.6079826732673267 0.8289500825082509 0.6110767326732672 0.8279187293729373 0.6149443069306931 0.8279187293729373 0.6190697194719471 0.8279187293729373 0.622937293729373 0.8286922442244224 0.6268048679867987 0.829723597359736 0.6301567656765676 0.8304971122112211 0.6327351485148516 0.8315284653465347 0.6355713696369637 0.8328176567656765 0.6381497524752475 0.8341068481848185 0.6402124587458746 0.8356538778877888 0.6420173267326733 0.8379744224422442 0.6440800330033003 0.8395214521452146 0.6448535478547854 0.8428733498349835 0.645884900990099 0.8462252475247525 0.645884900990099 0.8498349834983497 0.6456270627062707 0.8534447194719471 0.6445957095709571 0.8567966171617162 0.6427908415841584 0.8601485148514851 0.6399546204620462 0.8637582508250825 0.6366027227722773 0.8671101485148516 0.633766501650165 0.8696885313531353 0.6309302805280529 0.8720090759075908 0.6278362211221122 0.8735561056105611 0.625 0.8743296204620462 0.6231951320132013 0.8756188118811881 0.6211324257425743 0.8810334158415841 0.6077248349834984 0.882322607260726 0.6035994224422442 0.8833539603960396 0.6002475247524752 0.8838696369636964 0.5966377887788779 0.8838696369636964 0.5930280528052805 0.8836117986798679 0.5891604785478548 0.8828382838283828 0.5855507425742574 0.8812912541254125 0.5819410066006601 0.8797442244224423 0.5793626237623762 0.8769080033003299 0.5767842409240924 0.8748452970297029 0.5754950495049506 0.8727825907590759 0.574463696369637 0.8702042079207921 0.5736901815181519 0.8671101485148516 0.5736901815181519 0.8632425742574257 0.5736901815181519 0.8604063531353136 0.574463696369637 0.8575701320132013 0.5754950495049506 0.8534447194719471 0.5778155940594059 0.8459674092409241 0.5832301980198019 0.8431311881188119 0.5863242574257426 0.840552805280528 0.5894183168316831
1 0.26064814814814813 0.2814814814814815 0.2550925925925926 0.28055555555555556 0.24722222222222223 0.28055555555555556 0.23935185185185184 0.2810185185185185 0.23287037037037037 0.2824074074074074 0.2263888888888889 0.2847222222222222 0.2212962962962963 0.28657407407407404 0.21666666666666667 0.28935185185185186 0.21157407407407408 0.29212962962962963 0.20787037037037034 0.29583333333333334 0.20509259259259258 0.29953703703703705 0.2037037037037037 0.30416666666666664 0.20324074074074075 0.3087962962962963 0.2023148148148148 0.3125 0.2013888888888889 0.3162037037037037 0.20185185185185184 0.32083333333333336 0.20277777777777778 0.3236111111111111 0.20509259259259258 0.32546296296296295 0.20787037037037034 0.32916666666666666 0.21574074074074073 0.33287037037037037 0.22453703703703703 0.3347222222222222 0.22916666666666666 0.336574074074074 0.23148148148148148 0.3375 0.23564814814814816 0.33796296296296297 0.23842592592592593 0.33796296296296297 0.2439814814814815 0.337037037037037 0.2486111111111111 0.33611111111111114 0.25601851851851853 0.3337962962962963 0.2634259259259259 0.3310185185185185 0.2689814814814815 0.32870370370370366 0.275 0.32546296296296295 0.2787037037037037 0.32314814814814813 0.28703703703703703 0.3152777777777778 0.2898148148148148 0.3106481481481482 0.2898148148148148 0.30509259259259264 0.28888888888888886 0.300462962962963 0.28518518518518515 0.2949074074074074 0.28055555555555556 0.2907407407407407 0.2777777777777778 0.288425925925926 0.2722222222222222 0.28564814814814815 0.26712962962962966 0.2837962962962963
1 0.4180555555555555 0.2587962962962963 0.4148148148148148 0.2564814814814815 0.41018518518518515 0.25462962962962965 0.4041666666666667 0.2518518518518518 0.3976851851851852 0.25 0.3944444444444445 0.250462962962963 0.3902777777777778 0.2513888888888889 0.387037037037037 0.25277777777777777 0.3847222222222222 0.25416666666666665 0.3819444444444445 0.25601851851851853 0.3787037037037037 0.2601851851851852 0.3763888888888889 0.26712962962962966 0.37592592592592594 0.2712962962962963 0.37592592592592594 0.27638888888888885 0.3763888888888889 0.2837962962962963 0.3773148148148148 0.288425925925926 0.37962962962962965 0.2930555555555555 0.38333333333333336 0.2972222222222222 0.3875 0.30092592592592593 0.39120370370370366 0.30416666666666664 0.40138888888888885 0.3092592592592593 0.4125 0.3111111111111111 0.4189814814814815 0.3101851851851852 0.42453703703703705 0.30787037037037035 0.4282407407407407 0.30416666666666664 0.43194444444444446 0.3 0.4337962962962963 0.29583333333333334 0.4337962962962963 0.2898148148148148 0.43333333333333335 0.28425925925925927 0.43148148148148147 0.27638888888888885 0.42916666666666664 0.2708333333333333 0.425462962962963 0.26620370370370366 0.4217592592592593 0.262037037037037
1 0.4439814814814815 0.37407407407407406 0.4425925925925926 0.3768518518518518 0.4412037037037037 0.3814814814814815 0.4398148148148148 0.3861111111111111 0.4393518518518518 0.3902777777777778 0.4398148148148148 0.39537037037037037 0.4402777777777778 0.399537037037037 0.4402777777777778 0.40185185185185185 0.4412037037037037 0.4064814814814815 0.44305555555555554 0.4097222222222222 0.44490740740740736 0.41203703703703703 0.4472222222222222 0.4148148148148148 0.45 0.4166666666666667 0.45231481481481484 0.4189814814814815 0.45370370370370366 0.4199074074074074 0.4601851851851852 0.42314814814814816 0.46481481481481485 0.425 0.4712962962962963 0.42314814814814816 0.475 0.42083333333333334 0.4791666666666667 0.4175925925925926 0.48194444444444445 0.41435185185185186 0.48379629629629634 0.41018518518518515 0.48518518518518516 0.4064814814814815 0.48564814814814816 0.40092592592592596 0.48564814814814816 0.39537037037037037 0.48518518518518516 0.38842592592592595 0.4842592592592593 0.38333333333333336 0.48287037037037034 0.3773148148148148 0.47962962962962963 0.3712962962962963 0.47638888888888886 0.36759259259259264 0.47314814814814815 0.3652777777777778 0.4703703703703704 0.36342592592592593 0.4662037037037037 0.36203703703703705 0.462037037037037 0.36203703703703705 0.4587962962962963 0.3625 0.45416666666666666 0.3638888888888889 0.45092592592592595 0.3648148148148148 0.44814814814814813 0.36759259259259264 0.44583333333333336 0.37083333333333335
1 0.6074074074074074 0.16574074074074074 0.6032407407407407 0.1662037037037037 0.6 0.16712962962962966 0.5967592592592593 0.1685185185185185 0.5939814814814814 0.17037037037037037 0.5912037037037037 0.17175925925925925 0.5893518518518519 0.17453703703703702 0.5847222222222223 0.18379629629629632 0.5819444444444444 0.19027777777777777 0.5814814814814814 0.19675925925925924 0.5814814814814814 0.2023148148148148 0.5814814814814814 0.2087962962962963 0.5824074074074074 0.21527777777777776 0.5837962962962963 0.22175925925925927 0.5856481481481481 0.2263888888888889 0.5893518518518519 0.2351851851851852 0.5930555555555556 0.23981481481481481 0.600462962962963 0.2412037037037037 0.6060185185185186 0.24212962962962964 0.6097222222222223 0.24212962962962964 0.6148148148148148 0.24074074074074076 0.6180555555555556 0.23935185185185184 0.6217592592592592 0.2375 0.625462962962963 0.2337962962962963 0.6282407407407408 0.22962962962962966 0.6310185185185185 0.225 0.6328703703703703 0.22083333333333333 0.6337962962962963 0.21712962962962964 0.6351851851851852 0.2125 0.6351851851851852 0.2074074074074074 0.6347222222222223 0.20277777777777778 0.6337962962962963 0.19768518518518519 0.6328703703703703 0.19305555555555556 0.6314814814814814 0.1875 0.6300925925925926 0.18379629629629632 0.6287037037037037 0.18009259259259258 0.625925925925926 0.17592592592592593 0.6231481481481481 0.17222222222222222 0.6208333333333333 0.16990740740740742 0.6171296296296297 0.16805555555555557 0.612037037037037 0.1662037037037037
1 0.6027777777777777 0.1287037037037037 0.6032407407407407 0.13333333333333333 0.6050925925925926 0.13842592592592592 0.6074074074074074 0.14074074074074075 0.611111111111111 0.14305555555555557 0.6148148148148148 0.14537037037037034 0.6194444444444444 0.14722222222222223 0.6231481481481481 0.14722222222222223 0.6296296296296297 0.14722222222222223 0.6337962962962963 0.14722222222222223 0.6453703703703704 0.14583333333333334 0.650462962962963 0.14351851851851852 0.6569444444444444 0.1375 0.6615740740740741 0.13333333333333333 0.6648148148148147 0.12916666666666668 0.6680555555555556 0.12453703703703704 0.6699074074074074 0.12037037037037038 0.6703703703703704 0.11527777777777778 0.6703703703703704 0.10972222222222222 0.6694444444444444 0.10416666666666667 0.6671296296296296 0.10092592592592592 0.663425925925926 0.09861111111111112 0.6583333333333333 0.0962962962962963 0.6546296296296297 0.09537037037037037 0.649537037037037 0.09444444444444446 0.6439814814814814 0.09398148148148149 0.6398148148148147 0.09398148148148149 0.6342592592592593 0.09444444444444446 0.6300925925925926 0.09537037037037037 0.625 0.09768518518518518 0.6208333333333333 0.10046296296296296 0.6157407407407407 0.1037037037037037 0.612037037037037 0.10648148148148148 0.6078703703703704 0.11064814814814815 0.6050925925925926 0.11481481481481483 0.6032407407407407 0.1189814814814815 0.6027777777777777 0.12361111111111112
1 0.8212962962962963 0.2212962962962963 0.8208333333333333 0.22685185185185183 0.8208333333333333 0.2310185185185185 0.8212962962962963 0.23657407407407408 0.8217592592592593 0.2412037037037037 0.8222222222222223 0.24629629629629632 0.8236111111111111 0.24953703703703703 0.825 0.2518518518518518 0.8291666666666667 0.25972222222222224 0.8342592592592593 0.26296296296296295 0.8407407407407407 0.26435185185185184 0.8444444444444444 0.2638888888888889 0.8472222222222222 0.26296296296296295 0.849537037037037 0.26157407407407407 0.8550925925925926 0.2569444444444444 0.8560185185185186 0.25416666666666665 0.8578703703703704 0.25 0.8587962962962963 0.24675925925925926 0.8601851851851853 0.24259259259259258 0.860648148148148 0.23657407407407408 0.860648148148148 0.2310185185185185 0.860648148148148 0.225 0.8597222222222223 0.2199074074074074 0.8587962962962963 0.21435185185185185 0.8564814814814814 0.20925925925925926 0.8546296296296296 0.20509259259259258 0.850925925925926 0.2023148148148148 0.8476851851851852 0.20092592592592592 0.8449074074074073 0.20046296296296298 0.8407407407407407 0.2013888888888889 0.837962962962963 0.20185185185185184 0.8356481481481481 0.20277777777777778 0.8319444444444444 0.20555555555555557 0.8277777777777777 0.2087962962962963 0.825 0.21203703703703702 0.8231481481481481 0.21574074074074073
1 0.9 0.3111111111111111 0.900462962962963 0.3143518518518518 0.9037037037037037 0.3194444444444445 0.9125 0.3324074074074074 0.9203703703703704 0.33842592592592596 0.9263888888888889 0.33935185185185185 0.9300925925925926 0.34074074074074073 0.9333333333333333 0.34074074074074073 0.936574074074074 0.3402777777777778 0.9398148148148148 0.33796296296296297 0.9416666666666667 0.3342592592592593 0.9425925925925926 0.3314814814814815 0.9435185185185185 0.32731481481481484 0.9439814814814814 0.3222222222222222 0.9439814814814814 0.3175925925925926 0.9430555555555556 0.312962962962963 0.9416666666666667 0.3087962962962963 0.9388888888888889 0.30416666666666664 0.937037037037037 0.3 0.9347222222222222 0.2967592592592593 0.9328703703703703 0.2930555555555555 0.9259259259259259 0.28657407407407404 0.9199074074074074 0.2833333333333333 0.9162037037037037 0.2828703703703704 0.9115740740740741 0.2833333333333333 0.9087962962962963 0.28425925925925927 0.9050925925925927 0.28703703703703703 0.9032407407407407 0.28935185185185186 0.9018518518518519 0.2925925925925926 0.9009259259259259 0.2972222222222222 0.9 0.3023148148148148 0.9 0.30694444444444446
1 0.8064814814814815 0.4773148148148148 0.8018518518518519 0.47685185185185186 0.7962962962962963 0.47685185185185186 0.7907407407407407 0.4777777777777778 0.7856481481481481 0.4800925925925926 0.7800925925925927 0.48287037037037034 0.7763888888888889 0.4847222222222222 0.7717592592592593 0.48657407407407405 0.7671296296296296 0.48842592592592593 0.762962962962963 0.4912037037037037 0.7597222222222223 0.49398148148148147 0.7583333333333333 0.4976851851851852 0.7583333333333333 0.5023148148148148 0.7583333333333333 0.5050925925925926 0.7587962962962963 0.5087962962962963 0.7592592592592593 0.5120370370370371 0.7615740740740741 0.5162037037037037 0.7694444444444444 0.5212962962962963 0.775462962962963 0.525 0.7814814814814814 0.5259259259259259 0.7842592592592593 0.5268518518518518 0.787962962962963 0.5277777777777778 0.7925925925925926 0.5287037037037037 0.7949074074074074 0.5291666666666667 0.798148148148148 0.5300925925925927 0.8074074074074074 0.5314814814814814 0.8162037037037037 0.5305555555555556 0.8194444444444444 0.5287037037037037 0.8222222222222223 0.5268518518518518 0.826388888888889 0.5236111111111111 0.8296296296296296 0.5217592592592593 0.8319444444444444 0.5208333333333334 0.836111111111111 0.5175925925925926 0.8384259259259259 0.5152777777777778 0.8393518518518519 0.512962962962963 0.8398148148148148 0.5074074074074074 0.8398148148148148 0.5027777777777778 0.8393518518518519 0.5 0.837962962962963 0.49583333333333335 0.836111111111111 0.49212962962962964 0.8337962962962963 0.4888888888888889 0.8310185185185186 0.4861111111111111 0.8282407407407407 0.4847222222222222 0.8236111111111111 0.4824074074074074 0.8189814814814814 0.4810185185185185 0.8157407407407408 0.47962962962962963 0.8111111111111111 0.4782407407407407
1 0.775 0.3527777777777778 0.7726851851851853 0.3564814814814815 0.7717592592592593 0.36064814814814816 0.7717592592592593 0.3648148148148148 0.7722222222222223 0.36759259259259264 0.7731481481481481 0.37037037037037035 0.774074074074074 0.3736111111111111 0.7768518518518519 0.3782407407407407 0.7810185185185186 0.3819444444444445 0.788888888888889 0.38564814814814813 0.7925925925925926 0.3875 0.798148148148148 0.3875 0.8050925925925926 0.387037037037037 0.811574074074074 0.38564814814814813 0.8175925925925926 0.3837962962962963 0.8231481481481481 0.3814814814814815 0.826851851851852 0.3787037037037037 0.8300925925925926 0.375462962962963 0.8342592592592593 0.3712962962962963 0.836111111111111 0.3680555555555555 0.8384259259259259 0.3625 0.8388888888888889 0.3574074074074074 0.8384259259259259 0.3527777777777778 0.837037037037037 0.34675925925925927 0.8347222222222223 0.3439814814814815 0.8310185185185186 0.3412037037037037 0.826388888888889 0.33888888888888885 0.8222222222222223 0.337037037037037 0.8180555555555556 0.33611111111111114 0.813425925925926 0.33611111111111114 0.8092592592592592 0.33611111111111114 0.8050925925925926 0.336574074074074 0.799537037037037 0.33796296296296297 0.7958333333333333 0.33935185185185185 0.7916666666666666 0.3412037037037037 0.787962962962963 0.3439814814814815 0.7842592592592593 0.34675925925925927 0.7791666666666667 0.34953703703703703
1 0.7180555555555556 0.2638888888888889 0.7143518518518519 0.26666666666666666 0.7101851851851853 0.2699074074074074 0.7078703703703704 0.2726851851851852 0.7055555555555556 0.27638888888888885 0.7027777777777777 0.2800925925925926 0.700462962962963 0.28518518518518515 0.6990740740740741 0.288425925925926 0.6976851851851852 0.2930555555555555 0.6976851851851852 0.29768518518518516 0.6976851851851852 0.3027777777777778 0.6981481481481481 0.3055555555555555 0.6995370370370371 0.3087962962962963 0.701851851851852 0.31157407407407406 0.7041666666666667 0.3143518518518518 0.7055555555555556 0.31666666666666665 0.711574074074074 0.32083333333333336 0.7189814814814814 0.32407407407407407 0.725462962962963 0.32407407407407407 0.7287037037037037 0.3236111111111111 0.7314814814814814 0.3236111111111111 0.7337962962962963 0.3226851851851852 0.7384259259259259 0.32083333333333336 0.7407407407407407 0.3194444444444445 0.7425925925925926 0.31851851851851853 0.750925925925926 0.312962962962963 0.7550925925925926 0.30694444444444446 0.7587962962962963 0.3032407407407407 0.7611111111111111 0.29953703703703705 0.7625 0.29629629629629634 0.763888888888889 0.29212962962962963 0.7652777777777777 0.288425925925926 0.7666666666666667 0.28425925925925927 0.7666666666666667 0.2787037037037037 0.7666666666666667 0.27361111111111114 0.7657407407407407 0.2694444444444445 0.763425925925926 0.26620370370370366 0.7606481481481481 0.2634259259259259 0.7574074074074074 0.2611111111111111 0.750925925925926 0.25833333333333336 0.7472222222222222 0.2574074074074074 0.7439814814814815 0.2574074074074074 0.7412037037037037 0.2574074074074074 0.7375 0.25787037037037036 0.7319444444444444 0.25925925925925924 0.725462962962963 0.26064814814814813 0.7217592592592593 0.262037037037037
1 0.7694444444444444 0.5717592592592593 0.762962962962963 0.5717592592592593 0.7578703703703703 0.5722222222222223 0.7550925925925926 0.5731481481481481 0.749074074074074 0.575925925925926 0.7462962962962963 0.5805555555555556 0.7449074074074074 0.5833333333333334 0.7435185185185186 0.5875 0.7435185185185186 0.5907407407407407 0.7439814814814815 0.5949074074074073 0.7449074074074074 0.5986111111111111 0.7462962962962963 0.6023148148148147 0.7481481481481481 0.6055555555555556 0.7513888888888889 0.6101851851851853 0.7541666666666667 0.6138888888888889 0.7569444444444444 0.6171296296296297 0.7611111111111111 0.6203703703703703 0.764351851851852 0.6212962962962963 0.7694444444444444 0.624074074074074 0.773611111111111 0.624074074074074 0.7782407407407407 0.6236111111111111 0.7833333333333333 0.6226851851851852 0.787037037037037 0.6212962962962963 0.7898148148148147 0.6180555555555556 0.7916666666666666 0.6134259259259259 0.7925925925925926 0.6083333333333333 0.7925925925925926 0.6032407407407407 0.7921296296296296 0.5990740740740741 0.7912037037037037 0.5921296296296297 0.7893518518518519 0.5884259259259259 0.7875 0.5851851851851853 0.7856481481481481 0.5814814814814814 0.7828703703703703 0.5787037037037037 0.7800925925925927 0.576388888888889 0.7773148148148148 0.5745370370370371 0.774074074074074 0.5731481481481481
1 0.25416666666666665 0.648611111111111 0.25277777777777777 0.6449074074074074 0.2490740740740741 0.6412037037037037 0.24305555555555555 0.6412037037037037 0.23935185185185184 0.6416666666666667 0.23564814814814816 0.6421296296296296 0.23240740740740742 0.6430555555555556 0.22962962962962966 0.6444444444444444 0.22685185185185183 0.6467592592592593 0.22453703703703703 0.650462962962963 0.22268518518518518 0.6532407407407407 0.22083333333333333 0.6560185185185186 0.21944444444444444 0.6597222222222222 0.2185185185185185 0.663425925925926 0.21712962962962964 0.6680555555555556 0.21712962962962964 0.6722222222222223 0.21712962962962964 0.6777777777777777 0.2175925925925926 0.6796296296296297 0.2185185185185185 0.6824074074074074 0.2199074074074074 0.6847222222222222 0.22175925925925927 0.6875 0.22731481481481483 0.6916666666666667 0.23148148148148148 0.6935185185185185 0.2351851851851852 0.6935185185185185 0.24027777777777776 0.6925925925925926 0.24444444444444444 0.6907407407407408 0.250462962962963 0.686574074074074 0.2537037037037037 0.6819444444444444 0.2564814814814815 0.6777777777777777 0.25833333333333336 0.674074074074074 0.25925925925925924 0.6699074074074074 0.25925925925925924 0.6648148148148147 0.25833333333333336 0.6606481481481481 0.2569444444444444 0.6574074074074073 0.2550925925925926 0.6532407407407407
1 0.14953703703703702 0.6074074074074074 0.15324074074074073 0.6092592592592593 0.16018518518518518 0.610648148148148 0.16666666666666666 0.611111111111111 0.17407407407407408 0.611111111111111 0.17962962962962964 0.611574074074074 0.1861111111111111 0.6125 0.19120370370370368 0.612037037037037 0.19490740740740742 0.610648148148148 0.2 0.6078703703703704 0.2064814814814815 0.6046296296296296 0.2087962962962963 0.6023148148148147 0.21018518518518517 0.5976851851851852 0.20972222222222223 0.5925925925925927 0.2087962962962963 0.5888888888888889 0.20555555555555557 0.5837962962962963 0.20185185185185184 0.5814814814814814 0.1986111111111111 0.5796296296296296 0.19490740740740742 0.5782407407407407 0.19027777777777777 0.576388888888889 0.1861111111111111 0.575 0.18009259259259258 0.5736111111111111 0.175 0.5726851851851852 0.17175925925925925 0.5726851851851852 0.1675925925925926 0.5736111111111111 0.15925925925925927 0.5740740740740741 0.1537037037037037 0.5745370370370371 0.15 0.575462962962963 0.14675925925925926 0.576851851851852 0.14444444444444443 0.5787037037037037 0.1412037037037037 0.5819444444444444 0.1375 0.586111111111111 0.1375 0.5888888888888889 0.13796296296296298 0.5930555555555556 0.1388888888888889 0.5986111111111111 0.14027777777777778 0.6018518518518519 0.14351851851851852 0.6041666666666666
1 0.2518518518518518 0.39861111111111114 0.2537037037037037 0.40092592592592596 0.25787037037037036 0.4037037037037037 0.26064814814814813 0.40555555555555556 0.2638888888888889 0.4064814814814815 0.26620370370370366 0.4064814814814815 0.2722222222222222 0.40555555555555556 0.2791666666666667 0.40324074074074073 0.2833333333333333 0.40185185185185185 0.2875 0.399537037037037 0.2907407407407407 0.3972222222222222 0.2949074074074074 0.3939814814814815 0.29953703703703705 0.38981481481481484 0.3032407407407407 0.3851851851851852 0.30694444444444446 0.3800925925925926 0.3087962962962963 0.37592592592592594 0.3087962962962963 0.3717592592592593 0.3087962962962963 0.3680555555555555 0.3074074074074074 0.36435185185185187 0.30509259259259264 0.36203703703703705 0.3013888888888889 0.35879629629629634 0.2967592592592593 0.3564814814814815 0.29212962962962963 0.3555555555555555 0.28703703703703703 0.3555555555555555 0.28194444444444444 0.3555555555555555 0.27731481481481485 0.3564814814814815 0.27314814814814814 0.35833333333333334 0.2689814814814815 0.3611111111111111 0.2634259259259259 0.3648148148148148 0.25972222222222224 0.36759259259259264 0.2564814814814815 0.37083333333333335 0.2537037037037037 0.375462962962963 0.2523148148148148 0.38055555555555554 0.2513888888888889 0.3847222222222222 0.250462962962963 0.3888888888888889 0.250462962962963 0.39212962962962966
1 0.10146178637200741 0.31296040515653784 0.10318830570902397 0.3083563535911603 0.10491482504604056 0.30317679558011057 0.10664134438305713 0.2974217311233886 0.10721685082872932 0.2922421731123389 0.10664134438305713 0.28821362799263356 0.10549033149171275 0.28130755064456725 0.10318830570902397 0.2755524861878454 0.10031077348066303 0.2726749539594844 0.0951312154696133 0.26807090239410686 0.09110267034990797 0.26576887661141807 0.08592311233885823 0.2651933701657459 0.08074355432780853 0.2651933701657459 0.07556399631675878 0.2663443830570903 0.07153545119705346 0.26807090239410686 0.06635589318600373 0.2726749539594844 0.06405386740331495 0.27612799263351756 0.06175184162062619 0.2807320441988951 0.059449815837937424 0.28476058931860043 0.058298802946593044 0.2905156537753223 0.058298802946593044 0.29569521178637204 0.05887430939226525 0.30029926335174956 0.059449815837937424 0.3054788213627993 0.06060082872928181 0.30950736648250465 0.06347836095764278 0.31353591160220995 0.06693139963167592 0.31756445672191536 0.07038443830570908 0.3210174953959485 0.07613950276243099 0.3233195211786372 0.08247007366482509 0.32447053406998166 0.088225138121547 0.32389502762430944 0.09340469613259673 0.3210174953959485 0.09858425414364644 0.31641344383057096
1 0.9963743093922652 0.8550874769797422 0.998676335174954 0.8493324125230203 0.9989583333333333 0.8435773480662985 0.9989583333333333 0.8340181860036828 0.998676335174954 0.8309162062615101 0.9981008287292819 0.8240101289134439 0.9963743093922652 0.8171040515653776 0.9934967771639042 0.8125 0.9900437384898712 0.8084714548802947 0.9842886740331491 0.803291896869245 0.9796846224677718 0.7992633517495397 0.9750805709023941 0.7963858195211787 0.96875 0.7946593001841621 0.9618439226519337 0.7946593001841621 0.9555133517495397 0.7946593001841621 0.9474562615101288 0.7963858195211787 0.9417011970534069 0.7998388581952118 0.9376726519337016 0.8021408839779006 0.9330686003683242 0.8061694290976059 0.9301910681399632 0.8101979742173113 0.9278890423572743 0.8148020257826888 0.9255870165745856 0.8188305709023941 0.9250115101289135 0.8234346224677717 0.9261625230202578 0.8280386740331491 0.9273135359116023 0.8320672191528545 0.9284645488029466 0.8349447513812155 0.9301910681399632 0.8395488029465931 0.9324930939226519 0.8447283609576427 0.9342196132596686 0.8487569060773481 0.9365216390423573 0.8516344383057091 0.9393991712707183 0.8539364640883977 0.9532113259668509 0.8637200736648251 0.9641459484346224 0.8688996316758748 0.971627532228361 0.869475138121547 0.9796846224677718 0.8688996316758748 0.9883172191528544 0.8654465930018417
1 0.8333976337448559 0.9497170781893003 0.827610596707819 0.9529320987654321 0.8256815843621399 0.9574331275720165 0.8231095679012346 0.9702932098765431 0.8250385802469135 0.9760802469135802 0.8256815843621399 0.9825102880658435 0.827610596707819 0.9863683127572016 0.8295396090534979 0.9895833333333333 0.831468621399177 0.992798353909465 0.8366126543209875 0.998585390946502 0.8663837448559671 0.9989583333333333 0.8694058641975307 0.994727366255144 0.8700488683127572 0.9895833333333333 0.8694058641975307 0.9850823045267489 0.8687628600823044 0.9786522633744855 0.8655478395061728 0.9728652263374485 0.8623328189300411 0.9664351851851851 0.8584747942386831 0.9606481481481481 0.8514017489711935 0.9529320987654321 0.8449717078189299 0.9497170781893003 0.837255658436214 0.9490740740740741
1 0.9317772633744854 0.2501286008230453 0.9375643004115226 0.24691358024691354 0.9414223251028806 0.24434156378600821 0.945923353909465 0.23984053497942387 0.9478523662551439 0.23791152263374482 0.9510673868312755 0.23341049382716048 0.953639403292181 0.2282664609053498 0.9555684156378599 0.2218364197530864 0.9568544238683127 0.21604938271604937 0.957497427983539 0.2128343621399177 0.957497427983539 0.209619341563786 0.957497427983539 0.20511831275720163 0.9568544238683127 0.20061728395061726 0.9562114197530863 0.19547325102880656 0.9555684156378599 0.1909722222222222 0.953639403292181 0.18647119341563784 0.9504243827160493 0.18325617283950618 0.9472093621399175 0.18068415637860083 0.9407793209876542 0.17811213991769545 0.9349922839506171 0.1787551440329218 0.9304912551440329 0.18004115226337447 0.927276234567901 0.18132716049382716 0.923418209876543 0.18582818930041153 0.9214891975308641 0.1890432098765432 0.9182741769547325 0.1929012345679012 0.915702160493827 0.19675925925925924 0.9131301440329217 0.20061728395061726 0.9131301440329217 0.205761316872428 0.9131301440329217 0.21090534979423867 0.9131301440329217 0.215406378600823 0.9137731481481481 0.21926440329218105 0.9137731481481481 0.22376543209876543 0.9144161522633745 0.2282664609053498 0.9150591563786006 0.23276748971193414 0.915702160493827 0.23726851851851852 0.9182741769547325 0.24369855967078188 0.919560185185185 0.24627057613168724 0.923418209876543 0.24948559670781892
1 0.5178518845700825 0.09345553592461722 0.518219964664311 0.09566401648998825 0.5185880447585395 0.09787249705535928 0.519692285041225 0.1000809776207303 0.521900765606596 0.10228945818610133 0.5252134864546526 0.10486601884570085 0.5288942873969377 0.10670641931684338 0.5322070082449941 0.1081787396937574 0.5373601295641932 0.1092829799764429 0.5392005300353356 0.10965106007067141 0.5432494110718492 0.1092829799764429 0.5450898115429917 0.1085468197879859 0.5502429328621907 0.10633833922261487 0.5568683745583038 0.10412985865724385 0.5598130153121319 0.10302561837455833 0.5634938162544169 0.10155329799764432 0.567174617196702 0.09897673733804478 0.57011925795053 0.09529593639575974 0.5719596584216725 0.09308745583038872 0.5734319787985865 0.0912470553592462 0.5741681389870436 0.08756625441696116 0.5749042991755006 0.08425353356890461 0.5752723792697291 0.08094081272084809 0.5752723792697291 0.07726001177856305 0.5749042991755006 0.07468345111896352 0.5734319787985865 0.07137073027090698 0.570855418138987 0.06768992932862193 0.5679107773851589 0.06474528857479392 0.5653342167255595 0.06253680800942289 0.5620214958775028 0.06143256772673737 0.5590768551236749 0.061064487632508865 0.5546598939929328 0.061064487632508865 0.5484025323910482 0.06180064782096587 0.5428813309776207 0.06290488810365139 0.5373601295641932 0.06511336866902241 0.5325750883392226 0.06658568904593644 0.5288942873969377 0.06842608951707894 0.5259496466431096 0.07100265017667848 0.5237411660777386 0.07357921083627801 0.5215326855123675 0.07762809187279156 0.519692285041225 0.0816769729093051 0.518956124852768 0.08425353356890461 0.5185880447585395 0.08683009422850414 0.518219964664311 0.08940665488810368
1 0.30215694935217907 0.09455977620730273 0.3069419905771496 0.1000809776207303 0.3113589517078917 0.10633833922261487 0.31393551236749123 0.10891489988221441 0.31688015312131923 0.11149146054181393 0.3194567137809188 0.11333186101295643 0.32166519434628976 0.11554034157832746 0.3246098351001178 0.11774882214369849 0.32718639575971736 0.119589222614841 0.3301310365135454 0.12106154299175503 0.3334437573616019 0.12290194346289755 0.33712455830388693 0.12400618374558306 0.3411734393404005 0.12511042402826858 0.3448542402826856 0.1258465842167256 0.3496392815076561 0.1269508244994111 0.3536881625441696 0.1269508244994111 0.3562647232037692 0.1269508244994111 0.3584732037691402 0.1265827444051826 0.3610497644287397 0.1258465842167256 0.36436248527679627 0.12511042402826858 0.3684113663133098 0.12106154299175503 0.3702517667844523 0.11738074204946998 0.37098792697290933 0.11554034157832746 0.37172408716136635 0.11259570082449945 0.37172408716136635 0.11001914016489991 0.37172408716136635 0.10707449941107187 0.37172408716136635 0.10449793875147236 0.37135600706713784 0.10118521790341581 0.3706198468786808 0.09824057714958778 0.3698836866902238 0.09566401648998825 0.3684113663133098 0.0923512956419317 0.3665709658421673 0.08867049469964666 0.36436248527679627 0.08498969375736162 0.36252208480565373 0.08204505300353358 0.3610497644287397 0.07946849234393408 0.35884128386336867 0.07615577149587753 0.35589664310954067 0.07247497055359249 0.3533200824499411 0.06953032979976445 0.35000736160188456 0.06658568904593644 0.34595848056537104 0.06437720848056541 0.3419095995288575 0.06253680800942289 0.33786071849234395 0.06069640753828036 0.33565223792697296 0.05996024734982335 0.3323395170789164 0.05959216725559486 0.3286587161366314 0.05959216725559486 0.32571407538280334 0.05959216725559486 0.3212971142520613 0.05996024734982335 0.31872055359246176 0.06032832744405186 0.31393551236749123 0.06143256772673737 0.30988663133097766 0.06253680800942289 0.3069419905771496 0.06290488810365139 0.30399734982332155 0.0640091283863369 0.30178886925795056 0.06584952885747943 0.2995803886925795 0.06879416961130745 0.299212308598351 0.07137073027090698 0.299212308598351 0.07541961130742053 0.299212308598351 0.07910041224970557 0.2995803886925795 0.08351737338044761 0.29994846878680803 0.08683009422850414 0.30031654888103654 0.08940665488810368 0.30105270906949355 0.09198321554770321
1 0.1280550647820966 0.1258465842167256 0.12879122497055362 0.1280550647820966 0.1298954652532391 0.1298954652532391 0.13173586572438165 0.13136778563015314 0.13394434628975269 0.13284010600706717 0.1361528268551237 0.13357626619552418 0.13872938751472325 0.1346805064782097 0.14056978798586575 0.1357847467608952 0.14609098939929333 0.1361528268551237 0.14940371024734986 0.1361528268551237 0.1538206713780919 0.1365209069493522 0.15676531213191994 0.1361528268551237 0.159709952885748 0.13504858657243818 0.1622865135453475 0.13320818610129567 0.16449499411071852 0.13099970553592463 0.16633539458186106 0.12879122497055362 0.16817579505300356 0.1258465842167256 0.16891195524146058 0.12327002355712606 0.1703842756183746 0.11995730270906951 0.1707523557126031 0.11590842167255597 0.1707523557126031 0.11222762073027094 0.1703842756183746 0.10891489988221441 0.1696481154299176 0.10597025912838637 0.16780771495877508 0.10118521790341581 0.16633539458186106 0.09824057714958778 0.16375883392226154 0.09455977620730273 0.1622865135453475 0.0916151354534747 0.159709952885748 0.08977473498233218 0.15750147232037695 0.08830241460541816 0.1534525912838634 0.08683009422850414 0.14903563015312135 0.08572585394581864 0.14388250883392228 0.08572585394581864 0.13983362779740874 0.08572585394581864 0.13725706713780922 0.08609393404004714 0.13504858657243818 0.08646201413427564 0.13247202591283866 0.08793433451118966 0.13026354534746762 0.08903857479387517 0.1280550647820966 0.09087897526501769 0.1262146643109541 0.09308745583038872 0.12474234393404007 0.09566401648998825 0.12363810365135455 0.09787249705535928 0.12253386336866905 0.10118521790341581 0.12253386336866905 0.10376177856301534 0.12290194346289755 0.10597025912838637 0.12290194346289755 0.1081787396937574 0.12290194346289755 0.11075530035335693 0.12327002355712606 0.11406802120141345 0.12400618374558306 0.11701266195524149 0.12511042402826858 0.11922114252061251 0.1262146643109541 0.12179770318021203 0.12731890459363962 0.12363810365135455
1 0.41405329799764434 0.02352031802120145 0.41478945818610136 0.019103356890459396 0.41478945818610136 0.014686395759717346 0.4144213780918728 0.009165194346289787 0.4136852179034158 0.006588633686690257 0.4136852179034158 0.004012073027090729 0.41221289752650175 0.0006993521790341913 0.4118448174322733 0.0003312720848056872 0.3647305653710248 0.0003312720848056872 0.36546672555948173 0.003643992932862224 0.3665709658421673 0.007324793875147265 0.36804328621908133 0.010637514723203801 0.3691475265017668 0.013582155477031836 0.3702517667844523 0.01689487632508837 0.37172408716136635 0.019839517078916406 0.3731964075382804 0.02278415783274444 0.3754048881036514 0.02646495877502948 0.3772452885747939 0.02940959952885751 0.37945376914016493 0.031618080094228534 0.38129416961130747 0.03382656065959956 0.387551531213192 0.038243521790341614 0.3923365724381626 0.04082008244994115 0.39785777385159016 0.043028563015312174 0.4011704946996467 0.04486896348645469 0.4033789752650177 0.04523704358068319 0.40521937573616024 0.04523704358068319 0.40705977620730277 0.04450088339222618 0.4092682567726738 0.04192432273262666 0.4100044169611308 0.04045200235571264 0.4111086572438163 0.03787544169611311 0.41221289752650175 0.03382656065959956 0.4136852179034158 0.029041519434629008
1 0.22854093050647825 0.03345848056537106 0.23001325088339228 0.029041519434629008 0.23111749116607777 0.02683303886925798 0.23185365135453478 0.023888398115429952 0.2325898115429918 0.021311837455830422 0.23369405182567732 0.018735276796230892 0.2347982921083628 0.01579063604240286 0.23553445229681982 0.012845995288574826 0.23627061248527684 0.010269434628975298 0.23663869257950534 0.007324793875147265 0.23774293286219086 0.0010674322732626953 0.23233215547703542 0.0 0.1968860424028269 0.0003312720848056872 0.1965179623085984 0.002171672555948208 0.19541372202591287 0.00511631330977624 0.19467756183745585 0.008060954063604273 0.19394140164899884 0.01137367491166081 0.19283716136631338 0.01395023557126034 0.19283716136631338 0.016158716136631366 0.19210100117785636 0.019839517078916406 0.19173292108362786 0.023152237926972942 0.19210100117785636 0.02683303886925798 0.19246908127208487 0.029777679623086018 0.19283716136631338 0.03235424028268555 0.19357332155477033 0.034562720848056575 0.19394140164899884 0.036403121319199094 0.19762220259128388 0.04082008244994115 0.20093492343934044 0.04413280329799767 0.20277532391048295 0.04523704358068319 0.204983804475854 0.0463412838633687 0.20866460541813903 0.0463412838633687 0.21271348645465257 0.0459732037691402 0.21749852767962313 0.04450088339222618 0.21970700824499415 0.04376472320376918 0.22154740871613668 0.04266048292108367 0.22338780918727918 0.04118816254416965 0.22522820965842172 0.03861160188457012 0.22706861012956422 0.036403121319199094
1 0.7637293875147232 0.03566696113074209 0.7659378680800942 0.034930800942285074 0.7692505889281507 0.03345848056537106 0.7714590694935218 0.031618080094228534 0.7747717903415783 0.029041519434629008 0.7766121908127208 0.02683303886925798 0.7777164310954063 0.024992638398115462 0.7795568315665489 0.021679917550058925 0.7806610718492344 0.018735276796230892 0.7806610718492344 0.016158716136631366 0.7802929917550059 0.012845995288574826 0.7799249116607773 0.009901354534746795 0.7788206713780919 0.007692873969375768 0.7773483510011778 0.00511631330977624 0.7744037102473498 0.0025397526501767117 0.7714590694935218 0.0003312720848056872 0.72799617196702 2.312964634635743e-19 0.7265532979976442 0.0018035924617197036 0.7250809776207302 0.004012073027090729 0.7239767373380448 0.0058524734982332485 0.7228724970553592 0.008797114252061282 0.7217682567726736 0.010637514723203801 0.7206640164899881 0.013582155477031836 0.7206640164899881 0.01579063604240286 0.7206640164899881 0.019103356890459396 0.7214001766784452 0.021679917550058925 0.7228724970553592 0.024256478209658452 0.7250809776207302 0.02756919905771499 0.7272894581861012 0.030881919905771528 0.7294979387514723 0.03272232037691405 0.7353872202591283 0.03419464075382807 0.7379637809187278 0.034562720848056575 0.741644581861013 0.03566696113074209 0.7449573027090695 0.0367712014134276 0.749006183745583 0.0371392815076561 0.7537912249705536 0.0367712014134276 0.7589443462897526 0.036403121319199094
1 0.8812839673913043 0.15625 0.884680706521739 0.15851449275362317 0.8926064311594202 0.16021286231884055 0.8954370471014492 0.16021286231884055 0.9005321557971014 0.15851449275362317 0.9067595108695651 0.15625 0.9095901268115941 0.15455163043478262 0.9124207427536232 0.15285326086956522 0.9146852355072463 0.1511548913043478 0.9180819746376812 0.14832427536231885 0.9220448369565217 0.14209692028985507 0.9254415760869565 0.1370018115942029 0.9277060688405797 0.1336050724637681 0.929404438405797 0.13020833333333334 0.9305366847826086 0.12737771739130435 0.9316689311594202 0.12284873188405795 0.932235054347826 0.11775362318840579 0.932235054347826 0.11265851449275362 0.932235054347826 0.10756340579710146 0.9316689311594202 0.10246829710144927 0.9311028079710144 0.0979393115942029 0.929404438405797 0.09284420289855072 0.9271399456521738 0.08774909420289854 0.9243093297101449 0.08378623188405795 0.9209125905797101 0.07869112318840579 0.9180819746376812 0.07642663043478261 0.9146852355072463 0.07472826086956522 0.9107223731884058 0.07246376811594203 0.9039288949275363 0.07246376811594203 0.9005321557971014 0.07359601449275362 0.8971354166666666 0.07472826086956522 0.893172554347826 0.0769927536231884 0.8897758152173912 0.07982336956521738 0.8869451992753622 0.08378623188405795 0.8835484601449275 0.08831521739130435 0.8812839673913043 0.09227807971014493 0.8795855978260868 0.0962409420289855 0.8778872282608695 0.10020380434782608 0.8756227355072463 0.10416666666666667 0.8733582427536232 0.10812952898550725 0.8722259963768116 0.11152626811594203 0.8716598731884058 0.11435688405797101 0.87109375 0.1171875 0.87109375 0.12567934782608695 0.8716598731884058 0.1370018115942029 0.8750566123188405 0.14775815217391303 0.8790194746376812 0.153419384057971
1 0.08984375000000003 0.030004528985507248 0.08644701086956523 0.030004528985507248 0.08305027173913046 0.03057065217391304 0.08021965579710147 0.03113677536231884 0.07795516304347828 0.034533514492753624 0.0739923007246377 0.0390625 0.07172780797101451 0.044157608695652176 0.07116168478260872 0.04812047101449275 0.07116168478260872 0.05264945652173913 0.07172780797101451 0.057744565217391304 0.07286005434782611 0.06170742753623189 0.07569067028985507 0.06680253623188405 0.07738903985507249 0.07019927536231883 0.07965353260869566 0.07359601449275362 0.08191802536231885 0.07642663043478261 0.08418251811594206 0.07925724637681159 0.09210824275362321 0.08378623188405795 0.09833559782608697 0.08491847826086957 0.1090919384057971 0.08038949275362318 0.11192255434782611 0.0769927536231884 0.11418704710144928 0.07359601449275362 0.1158854166666667 0.06963315217391304 0.11645153985507249 0.06567028985507246 0.11645153985507249 0.06170742753623189 0.1158854166666667 0.056612318840579705 0.11531929347826088 0.05264945652173913 0.11362092391304349 0.049252717391304345 0.11079030797101451 0.044157608695652176 0.10852581521739131 0.041326992753623185 0.10399682971014496 0.03736413043478261 0.10003396739130437 0.034533514492753624 0.09493885869565218 0.03226902173913043
1 0.9679008152173912 0.4596920289855072 0.9707314311594202 0.45799365942028986 0.9746942934782609 0.45516304347826086 0.9803555253623188 0.45063405797101447 0.9871490036231884 0.4449728260869565 0.9899796195652173 0.44214221014492755 0.9928102355072462 0.4381793478260869 0.9950747282608694 0.4336503623188406 0.9950747282608694 0.4291213768115942 0.9950747282608694 0.4251585144927536 0.9945086050724636 0.4217617753623188 0.991111865942029 0.41836503623188404 0.9877151268115941 0.4149682971014493 0.9831861413043478 0.41270380434782605 0.9786571557971014 0.4104393115942029 0.9735620471014492 0.4087409420289855 0.9690330615942029 0.4081748188405797 0.9645040760869565 0.4081748188405797 0.9582767210144927 0.4087409420289855 0.9520493659420289 0.40987318840579706 0.9469542572463767 0.41100543478260865 0.9424252717391304 0.41270380434782605 0.9373301630434783 0.4149682971014493 0.9316689311594202 0.41779891304347827 0.9282721920289855 0.4194972826086956 0.9226109601449275 0.4206295289855072 0.9180819746376812 0.424026268115942 0.9146852355072463 0.42742300724637683 0.9129868659420289 0.4313858695652174 0.9095901268115941 0.43704710144927533 0.9084578804347826 0.44327445652173914 0.91015625 0.44893568840579706 0.9118546195652173 0.4523324275362318 0.9146852355072463 0.4557291666666667 0.9186480978260868 0.4585597826086956 0.9214787137681159 0.460258152173913 0.9254415760869565 0.463088768115942 0.9305366847826086 0.4642210144927536 0.9356317934782609 0.46478713768115937 0.9401607789855072 0.4653532608695652 0.9452558876811594 0.4653532608695652 0.9486526268115941 0.4653532608695652 0.9531816123188405 0.46478713768115937 0.9582767210144927 0.4636548913043478 0.962805706521739 0.4625226449275362
1 0.94921875 0.5315896739130435 0.9503509963768116 0.5366847826086956 0.9543138586956521 0.5423460144927537 0.9571444746376812 0.5451766304347826 0.968466938405797 0.5519701086956521 0.9758265398550725 0.5548007246376812 0.9809216485507246 0.5581974637681159 0.9888473731884059 0.5576313405797102 0.9945086050724636 0.5564990942028986 0.9989583333333333 0.5531023550724637 0.9989583333333333 0.5185461956521742 0.9979053442028986 0.5157382246376812 0.9956408514492754 0.5123414855072463 0.9928102355072462 0.5083786231884058 0.9882812499999999 0.504981884057971 0.982053894927536 0.5015851449275363 0.9763926630434783 0.5004528985507246 0.9707314311594202 0.5004528985507246 0.9662024456521738 0.5015851449275363 0.962805706521739 0.502151268115942 0.9594089673913043 0.5044157608695652 0.9537477355072463 0.5100769927536232 0.9514832427536232 0.5129076086956521 0.94921875 0.5157382246376812 0.9486526268115941 0.5197010869565217 0.9486526268115941 0.5230978260869565 0.9486526268115941 0.5270606884057971
1 0.9560122282608695 0.6516077898550724 0.9645040760869565 0.6516077898550724 0.9701653079710144 0.6499094202898551 0.9746942934782609 0.647078804347826 0.9780910326086957 0.6448143115942029 0.9814877717391304 0.6425498188405797 0.9843183876811593 0.6397192028985507 0.9882812499999999 0.6357563405797102 0.9888473731884059 0.6323596014492754 0.9888473731884059 0.6289628623188405 0.9888473731884059 0.625 0.9882812499999999 0.6210371376811594 0.9865828804347825 0.6182065217391305 0.9848845108695652 0.6153759057971014 0.9814877717391304 0.6119791666666666 0.9775249094202897 0.6097146739130435 0.9735620471014492 0.6068840579710144 0.9695991847826086 0.6046195652173912 0.9656363224637681 0.6023550724637681 0.9616734601449275 0.6006567028985507 0.9577105978260868 0.5989583333333334 0.9537477355072463 0.5972599637681159 0.9475203804347826 0.5966938405797102 0.9429913949275363 0.5966938405797102 0.9390285326086956 0.5972599637681159 0.9356317934782609 0.5983922101449275 0.932235054347826 0.6000905797101449 0.9282721920289855 0.6017889492753622 0.9243093297101449 0.6046195652173912 0.9214787137681159 0.608016304347826 0.9197803442028984 0.6114130434782609 0.9180819746376812 0.6159420289855072 0.9180819746376812 0.6261322463768116 0.9197803442028984 0.6329257246376812 0.9220448369565217 0.6374547101449275 0.9243093297101449 0.6408514492753622 0.929404438405797 0.6448143115942029 0.932235054347826 0.6465126811594203 0.9390285326086956 0.6499094202898551 0.9435575181159419 0.6510416666666666 0.9480865036231884 0.6516077898550724
0 0.6076273532668881 0.2227990033222592 0.6086655592469545 0.21310908084163904 0.6079734219269103 0.19892026578073096 0.6069352159468439 0.1926910299003323 0.6058970099667774 0.19026854928017725 0.6052048726467331 0.18750000000000006 0.6048588039867109 0.185077519379845 0.6045127353266887 0.18265503875969 0.6052048726467331 0.1805786267995571 0.6055509413067551 0.17815614617940204 0.6079734219269103 0.17746400885935776 0.6090116279069767 0.17954042081949065 0.6103959025470653 0.18265503875969 0.6114341085271318 0.18542358803986717 0.612126245847176 0.18853820598006651 0.6128183831672203 0.191998892580288 0.6124723145071982 0.1951135105204873 0.6124723145071982 0.19892026578073096 0.6124723145071982 0.20238095238095244 0.6124723145071982 0.20584163898117394 0.6124723145071982 0.2086101882613511 0.6128183831672203 0.21172480620155046 0.6131644518272424 0.2141472868217055 0.6131644518272424 0.21691583610188267 0.6128183831672203 0.22037652270210414 0.6117801771871538 0.22383720930232565 0.6110880398671096 0.22591362126245854 0.6090116279069767 0.2262596899224807
1 0.9988262910798122 0.38512323943661975 0.9929577464788734 0.3829225352112676 0.9907570422535211 0.3785211267605634 0.9885563380281691 0.3733861502347418 0.9863556338028171 0.36971830985915494 0.9841549295774648 0.363849765258216 0.9834213615023475 0.3587147887323944 0.9819542253521127 0.3528462441314554 0.9819542253521127 0.34551056338028174 0.9826877934272301 0.3389084507042254 0.9856220657276995 0.332306338028169 0.9885563380281691 0.32643779342723006 0.9936913145539906 0.31983568075117375 0.9980927230046949 0.31543427230046955 0.9989583333333333 0.31485719874804385
1 0.9973591549295776 0.2120011737089202 0.9929577464788734 0.2090669014084507 0.9907570422535211 0.2068661971830986 0.9863556338028171 0.201731220657277 0.9834213615023475 0.19366197183098594 0.9819542253521127 0.18779342723004697 0.9819542253521127 0.181924882629108 0.9826877934272301 0.17605633802816903 0.9848884976525821 0.1716549295774648 0.9878227699530517 0.1665199530516432 0.9900234741784038 0.16285211267605634 0.994424882629108 0.1591842723004695 0.9980927230046949 0.15551643192488263 0.9989583333333333 0.1548672241784038
1 0.3997827804107425 0.4738349131121643 0.3938586097946288 0.4679107424960505 0.3923775671406003 0.46396129541864134 0.39188388625592413 0.46149289099526064 0.3908965244865719 0.4560624012638231 0.3908965244865719 0.45161927330173773 0.391390205371248 0.445695102685624 0.3933649289099526 0.4417456556082148 0.39731437598736175 0.43878357030015797 0.40126382306477093 0.43631516587677727 0.4052132701421801 0.43532780410742494 0.40866903633491314 0.43483412322274884 0.4160742496050553 0.43532780410742494 0.4205173775671406 0.43631516587677727 0.4264415481832543 0.43878357030015797 0.4294036334913112 0.4402646129541864 0.43335308056872035 0.4437203791469194 0.43631516587677727 0.44915086887835703 0.4368088467614534 0.4531003159557662 0.4358214849921011 0.45655608214849924 0.4343404423380727 0.46001184834123227 0.43285939968404424 0.46396129541864134 0.4313783570300158 0.4669233807266983 0.4294036334913112 0.4703791469194313 0.42742890995260663 0.47334123222748814 0.4254541864139021 0.4758096366508689 0.42199842022116907 0.4782780410742496 0.41854265402843605 0.4802527646129542 0.41212480252764616 0.479759083728278 0.408175355450237 0.4782780410742496
0 0.27323892519970955 0.16929920116194627 0.2802741466957153 0.17383805374001454 0.2882171387073348 0.17973856209150327 0.2898057371096587 0.18087327523602034 0.2911673928830792 0.18200798838053742 0.2923021060275962 0.18291575889615105 0.2936637618010167 0.1835965867828613 0.2947984749455338 0.18427741466957154 0.2963870733478577 0.18518518518518517 0.2979756717501816 0.18631989832970225 0.3004720406681191 0.18904320987654322 0.30001815541031224 0.1904048656499637 0.29774872912127814 0.18995098039215685 0.292755991285403 0.1870007262164125 0.2900326797385621 0.18518518518518517 0.2839052287581699 0.18110021786492375 0.28186274509803927 0.1795116194625999 0.27074255628177196 0.1720225127087872 0.2684731299927378 0.17088779956427017 0.26665758896151054 0.1699800290486565 0.26484204793028326 0.16884531590413943 0.2646151053013798 0.16680283224400874 0.2662037037037037 0.16589506172839508 0.26733841684822074 0.16566811909949167 0.26915395787944807 0.1665758896151053
0 0.3998729121278141 0.27369281045751637 0.4048656499636892 0.27913943355119825 0.40645424836601307 0.28050108932461876 0.4078159041394336 0.28163580246913583 0.4094045025417575 0.2827705156136529 0.4109931009440813 0.2836782861292665 0.4125816993464052 0.28481299927378356 0.41417029774872915 0.2861746550472041 0.41575889615105305 0.28776325344952797 0.4171205519244735 0.2891249092229485 0.4182552650689905 0.29071350762527237 0.4189360929557008 0.29207516339869277 0.41848220769789396 0.2934368191721133 0.4171205519244735 0.29411764705882354 0.4155319535221496 0.29411764705882354 0.4125816993464052 0.2923021060275962 0.4109931009440813 0.29094045025417575 0.4096314451706609 0.2886710239651416 0.40554647785039943 0.2839052287581699 0.4037309368191721 0.2823166303558461 0.3969226579520697 0.27709694989106753 0.394880174291939 0.27550835148874364 0.3935185185185185 0.27460058097312995 0.39170297748729127 0.27346586782861293 0.3901143790849673 0.2714233841684822 0.38897966594045025 0.2698347857661583 0.38852578068264343 0.268019244734931 0.38852578068264343 0.26597676107480034 0.3912490922294844 0.26552287581699346 0.3935185185185185 0.26597676107480034 0.3951071169208424 0.26733841684822074 0.3969226579520697 0.2689270152505447 0.3989651416122005 0.2711964415395788
0 0.2839052287581699 0.37695170660856936 0.2743736383442266 0.3819444444444445 0.2730119825708061 0.38262527233115473 0.2705156136528686 0.3846677559912854 0.2684731299927378 0.3862563543936093 0.26733841684822074 0.38739106753812635 0.26506899055918665 0.38875272331154687 0.2627995642701525 0.3892066085693537 0.2609840232389252 0.3892066085693537 0.25939542483660133 0.3876180101670298 0.25939542483660133 0.385575526506899 0.2605301379811184 0.38330610021786493 0.2616648511256355 0.38149055918663766 0.26302650689905593 0.3799019607843137 0.26484204793028326 0.3792211328976035 0.26711147421931736 0.37899419026870007 0.2684731299927378 0.37854030501089325 0.27006172839506176 0.37808641975308643 0.2725580973129993 0.37717864923747274 0.2782316630355846 0.374001452432825 0.2795933188090051 0.3726397966594045 0.28186274509803927 0.3710511982570806 0.2834513435003631 0.36991648511256353 0.28526688453159044 0.3694625998547567 0.28753631082062453 0.3692356572258533 0.2895787944807553 0.3692356572258533 0.2913943355119826 0.36968954248366015 0.29207516339869277 0.3721859114015977 0.2900326797385621 0.37422839506172845 0.28730936819172115 0.3762708787218591
0 0.34709549878345497 0.7112986618004865 0.34025243309002434 0.705596107055961 0.3379714111922141 0.7025547445255474 0.3360705596107056 0.7006538929440389 0.3349300486618005 0.6987530413625304 0.333029197080292 0.6968521897810219 0.3315085158150851 0.6945711678832116 0.3292274939172749 0.6915298053527981 0.3280869829683698 0.6892487834549877 0.3269464720194647 0.6869677615571775 0.3280869829683698 0.685066909975669 0.3299878345498783 0.6862074209245742 0.33074817518248173 0.6865875912408759 0.3387317518248175 0.6941909975669099 0.34481447688564476 0.7029349148418491 0.34785583941605835 0.7048357664233577 0.3531782238442822 0.7097779805352797 0.35507907542579076 0.7109184914841848 0.35926094890510946 0.7143400243309002 0.36154197080291967 0.7162408759124087 0.3642031630170316 0.7185218978102189 0.3645833333333333 0.7211830900243309 0.3623023114355231 0.7211830900243309 0.3554592457420924 0.7185218978102189 0.3531782238442822 0.7170012165450121
0 0.21365571776155715 0.7508363746958636 0.21099452554744522 0.7572992700729927 0.20985401459854014 0.7595802919708029 0.20795316301703162 0.7622414841849149 0.2056721411192214 0.7660431873479319 0.2037712895377129 0.7690845498783454 0.20225060827250607 0.7713655717761557 0.19996958637469583 0.7736465936739659 0.19692822384428224 0.7759276155717761 0.1950273722627737 0.7763077858880778 0.1927463503649635 0.7751672749391727 0.1919860097323601 0.7728862530413624 0.1942670316301703 0.7698448905109488 0.19768856447688563 0.7656630170316301 0.19958941605839414 0.7611009732360097 0.20187043795620435 0.7572992700729927 0.2037712895377129 0.7550182481751825 0.2056721411192214 0.7523570559610705 0.20833333333333331 0.7477950121654501 0.20947384428223842 0.7447536496350364 0.21023418491484183 0.7417122871046228 0.21061435523114355 0.7390510948905109 0.21137469586374694 0.7371502433090024 0.21327554744525548 0.7367700729927006 0.2155565693430657 0.7375304136253041 0.21593673965936738 0.7398114355231142 0.21593673965936738 0.7436131386861313
0 0.8449506749740395 0.21995067497403945 0.8452751817237798 0.22838785046728968 0.8455996884735202 0.23130841121495324 0.8459241952232606 0.23390446521287642 0.8459241952232606 0.23714953271028036 0.8462487019730011 0.24136812045690548 0.8462487019730011 0.24396417445482863 0.8462487019730011 0.24558670820353062 0.8459241952232606 0.24818276220145377 0.8452751817237798 0.25045430944963654 0.8436526479750779 0.2511033229491173 0.8417056074766355 0.25045430944963654 0.8407320872274143 0.24883177570093457 0.8400830737279336 0.24623572170301142 0.8394340602284527 0.24266614745586704 0.8391095534787123 0.23877206645898233 0.8391095534787123 0.2345534787123572 0.8394340602284527 0.23163291796469362 0.8404075804776739 0.2280633437175493 0.8407320872274143 0.22546728971962615 0.8407320872274143 0.22157320872274142 0.8404075804776739 0.21735462097611627 0.8404075804776739 0.21475856697819312 0.8404075804776739 0.21248701973001036 0.8413811007268951 0.21086448598130839 0.8426791277258567 0.20924195223260642 0.8449506749740395 0.20891744548286603 0.8465732087227414 0.210539979231568 0.8468977154724818 0.21281152647975077 0.8459241952232606 0.2157320872274143
0 0.9613095238095238 0.8419184981684982 0.952724358974359 0.8333333333333334 0.9492902930402931 0.8298992673992674 0.9458562271062271 0.8258928571428571 0.9452838827838829 0.8236034798534798 0.9521520146520147 0.8253205128205128 0.956158424908425 0.8264652014652014 0.9635989010989011 0.8350503663003663 0.9739010989010989 0.8436355311355311 0.9773351648351648 0.8499313186813187
0 0.23995447347585114 0.3067596991290578 0.2340162311955661 0.3065122723673792 0.23005740300870942 0.3062648456057007 0.22510886777513855 0.3075019794140934 0.22213974663499603 0.3092339667458432 0.22040775930324624 0.3112133808392716 0.22164489311163893 0.31344022169437846 0.22387173396674584 0.31393507521773556 0.22634600158353127 0.31245051464766427 0.22882026920031667 0.3114608076009501 0.23599564528899444 0.30997624703087884 0.2500989707046714 0.30725455265241486 0.25306809184481394 0.3062648456057007 0.2533155186064925 0.3052751385589865 0.24688242280285033 0.3052751385589865
0 0.24247685185185183 0.8462577160493827 0.22897376543209877 0.8440531305114638 0.21547067901234568 0.8440531305114638 0.2118882275132275 0.8440531305114638 0.2058256172839506 0.8440531305114638 0.20251873897707232 0.8440531305114638 0.199211860670194 0.843777557319224 0.19673170194003528 0.8426752645502645 0.1939759700176367 0.8415729717813051 0.1931492504409171 0.8385416666666666 0.19810956790123457 0.8377149470899471 0.20279431216931218 0.8377149470899471 0.20555004409171077 0.8382660934744268 0.2099592151675485 0.8399195326278659 0.21299052028218696 0.8404706790123456 0.21932870370370372 0.8410218253968255 0.24054783950617284 0.8426752645502645 0.2435791446208113 0.8426752645502645 0.24771274250440917 0.8426752645502645 0.24909060846560846 0.8426752645502645 0.2507440476190476 0.8440531305114638 0.25377535273368607 0.8443287037037037 0.25570436507936506 0.8446042768959435 0.25212191358024694 0.8459821428571428 0.24936618165784832 0.8462577160493827 0.24550815696649028 0.8470844356261024
0 0.21325757575757576 0.013257575757575756 0.21515151515151515 0.005681818181818181 0.2159090909090909 0.0034090909090909094 0.21704545454545457 0.0011363636363636363 0.2193181818181818 0.0003787878787878788 0.22083333333333333 0.004166666666666667 0.21704545454545457 0.01893939393939394 0.21628787878787878 0.02159090909090909 0.21515151515151515 0.023484848484848487 0.21325757575757576 0.02462121212121212 0.21136363636363636 0.021212121212121213
0 0.3931818181818182 0.014393939393939395 0.3875 0.0011363636363636363 0.3875 0.0003787878787878788 0.3890151515151515 0.0 0.3909090909090909 0.0007575757575757576 0.39356060606060606 0.0030303030303030303 0.40075757575757576 0.020833333333333332 0.4011363636363636 0.023484848484848487 0.4011363636363636 0.026515151515151512 0.40075757575757576 0.029166666666666667 0.3996212121212121 0.02878787878787879 0.39810606060606063 0.02537878787878788 0.3965909090909091 0.020075757575757577
1 0.5003787878787879 0.0022727272727272726 0.4988636363636364 0.006439393939393939 0.4973484848484848 0.00946969696969697 0.49393939393939396 0.012878787878787878 0.4912878787878788 0.01553030303030303 0.4886363636363636 0.017803030303030303 0.4856060606060606 0.0196969696969697 0.4837121212121212 0.020454545454545454 0.4818181818181818 0.021212121212121213 0.47954545454545455 0.022348484848484847 0.47424242424242424 0.023484848484848487 0.4666666666666667 0.022727272727272724 0.4640151515151515 0.02159090909090909 0.4609848484848485 0.0196969696969697 0.4590909090909091 0.017803030303030303 0.45606060606060606 0.014393939393939395 0.4526515151515152 0.004166666666666667 0.4518939393939394 0.0 0.5003785912080305 0.00020552094150230892
0 0.45713906581740976 0.3927813163481953 0.45713906581740976 0.3861464968152866 0.4578025477707006 0.38349256900212314 0.45946125265392784 0.38117038216560506 0.4604564755838641 0.3785164543524416 0.46078821656050956 0.37586252653927815 0.4627786624203821 0.3745355626326964 0.4631104033970276 0.37884819532908703 0.4631104033970276 0.38216560509554137 0.46244692144373667 0.38581475583864117 0.46244692144373667 0.3897956475583864 0.46244692144373667 0.3954352441613588 0.4627786624203821 0.39941613588110403 0.463442144373673 0.40273354564755837 0.4641056263269639 0.40538747346072185 0.46377388535031844 0.4087048832271762 0.4631104033970276 0.41036358811040335 0.46145169851380036 0.41003184713375795 0.46145169851380036 0.407046178343949 0.45979299363057324 0.4030652866242038 0.4581342887473461 0.3997478768577495 0.4578025477707006 0.3974256900212314
0 0.7358774038461539 0.2894130608974359 0.7453926282051282 0.28140024038461536 0.7473958333333334 0.278896233974359 0.7483974358974359 0.275390625 0.7496494391025641 0.2728866185897436 0.7506510416666666 0.2711338141025641 0.7491486378205128 0.27138421474358976 0.7463942307692307 0.27438902243589747 0.7446414262820512 0.27639222756410253 0.7428886217948718 0.27914663461538464 0.7396334134615384 0.2829026442307692 0.7361278044871794 0.28615785256410253 0.7221053685897435 0.29942908653846156 0.7188501602564102 0.30093149038461536 0.7170973557692307 0.30368589743589747 0.7145933493589743 0.30618990384615385 0.7130909455128206 0.3079427083333333 0.7168469551282051 0.30744190705128205 0.7216045673076923 0.30393629807692313 0.7233573717948718 0.30093149038461536 0.727363782051282 0.29767628205128205
0 0.8093112244897959 0.3573554421768707 0.7991071428571428 0.36011904761904756 0.7961309523809523 0.36160714285714285 0.7935799319727891 0.3633078231292517 0.790391156462585 0.3650085034013605 0.7889030612244897 0.36607142857142855 0.7859268707482993 0.366921768707483 0.7848639455782311 0.366921768707483 0.7865646258503401 0.3652210884353741 0.7891156462585034 0.36267006802721086 0.7912414965986394 0.3607568027210884 0.7942176870748299 0.35905612244897955 0.7969812925170068 0.3575680272108844 0.8067602040816325 0.35480442176870747 0.821641156462585 0.3533163265306122 0.822704081632653 0.3533163265306122 0.8244047619047618 0.3533163265306122 0.8252551020408163 0.3541666666666667 0.8248299319727891 0.35544217687074825 0.8233418367346937 0.3558673469387755 0.8180272108843537 0.3560799319727891 0.8131377551020408 0.3565051020408163
0 0.9553421494542401 0.4329345088161209 0.9472082283795129 0.43529596977329976 0.9403862300587741 0.4350335852225021 0.9375 0.43529596977329976 0.9343513853904282 0.43582073887489503 0.9301532325776658 0.4368702770780856 0.9275293870696893 0.4376574307304786 0.9241183879093199 0.43923173803526444 0.9207073887489504 0.44028127623845503 0.9188706968933669 0.4415931989924433 0.9214945424013433 0.44290512174643154 0.9267422334172963 0.4431675062972292 0.9298908480268682 0.4426427371956339 0.9343513853904282 0.4413308144416456 0.9372376154492023 0.4405436607892527 0.9406486146095717 0.4400188916876574 0.9653127623845508 0.43608312342569266 0.9689861460957179 0.43477120067170444 0.9731842989084802 0.43372166246851385 0.9755457598656591 0.43267212426532325 0.9768576826196472 0.432147355163728 0.9760705289672543 0.4308354324097397 0.971872376154492 0.43031066330814444 0.966624685138539 0.43162258606213266
0 0.9769570707070706 0.5287247474747474 0.9712752525252525 0.5224116161616161 0.9678030303030302 0.5205176767676767 0.9649621212121211 0.5198863636363636 0.9655934343434343 0.5230429292929293 0.9681186868686867 0.5258838383838383 0.9706439393939393 0.5284090909090909 0.9791666666666665 0.5331439393939393 0.9816919191919191 0.5344065656565656 0.9839015151515151 0.5356691919191919 0.9873737373737372 0.5359848484848484 0.9889520202020201 0.5359848484848484 0.9889520202020201 0.534090909090909 0.9854797979797979 0.5334595959595959 0.9829545454545453 0.5328282828282828
0 0.9011994949494949 0.10827020202020202 0.9021464646464646 0.09848484848484847 0.9024621212121211 0.09501262626262626 0.9030934343434343 0.09059343434343434 0.9037247474747474 0.08712121212121211 0.9049873737373737 0.08364898989898989 0.9049873737373737 0.08112373737373738 0.9053030303030302 0.08049242424242424 0.9065656565656565 0.0798611111111111 0.9081439393939393 0.08396464646464645 0.9094065656565656 0.09595959595959595 0.909090909090909 0.09943181818181818 0.9071969696969696 0.10669191919191919 0.9015151515151515 0.12720959595959594 0.9002525252525252 0.132260101010101 0.898989898989899 0.13636363636363635 0.8970959595959596 0.14078282828282826 0.8952020202020202 0.14583333333333334 0.8945707070707071 0.14741161616161616 0.8942550505050504 0.1452020202020202 0.8942550505050504 0.14109848484848483 0.8939393939393939 0.13541666666666666 0.8945707070707071 0.13099747474747475 0.8964646464646464 0.12531565656565655 0.8977272727272727 0.12152777777777776 0.8993055555555555 0.11805555555555555 0.9002525252525252 0.1139520202020202
0 0.748421717171717 0.9655934343434343 0.7493686868686869 0.9545454545454545 0.7493686868686869 0.9510732323232323 0.7493686868686869 0.9472853535353535 0.748421717171717 0.9412878787878787 0.7468434343434343 0.9371843434343433 0.7452651515151515 0.9343434343434343 0.7449494949494949 0.9356060606060606 0.7446338383838383 0.9412878787878787 0.7449494949494949 0.9460227272727272 0.7465277777777778 0.9731691919191918 0.748421717171717 0.9880050505050504 0.7499999999999999 0.9873737373737372 0.7509469696969696 0.9851641414141413 0.7499999999999999 0.9823232323232323 0.7496843434343433 0.9725378787878787
0 0.31451288244766507 0.07598631239935588 0.3273450080515298 0.0807669082125604 0.3323772141706925 0.0918377616747182 0.337157809983897 0.09636674718196457 0.3444545088566828 0.0981280193236715 0.3484802737520129 0.0988828502415459 0.35275764895330114 0.10139895330112722 0.35829307568438007 0.1051731078904992 0.3610607890499195 0.1107085346215781 0.35376409017713367 0.10844404186795492 0.34143518518518523 0.10391505636070854 0.3343900966183575 0.09913446054750404 0.32759661835748793 0.0918377616747182 0.32231280193236717 0.0863023349436393 0.31602254428341386 0.08127012882447665
0 0.3801007866273353 0.3721116027531957 0.3733407079646017 0.37825712881022616 0.3724188790560472 0.38225172074729596 0.37026794493608656 0.38808997050147487 0.3684242871189774 0.39269911504424776 0.3662733529990167 0.3979228121927237 0.3656588003933136 0.40130285152409045 0.3656588003933136 0.4099065880039331 0.37057522123893805 0.40437561455260573 0.3721116027531957 0.39884464110127826 0.3751843657817109 0.3917772861356932 0.37672074729596855 0.3859390363815142 0.3788716814159292 0.3819444444444444 0.38071533923303835 0.376413470993117
0 0.5483663729809104 0.3478340675477239 0.5483663729809104 0.3519640234948605 0.5490546989720998 0.35563509544787075 0.5497430249632893 0.3583883994126285 0.5506607929515418 0.36205947136563876 0.5520374449339207 0.3661894273127754 0.5538729809104258 0.3700899412628488 0.5550201908957415 0.372154919236417 0.5559379588839941 0.37490822320117473 0.5573146108663729 0.3838564610866373 0.5573146108663729 0.385003671071953 0.5568557268722467 0.38913362701908955 0.5502019089574156 0.3755965491923642 0.5467602790014684 0.370548825256975 0.546071953010279 0.3655011013215859 0.546071953010279 0.3570117474302496 0.546071953010279 0.35402900146842875
0 0.8401012241054614 0.9636887947269304 0.8409839924670433 0.9683968926553672 0.8433380414312617 0.9725164783427495 0.845397834274953 0.9763418079096045 0.847457627118644 0.9792843691148776 0.8509887005649718 0.9842867231638418 0.8471633709981167 0.9851694915254238 0.845397834274953 0.9819326741996233 0.8421610169491525 0.9763418079096045 0.8403954802259886 0.9728107344632768 0.8383356873822976 0.9681026365348399
