1 0.682643581081081 0.34163851351351343 0.6862568587105624 0.33774862825788754 0.6914414414414414 0.33530405405405406 0.6942567567567567 0.3338963963963964 0.697072072072072 0.33354448198198194 0.701295045045045 0.33354448198198194 0.7055180180180181 0.3346002252252252 0.7090371621621621 0.33635979729729726 0.7125563063063063 0.3384712837837837 0.7160754504504504 0.34093468468468463 0.7192426801801801 0.3448057432432432 0.7220579954954954 0.3486768018018018 0.7248733108108107 0.3532516891891892 0.7273367117117117 0.35782657657657657 0.7294481981981982 0.36275337837837834 0.730152027027027 0.36803209459459457 0.7305039414414414 0.37260698198198194 0.730152027027027 0.3768299549549549 0.7280405405405405 0.38070101351351343 0.7262809684684685 0.38281249999999994 0.7238175675675674 0.38457207207207206 0.7210022522522521 0.3859797297297297 0.7167792792792793 0.3866835585585585 0.7118524774774774 0.3866835585585585 0.7055180180180181 0.38457207207207206 0.6998873873873873 0.38246058558558554 0.697072072072072 0.37999718468468463 0.6939048423423423 0.37612612612612606 0.6907376126126127 0.3715512387387387 0.6875703828828829 0.36697635135135126 0.6851069819819819 0.36204954954954954 0.6833474099099098 0.35606700450450446 0.682643581081081 0.35184403153153154 0.682643581081081 0.3476210585585585
1 0.5865709459459459 0.23923141891891891 0.596776463963964 0.23711993243243243 0.6020551801801801 0.23747184684684683 0.6062781531531531 0.23887950450450451 0.6101492117117117 0.240990990990991 0.6140202702702703 0.2438063063063063 0.6182432432432432 0.24767736486486486 0.6235219594594594 0.25190033783783783 0.6273930180180181 0.2557713963963964 0.6305602477477478 0.2596424549549549 0.6326717342342342 0.2631615990990991 0.6337274774774774 0.2666807432432432 0.6344313063063063 0.2691441441441441 0.6354870495495495 0.2733671171171171 0.6365427927927928 0.27970157657657657 0.6372466216216216 0.2856841216216216 0.6372466216216216 0.29201858108108103 0.6368947072072071 0.29800112612612606 0.635838963963964 0.30152027027027023 0.6333755630630631 0.3078547297297297 0.6280968468468467 0.3099662162162162 0.6228181306306306 0.3124296171171171 0.6122606981981982 0.3131334459459459 0.6094453828828829 0.3131334459459459 0.6038147522522521 0.31102195945945943 0.5974802927927928 0.3082066441441441 0.5929054054054054 0.3057432432432432 0.5876266891891891 0.3029279279279279 0.5819960585585585 0.2983530405405405 0.578125 0.29413006756756754 0.5742539414414414 0.2892032657657657 0.5714386261261261 0.28427646396396394 0.5693271396396397 0.2772381756756756 0.5686233108108107 0.27019988738738737 0.5686233108108107 0.26386542792792794 0.5686233108108107 0.2589386261261261 0.5686233108108107 0.25471565315315314 0.5700309684684685 0.25084459459459457 0.5717905405405405 0.24802927927927926 0.573902027027027 0.24521396396396394 0.5770692567567567 0.24275056306306303
1 0.7378941441441441 0.2807573198198198 0.7357826576576577 0.27019988738738737 0.7378941441441441 0.2659769144144144 0.7410613738738738 0.26140202702702703 0.7442286036036037 0.25788288288288286 0.7491554054054054 0.25401182432432434 0.7568975225225224 0.25049268018018017 0.7646396396396397 0.24838119369369369 0.7720298423423423 0.24697353603603603 0.7797719594594594 0.2462697072072072 0.7861064189189189 0.2466216216216216 0.7924408783783784 0.24767736486486486 0.7987753378378378 0.24978885135135134 0.8040540540540541 0.25225225225225223 0.8072212837837838 0.2557713963963964 0.8096846846846847 0.25999436936936937 0.810740427927928 0.26492117117117114 0.8100365990990991 0.27160754504504503 0.8075731981981982 0.2765343468468468 0.8044059684684685 0.2804054054054054 0.799831081081081 0.28427646396396394 0.7956081081081081 0.28673986486486486 0.7910332207207207 0.28885135135135126 0.7857545045045045 0.290259009009009 0.779420045045045 0.2909628378378378 0.7727336711711711 0.29166666666666663 0.767454954954955 0.29201858108108103 0.7611204954954954 0.29131475225225223 0.7537302927927928 0.2892032657657657 0.7470439189189189 0.2863879504504504 0.7414132882882883 0.2835726351351351
1 0.8448761261261261 0.3282657657657657 0.8476914414414414 0.31700450450450446 0.8501548423423423 0.31348536036036034 0.8529701576576577 0.3096143018018018 0.8568412162162161 0.30750281531531526 0.8607122747747747 0.30715090090090086 0.8663429054054054 0.30715090090090086 0.8747888513513513 0.3082066441441441 0.8811233108108107 0.3096143018018018 0.8871058558558558 0.31102195945945943 0.8913288288288288 0.3124296171171171 0.8955518018018017 0.31454110360360354 0.8987190315315314 0.3173564189189189 0.9015343468468467 0.32193130630630623 0.9022381756756757 0.32685810810810806 0.9018862612612613 0.33319256756756754 0.8997747747747747 0.3374155405405405 0.8973113738738738 0.34058277027027023 0.8930884009009008 0.34445382882882875 0.888865427927928 0.34621340090090086 0.8835867117117117 0.3476210585585585 0.8783079954954954 0.34832488738738737 0.8740850225225224 0.3486768018018018 0.8688063063063063 0.3486768018018018 0.8642314189189189 0.34832488738738737 0.8603603603603603 0.3472691441441441 0.8554335585585585 0.3448057432432432 0.8522663288288288 0.34269425675675674 0.8494510135135135 0.3391751126126126 0.847339527027027 0.3338963963963964
1 0.7646396396396397 0.4148367117117117 0.7604166666666666 0.41237331081081074 0.7583051801801801 0.4099099099099099 0.7572494369369369 0.407446509009009 0.7558417792792793 0.403223536036036 0.7558417792792793 0.3986486486486486 0.7568975225225224 0.39301801801801795 0.7600647522522521 0.3866835585585585 0.7632319819819819 0.38070101351351343 0.7660472972972973 0.3764780405405405 0.7695664414414414 0.3729588963963964 0.7730855855855855 0.36943975225225223 0.7773085585585585 0.3666244369369369 0.7818834459459459 0.364161036036036 0.7857545045045045 0.3634572072072072 0.7913851351351351 0.364161036036036 0.7970157657657657 0.3662725225225225 0.8005349099099098 0.3687359234234234 0.8040540540540541 0.3736627252252252 0.806517454954955 0.3782376126126126 0.8075731981981982 0.3831644144144144 0.8079251126126127 0.3884431306306306 0.8075731981981982 0.3937218468468468 0.8061655405405405 0.3972409909909909 0.8044059684684685 0.4007601351351351 0.8019425675675674 0.40498310810810806 0.7987753378378378 0.40885416666666663 0.7959600225225224 0.41237331081081074 0.7931447072072071 0.4148367117117117 0.7906813063063063 0.4158924549549549 0.7882179054054054 0.41694819819819817 0.7850506756756757 0.41765202702702703 0.7825872747747747 0.41765202702702703 0.7783643018018017 0.41765202702702703 0.7734375 0.4165962837837837 0.769214527027027 0.4158924549549549
1 0.8360782657657657 0.47008727477477474 0.831151463963964 0.4662162162162162 0.8293918918918918 0.46304898648648646 0.8279842342342342 0.4584740990990991 0.8276323198198198 0.45425112612612606 0.8276323198198198 0.4496762387387387 0.8279842342342342 0.4468609234234234 0.8286880630630631 0.4454532657657657 0.8297438063063063 0.44334177927927926 0.8325591216216216 0.4377111486486486 0.8357263513513513 0.43419200450450446 0.838893581081081 0.4313766891891892 0.8438203828828829 0.42785754504504503 0.847339527027027 0.42644988738738737 0.8512105855855855 0.4253941441441441 0.8571931306306306 0.4250422297297297 0.8631756756756757 0.4250422297297297 0.8677505630630631 0.4250422297297297 0.8709177927927928 0.42644988738738737 0.8744369369369369 0.42891328828828823 0.8769003378378378 0.4313766891891892 0.8800675675675674 0.4355996621621621 0.8821790540540541 0.4398226351351351 0.8828828828828829 0.44369369369369366 0.8832347972972973 0.4489724099099099 0.8832347972972973 0.4538992117117117 0.8811233108108107 0.45812218468468463 0.8793637387387387 0.4619932432432432 0.876196509009009 0.4665681306306306 0.8730292792792793 0.47008727477477474 0.870213963963964 0.4718468468468468 0.8656390765765765 0.47325450450450446 0.8564893018018017 0.47395833333333326 0.849802927927928 0.47395833333333326 0.8448761261261261 0.4736064189189189 0.8406531531531531 0.4725506756756756
1 0.9173704954954954 0.49788851351351343 0.9156109234234234 0.49648085585585583 0.9113879504504504 0.4940174549549549 0.9099802927927928 0.4901463963963964 0.909276463963964 0.48768299549549543 0.9089245495495495 0.4845157657657657 0.9089245495495495 0.4809966216216216 0.909276463963964 0.4757179054054054 0.9106841216216216 0.46973536036036034 0.9120917792792793 0.4658643018018018 0.9138513513513513 0.4619932432432432 0.9159628378378378 0.45777027027027023 0.9187781531531531 0.45354729729729726 0.9212415540540541 0.45038006756756754 0.9247606981981982 0.4468609234234234 0.9286317567567567 0.44369369369369366 0.9325028153153153 0.44123029279279274 0.9360219594594594 0.4394707207207207 0.9398930180180181 0.4387668918918919 0.9451717342342342 0.43911880630630623 0.950098536036036 0.44052646396396394 0.9546734234234234 0.44298986486486486 0.9578406531531531 0.4458051801801801 0.9606559684684685 0.4493243243243243 0.9624155405405405 0.4521396396396396 0.9631193693693694 0.45671452702702703 0.9634712837837838 0.4612894144144144 0.9631193693693694 0.46692004504504503 0.9613597972972973 0.4721987612612612 0.9592483108108107 0.47712556306306303 0.9557291666666666 0.48205236486486486 0.9522100225225224 0.48662725225225223 0.9479870495495495 0.4908502252252252 0.9434121621621621 0.4947212837837837 0.9388372747747747 0.49788851351351343 0.9332066441441441 0.4992961711711711 0.9282798423423423 0.5003519144144144 0.923704954954955 0.5003519144144144
1 0.5147804054054054 0.4165962837837837 0.5175957207207207 0.40920608108108103 0.5197072072072072 0.4053350225225225 0.5228744369369369 0.4007601351351351 0.5274493243243242 0.3965371621621621 0.5323761261261261 0.3937218468468468 0.5362471846846847 0.39266610360360354 0.5411739864864864 0.39196227477477474 0.5471565315315314 0.39196227477477474 0.553490990990991 0.39301801801801795 0.5587697072072071 0.39512950450450446 0.563696509009009 0.39688907657657657 0.5686233108108107 0.39900056306306303 0.5731981981981982 0.40111204954954954 0.5770692567567567 0.40463119369369366 0.579884572072072 0.40920608108108103 0.5809403153153153 0.4155405405405405 0.5812922297297297 0.42187499999999994 0.5816441441441441 0.42644988738738737 0.5816441441441441 0.43102477477477474 0.5812922297297297 0.43419200450450446 0.579884572072072 0.4370073198198198 0.5770692567567567 0.44017454954954954 0.5731981981981982 0.44369369369369366 0.5682713963963963 0.4454532657657657 0.5601773648648648 0.44791666666666663 0.5524352477477478 0.44862049549549543 0.5446931306306306 0.44826858108108103 0.5390625 0.4468609234234234 0.5320242117117117 0.44404560810810806 0.5278012387387387 0.44087837837837834 0.5235782657657657 0.4363034909909909 0.5211148648648648 0.4331362612612612 0.5190033783783784 0.42891328828828823
1 0.41166948198198194 0.3441019144144144 0.41694819819819817 0.35184403153153154 0.41835585585585583 0.3543074324324324 0.4201154279279279 0.3595861486486486 0.42152308558558554 0.3638091216216216 0.4232826576576576 0.368384009009009 0.4250422297297297 0.37507038288288286 0.42644988738738737 0.3810529279279279 0.42785754504504503 0.3866835585585585 0.42820945945945943 0.3912584459459459 0.42820945945945943 0.3961852477477477 0.4260979729729729 0.40005630630630623 0.42257882882882875 0.403223536036036 0.4194115990990991 0.40498310810810806 0.41518862612612606 0.4053350225225225 0.4099099099099099 0.40498310810810806 0.403223536036036 0.4028716216216216 0.39829673423423423 0.4007601351351351 0.3937218468468468 0.3975929054054054 0.3905546171171171 0.3944256756756756 0.3880912162162162 0.3923141891891892 0.38527590090090086 0.3880912162162162 0.38351632882882875 0.38246058558558554 0.3821086711711711 0.37718186936936937 0.3814048423423423 0.37260698198198194 0.38070101351351343 0.3687359234234234 0.38070101351351343 0.36486486486486486 0.38070101351351343 0.36028997747747743 0.38070101351351343 0.35677083333333326 0.38070101351351343 0.3532516891891892 0.3814048423423423 0.3493806306306306 0.3831644144144144 0.34550957207207206 0.38527590090090086 0.3423423423423423 0.3877393018018018 0.34058277027027023 0.3902027027027027 0.33952702702702703 0.3923141891891892 0.33882319819819817 0.3954814189189189 0.33882319819819817 0.39935247747747743 0.33882319819819817 0.40427927927927926 0.33987894144144143
1 0.42152308558558554 0.32333896396396394 0.41131756756756754 0.32087556306306303 0.40920608108108103 0.32017173423423423 0.4067426801801801 0.3184121621621621 0.40463119369369366 0.3163006756756756 0.4025197072072072 0.31383727477477474 0.4004082207207207 0.3096143018018018 0.39900056306306303 0.3060951576576576 0.3979448198198198 0.3022240990990991 0.39688907657657657 0.29729729729729726 0.39688907657657657 0.29201858108108103 0.39688907657657657 0.28673986486486486 0.3975929054054054 0.2825168918918919 0.39935247747747743 0.27864583333333326 0.40146396396396394 0.27547860360360354 0.40392736486486486 0.2723113738738739 0.407446509009009 0.2698479729729729 0.4109656531531531 0.2687922297297297 0.41448479729729726 0.26808840090090086 0.4194115990990991 0.26738457207207206 0.4232826576576576 0.26738457207207206 0.4268018018018018 0.26738457207207206 0.4292652027027027 0.26808840090090086 0.43208051801801795 0.27019988738738737 0.4363034909909909 0.2765343468468468 0.4377111486486486 0.2804054054054054 0.43841497747747743 0.28462837837837834 0.43911880630630623 0.2884994369369369 0.4394707207207207 0.29237049549549543 0.4398226351351351 0.2958896396396396 0.4398226351351351 0.2994087837837837 0.4394707207207207 0.30257601351351343 0.4387668918918919 0.30644707207207206 0.4377111486486486 0.3103181306306306 0.4370073198198198 0.31418918918918914 0.43489583333333326 0.31770833333333326 0.4327843468468468 0.3198198198198198 0.43067286036036034 0.3215793918918919 0.42785754504504503 0.32298704954954954
1 0.49436936936936937 0.212134009009009 0.48944256756756754 0.20685529279279277 0.4880349099099099 0.20333614864864863 0.48733108108108103 0.19840934684684683 0.48697916666666663 0.19207488738738737 0.48697916666666663 0.18538851351351351 0.4883868243243243 0.18010979729729729 0.4908502252252252 0.17623873873873874 0.4936655405405405 0.173071509009009 0.49683277027027023 0.1706081081081081 0.5007038288288288 0.16779279279279277 0.5052787162162162 0.16462556306306303 0.5098536036036035 0.16216216216216217 0.5147804054054054 0.15969876126126126 0.5197072072072072 0.15723536036036034 0.5246340090090089 0.15512387387387386 0.5295608108108107 0.15336430180180177 0.5337837837837838 0.15266047297297294 0.5380067567567567 0.15266047297297294 0.543285472972973 0.15442004504504503 0.5471565315315314 0.15653153153153151 0.5510275900900901 0.15969876126126126 0.5541948198198198 0.1632179054054054 0.5563063063063063 0.16779279279279277 0.5573620495495495 0.1727195945945946 0.5573620495495495 0.17659065315315317 0.5570101351351351 0.18116554054054052 0.5556024774774774 0.18609234234234234 0.553490990990991 0.1903153153153153 0.5513795045045045 0.19418637387387386 0.5482122747747747 0.19876126126126126 0.545045045045045 0.20333614864864863 0.5418778153153153 0.20650337837837837 0.5380067567567567 0.20931869369369369 0.5327280405405406 0.2117820945945946 0.5278012387387387 0.21318975225225226 0.5242820945945945 0.21424549549549549 0.5197072072072072 0.21530123873873874 0.5151323198198198 0.21565315315315317 0.5105574324324323 0.21635698198198197 0.5066863738738738 0.21670889639639637 0.5035191441441441 0.21600506756756754 0.4985923423423423 0.21424549549549549
1 0.7269847972972973 0.2072072072072072 0.7160754504504504 0.20579954954954954 0.713963963963964 0.20544763513513511 0.7118524774774774 0.2047438063063063 0.709740990990991 0.20368806306306303 0.7079814189189189 0.20157657657657657 0.7055180180180181 0.19911317567567569 0.7034065315315314 0.19629786036036034 0.7019988738738738 0.19242680180180177 0.701295045045045 0.18714808558558557 0.7009431306306306 0.18186936936936934 0.7009431306306306 0.17659065315315317 0.701295045045045 0.17201576576576577 0.7023507882882883 0.16744087837837837 0.7041103603603603 0.16251407657657657 0.7062218468468467 0.15723536036036034 0.7090371621621621 0.15301238738738737 0.7125563063063063 0.15019707207207209 0.7150197072072071 0.14808558558558557 0.7178350225225224 0.14597409909909909 0.7210022522522521 0.14491835585585586 0.7238175675675674 0.14421452702702703 0.7276886261261261 0.1438626126126126 0.7322635135135135 0.14456644144144143 0.7368384009009008 0.14562218468468469 0.7400056306306306 0.14702984234234234 0.7445805180180181 0.15019707207207209 0.7473958333333334 0.1537162162162162 0.7498592342342342 0.15723536036036034 0.7516188063063063 0.16040259009009009 0.753026463963964 0.16532939189189186 0.753026463963964 0.17096002252252251 0.753026463963964 0.17623873873873874 0.7523226351351351 0.18081362612612611 0.7512668918918918 0.18538851351351351 0.7498592342342342 0.1903153153153153 0.7473958333333334 0.19524211711711711 0.7452843468468467 0.19840934684684683 0.7428209459459459 0.20122466216216217 0.7400056306306306 0.2047438063063063 0.7375422297297297 0.20615146396396394 0.734375 0.20685529279279277
1 0.8001829954954954 0.18503659909909909 0.7942004504504504 0.1829251126126126 0.7910332207207207 0.17870213963963963 0.7896255630630631 0.17623873873873874 0.7875140765765765 0.17342342342342343 0.7857545045045045 0.16990427927927926 0.7836430180180181 0.16532939189189186 0.7818834459459459 0.16145833333333334 0.781179617117117 0.15653153153153151 0.7818834459459459 0.15054898648648646 0.7836430180180181 0.14527027027027026 0.7861064189189189 0.14210304054054052 0.7885698198198198 0.13858389639639637 0.7927927927927928 0.13541666666666666 0.7966638513513513 0.1336570945945946 0.8019425675675674 0.13189752252252251 0.8068693693693694 0.1315456081081081 0.810740427927928 0.13224943693693694 0.8149634009009008 0.134009009009009 0.8195382882882883 0.13576858108108109 0.8244650900900901 0.13752815315315312 0.8279842342342342 0.1392877252252252 0.831151463963964 0.1413992117117117 0.8336148648648648 0.14421452702702703 0.8346706081081081 0.14773367117117117 0.8350225225225224 0.15230855855855854 0.8350225225225224 0.15723536036036034 0.8332629504504504 0.16216216216216217 0.8304476351351351 0.16744087837837837 0.8276323198198198 0.17166385135135134 0.8251689189189189 0.17588682432432431 0.8234093468468467 0.17870213963963963 0.8212978603603603 0.1804617117117117 0.818482545045045 0.18151745495495494 0.8153153153153153 0.18327702702702703 0.8110923423423423 0.18433277027027026 0.8054617117117117 0.18503659909909909
1 0.9282798423423423 0.20791103603603603 0.9208896396396397 0.21072635135135134 0.9187781531531531 0.21072635135135134 0.9163147522522521 0.21072635135135134 0.9124436936936937 0.21072635135135134 0.9068130630630631 0.21037443693693694 0.9004786036036037 0.2075591216216216 0.8944960585585585 0.201928490990991 0.8892173423423423 0.19629786036036034 0.8853462837837838 0.1903153153153153 0.8776041666666666 0.17483108108108109 0.8765484234234234 0.1684966216216216 0.876196509009009 0.162865990990991 0.876196509009009 0.15793918918918917 0.8765484234234234 0.1537162162162162 0.877956081081081 0.14914132882882883 0.8797156531531531 0.14456644144144143 0.8821790540540541 0.1413992117117117 0.886402027027027 0.13999155405405403 0.8916807432432432 0.13963963963963963 0.8976632882882883 0.1392877252252252 0.9039977477477478 0.1389358108108108 0.9082207207207207 0.1389358108108108 0.9134994369369369 0.1413992117117117 0.9173704954954954 0.1435106981981982 0.9215934684684685 0.14632601351351351 0.9261683558558558 0.14949324324324326 0.9293355855855855 0.1537162162162162 0.9321509009009008 0.1582911036036036 0.933910472972973 0.1632179054054054 0.9349662162162161 0.1684966216216216 0.9349662162162161 0.17412725225225226 0.9353181306306306 0.1783502252252252 0.9353181306306306 0.18398085585585586 0.935670045045045 0.18961148648648649 0.935670045045045 0.19594594594594594 0.9346143018018017 0.20052083333333334 0.9332066441441441 0.20403997747747746
1 0.5943130630630631 0.1220439189189189 0.5886824324324323 0.11958051801801801 0.5876266891891891 0.11746903153153151 0.5862190315315314 0.11394988738738739 0.5855152027027027 0.11078265765765764 0.5851632882882883 0.10515202702702701 0.5855152027027027 0.09776182432432431 0.5869228603603603 0.0924831081081081 0.5886824324324323 0.0875563063063063 0.5929054054054054 0.08051801801801801 0.5974802927927928 0.07383164414414414 0.6038147522522521 0.06679335585585584 0.6094453828828829 0.061866554054054036 0.6147240990990991 0.059403153153153136 0.6203547297297297 0.05834740990990989 0.6259853603603603 0.05799549549549547 0.6302083333333334 0.05869932432432431 0.6337274774774774 0.059403153153153136 0.6368947072072071 0.060810810810810786 0.6397100225225224 0.06257038288288287 0.6425253378378378 0.06538569819819819 0.6449887387387387 0.06855292792792793 0.6471002252252251 0.07277590090090089 0.6485078828828829 0.07699887387387386 0.6495636261261261 0.08157376126126126 0.6495636261261261 0.08579673423423423 0.6481559684684685 0.08966779279279277 0.6460444819819819 0.09494650900900899 0.6439329954954954 0.09846565315315314 0.6407657657657657 0.1023367117117117 0.6379504504504504 0.10515202702702701 0.6361908783783784 0.10726351351351351 0.6347832207207207 0.10902308558558557 0.6323198198198198 0.11183840090090089 0.6305602477477478 0.1143018018018018 0.6277449324324323 0.11746903153153151 0.6245777027027027 0.12098817567567567 0.6228181306306306 0.1220439189189189 0.6200028153153153 0.12309966216216214 0.6161317567567567 0.12380349099099099 0.6108530405405405 0.1241554054054054 0.604518581081081 0.1241554054054054 0.5992398648648648 0.12380349099099099
1 0.5327280405405406 0.1097269144144144 0.526393581081081 0.1143018018018018 0.5239301801801801 0.11535754504504503 0.5225225225225225 0.11606137387387386 0.5186514639639639 0.1171171171171171 0.5151323198198198 0.11746903153153151 0.5098536036036035 0.11746903153153151 0.5038710585585585 0.11606137387387386 0.49507319819819817 0.11007882882882881 0.4912021396396396 0.10761542792792793 0.4880349099099099 0.10515202702702701 0.4859234234234234 0.10304054054054053 0.48275619369369366 0.09952139639639639 0.481348536036036 0.09705799549549549 0.4806447072072072 0.09389076576576576 0.4806447072072072 0.09037162162162161 0.481348536036036 0.08544481981981981 0.48205236486486486 0.08086993243243243 0.48416385135135137 0.07699887387387386 0.48697916666666663 0.07277590090090089 0.49049831081081074 0.06890484234234233 0.49507319819819817 0.06538569819819819 0.4985923423423423 0.06432995495495493 0.5084459459459459 0.06397804054054052 0.5168918918918919 0.06503378378378376 0.5197072072072072 0.06644144144144143 0.5242820945945945 0.06960867117117116 0.5278012387387387 0.0731278153153153 0.5309684684684685 0.07770270270270269 0.5330799549549549 0.08192567567567566 0.5341356981981982 0.08685247747747747 0.5341356981981982 0.09213119369369369 0.5344876126126127 0.09635416666666666 0.5344876126126127 0.10057713963963963 0.5330799549549549 0.10515202702702701
1 0.3282657657657657 0.11254222972972973 0.3296734234234234 0.10374436936936936 0.3321368243243243 0.09881756756756756 0.3356559684684684 0.09424268018018017 0.34058277027027023 0.09107545045045044 0.3469172297297297 0.08826013513513513 0.35571509009009006 0.08720439189189189 0.3645129504504504 0.08720439189189189 0.37225506756756754 0.08720439189189189 0.37929335585585583 0.0875563063063063 0.3866835585585585 0.08896396396396394 0.39301801801801795 0.09177927927927927 0.3975929054054054 0.09494650900900899 0.40181587837837834 0.09916948198198197 0.4053350225225225 0.10409628378378377 0.407446509009009 0.11078265765765764 0.4081503378378378 0.1171171171171171 0.4077984234234234 0.12239583333333331 0.4056869369369369 0.12732263513513514 0.4035754504504504 0.13084177927927926 0.4007601351351351 0.13295326576576577 0.3975929054054054 0.13506475225225226 0.39301801801801795 0.13647240990990991 0.3863316441441441 0.13752815315315312 0.37858952702702703 0.13788006756756754 0.37260698198198194 0.13788006756756754 0.3673282657657657 0.13752815315315312 0.36204954954954954 0.13682432432432431 0.3564189189189189 0.13576858108108109 0.3486768018018018 0.1336570945945946 0.3441019144144144 0.13189752252252251 0.33987894144144143 0.12978603603603603 0.33424831081081074 0.12556306306306306 0.33072916666666663 0.12098817567567567
1 0.8089808558558558 0.09776182432432431 0.8100365990990991 0.08861204954954953 0.8117961711711711 0.08403716216216214 0.8146114864864864 0.07875844594594593 0.8174268018018017 0.07453547297297297 0.8205940315315314 0.07207207207207206 0.8244650900900901 0.06996058558558557 0.8307995495495495 0.06820101351351351 0.8424127252252251 0.06714527027027026 0.8487471846846847 0.06679335585585584 0.8631756756756757 0.07031249999999999 0.865990990990991 0.07277590090090089 0.8695101351351351 0.07523930180180179 0.8737331081081081 0.07875844594594593 0.8776041666666666 0.08333333333333331 0.8800675675675674 0.08685247747747747 0.8821790540540541 0.08966779279279277 0.8839386261261261 0.09389076576576576 0.8849943693693694 0.09705799549549549 0.8853462837837838 0.10128096846846847 0.8835867117117117 0.10515202702702701 0.8807713963963963 0.10796734234234233 0.8769003378378378 0.11078265765765764 0.8712697072072071 0.11289414414414414 0.8635275900900901 0.11500563063063061 0.8554335585585585 0.11676520270270269 0.8512105855855855 0.1171171171171171 0.847339527027027 0.1171171171171171 0.8434684684684685 0.11676520270270269 0.8374859234234234 0.11641328828828827 0.8234093468468467 0.11183840090090089 0.8146114864864864 0.10585585585585584 0.810740427927928 0.10198479729729729
1 0.9736768018018017 0.2413429054054054 0.972972972972973 0.23254504504504503 0.9736768018018017 0.2290259009009009 0.976492117117117 0.22515484234234234 0.9789555180180181 0.22339527027027026 0.9828265765765765 0.2216356981981982 0.9863457207207207 0.22022804054054052 0.989161036036036 0.2195242117117117 0.9937359234234234 0.2195242117117117 0.9989583333333333 0.2205034135698198 0.9989583333333333 0.22550675675675674 0.9989583333333333 0.2698479729729729 0.9983108108108107 0.2698479729729729 0.9930320945945946 0.2652730855855856 0.9909206081081081 0.2631615990990991 0.9884572072072071 0.26034628378378377 0.9856418918918918 0.25753096846846846 0.983178490990991 0.25471565315315314 0.9807150900900901 0.25225225225225223 0.9778997747747747 0.24908502252252251 0.9754363738738738 0.24556587837837837
1 0.8054617117117117 0.5805884009009008 0.8001829954954954 0.5707347972972973 0.8001829954954954 0.5658079954954954 0.8015906531531531 0.5608811936936937 0.8058136261261261 0.5548986486486487 0.8114442567567567 0.5492680180180181 0.820242117117117 0.5429335585585585 0.8293918918918918 0.5383586711711711 0.8360782657657657 0.5369510135135135 0.8438203828828829 0.5358952702702703 0.8526182432432432 0.5358952702702703 0.859304617117117 0.5373029279279279 0.8663429054054054 0.5390625 0.8723254504504504 0.540822072072072 0.8772522522522521 0.5429335585585585 0.8807713963963963 0.5471565315315314 0.8821790540540541 0.5524352477477478 0.8807713963963963 0.5580658783783784 0.8786599099099098 0.563696509009009 0.876196509009009 0.5679194819819819 0.8730292792792793 0.5714386261261261 0.8677505630630631 0.5756615990990991 0.8610641891891891 0.5795326576576577 0.8564893018018017 0.5819960585585585 0.8505067567567567 0.584107545045045 0.8445242117117117 0.5862190315315314 0.8392454954954954 0.5876266891891891 0.8339667792792793 0.5883305180180181 0.8283361486486487 0.5883305180180181 0.8230574324324323 0.5883305180180181 0.8170748873873873 0.5865709459459459 0.8121480855855855 0.5844594594594594
1 0.6192989864864864 0.5358952702702703 0.624929617117117 0.5288569819819819 0.6277449324324323 0.5270974099099098 0.631615990990991 0.5246340090090089 0.6365427927927928 0.5232263513513513 0.6421734234234234 0.5221706081081081 0.6474521396396397 0.5218186936936937 0.6506193693693694 0.5214667792792792 0.6551942567567567 0.5235782657657657 0.6587134009009008 0.5260416666666666 0.6629363738738738 0.5285050675675675 0.6664555180180181 0.5320242117117117 0.6696227477477478 0.5355433558558558 0.6731418918918918 0.5397663288288288 0.6756052927927928 0.5429335585585585 0.6780686936936937 0.5464527027027027 0.6805320945945946 0.5499718468468467 0.682643581081081 0.553490990990991 0.6847550675675674 0.5570101351351351 0.6861627252252251 0.5619369369369369 0.6872184684684685 0.5675675675675674 0.6875703828828829 0.5742539414414414 0.6868665540540541 0.5819960585585585 0.6851069819819819 0.5893862612612611 0.6829954954954954 0.5953688063063063 0.6791244369369369 0.5981841216216216 0.6724380630630631 0.5995917792792793 0.6625844594594594 0.5992398648648648 0.6544904279279279 0.5981841216216216 0.6485078828828829 0.5964245495495495 0.6428772522522521 0.5943130630630631 0.6390061936936937 0.5922015765765765 0.6347832207207207 0.5890343468468467 0.6298564189189189 0.5848113738738738 0.6256334459459459 0.5791807432432432 0.6224662162162161 0.573902027027027 0.6203547297297297 0.5689752252252251 0.6192989864864864 0.563696509009009 0.6178913288288288 0.5566582207207207 0.6178913288288288 0.5489161036036037 0.6178913288288288 0.5429335585585585
1 0.5415259009009008 0.5742539414414414 0.5292088963963963 0.5693271396396397 0.5225225225225225 0.5651041666666666 0.5179476351351351 0.5619369369369369 0.5137246621621621 0.5566582207207207 0.5123170045045045 0.5524352477477478 0.5119650900900901 0.5461007882882883 0.5119650900900901 0.5404701576576577 0.5133727477477478 0.5355433558558558 0.5154842342342342 0.5309684684684685 0.5186514639639639 0.5267454954954954 0.5225225225225225 0.5239301801801801 0.526393581081081 0.5221706081081081 0.5306165540540541 0.5211148648648648 0.5355433558558558 0.5207629504504504 0.5404701576576577 0.5207629504504504 0.5439893018018017 0.5211148648648648 0.5482122747747747 0.5221706081081081 0.5531390765765765 0.5239301801801801 0.557713963963964 0.5260416666666666 0.5605292792792793 0.5278012387387387 0.5619369369369369 0.5302646396396395 0.5633445945945945 0.5341356981981982 0.5640484234234234 0.5383586711711711 0.5651041666666666 0.5425816441441441 0.5661599099099098 0.546804617117117 0.5651041666666666 0.5524352477477478 0.5647522522522521 0.5556024774774774 0.563696509009009 0.5612331081081081 0.5626407657657657 0.563696509009009 0.5608811936936937 0.5668637387387387 0.5591216216216216 0.5703828828828829 0.5566582207207207 0.5735501126126127 0.5541948198198198 0.5753096846846847 0.5517314189189189 0.5763654279279279 0.5485641891891891 0.5763654279279279
1 0.4890906531531531 0.4211711711711711 0.4954251126126126 0.4334881756756756 0.4971846846846847 0.43806306306306303 0.4985923423423423 0.4419341216216216 0.49964808558558554 0.4458051801801801 0.5003519144144144 0.4500281531531531 0.5003519144144144 0.4538992117117117 0.49964808558558554 0.45882601351351343 0.4971846846846847 0.46340090090090086 0.49436936936936937 0.4683277027027027 0.49155405405405406 0.4718468468468468 0.48768299549549543 0.4743102477477477 0.48240427927927926 0.4760698198198198 0.4767736486486486 0.47642173423423423 0.47079110360360354 0.47501407657657657 0.4662162162162162 0.47325450450450446 0.46340090090090086 0.471143018018018 0.46058558558558554 0.4676238738738739 0.45882601351351343 0.4644566441441441 0.4563626126126126 0.4602336711711711 0.4549549549549549 0.4556587837837837 0.45354729729729726 0.45038006756756754 0.45354729729729726 0.4458051801801801 0.45530686936936937 0.44087837837837834 0.45812218468468463 0.43384009009009006 0.46093749999999994 0.4292652027027027 0.4648085585585585 0.4257460585585585 0.46903153153153154 0.42363457207207206 0.47395833333333326 0.4222269144144144 0.48029279279279274 0.42081925675675674 0.485571509009009 0.42081925675675674
1 0.37788569819819817 0.5256897522522522 0.38351632882882875 0.5253378378378378 0.3866835585585585 0.5246340090090089 0.38985078828828823 0.5242820945945945 0.3944256756756756 0.5239301801801801 0.40005630630630623 0.5242820945945945 0.40463119369369366 0.5253378378378378 0.40920608108108103 0.5274493243243242 0.4130771396396396 0.5299127252252253 0.41624436936936937 0.5337837837837838 0.41976351351351343 0.5376548423423423 0.4229307432432432 0.5415259009009008 0.42469031531531526 0.5439893018018017 0.4268018018018018 0.5485641891891891 0.4285613738738739 0.5541948198198198 0.42891328828828823 0.5587697072072071 0.42891328828828823 0.5651041666666666 0.4285613738738739 0.5714386261261261 0.4268018018018018 0.5756615990990991 0.4250422297297297 0.579884572072072 0.4229307432432432 0.5830518018018017 0.42081925675675674 0.585867117117117 0.41765202702702703 0.5876266891891891 0.41413288288288286 0.5893862612612611 0.4102618243243243 0.5907939189189189 0.4056869369369369 0.5900900900900901 0.40146396396396394 0.5879786036036037 0.3975929054054054 0.5862190315315314 0.3937218468468468 0.5830518018018017 0.3902027027027027 0.5784769144144144 0.3870354729729729 0.5753096846846847 0.3842201576576576 0.5728462837837838 0.3803490990990991 0.5686233108108107 0.3775337837837837 0.5658079954954954 0.3747184684684684 0.5619369369369369 0.37260698198198194 0.557713963963964 0.3708474099099099 0.553490990990991 0.36943975225225223 0.5485641891891891 0.3687359234234234 0.5453969594594594 0.36803209459459457 0.5411739864864864 0.36803209459459457 0.5362471846846847 0.37049549549549543 0.5316722972972973 0.3736627252252252 0.5281531531531531
1 0.9335585585585585 0.6689189189189189 0.9381334459459459 0.662232545045045 0.9402449324324323 0.6594172297297297 0.9437640765765765 0.6566019144144144 0.9490427927927928 0.6544904279279279 0.9557291666666666 0.6534346846846847 0.9620636261261261 0.6537865990990991 0.9673423423423423 0.6544904279279279 0.972972972972973 0.6548423423423423 0.9793074324324323 0.6555461711711711 0.9852899774774774 0.65625 0.9898648648648648 0.658009572072072 0.9940878378378378 0.6597691441441441 0.9976069819819819 0.6618806306306306 0.9989583333333333 0.6637725225225225 0.9958474099099098 0.7224099099099098 0.9898648648648648 0.7245213963963963 0.9838823198198198 0.7255771396396397 0.9786036036036037 0.7255771396396397 0.9722691441441441 0.7255771396396397 0.9676942567567567 0.7245213963963963 0.9617117117117117 0.7224099099099098 0.9564329954954954 0.7202984234234234 0.9522100225225224 0.7178350225225224 0.9486908783783784 0.715723536036036 0.9462274774774774 0.7125563063063063 0.9430602477477478 0.7079814189189189 0.9402449324324323 0.7019988738738738 0.9377815315315314 0.6967201576576577 0.935670045045045 0.6917933558558558 0.9335585585585585 0.6861627252252251 0.9317989864864864 0.6801801801801801
1 0.7065737612612613 0.7104448198198198 0.7083333333333334 0.7069256756756757 0.7107967342342342 0.699535472972973 0.7129082207207207 0.6963682432432432 0.7153716216216216 0.6939048423423423 0.7178350225225224 0.6917933558558558 0.7206503378378378 0.6907376126126127 0.7241694819819819 0.6896818693693694 0.7287443693693694 0.6896818693693694 0.7312077702702703 0.6896818693693694 0.7357826576576577 0.689329954954955 0.7407094594594594 0.689329954954955 0.7459881756756757 0.689329954954955 0.7502111486486487 0.6900337837837838 0.7540822072072071 0.6917933558558558 0.7583051801801801 0.6942567567567567 0.7628800675675674 0.6981278153153153 0.7663992117117117 0.7016469594594594 0.7685106981981982 0.7058699324324323 0.7699183558558558 0.7100929054054054 0.7702702702702703 0.7150197072072071 0.769214527027027 0.7210022522522521 0.7678068693693694 0.7241694819819819 0.7663992117117117 0.7262809684684685 0.7632319819819819 0.7287443693693694 0.7586570945945946 0.7308558558558558 0.753026463963964 0.7322635135135135 0.7477477477477478 0.732615427927928 0.7410613738738738 0.732615427927928 0.7357826576576577 0.7322635135135135 0.7315596846846847 0.7312077702702703 0.7241694819819819 0.7290962837837838 0.7150197072072071 0.7231137387387387 0.7129082207207207 0.7213541666666666 0.7111486486486487 0.7192426801801801 0.7090371621621621 0.7167792792792793
1 0.8378378378378378 0.7118524774774774 0.8346706081081081 0.7093890765765765 0.831151463963964 0.7062218468468467 0.8283361486486487 0.7027027027027027 0.8272804054054054 0.699535472972973 0.826928490990991 0.6942567567567567 0.8272804054054054 0.6896818693693694 0.8286880630630631 0.6861627252252251 0.8300957207207207 0.682643581081081 0.831151463963964 0.6805320945945946 0.8332629504504504 0.6777167792792793 0.8357263513513513 0.674901463963964 0.8374859234234234 0.6731418918918918 0.8403012387387387 0.6710304054054054 0.8427646396396397 0.6696227477477478 0.8459318693693694 0.6689189189189189 0.849802927927928 0.6689189189189189 0.8568412162162161 0.6692708333333334 0.8614161036036037 0.670678490990991 0.8663429054054054 0.6738457207207207 0.8691582207207207 0.6773648648648648 0.8712697072072071 0.6815878378378378 0.8723254504504504 0.6865146396396397 0.8723254504504504 0.6914414414414414 0.8712697072072071 0.697072072072072 0.8698620495495495 0.7009431306306306 0.8670467342342342 0.7044622747747747 0.8624718468468467 0.7079814189189189 0.8582488738738738 0.7104448198198198 0.8529701576576577 0.7122043918918918 0.847339527027027 0.7136120495495495 0.8424127252252251 0.7136120495495495
1 0.9786036036036037 0.5598254504504504 0.9761402027027027 0.5570101351351351 0.9715653153153153 0.5464527027027027 0.9712134009009008 0.5415259009009008 0.9715653153153153 0.5344876126126127 0.9743806306306306 0.5288569819819819 0.9775478603603603 0.5232263513513513 0.9810670045045045 0.5182995495495495 0.9852899774774774 0.514428490990991 0.9895129504504504 0.5102055180180181 0.9930320945945946 0.507742117117117 0.9989583333333333 0.5049532988871224 0.9989583333333333 0.5686233108108107 0.995143581081081 0.5682713963963963 0.9926801801801801 0.5682713963963963 0.9905686936936937 0.5675675675675674 0.9866976351351351 0.5665118243243243 0.9817708333333334 0.563696509009009
1 0.9940878378378378 0.3979448198198198 0.9898648648648648 0.38985078828828823 0.9895129504504504 0.3863316441441441 0.9888091216216216 0.38281249999999994 0.9884572072072071 0.37894144144144143 0.9884572072072071 0.37507038288288286 0.9884572072072071 0.3711993243243243 0.9895129504504504 0.3676801801801801 0.9912725225225224 0.3645129504504504 0.993384009009009 0.3616976351351351 0.9954954954954954 0.35923423423423423 0.9989583333333333 0.3564010032760032 0.9989583333333333 0.3585304054054054 0.9989583333333333 0.40181587837837834
1 0.6323198198198198 0.44826858108108103 0.6288006756756757 0.446509009009009 0.623170045045045 0.44298986486486486 0.6196509009009008 0.4387668918918919 0.6164836711711711 0.4352477477477477 0.6136683558558558 0.43102477477477474 0.6119087837837838 0.42785754504504503 0.6101492117117117 0.4232826576576576 0.6090934684684685 0.41800394144144143 0.6087415540540541 0.4148367117117117 0.6087415540540541 0.4099099099099099 0.6105011261261261 0.40498310810810806 0.611204954954955 0.40111204954954954 0.6143721846846847 0.39900056306306303 0.6175394144144144 0.3975929054054054 0.6210585585585585 0.3954814189189189 0.6245777027027027 0.3937218468468468 0.6266891891891891 0.39301801801801795 0.6291525900900901 0.3923141891891892 0.6323198198198198 0.39301801801801795 0.6344313063063063 0.39477759009009006 0.6361908783783784 0.3961852477477477 0.6383023648648648 0.3986486486486486 0.6404138513513513 0.4007601351351351 0.6425253378378378 0.40392736486486486 0.6439329954954954 0.4063907657657657 0.6446368243243243 0.40955799549549543 0.6453406531531531 0.4127252252252252 0.6460444819819819 0.4158924549549549 0.6471002252252251 0.4194115990990991 0.6481559684684685 0.4229307432432432 0.6488597972972973 0.42644988738738737 0.6488597972972973 0.43067286036036034 0.6488597972972973 0.4352477477477477 0.6481559684684685 0.43911880630630623 0.6463963963963963 0.4426379504504504 0.6432291666666666 0.4458051801801801 0.6390061936936937 0.4472128378378378
1 0.4352477477477477 0.7076295045045045 0.43911880630630623 0.6988316441441441 0.4426379504504504 0.6953125 0.4458051801801801 0.693552927927928 0.4500281531531531 0.6917933558558558 0.4538992117117117 0.6903856981981982 0.45777027027027023 0.689329954954955 0.46164132882882875 0.6889780405405405 0.4665681306306306 0.6886261261261261 0.471143018018018 0.6886261261261261 0.47501407657657657 0.6886261261261261 0.48029279279279274 0.6889780405405405 0.48416385135135137 0.6896818693693694 0.49049831081081074 0.691089527027027 0.4940174549549549 0.6921452702702703 0.4971846846846847 0.6939048423423423 0.5021114864864864 0.6960163288288288 0.5066863738738738 0.6984797297297297 0.5098536036036035 0.7002393018018017 0.5126689189189189 0.7027027027027027 0.5147804054054054 0.7055180180180181 0.5175957207207207 0.7104448198198198 0.5190033783783784 0.7150197072072071 0.5197072072072072 0.7192426801801801 0.5197072072072072 0.7248733108108107 0.5179476351351351 0.730152027027027 0.5158361486486486 0.734375 0.5126689189189189 0.7378941441441441 0.5066863738738738 0.740357545045045 0.49964808558558554 0.742117117117117 0.49225788288288286 0.7424690315315314 0.485571509009009 0.7424690315315314 0.47818130630630623 0.7417652027027027 0.4718468468468468 0.7400056306306306 0.4662162162162162 0.7378941441441441 0.4612894144144144 0.7357826576576577 0.45671452702702703 0.7333192567567567 0.45249155405405406 0.7305039414414414 0.4489724099099099 0.7276886261261261 0.4454532657657657 0.7248733108108107 0.4419341216216216 0.7210022522522521 0.43911880630630623 0.7178350225225224 0.4363034909909909 0.713963963963964
1 0.5978322072072071 0.721706081081081 0.6002956081081081 0.7192426801801801 0.6041666666666666 0.715723536036036 0.6076858108108107 0.7143158783783784 0.611204954954955 0.7125563063063063 0.6175394144144144 0.7111486486486487 0.6245777027027027 0.7107967342342342 0.6309121621621621 0.7122043918918918 0.635838963963964 0.713963963963964 0.6386542792792793 0.7153716216216216 0.6425253378378378 0.7171311936936937 0.6474521396396397 0.719946509009009 0.6516751126126127 0.7227618243243243 0.6555461711711711 0.7255771396396397 0.6587134009009008 0.7287443693693694 0.6611768018018017 0.7315596846846847 0.6636402027027027 0.7347269144144144 0.6653997747747747 0.7378941441441441 0.6675112612612613 0.7435247747747747 0.6685670045045045 0.748803490990991 0.6689189189189189 0.7540822072072071 0.6689189189189189 0.7583051801801801 0.6685670045045045 0.7625281531531531 0.6664555180180181 0.7671030405405405 0.663992117117117 0.7702702702702703 0.660472972972973 0.7730855855855855 0.6566019144144144 0.775197072072072 0.6513231981981982 0.7769566441441441 0.6460444819819819 0.777660472972973 0.6347832207207207 0.777660472972973 0.6256334459459459 0.7759009009009008 0.6168355855855855 0.7730855855855855 0.6101492117117117 0.7685106981981982 0.6062781531531531 0.7635838963963963 0.602759009009009 0.7579532657657657 0.5999436936936937 0.7523226351351351 0.5981841216216216 0.7477477477477478 0.5971283783783784 0.7424690315315314 0.5964245495495495 0.7371903153153153 0.5964245495495495 0.7315596846846847 0.5971283783783784 0.7266328828828829
1 0.4363034909909909 0.8737331081081081 0.43806306306306303 0.8628237612612613 0.43911880630630623 0.8589527027027027 0.44017454954954954 0.8564893018018017 0.4447494369369369 0.8505067567567567 0.44756475225225223 0.8490990990990991 0.4528434684684684 0.8466356981981982 0.45812218468468463 0.845579954954955 0.4648085585585585 0.8452280405405405 0.4704391891891892 0.8452280405405405 0.4767736486486486 0.845579954954955 0.48240427927927926 0.8469876126126127 0.4890906531531531 0.849802927927928 0.49436936936936937 0.8529701576576577 0.49999999999999994 0.8571931306306306 0.5045748873873873 0.8614161036036037 0.507742117117117 0.8652871621621621 0.5102055180180181 0.870213963963964 0.5116131756756757 0.8765484234234234 0.5116131756756757 0.8842905405405405 0.5087978603603603 0.8902730855855855 0.5052787162162162 0.8955518018018017 0.5010557432432432 0.8997747747747747 0.49612894144144143 0.9022381756756757 0.49049831081081074 0.9032939189189189 0.48275619369369366 0.9036458333333334 0.4746621621621621 0.9036458333333334 0.46692004504504503 0.9036458333333334 0.4602336711711711 0.9036458333333334 0.4546030405405405 0.9022381756756757 0.45038006756756754 0.9004786036036037 0.4454532657657657 0.8973113738738738 0.4419341216216216 0.8941441441441441 0.4387668918918919 0.8902730855855855 0.4377111486486486 0.8853462837837838 0.4366554054054054 0.8793637387387387
1 0.38351632882882875 0.9215934684684685 0.36556869369369366 0.9177224099099098 0.3606418918918919 0.9166666666666666 0.3571227477477477 0.9156109234234234 0.3521959459459459 0.9134994369369369 0.34973254504504503 0.9113879504504504 0.3469172297297297 0.9085726351351351 0.34374999999999994 0.9036458333333334 0.3412865990990991 0.8976632882882883 0.3391751126126126 0.892384572072072 0.33811936936936937 0.8853462837837838 0.3377674549549549 0.8776041666666666 0.33811936936936937 0.870213963963964 0.33952702702702703 0.8635275900900901 0.34163851351351343 0.8586007882882883 0.3451576576576576 0.8550816441441441 0.34973254504504503 0.8526182432432432 0.3546593468468468 0.8508586711711711 0.35993806306306303 0.849802927927928 0.36486486486486486 0.849802927927928 0.3715512387387387 0.8515625 0.3768299549549549 0.8536739864864864 0.3821086711711711 0.855785472972973 0.3859797297297297 0.8582488738738738 0.3902027027027027 0.8624718468468467 0.3944256756756756 0.8681024774774774 0.3975929054054054 0.8740850225225224 0.4004082207207207 0.8786599099099098 0.4025197072072072 0.8835867117117117 0.40463119369369366 0.888865427927928 0.40603885135135126 0.8941441441441441 0.40603885135135126 0.8997747747747747 0.40603885135135126 0.9057573198198198 0.40427927927927926 0.9117398648648648 0.40216779279279274 0.9156109234234234 0.3986486486486486 0.9184262387387387 0.39477759009009006 0.9208896396396397 0.3902027027027027 0.9215934684684685
1 0.5626407657657657 0.8403012387387387 0.5668637387387387 0.8343186936936937 0.5689752252252251 0.8322072072072071 0.572142454954955 0.8304476351351351 0.5760135135135135 0.8290399774774774 0.5819960585585585 0.8286880630630631 0.5876266891891891 0.8286880630630631 0.592553490990991 0.8300957207207207 0.5974802927927928 0.8318552927927928 0.602759009009009 0.8350225225225224 0.6069819819819819 0.838893581081081 0.6101492117117117 0.8438203828828829 0.612964527027027 0.8508586711711711 0.6150760135135135 0.8568412162162161 0.6164836711711711 0.8621199324324323 0.6171875 0.8688063063063063 0.6168355855855855 0.8758445945945946 0.6143721846846847 0.8818271396396397 0.6122606981981982 0.8856981981981982 0.6083896396396397 0.8892173423423423 0.604518581081081 0.8909769144144144 0.5992398648648648 0.8916807432432432 0.5918496621621621 0.8916807432432432 0.5862190315315314 0.8909769144144144 0.5812922297297297 0.8895692567567567 0.5767173423423423 0.8871058558558558 0.5724943693693694 0.8828828828828829 0.5682713963963963 0.877956081081081 0.5644003378378378 0.8716216216216216 0.5619369369369369 0.865990990990991 0.5605292792792793 0.8614161036036037 0.559473536036036 0.8568412162162161 0.5591216216216216 0.8508586711711711 0.559473536036036 0.8452280405405405
1 0.7854025900900901 0.855785472972973 0.7829391891891891 0.8476914414414414 0.7829391891891891 0.8438203828828829 0.7836430180180181 0.8403012387387387 0.7850506756756757 0.8378378378378378 0.7861064189189189 0.8346706081081081 0.7882179054054054 0.8315033783783784 0.7910332207207207 0.8290399774774774 0.7952561936936937 0.8272804054054054 0.8012387387387387 0.8251689189189189 0.806517454954955 0.8237612612612613 0.8121480855855855 0.8230574324324323 0.816722972972973 0.8227055180180181 0.8220016891891891 0.8223536036036037 0.8272804054054054 0.8223536036036037 0.8336148648648648 0.8234093468468467 0.8392454954954954 0.8248170045045045 0.8445242117117117 0.8262246621621621 0.8490990990990991 0.8279842342342342 0.8526182432432432 0.8297438063063063 0.8568412162162161 0.8322072072072071 0.8596565315315314 0.8350225225225224 0.8621199324324323 0.8378378378378378 0.8642314189189189 0.8403012387387387 0.865990990990991 0.8424127252252251 0.8673986486486487 0.8452280405405405 0.8681024774774774 0.8483952702702703 0.8681024774774774 0.8526182432432432 0.8677505630630631 0.8571931306306306 0.8666948198198198 0.8614161036036037 0.8649352477477478 0.8652871621621621 0.8624718468468467 0.8684543918918918 0.859304617117117 0.8716216216216216 0.8568412162162161 0.8723254504504504 0.853322072072072 0.8730292792792793 0.8490990990990991 0.8740850225225224 0.8452280405405405 0.8747888513513513 0.8417088963963963 0.8751407657657657 0.8367820945945946 0.8754926801801801 0.831151463963964 0.8754926801801801 0.8248170045045045 0.8751407657657657 0.8174268018018017 0.8740850225225224 0.8128519144144144 0.8737331081081081 0.8093327702702703 0.8730292792792793 0.8061655405405405 0.8723254504504504 0.8015906531531531 0.8705658783783784 0.7973676801801801 0.8688063063063063 0.793848536036036 0.8670467342342342 0.7899774774774774 0.8642314189189189 0.7864583333333334 0.8614161036036037
1 0.9265202702702703 0.8406531531531531 0.9275760135135135 0.837134009009009 0.9293355855855855 0.8336148648648648 0.9307432432432432 0.8304476351351351 0.9342623873873873 0.8272804054054054 0.9395411036036037 0.8248170045045045 0.9472832207207207 0.8220016891891891 0.9539695945945946 0.8209459459459459 0.9592483108108107 0.8209459459459459 0.9638231981981982 0.8209459459459459 0.9691019144144144 0.8205940315315314 0.9750844594594594 0.8205940315315314 0.9800112612612613 0.8216497747747747 0.9849380630630631 0.8237612612612613 0.9884572072072071 0.8255208333333334 0.9916244369369369 0.8279842342342342 0.9947916666666666 0.8307995495495495 0.9986627252252251 0.8364301801801801 0.9976069819819819 0.8740850225225224 0.9947916666666666 0.8751407657657657 0.9909206081081081 0.8765484234234234 0.9881052927927928 0.8765484234234234 0.9828265765765765 0.876196509009009 0.9754363738738738 0.8744369369369369 0.9701576576576577 0.8723254504504504 0.9641751126126127 0.870213963963964 0.9581925675675674 0.8684543918918918 0.9525619369369369 0.8673986486486487 0.9472832207207207 0.8656390765765765 0.944115990990991 0.8638795045045045 0.9395411036036037 0.8600084459459459 0.9360219594594594 0.8568412162162161 0.9332066441441441 0.853322072072072 0.9300394144144144 0.8490990990990991 0.9268721846846847 0.8452280405405405
1 0.8973113738738738 0.8951998873873873 0.9032939189189189 0.8881615990990991 0.9071649774774774 0.8860501126126127 0.9127956081081081 0.8856981981981982 0.9194819819819819 0.8867539414414414 0.9244087837837838 0.888865427927928 0.9286317567567567 0.890625 0.9328547297297297 0.8934403153153153 0.9370777027027027 0.896607545045045 0.9402449324324323 0.8997747747747747 0.944115990990991 0.9043496621621621 0.9479870495495495 0.909276463963964 0.9508023648648648 0.9142032657657657 0.9532657657657657 0.9194819819819819 0.9553772522522522 0.9258164414414414 0.9564329954954954 0.9335585585585585 0.9546734234234234 0.9416525900900901 0.9532657657657657 0.944115990990991 0.9508023648648648 0.9469313063063063 0.948338963963964 0.948338963963964 0.9451717342342342 0.9486908783783784 0.9409487612612613 0.9490427927927928 0.9346143018018017 0.9479870495495495 0.9286317567567567 0.9448198198198198 0.9233530405405405 0.942356418918919 0.9191300675675674 0.9391891891891891 0.9145551801801801 0.9353181306306306 0.9120917792792793 0.9325028153153153 0.9096283783783784 0.9293355855855855 0.9071649774774774 0.9261683558558558 0.9047015765765765 0.9233530405405405 0.9025900900900901 0.9201858108108107 0.9001266891891891 0.917018581081081 0.8980152027027027 0.9134994369369369 0.8959037162162161 0.909276463963964 0.894847972972973 0.9057573198198198 0.8944960585585585 0.9015343468468467
1 0.814259572072072 0.9870495495495495 0.8128519144144144 0.9757882882882883 0.8121480855855855 0.9712134009009008 0.8121480855855855 0.9655827702702703 0.8128519144144144 0.9603040540540541 0.8156672297297297 0.9550253378378378 0.8198902027027027 0.9497466216216216 0.8258727477477478 0.9451717342342342 0.8325591216216216 0.9420045045045045 0.8403012387387387 0.9391891891891891 0.8490990990990991 0.9367257882882883 0.8561373873873873 0.9353181306306306 0.8614161036036037 0.9349662162162161 0.8645833333333334 0.9349662162162161 0.8663429054054054 0.9353181306306306 0.8691582207207207 0.9360219594594594 0.8723254504504504 0.9370777027027027 0.876196509009009 0.9381334459459459 0.8811233108108107 0.9398930180180181 0.8860501126126127 0.9427083333333334 0.888865427927928 0.9462274774774774 0.890625 0.9518581081081081 0.8909769144144144 0.9585444819819819 0.8899211711711711 0.9652308558558558 0.8860501126126127 0.9726210585585585 0.8811233108108107 0.9786036036036037 0.876196509009009 0.9828265765765765 0.871973536036036 0.9856418918918918 0.8663429054054054 0.9881052927927928 0.8631756756756757 0.9902167792792793 0.8586007882882883 0.9926801801801801 0.853322072072072 0.9944397522522522 0.847339527027027 0.9954954954954954 0.8406531531531531 0.9965512387387387 0.8346706081081081 0.9972550675675674 0.8286880630630631 0.9969031531531531 0.8234093468468467 0.995143581081081 0.8177787162162161 0.9912725225225224
1 0.728392454954955 0.9726210585585585 0.7315596846846847 0.9652308558558558 0.7340230855855855 0.9610078828828829 0.7382460585585585 0.956081081081081 0.7442286036036037 0.9504504504504504 0.7502111486486487 0.9465793918918918 0.7579532657657657 0.944115990990991 0.7660472972972973 0.9434121621621621 0.7748451576576577 0.9444679054054054 0.7825872747747747 0.9458755630630631 0.787865990990991 0.9497466216216216 0.7892736486486487 0.9522100225225224 0.7903293918918918 0.956081081081081 0.7903293918918918 0.9617117117117117 0.7899774774774774 0.966990427927928 0.7885698198198198 0.9719172297297297 0.7868102477477478 0.9789555180180181 0.7839949324324323 0.9856418918918918 0.7818834459459459 0.9909206081081081 0.7783468468468467 0.9989583333333333 0.7319115990990991 0.9986627252252251 0.7308558558558558 0.9976069819819819 0.7290962837837838 0.995143581081081 0.7273367117117117 0.9916244369369369 0.7273367117117117 0.9884572072072071 0.7266328828828829 0.983178490990991
1 0.4204673423423423 0.9698057432432432 0.42820945945945943 0.9638231981981982 0.4345439189189189 0.9610078828828829 0.44123029279279274 0.9592483108108107 0.44862049549549543 0.9588963963963963 0.4563626126126126 0.9606559684684685 0.46269707207207206 0.962767454954955 0.4686796171171171 0.964527027027027 0.4746621621621621 0.9666385135135135 0.47994087837837834 0.9698057432432432 0.4848676801801801 0.9743806306306306 0.48944256756756754 0.9803631756756757 0.49260979729729726 0.9859938063063063 0.49260979729729726 0.9909206081081081 0.4929617117117117 0.9947916666666666 0.49261448948948944 0.9989583333333333 0.4862753378378378 0.9989583333333333 0.4415822072072072 0.9986627252252251 0.43735923423423423 0.9983108108108107 0.4334881756756756 0.9969031531531531 0.42996903153153154 0.9947916666666666 0.4275056306306306 0.9930320945945946 0.4253941441441441 0.9895129504504504 0.4229307432432432 0.9856418918918918 0.42152308558558554 0.9800112612612613
1 0.15019707207207209 0.989161036036036 0.14632601351351351 0.9789555180180181 0.14562218468468469 0.9768440315315314 0.14527027027027026 0.9743806306306306 0.14491835585585586 0.9712134009009008 0.14491835585585586 0.9676942567567567 0.14491835585585586 0.9631193693693694 0.14597409909909909 0.9581925675675674 0.14738175675675674 0.9532657657657657 0.14984515765765766 0.9486908783783784 0.15336430180180177 0.9444679054054054 0.15688344594594594 0.9413006756756757 0.16181024774774774 0.9388372747747747 0.16744087837837837 0.9377815315315314 0.17553490990990991 0.9384853603603603 0.1804617117117117 0.9402449324324323 0.18538851351351351 0.9430602477477478 0.18961148648648649 0.9469313063063063 0.19348254504504503 0.9518581081081081 0.19700168918918917 0.9578406531531531 0.19981700450450451 0.964527027027027 0.201928490990991 0.9708614864864864 0.20333614864864863 0.9800112612612613 0.20333614864864863 0.9884572072072071 0.2022804054054054 0.9937359234234234 0.1987987987987988 0.9989583333333333 0.15969876126126126 0.9989583333333333 0.15617961711711711 0.9961993243243243
1 0.23817567567567569 0.8681024774774774 0.24767736486486486 0.859304617117117 0.25084459459459457 0.8578969594594594 0.25541948198198194 0.855785472972973 0.2628096846846847 0.8536739864864864 0.27160754504504503 0.8519144144144144 0.2772381756756756 0.8515625 0.2835726351351351 0.8529701576576577 0.2884994369369369 0.8550816441441441 0.2927224099099099 0.8578969594594594 0.2976492117117117 0.8642314189189189 0.30081644144144143 0.870213963963964 0.3022240990990991 0.8765484234234234 0.3029279279279279 0.8835867117117117 0.3029279279279279 0.8899211711711711 0.30081644144144143 0.8955518018018017 0.2976492117117117 0.9011824324324323 0.2937781531531531 0.9054054054054054 0.28885135135135126 0.9075168918918918 0.2835726351351351 0.9082207207207207 0.2761824324324324 0.9082207207207207 0.2687922297297297 0.9071649774774774 0.2624577702702703 0.9061092342342342 0.25753096846846846 0.9039977477477478 0.2526041666666667 0.9011824324324323 0.24697353603603603 0.8969594594594594 0.24204673423423423 0.8916807432432432 0.23887950450450451 0.8878096846846847 0.236768018018018 0.8832347972972973 0.23536036036036034 0.8786599099099098 0.23536036036036034 0.8747888513513513
1 0.12837837837837837 0.847339527027027 0.1389358108108108 0.8385416666666666 0.14597409909909909 0.8367820945945946 0.15160472972972971 0.8360782657657657 0.15653153153153151 0.8364301801801801 0.16216216216216217 0.8378378378378378 0.16673704954954954 0.8399493243243243 0.1727195945945946 0.8434684684684685 0.1779983108108108 0.8494510135135135 0.18186936936936934 0.8554335585585585 0.18468468468468469 0.8621199324324323 0.18679617117117117 0.8698620495495495 0.18714808558558557 0.8772522522522521 0.18714808558558557 0.8835867117117117 0.18574042792792791 0.8892173423423423 0.1829251126126126 0.8934403153153153 0.17940596846846846 0.8969594594594594 0.17412725225225226 0.8980152027027027 0.1684966216216216 0.8980152027027027 0.16005067567567569 0.896607545045045 0.15442004504504503 0.8951998873873873 0.14808558558558557 0.8920326576576577 0.14280686936936934 0.8881615990990991 0.13752815315315312 0.8839386261261261 0.13295326576576577 0.8772522522522521 0.12978603603603603 0.8709177927927928 0.12732263513513514 0.8642314189189189 0.12661880630630631 0.8578969594594594
1 0.023155968468468454 0.8695101351351351 0.02984234234234233 0.8635275900900901 0.033713400900900886 0.8600084459459459 0.036176801801801786 0.8561373873873873 0.03793637387387385 0.8522663288288288 0.0389921171171171 0.8476914414414414 0.0389921171171171 0.8431165540540541 0.0389921171171171 0.838893581081081 0.03793637387387385 0.8346706081081081 0.036176801801801786 0.8307995495495495 0.0340653153153153 0.826928490990991 0.031953828828828815 0.8227055180180181 0.02773085585585584 0.8195382882882883 0.021044481981981965 0.8174268018018017 0.01330236486486485 0.8160191441441441 0.006264076576576561 0.8160191441441441 0.002744932432432416 0.8160191441441441 0.00028153153153151554 0.8163710585585585 0.0 0.8667652027026999 0.0006334459459459298 0.8804194819819819 0.00696790540540539 0.8786599099099098 0.010487049549549534 0.8765484234234234 0.015061936936936922 0.8733811936936937
1 0.0006334459459459298 0.9370777027027027 0.007319819819819804 0.9384853603603603 0.012246621621621606 0.9413006756756757 0.01576576576576575 0.944115990990991 0.021396396396396383 0.9508023648648648 0.02385979729729728 0.9532657657657657 0.027378941441441425 0.9578406531531531 0.02949042792792791 0.9624155405405405 0.03089808558558557 0.966990427927928 0.031249999999999986 0.9740287162162161 0.0316019144144144 0.9817708333333334 0.03089808558558557 0.9866976351351351 0.029138513513513497 0.9909206081081081 0.026323198198198183 0.995143581081081 0.0222150034650034 0.9989583333333333 0.01646959459459458 0.9989583333333333 0.0006334459459459298 0.9989583333333333 0.0 0.9438992117117131
1 0.3367117117117117 0.8146114864864864 0.3286176801801801 0.8153153153153153 0.3254504504504504 0.8153153153153153 0.32122747747747743 0.8149634009009008 0.31418918918918914 0.8128519144144144 0.3099662162162162 0.8096846846846847 0.3060951576576576 0.8061655405405405 0.3032798423423423 0.8015906531531531 0.30187218468468463 0.7966638513513513 0.30152027027027023 0.7903293918918918 0.30152027027027023 0.7854025900900901 0.30257601351351343 0.7808277027027027 0.30433558558558554 0.7762528153153153 0.30644707207207206 0.7727336711711711 0.3099662162162162 0.7685106981981982 0.31383727477477474 0.7660472972972973 0.3180602477477477 0.7646396396396397 0.32298704954954954 0.7639358108108107 0.32721002252252246 0.7639358108108107 0.3321368243243243 0.7649915540540541 0.33635979729729726 0.7667511261261261 0.33987894144144143 0.7688626126126127 0.34269425675675674 0.7727336711711711 0.34445382882882875 0.7755489864864864 0.34586148648648646 0.7801238738738738 0.3469172297297297 0.7864583333333334 0.3469172297297297 0.792088963963964 0.3469172297297297 0.7984234234234234 0.34586148648648646 0.8026463963963963 0.3441019144144144 0.806517454954955 0.3419904279279279 0.8100365990990991
1 0.11500563063063061 0.7202984234234234 0.11113457207207206 0.7122043918918918 0.10937499999999999 0.7086852477477478 0.10867117117117116 0.7041103603603603 0.10867117117117116 0.6988316441441441 0.10867117117117116 0.6939048423423423 0.11043074324324323 0.6882742117117117 0.11289414414414414 0.6840512387387387 0.11535754504504503 0.6801801801801801 0.11817286036036036 0.676661036036036 0.12063626126126126 0.6745495495495495 0.12450731981981981 0.6713823198198198 0.12873029279279277 0.6685670045045045 0.13295326576576577 0.6664555180180181 0.13752815315315312 0.6643440315315314 0.14245495495495494 0.662232545045045 0.14808558558558557 0.6601210585585585 0.1540681306306306 0.6587134009009008 0.15934684684684683 0.658009572072072 0.16603322072072071 0.6569538288288288 0.17201576576576577 0.6566019144144144 0.17694256756756754 0.6566019144144144 0.1804617117117117 0.6576576576576577 0.18327702702702703 0.6587134009009008 0.1875 0.6611768018018017 0.18890765765765766 0.662232545045045 0.19383445945945946 0.6657516891891891 0.19805743243243243 0.6692708333333334 0.20122466216216217 0.674901463963964 0.20333614864864863 0.680884009009009 0.2047438063063063 0.6872184684684685 0.20509572072072071 0.6924971846846847 0.20509572072072071 0.699535472972973 0.20403997747747746 0.7051661036036037 0.2022804054054054 0.7090371621621621 0.19946509009009009 0.7118524774774774 0.19559403153153151 0.7153716216216216 0.19137105855855854 0.7185388513513513 0.18398085585585586 0.7220579954954954 0.17623873873873874 0.7252252252252251 0.17131193693693694 0.7266328828828829 0.16603322072072071 0.7276886261261261 0.16040259009009009 0.7290962837837838 0.15301238738738737 0.7298001126126127 0.14667792792792791 0.7305039414414414 0.14210304054054052 0.7308558558558558 0.13717623873873874 0.7315596846846847 0.13189752252252251 0.7315596846846847 0.12837837837837837 0.7315596846846847 0.12591497747747746 0.7305039414414414 0.12239583333333331 0.728392454954955 0.11852477477477477 0.7255771396396397
1 0.2906109234234234 0.6291525900900901 0.290259009009009 0.6203547297297297 0.29131475225225223 0.6164836711711711 0.2934262387387387 0.6126126126126127 0.2955377252252252 0.6097972972972973 0.29905686936936937 0.6080377252252251 0.3032798423423423 0.6062781531531531 0.30715090090090086 0.6048704954954954 0.31172578828828823 0.6041666666666666 0.3173564189189189 0.6038147522522521 0.32122747747747743 0.6038147522522521 0.3247466216216216 0.6041666666666666 0.32791385135135126 0.6052224099099098 0.33108108108108103 0.6066300675675674 0.33319256756756754 0.6083896396396397 0.33600788288288286 0.611204954954955 0.33811936936936937 0.6143721846846847 0.3391751126126126 0.6196509009009008 0.3391751126126126 0.6252815315315314 0.33811936936936937 0.6305602477477478 0.33635979729729726 0.6340793918918918 0.33424831081081074 0.6372466216216216 0.32896959459459457 0.641821509009009 0.3243947072072072 0.643581081081081 0.3194679054054054 0.6442849099099098 0.31348536036036034 0.6442849099099098 0.3089104729729729 0.6442849099099098 0.3050394144144144 0.643581081081081 0.3011683558558558 0.6421734234234234 0.2987049549549549 0.6404138513513513 0.29518581081081074 0.6372466216216216
1 0.012246621621621606 0.6263372747747747 0.02034065315315314 0.6259853603603603 0.02456362612612611 0.6273930180180181 0.028434684684684672 0.6288006756756757 0.0316019144144144 0.6305602477477478 0.035824887387387365 0.6337274774774774 0.038288288288288265 0.6372466216216216 0.039344031531531515 0.6404138513513513 0.04075168918918917 0.6439329954954954 0.04215934684684683 0.6474521396396397 0.04321509009009007 0.6513231981981982 0.0439189189189189 0.6544904279279279 0.04462274774774773 0.658009572072072 0.04532657657657656 0.6625844594594594 0.04532657657657656 0.6671593468468467 0.04532657657657656 0.6717342342342342 0.0439189189189189 0.6756052927927928 0.04004786036036034 0.6798282657657657 0.03476914414414412 0.6822916666666666 0.03089808558558557 0.6829954954954954 0.024915540540540525 0.6822916666666666 0.019636824324324308 0.6805320945945946 0.015413851351351336 0.6780686936936937 0.011542792792792777 0.6741976351351351 0.008375563063063049 0.670678490990991 0.0006334459459459298 0.658009572072072 0.00028153153153151554 0.637598536036036 0.0016891891891891732 0.6344313063063063 0.0038006756756756594 0.6319679054054054 0.006264076576576561 0.6302083333333334 0.008375563063063049 0.6291525900900901
1 0.22585867117117117 0.5693271396396397 0.22480292792792791 0.5619369369369369 0.22550675675675674 0.5570101351351351 0.22691441441441443 0.5520833333333334 0.22867398648648649 0.5471565315315314 0.23078547297297294 0.5429335585585585 0.2339527027027027 0.5383586711711711 0.23887950450450451 0.534839527027027 0.24591779279279277 0.5320242117117117 0.25541948198198194 0.5309684684684685 0.26421734234234234 0.5309684684684685 0.2705518018018018 0.5316722972972973 0.27547860360360354 0.5330799549549549 0.2800534909909909 0.5358952702702703 0.28498029279279274 0.5394144144144144 0.28814752252252246 0.5425816441441441 0.2909628378378378 0.5464527027027027 0.2930743243243243 0.5510275900900901 0.29448198198198194 0.5570101351351351 0.2948338963963964 0.5626407657657657 0.2948338963963964 0.5665118243243243 0.29413006756756754 0.5689752252252251 0.2930743243243243 0.5724943693693694 0.2909628378378378 0.5753096846846847 0.2853322072072072 0.5763654279279279 0.27970157657657657 0.5774211711711711 0.27583051801801795 0.578125 0.2723113738738739 0.579884572072072 0.2691441441441441 0.5812922297297297 0.2659769144144144 0.5826998873873873 0.2624577702702703 0.5837556306306306 0.2585867117117117 0.584107545045045 0.2533079954954955 0.584107545045045 0.2462697072072072 0.5834037162162161 0.24063907657657657 0.582347972972973 0.23606418918918917 0.5805884009009008 0.2318412162162162 0.578125 0.2290259009009009 0.5753096846846847
1 0.23465653153153151 0.5091497747747747 0.2265625 0.5066863738738738 0.22233952702702703 0.5045748873873873 0.21811655405405403 0.5010557432432432 0.21600506756756754 0.4971846846846847 0.212134009009009 0.48662725225225223 0.2117820945945946 0.47818130630630623 0.21248592342342343 0.4718468468468468 0.21424549549549549 0.4651604729729729 0.2170608108108108 0.45741835585585583 0.22057995495495494 0.45143581081081074 0.22409909909909909 0.44615709459459457 0.22867398648648649 0.4415822072072072 0.2339527027027027 0.4387668918918919 0.24063907657657657 0.43806306306306303 0.2487331081081081 0.4363034909909909 0.2536599099099099 0.4355996621621621 0.25753096846846846 0.4355996621621621 0.26034628378378377 0.4370073198198198 0.26421734234234234 0.4394707207207207 0.26773648648648646 0.44298986486486486 0.2709037162162162 0.44791666666666663 0.27371903153153154 0.45319538288288286 0.27442286036036034 0.45777027027027023 0.27512668918918914 0.46304898648648646 0.27547860360360354 0.4693834459459459 0.27547860360360354 0.47501407657657657 0.27371903153153154 0.4806447072072072 0.2712556306306306 0.48662725225225223 0.26844031531531526 0.4912021396396396 0.26456925675675674 0.4954251126126126 0.26034628378378377 0.4992961711711711 0.2561233108108108 0.5024634009009009 0.24908502252252251 0.505982545045045 0.24275056306306303 0.5087978603603603
1 0.11043074324324323 0.4919059684684684 0.10515202702702701 0.5003519144144144 0.1023367117117117 0.5031672297297297 0.0974099099099099 0.505982545045045 0.09142736486486486 0.5080940315315315 0.08579673423423423 0.5091497747747747 0.07911036036036036 0.5095016891891891 0.07101632882882881 0.5098536036036035 0.0632742117117117 0.5095016891891891 0.05834740990990989 0.5087978603603603 0.05377252252252251 0.5073902027027027 0.048493806306306286 0.5056306306306306 0.046030405405405386 0.5045748873873873 0.0439189189189189 0.5038710585585585 0.038288288288288265 0.5010557432432432 0.03476914414414412 0.49788851351351343 0.03230574324324323 0.4940174549549549 0.030546171171171154 0.48979448198198194 0.030194256756756743 0.48416385135135137 0.030194256756756743 0.47818130630630623 0.031249999999999986 0.47395833333333326 0.033713400900900886 0.46973536036036034 0.036880630630630615 0.4665681306306306 0.04039977477477476 0.4641047297297297 0.04427083333333331 0.4619932432432432 0.04778997747747746 0.46058558558558554 0.052716779279279265 0.4584740990990991 0.056939752252252236 0.45706644144144143 0.06397804054054052 0.45601069819819817 0.0731278153153153 0.45530686936936937 0.07981418918918919 0.45530686936936937 0.08614864864864864 0.4563626126126126 0.09213119369369369 0.4584740990990991 0.09600225225225224 0.4612894144144144 0.09952139639639639 0.4651604729729729 0.10374436936936936 0.46973536036036034 0.1069115990990991 0.47325450450450446 0.10937499999999999 0.47747747747747743 0.11043074324324323 0.4817004504504504 0.11113457207207206 0.4862753378378378
1 0.06996058558558557 0.5918496621621621 0.06820101351351351 0.5964245495495495 0.06503378378378376 0.5988879504504504 0.06116272522522521 0.6009994369369369 0.05658783783783782 0.6017032657657657 0.050253378378378365 0.6017032657657657 0.04286317567567566 0.5999436936936937 0.03723254504504503 0.5978322072072071 0.03230574324324323 0.5953688063063063 0.027378941441441425 0.5918496621621621 0.023155968468468454 0.5879786036036037 0.019636824324324308 0.5848113738738738 0.017173423423423408 0.5802364864864864 0.016117680180180165 0.5717905405405405 0.016821509009008993 0.5626407657657657 0.019988738738738725 0.5559543918918918 0.022452139639639622 0.5520833333333334 0.026323198198198183 0.5499718468468467 0.03230574324324323 0.5485641891891891 0.04075168918918917 0.5482122747747747 0.046734234234234215 0.5485641891891891 0.054124436936936915 0.5510275900900901 0.060106981981981965 0.5541948198198198 0.0632742117117117 0.5580658783783784 0.06503378378378376 0.5626407657657657 0.06679335585585584 0.5682713963963963 0.0678490990990991 0.5728462837837838 0.06855292792792793 0.578125
1 0.17096002252252251 0.4363034909909909 0.16673704954954954 0.4334881756756756 0.16532939189189186 0.43172860360360354 0.1639217342342342 0.4285613738738739 0.16251407657657657 0.42469031531531526 0.16181024774774774 0.4211711711711711 0.16110641891891891 0.41800394144144143 0.16110641891891891 0.41800394144144143 0.16110641891891891 0.4155405405405405 0.16145833333333334 0.41131756756756754 0.16216216216216217 0.4063907657657657 0.1635698198198198 0.40111204954954954 0.1656813063063063 0.39583333333333326 0.1681447072072072 0.39266610360360354 0.17131193693693694 0.3884431306306306 0.17659065315315317 0.3838682432432432 0.18222128378378377 0.3810529279279279 0.18855574324324326 0.37894144144144143 0.19453828828828829 0.3775337837837837 0.19981700450450451 0.3768299549549549 0.20403997747747746 0.3768299549549549 0.20791103603603603 0.3775337837837837 0.21107826576576577 0.37894144144144143 0.21424549549549549 0.3810529279279279 0.2170608108108108 0.3842201576576576 0.2195242117117117 0.3884431306306306 0.22093186936936934 0.39196227477477474 0.2219876126126126 0.39477759009009006 0.22269144144144143 0.40005630630630623 0.22304335585585586 0.40463119369369366 0.22269144144144143 0.40955799549549543 0.22128378378378377 0.4148367117117117 0.22022804054054052 0.41905968468468463 0.21882038288288286 0.4232826576576576 0.21635698198198197 0.4271537162162162 0.21354166666666666 0.4303209459459459 0.20826295045045043 0.43419200450450446 0.20263231981981983 0.4370073198198198 0.1973536036036036 0.44017454954954954 0.1931306306306306 0.442286036036036 0.18362894144144143 0.442286036036036 0.1804617117117117 0.4415822072072072 0.17694256756756754 0.44017454954954954
1 0.052364864864864843 0.41624436936936937 0.0488457207207207 0.41342905405405406 0.0463823198198198 0.40850225225225223 0.04567849099099097 0.40498310810810806 0.04497466216216214 0.4004082207207207 0.04497466216216214 0.3961852477477477 0.04567849099099097 0.3912584459459459 0.04814189189189187 0.3863316441441441 0.050253378378378365 0.3814048423423423 0.05306869369369368 0.3768299549549549 0.05658783783783782 0.37331081081081074 0.06362612612612611 0.3690878378378378 0.07101632882882881 0.3666244369369369 0.0780546171171171 0.36556869369369366 0.08192567567567566 0.36556869369369366 0.08720439189189189 0.3666244369369369 0.09072353603603603 0.3673282657657657 0.09494650900900899 0.36943975225225223 0.0974099099099099 0.3729588963963964 0.09881756756756756 0.37718186936936937 0.09916948198198197 0.38281249999999994 0.09881756756756756 0.3880912162162162 0.09670608108108107 0.39266610360360354 0.09459459459459459 0.3961852477477477 0.0924831081081081 0.39935247747747743 0.08931587837837836 0.403223536036036 0.08650056306306306 0.40603885135135126 0.0829814189189189 0.40955799549549543 0.0780546171171171 0.41342905405405406 0.0731278153153153 0.4158924549549549 0.06855292792792793 0.41694819819819817 0.06257038288288287 0.41765202702702703 0.05764358108108106 0.41765202702702703
1 0.16497747747747746 0.27371903153153154 0.16990427927927926 0.27371903153153154 0.1779983108108108 0.27477477477477474 0.18151745495495494 0.27759009009009006 0.18398085585585586 0.2814611486486486 0.18679617117117117 0.2863879504504504 0.18820382882882883 0.2909628378378378 0.18925957207207209 0.29624155405405406 0.18961148648648649 0.3022240990990991 0.18925957207207209 0.30750281531531526 0.18785191441441443 0.31348536036036034 0.18644425675675674 0.31876407657657657 0.18433277027027026 0.32333896396396394 0.18186936936936934 0.32685810810810806 0.17905405405405403 0.3296734234234234 0.17588682432432431 0.3321368243243243 0.17201576576576577 0.3338963963963964 0.16744087837837837 0.33600788288288286 0.16427364864864863 0.3374155405405405 0.16145833333333334 0.3384712837837837 0.15758727477477477 0.3384712837837837 0.15301238738738737 0.3377674549549549 0.14878941441441443 0.33600788288288286 0.14562218468468469 0.3324887387387387 0.14210304054054052 0.32685810810810806 0.14034346846846846 0.3222832207207207 0.1392877252252252 0.31770833333333326 0.13823198198198197 0.31102195945945943 0.13823198198198197 0.3032798423423423 0.13999155405405403 0.2955377252252252 0.14175112612612611 0.2892032657657657 0.14421452702702703 0.2835726351351351 0.14702984234234234 0.2789977477477477 0.14949324324324326 0.2761824324324324 0.15301238738738737 0.27477477477477474 0.15723536036036034 0.27371903153153154
1 0.017525337837837822 0.3493806306306306 0.016117680180180165 0.3419904279279279 0.015413851351351336 0.3377674549549549 0.015413851351351336 0.33072916666666663 0.01646959459459458 0.3222832207207207 0.019636824324324308 0.3124296171171171 0.02350788288288287 0.3050394144144144 0.028082770270270254 0.30152027027027023 0.03441722972972971 0.29905686936936937 0.04567849099099097 0.29800112612612606 0.05658783783783782 0.2983530405405405 0.06362612612612611 0.3001126126126126 0.06960867117117116 0.30363175675675674 0.0731278153153153 0.3085585585585585 0.0755912162162162 0.3159487612612612 0.07629504504504503 0.32122747747747743 0.07488738738738739 0.32721002252252246 0.07347972972972973 0.3317849099099099 0.07207207207207206 0.3356559684684684 0.06890484234234233 0.34058277027027023 0.0657376126126126 0.3451576576576576 0.06221846846846845 0.3479729729729729 0.05834740990990989 0.3486768018018018 0.054124436936936915 0.35008445945945943 0.049197635135135115 0.3514921171171171 0.04286317567567566 0.3521959459459459 0.03476914414414412 0.3521959459459459 0.028082770270270254 0.3521959459459459 0.02350788288288287 0.3511402027027027
1 0.2948338963963964 0.22022804054054052 0.2976492117117117 0.21565315315315317 0.30046452702702703 0.21283783783783783 0.30433558558558554 0.2096706081081081 0.3085585585585585 0.20685529279279277 0.31278153153153154 0.20509572072072071 0.3180602477477477 0.20403997747747746 0.32580236486486486 0.20368806306306303 0.33424831081081074 0.20403997747747746 0.34093468468468463 0.20509572072072071 0.3476210585585585 0.2072072072072072 0.35289977477477474 0.21037443693693694 0.3564189189189189 0.21459740990990991 0.3588823198198198 0.2195242117117117 0.35923423423423423 0.22550675675675674 0.35782657657657657 0.23254504504504503 0.35571509009009006 0.23747184684684683 0.3521959459459459 0.2438063063063063 0.3486768018018018 0.24697353603603603 0.34339808558558554 0.24978885135135134 0.3374155405405405 0.25225225225225223 0.33143299549549543 0.2526041666666667 0.325098536036036 0.25154842342342343 0.31876407657657657 0.25014076576576577 0.3131334459459459 0.24732545045045043 0.3096143018018018 0.24415822072072071 0.3057432432432432 0.23993524774774774 0.3029279279279279 0.2364161036036036 0.29976069819819817 0.23254504504504503 0.2965934684684684 0.22726632882882883
1 0.21530123873873874 0.24943693693693694 0.20615146396396394 0.24239864864864863 0.20403997747747746 0.23993524774774774 0.2022804054054054 0.23711993243243243 0.20087274774774774 0.23500844594594594 0.1948902027027027 0.22761824324324326 0.19101914414414412 0.21635698198198197 0.18925957207207209 0.20615146396396394 0.18961148648648649 0.19911317567567569 0.19066722972972971 0.19453828828828829 0.1931306306306306 0.19101914414414412 0.1973536036036036 0.18714808558558557 0.2022804054054054 0.18433277027027026 0.20650337837837837 0.18327702702702703 0.21248592342342343 0.18362894144144143 0.22057995495495494 0.18433277027027026 0.22621058558558557 0.18503659909909909 0.23148930180180177 0.18644425675675674 0.2339527027027027 0.18820382882882883 0.23747184684684683 0.1903153153153153 0.24204673423423423 0.19348254504504503 0.24732545045045043 0.19700168918918917 0.25154842342342343 0.20016891891891891 0.2561233108108108 0.20544763513513511 0.2589386261261261 0.20896677927927926 0.2624577702702703 0.21424549549549549 0.26421734234234234 0.22093186936936934 0.26456925675675674 0.22550675675675674 0.26456925675675674 0.22972972972972971 0.2635135135135135 0.23536036036036034 0.26140202702702703 0.2413429054054054 0.2592905405405405 0.24556587837837837 0.2564752252252252 0.2487331081081081 0.2526041666666667 0.25225225225225223 0.25014076576576577 0.2536599099099099 0.24591779279279277 0.2550675675675676 0.24063907657657657 0.2564752252252252 0.23606418918918917 0.2564752252252252 0.23148930180180177 0.2557713963963964 0.2265625 0.25471565315315314 0.21987612612612611 0.2529560810810811
1 0.004856418918918903 0.1931306306306306 0.012950450450450434 0.19137105855855854 0.019284909909909893 0.19101914414414412 0.027378941441441425 0.19242680180180177 0.03300957207207206 0.19418637387387386 0.03723254504504503 0.19700168918918917 0.041807432432432415 0.20052083333333334 0.0463823198198198 0.20579954954954954 0.050253378378378365 0.2117820945945946 0.05377252252252251 0.21670889639639637 0.05658783783783782 0.22374718468468469 0.05869932432432431 0.23254504504504503 0.05905123873873872 0.23958333333333334 0.05834740990990989 0.24451013513513511 0.05588400900900899 0.24697353603603603 0.05201295045045043 0.24943693693693694 0.04743806306306304 0.25119650900900903 0.04251126126126124 0.25225225225225223 0.03547297297297295 0.25436373873873874 0.029138513513513497 0.25471565315315314 0.02385979729729728 0.25471565315315314 0.019284909909909893 0.2536599099099099 0.015413851351351336 0.25190033783783783 0.011190878378378363 0.24978885135135134 0.0066159909909909755 0.24732545045045043 0.00028153153153151554 0.2413429054054054 0.0009853603603603444 0.19946509009009009 0.002041103603603588 0.19664977477477477
1 0.197705518018018 0.012246621621621606 0.20157657657657657 0.010838963963963949 0.20650337837837837 0.010838963963963949 0.21037443693693694 0.011190878378378363 0.21459740990990991 0.01330236486486485 0.21882038288288286 0.016117680180180165 0.2219876126126126 0.019284909909909893 0.22480292792792791 0.02350788288288287 0.22761824324324326 0.027378941441441425 0.22972972972972971 0.031953828828828815 0.23148930180180177 0.039344031531531515 0.23289695945945946 0.046734234234234215 0.23289695945945946 0.052716779279279265 0.23254504504504503 0.05869932432432431 0.23148930180180177 0.06292229729729729 0.22867398648648649 0.06890484234234233 0.22445101351351351 0.07418355855855856 0.21776463963963963 0.07946227477477477 0.21107826576576577 0.0829814189189189 0.20685529279279277 0.08403716216216214 0.201928490990991 0.08403716216216214 0.19594594594594594 0.0829814189189189 0.1903153153153153 0.0801661036036036 0.18679617117117117 0.07664695945945944 0.18398085585585586 0.07242398648648647 0.1804617117117117 0.0657376126126126 0.1779983108108108 0.05834740990990989 0.17659065315315317 0.049197635135135115 0.17659065315315317 0.04075168918918917 0.17729448198198197 0.035121058558558536 0.17975788288288286 0.029138513513513497 0.18222128378378377 0.024915540540540525 0.18574042792792791 0.021748310810810797 0.1899634009009009 0.017877252252252236 0.19418637387387386 0.015061936936936922
1 0.0780546171171171 0.0801661036036036 0.06679335585585584 0.08227759009009007 0.06362612612612611 0.08227759009009007 0.05905123873873872 0.08227759009009007 0.054828265765765744 0.08086993243243243 0.050957207207207186 0.07875844594594593 0.046030405405405386 0.0755912162162162 0.04215934684684683 0.07136824324324323 0.038288288288288265 0.06468186936936934 0.036176801801801786 0.05869932432432431 0.03476914414414412 0.05306869369369368 0.033713400900900886 0.047086148648648636 0.033713400900900886 0.04110360360360358 0.03441722972972971 0.035824887387387365 0.0365287162162162 0.031249999999999986 0.0389921171171171 0.028082770270270254 0.041455518018017994 0.026323198198198183 0.04462274774774773 0.024915540540540525 0.049197635135135115 0.023155968468468454 0.05306869369369368 0.022452139639639622 0.057291666666666644 0.022100225225225208 0.06116272522522521 0.021748310810810797 0.0657376126126126 0.022100225225225208 0.07488738738738739 0.024211711711711697 0.07699887387387386 0.02597128378378377 0.0801661036036036 0.028434684684684672 0.08262950450450449 0.031249999999999986 0.08579673423423423 0.0340653153153153 0.08790822072072071 0.036880630630630615 0.09037162162162161 0.04039977477477476 0.09213119369369369 0.04497466216216214 0.09283502252252251 0.04990146396396395 0.09283502252252251 0.05518018018018016 0.09213119369369369 0.06045889639639638 0.09001970720720719 0.06679335585585584 0.08790822072072071 0.07031249999999999 0.0850929054054054 0.07418355855855856 0.08262950450450449 0.07664695945945944
1 0.37436655405405406 0.01330236486486485 0.3715512387387387 0.021396396396396383 0.37014358108108103 0.02385979729729728 0.3676801801801801 0.027378941441441425 0.36556869369369366 0.030194256756756743 0.3634572072072072 0.03230574324324323 0.3595861486486486 0.03476914414414412 0.3550112612612612 0.035824887387387365 0.35078828828828823 0.036880630630630615 0.3472691441441441 0.03723254504504503 0.3423423423423423 0.037584459459459436 0.3377674549549549 0.03723254504504503 0.3328406531531531 0.035121058558558536 0.32896959459459457 0.030194256756756743 0.3254504504504504 0.02456362612612611 0.32333896396396394 0.01893299549549548 0.32122747747747743 0.012950450450450434 0.3194679054054054 0.00028153153153151554 0.3768299549549549 0.0006334459459459298 0.3768299549549549 0.002041103603603588
1 0.9932795698924731 0.08064516129032258 0.9899193548387096 0.08400537634408602 0.9858870967741936 0.0907258064516129 0.984543010752688 0.09475806451612903 0.9831989247311826 0.09946236559139784 0.9825268817204301 0.10483870967741934 0.9825268817204301 0.11223118279569892 0.9838709677419355 0.11827956989247311 0.9852150537634408 0.12298387096774194 0.9892473118279571 0.12836021505376344 0.9952956989247312 0.13373655913978494 0.9989583333333333 0.1359341397849462 0.9989583333333333 0.07728494623655914
0 0.41645368649318465 0.30647846964064435 0.41703454151177205 0.3006699194547708 0.41742177819083026 0.2971847893432466 0.41742177819083026 0.2940868959107807 0.4176153965303594 0.2909890024783148 0.4176153965303594 0.2886655824039653 0.41742177819083026 0.2844059789343247 0.4168409231722429 0.2791782837670384 0.41703454151177205 0.2766612453531599 0.4180026332094176 0.2745314436183396 0.4195515799256506 0.27433782527881045 0.4214877633209418 0.2762740086741016 0.4216813816604709 0.2791782837670384 0.4224558550185874 0.28343788723667906 0.42303671003717475 0.28731025402726146 0.4232303283767039 0.2902145291201983 0.42303671003717475 0.29486136926889717 0.4224558550185874 0.3002826827757125 0.421875 0.3037678128872367 0.4214877633209418 0.3072529429987609 0.4214877633209418 0.3095763630731103 0.42090690830235444 0.31189978314745975 0.4189707249070632 0.3130614931846345 0.41742177819083026 0.3124806381660471 0.4160664498141264 0.310738073110285
0 0.6121238425925924 0.2907624421296296 0.6047092013888888 0.27828414351851843 0.5978370949074073 0.2645399305555555 0.5958478009259258 0.26164641203703703 0.5951244212962963 0.25839120370370366 0.5951244212962963 0.2565827546296296 0.5965711805555555 0.2564019097222222 0.5978370949074073 0.25839120370370366 0.5994646990740741 0.26056134259259256 0.6012731481481481 0.2636357060185185 0.6032624421296297 0.26707175925925924 0.6048900462962963 0.27032696759259256 0.6061559606481481 0.2730396412037036 0.6076027199074073 0.276294849537037 0.6086877893518517 0.2784649884259259 0.6106770833333334 0.28208188657407407 0.6123046875 0.2847945601851851 0.6141131365740741 0.28714554398148145 0.6155598958333334 0.28895399305555547 0.616283275462963 0.2902199074074074 0.6166449652777778 0.29202835648148145 0.6157407407407407 0.29293258101851843 0.6135706018518517 0.2923900462962962
0 0.50010907504363 0.7196226003490401 0.4897469458987783 0.7171684118673647 0.4739310645724258 0.7152595986038395 0.4714768760907504 0.7147142233856894 0.46820462478184993 0.7136234729493892 0.46520506108202436 0.712532722513089 0.46056937172774864 0.7108965968586387 0.4575698080279232 0.7103512216404886 0.4537521815008726 0.7098058464223385 0.45238874345549734 0.7092604712041884 0.45129799301919715 0.7084424083769634 0.4507526178010471 0.7073516579406631 0.45102530541012215 0.7057155322862129 0.45293411867364747 0.7054428446771379 0.4597513089005235 0.7065335951134379 0.4641143106457242 0.7073516579406631 0.46793193717277487 0.7084424083769634 0.4722949389179755 0.7092604712041884 0.4763852530541012 0.7098058464223385 0.481293630017452 0.7103512216404886 0.48565663176265267 0.7111692844677137 0.49029232111692844 0.7122600349040139 0.49383726003490397 0.713350785340314 0.49874563699825475 0.7149869109947643 0.5017452006980803 0.7163503490401395 0.5041993891797556 0.7177137870855148 0.5050174520069808 0.7207133507853403 0.5036540139616056 0.7212587260034904
0 0.8432873006833713 0.45556900151860286 0.8491007023538345 0.44999288154897493 0.8595410971905847 0.4437049164768413 0.8642867312072894 0.44477268413059984 0.8617952733485194 0.44785734624145784 0.8509989559605163 0.45687405087319666 0.8473210895975704 0.4578231776765376 0.8442364274867123 0.45770453682612
0 0.31927634896621276 0.22330433686333837 0.3219553706505295 0.22361951588502266 0.3235312657589511 0.22409228441754916 0.3258951084215835 0.22488023197175994 0.3287317196167423 0.22551059001512858 0.3307803832576903 0.22645612708018154 0.33188350983358544 0.22755925365607663 0.3345625315179021 0.22866238023197175 0.3359808371154816 0.23023827534039334 0.3351928895612708 0.23197175995965708 0.3325138678769541 0.23055345436207766 0.32936207766011094 0.22929273827534039 0.327471003530005 0.2288199697428139 0.3262102874432678 0.22803202218860313 0.3235312657589511 0.22771684316691881 0.3199067070095814 0.22629853756933935 0.31738527483610685 0.22598335854765506 0.3165973272818961 0.22503782148260212
0 0.7587218915343915 0.2697172619047619 0.755828373015873 0.27033730158730157 0.7562417328042328 0.2734375 0.7603753306878307 0.2732308201058201 0.7680224867724869 0.27281746031746035 0.7733961640211641 0.2726107804232804 0.7804232804232804 0.27033730158730157 0.7872437169312169 0.26868386243386244 0.7919973544973545 0.26847718253968256 0.7938574735449735 0.26620370370370366 0.7936507936507937 0.2647569444444444 0.7800099206349207 0.26455026455026454 0.7721560846560845 0.2657903439153439 0.7657490079365079 0.2674437830687831 0.7612020502645502 0.26868386243386244
0 0.7878521126760564 0.3818745808182428 0.7803068410462777 0.38837189805499667 0.7742287055667337 0.39424044265593566 0.7685697518443998 0.40052816901408456 0.767940979208585 0.403462441314554 0.7729711602951039 0.4017857142857143 0.778420523138833 0.39801307847082495 0.784498658618377 0.3931924882629108 0.7863849765258216 0.3913061703554661 0.7874329309188465 0.38816230717639166
0 0.6961473285486444 0.34963118022328554 0.6985147527910686 0.3556120414673047 0.7023773923444977 0.36072069377990434 0.7052432216905902 0.3640849282296651 0.7074860446570973 0.3683213716108453 0.7096042663476875 0.3709379984051037 0.7117224880382776 0.3724332137161085 0.7140899122807018 0.37268241626794263 0.716332735247209 0.371561004784689 0.71247009569378 0.3680721690590112 0.7109748803827751 0.36470793460925044 0.7084828548644339 0.36134370015948963 0.7062400318979267 0.3587270733652313 0.7042464114832536 0.35710725677830946 0.7018789872408294 0.3534938197767145 0.7008821770334929 0.35187400318979273 0.6991377591706539 0.3493819776714514
0 0.7196150519031141 0.7091623414071511 0.7224985582468281 0.7068194925028836 0.7334919261822376 0.7066392733564013 0.7412413494809689 0.706278835063437 0.7486303344867358 0.7082612456747405 0.7529555940023068 0.7084414648212225 0.7576412918108419 0.7109645328719724 0.7603445790080737 0.7129469434832757 0.7583621683967704 0.7152897923875432 0.7511534025374856 0.7170919838523645 0.7477292387543252 0.717993079584775 0.741601787773933 0.7161908881199538 0.734212802768166 0.7158304498269896 0.7293468858131488 0.7143886966551326 0.7243007497116493 0.712045847750865 0.720876585928489 0.7107843137254902
0 0.9096045197740114 0.8983050847457626 0.9117231638418078 0.8972457627118644 0.9201977401129944 0.9036016949152542 0.9269067796610169 0.9103107344632768 0.9314971751412429 0.9150776836158191 0.936617231638418 0.9200211864406779 0.9394420903954802 0.9244350282485876 0.9396186440677965 0.9284957627118644 0.9334392655367231 0.9279661016949152 0.9254943502824858 0.9224929378531073 0.9175494350282486 0.9141949152542372 0.9143714689265536 0.9087217514124293 0.909957627118644 0.9021892655367231
0 0.5781857976653697 0.8471141374837874 0.5844682230869002 0.8477221141374839 0.5952091439688716 0.8546125162127108 0.5982490272373542 0.8608949416342413 0.5986543450064852 0.8653534370946824 0.5937905317769131 0.8690012970168614 0.5897373540856031 0.8673800259403373 0.5846708819714657 0.8627188715953308 0.5818336575875487 0.8592736705577173 0.5802123865110247 0.8554231517509728 0.5791990920881972 0.8491407263294424
0 0.4422016861219196 0.9800583657587549 0.4454442282749676 0.9782344357976654 0.45091601815823606 0.9780317769131 0.4578064202334631 0.9788424124513619 0.46206225680933855 0.9800583657587549 0.4651021400778211 0.9814769779507134 0.46631809338521407 0.9835035667963684 0.46429150453955903 0.9855301556420234 0.46165693904020755 0.9861381322957199 0.45618514915693903 0.9855301556420234 0.4521319714656291 0.9845168612191959 0.4497000648508431 0.9839088845654994 0.4464575226977951 0.9828955901426719 0.4438229571984436 0.9820849546044099
0 0.8620852187028658 0.5540629713423831 0.865620286576169 0.5557126696832579 0.8618495475113123 0.5578337104072398 0.8545437405731524 0.5601904223227753 0.8470022624434389 0.5630184766214178 0.839696455505279 0.5653751885369532 0.8316836349924586 0.5667892156862745 0.8255561840120664 0.5679675716440422 0.8168363499245852 0.5689102564102565 0.8151866515837104 0.567024886877828 0.8203714177978884 0.5644325037707391 0.828384238310709 0.5641968325791855 0.8356900452488688 0.5634898190045249 0.8420531674208145 0.5618401206636501 0.8444098793363499 0.5606617647058824 0.8481806184012066 0.5590120663650076 0.8510086726998493 0.5578337104072398 0.8550150829562594 0.5566553544494721 0.8585501508295627 0.5554769984917044
0 0.5319098793363499 0.16661953242835595 0.5370946455505279 0.1661481900452489 0.5392156862745098 0.16803355957767724 0.5354449472096531 0.17934577677224736 0.5302601809954751 0.1859445701357466 0.5257824283559578 0.1906579939668175 0.5222473604826546 0.1932503770739065 0.5177696078431373 0.19678544494720965 0.513763197586727 0.198670814479638 0.5102281297134239 0.19937782805429866 0.5057503770739065 0.19961349924585217 0.5000942684766214 0.20079185520361992 0.5000942684766214 0.19702111613876322 0.5029223227752639 0.19112933634992457 0.508578431372549 0.18618024132730016 0.51329185520362 0.18240950226244343 0.515884238310709 0.1795814479638009 0.518947963800905 0.17698906485671193 0.5220116892911011 0.17392533936651583 0.527196455505279 0.17015460030165913
0 0.45616948470209345 0.8662942834138487 0.4637177938808374 0.8632749597423511 0.4722725442834139 0.8632749597423511 0.4803240740740741 0.8652878421900162 0.48510466988727863 0.8678039452495975 0.4903884863123994 0.8695652173913044 0.49315619967793883 0.8733393719806765 0.4921497584541063 0.876358695652174 0.48510466988727863 0.8781199677938809 0.4788144122383253 0.8778683574879228 0.47126610305958133 0.8771135265700484 0.4662338969404187 0.876358695652174 0.4624597423510467 0.8753522544283414 0.45717592592592593 0.8715780998389694 0.4551630434782609 0.8708232689210951
0 0.8637152777777778 0.32479745370370366 0.8695023148148148 0.32383294753086417 0.8743248456790124 0.32383294753086417 0.880594135802469 0.3257619598765432 0.8832465277777778 0.3267264660493827 0.8856577932098765 0.32841435185185186 0.8834876543209875 0.3296199845679012 0.87866512345679 0.330102237654321 0.8755304783950617 0.330102237654321 0.8728780864197531 0.32986111111111105 0.8692611882716048 0.3291377314814815 0.8666087962962962 0.32841435185185186 0.865162037037037 0.3281732253086419
0 0.8107171156893819 0.14923402007395667 0.813688589540412 0.14840861067089275 0.8146790808240887 0.1541864764923402 0.8146790808240887 0.1571579503433703 0.8143489170628632 0.15963417855256207 0.8118726888536714 0.16310089804543051 0.8105520338087691 0.1654120443740095 0.8093964606444797 0.16772319070258848 0.8089012150026413 0.17019941891178023 0.8077456418383517 0.17201531959852087 0.8049392498679345 0.17284072900158476 0.8026281035393554 0.17218040147913363 0.8013074484944532 0.16970417326994186 0.8014725303750659 0.1662374537770734 0.8031233491811938 0.16293581616481773 0.8047741679873217 0.15979926043317486 0.8057646592709984 0.1569928684627575 0.8067551505546751 0.15451664025356576
0 0.8624387254901962 0.9552258403361346 0.8477766106442578 0.9561011904761905 0.8388042717086835 0.9591649159663866 0.8276435574229691 0.9661677170868348 0.8324579831932774 0.973608193277311 0.8423056722689075 0.974045868347339 0.8528098739495799 0.973170518207283 0.8611257002801121 0.9659488795518207 0.8650647759103641 0.9626663165266106 0.8663778011204483 0.9578518907563025
0 0.1460835835835836 0.8577327327327328 0.15578078078078078 0.8658658658658658 0.1657907907907908 0.8730605605605606 0.1657907907907908 0.8786911911911911 0.15296546546546544 0.8733733733733734 0.14952452452452453 0.8686811811811811 0.14451951951951952 0.8617992992992993
0 0.003128128128128128 0.962525025025025 0.006881881881881881 0.9584584584584585 0.011574074074074073 0.9550175175175174 0.014076576576576577 0.9543918918918919 0.015953453453453455 0.9584584584584585 0.015015015015015015 0.9650275275275274 0.014076576576576577 0.9697197197197197 0.012199699699699699 0.975975975975976 0.009384384384384385 0.9797297297297297 0.0065690690690690685 0.982545045045045 0.005005005005005005 0.9844219219219219 0.0003128128128128128 0.9884884884884885
0 0.3221971971971972 0.7807807807807807 0.32094594594594594 0.7860985985985987 0.32251001001001 0.790477977977978 0.32251001001001 0.797047047047047 0.3243868868868869 0.7979854854854854 0.327515015015015 0.7942317317317317 0.3272022022022022 0.7914164164164164 0.32595095095095095 0.7873498498498498 0.3243868868868869 0.783596096096096
0 0.12293543543543543 0.7107107107107107 0.1363863863863864 0.7022647647647647 0.15452952952952953 0.6956956956956957 0.17454954954954954 0.6897522522522522 0.18330830830830833 0.6866241241241241 0.18174424424424424 0.6831831831831832 0.1758008008008008 0.6841216216216216 0.1589089089089089 0.690377877877878 0.14764764764764765 0.693506006006006 0.13826326326326327 0.698511011011011 0.13075575575575576 0.7010135135135135 0.127002002002002 0.7028903903903904
0 0.30436686686686687 0.6256256256256256 0.3118743743743744 0.6246871871871871 0.3196946946946947 0.6228103103103103 0.32595095095095095 0.6218718718718719 0.32063313313313313 0.6196821821821821 0.3112487487487487 0.6206206206206206 0.3059309309309309 0.6218718718718719
0 0.24868618618618618 0.5486736736736737 0.2574449449449449 0.5458583583583584 0.2602602602602603 0.5452327327327328 0.2655780780780781 0.5458583583583584 0.2699574574574575 0.5467967967967967 0.27245995995996 0.5489864864864864 0.2752752752752753 0.5521146146146146 0.26839339339339335 0.5552427427427428 0.26620370370370366 0.5561811811811811 0.26182432432432434 0.5577452452452453 0.25681931931931934 0.5605605605605606 0.2505630630630631 0.5605605605605606 0.24774774774774774 0.5608733733733734 0.2443068068068068 0.5608733733733734 0.24242992992992993 0.559622122122122 0.24242992992992993 0.556493993993994 0.243993993993994 0.5543043043043043 0.24524524524524524 0.5524274274274273
0 0.05255255255255255 0.4804804804804805 0.05411661661661661 0.4789164164164164 0.06037287287287287 0.47766516516516516 0.06475225225225226 0.47766516516516516 0.06913163163163163 0.47766516516516516 0.07413663663663664 0.47766516516516516 0.07851601601601602 0.4792292292292292 0.0832082082082082 0.4817317317317317 0.08758758758758758 0.4832957957957958 0.08821321321321321 0.4864239239239239 0.08039289289289289 0.48611111111111105 0.0731981981981982 0.48611111111111105 0.06913163163163163 0.4857982982982983 0.06600350350350351 0.4854854854854855 0.06381381381381382 0.48485985985985985 0.05880880880880881 0.482982982982983
0 0.16328828828828829 0.2921671671671672 0.16078578578578578 0.3003003003003003 0.16078578578578578 0.30655655655655656 0.16078578578578578 0.31343843843843844 0.1614114114114114 0.31906906906906907 0.1636011011011011 0.3221971971971972 0.1657907907907908 0.32063313313313313 0.16672922922922923 0.3153153153153153 0.16766766766766766 0.31156156156156156 0.1686061061061061 0.30655655655655656 0.16923173173173173 0.30405405405405406 0.1707957957957958 0.29685935935935936 0.16985735735735735 0.2896646646646647 0.1657907907907908 0.2896646646646647
0 0.34565815815815815 0.11073573573573572 0.35629379379379383 0.10823323323323322 0.36505255255255253 0.1072947947947948 0.37568818818818817 0.10854604604604605 0.38288288288288286 0.11073573573573572 0.38507257257257255 0.1122997997997998 0.3835085085085085 0.1148023023023023 0.37631381381381385 0.11511511511511512 0.37130880880880884 0.11511511511511512 0.36630380380380384 0.11417667667667668 0.36067317317317316 0.11417667667667668 0.3550425425425425 0.11417667667667668 0.35066316316316315 0.11417667667667668
0 0.4914289289289289 0.08664914914914915 0.49674674674674674 0.08602352352352352 0.5017517517517517 0.08664914914914915 0.5058183183183184 0.0879004004004004 0.5089464464464464 0.09009009009009009 0.5133258258258259 0.09290540540540541 0.5155155155155156 0.09353103103103104 0.5202077077077077 0.09728478478478479 0.5220845845845845 0.09884884884884884 0.5227102102102102 0.10103853853853854 0.5170795795795795 0.10166416416416417 0.5123873873873873 0.10197697697697697 0.5076951951951952 0.10197697697697697 0.504567067067067 0.10010010010010009 0.5020645645645645 0.09822322322322322 0.4983108108108108 0.09572072072072071 0.4958083083083083 0.09321821821821821 0.49268018018018017 0.09102852852852854
0 0.630005005005005 0.07726476476476477 0.6196821821821821 0.08164414414414414 0.6121746746746747 0.0853978978978979 0.6074824824824824 0.08977727727727729 0.6018518518518517 0.09884884884884884 0.5974724724724724 0.10322822822822822 0.5971596596596597 0.1101101101101101 0.5996621621621621 0.11104854854854855 0.6056056056056056 0.10792042042042042 0.6112362362362362 0.10416666666666667 0.6221846846846847 0.09916166166166167 0.6268768768768769 0.08821321321321321 0.6287537537537538 0.08571071071071071 0.6296921921921921 0.08164414414414414
0 0.9951790633608816 0.5238464187327824 0.9887224517906337 0.5341769972451791 0.9861398071625345 0.5423553719008265 0.9857093663911846 0.5462293388429752 0.9904442148760331 0.5432162534435262 0.9964703856749312 0.5397727272727273 0.9977617079889807 0.5380509641873278
0 0.943956611570248 0.4528236914600551 0.9383608815426997 0.45497589531680444 0.9336260330578513 0.4622933884297521 0.9288911845730028 0.4678891184573003 0.9258780991735538 0.4721935261707989 0.9228650137741048 0.47520661157024796 0.9211432506887053 0.48037190082644626 0.9211432506887053 0.4846763085399449 0.9280303030303031 0.48252410468319556 0.9293216253443526 0.48037190082644626 0.9357782369146006 0.47692837465564736 0.9409435261707989 0.4734848484848485 0.943956611570248 0.4700413223140496 0.9474001377410469 0.46573691460055094 0.9495523415977961 0.46014118457300274 0.9495523415977961 0.45626721763085404
