1 0.7065763052208834 0.3514056224899598 0.7031249999999999 0.3463855421686747 0.7021837349397589 0.3432479919678714 0.7018699799196786 0.33979668674698793 0.7015562248995983 0.3360316265060241 0.7015562248995983 0.3319528112449799 0.7028112449799196 0.32724648594377503 0.704066265060241 0.32254016064257024 0.7059487951807228 0.3187751004016064 0.709086345381526 0.3143825301204819 0.7134789156626505 0.3099899598393574 0.7184989959839356 0.3059111445783132 0.7228915662650602 0.30277359437751 0.7272841365461847 0.30057730923694775 0.7323042168674697 0.29806726907630515 0.7373242971887549 0.2958709839357429 0.7407756024096385 0.29461596385542166 0.7445406626506023 0.2933609437751004 0.7498744979919678 0.2927334337349397 0.7552083333333333 0.29210592369477906 0.7592871485943775 0.2917921686746988 0.7624246987951807 0.2917921686746988 0.7646209839357428 0.2933609437751004 0.7668172690763052 0.2952434738955823 0.7690135542168673 0.2968122489959839 0.7718373493975903 0.2983810240963855 0.7746611445783133 0.30026355421686746 0.7768574297188754 0.30151857429718876 0.7790537148594378 0.30308734939759036 0.7806224899598393 0.30559738955823296 0.782191265060241 0.30747991967871485 0.7834462851405621 0.30967620481927705 0.7850150602409638 0.31312751004016065 0.7859563253012047 0.3175200803212851 0.7856425702811245 0.32222640562248994 0.7834462851405621 0.32630522088353414 0.7815637550200802 0.3294427710843373 0.7790537148594378 0.3335215863453815 0.7768574297188754 0.33697289156626503 0.773406124497992 0.34073795180722893 0.7708960843373494 0.34387550200803213 0.7671310240963856 0.34701305220883527 0.7646209839357428 0.3488955823293172 0.7605421686746987 0.3514056224899598 0.7580321285140562 0.3532881526104417 0.7526982931726907 0.35673945783132527 0.7489332329317269 0.3589357429718875 0.745168172690763 0.3608182730923694 0.7414031124497991 0.362387048192771 0.7360692771084337 0.363328313253012 0.7307354417670682 0.363328313253012 0.7257153614457831 0.362387048192771 0.7222640562248995 0.3614457831325301 0.7184989959839356 0.3605045180722891 0.7141064257028111 0.35862198795180716 0.7109688755020079 0.35705321285140557
1 0.8421184738955823 0.39470381526104414 0.8411772088353413 0.39282128514056225 0.8389809236947791 0.3868599397590361 0.8383534136546184 0.38278112449799195 0.838039658634538 0.3783885542168674 0.838039658634538 0.37368222891566266 0.8389809236947791 0.36866214859437746 0.8402359437751004 0.3648970883534136 0.8414909638554217 0.36113202811244977 0.8430597389558232 0.35799447791164657 0.8446285140562249 0.354543172690763 0.8468247991967871 0.3504643574297189 0.8480798192771084 0.3473268072289156 0.8499623493975903 0.34387550200803213 0.8518448795180722 0.34262048192771083 0.854668674698795 0.3416792168674698 0.860316265060241 0.34136546184738953 0.8656501004016063 0.34136546184738953 0.8703564257028111 0.3416792168674698 0.8734939759036143 0.34262048192771083 0.8766315261044176 0.3441892570281124 0.8800828313253012 0.3463855421686747 0.8832203815261044 0.34858182730923687 0.8860441767068272 0.3507781124497992 0.8901229919678714 0.35391566265060237 0.8929467871485942 0.3557981927710843 0.8945155622489959 0.35673945783132527 0.8979668674698794 0.3583082329317269 0.9001631526104418 0.3608182730923694 0.901418172690763 0.36458333333333326 0.9026731927710843 0.3692896586345381 0.903300702811245 0.3749372489959839 0.9039282128514056 0.3805848393574297 0.9039282128514056 0.38591867469879515 0.9036144578313252 0.39125251004016065 0.9023594377510039 0.3959588353413654 0.9011044176706826 0.3997238955823293 0.8998493975903614 0.40223393574297184 0.8989081325301205 0.4050577309236948 0.8970256024096385 0.40945030120481923 0.8951430722891566 0.4141566265060241 0.8932605421686746 0.41635291164658633 0.8894954819277108 0.41823544176706823 0.8860441767068272 0.41949046184738953 0.881024096385542 0.4198042168674698 0.8775727911646585 0.41949046184738953 0.8725527108433735 0.41886295180722893 0.8684738955823292 0.41792168674698793 0.8634538152610441 0.4157254016064257 0.8593749999999999 0.4141566265060241 0.8556099397590361 0.41196034136546184 0.8530998995983935 0.4100778112449799 0.848707329317269 0.40631275100401604 0.8452560240963856 0.4016064257028112
1 0.9058107429718875 0.3128137550200803 0.9036144578313252 0.3043423694779116 0.9042419678714858 0.2999497991967871 0.9054969879518071 0.2952434738955823 0.9073795180722891 0.2911646586345381 0.9098895582329316 0.28739959839357426 0.9120858433734939 0.284262048192771 0.9149096385542168 0.2820657630522088 0.9186746987951807 0.2801832329317269 0.9211847389558232 0.27892821285140557 0.9249497991967871 0.27735943775100397 0.9290286144578312 0.276418172690763 0.9337349397590361 0.27547690763052207 0.9371862449799196 0.2751631526104417 0.9406375502008031 0.2751631526104417 0.9453438755020079 0.2751631526104417 0.9497364457831324 0.2751631526104417 0.9550702811244979 0.27547690763052207 0.9594628514056224 0.276418172690763 0.9638554216867469 0.27735943775100397 0.9682479919678714 0.2792419678714859 0.9723268072289156 0.28143825301204817 0.9764056224899598 0.2833207831325301 0.979543172690763 0.285203313253012 0.9823669678714858 0.28739959839357426 0.9848770080321284 0.2911646586345381 0.9870732931726907 0.2952434738955823 0.9892695783132529 0.30026355421686746 0.9898970883534136 0.30716616465863456 0.9889558232931727 0.3112449799196787 0.9858182730923695 0.31501004016064255 0.9820532128514056 0.3187751004016064 0.9789156626506023 0.32128514056224894 0.9748368473895581 0.3234814257028112 0.9726405622489959 0.3244226907630522 0.969816767068273 0.32630522088353414 0.9669929718875501 0.32818775100401604 0.9635416666666665 0.330070281124498 0.9604041164658633 0.33132530120481923 0.9563253012048192 0.33258032128514053 0.9528739959839356 0.3335215863453815 0.9475401606425702 0.33414909638554213 0.9400100401606425 0.3344628514056225 0.9349899598393574 0.3344628514056225 0.9309111445783133 0.33320783132530113 0.9249497991967871 0.3310115461847389 0.9196159638554217 0.3285015060240964 0.9152233935742972 0.32567771084337344 0.9114583333333333 0.3219126506024096 0.9089482931726907 0.3184613453815261 0.9073795180722891 0.31563755020080314
1 0.8891817269076304 0.24096385542168672 0.889809236947791 0.23437499999999997 0.8913780120481927 0.2302961847389558 0.8929467871485942 0.22684487951807228 0.8948293172690762 0.22370732931726905 0.8976531124497991 0.2202560240963855 0.9023594377510039 0.21680471887550198 0.9076932730923695 0.21366716867469876 0.9130271084337348 0.2108433734939759 0.9174196787148593 0.20896084337349397 0.9208709839357428 0.20833333333333331 0.925891064257028 0.20707831325301204 0.9296561244979918 0.2064508032128514 0.9343624497991967 0.2064508032128514 0.9381275100401606 0.2067645582329317 0.9415788152610441 0.20739206827309237 0.9456576305220883 0.20770582329317266 0.9494226907630522 0.20833333333333331 0.9528739959839356 0.2092745983935743 0.9578940763052208 0.2114708835341365 0.9616591365461847 0.21303965863453814 0.9657379518072289 0.21523594377510039 0.9685617469879517 0.21805973895582328 0.9701305220883534 0.2202560240963855 0.9729543172690762 0.2227660642570281 0.9745230923694778 0.2259036144578313 0.9754643574297188 0.23123744979919678 0.9751506024096385 0.23845381526104417 0.9738955823293173 0.24316014056224897 0.9716992971887549 0.2462976907630522 0.967934236947791 0.24943524096385541 0.9651104417670682 0.2506902610441767 0.9622866465863453 0.2522590361445783 0.9600903614457831 0.25320030120481923 0.9566390562248995 0.2535140562248996 0.9500502008032128 0.2547690763052209 0.9459713855421686 0.2553965863453815 0.9418925702811244 0.2563378514056225 0.9374999999999999 0.2575928714859438 0.934676204819277 0.2582203815261044 0.9296561244979918 0.25853413654618473 0.9255773092369477 0.2591616465863454 0.9227535140562249 0.2591616465863454 0.91804718875502 0.2591616465863454 0.9130271084337348 0.25727911646586343 0.909262048192771 0.2550828313253012 0.9051832329317268 0.2535140562248996 0.9020456827309236 0.25194528112449793 0.8995356425702811 0.2497489959839357 0.8970256024096385 0.24818022088353411 0.8942018072289156 0.2462976907630522 0.891691767068273 0.24378765060240962
1 0.8173318273092369 0.1433860441767068 0.8170180722891566 0.1371109437751004 0.8173318273092369 0.1342871485943775 0.8179593373493975 0.13146335341365462 0.8195281124497991 0.1283258032128514 0.8217243975903614 0.12518825301204817 0.8242344377510039 0.12205070281124497 0.8267444779116465 0.11985441767068271 0.8298820281124498 0.11797188755020079 0.8339608433734939 0.11608935742971886 0.8367846385542168 0.11483433734939759 0.8405496987951807 0.11201054216867469 0.8440010040160641 0.10981425702811244 0.848707329317269 0.10855923694779115 0.8534136546184737 0.10855923694779115 0.8568649598393574 0.10855923694779115 0.8609437751004015 0.10950050200803213 0.8647088353413654 0.11138303212851405 0.8687876506024096 0.11232429718875502 0.8728664658634538 0.11295180722891565 0.876004016064257 0.11389307228915663 0.8800828313253012 0.1151480923694779 0.8835341365461847 0.11671686746987951 0.8869854417670682 0.11922690763052209 0.8907505020080321 0.12142319277108432 0.8942018072289156 0.12456074297188754 0.8963980923694778 0.12801204819277107 0.8982806224899598 0.1330321285140562 0.8992218875502007 0.1374246987951807 0.8985943775100401 0.1446410642570281 0.8973393574297188 0.14809236947791163 0.8945155622489959 0.15122991967871485 0.8891817269076304 0.15530873493975902 0.8854166666666665 0.15813253012048192 0.8813378514056224 0.16127008032128512 0.8778865461847388 0.1634663654618474 0.8734939759036143 0.16597640562248994 0.8687876506024096 0.16785893574297187 0.8650225903614458 0.16848644578313252 0.8593749999999999 0.16942771084337346 0.8534136546184737 0.1697414658634538 0.84964859437751 0.16942771084337346 0.8443147590361445 0.16785893574297187 0.83992218875502 0.16566265060240962 0.8355296184738955 0.16283885542168672 0.832078313253012 0.1609563253012048 0.8273719879518071 0.15813253012048192 0.8239206827309237 0.1549949799196787 0.8210968875502007 0.15122991967871485 0.8189006024096385 0.14683734939759036
1 0.5719754016064257 0.2767319277108433 0.5713478915662651 0.2682605421686747 0.5713478915662651 0.26449548192771083 0.5716616465863453 0.26135793172690763 0.5726029116465863 0.2579066265060241 0.5732304216867469 0.2547690763052209 0.5744854417670683 0.25131777108433734 0.5763679718875501 0.24723895582329317 0.5782505020080321 0.2450426706827309 0.580133032128514 0.24347389558232932 0.5826430722891566 0.24159136546184737 0.5854668674698794 0.24096385542168672 0.589859437751004 0.24096385542168672 0.5929969879518071 0.2419051204819277 0.5951932730923695 0.24316014056224897 0.5980170682730923 0.2450426706827309 0.6011546184738955 0.24692520080321284 0.603664658634538 0.24943524096385541 0.6068022088353413 0.25320030120481923 0.6086847389558232 0.2553965863453815 0.6105672690763052 0.25853413654618473 0.6124497991967871 0.2607304216867469 0.6146460843373494 0.2635542168674699 0.617156124497992 0.2670055220883534 0.6187248995983936 0.270456827309237 0.6199799196787148 0.2739081325301205 0.6206074297188754 0.27735943775100397 0.6206074297188754 0.2801832329317269 0.6206074297188754 0.28269327309236947 0.6206074297188754 0.28551706827309237 0.6202936746987951 0.2883408634538152 0.6193524096385541 0.2917921686746988 0.6184111445783133 0.29461596385542166 0.617156124497992 0.2977535140562249 0.6168423694779116 0.3008910642570281 0.6165286144578312 0.3024598393574297 0.613391064257028 0.3043423694779116 0.6099397590361445 0.3059111445783132 0.6071159638554217 0.30747991967871485 0.6020958835341366 0.3087349397590361 0.5973895582329317 0.3087349397590361 0.5929969879518071 0.30716616465863456 0.5895456827309237 0.30496987951807225 0.5857806224899598 0.30277359437751 0.5817018072289156 0.2996360441767068 0.5776229919678715 0.29743975903614456 0.5747991967871485 0.29304718875502006 0.5741716867469879 0.28896837349397586 0.5738579317269076 0.28583082329317266
1 0.49636044176706823 0.22088353413654618 0.48600652610441764 0.2171184738955823 0.4841239959839357 0.21617720883534136 0.4825552208835341 0.21523594377510039 0.47941767068273083 0.21178463855421684 0.47722138554216864 0.2095883534136546 0.475652610441767 0.20488202811244977 0.4747113453815261 0.20143072289156624 0.4747113453815261 0.19672439759036145 0.47439759036144574 0.19421435742971885 0.47628012048192764 0.19233182730923692 0.4797314257028112 0.18793925702811246 0.48192771084337344 0.18574297188755018 0.4838102409638554 0.18354668674698793 0.4856927710843373 0.18135040160642568 0.4885165662650602 0.1788403614457831 0.4916541164658634 0.17664407630522086 0.49447791164658633 0.1753890562248996 0.4973017068273092 0.17476154618473894 0.502008032128514 0.1744477911646586 0.5057730923694779 0.1744477911646586 0.5095381526104418 0.1744477911646586 0.5129894578313252 0.1725652610441767 0.5161270080321284 0.17068273092369476 0.5192645582329317 0.16911395582329317 0.5217745983935742 0.16880020080321284 0.5249121485943775 0.17005522088353411 0.5289909638554217 0.17005522088353411 0.5311872489959839 0.17005522088353411 0.5336972891566264 0.17068273092369476 0.5365210843373494 0.17193775100401607 0.5393448795180723 0.172879016064257 0.5421686746987951 0.1741340361445783 0.544992469879518 0.17601656626506024 0.5481300200803213 0.1788403614457831 0.5506400602409638 0.18135040160642568 0.5525225903614458 0.18417419678714858 0.553777610441767 0.18699799196787145 0.5547188755020079 0.19076305220883533 0.5553463855421686 0.19609688755020077 0.5553463855421686 0.20143072289156624 0.5540913654618473 0.20582329317269074 0.5512675702811245 0.21021586345381524 0.5481300200803213 0.21366716867469876 0.5443649598393574 0.21649096385542166 0.5418549196787148 0.21837349397590358 0.5387173694779116 0.2215110441767068 0.5362073293172691 0.22307981927710843 0.5330697791164658 0.22339357429718873 0.5286772088353413 0.22339357429718873 0.5104794176706827 0.2227660642570281 0.5054593373493975 0.22245230923694775
1 0.6403739959839357 0.22809989959839355 0.6325301204819277 0.2202560240963855 0.625941265060241 0.2120983935742972 0.6243724899598393 0.2099021084337349 0.6228037148594378 0.2067645582329317 0.6218624497991968 0.20425451807228914 0.6206074297188754 0.20111696787148592 0.6199799196787148 0.19829317269076305 0.6196661646586344 0.1948418674698795 0.6190386546184737 0.19107680722891565 0.6187248995983936 0.18668423694779115 0.6190386546184737 0.18229166666666663 0.6196661646586344 0.17978162650602408 0.6212349397590361 0.17601656626506024 0.6224899598393574 0.173820281124498 0.6243724899598393 0.17131024096385541 0.6265687751004017 0.16911395582329317 0.6290788152610441 0.16754518072289154 0.6331576305220883 0.16660391566265056 0.6366089357429718 0.16534889558232932 0.6403739959839357 0.16440763052208834 0.6428840361445782 0.16409387550200802 0.646649096385542 0.16409387550200802 0.6513554216867469 0.16472138554216864 0.6548067269076304 0.16566265060240962 0.6585717871485943 0.16629016064257027 0.6639056224899598 0.16785893574297187 0.6686119477911646 0.1697414658634538 0.674887048192771 0.1722515060240964 0.6852409638554217 0.1772715863453815 0.6959086345381525 0.18511546184738953 0.6987324297188754 0.18762550200803213 0.701242469879518 0.19013554216867468 0.7031249999999999 0.19233182730923692 0.7056350401606425 0.1948418674698795 0.7087725903614458 0.19860692771084337 0.7109688755020079 0.2020582329317269 0.7128514056224898 0.20582329317269074 0.7144201807228915 0.2092745983935743 0.7150476907630522 0.2127259036144578 0.7156752008032128 0.2171184738955823 0.7159889558232931 0.2202560240963855 0.7163027108433735 0.22402108433734938 0.7163027108433735 0.2274723895582329 0.7159889558232931 0.2315512048192771 0.7147339357429718 0.23688504016064255 0.7125376506024096 0.24065010040160642 0.710027610441767 0.24347389558232932 0.7081450803212851 0.2450426706827309 0.7043800200803213 0.24598393574297187 0.6965361445783133 0.24692520080321284 0.6912023092369477 0.24755271084337346 0.6883785140562249 0.2478664658634538 0.6858684738955823 0.2478664658634538 0.6811621485943775 0.2466114457831325 0.6770833333333334 0.24567018072289154 0.6736320281124498 0.24472891566265056 0.6692394578313253 0.24347389558232932 0.6657881526104418 0.24253263052208834 0.6610818273092369 0.24096385542168672 0.6585717871485943 0.2403363453815261 0.6541792168674697 0.23876757028112447 0.6510416666666666 0.23719879518072287 0.6479041164658634 0.23468875502008033 0.6444528112449799 0.23217871485943772
1 0.7279116465863453 0.165035140562249 0.7235190763052208 0.15719126506024095 0.7222640562248995 0.1534262048192771 0.7216365461847388 0.14840612449799195 0.7216365461847388 0.14526857429718873 0.7219503012048192 0.14087600401606426 0.7232053212851405 0.13648343373493974 0.7244603413654619 0.1333458835341365 0.7260291164658634 0.13020833333333331 0.727597891566265 0.12801204819277107 0.7307354417670682 0.1283258032128514 0.7341867469879517 0.12926706827309237 0.7385793172690762 0.12926706827309237 0.7454819277108433 0.12926706827309237 0.7498744979919678 0.1295808232931727 0.7542670682730923 0.13020833333333331 0.7586596385542168 0.13083584337349397 0.7608559236947791 0.1311495983935743 0.7652484939759036 0.13177710843373494 0.7699548192771084 0.13365963855421686 0.7740336345381525 0.13648343373493974 0.7790537148594378 0.13930722891566263 0.7825050200803213 0.14087600401606426 0.7865838353413654 0.14432730923694778 0.7887801204819277 0.14840612449799195 0.7903488955823292 0.15279869477911648 0.7916039156626505 0.15593624497991965 0.7925451807228915 0.16001506024096385 0.7925451807228915 0.16440763052208834 0.7922314257028111 0.16911395582329317 0.7909764056224898 0.17350652610441764 0.7887801204819277 0.17695783132530118 0.787211345381526 0.17978162650602408 0.7840737951807228 0.181664156626506 0.7815637550200802 0.18260542168674698 0.7777986947791165 0.18386044176706826 0.7737198795180722 0.18511546184738953 0.7702685742971888 0.18574297188755018 0.7668172690763052 0.1860567269076305 0.7633659638554217 0.18668423694779115 0.7608559236947791 0.18668423694779115 0.7570908634538152 0.18574297188755018 0.753953313253012 0.18480170682730923 0.7511295180722891 0.18354668674698793 0.7479919678714858 0.1829191767068273 0.7454819277108433 0.18260542168674698 0.7423443775100401 0.18197791164658633 0.7388930722891566 0.18103664658634538 0.7360692771084337 0.17915411646586346 0.7335592369477911 0.17664407630522086 0.7323042168674697 0.17507530120481926 0.7310491967871485 0.1722515060240964
1 0.7429718875502007 0.08565512048192771 0.738265562248996 0.08314508032128513 0.735441767068273 0.0825175702811245 0.7329317269076304 0.08220381526104417 0.7301079317269076 0.08157630522088354 0.726656626506024 0.08032128514056223 0.7219503012048192 0.07875251004016064 0.7191265060240963 0.07686997991967871 0.7159889558232931 0.07404618473895581 0.7137926706827309 0.07028112449799197 0.7115963855421686 0.06588855421686747 0.7106551204819277 0.06243724899598393 0.710027610441767 0.05961345381526104 0.7094001004016063 0.05616214859437751 0.7087725903614458 0.05333835341365461 0.7084588353413654 0.05176957831325301 0.7084588353413654 0.04957329317269076 0.7087725903614458 0.04706325301204819 0.7097138554216866 0.044239457831325296 0.7106551204819277 0.042356927710843366 0.7122238955823293 0.039219377510040156 0.7144201807228915 0.036395582329317264 0.716930220883534 0.03451305220883534 0.7203815261044176 0.03263052208835341 0.7244603413654619 0.03137550200803212 0.7269703815261044 0.0310617469879518 0.7319904618473896 0.0310617469879518 0.736383032128514 0.0310617469879518 0.7395205823293173 0.0310617469879518 0.7461094377510039 0.0310617469879518 0.7520707831325301 0.03137550200803212 0.7564633534136546 0.03231676706827309 0.7611696787148594 0.03357178714859437 0.7652484939759036 0.0354543172690763 0.7686997991967871 0.03733684738955823 0.7721511044176705 0.04047439759036144 0.7752886546184737 0.04486696787148594 0.7768574297188754 0.048318273092369475 0.7781124497991967 0.05176957831325301 0.779367469879518 0.055220883534136546 0.7799949799196786 0.059927208835341354 0.7803087349397589 0.06400602409638553 0.7799949799196786 0.06808483935742972 0.7777986947791165 0.07122238955823293 0.7756024096385541 0.07498744979919678 0.7737198795180722 0.07781124497991967 0.77152359437751 0.08063504016064256 0.7699548192771084 0.08283132530120481 0.7668172690763052 0.08565512048192771 0.7636797188755019 0.0872238955823293 0.7605421686746987 0.08816516064257027 0.7570908634538152 0.08816516064257027 0.753012048192771 0.08753765060240963 0.7483057228915662 0.08659638554216867
1 0.8107429718875501 0.04863202811244979 0.8076054216867469 0.042984437751004016 0.8069779116465863 0.03702309236947791 0.8069779116465863 0.03325803212851405 0.8072916666666665 0.028865461847389553 0.8085466867469879 0.024472891566265056 0.8101154618473896 0.021021586345381524 0.8123117469879517 0.01788403614457831 0.8148217871485942 0.01506024096385542 0.8176455823293173 0.012863955823293171 0.8201556224899598 0.010667670682730923 0.822351907630522 0.008785140562248996 0.825175702811245 0.0065888554216867465 0.8276857429718875 0.00502008032128514 0.8308232931726907 0.00251004016064257 0.8333333333333333 0.001255020080321285 0.8374121485943775 0.0 0.8587474899598393 0.001255020080321285 0.8612575301204818 0.0015687751004016062 0.8631400602409638 0.0015687751004016062 0.8669051204819276 0.0015687751004016062 0.8684738955823292 0.0018825301204819275 0.8706701807228915 0.003451305220883534 0.8725527108433735 0.004706325301204819 0.875062751004016 0.006902610441767068 0.8772590361445782 0.009412650602409638 0.8791415662650601 0.011608935742971886 0.881024096385542 0.01568775100401606 0.8816516064257027 0.019139056224899597 0.8819653614457831 0.023217871485943772 0.8800828313253012 0.026669176706827304 0.8772590361445782 0.0310617469879518 0.8753765060240963 0.03451305220883534 0.874121485943775 0.03702309236947791 0.8722389558232931 0.03890562248995984 0.8691014056224898 0.04267068273092369 0.8665913654618473 0.045180722891566265 0.8643950803212851 0.04706325301204819 0.8600025100401606 0.050514558232931724 0.8552961847389557 0.05396586345381526 0.8530998995983935 0.054593373493975896 0.8493348393574297 0.055220883534136546 0.8468247991967871 0.05616214859437751 0.8443147590361445 0.05616214859437751 0.8405496987951807 0.05616214859437751 0.8389809236947791 0.056789658634538144 0.8361571285140562 0.05804467871485943 0.8339608433734939 0.05804467871485943 0.8292545180722891 0.05710341365461847 0.8236069277108433 0.055220883534136546 0.8201556224899598 0.05427961847389558 0.8173318273092369 0.05333835341365461 0.814508032128514 0.05239708835341365
1 0.9293423694779116 0.027610441767068273 0.9252635542168673 0.024472891566265056 0.924008534136546 0.022590361445783132 0.9230672690763052 0.01976656626506024 0.9214984939759036 0.01725652610441767 0.9193022088353413 0.01506024096385542 0.9174196787148593 0.013177710843373493 0.9164784136546184 0.010667670682730923 0.9155371485943775 0.008157630522088353 0.9149096385542168 0.00502008032128514 0.9139683734939759 0.0 0.9776606425702811 0.00031375502008032123 0.9776606425702811 0.0018825301204819275 0.9776606425702811 0.006902610441767068 0.9773468875502007 0.00972640562248996 0.9767193775100401 0.014118975903614456 0.9764056224899598 0.01725652610441767 0.9760918674698794 0.02008032128514056 0.9754643574297188 0.022590361445783132 0.9745230923694778 0.025414156626506024 0.9729543172690762 0.02980672690763052 0.9710717871485942 0.03263052208835341 0.9691892570281124 0.035140562248995984 0.967934236947791 0.03765060240963855 0.9654241967871485 0.04016064257028112 0.9616591365461847 0.04172941767068273 0.959149096385542 0.04204317269076305 0.9547565261044176 0.04204317269076305 0.952246485943775 0.04204317269076305 0.9478539156626505 0.04172941767068273 0.9437751004016063 0.04078815261044177 0.9406375502008031 0.03953313253012048 0.9368724899598393 0.03765060240963855 0.9353037148594378 0.036395582329317264 0.9337349397590361 0.034199297188755015 0.9321661646586344 0.03168925702811245
1 0.6127635542168675 0.03231676706827309 0.6089984939759036 0.03263052208835341 0.6068022088353413 0.03263052208835341 0.6046059236947791 0.0310617469879518 0.5995858433734939 0.028551706827309235 0.5964482931726907 0.027610441767068273 0.5923694779116465 0.02698293172690763 0.5876631526104418 0.02478664658634538 0.5848393574297188 0.021649096385542167 0.5823293172690762 0.01725652610441767 0.5804467871485943 0.013491465863453815 0.5760542168674699 0.00031375502008032123 0.5807605421686746 0.0 0.6347264056224898 0.0006275100401606425 0.6356676706827309 0.01004016064257028 0.6359814257028111 0.013177710843373493 0.6362951807228915 0.016315261044176705 0.6353539156626505 0.01945281124497992 0.6340988955823293 0.022590361445783132 0.631902610441767 0.02698293172690763 0.6293925702811245 0.029492971887550196 0.625941265060241 0.02980672690763052 0.623117469879518 0.030434236947791165 0.6199799196787148 0.0310617469879518 0.6162148594377509 0.03168925702811245
1 0.47753514056224894 0.08816516064257027 0.47126004016064255 0.08471385542168673 0.4674949799196787 0.0825175702811245 0.4634161646586345 0.07906626506024096 0.4605923694779116 0.07498744979919678 0.45839608433734935 0.07059487951807228 0.45682730923694775 0.0665160642570281 0.4558860441767068 0.06180973895582329 0.4558860441767068 0.057730923694779106 0.4555722891566265 0.05333835341365461 0.45525853413654616 0.04957329317269076 0.4549447791164658 0.046435742971887545 0.4549447791164658 0.04172941767068273 0.4558860441767068 0.036395582329317264 0.4565135542168674 0.03168925702811245 0.45776857429718876 0.027610441767068273 0.45996485943775095 0.023217871485943772 0.4615336345381526 0.021649096385542167 0.46247489959839355 0.021021586345381524 0.46247489959839355 0.020707831325301202 0.4662399598393574 0.019139056224899597 0.4715737951807229 0.01725652610441767 0.47879016064257024 0.015373995983935742 0.4838102409638554 0.014746485943775098 0.48788905622489953 0.014746485943775098 0.4913403614457831 0.014746485943775098 0.49636044176706823 0.01506024096385542 0.5007530120481927 0.01506024096385542 0.5048318273092369 0.016001506024096383 0.5089106425702811 0.018197791164658632 0.5114206827309237 0.01976656626506024 0.512675702811245 0.02290411646586345 0.5136169678714859 0.0251004016064257 0.5164407630522088 0.02980672690763052 0.5180095381526104 0.03231676706827309 0.5198920682730923 0.036081827309236945 0.5214608433734939 0.0398468875502008 0.5220883534136546 0.042984437751004016 0.5227158634538153 0.04549447791164658 0.5239708835341365 0.0502008032128514 0.5249121485943775 0.05490712851405622 0.5252259036144579 0.05867218875502008 0.5258534136546185 0.06275100401606425 0.5261671686746987 0.06557479919678715 0.5261671686746987 0.06871234939759036 0.5261671686746987 0.07279116465863453 0.5255396586345381 0.07561495983935743 0.5233433734939759 0.0796937751004016 0.5208333333333333 0.08283132530120481 0.518637048192771 0.08565512048192771 0.5154994979919678 0.08785140562248996 0.5114206827309237 0.08973393574297188 0.5067143574297188 0.0916164658634538 0.5032630522088353 0.09224397590361445 0.4969879518072288 0.09224397590361445 0.49196787148594373 0.09098895582329317 0.4882028112449799 0.08973393574297188 0.48318273092369474 0.08879267068273092
1 0.45965110441767065 0.4430220883534136 0.4555722891566265 0.4389432730923694 0.4546310240963855 0.43674698795180716 0.4540035140562249 0.4323544176706827 0.4533760040160642 0.42921686746987947 0.4530622489959839 0.4260793172690763 0.4530622489959839 0.4226280120481928 0.4533760040160642 0.41886295180722893 0.4546310240963855 0.415097891566265 0.4558860441767068 0.41227409638554213 0.45776857429718876 0.40945030120481923 0.45996485943775095 0.40631275100401604 0.46247489959839355 0.40348895582329314 0.4649849397590361 0.4009789156626506 0.467808734939759 0.3981551204819277 0.4706325301204819 0.3956450803212851 0.4731425702811245 0.39376255020080314 0.47628012048192764 0.39188002008032125 0.4806726907630522 0.39062499999999994 0.485379016064257 0.3899974899598393 0.48788905622489953 0.3893699799196787 0.4907128514056225 0.38905622489959835 0.49353664658634533 0.38874246987951805 0.4969879518072288 0.38874246987951805 0.49887048192771083 0.38874246987951805 0.5026355421686747 0.3893699799196787 0.5064006024096385 0.3899974899598393 0.5092243975903614 0.39031124497991965 0.512675702811245 0.39031124497991965 0.5164407630522088 0.39031124497991965 0.519578313253012 0.39125251004016065 0.5227158634538153 0.39313504016064255 0.5255396586345381 0.3950175702811245 0.528363453815261 0.3969001004016064 0.5296184738955823 0.398468875502008 0.5315010040160641 0.4016064257028112 0.5321285140562249 0.4050577309236948 0.5321285140562249 0.407254016064257 0.5315010040160641 0.4100778112449799 0.530245983935743 0.41384287148594373 0.528363453815261 0.41666666666666663 0.5249121485943775 0.41949046184738953 0.5230296184738955 0.4213729919678714 0.5214608433734939 0.4235692771084337 0.5189508032128514 0.42670682730923687 0.5161270080321284 0.4314131526104417 0.5089106425702811 0.4373744979919678 0.49761546184738953 0.4439633534136546 0.4951054216867469 0.4449046184738955 0.4910266064257028 0.4464733935742971 0.485379016064257 0.44804216867469876 0.4822414658634538 0.44835592369477906 0.47847640562248994 0.44835592369477906 0.4750251004016064 0.44835592369477906 0.4709462851405622 0.44835592369477906 0.46874999999999994 0.44772841365461846 0.46529869477911645 0.4464733935742971
1 0.6918298192771084 0.46718122489959835 0.6833584337349397 0.4640436746987951 0.6752008032128514 0.45839608433734935 0.6726907630522088 0.45682730923694775 0.6698669678714858 0.4546310240963855 0.6673569277108433 0.4521209839357429 0.6651606425702811 0.4499246987951807 0.6635918674698794 0.44615963855421686 0.6626506024096385 0.44208082329317266 0.6617093373493976 0.43768825301204817 0.6610818273092369 0.4342369477911646 0.6607680722891566 0.4301581325301205 0.660140562248996 0.42513805220883527 0.660140562248996 0.4201179718875502 0.6617093373493976 0.4169804216867469 0.6648468875502008 0.4132153614457831 0.6695532128514056 0.41039156626506024 0.6739457831325301 0.40819528112449793 0.6777108433734939 0.4069402610441767 0.6811621485943775 0.4056852409638554 0.68367218875502 0.40474397590361444 0.6874372489959839 0.40474397590361444 0.69339859437751 0.40474397590361444 0.6965361445783133 0.40537148594377503 0.7009287148594378 0.40631275100401604 0.7056350401606425 0.4085090361445783 0.7087725903614458 0.4110190763052209 0.7131651606425702 0.4141566265060241 0.716930220883534 0.41666666666666663 0.7213227911646586 0.42074548192771083 0.7254016064257027 0.4245105421686747 0.7294804216867469 0.4285893574297189 0.7323042168674697 0.43172690763052207 0.7351280120481928 0.4358057228915662 0.735441767068273 0.44019829317269077 0.7357555220883534 0.44270833333333326 0.7357555220883534 0.44521837349397586 0.7357555220883534 0.44835592369477906 0.7360692771084337 0.45243473895582326 0.7360692771084337 0.45682730923694775 0.735441767068273 0.45996485943775095 0.7345005020080321 0.46278865461847385 0.7319904618473896 0.4665537148594377 0.7282254016064257 0.46874999999999994 0.7225778112449799 0.4715737951807229 0.7184989959839356 0.47188755020080314 0.7141064257028111 0.47188755020080314 0.710027610441767 0.47126004016064255 0.7053212851405621 0.47031877510040154 0.701242469879518 0.4696912650602409 0.6974774096385541 0.46874999999999994
1 0.8584337349397589 0.46090612449799195 0.8618850401606425 0.46090612449799195 0.8712976907630522 0.46247489959839355 0.8738077309236947 0.46278865461847385 0.8782003012048192 0.4640436746987951 0.8816516064257027 0.46529869477911645 0.8847891566265059 0.4665537148594377 0.8869854417670682 0.4674949799196787 0.8901229919678714 0.46937751004016065 0.8992218875502007 0.4731425702811245 0.9026731927710843 0.47533885542168675 0.9054969879518071 0.47784889558232924 0.9073795180722891 0.48035893574297184 0.90832078313253 0.4825552208835341 0.9089482931726907 0.485379016064257 0.9095758032128514 0.4891440763052209 0.9095758032128514 0.4925953815261044 0.90832078313253 0.4982429718875502 0.9058107429718875 0.5023217871485943 0.9039282128514056 0.5051455823293173 0.9017319277108433 0.5085968875502007 0.8992218875502007 0.5111069277108433 0.8970256024096385 0.5129894578313252 0.8932605421686746 0.5145582329317269 0.8888679718875501 0.5158132530120482 0.8844754016064257 0.5164407630522088 0.8822791164658633 0.5164407630522088 0.8778865461847388 0.5170682730923695 0.8744352409638554 0.5170682730923695 0.8703564257028111 0.5170682730923695 0.8678463855421686 0.5167545180722891 0.8647088353413654 0.5158132530120482 0.8609437751004015 0.5148719879518072 0.8587474899598393 0.5145582329317269 0.8540411646586344 0.5136169678714859 0.851531124497992 0.5129894578313252 0.8465110441767068 0.5111069277108433 0.8414909638554217 0.5095381526104418 0.8392946787148594 0.5082831325301205 0.8352158634538152 0.5051455823293173 0.8317645582329316 0.5023217871485943 0.8295682730923695 0.4998117469879518 0.8279994979919678 0.4973017068273092 0.8264307228915662 0.494164156626506 0.8245481927710843 0.4900853413654618 0.822351907630522 0.48443775100401604 0.8217243975903614 0.48192771084337344 0.8210968875502007 0.4791039156626506 0.8210968875502007 0.47596636546184734 0.8214106425702811 0.4731425702811245 0.8229794176706826 0.47000502008032125 0.8245481927710843 0.467808734939759 0.8283132530120482 0.46529869477911645 0.8314508032128514 0.4640436746987951 0.8358433734939759 0.46247489959839355 0.8402359437751004 0.46090612449799195 0.8446285140562249 0.45996485943775095 0.8490210843373494 0.45933734939759036 0.8534136546184737 0.45933734939759036
1 0.9585215863453815 0.45933734939759036 0.9538152610441767 0.44678714859437746 0.953187751004016 0.44427710843373486 0.9528739959839356 0.44176706827309237 0.9525602409638553 0.4373744979919678 0.9528739959839356 0.4323544176706827 0.9538152610441767 0.4282756024096385 0.9547565261044176 0.42513805220883527 0.9560115461847388 0.4220005020080321 0.9572665662650601 0.4185491967871486 0.9597766064257027 0.4144703815261044 0.9616591365461847 0.4110190763052209 0.9641691767068272 0.4069402610441767 0.9682479919678714 0.4044302208835341 0.9732680722891566 0.40223393574297184 0.9782881526104418 0.4016064257028112 0.9829944779116465 0.4016064257028112 0.9880145582329316 0.4016064257028112 0.9920933734939759 0.40192018072289154 0.9958584337349397 0.40317520080321284 0.9989583333333333 0.40524180053547526 0.9989583333333333 0.4706325301204819 0.9955446787148593 0.4725150602409638 0.9917796184738955 0.4740838353413654 0.9870732931726907 0.4747113453815261 0.9801706827309236 0.475652610441767 0.9764056224899598 0.47533885542168675 0.9716992971887549 0.4734563253012048 0.9673067269076304 0.47126004016064255 0.9657379518072289 0.47031877510040154 0.9644829317269076 0.46937751004016065 0.961972891566265 0.4674949799196787
1 0.6664156626506023 0.5004392570281124 0.6752008032128514 0.4991842369477911 0.6777108433734939 0.4991842369477911 0.6805346385542168 0.4991842369477911 0.6839859437751004 0.4994979919678714 0.6861822289156626 0.4994979919678714 0.689633534136546 0.5001255020080321 0.6918298192771084 0.5004392570281124 0.6946536144578312 0.501066767068273 0.6965361445783133 0.5013805220883534 0.7006149598393574 0.502949297188755 0.7031249999999999 0.5042043172690762 0.7065763052208834 0.5057730923694779 0.7084588353413654 0.5073418674698795 0.7106551204819277 0.509851907630522 0.7131651606425702 0.5129894578313252 0.7159889558232931 0.5173820281124498 0.717871485943775 0.5208333333333333 0.719754016064257 0.5252259036144579 0.7206952811244979 0.5305597389558233 0.7213227911646586 0.5346385542168675 0.7216365461847388 0.5399723895582329 0.7213227911646586 0.5459337349397589 0.7194402610441767 0.5522088353413654 0.716930220883534 0.5575426706827309 0.7153614457831324 0.5597389558232931 0.7144201807228915 0.5606802208835341 0.711910140562249 0.562562751004016 0.7087725903614458 0.5644452811244979 0.704066265060241 0.5660140562248995 0.6974774096385541 0.5663278112449799 0.6886922690763052 0.5666415662650602 0.6830446787148594 0.5663278112449799 0.6777108433734939 0.5644452811244979 0.6717494979919678 0.5622489959839357 0.6673569277108433 0.5597389558232931 0.6635918674698794 0.5566014056224898 0.6610818273092369 0.5540913654618473 0.6585717871485943 0.5503263052208834 0.6554342369477911 0.5453062248995983 0.6538654618473896 0.5418549196787148 0.6529241967871485 0.5365210843373494 0.6526104417670683 0.5315010040160641 0.6526104417670683 0.5242846385542168 0.6529241967871485 0.5202058232931727 0.6544929718875501 0.5164407630522088 0.6563755020080321 0.5120481927710843 0.6585717871485943 0.5079693775100401 0.6610818273092369 0.5048318273092369
1 0.4279618473895582 0.6228037148594378 0.423883032128514 0.6190386546184737 0.4232555220883534 0.617156124497992 0.4226280120481928 0.6137048192771084 0.4213729919678714 0.6108810240963856 0.42074548192771083 0.6089984939759036 0.41886295180722893 0.6052334337349397 0.41792168674698793 0.6024096385542168 0.4169804216867469 0.5983308232931727 0.416039156626506 0.5926832329317269 0.4172941767068273 0.5766817269076304 0.42074548192771083 0.5638177710843374 0.4223142570281124 0.5600527108433735 0.4241967871485944 0.5562876506024096 0.4270205823293172 0.5531501004016064 0.43078564257028107 0.5506400602409638 0.43486445783132527 0.5487575301204818 0.43768825301204817 0.546875 0.44113955823293166 0.544992469879518 0.44521837349397586 0.5427961847389557 0.44961094377510036 0.5402861445783133 0.4540035140562249 0.5380898594377509 0.4565135542168674 0.5368348393574297 0.45996485943775095 0.5355798192771084 0.4631024096385542 0.5349523092369477 0.46561244979919675 0.5346385542168675 0.46843624497991965 0.5346385542168675 0.4706325301204819 0.5346385542168675 0.47282881526104414 0.5346385542168675 0.47628012048192764 0.5358935742971888 0.4781626506024096 0.5374623493975903 0.4806726907630522 0.5393448795180723 0.4822414658634538 0.5412274096385541 0.48443775100401604 0.5437374497991968 0.48600652610441764 0.5471887550200802 0.4866340361445783 0.5515813253012049 0.4866340361445783 0.5559738955823293 0.48600652610441764 0.5613077309236947 0.4850652610441767 0.5744854417670683 0.48443775100401604 0.5826430722891566 0.4841239959839357 0.5870356425702811 0.47941767068273083 0.597703313253012 0.47722138554216864 0.6014683734939759 0.47533885542168675 0.6049196787148594 0.4737700803212851 0.6068022088353413 0.47188755020080314 0.6089984939759036 0.4690637550200803 0.6105672690763052 0.46592620481927705 0.6127635542168675 0.4631024096385542 0.6143323293172691 0.46027861445783125 0.6155873493975903 0.45776857429718876 0.6168423694779116 0.4546310240963855 0.6184111445783133 0.4521209839357429 0.6196661646586344 0.4499246987951807 0.6202936746987951 0.44804216867469876 0.6212349397590361 0.44615963855421686 0.622176204819277 0.44333584337349397 0.6234312248995983 0.44082580321285136 0.6243724899598393 0.43925702811244977 0.625 0.43768825301204817 0.625 0.43486445783132527 0.6253137550200802 0.43266817269076296 0.6253137550200802
1 0.8207831325301205 0.6080572289156626 0.8132530120481928 0.6039784136546184 0.8113704819277108 0.6027233935742972 0.8076054216867469 0.5992720883534136 0.8060366465863453 0.5973895582329317 0.804781626506024 0.5948795180722891 0.8032128514056224 0.5914282128514056 0.8016440763052208 0.5873493975903614 0.8007028112449799 0.5845256024096385 0.7997615461847388 0.5810742971887549 0.7985065261044176 0.5769954819277108 0.7981927710843373 0.5726029116465863 0.7985065261044176 0.5691516064257027 0.7997615461847388 0.5650727911646586 0.8019578313253012 0.5600527108433735 0.804781626506024 0.5550326305220883 0.8082329317269076 0.552836345381526 0.8119979919678714 0.5509538152610441 0.8167043172690762 0.5496987951807228 0.8210968875502007 0.5490712851405621 0.8248619477911646 0.5493850401606425 0.8295682730923695 0.5503263052208834 0.8336470883534136 0.5515813253012049 0.8374121485943775 0.5525225903614458 0.8405496987951807 0.553777610441767 0.8443147590361445 0.5547188755020079 0.8480798192771084 0.5559738955823293 0.8512173694779116 0.5578564257028111 0.854668674698795 0.5591114457831325 0.8571787148594378 0.5609939759036143 0.860316265060241 0.5628765060240963 0.8631400602409638 0.5650727911646586 0.8650225903614458 0.568524096385542 0.866277610441767 0.5719754016064257 0.8669051204819276 0.5751129518072289 0.8675326305220883 0.5782505020080321 0.868160140562249 0.5826430722891566 0.8687876506024096 0.5864081325301205 0.8691014056224898 0.589859437751004 0.8691014056224898 0.5933107429718875 0.8684738955823292 0.5970758032128514 0.8675326305220883 0.6002133534136546 0.866277610441767 0.6024096385542168 0.8650225903614458 0.6039784136546184 0.8615712851405621 0.6068022088353413 0.8578062248995982 0.6096260040160643 0.8540411646586344 0.6118222891566264 0.8502761044176705 0.6137048192771084 0.8471385542168673 0.6146460843373494 0.8446285140562249 0.6149598393574297 0.8427459839357428 0.61527359437751 0.8392946787148594 0.6143323293172691 0.8345883534136546 0.613391064257028
1 0.8945155622489959 0.5892319277108433 0.891691767068273 0.5848393574297188 0.8894954819277108 0.5773092369477911 0.8888679718875501 0.5754267068273092 0.8885542168674697 0.5732304216867469 0.8882404618473896 0.570406626506024 0.8882404618473896 0.5669553212851405 0.8882404618473896 0.5628765060240963 0.8882404618473896 0.5591114457831325 0.8888679718875501 0.555660140562249 0.889809236947791 0.5522088353413654 0.8901229919678714 0.5487575301204818 0.8913780120481927 0.5453062248995983 0.8932605421686746 0.544051204819277 0.8954568273092369 0.5434236947791165 0.8982806224899598 0.5424824297188754 0.9011044176706826 0.5418549196787148 0.9036144578313252 0.5418549196787148 0.9070657630522088 0.5418549196787148 0.910203313253012 0.5427961847389557 0.9127133534136546 0.544992469879518 0.9149096385542168 0.546875 0.9177334337349397 0.5496987951807228 0.9199297188755019 0.552836345381526 0.9218122489959839 0.5562876506024096 0.9230672690763052 0.5597389558232931 0.9236947791164657 0.5641315261044176 0.924008534136546 0.5672690763052208 0.9243222891566264 0.5710341365461847 0.9246360441767068 0.5751129518072289 0.9233810240963856 0.5779367469879517 0.9224397590361445 0.5813880522088353 0.9211847389558232 0.5842118473895581 0.9193022088353413 0.5882906626506024 0.9177334337349397 0.5911144578313253 0.916164658634538 0.5936244979919678 0.9139683734939759 0.5955070281124498 0.9114583333333333 0.5964482931726907 0.9080070281124498 0.5964482931726907 0.9058107429718875 0.5961345381526103 0.9017319277108433 0.5948795180722891 0.8982806224899598 0.5936244979919678
1 0.31814759036144574 0.9284011044176705 0.31061746987951805 0.926832329317269 0.3093624497991968 0.9249497991967871 0.30747991967871485 0.9221260040160641 0.30653865461847385 0.9202434738955823 0.3043423694779116 0.9167921686746987 0.301832329317269 0.9127133534136546 0.30057730923694775 0.9098895582329316 0.30026355421686746 0.9073795180722891 0.30026355421686746 0.9039282128514056 0.3024598393574297 0.901418172690763 0.30465612449799195 0.8985943775100401 0.30810742971887545 0.8951430722891566 0.3112449799196787 0.8920055220883534 0.31469628514056225 0.889809236947791 0.3200301204819277 0.8860441767068272 0.32254016064257024 0.8844754016064257 0.3259914658634538 0.8819653614457831 0.32975652610441764 0.8785140562248995 0.33320783132530113 0.8756902610441767 0.3360316265060241 0.874121485943775 0.3388554216867469 0.8728664658634538 0.3419929718875502 0.8722389558232931 0.345758032128514 0.8716114457831324 0.3520331325301205 0.8716114457831324 0.3557981927710843 0.8719252008032128 0.3598770080321285 0.8728664658634538 0.3630145582329317 0.8738077309236947 0.36521084337349397 0.8753765060240963 0.36803463855421686 0.8769452811244979 0.37023092369477906 0.8785140562248995 0.3733684738955823 0.8813378514056224 0.3749372489959839 0.8841616465863453 0.3768197791164658 0.8872991967871485 0.3777610441767068 0.8913780120481927 0.3783885542168674 0.8951430722891566 0.3783885542168674 0.8982806224899598 0.3783885542168674 0.9017319277108433 0.37713353413654616 0.9045557228915662 0.37462349397590355 0.9064382530120482 0.37274096385542166 0.9080070281124498 0.3705446787148594 0.9105170682730923 0.36834839357429716 0.9136546184738955 0.36615210843373486 0.9167921686746987 0.363328313253012 0.9199297188755019 0.3608182730923694 0.9227535140562249 0.3573669678714859 0.9243222891566264 0.3520331325301205 0.9262048192771084 0.3492093373493976 0.9274598393574297 0.3441892570281124 0.9290286144578312 0.34011044176706823 0.9302836345381525 0.3350903614457831 0.9309111445783133 0.3303840361445783 0.9309111445783133 0.32661897590361444 0.9309111445783133 0.3215988955823293 0.9302836345381525
1 0.4925953815261044 0.9236947791164657 0.48757530120481923 0.9183609437751004 0.485379016064257 0.9117720883534136 0.4850652610441767 0.90832078313253 0.4850652610441767 0.9051832329317268 0.4850652610441767 0.9023594377510039 0.48600652610441764 0.8985943775100401 0.4872615461847389 0.8929467871485942 0.4913403614457831 0.882906626506024 0.493222891566265 0.8791415662650601 0.4954191767068272 0.8756902610441767 0.49761546184738953 0.8725527108433735 0.5076556224899598 0.8606300200803213 0.5101656626506024 0.8581199799196786 0.5129894578313252 0.8552961847389557 0.5161270080321284 0.8521586345381525 0.5189508032128514 0.8512173694779116 0.5214608433734939 0.8509036144578312 0.5236571285140562 0.8509036144578312 0.5271084337349398 0.8518448795180722 0.5308734939759036 0.8521586345381525 0.5349523092369477 0.8527861445783133 0.5380898594377509 0.8540411646586344 0.5402861445783133 0.8552961847389557 0.5434236947791165 0.8568649598393574 0.5462474899598393 0.8587474899598393 0.5490712851405621 0.8612575301204818 0.5512675702811245 0.8640813253012047 0.5522088353413654 0.8672188755020079 0.5525225903614458 0.8716114457831324 0.5525225903614458 0.8756902610441767 0.5522088353413654 0.8800828313253012 0.5515813253012049 0.8847891566265059 0.5512675702811245 0.8888679718875501 0.5509538152610441 0.8923192771084337 0.5500125502008032 0.8960843373493975 0.5487575301204818 0.9007906626506023 0.5471887550200802 0.9042419678714858 0.5453062248995983 0.9080070281124498 0.5434236947791165 0.9120858433734939 0.5402861445783133 0.9171059236947791 0.5368348393574297 0.9208709839357428 0.5327560240963856 0.924008534136546 0.5271084337349398 0.9271460843373494 0.5211470883534136 0.9280873493975902 0.5158132530120482 0.9287148594377509 0.5117344377510039 0.9287148594377509 0.5079693775100401 0.9287148594377509 0.5038905622489959 0.9284011044176705 0.49887048192771083 0.9271460843373494
1 0.16283885542168672 0.9381275100401606 0.1609563253012048 0.9296561244979918 0.1609563253012048 0.9262048192771084 0.16032881526104417 0.9224397590361445 0.16001506024096385 0.9186746987951807 0.16032881526104417 0.9139683734939759 0.16158383534136547 0.910203313253012 0.16283885542168672 0.9064382530120482 0.16440763052208834 0.9026731927710843 0.16723142570281124 0.8973393574297188 0.1697414658634538 0.8932605421686746 0.172879016064257 0.8891817269076304 0.17601656626506024 0.8854166666666665 0.17915411646586346 0.882906626506024 0.18386044176706826 0.8807103413654617 0.18825301204819275 0.8791415662650601 0.19107680722891565 0.8791415662650601 0.19515562248995982 0.8788278112449799 0.19892068273092367 0.8788278112449799 0.20174447791164657 0.8788278112449799 0.20582329317269074 0.8797690763052208 0.2095883534136546 0.8813378514056224 0.2120983935742972 0.8841616465863453 0.21366716867469876 0.8879267068273092 0.21523594377510039 0.8910642570281124 0.21649096385542166 0.8948293172690762 0.21837349397590358 0.8992218875502007 0.21962851405622488 0.9026731927710843 0.22088353413654618 0.9061244979919678 0.2215110441767068 0.9080070281124498 0.22213855421686743 0.910203313253012 0.22213855421686743 0.9139683734939759 0.22213855421686743 0.91804718875502 0.22182479919678713 0.9214984939759036 0.22056977911646583 0.9246360441767068 0.2199422690763052 0.92777359437751 0.21805973895582328 0.9321661646586344 0.21649096385542166 0.935617469879518 0.21492218875502006 0.938441265060241 0.21366716867469876 0.9409513052208834 0.2114708835341365 0.944402610441767 0.2092745983935743 0.9478539156626505 0.2067645582329317 0.9509914658634538 0.2033132530120482 0.9538152610441767 0.19986194779116465 0.9566390562248995 0.19515562248995982 0.959149096385542 0.190449297188755 0.9597766064257027 0.18699799196787145 0.9600903614457831 0.1832329317269076 0.9600903614457831 0.18103664658634538 0.9600903614457831 0.1788403614457831 0.9600903614457831 0.17664407630522086 0.9600903614457831 0.17664407630522086 0.9600903614457831 0.17476154618473894 0.9594628514056224 0.17068273092369476 0.9569528112449799 0.16754518072289154 0.953187751004016 0.16597640562248994 0.9487951807228915 0.16472138554216864 0.944402610441767
1 0.15122991967871485 0.8339608433734939 0.1462098393574297 0.8402359437751004 0.14401355421686748 0.8418047188755019 0.14056224899598393 0.8433734939759036 0.1374246987951807 0.8446285140562249 0.1339733935742972 0.8461972891566264 0.13052208835341364 0.8474523092369477 0.12487449799196786 0.848707329317269 0.12079568273092368 0.84964859437751 0.11828564257028112 0.8499623493975903 0.11765813253012047 0.8499623493975903 0.11169678714859436 0.8505898594377509 0.10887299196787148 0.8502761044176705 0.1047941767068273 0.8483935742971888 0.10197038152610441 0.8455697791164657 0.09914658634538152 0.8411772088353413 0.09789156626506022 0.8367846385542168 0.09726405622489959 0.8317645582329316 0.09726405622489959 0.8258032128514056 0.09663654618473895 0.8192143574297188 0.09695030120481926 0.8151355421686746 0.09789156626506022 0.8107429718875501 0.09946034136546184 0.8072916666666665 0.10134287148594376 0.8044678714859437 0.10353915662650602 0.8007028112449799 0.1063629518072289 0.7972515060240963 0.10887299196787148 0.7941139558232931 0.11201054216867469 0.7922314257028111 0.1151480923694779 0.790035140562249 0.11891315261044175 0.7884663654618473 0.1239332329317269 0.7868975903614458 0.12801204819277107 0.7859563253012047 0.13177710843373494 0.7853288152610441 0.1339733935742972 0.7843875502008031 0.13805220883534136 0.7815637550200802 0.14087600401606426 0.7799949799196786 0.14244477911646586 0.779367469879518 0.14401355421686748 0.7790537148594378 0.14715110441767065 0.7799949799196786 0.14997489959839355 0.7812499999999999 0.15279869477911648 0.7825050200803213 0.15593624497991965 0.7850150602409638 0.15876004016064255 0.788152610441767 0.1609563253012048 0.7919176706827308 0.16283885542168672 0.795055220883534 0.16440763052208834 0.7994477911646586 0.16566265060240962 0.8025853413654617 0.16629016064257027 0.8060366465863453 0.16597640562248994 0.8104292168674697 0.16472138554216864 0.8141942771084337 0.16315261044176707 0.8173318273092369 0.1609563253012048 0.8207831325301205 0.15844628514056225 0.8242344377510039 0.15625 0.8273719879518071 0.1534262048192771 0.831137048192771
1 0.013177710843373493 0.8650225903614458 0.01568775100401606 0.8621987951807228 0.025414156626506024 0.8556099397590361 0.0310617469879518 0.8537274096385541 0.03733684738955823 0.8524723895582329 0.041415662650602404 0.8524723895582329 0.046435742971887545 0.8527861445783133 0.050514558232931724 0.8540411646586344 0.05396586345381526 0.8556099397590361 0.057730923694779106 0.8571787148594378 0.06306475903614457 0.8615712851405621 0.06620230923694778 0.8647088353413654 0.06933985943775099 0.868160140562249 0.07216365461847389 0.8719252008032128 0.07498744979919678 0.875062751004016 0.07686997991967871 0.8782003012048192 0.07875251004016064 0.8816516064257027 0.08000753012048192 0.8866716867469879 0.08094879518072289 0.8923192771084337 0.08094879518072289 0.8976531124497991 0.08126255020080321 0.9026731927710843 0.08063504016064256 0.9080070281124498 0.0796937751004016 0.9120858433734939 0.078125 0.916164658634538 0.07561495983935743 0.9202434738955823 0.07279116465863453 0.9224397590361445 0.06902610441767068 0.9252635542168673 0.06463353413654618 0.9271460843373494 0.06086847389558233 0.9284011044176705 0.05616214859437751 0.9293423694779116 0.050514558232931724 0.9299698795180722 0.04737700803212851 0.9299698795180722 0.043298192771084335 0.9290286144578312 0.03890562248995984 0.9274598393574297 0.034199297188755015 0.9246360441767068 0.028865461847389553 0.9208709839357428 0.025414156626506024 0.9167921686746987 0.02196285140562249 0.9120858433734939 0.01945281124497992 0.9086345381526103 0.01725652610441767 0.9051832329317268 0.015373995983935742 0.9020456827309236 0.013177710843373493 0.8982806224899598 0.012236445783132528 0.8948293172690762 0.010981425702811244 0.8907505020080321 0.010353915662650601 0.8860441767068272 0.01004016064257028 0.8816516064257027 0.010353915662650601 0.876004016064257 0.011295180722891566 0.8716114457831324
1 0.424824297188755 0.9792294176706826 0.41823544176706823 0.9877008032128514 0.415097891566265 0.9898970883534136 0.41133283132530113 0.9924071285140561 0.40819528112449793 0.9936621485943775 0.4044302208835341 0.9946034136546184 0.4009789156626506 0.9955446787148593 0.39627259036144574 0.997113453815261 0.3934487951807229 0.9977409638554217 0.3893699799196787 0.9983684738955823 0.3852911646586345 0.9986822289156625 0.38225401606425585 0.9989583333333333 0.3777610441767068 0.9989583333333333 0.37274096385542166 0.9983684738955823 0.36866214859437746 0.9974272088353413 0.36521084337349397 0.9958584337349397 0.3608182730923694 0.9924071285140561 0.3583082329317269 0.988328313253012 0.3564257028112449 0.9833082329317268 0.3561119477911647 0.9782881526104418 0.3564257028112449 0.9735818273092369 0.3576807228915662 0.970758032128514 0.3583082329317269 0.9682479919678714 0.3592494979919678 0.9654241967871485 0.3608182730923694 0.961972891566265 0.3630145582329317 0.9585215863453815 0.3658383534136546 0.9541290160642569 0.36960341365461846 0.9503639558232931 0.37274096385542166 0.9478539156626505 0.3765060240963855 0.9453438755020079 0.38121234939759036 0.9428338353413654 0.38623242971887545 0.9409513052208834 0.39062499999999994 0.9396962851405621 0.39627259036144574 0.938441265060241 0.40129267068273083 0.9374999999999999 0.4056852409638554 0.9371862449799196 0.41070532128514053 0.9371862449799196 0.41384287148594373 0.9371862449799196 0.4191767068273092 0.9381275100401606 0.4245105421686747 0.9396962851405621 0.4295306224899598 0.9412650602409638 0.43266817269076296 0.9447163654618473 0.4342369477911646 0.9491089357429718 0.4342369477911646 0.953187751004016 0.4342369477911646 0.9563253012048192 0.43329568273092367 0.9607178714859437 0.43172690763052207 0.9644829317269076 0.43047188755020077 0.9685617469879517 0.4285893574297189 0.9726405622489959
1 0.24159136546184737 0.9952309236947791 0.25006275100401604 0.9880145582329316 0.25194528112449793 0.987387048192771 0.25445532128514053 0.9861320281124498 0.2575928714859438 0.9845632530120482 0.2607304216867469 0.9836219879518071 0.2648092369477911 0.9826807228915662 0.2682605421686747 0.9823669678714858 0.270456827309237 0.9823669678714858 0.2739081325301205 0.9826807228915662 0.27861445783132527 0.9833082329317268 0.2823795180722891 0.9839357429718875 0.285203313253012 0.9855045180722891 0.28865461847389556 0.9877008032128514 0.2911646586345381 0.9905245983935742 0.2927334337349397 0.99617218875502 0.29301204819277105 0.9989583333333333 0.2378263052208835 0.9989583333333333
1 0.5995858433734939 0.9673067269076304 0.6005271084337349 0.9569528112449799 0.6011546184738955 0.9541290160642569 0.6024096385542168 0.9509914658634538 0.6039784136546184 0.9472264056224898 0.6061746987951807 0.9440888554216866 0.6083709839357428 0.9406375502008031 0.6105672690763052 0.9378137550200802 0.6130773092369477 0.9359312248995982 0.6155873493975903 0.934676204819277 0.6184111445783133 0.9334211847389557 0.6234312248995983 0.9324799196787148 0.6297063253012047 0.9321661646586344 0.633785140562249 0.9324799196787148 0.6381777108433735 0.9343624497991967 0.6419427710843373 0.9359312248995982 0.6447665662650602 0.9378137550200802 0.6469628514056224 0.9400100401606425 0.6494728915662651 0.9425200803212851 0.6519829317269076 0.9453438755020079 0.6541792168674697 0.9484814257028111 0.6557479919678714 0.9516189759036143 0.6570030120481928 0.9547565261044176 0.658258032128514 0.9582078313253012 0.6588855421686746 0.9607178714859437 0.6595130522088353 0.9644829317269076 0.6595130522088353 0.9685617469879517 0.6595130522088353 0.9726405622489959 0.6579442771084337 0.9767193775100401 0.6563755020080321 0.9801706827309236 0.6541792168674697 0.9848770080321284 0.6513554216867469 0.9895833333333333 0.648531626506024 0.9927208835341365 0.6463353413654619 0.994289658634538 0.6431977911646586 0.9955446787148593 0.6378639558232931 0.9958584337349397 0.6325301204819277 0.9958584337349397 0.6246862449799196 0.9958584337349397 0.6212349397590361 0.9958584337349397 0.6165286144578312 0.9933483935742972 0.6124497991967871 0.9908383534136544 0.6086847389558232 0.9877008032128514 0.6061746987951807 0.9855045180722891 0.6046059236947791 0.9833082329317268 0.6024096385542168 0.9801706827309236 0.6014683734939759 0.9773468875502007 0.6005271084337349 0.9745230923694778 0.5998995983935742 0.9710717871485942
1 0.6554342369477911 0.9061244979919678 0.6519829317269076 0.8992218875502007 0.6510416666666666 0.8967118473895581 0.6501004016064257 0.8935742971887549 0.6497866465863453 0.8888679718875501 0.6497866465863453 0.8854166666666665 0.6501004016064257 0.8803965863453815 0.6507279116465863 0.8772590361445782 0.6522966867469879 0.8738077309236947 0.6538654618473896 0.8700426706827308 0.6560617469879517 0.8665913654618473 0.6585717871485943 0.8625125502008031 0.6623368473895581 0.8593749999999999 0.666101907630522 0.8568649598393574 0.6714357429718875 0.8540411646586344 0.6755145582329317 0.8524723895582329 0.6805346385542168 0.8502761044176705 0.6842996987951807 0.848707329317269 0.6868097389558232 0.8480798192771084 0.6893197791164659 0.847766064257028 0.6930848393574297 0.847766064257028 0.6968498995983936 0.8480798192771084 0.7021837349397589 0.8499623493975903 0.7065763052208834 0.8518448795180722 0.7106551204819277 0.8537274096385541 0.7147339357429718 0.8571787148594378 0.7181852409638554 0.8618850401606425 0.7206952811244979 0.8665913654618473 0.7213227911646586 0.8722389558232931 0.7206952811244979 0.8769452811244979 0.7194402610441767 0.8813378514056224 0.717871485943775 0.8851029116465863 0.7156752008032128 0.889809236947791 0.711910140562249 0.8945155622489959 0.7084588353413654 0.8989081325301205 0.7062625502008031 0.9020456827309236 0.704066265060241 0.9058107429718875 0.701242469879518 0.9086345381526103 0.6974774096385541 0.9120858433734939 0.6930848393574297 0.9149096385542168 0.6877510040160643 0.9171059236947791 0.6833584337349397 0.91804718875502 0.6792796184738955 0.91804718875502 0.6739457831325301 0.91804718875502 0.6720632530120482 0.9174196787148593 0.6673569277108433 0.9139683734939759 0.6639056224899598 0.9114583333333333 0.660140562248996 0.9089482931726907
1 0.7159889558232931 0.9738955823293173 0.7269703815261044 0.9688755020080321 0.7307354417670682 0.967934236947791 0.735441767068273 0.9669929718875501 0.7388930722891566 0.9663654618473895 0.7426581325301205 0.9660517068273092 0.7448544176706826 0.9660517068273092 0.7492469879518071 0.9669929718875501 0.753953313253012 0.9682479919678714 0.7574046184738955 0.9701305220883534 0.7605421686746987 0.9723268072289156 0.7630522088353413 0.9748368473895581 0.7655622489959839 0.9782881526104418 0.7671310240963856 0.9829944779116465 0.7680722891566264 0.987387048192771 0.7690135542168673 0.9920933734939759 0.7687015105878057 0.9989583333333333 0.6864959839357428 0.9986822289156625 0.6871234939759036 0.9977409638554217 0.6921435742971888 0.9924071285140561 0.6946536144578312 0.9898970883534136 0.6984186746987951 0.9867595381526103 0.7018699799196786 0.9839357429718875 0.7062625502008031 0.9807981927710843 0.7112826305220883 0.9776606425702811
1 0.833019578313253 0.9054969879518071 0.8402359437751004 0.903300702811245 0.8430597389558232 0.9029869477911646 0.847766064257028 0.9026731927710843 0.8534136546184737 0.9023594377510039 0.856551204819277 0.9023594377510039 0.8600025100401606 0.9029869477911646 0.8631400602409638 0.9048694779116465 0.8665913654618473 0.9061244979919678 0.8703564257028111 0.9080070281124498 0.873180220883534 0.9089482931726907 0.876004016064257 0.9108308232931727 0.8788278112449799 0.9136546184738955 0.8807103413654617 0.9167921686746987 0.8825928714859437 0.9202434738955823 0.883847891566265 0.924008534136546 0.8844754016064257 0.9284011044176705 0.8844754016064257 0.9334211847389557 0.8832203815261044 0.9400100401606425 0.8807103413654617 0.9450301204819276 0.8772590361445782 0.9491089357429718 0.8744352409638554 0.951305220883534 0.8709839357429718 0.9541290160642569 0.8672188755020079 0.9569528112449799 0.8640813253012047 0.959149096385542 0.8596887550200802 0.9613453815261044 0.856551204819277 0.9632279116465863 0.8518448795180722 0.9651104417670682 0.8483935742971888 0.9663654618473895 0.8455697791164657 0.9666792168674697 0.8414909638554217 0.9666792168674697 0.8377259036144579 0.9654241967871485 0.8333333333333333 0.9622866465863453 0.8295682730923695 0.9594628514056224 0.8254894578313253 0.9575803212851405 0.8220381526104418 0.9556977911646585 0.8192143574297188 0.953187751004016 0.8163905622489959 0.9500502008032128 0.8141942771084337 0.9450301204819276 0.813566767068273 0.9415788152610441 0.8132530120481928 0.9378137550200802 0.8132530120481928 0.9334211847389557 0.8138805220883534 0.9312248995983935 0.814508032128514 0.9290286144578312 0.8160768072289156 0.9246360441767068 0.8179593373493975 0.9205572289156625 0.8198418674698794 0.9167921686746987 0.822351907630522 0.9136546184738955 0.8258032128514056 0.910203313253012 0.8289407630522088 0.9076932730923695
1 0.3344628514056225 0.6080572289156626 0.3278739959839357 0.6118222891566264 0.3259914658634538 0.6124497991967871 0.3234814257028112 0.6127635542168675 0.32065763052208834 0.6130773092369477 0.31783383534136544 0.6130773092369477 0.3125 0.6121360441767068 0.3084211847389558 0.6111947791164659 0.30308734939759036 0.6089984939759036 0.29869477911646586 0.6068022088353413 0.2952434738955823 0.6039784136546184 0.2927334337349397 0.5992720883534136 0.2908509036144578 0.5939382530120482 0.29053714859437746 0.5886044176706826 0.29022339357429716 0.5851531124497992 0.29022339357429716 0.5817018072289156 0.2911646586345381 0.5779367469879517 0.2924196787148594 0.5744854417670683 0.293988453815261 0.5710341365461847 0.29555722891566266 0.5672690763052208 0.2977535140562249 0.5631902610441767 0.2996360441767068 0.5600527108433735 0.301832329317269 0.5566014056224898 0.3043423694779116 0.5531501004016064 0.30716616465863456 0.5506400602409638 0.3099899598393574 0.5487575301204818 0.3134412650602409 0.546875 0.31814759036144574 0.5446787148594378 0.32222640562248994 0.544051204819277 0.32724648594377503 0.5437374497991968 0.3319528112449799 0.5437374497991968 0.3363453815261044 0.5437374497991968 0.3391691767068273 0.5437374497991968 0.3432479919678714 0.5437374497991968 0.3451305220883534 0.5437374497991968 0.34701305220883527 0.5437374497991968 0.3501506024096385 0.544992469879518 0.3529743975903614 0.5475025100401606 0.35548443775100397 0.5512675702811245 0.3573669678714859 0.5559738955823293 0.3592494979919678 0.5597389558232931 0.3605045180722891 0.5641315261044176 0.36113202811244977 0.5678965863453815 0.3614457831325301 0.5710341365461847 0.3614457831325301 0.5744854417670683 0.3601907630522088 0.5782505020080321 0.35862198795180716 0.5813880522088353 0.35705321285140557 0.5842118473895581 0.3557981927710843 0.5870356425702811 0.35391566265060237 0.5901731927710843 0.3517193775100401 0.5933107429718875 0.3498368473895582 0.5961345381526103 0.3473268072289156 0.5983308232931727 0.3451305220883534 0.6002133534136546 0.34230672690763053 0.6024096385542168 0.3394829317269076 0.6049196787148594
1 0.2020582329317269 0.5569151606425702 0.19672439759036145 0.5522088353413654 0.19358684738955823 0.5490712851405621 0.19233182730923692 0.546875 0.190449297188755 0.5434236947791165 0.18825301204819275 0.5399723895582329 0.18731174698795178 0.5368348393574297 0.18668423694779115 0.5330697791164658 0.1860567269076305 0.5289909638554217 0.18574297188755018 0.5252259036144579 0.18574297188755018 0.5220883534136546 0.18574297188755018 0.5180095381526104 0.18574297188755018 0.5148719879518072 0.18668423694779115 0.510793172690763 0.18762550200803213 0.5073418674698795 0.18856676706827308 0.5038905622489959 0.18950803212851405 0.5004392570281124 0.19139056224899598 0.49636044176706823 0.19421435742971885 0.4938504016064257 0.19672439759036145 0.4925953815261044 0.2004894578313253 0.4913403614457831 0.20550953815261044 0.49039909638554213 0.2099021084337349 0.49039909638554213 0.21366716867469876 0.49039909638554213 0.21743222891566263 0.4910266064257028 0.22088353413654618 0.4925953815261044 0.22370732931726905 0.494164156626506 0.22621736947791163 0.4954191767068272 0.22809989959839355 0.4969879518072288 0.22998242971887548 0.4982429718875502 0.23186495983935743 0.49887048192771083 0.23531626506024095 0.5007530120481927 0.23845381526104417 0.502949297188755 0.24096385542168672 0.5064006024096385 0.24284638554216864 0.509851907630522 0.24441516064257027 0.5139307228915662 0.24567018072289154 0.5192645582329317 0.24598393574297187 0.5236571285140562 0.24598393574297187 0.52742218875502 0.24567018072289154 0.530245983935743 0.24535642570281124 0.5346385542168675 0.2450426706827309 0.539031124497992 0.24472891566265056 0.5421686746987951 0.24410140562248994 0.5453062248995983 0.24253263052208834 0.5496987951807228 0.24065010040160642 0.553777610441767 0.23814006024096382 0.5584839357429718 0.23531626506024095 0.5622489959839357 0.23217871485943772 0.5644452811244979 0.22841365461847388 0.5660140562248995 0.22558985943775098 0.5663278112449799 0.22182479919678713 0.5663278112449799 0.21680471887550198 0.5647590361445782 0.2127259036144578 0.5631902610441767 0.21021586345381524 0.5613077309236947 0.20707831325301204 0.5594252008032128
1 0.0960090361445783 0.5296184738955823 0.09695030120481926 0.5220883534136546 0.09726405622489959 0.5170682730923695 0.09757781124497991 0.5117344377510039 0.09851907630522087 0.5079693775100401 0.09946034136546184 0.5038905622489959 0.10071536144578312 0.4994979919678714 0.10291164658634537 0.4951054216867469 0.10510793172690762 0.4913403614457831 0.10855923694779115 0.48788905622489953 0.11138303212851405 0.485379016064257 0.11483433734939759 0.48286897590361444 0.11797188755020079 0.4809864457831325 0.12205070281124497 0.47879016064257024 0.12487449799196786 0.47753514056224894 0.1283258032128514 0.47690763052208834 0.1333458835341365 0.47628012048192764 0.1352284136546185 0.47628012048192764 0.1374246987951807 0.47628012048192764 0.13993473895582328 0.47690763052208834 0.14307228915662648 0.4781626506024096 0.1458960843373494 0.47941767068273083 0.14871987951807228 0.48161395582329314 0.15185742971887548 0.48475150602409633 0.15436746987951805 0.48883032128514053 0.15593624497991965 0.49290913654618473 0.15719126506024095 0.4966741967871486 0.15781877510040157 0.5001255020080321 0.15750502008032127 0.5054593373493975 0.15687751004016062 0.5095381526104418 0.15530873493975902 0.5148719879518072 0.15122991967871485 0.5267946787148594 0.14275853413654618 0.5424824297188754 0.14087600401606426 0.5453062248995983 0.13836596385542166 0.5487575301204818 0.1352284136546185 0.5522088353413654 0.1333458835341365 0.553777610441767 0.13083584337349397 0.5550326305220883 0.12769829317269074 0.5566014056224898 0.12487449799196786 0.5578564257028111 0.12016817269076305 0.5600527108433735 0.11703062248995982 0.5600527108433735 0.11263805220883533 0.5594252008032128 0.10824548192771083 0.5569151606425702 0.10416666666666666 0.5544051204819277 0.10008785140562249 0.5515813253012049 0.09757781124497991 0.5490712851405621 0.09663654618473895 0.5453062248995983 0.09632279116465862 0.5412274096385541 0.09632279116465862 0.53714859437751
1 0.04737700803212851 0.5678965863453815 0.0398468875502008 0.5763679718875501 0.030434236947791165 0.5807605421686746 0.019139056224899597 0.5838980923694778 0.01506024096385542 0.5838980923694778 0.013491465863453815 0.5838980923694778 0.010667670682730923 0.5838980923694778 0.009098895582329316 0.5835843373493976 0.0065888554216867465 0.5823293172690762 0.0028237951807228916 0.5807605421686746 0.0 0.5788780120481928 0.00031375502008032123 0.5258534136546185 0.008157630522088353 0.5255396586345381 0.012236445783132528 0.5255396586345381 0.016001506024096383 0.5252259036144579 0.019139056224899597 0.5252259036144579 0.02196285140562249 0.5255396586345381 0.025727911646586343 0.5261671686746987 0.029492971887550196 0.5271084337349398 0.03137550200803212 0.5277359437751004 0.03325803212851405 0.5286772088353413 0.036081827309236945 0.530245983935743 0.0398468875502008 0.5318147590361445 0.043298192771084335 0.5327560240963856 0.04674949799196786 0.5340110441767068 0.048318273092369475 0.535266064257028 0.04988704819277108 0.53714859437751 0.051455823293172685 0.540913654618474 0.05271084337349397 0.544051204819277 0.0530245983935743 0.5459337349397589 0.053652108433734934 0.5496987951807228 0.05396586345381526 0.5522088353413654 0.05396586345381526 0.5550326305220883 0.05333835341365461 0.5597389558232931 0.05208333333333333 0.5631902610441767
1 0.03953313253012048 0.41541164658634533 0.043298192771084335 0.4220005020080321 0.04361194779116465 0.4241967871485944 0.04361194779116465 0.4260793172690763 0.04361194779116465 0.4285893574297189 0.043298192771084335 0.43204066265060237 0.042356927710843366 0.4370607429718875 0.041415662650602404 0.440512048192771 0.04016064257028112 0.44364959839357426 0.03796435742971887 0.4464733935742971 0.035140562248995984 0.44929718875502006 0.032944277108433735 0.4518072289156626 0.030747991967871483 0.4540035140562249 0.028237951807228913 0.4561997991967871 0.02478664658634538 0.45965110441767065 0.022590361445783132 0.4621611445783132 0.01976656626506024 0.46435742971887545 0.01788403614457831 0.46592620481927705 0.014746485943775098 0.467808734939759 0.013177710843373493 0.4690637550200803 0.00784387550200803 0.4715737951807229 0.004078815261044176 0.4731425702811245 0.0 0.4734563253012048 0.00031375502008032123 0.4075677710843373 0.005961345381526104 0.4056852409638554 0.011295180722891566 0.40474397590361444 0.015373995983935742 0.40380271084337344 0.018511546184738954 0.40380271084337344 0.022276606425702807 0.40380271084337344 0.025727911646586343 0.4041164658634538 0.028865461847389553 0.40537148594377503 0.03168925702811245 0.4075677710843373 0.034199297188755015 0.40976405622489953 0.03702309236947791 0.41227409638554213
1 0.35862198795180716 0.44364959839357426 0.3517193775100401 0.4558860441767068 0.3501506024096385 0.45870983935742965 0.3482680722891566 0.4605923694779116 0.345758032128514 0.46278865461847385 0.3435617469879518 0.4646711847389558 0.34136546184738953 0.46592620481927705 0.3394829317269076 0.4674949799196787 0.33697289156626503 0.47000502008032125 0.33414909638554213 0.47188755020080314 0.3316390562248996 0.47282881526104414 0.3288152610441767 0.4734563253012048 0.32567771084337344 0.4737700803212851 0.3228539156626506 0.4737700803212851 0.32128514056224894 0.4737700803212851 0.3187751004016064 0.4737700803212851 0.3159513052208835 0.4734563253012048 0.3134412650602409 0.4722013052208835 0.30967620481927705 0.47031877510040154 0.30622489959839355 0.46686746987951805 0.30277359437751 0.46278865461847385 0.3012048192771084 0.45902359437751 0.30026355421686746 0.4561997991967871 0.2993222891566265 0.45274849397590355 0.29900853413654616 0.4464733935742971 0.29900853413654616 0.44208082329317266 0.29900853413654616 0.43674698795180716 0.3008910642570281 0.4323544176706827 0.3024598393574297 0.42921686746987947 0.3040286144578313 0.4263930722891566 0.30716616465863456 0.4223142570281124 0.3099899598393574 0.4191767068273092 0.31375502008032125 0.41635291164658633 0.3168925702811245 0.4144703815261044 0.32065763052208834 0.4125878514056225 0.32505020080321284 0.41070532128514053 0.3288152610441767 0.40945030120481923 0.3335215863453815 0.40788152610441764 0.3376004016064257 0.40631275100401604 0.3410517068273092 0.40537148594377503 0.3441892570281124 0.40474397590361444 0.3482680722891566 0.40474397590361444 0.35548443775100397 0.4056852409638554 0.35799447791164657 0.407254016064257 0.3601907630522088 0.40976405622489953 0.3617595381526104 0.4125878514056225 0.36207329317269077 0.416039156626506 0.36207329317269077 0.41949046184738953 0.36207329317269077 0.422941767068273 0.36207329317269077 0.425765562248996 0.36207329317269077 0.4285893574297189 0.36207329317269077 0.4323544176706827 0.3608182730923694 0.43674698795180716 0.3598770080321285 0.4398845381526104
1 0.23500251004016062 0.3893699799196787 0.23343373493975902 0.38121234939759036 0.2331199799196787 0.3774472891566265 0.2331199799196787 0.37305471887550196 0.2331199799196787 0.3692896586345381 0.23374748995983935 0.36552459839357426 0.23468875502008033 0.3617595381526104 0.23563002008032127 0.3573669678714859 0.23688504016064255 0.3532881526104417 0.2378263052208835 0.3498368473895582 0.23876757028112447 0.3473268072289156 0.24002259036144577 0.3445030120481928 0.24316014056224897 0.3404241967871486 0.24567018072289154 0.33822791164658633 0.2491214859437751 0.3360316265060241 0.25288654618473894 0.3344628514056225 0.25884789156626503 0.3328940763052209 0.2641817269076305 0.33226656626506024 0.2670055220883534 0.33320783132530113 0.2682605421686747 0.33571787148594373 0.2682605421686747 0.3388554216867469 0.2698293172690763 0.3432479919678714 0.2726531124497992 0.3460717871485944 0.2776731927710843 0.345758032128514 0.2833207831325301 0.3445030120481928 0.28583082329317266 0.345758032128514 0.2883408634538152 0.3488955823293172 0.29022339357429716 0.3529743975903614 0.2917921686746988 0.3573669678714859 0.29304718875502006 0.3614457831325301 0.2936746987951807 0.3658383534136546 0.2936746987951807 0.3705446787148594 0.2936746987951807 0.37525100401606426 0.2933609437751004 0.38027108433734935 0.2927334337349397 0.38434989959839355 0.29147841365461846 0.3884287148594377 0.29022339357429716 0.3925075301204819 0.28865461847389556 0.39627259036144574 0.28708584337349397 0.39909638554216864 0.2848895582329317 0.4016064257028112 0.2820657630522088 0.4041164658634538 0.27735943775100397 0.407254016064257 0.27453564257028107 0.4091365461847389 0.2717118473895582 0.4110190763052209 0.2670055220883534 0.41384287148594373 0.2635542168674699 0.416039156626506 0.26010291164658633 0.4172941767068273 0.2566516064257028 0.4169804216867469 0.25288654618473894 0.41541164658634533 0.25037650602409633 0.4135291164658634 0.2478664658634538 0.4110190763052209 0.2450426706827309 0.40819528112449793 0.24221887550200802 0.40380271084337344 0.24002259036144577 0.40129267068273083 0.23719879518072287 0.3965863453815261 0.23531626506024095 0.3925075301204819
1 0.06400602409638553 0.3168925702811245 0.06839859437751003 0.30716616465863456 0.07059487951807228 0.30340110441767065 0.07310491967871485 0.30057730923694775 0.07592871485943774 0.2983810240963855 0.07906626506024096 0.29649849397590355 0.08377259036144577 0.293988453815261 0.08816516064257027 0.2917921686746988 0.09318524096385541 0.28990963855421686 0.09977409638554216 0.28802710843373497 0.10667670682730922 0.2867720883534136 0.11357931726907629 0.2864583333333333 0.11891315261044175 0.2877133534136546 0.12267821285140562 0.2895958835341365 0.1267570281124498 0.29147841365461846 0.1295808232931727 0.2927334337349397 0.13177710843373494 0.2943022088353413 0.1339733935742972 0.29712600401606426 0.13491465863453814 0.2999497991967871 0.13491465863453814 0.30496987951807225 0.13491465863453814 0.3103037148594377 0.1327183734939759 0.31657881526104414 0.13146335341365462 0.320343875502008 0.12926706827309237 0.32473644578313254 0.12612951807228914 0.3294427710843373 0.12299196787148593 0.33383534136546184 0.12048192771084336 0.33728664658634533 0.11671686746987951 0.34011044176706823 0.10761797188755019 0.3463855421686747 0.10510793172690762 0.347640562248996 0.1016566265060241 0.3495230923694779 0.09914658634538152 0.3504643574297189 0.09475401606425703 0.35109186746987947 0.09098895582329317 0.35109186746987947 0.08596887550200803 0.35109186746987947 0.0825175702811245 0.3504643574297189 0.07686997991967871 0.34858182730923687 0.07341867469879518 0.3463855421686747 0.06871234939759036 0.3429342369477911 0.0665160642570281 0.34011044176706823 0.0649472891566265 0.33571787148594373 0.06400602409638553 0.32975652610441764 0.06400602409638553 0.3234814257028112
1 0.3674071285140562 0.284262048192771 0.37274096385542166 0.2783007028112449 0.3749372489959839 0.2761044176706827 0.3777610441767068 0.2735943775100401 0.38027108433734935 0.2720256024096385 0.38309487951807225 0.2710843373493976 0.3865461847389558 0.2707705823293172 0.39062499999999994 0.2707705823293172 0.3940763052208835 0.2720256024096385 0.39784136546184734 0.2735943775100401 0.40066516064257024 0.2751631526104417 0.40380271084337344 0.27735943775100397 0.4059989959839357 0.27955572289156627 0.4085090361445783 0.28300702811244977 0.41070532128514053 0.2867720883534136 0.4129016064257028 0.29053714859437746 0.4144703815261044 0.29461596385542166 0.41635291164658633 0.29806726907630515 0.4176079317269076 0.30277359437751 0.41949046184738953 0.30810742971887545 0.4213729919678714 0.3128137550200803 0.422941767068273 0.3184613453815261 0.4235692771084337 0.3215988955823293 0.423883032128514 0.32473644578313254 0.423883032128514 0.32818775100401604 0.423883032128514 0.33320783132530113 0.4220005020080321 0.3388554216867469 0.4191767068273092 0.3416792168674698 0.4172941767068273 0.344816767068273 0.4141566265060241 0.3482680722891566 0.40976405622489953 0.3520331325301205 0.40474397590361444 0.3548569277108433 0.40129267068273083 0.35548443775100397 0.398468875502008 0.35517068273092367 0.3934487951807229 0.35391566265060237 0.38623242971887545 0.35109186746987947 0.38183985943775095 0.3482680722891566 0.3790160642570281 0.3451305220883534 0.3739959839357429 0.3410517068273092 0.3708584337349397 0.337914156626506 0.36803463855421686 0.33320783132530113 0.3658383534136546 0.32818775100401604 0.363328313253012 0.3228539156626506 0.3617595381526104 0.31783383534136544 0.3608182730923694 0.3134412650602409 0.3601907630522088 0.30779367469879515 0.3601907630522088 0.30277359437751 0.3601907630522088 0.2983810240963855 0.36113202811244977 0.2933609437751004 0.36270080321285136 0.2895958835341365 0.36426957831325296 0.2867720883534136
1 0.2466114457831325 0.2550828313253012 0.2478664658634538 0.24378765060240962 0.2497489959839357 0.23970883534136542 0.25194528112449793 0.23657128514056225 0.2547690763052209 0.2331199799196787 0.25884789156626503 0.22998242971887548 0.26292670682730923 0.2274723895582329 0.2670055220883534 0.22464859437751003 0.270456827309237 0.22339357429718873 0.27547690763052207 0.22182479919678713 0.2823795180722891 0.2199422690763052 0.2864583333333333 0.21962851405622488 0.29147841365461846 0.21962851405622488 0.2952434738955823 0.21962851405622488 0.29900853413654616 0.21931475903614456 0.30308734939759036 0.2202560240963855 0.30622489959839355 0.2215110441767068 0.311558734939759 0.22307981927710843 0.31626506024096385 0.22621736947791163 0.31908885542168675 0.2302961847389558 0.3200301204819277 0.2331199799196787 0.32128514056224894 0.23688504016064255 0.32222640562248994 0.24159136546184737 0.32254016064257024 0.24598393574297187 0.32222640562248994 0.2506902610441767 0.32128514056224894 0.25414156626506024 0.3200301204819277 0.25727911646586343 0.3172063253012048 0.2622991967871486 0.31406877510040154 0.2657505020080321 0.311558734939759 0.2679467871485944 0.3087349397590361 0.2698293172690763 0.3043423694779116 0.2713980923694779 0.3008910642570281 0.2726531124497992 0.2977535140562249 0.2742218875502008 0.2936746987951807 0.2757906626506024 0.29053714859437746 0.276418172690763 0.2864583333333333 0.2776731927710843 0.2833207831325301 0.2779869477911647 0.2808107429718875 0.2779869477911647 0.2767319277108433 0.2779869477911647 0.2723393574297189 0.2776731927710843 0.2679467871485944 0.2767319277108433 0.2638679718875502 0.2757906626506024 0.26041666666666663 0.2748493975903614 0.2566516064257028 0.2732806224899598 0.2535140562248996 0.2713980923694779 0.251004016064257 0.268574297188755 0.24880773092369476 0.2648092369477911 0.24723895582329317 0.26041666666666663
1 0.1151480923694779 0.1772715863453815 0.11201054216867469 0.16785893574297187 0.11138303212851405 0.16534889558232932 0.11044176706827309 0.16189759036144577 0.11044176706827309 0.15876004016064255 0.11044176706827309 0.15436746987951805 0.1107555220883534 0.1506024096385542 0.11232429718875502 0.1458960843373494 0.11389307228915663 0.1418172690763052 0.11608935742971886 0.1371109437751004 0.11797188755020079 0.1333458835341365 0.12016817269076305 0.129894578313253 0.12236445783132528 0.1267570281124498 0.12487449799196786 0.12456074297188754 0.1283258032128514 0.12236445783132528 0.13177710843373494 0.12079568273092368 0.1358559236947791 0.11985441767068271 0.13993473895582328 0.11985441767068271 0.14369979919678713 0.12048192771084336 0.14809236947791163 0.12205070281124497 0.15279869477911648 0.1242469879518072 0.15656375502008033 0.12738453815261044 0.16064257028112447 0.13083584337349397 0.16409387550200802 0.13491465863453814 0.16691767068273092 0.13899347389558234 0.16880020080321284 0.1433860441767068 0.17036897590361447 0.14809236947791163 0.17068273092369476 0.1506024096385542 0.17068273092369476 0.15436746987951805 0.17068273092369476 0.15844628514056225 0.17005522088353411 0.16252510040160642 0.16911395582329317 0.16534889558232932 0.1681726907630522 0.16911395582329317 0.16660391566265056 0.17319277108433734 0.16472138554216864 0.17821285140562246 0.16283885542168672 0.181664156626506 0.1609563253012048 0.18480170682730923 0.15781877510040157 0.18856676706827308 0.1546812248995984 0.1920180722891566 0.15279869477911648 0.19390060240963852 0.15122991967871485 0.19515562248995982 0.14966114457831325 0.19703815261044175 0.14809236947791163 0.199234437751004 0.14558232931726905 0.20143072289156624 0.14244477911646586 0.20268574297188752 0.13930722891566263 0.20268574297188752 0.1339733935742972 0.20143072289156624 0.13052208835341364 0.20017570281124497 0.1283258032128514 0.19860692771084337 0.12644327309236947 0.19641064257028112 0.12456074297188754 0.19452811244979917 0.12236445783132528 0.19139056224899598 0.12079568273092368 0.18825301204819275 0.11922690763052209 0.18480170682730923
1 0.0458082329317269 0.2139809236947791 0.04800451807228915 0.22684487951807228 0.048318273092369475 0.22966867469879518 0.04800451807228915 0.23343373493975902 0.04737700803212851 0.23688504016064255 0.046435742971887545 0.24065010040160642 0.04486696787148594 0.24441516064257027 0.042984437751004016 0.2478664658634538 0.04172941767068273 0.2506902610441767 0.03953313253012048 0.25414156626506024 0.03733684738955823 0.25727911646586343 0.036081827309236945 0.25884789156626503 0.03451305220883534 0.2607304216867469 0.03200301204819277 0.2638679718875502 0.029179216867469878 0.266691767068273 0.026355421686746986 0.2682605421686747 0.023845381526104416 0.269515562248996 0.01976656626506024 0.2710843373493976 0.016001506024096383 0.2720256024096385 0.014118975903614456 0.2726531124497992 0.010353915662650601 0.2726531124497992 0.008785140562248996 0.2717118473895582 0.006275100401606425 0.2692018072289156 0.004078815261044176 0.2663780120481928 0.00031375502008032123 0.2594754016064257 0.00031375502008032123 0.21303965863453814 0.005961345381526104 0.20613704819277107 0.008157630522088353 0.20456827309236944 0.00972640562248996 0.20394076305220882 0.011922690763052208 0.20299949799196784 0.014432730923694776 0.20143072289156624 0.01788403614457831 0.19860692771084337 0.01976656626506024 0.19703815261044175 0.021335341365461846 0.19641064257028112 0.023217871485943772 0.19578313253012045 0.026355421686746986 0.19546937751004015 0.028237951807228913 0.19546937751004015 0.03137550200803212 0.19641064257028112 0.0338855421686747 0.19735190763052207 0.03702309236947791 0.19892068273092367 0.039219377510040156 0.20017570281124497 0.04172941767068273 0.20143072289156624 0.043298192771084335 0.2033132530120482 0.042984437751004016 0.20519578313253012 0.04392570281124498 0.20739206827309237 0.045180722891566265 0.21052961847389556
1 0.20833333333333331 0.07624246987951806 0.2099021084337349 0.06996736947791164 0.2120983935742972 0.06714357429718874 0.2155496987951807 0.06306475903614457 0.21837349397590358 0.059927208835341354 0.22245230923694775 0.056789658634538144 0.22684487951807228 0.05427961847389558 0.2315512048192771 0.05208333333333333 0.23500251004016062 0.05082831325301205 0.23845381526104417 0.050514558232931724 0.24472891566265056 0.050514558232931724 0.2506902610441767 0.05114206827309236 0.2579066265060241 0.053652108433734934 0.2641817269076305 0.05616214859437751 0.2688880522088353 0.059927208835341354 0.2732806224899598 0.06431977911646586 0.27704568273092367 0.06933985943775099 0.27986947791164657 0.07310491967871485 0.2817520080321285 0.07655622489959839 0.28269327309236947 0.08000753012048192 0.2833207831325301 0.08283132530120481 0.2833207831325301 0.08659638554216867 0.2823795180722891 0.0900476907630522 0.28112449799196787 0.0944402610441767 0.27892821285140557 0.09914658634538152 0.27704568273092367 0.10134287148594376 0.2732806224899598 0.1032254016064257 0.2654367469879518 0.10573544176706826 0.259789156626506 0.10667670682730922 0.25320030120481923 0.10667670682730922 0.2466114457831325 0.10573544176706826 0.2390813253012048 0.1047941767068273 0.23374748995983935 0.1032254016064257 0.22653112449799195 0.10071536144578312 0.22182479919678713 0.09820532128514056 0.21900100401606426 0.0960090361445783 0.21492218875502006 0.09130271084337349 0.2114708835341365 0.086910140562249 0.20833333333333331 0.08220381526104417
1 0.33414909638554213 0.059927208835341354 0.3278739959839357 0.054593373493975896 0.3259914658634538 0.05114206827309236 0.3244226907630522 0.04800451807228915 0.32316767068273095 0.04392570281124498 0.3219126506024096 0.0398468875502008 0.32128514056224894 0.0354543172690763 0.320343875502008 0.030434236947791165 0.31971636546184734 0.024472891566265056 0.31971636546184734 0.016629016064257027 0.32222640562248994 0.00972640562248996 0.3234814257028112 0.006275100401606425 0.32630522088353414 0.00031375502008032123 0.37023092369477906 0.0 0.37148594377510036 0.0009412650602409637 0.37368222891566266 0.004078815261044176 0.37556475903614456 0.008471385542168674 0.3768197791164658 0.012236445783132528 0.3774472891566265 0.015373995983935742 0.3780747991967871 0.01976656626506024 0.3780747991967871 0.024472891566265056 0.3780747991967871 0.029492971887550196 0.3777610441767068 0.0338855421686747 0.37713353413654616 0.039219377510040156 0.3765060240963855 0.04392570281124498 0.37525100401606426 0.04800451807228915 0.37368222891566266 0.05239708835341365 0.3717996987951807 0.05616214859437751 0.36960341365461846 0.05929969879518072 0.36677961847389556 0.06180973895582329 0.36395582329317266 0.06306475903614457 0.3608182730923694 0.06369226907630522 0.3576807228915662 0.06431977911646586 0.35234688755020077 0.0649472891566265 0.3495230923694779 0.0649472891566265 0.3445030120481928 0.06431977911646586 0.34073795180722893 0.0633785140562249 0.33728664658634533 0.061495983935742966
1 0.03733684738955823 0.03576807228915662 0.03012048192771084 0.03168925702811245 0.027296686746987948 0.028551706827309235 0.024472891566265056 0.024472891566265056 0.02196285140562249 0.01945281124497992 0.020707831325301202 0.012863955823293171 0.020394076305220884 0.006275100401606425 0.022276606425702807 0.0006275100401606425 0.11608935742971886 0.0006275100401606425 0.12142319277108432 0.008157630522088353 0.12299196787148593 0.011922690763052208 0.1239332329317269 0.01725652610441767 0.1242469879518072 0.022276606425702807 0.12361947791164658 0.025727911646586343 0.12173694779116466 0.02980672690763052 0.11797188755020079 0.0338855421686747 0.11389307228915663 0.036395582329317264 0.10918674698795179 0.03859186746987951 0.10416666666666666 0.04016064257028112 0.09851907630522087 0.042356927710843366 0.09412650602409638 0.04361194779116465 0.0900476907630522 0.045180722891566265 0.08534136546184738 0.04674949799196786 0.0796937751004016 0.04769076305220883 0.07247740963855422 0.04800451807228915 0.0677710843373494 0.04769076305220883 0.06275100401606425 0.04674949799196786 0.05804467871485943 0.045180722891566265 0.05427961847389558 0.04361194779116465 0.0502008032128514 0.04172941767068273 0.04674949799196786 0.04016064257028112 0.04172941767068273 0.03859186746987951
1 0.2120983935742972 0.00962182061579652 0.20498661311914324 0.014641900937081658 0.2020582329317269 0.016315261044176705 0.2020582329317269 0.016315261044176705 0.19745649263721549 0.016733601070950465 0.1899263721552878 0.01589692101740294 0.18406961178045514 0.015478580990629182 0.17737617135207495 0.014223560910307898 0.17277443105756357 0.01255020080321285 0.16859103078982596 0.00962182061579652 0.16440763052208834 0.00502008032128514 0.16315261044176707 0.00041834002677376166 0.21879183400267738 0.0
0 0.27683933933933935 0.25572447447447444 0.2930274024024024 0.2512668918918919 0.29560810810810806 0.25056306306306303 0.2988926426426426 0.24915540540540537 0.3010041291291291 0.24798235735735735 0.3026463963963964 0.2470439189189189 0.30311561561561556 0.24563626126126123 0.3033502252252252 0.2442286036036036 0.3010041291291291 0.24282094594594594 0.29959647147147145 0.24211711711711711 0.29748498498498493 0.24141328828828829 0.29607732732732733 0.24117867867867865 0.2930274024024024 0.24117867867867865 0.28974286786786785 0.24164789789789787 0.2859891141141141 0.24211711711711711 0.28270457957957956 0.24305555555555552 0.2791854354354354 0.24375938438438435 0.2756662912912912 0.2449324324324324 0.27308558558558554 0.24587087087087087 0.2709740990990991 0.24680930930930928 0.268628003003003 0.24821696696696696 0.2662819069069069 0.24939001501501498 0.26534346846846846 0.25079767267267267 0.26487424924924924 0.2522053303303303 0.26487424924924924 0.2545514264264264 0.2658126876876877 0.25619369369369366 0.26768956456456455 0.2566629129129129 0.2714433183183183 0.2566629129129129 0.2733201951951952 0.2564283033033033
0 0.2599474474474474 0.38311749249249244 0.2592436186186186 0.3666948198198198 0.2599474474474474 0.36247184684684686 0.26065127627627627 0.3594219219219219 0.2627627627627627 0.35871809309309305 0.26370120120120116 0.35918731231231227 0.26487424924924924 0.3610641891891892 0.2658126876876877 0.362941066066066 0.2658126876876877 0.36458333333333326 0.26604729729729726 0.3669294294294294 0.2662819069069069 0.3697447447447447 0.2662819069069069 0.37302927927927926 0.2665165165165165 0.3760792042042042 0.2662819069069069 0.38006756756756754 0.26604729729729726 0.38288288288288286 0.2658126876876877 0.38499436936936937 0.26487424924924924 0.38710585585585583 0.2634665915915916 0.3889827327327327 0.2615897147147147 0.3894519519519519 0.2599474474474474 0.3885135135135135 0.2594782282282282 0.38546358858858853
0 0.33830705705705705 0.43613926426426425 0.3324418168168168 0.4450544294294294 0.3272804054054054 0.4504504504504504 0.3249343093093093 0.4516234984984984 0.32164977477477474 0.45185810810810806 0.31977289789789787 0.4509196696696696 0.3202421171171171 0.4488081831831831 0.32164977477477474 0.44622747747747743 0.32282282282282276 0.44317755255255253 0.3237612612612612 0.4403622372372372 0.3251689189189189 0.43801614114114107 0.3272804054054054 0.4354354354354354 0.3293918918918919 0.4326201201201201 0.3310341591591591 0.43050863363363356 0.332911036036036 0.4281625375375375 0.3350225225225225 0.42675487987987987 0.3368993993993994 0.426051051051051 0.33948010510510507 0.426051051051051 0.34112237237237236 0.4262856606606606 0.34182620120120116 0.42675487987987987 0.34182620120120116 0.4281625375375375 0.34182620120120116 0.43027402402402404 0.3408877627627627 0.4328547297297297
0 0.4985454204204204 0.41478978978978975 0.48658033033033027 0.42112424924924924 0.48329579579579574 0.42300112612612606 0.4800112612612612 0.42487800300300294 0.4771959459459459 0.42675487987987987 0.47531906906906907 0.42698948948948945 0.4736768018018018 0.4262856606606606 0.47203453453453453 0.4244087837837837 0.47156531531531526 0.4234703453453453 0.4722691441441441 0.4213588588588589 0.4736768018018018 0.41995120120120116 0.47625750750750745 0.4183089339339339 0.48071509009009006 0.41643205705705705 0.49244557057057053 0.4108014264264264 0.4973723723723723 0.4082207207207207 0.5001876876876876 0.40775150150150147 0.5018299549549549 0.40775150150150147 0.5027683933933934 0.4086899399399399 0.5030030030030029 0.41009759759759756 0.5025337837837838 0.41197447447447444 0.5008915165165164 0.4133821321321321
0 0.5956737987987988 0.28153153153153154 0.5933277027027027 0.2754316816816817 0.5923892642642642 0.27238175675675674 0.5916854354354354 0.26956644144144143 0.5909816066066065 0.26675112612612606 0.5912162162162161 0.26440503003003 0.5933277027027027 0.2634665915915916 0.5947353603603603 0.2634665915915916 0.5956737987987988 0.2641704204204204 0.5963776276276275 0.2665165165165165 0.5968468468468467 0.2688626126126126 0.5975506756756757 0.2716779279279279 0.5984891141141141 0.27472785285285284 0.5991929429429429 0.27707394894894893 0.5998967717717717 0.27965465465465467 0.6006006006006005 0.2820007507507507 0.6008352102102101 0.28458145645645644 0.5998967717717717 0.2859891141141141 0.5987237237237237 0.2862237237237237 0.5975506756756757 0.28528528528528524
0 0.39297109609609604 0.3218843843843844 0.3908596096096096 0.3160191441441441 0.3894519519519519 0.3127346096096096 0.38804429429429427 0.30991929429429427 0.3873404654654654 0.30757319819819817 0.3861674174174174 0.3045232732732732 0.38522897897897895 0.3017079579579579 0.3845251501501501 0.29936186186186187 0.3845251501501501 0.2963119369369369 0.3845251501501501 0.29490427927927926 0.38546358858858853 0.29279279279279274 0.3868712462462462 0.29208896396396394 0.3885135135135135 0.29255818318318316 0.3892173423423423 0.29490427927927926 0.3901557807807807 0.29748498498498493 0.3910942192192192 0.30006569069069067 0.3925018768768769 0.3033502252252252 0.39390953453453453 0.3064001501501501 0.39508258258258255 0.30898085585585583 0.3962556306306306 0.31109234234234234 0.39766328828828823 0.3134384384384384 0.3986017267267267 0.31578453453453453 0.3995401651651651 0.31859984984984985 0.40024399399399396 0.32164977477477474 0.4011824324324324 0.3246996996996997 0.4018862612612612 0.32798423423423423 0.40212087087087084 0.3300957207207207 0.40024399399399396 0.3322072072072072 0.3990709459459459 0.3324418168168168 0.39695945945945943 0.3322072072072072 0.3957864114114114 0.3305649399399399 0.39461336336336333 0.3277496246246246
0 0.4572541291291291 0.5813626126126125 0.45443881381381374 0.5879316816816816 0.4523273273273273 0.590746996996997 0.44951201201201196 0.5937969219219218 0.4478697447447447 0.5954391891891891 0.44693130630630623 0.5968468468468467 0.4457582582582582 0.5975506756756757 0.44435060060060055 0.5980198948948948 0.4429429429429429 0.5982545045045045 0.441066066066066 0.5966122372372371 0.4401276276276276 0.5942661411411411 0.4401276276276276 0.5902777777777778 0.441066066066066 0.5853509759759759 0.4448198198198198 0.5766704204204204 0.44833896396396394 0.5698667417417417 0.45279654654654655 0.5632976726726727 0.4546734234234234 0.5604823573573573 0.45608108108108103 0.5590746996996997 0.4572541291291291 0.557667042042042 0.4588963963963964 0.5571978228228228 0.4605386636636636 0.5569632132132132 0.4617117117117117 0.557667042042042 0.4624155405405405 0.5597785285285285 0.4626501501501501 0.5632976726726727 0.4626501501501501 0.566112987987988 0.46194632132132124 0.5689283033033032 0.46100788288288286 0.5710397897897898 0.4600694444444444 0.5733858858858858 0.45866178678678676 0.5766704204204204
0 0.5236486486486486 0.8905780780780781 0.519191066066066 0.8990240240240239 0.5168449699699699 0.9023085585585585 0.5147334834834835 0.9041854354354354 0.5128566066066066 0.9062969219219218 0.5093374624624624 0.9091122372372371 0.5079298048048048 0.9072353603603602 0.5088682432432432 0.9037162162162161 0.5098066816816816 0.9016047297297297 0.5107451201201201 0.8994932432432432 0.5121527777777778 0.8964433183183182 0.5133258258258258 0.8938626126126125 0.5147334834834835 0.8912819069069068 0.5163757507507507 0.8887012012012011 0.5175487987987988 0.8870589339339339 0.519191066066066 0.8837743993993994 0.5210679429429429 0.8797860360360359 0.5229448198198198 0.8765015015015014 0.524587087087087 0.8739207957957957 0.5264639639639639 0.8732169669669668 0.5269331831831832 0.8743900150150149 0.5269331831831832 0.8769707207207207 0.5262293543543543 0.8800206456456455 0.5252909159159159 0.8835397897897898 0.5250563063063063 0.8863551051051051
0 0.6254692192192192 0.9745683183183182 0.6242961711711711 0.9715183933933933 0.6238269519519518 0.9694069069069068 0.6235923423423423 0.9672954204204204 0.6233577327327328 0.9651839339339339 0.6231231231231231 0.9630724474474474 0.6231231231231231 0.9609609609609608 0.6235923423423423 0.9581456456456455 0.6245307807807807 0.9555649399399399 0.6254692192192192 0.9522804054054054 0.6266422672672671 0.9504035285285285 0.6280499249249248 0.9492304804804804 0.6292229729729729 0.9487612612612611 0.6313344594594594 0.9508727477477478 0.632742117117117 0.953688063063063 0.6336805555555555 0.9565033783783783 0.6341497747747747 0.9600225225225224 0.634618993993994 0.9633070570570569 0.634618993993994 0.9668262012012011 0.634618993993994 0.9698761261261261 0.6348536036036035 0.9726914414414414 0.634618993993994 0.975272147147147 0.6336805555555555 0.9783220720720719 0.632742117117117 0.9799643393393392 0.6315690690690691 0.9813719969969968 0.6301614114114114 0.9804335585585585 0.6282845345345345 0.9794951201201201 0.6268768768768768 0.9780874624624624
0 0.6925675675675674 0.885182057057057 0.6841216216216215 0.8933933933933934 0.6822447447447447 0.8945664414414414 0.6798986486486486 0.8957394894894894 0.6777871621621621 0.8969125375375374 0.6747372372372371 0.8980855855855855 0.6733295795795795 0.8983201951951951 0.6709834834834835 0.8973817567567567 0.670045045045045 0.8959740990990991 0.6698104354354354 0.8940972222222221 0.6698104354354354 0.8919857357357357 0.6698104354354354 0.8889358108108107 0.670045045045045 0.8865897147147146 0.6709834834834835 0.8847128378378378 0.6728603603603603 0.8818975225225224 0.6749718468468467 0.8793168168168167 0.6768487237237237 0.8776745495495495 0.6798986486486486 0.8746246246246245 0.6829485735735735 0.8713400900900901 0.68506006006006 0.8696978228228228 0.6869369369369368 0.8685247747747747 0.6899868618618618 0.8673517267267267 0.693506006006006 0.8666478978978979 0.6949136636636636 0.8666478978978979 0.6963213213213212 0.8678209459459458 0.6974943693693694 0.8694632132132132 0.6979635885885885 0.8715746996996996 0.6981981981981982 0.8736861861861861 0.6979635885885885 0.8762668918918918 0.6970251501501501 0.8795514264264264 0.6963213213213212 0.8816629129129129
0 0.6864677177177178 0.5360829579579579 0.680837087087087 0.5311561561561561 0.6787256006006005 0.5281062312312312 0.6773179429429429 0.5259947447447447 0.6759102852852852 0.5234140390390389 0.6752064564564564 0.5213025525525525 0.6749718468468467 0.5187218468468467 0.6749718468468467 0.5168449699699699 0.6766141141141141 0.5163757507507507 0.6794294294294294 0.5173141891891891 0.6827139639639639 0.5187218468468467 0.6848254504504504 0.5198948948948948 0.6876407657657657 0.522240990990991 0.6897522522522521 0.524587087087087 0.6909253003003002 0.5269331831831832 0.6923329579579579 0.52881006006006 0.6939752252252251 0.5297484984984985 0.6960867117117117 0.5316253753753754 0.6979635885885885 0.534206081081081 0.698902027027027 0.5370213963963963 0.6991366366366365 0.5393674924924924 0.6981981981981982 0.5410097597597597 0.6967905405405405 0.5417135885885885 0.6932713963963963 0.5410097597597597 0.6899868618618618 0.5391328828828829
0 0.8718093093093092 0.4959647147147147 0.8650056306306305 0.4940878378378378 0.8579673423423422 0.49174174174174173 0.8542135885885885 0.4905686936936936 0.8490521771771771 0.48916103603603595 0.8457676426426425 0.4875187687687687 0.8450638138138138 0.48587650150150147 0.8448292042042042 0.4830611861861861 0.845533033033033 0.48071509009009006 0.8481137387387387 0.48024587087087084 0.8513982732732732 0.48094969969969964 0.8544481981981982 0.4821227477477477 0.8579673423423422 0.48376501501501495 0.8621903153153152 0.48540728228228225 0.8657094594594594 0.48704954954954954 0.8692286036036035 0.48822259759759756 0.8718093093093092 0.4886918168168168 0.8755630630630631 0.48916103603603595 0.8776745495495495 0.4893956456456456 0.8800206456456455 0.4896302552552552 0.8826013513513512 0.4905686936936936 0.8842436186186186 0.49197635135135126 0.8849474474474474 0.493384009009009 0.8844782282282282 0.4950262762762762 0.8833051801801801 0.4964339339339339 0.8809590840840841 0.4971377627627627 0.8769707207207207 0.49760698198198194 0.8750938438438438 0.4973723723723723
0 0.7552083333333333 0.32282282282282276 0.7418355855855855 0.3331456456456456 0.7310435435435435 0.33948010510510507 0.7247090840840841 0.3401839339339339 0.7228322072072071 0.3397147147147147 0.7223629879879879 0.33901088588588585 0.7221283783783784 0.33643018018018017 0.7230668168168167 0.33431869369369366 0.725882132132132 0.3310341591591591 0.7279936186186186 0.32868806306306303 0.7345626876876877 0.3242304804804804 0.7507507507507507 0.31484609609609604 0.7538006756756755 0.3134384384384384 0.7559121621621621 0.3129692192192192 0.758962087087087 0.3129692192192192 0.7601351351351351 0.31320382882882886 0.7613081831831832 0.3143768768768769 0.7615427927927928 0.31578453453453453 0.7606043543543543 0.31695758258258255 0.7591966966966966 0.31953828828828823
0 0.670045045045045 0.21185247747747746 0.6517454954954954 0.1980105105105105 0.6501032282282282 0.19636824324324323 0.6484609609609608 0.19449136636636635 0.6482263513513513 0.19284909909909909 0.6498686186186186 0.19214527027027026 0.6522147147147147 0.19237987987987987 0.6566722972972971 0.19425675675675674 0.6653528528528528 0.20106043543543542 0.6733295795795795 0.20645645645645644 0.6747372372372371 0.2078641141141141 0.6752064564564564 0.20997560060060058 0.675441066066066 0.21185247747747746 0.6742680180180181 0.21326013513513511 0.6728603603603603 0.21349474474474472
0 0.8689939939939939 0.14311186186186184 0.8457676426426425 0.14311186186186184 0.8415446696696696 0.14264264264264262 0.8380255255255254 0.1419388138138138 0.8361486486486486 0.14006193693693694 0.8359140390390389 0.13818506006006004 0.8366178678678678 0.1363081831831832 0.8384947447447447 0.13513513513513511 0.8504598348348348 0.1344313063063063 0.8682901651651651 0.13583896396396394 0.8727477477477478 0.13701201201201202 0.8755630630630631 0.13795045045045043 0.8762668918918918 0.1391234984984985 0.8762668918918918 0.1414695945945946 0.8743900150150149 0.142408033033033
0 0.5242077464788732 0.19850352112676056 0.5183392018779343 0.19923708920187794 0.515160406885759 0.19923708920187794 0.5134487480438185 0.19923708920187794 0.5097809076682316 0.19948161189358374 0.5066021126760564 0.1999706572769953 0.5036678403755869 0.1999706572769953 0.4990219092331768 0.1999706572769953 0.49755477308294205 0.19899256651017214 0.49682120500782473 0.19703638497652584 0.49755477308294205 0.1948356807511737 0.5002445226917058 0.1928794992175274 0.5041568857589984 0.19141236306729265 0.5097809076682316 0.1904342723004695 0.5149158841940532 0.1904342723004695 0.5195618153364632 0.19116784037558687 0.5239632237871674 0.19165688575899845 0.5283646322378717 0.1923904538341158 0.530320813771518 0.1926349765258216 0.5308098591549295 0.19434663536776214 0.5300762910798122 0.19556924882629106 0.5271420187793427 0.19728090766823161
0 0.11930868838763575 0.5234440267335004 0.12531328320802004 0.5093462823725982 0.12949039264828738 0.5009920634920635 0.13105680868838762 0.49838137009189637 0.13210108604845447 0.4981203007518797 0.133406432748538 0.4986424394319131 0.13392857142857142 0.5015142021720969 0.1336675020885547 0.5036027568922306 0.13288429406850458 0.5067355889724311 0.1305346700083542 0.5145676691729323 0.12557435254803676 0.5276211361737677 0.12296365914786968 0.5304928989139515 0.12035296574770257 0.532842522974102 0.11826441102756892 0.5331035923141186 0.1177422723475355 0.531798245614035 0.1177422723475355 0.5286654135338346
0 0.2109440267335004 0.5299707602339181 0.20624477861319965 0.5182226399331662 0.20572263993316622 0.5150898078529658 0.20624477861319965 0.5127401837928154 0.20702798663324978 0.5111737677527152 0.20885547201336674 0.5101294903926482 0.21068295739348372 0.5101294903926482 0.2135547201336675 0.5127401837928154 0.21538220551378445 0.5161340852130326 0.21851503759398494 0.5223997493734335 0.2234753550543024 0.5349310776942355 0.22399749373433583 0.5378028404344194 0.22425856307435252 0.5401524644945698 0.22295321637426901 0.5419799498746867 0.22112573099415203 0.5422410192147034 0.21851503759398494 0.5406746031746031 0.21590434419381788 0.5380639097744361 0.21329365079365079 0.5346700083542189
0 0.0475 0.8973333333333334 0.042666666666666665 0.8916666666666667 0.037333333333333336 0.8863333333333333 0.034833333333333334 0.884 0.03283333333333333 0.882 0.03216666666666666 0.88 0.0325 0.8785000000000001 0.033666666666666664 0.8773333333333333 0.034833333333333334 0.8766666666666667 0.037000000000000005 0.8768333333333334 0.04016666666666667 0.8781666666666667 0.042499999999999996 0.8798333333333334 0.04466666666666667 0.8821666666666667 0.04716666666666667 0.885 0.049666666666666665 0.8881666666666667 0.05183333333333333 0.8913333333333333 0.0535 0.8945000000000001 0.05533333333333333 0.8976666666666666 0.05566666666666666 0.9008333333333333 0.05466666666666666 0.9025 0.05366666666666667 0.903 0.051666666666666666 0.9018333333333334 0.049666666666666665 0.9
0 0.0981800766283525 0.3206816730523627 0.09378991060025542 0.32227809706257987 0.08820242656449553 0.3244731800766284 0.08580779054916986 0.3250718390804598 0.08261494252873564 0.3252713920817369 0.08101851851851853 0.3246727330779055 0.08101851851851853 0.322477650063857 0.08301404853128992 0.32088122605363983 0.08560823754789273 0.3190852490421456 0.08999840357598979 0.31689016602809705 0.10137292464878672 0.31010536398467436 0.1047653256704981 0.3087084929757344 0.10795817369093232 0.3077107279693487 0.11155012771392082 0.30711206896551724 0.11274744572158366 0.30810983397190295 0.11234833971902938 0.3097062579821201 0.11075191570881228 0.3113026819923372 0.10895593869731801 0.3128991060025543 0.1063617496807152 0.3148946360153257 0.10436621966794381 0.31669061302681994 0.1027697956577267 0.3178879310344828
0 0.7046147978642258 0.4490846681922197 0.6926964149504194 0.44098016781083144 0.6845919145690312 0.4350209763539283 0.6814931350114416 0.43335240274599546 0.6793478260869565 0.43192219679633864 0.6772025171624715 0.42977688787185353 0.6774408848207475 0.4271548436308162 0.6786327231121282 0.42620137299771166 0.6800629290617849 0.4254862700228833 0.6819698703279938 0.42596300533943554 0.6853070175438596 0.4290617848970252 0.6905511060259344 0.43382913806254764 0.7055682684973302 0.44336384439359267 0.7155797101449275 0.4505148741418764 0.7162948131197558 0.4524218154080854 0.7160564454614797 0.45361365369946605 0.7148646071700991 0.45361365369946605 0.7117658276125095 0.4526601830663616
0 0.9545419730392156 0.3061810661764706 0.942095588235294 0.3073299632352941 0.9317555147058822 0.30656403186274506 0.9286917892156862 0.3056066176470588 0.9267769607843136 0.30464920343137253 0.9254365808823529 0.303500306372549 0.9252450980392156 0.30101102941176466 0.9262025122549019 0.29967064950980393 0.9277343749999999 0.2979473039215686 0.9319469975490196 0.29660692401960786 0.9353936887254901 0.29660692401960786 0.9382659313725489 0.29679840686274506 0.9417126225490196 0.29718137254901955 0.9459252450980391 0.2973728553921568 0.948797487745098 0.2973728553921568 0.9532015931372548 0.2973728553921568 0.9566482843137254 0.2973728553921568 0.958563112745098 0.2979473039215686 0.9610523897058822 0.2992876838235294 0.9629672181372548 0.3004365808823529 0.963924632352941 0.30196844362745096 0.9641161151960784 0.3038832720588235 0.9633501838235293 0.305032169117647 0.9614353553921567 0.30579810049019607 0.9583716299019608 0.3061810661764706
0 0.9417126225490196 0.23380055147058823 0.9373085171568627 0.23360906862745096 0.934627757352941 0.2334175857843137 0.932329963235294 0.23380055147058823 0.9294577205882353 0.23456648284313722 0.9275428921568627 0.2347579656862745 0.9244791666666665 0.23533241421568626 0.922564338235294 0.2357153799019608 0.9200750612745098 0.235906862745098 0.9179687499999999 0.235906862745098 0.9149050245098038 0.235906862745098 0.9131816789215687 0.235906862745098 0.9110753676470588 0.23533241421568626 0.9099264705882353 0.2347579656862745 0.9091605392156862 0.2334175857843137 0.9095435049019608 0.2316942401960784 0.9112668504901961 0.23073682598039216 0.9129901960784312 0.23035386029411764 0.9162454044117646 0.23035386029411764 0.9187346813725489 0.23073682598039216 0.9210324754901961 0.2309283088235294 0.9223728553921567 0.2309283088235294 0.9252450980392156 0.2309283088235294 0.9275428921568627 0.2309283088235294 0.9296492034313725 0.2305453431372549 0.9315640318627451 0.22997089460784312 0.9348192401960784 0.22939644607843138 0.9378829656862744 0.2292049632352941 0.9403722426470587 0.2292049632352941 0.9424785539215687 0.2292049632352941 0.9455422794117646 0.2292049632352941 0.9468826593137254 0.22863051470588233 0.948797487745098 0.22786458333333331 0.9509037990196078 0.22767310049019607 0.9516697303921567 0.22805606617647056 0.9522441789215687 0.2295879289215686 0.951861213235294 0.2313112745098039 0.9509037990196078 0.23246017156862744 0.948797487745098 0.23303462009803919 0.9463082107843136 0.23380055147058823 0.9440104166666665 0.23418351715686275
0 0.25675366300366304 0.08199786324786329 0.2468330280830281 0.08199786324786329 0.24378052503052505 0.08123473748473753 0.24072802197802198 0.08009004884004887 0.23614926739926742 0.079708485958486 0.23309676434676438 0.0778006715506716 0.23080738705738707 0.07627442002442006 0.22775488400488403 0.07436660561660566 0.22508394383394387 0.07169566544566548 0.2288995726495727 0.06902472527472532 0.2346230158730159 0.06749847374847379 0.2365308302808303 0.0671169108669109 0.23920177045177046 0.0671169108669109 0.2426358363858364 0.0671169108669109 0.24530677655677657 0.0671169108669109 0.24835927960927962 0.06788003663003667 0.2510302197802198 0.0694062881562882 0.2552274114774115 0.0713141025641026 0.2578983516483517 0.07284035409035414 0.2613324175824176 0.07512973137973142 0.26438492063492064 0.07856379731379735 0.26629273504273504 0.08123473748473753 0.26209554334554336 0.08161630036630041
0 0.8668327796234773 0.3930647840531562 0.8647563676633444 0.3885658914728683 0.8640642303433002 0.3857973421926911 0.8640642303433002 0.3819905869324475 0.8640642303433002 0.3788759689922481 0.863718161683278 0.3754152823920266 0.8619878183831672 0.3719545957918051 0.8612956810631228 0.36780177187153934 0.8612956810631228 0.36399501661129574 0.861641749723145 0.3612264673311186 0.8633720930232557 0.3594961240310078 0.8651024363233666 0.3594961240310078 0.866140642303433 0.35984219269102996 0.8682170542635659 0.3619186046511629 0.8706395348837208 0.36434108527131787 0.8716777408637874 0.36710963455149503 0.8734080841638981 0.37057032115171656 0.8747923588039866 0.37437707641196016 0.8765227021040973 0.3795681063122924 0.8768687707641195 0.3830287929125139 0.8772148394241417 0.3868355481727575 0.8772148394241417 0.3913344407530454 0.8768687707641195 0.39514119601328906 0.8765227021040973 0.39860188261351054 0.8751384274640088 0.39998615725359915 0.870985603543743 0.3975636766334441
0 0.9737679955703211 0.44359080841638987 0.9737679955703211 0.4394379844961241 0.9734219269102989 0.43493909191583613 0.9734219269102989 0.43009413067552604 0.9741140642303433 0.42490310077519383 0.9754983388704318 0.4217884828349945 0.9768826135105204 0.41971207087486156 0.9789590254706533 0.41936600221483944 0.980689368770764 0.4190199335548173 0.9820736434108527 0.4190199335548173 0.9834579180509413 0.42075027685492805 0.985188261351052 0.4228266888150609 0.9865725359911406 0.42559523809523814 0.9869186046511627 0.4294019933554818 0.9872646733111848 0.434593023255814 0.9872646733111848 0.4377076411960133 0.9869186046511627 0.4418604651162791 0.9862264673311184 0.44635935769656704 0.9858803986710962 0.4491279069767442 0.9841500553709855 0.45258859357696574 0.9824197120708749 0.4543189368770764 0.9803433001107419 0.4550110741971208 0.9768826135105204 0.4546650055370986 0.9761904761904762 0.45258859357696574 0.9751522702104097 0.4494739756367664
0 0.3286960132890366 0.9090531561461793 0.3352713178294574 0.9073228128460686 0.3401162790697675 0.9052464008859358 0.3446151716500554 0.9042081949058693 0.34772978959025475 0.9038621262458472 0.3508444075304541 0.9024778516057584 0.3532668881506091 0.9007475083056478 0.35465116279069775 0.8990171650055371 0.35465116279069775 0.8969407530454042 0.3536129568106313 0.8959025470653378 0.34980620155038766 0.8948643410852714 0.3463455149501662 0.8948643410852714 0.34253875968992253 0.8955564784053156 0.33907807308970106 0.896594684385382 0.3331949058693245 0.8979789590254706 0.3290420819490587 0.8993632336655591 0.32558139534883723 0.9010935769656699 0.3238510520487265 0.9021317829457364 0.3210825027685493 0.9045542635658914 0.320390365448505 0.9073228128460686 0.32073643410852715 0.9093992248062015 0.3238510520487265 0.9093992248062015
0 0.13385935769656707 0.16881229235880407 0.13420542635658922 0.16292912513842753 0.13385935769656707 0.15808416389811744 0.13316722037652276 0.1549695459579181 0.13351328903654494 0.1511627906976745 0.13455149501661137 0.14735603543743087 0.13524363233665565 0.14354928017718724 0.13662790697674423 0.14008859357696574 0.13801218161683285 0.13801218161683285 0.13939645625692146 0.1369739756367664 0.14147286821705435 0.1369739756367664 0.14354928017718724 0.13870431893687712 0.14389534883720936 0.14078073089701001 0.14458748615725367 0.14458748615725367 0.1449335548172758 0.14666389811738656 0.1449335548172758 0.14977851605758588 0.14527962347729798 0.15427740863787381 0.14562569213732013 0.15739202657807316 0.14562569213732013 0.16016057585825033 0.14527962347729798 0.16396733111849396 0.14458748615725367 0.16673588039867118 0.14354928017718724 0.17019656699889263 0.14251107419712078 0.17331118493909198 0.14147286821705435 0.17538759689922487 0.13939645625692146 0.17607973421926915 0.13662790697674423 0.1764258028792913 0.13524363233665565 0.17400332225913626
0 0.01342746400885942 0.2366417497231451 0.014811738648948015 0.23110465116279075 0.016196013289036606 0.22695182724252497 0.017234219269103054 0.2241832779623478 0.0182724252491695 0.2221068660022149 0.02000276854928024 0.2186461794019934 0.02242524916943528 0.21587763012181624 0.024501661129568166 0.21518549280177193 0.02623200442967891 0.21587763012181624 0.027270210409745355 0.21899224806201556 0.027270210409745355 0.2227990033222592 0.027270210409745355 0.22556755260243638 0.025539867109634615 0.23456533776301222 0.023809523809523874 0.24287098560354378 0.021387043189368835 0.24598560354374313 0.020348837209302386 0.24840808416389817 0.018964562569213795 0.24910022148394248 0.017234219269103054 0.24979235880398676 0.01550387596899231 0.25013842746400894 0.014119601328903717 0.2487541528239203 0.01342746400885942 0.2449473975636767 0.013773532668881568 0.24114064230343307
0 0.008236434108527195 0.44220653377630126 0.012389258028792975 0.4390919158361019 0.01342746400885942 0.4380537098560355 0.01515780730897016 0.4366694352159469 0.016888150609080905 0.4342469545957918 0.0182724252491695 0.43217054263565896 0.019656699889258094 0.43009413067552604 0.021040974529346685 0.4280177187153932 0.02207918050941313 0.42559523809523814 0.02242524916943528 0.4238648947951274 0.021387043189368835 0.4235188261351052 0.019656699889258094 0.4235188261351052 0.0175802879291252 0.4245570321151717 0.01515780730897016 0.42594130675526026 0.012389258028792975 0.42767165005537106 0.009620708748615788 0.4294019933554818 0.0068521594684386004 0.43078626799557035 0.004083610188261414 0.43251661129568114 0.001661129568106375 0.4342469545957918 0.0009689922480620784 0.434593023255814 0.00062292358803993 0.4480897009966778 0.005121816168327858 0.4442829457364342
0 0.31125 0.5872916666666667 0.3115625 0.583125 0.320625 0.5748958333333333 0.3229166666666667 0.574375 0.3251041666666667 0.57625 0.3266666666666667 0.5804166666666667 0.32093750000000004 0.5845833333333333 0.3134375 0.5882291666666667
0 0.18864583333333332 0.915625 0.18989583333333335 0.9069791666666667 0.191875 0.9004166666666666 0.19489583333333332 0.8981250000000001 0.19697916666666665 0.9027083333333333 0.19541666666666666 0.9132291666666668 0.19354166666666667 0.9167708333333333
0 0.5022916666666667 0.07104166666666667 0.5002083333333334 0.0721875 0.48572916666666666 0.06145833333333333 0.4814583333333333 0.05489583333333334 0.476875 0.0459375 0.47729166666666667 0.03770833333333334 0.4789583333333333 0.035 0.4819791666666667 0.03635416666666667 0.48708333333333337 0.043437500000000004 0.49322916666666666 0.05239583333333333 0.4978125 0.0603125 0.5026041666666666 0.0684375
0 0.6014583333333333 0.0005208333333333333 0.6113541666666666 0.000625 0.6139583333333333 0.004166666666666667 0.6148958333333333 0.008125 0.6135416666666667 0.0103125 0.6105208333333334 0.009583333333333333 0.60375 0.0026041666666666665
0 0.7552083333333334 0.06177083333333333 0.7435416666666667 0.058124999999999996 0.7327083333333333 0.05510416666666666 0.7326041666666666 0.052083333333333336 0.7345833333333334 0.05072916666666667 0.7395833333333334 0.0515625 0.7476041666666667 0.05447916666666666 0.755 0.058333333333333334
0 0.9366666666666668 0.0 0.9510416666666667 0.0004166666666666667 0.9518749999999999 0.01 0.9514583333333333 0.0175 0.9463541666666667 0.017812500000000002 0.9427083333333334 0.012812500000000001 0.9382291666666667 0.005208333333333333
0 0.7410416666666666 0.15270833333333333 0.7441666666666666 0.14927083333333335 0.7492708333333333 0.15104166666666666 0.7536458333333333 0.15239583333333334 0.7568750000000001 0.155625 0.7602083333333333 0.15760416666666668 0.7642708333333333 0.15791666666666665 0.7661458333333333 0.15989583333333332 0.760625 0.16208333333333333 0.7544791666666666 0.15989583333333332 0.7516666666666667 0.15802083333333333 0.7464583333333333 0.1571875 0.74375 0.15635416666666666
0 0.8298553144129104 0.938717306622148 0.8326377295492488 0.9329785754034501 0.8423761825264329 0.9277615470228159 0.8526363383416805 0.9253269337785197 0.8585489705063996 0.9300222593210906 0.8592445742904841 0.9328046744574291 0.8540275459098496 0.935239287701725 0.8383764607679466 0.939934613244296 0.8319421257651641 0.9395868113522536
0 0.04123488773747841 0.00939119170984456 0.04598445595854923 0.009930915371329879 0.05084196891191709 0.01079447322970639 0.05764248704663212 0.011118307426597581 0.06444300518134714 0.01273747841105354 0.06897668393782383 0.013169257340241795 0.07502158894645941 0.013816925734024179 0.0792314335060449 0.014140759930915372 0.0885146804835924 0.015975820379965457 0.09563903281519862 0.016623488773747842 0.10071243523316062 0.020077720207253888 0.09833765112262521 0.022560449050086355 0.09445164075993091 0.022992227979274613 0.08959412780656303 0.022776338514680482 0.08549222797927461 0.021696891191709845 0.07977115716753022 0.020401554404145077 0.07599309153713299 0.01964594127806563 0.07156735751295337 0.019861830742659757 0.06433506044905009 0.019861830742659757 0.06034110535405872 0.019753886010362695 0.054296200345423144 0.01910621761658031 0.05105785837651122 0.018458549222797927 0.0466321243523316 0.017594991364421417 0.0442573402417962 0.016515544041450777 0.04177461139896373 0.015004317789291882 0.04037132987910189 0.013493091537132988 0.03961571675302245 0.011442141623488774
0 0.34325132978723405 0.005540780141843972 0.3462987588652482 0.011912677304964538 0.347406914893617 0.01745345744680851 0.347406914893617 0.023548315602836878 0.347406914893617 0.02853501773049645 0.34712987588652483 0.03296764184397163 0.3454676418439716 0.03712322695035461 0.3421431737588652 0.038508421985815604 0.3393727836879432 0.0387854609929078 0.33687943262411346 0.031859485815602835 0.3363253546099291 0.025487588652482265 0.3363253546099291 0.019669769503546097 0.33715647163120566 0.01579122340425532
0 0.8513040712468193 0.5844465648854962 0.8549618320610687 0.5844465648854962 0.8555979643765904 0.5861959287531807 0.8522582697201018 0.588263358778626 0.8490776081424937 0.588263358778626 0.8447837150127226 0.5876272264631043 0.8411259541984732 0.586354961832061 0.8373091603053435 0.5858778625954199 0.8334923664122138 0.5850826972010179 0.8309478371501272 0.5841284987277354 0.8256997455470738 0.5833333333333334 0.8236323155216285 0.5819020356234097 0.8187022900763359 0.580470737913486 0.8185432569974556 0.5780852417302799 0.8198155216284988 0.5756997455470738 0.8207697201017812 0.5744274809160306 0.8291984732824428 0.5769720101781171 0.8322201017811705 0.5776081424936387 0.8358778625954199 0.5787213740458016 0.8393765903307888 0.5801526717557252 0.844147582697201 0.581265903307888 0.8493956743002544 0.5822201017811705
0 0.9020618556701031 0.5592246563573884 0.9066258591065293 0.5602985395189003 0.9087736254295533 0.5635201890034364 0.9082366838487972 0.5707689003436426 0.9076997422680413 0.5729166666666666 0.9060889175257733 0.5756013745704467 0.9012564432989691 0.5729166666666666 0.899377147766323 0.5691580756013745 0.899377147766323 0.5672787800687284
0 0.8520210409745292 0.023705703211517163 0.8430232558139534 0.027166389811738648 0.835063676633444 0.029588870431893684 0.8328142303433 0.03131921373200443 0.830564784053156 0.034952934662236985 0.8312569213732003 0.03651024363233665 0.8341985049833887 0.03772148394241417 0.8371400885935769 0.0375484496124031 0.842158084163898 0.03512596899224806 0.8454457364341085 0.033568660022148394 0.8499446290143964 0.03097314507198228 0.8534053156146179 0.028550664451827242 0.8563468992248062 0.026993355481727575 0.8580772425249169 0.025436046511627904 0.8580772425249169 0.023359634551495017 0.8546165559246953 0.022667497231450718
