1 0.7428647741147743 0.38991910866910867 0.7291285103785105 0.39335317460317465 0.724168192918193 0.39335317460317465 0.7176816239316239 0.39259004884004883 0.7138659951159952 0.3910637973137973 0.7104319291819293 0.3895375457875458 0.7062347374847376 0.3876297313797314 0.7005112942612944 0.38457722832722835 0.6966956654456655 0.382287851037851 0.6940247252747253 0.3796169108669109 0.6902090964590966 0.37580128205128205 0.6867750305250306 0.3719856532356533 0.682577838827839 0.3674068986568987 0.6799068986568988 0.3639728327228327 0.6772359584859585 0.3605387667887668 0.675709706959707 0.35748626373626374 0.6738018925518927 0.35328907203907206 0.673038766788767 0.3509996947496948 0.672657203907204 0.34756562881562886 0.6722756410256411 0.3441315628815629 0.672657203907204 0.34069749694749696 0.6741834554334555 0.3376449938949939 0.675709706959707 0.3353556166056166 0.67876221001221 0.33230311355311354 0.6841040903540904 0.32963217338217343 0.6905906593406594 0.32848748473748474 0.6966956654456655 0.32848748473748474 0.7024191086691087 0.3288690476190476 0.7081425518925519 0.330776862026862 0.7119581807081807 0.33153998778998783 0.7161553724053725 0.33344780219780223 0.7195894383394384 0.33497405372405376 0.7230235042735044 0.33726343101343104 0.727220695970696 0.3403159340659341 0.7310363247863249 0.3433684371184372 0.7344703907203908 0.3464209401709402 0.7379044566544567 0.34985500610500614 0.740575396825397 0.35328907203907206 0.7432463369963371 0.35672313797313804 0.7451541514041514 0.36092032967032966 0.7474435286935288 0.3651175213675214 0.7482066544566545 0.3693147130647131 0.7489697802197803 0.3731303418803419 0.7489697802197803 0.37732753357753357 0.7474435286935288 0.382287851037851
1 0.6612103174603176 0.46165293040293043 0.6547237484737486 0.46432387057387065 0.6516712454212455 0.46508699633699635 0.6432768620268622 0.46546855921855923 0.6413690476190477 0.46508699633699635 0.637171855921856 0.4627976190476191 0.630303724053724 0.45936355311355315 0.6245802808302809 0.4559294871794872 0.6215277777777779 0.453258547008547 0.6180937118437119 0.44944291819291826 0.6158043345543347 0.44639041514041516 0.6131333943833945 0.4418116605616606 0.6116071428571429 0.43799603174603174 0.61122557997558 0.4345619658119658 0.61122557997558 0.42998321123321126 0.6116071428571429 0.4254044566544567 0.6123702686202688 0.41968101343101344 0.6138965201465202 0.41586538461538464 0.6150412087912088 0.41357600732600736 0.6169490231990232 0.41014194139194143 0.6215277777777779 0.4067078754578755 0.6257249694749696 0.405181623931624 0.6333562271062273 0.40365537240537247 0.6383165445665446 0.40289224664224665 0.6417506105006106 0.4025106837606838 0.6459478021978023 0.4025106837606838 0.6493818681318683 0.4044184981684982 0.6528159340659342 0.4067078754578755 0.6562500000000001 0.40976037851037855 0.6593025030525032 0.4124313186813187 0.6627365689865691 0.4162469474969475 0.666170634920635 0.42082570207570213 0.6684600122100123 0.4246413308913309 0.6711309523809524 0.4292200854700855 0.672657203907204 0.4334172771672772 0.6738018925518927 0.43723290598290604 0.6734203296703298 0.44143009768009767 0.6722756410256411 0.44639041514041516 0.6696047008547009 0.4513507326007326 0.6669337606837609 0.45631105006105005
1 0.6863934676434678 0.18692765567765568 0.688682844932845 0.182730463980464 0.6917353479853481 0.1785332722832723 0.6959325396825398 0.17548076923076925 0.701655982905983 0.17280982905982908 0.7085241147741148 0.1701388888888889 0.7150106837606838 0.16937576312576313 0.7226419413919415 0.16937576312576313 0.7283653846153847 0.16937576312576313 0.734088827838828 0.1705204517704518 0.7413385225885226 0.17166514041514044 0.7478250915750916 0.17280982905982908 0.7539300976800978 0.17395451770451772 0.7592719780219781 0.17586233211233215 0.7669032356532358 0.1789148351648352 0.7726266788766789 0.18234890109890112 0.7768238705738707 0.18616452991452992 0.7814026251526252 0.1907432844932845 0.7859813797313798 0.19532203907203907 0.7894154456654457 0.19951923076923078 0.791704822954823 0.20409798534798537 0.7936126373626374 0.20829517704517705 0.7962835775335776 0.21363705738705743 0.7970467032967034 0.21936050061050064 0.7974282661782663 0.22584706959706963 0.7962835775335776 0.23118894993894998 0.7939942002442003 0.23614926739926742 0.7913232600732603 0.24034645909645913 0.78865231990232 0.24339896214896217 0.7825473137973139 0.24759615384615385 0.7764423076923078 0.24988553113553116 0.7676663614163616 0.2514117826617827 0.759653540903541 0.2521749084249085 0.7527854090354091 0.2521749084249085 0.7455357142857143 0.25064865689865695 0.7363782051282052 0.24797771672771676 0.7302731990231991 0.24606990231990233 0.724168192918193 0.24339896214896217 0.7169184981684983 0.24034645909645913 0.7108134920634921 0.2365308302808303 0.7043269230769231 0.23118894993894998 0.6997481684981686 0.22546550671550675 0.6955509768009769 0.21936050061050064 0.6928800366300367 0.21478174603174605 0.6905906593406594 0.21096611721611724 0.6894459706959708 0.20829517704517705 0.6879197191697192 0.20447954822954825 0.6867750305250306 0.2018086080586081 0.685630341880342 0.19608516483516486
1 0.45707417582417587 0.4105235042735043 0.45554792429792434 0.40327380952380953 0.45554792429792434 0.3990766178266178 0.45554792429792434 0.39373473748473753 0.45554792429792434 0.3891559829059829 0.4559294871794872 0.3834325396825397 0.45707417582417587 0.3780906593406594 0.45898199023199027 0.3731303418803419 0.4620344932844933 0.3685515873015873 0.46470543345543347 0.36435439560439564 0.46775793650793657 0.3605387667887668 0.47195512820512825 0.35710470085470086 0.47538919413919417 0.3544337606837607 0.4788232600732601 0.3521443833943834 0.48416514041514047 0.3490918803418804 0.4883623321123321 0.34756562881562886 0.4929410866910867 0.3468025030525031 0.4979014041514042 0.3468025030525031 0.5028617216117216 0.34756562881562886 0.5070589133089133 0.3490918803418804 0.5112561050061051 0.3529075091575092 0.5135454822954822 0.35748626373626374 0.5150717338217338 0.363209706959707 0.5154532967032968 0.3704594017094018 0.5154532967032968 0.37656440781440786 0.514690170940171 0.3819062881562882 0.5127823565323566 0.38724816849816857 0.5108745421245422 0.39182692307692313 0.5085851648351648 0.39678724053724057 0.5062957875457876 0.40098443223443225 0.5020985958485958 0.40480006105006106 0.4990460927960928 0.4078525641025641 0.495230463980464 0.4112866300366301 0.49027014652014655 0.4143391330891331 0.48416514041514047 0.4173916361416362 0.4795863858363859 0.41891788766788773 0.47424450549450553 0.41891788766788773 0.46852106227106227 0.41777319902319904 0.46356074481074483 0.4166285103785104 0.4605082417582418 0.41548382173382176
1 0.5261370573870574 0.5478861416361417 0.5192689255189256 0.5444520757020758 0.5165979853479854 0.5413995726495727 0.5143086080586081 0.5379655067155068 0.5120192307692307 0.5337683150183151 0.5093482905982907 0.5276633089133089 0.508203601953602 0.5223214285714286 0.5070589133089133 0.5158348595848596 0.5070589133089133 0.5097298534798536 0.5074404761904762 0.5036248473748474 0.5085851648351648 0.49828296703296704 0.5104929792429792 0.49217796092796096 0.5127823565323566 0.4868360805860806 0.5150717338217338 0.48187576312576313 0.517742673992674 0.4769154456654457 0.52117673992674 0.472718253968254 0.5253739316239316 0.46852106227106227 0.5310973748473748 0.46432387057387065 0.5352945665445666 0.4624160561660562 0.5402548840048841 0.46165293040293043 0.5471230158730159 0.46165293040293043 0.5539911477411478 0.4624160561660562 0.5589514652014653 0.46470543345543347 0.5635302197802198 0.4689026251526252 0.5654380341880343 0.47386294261294265 0.56620115995116 0.47996794871794873 0.5673458485958487 0.4868360805860806 0.5681089743589745 0.49255952380952384 0.5681089743589745 0.4986645299145299 0.5673458485958487 0.5051510989010989 0.56620115995116 0.5120192307692307 0.5642933455433456 0.517742673992674 0.5620039682539684 0.5230845543345544 0.5589514652014653 0.5291895604395604 0.5555173992673994 0.5345314407814409 0.5505570818070818 0.5383470695970697 0.54368894993895 0.5417811355311356 0.5379655067155068 0.5440705128205129 0.5333867521367522 0.5455967643467645
1 0.8069673382173383 0.5322420634920635 0.7943757631257633 0.5261370573870574 0.7913232600732603 0.5234661172161172 0.78865231990232 0.5200320512820513 0.7863629426129427 0.5154532967032968 0.7844551282051283 0.5101114163614163 0.7825473137973139 0.5062957875457876 0.7802579365079366 0.501717032967033 0.779113247863248 0.4986645299145299 0.7772054334554336 0.49446733821733824 0.7768238705738707 0.48874389499389503 0.7764423076923078 0.48378357753357754 0.7779685592185593 0.47806013431013433 0.7794948107448109 0.47386294261294265 0.7814026251526252 0.47042887667887673 0.785599816849817 0.46775793650793657 0.7901785714285715 0.46546855921855923 0.795138888888889 0.46470543345543347 0.8016254578754579 0.46470543345543347 0.8073489010989012 0.46508699633699635 0.8134539072039073 0.46699481074481075 0.8180326617826619 0.4689026251526252 0.8233745421245422 0.4715735653235653 0.827571733821734 0.4746260683760684 0.8325320512820513 0.4788232600732601 0.8359661172161172 0.48340201465201466 0.8382554945054946 0.4879807692307693 0.8409264346764348 0.4933226495726496 0.8428342490842492 0.4998092185592186 0.8439789377289378 0.5062957875457876 0.8455051892551892 0.5120192307692307 0.846649877899878 0.5185057997557998 0.846649877899878 0.5253739316239316 0.8458867521367522 0.5314789377289377 0.8447420634920636 0.537202380952381 0.8428342490842492 0.5391101953601954 0.8386370573870574 0.540636446886447 0.8332951770451771 0.540636446886447 0.8279532967032969 0.5394917582417583 0.8222298534798536 0.5379655067155068 0.8161248473748475 0.5360576923076923
1 0.27621336996337004 0.501717032967033 0.2758318070818071 0.4914148351648352 0.27659493284493286 0.4879807692307693 0.2792658730158731 0.48149420024420025 0.2800289987789988 0.4784416971916972 0.2811736874236875 0.47577075702075705 0.2823183760683761 0.47348137973137977 0.2842261904761905 0.4708104395604396 0.28651556776556775 0.46852106227106227 0.2899496336996337 0.46661324786324787 0.29452838827838834 0.46356074481074483 0.29987026862026867 0.46088980463980467 0.3044490231990232 0.45821886446886445 0.3090277777777778 0.45554792429792434 0.3124618437118437 0.4536401098901099 0.3158959096459097 0.45211385836385837 0.3197115384615385 0.45020604395604397 0.32467185592185593 0.4479166666666667 0.3292506105006105 0.4471535409035409 0.3357371794871795 0.4460088522588523 0.3403159340659341 0.4456272893772894 0.3445131257631258 0.4452457264957265 0.3468025030525031 0.4452457264957265 0.34794719169719174 0.4456272893772894 0.35176282051282054 0.4471535409035409 0.3559600122100122 0.45020604395604397 0.35939407814407814 0.45478479853479853 0.36092032967032966 0.46165293040293043 0.3613018925518926 0.4700473137973138 0.3605387667887668 0.47729700854700857 0.35901251526251526 0.48302045177045183 0.35710470085470086 0.4879807692307693 0.3544337606837607 0.4933226495726496 0.3509996947496948 0.4986645299145299 0.3483287545787546 0.5028617216117216 0.3448946886446887 0.5074404761904762 0.34069749694749696 0.5127823565323566 0.33726343101343104 0.5165979853479854 0.334210927960928 0.5192689255189256 0.3281059218559219 0.5223214285714286 0.31818528693528697 0.5257554945054945 0.31284340659340665 0.527281746031746 0.30750152625152627 0.5276633089133089 0.301778083028083 0.5276633089133089 0.29529151404151405 0.5265186202686203 0.2903311965811966 0.5249923687423688 0.2834630647130647 0.5230845543345544 0.2800289987789988 0.5215583028083028 0.27697649572649574 0.5196504884004884 0.27506868131868134 0.5158348595848596 0.2739239926739927 0.5101114163614163
1 0.46775793650793657 0.5471230158730159 0.4639423076923077 0.5600961538461539 0.4627976190476191 0.5631486568986569 0.46165293040293043 0.56620115995116 0.45936355311355315 0.5700167887667889 0.45058760683760685 0.5818452380952382 0.43914072039072044 0.5894764957264959 0.4357066544566545 0.5910027472527474 0.4315094627594628 0.5929105616605618 0.4261675824175824 0.5944368131868133 0.42044413919413925 0.5951999389499391 0.4143391330891331 0.5951999389499391 0.4086156898656899 0.5940552503052504 0.40403693528693535 0.5925289987789989 0.3979319291819292 0.589094932844933 0.39449786324786323 0.5860424297924299 0.3914453601953602 0.5822268009768011 0.3895375457875458 0.5772664835164836 0.3891559829059829 0.5723061660561661 0.3891559829059829 0.5681089743589745 0.3891559829059829 0.5646749084249085 0.3891559829059829 0.5604777167277167 0.3903006715506716 0.5558989621489623 0.39182692307692313 0.5517017704517706 0.39335317460317465 0.5482677045177046 0.39487942612942617 0.5440705128205129 0.39716880341880345 0.5398733211233212 0.3998397435897436 0.5364392551892553 0.4025106837606838 0.5326236263736264 0.40556318681318687 0.5295711233211233 0.40976037851037855 0.5249923687423688 0.4128128815628816 0.5219398656898657 0.4166285103785104 0.5192689255189256 0.42044413919413925 0.5162164224664225 0.4238782051282052 0.5143086080586081 0.4276938339438339 0.5127823565323566 0.4334172771672772 0.511637667887668 0.43875915750915756 0.5112561050061051 0.443719474969475 0.511637667887668 0.44639041514041516 0.5127823565323566 0.44944291819291826 0.5143086080586081 0.4536401098901099 0.5162164224664225 0.4578373015873016 0.5185057997557998 0.46165293040293043 0.52117673992674 0.46470543345543347 0.5246108058608059 0.46661324786324787 0.5295711233211233 0.4673763736263737 0.534149877899878 0.46775793650793657 0.5398733211233212
1 0.26018772893772896 0.3109355921855922 0.2594246031746032 0.3002518315018315 0.26056929181929184 0.29719932844932845 0.26209554334554336 0.2926205738705739 0.2636217948717949 0.28766025641025644 0.26629273504273504 0.2819368131868132 0.26972680097680096 0.2758318070818071 0.2735424297924298 0.2723977411477412 0.2773580586080586 0.2685821123321123 0.2807921245421246 0.2647664835164835 0.2849893162393162 0.26209554334554336 0.28956807081807084 0.2590430402930403 0.2941468253968254 0.25675366300366304 0.2994887057387058 0.25370115995116 0.3067384004884005 0.2514117826617827 0.31284340659340665 0.2510302197802198 0.3200931013431013 0.2510302197802198 0.32619810744810745 0.2514117826617827 0.330776862026862 0.2521749084249085 0.3365003052503053 0.2540827228327229 0.34107905982905984 0.25675366300366304 0.34603937728937734 0.2598061660561661 0.3490918803418804 0.26209554334554336 0.3509996947496948 0.2647664835164835 0.3521443833943834 0.2685821123321123 0.3525259462759463 0.27277930402930406 0.35328907203907206 0.2792658730158731 0.35328907203907206 0.28575244200244204 0.35176282051282054 0.2903311965811966 0.3490918803418804 0.2937652625152625 0.3452762515262516 0.29719932844932845 0.34107905982905984 0.3013965201465202 0.33726343101343104 0.3044490231990232 0.33382936507936506 0.3067384004884005 0.3281059218559219 0.31017246642246643 0.32238247863247865 0.31322496947496953 0.31818528693528697 0.31475122100122105 0.31360653235653235 0.31627747252747257 0.30788308913308915 0.3185668498168498 0.301778083028083 0.32047466422466425 0.2975808913308914 0.32085622710622713 0.2918574481074481 0.3220009157509158 0.2888049450549451 0.32238247863247865 0.2861340048840049 0.3231456043956044 0.2842261904761905 0.3231456043956044 0.27964743589743596 0.3235271672771673 0.27621336996337004 0.3235271672771673 0.2720161782661783 0.3235271672771673 0.26743742368742374 0.32238247863247865 0.2651480463980464 0.32085622710622713 0.263240231990232 0.31894841269841273 0.2613324175824176 0.3158959096459097
1 0.6440399877899878 0.6108440170940171 0.6379349816849818 0.6051205738705739 0.6360271672771673 0.6024496336996338 0.6345009157509158 0.6001602564102565 0.6325931013431014 0.5974893162393163 0.630685286935287 0.5948183760683762 0.630303724053724 0.5913843101343103 0.630303724053724 0.5879502442002443 0.630685286935287 0.5841346153846154 0.6318299755799757 0.5803189865689866 0.6333562271062273 0.576121794871795 0.6345009157509158 0.5734508547008548 0.6356456043956045 0.5707799145299146 0.637171855921856 0.5677274114774116 0.6390796703296704 0.5642933455433456 0.6406059218559219 0.5608592796092797 0.6425137362637364 0.5574252136752137 0.6444215506715507 0.5539911477411478 0.6470924908424909 0.5494123931623933 0.650144993894994 0.5452152014652015 0.65357905982906 0.5413995726495727 0.6585393772893774 0.5364392551892553 0.6642628205128206 0.5322420634920635 0.6699862637362639 0.5291895604395604 0.6749465811965812 0.527281746031746 0.6814331501831502 0.5253739316239316 0.6883012820512822 0.524229242979243 0.6924984737484738 0.5238476800976801 0.6963141025641026 0.5234661172161172 0.7012744200244201 0.5230845543345544 0.7062347374847376 0.5249923687423688 0.7104319291819293 0.5288079975579976 0.7134844322344324 0.5330051892551892 0.7150106837606838 0.5375839438339439 0.7176816239316239 0.5417811355311356 0.7207341269841271 0.5463598901098902 0.7222603785103786 0.5505570818070818 0.7234050671550672 0.5539911477411478 0.724168192918193 0.5574252136752137 0.724168192918193 0.5608592796092797 0.7230235042735044 0.5665827228327228 0.7218788156288157 0.5723061660561661 0.7203525641025642 0.576121794871795 0.7184447496947498 0.579555860805861 0.7176816239316239 0.5841346153846154 0.7161553724053725 0.5894764957264959 0.714247557997558 0.5936736874236874 0.711195054945055 0.5974893162393163 0.7085241147741148 0.6009233821733823 0.7043269230769231 0.6051205738705739 0.7001297313797316 0.6089362026862027 0.6966956654456655 0.6119887057387058 0.692116910866911 0.614659645909646 0.688682844932845 0.6158043345543347 0.6837225274725276 0.6180937118437119 0.6776175213675214 0.6203830891330891 0.6734203296703298 0.6215277777777779 0.6688415750915752 0.6222909035409037 0.6646443833943835 0.6222909035409037 0.659684065934066 0.620764652014652 0.6531974969474971 0.6180937118437119 0.6470924908424909 0.6158043345543347
1 0.7558379120879122 0.6283959096459097 0.7592719780219781 0.617712148962149 0.7615613553113554 0.6116071428571429 0.7634691697191698 0.6074099511599512 0.7657585470085471 0.6039758852258853 0.769192612942613 0.6009233821733823 0.7730082417582419 0.5982524420024421 0.7779685592185593 0.5955815018315019 0.782165750915751 0.5940552503052504 0.7875076312576313 0.5929105616605618 0.7920863858363859 0.5917658730158731 0.7974282661782663 0.5913843101343103 0.8031517094017094 0.5913843101343103 0.808112026862027 0.5917658730158731 0.8134539072039073 0.592147435897436 0.8184142246642246 0.5936736874236874 0.8229929792429793 0.5963446275946277 0.8268086080586081 0.598634004884005 0.8298611111111112 0.601686507936508 0.8325320512820513 0.6062652625152627 0.8348214285714287 0.61122557997558 0.8352029914529915 0.6169490231990232 0.8332951770451771 0.6230540293040294 0.8313873626373628 0.6268696581196581 0.8283348595848598 0.6329746642246643 0.824519230769231 0.6379349816849818 0.8210851648351649 0.6421321733821734 0.8172695360195361 0.6444215506715507 0.81116452991453 0.6470924908424909 0.8065857753357755 0.6497634310134311 0.8012438949938951 0.6516712454212455 0.7974282661782663 0.6524343711843713 0.7913232600732603 0.6524343711843713 0.7863629426129427 0.6520528083028084 0.781784188034188 0.6509081196581197 0.7779685592185593 0.6497634310134311 0.7733898046398048 0.6482371794871795 0.7676663614163616 0.6463293650793652 0.762706043956044 0.6444215506715507 0.7588904151404152 0.6421321733821734 0.7569826007326008 0.6383165445665446 0.7562194749694751 0.6356456043956045
1 0.8569520757020758 0.6547237484737486 0.8622939560439561 0.6409874847374848 0.8630570818070818 0.6379349816849818 0.8642017704517706 0.6333562271062273 0.8664911477411478 0.6295405982905984 0.8683989621489623 0.6264880952380953 0.8703067765567767 0.6234355921855922 0.8737408424908426 0.6196199633699635 0.8764117826617828 0.6188568376068377 0.8806089743589745 0.6184752747252749 0.8859508547008548 0.6196199633699635 0.8912927350427352 0.6203830891330891 0.8970161782661783 0.620764652014652 0.9023580586080586 0.6215277777777779 0.9080815018315019 0.6234355921855922 0.9122786935286936 0.6261065323565325 0.9153311965811967 0.6291590354090355 0.9172390109890111 0.6337377899877901 0.9183836996336997 0.6390796703296704 0.9187652625152627 0.6444215506715507 0.9187652625152627 0.6505265567765568 0.9180021367521368 0.6562500000000001 0.9164758852258853 0.6638812576312577 0.9145680708180709 0.6715125152625153 0.9126602564102565 0.6772359584859585 0.9092261904761905 0.6833409645909647 0.9057921245421245 0.6863934676434678 0.9023580586080586 0.688682844932845 0.898160866910867 0.692116910866911 0.8928189865689866 0.6959325396825398 0.8882402319902322 0.6986034798534799 0.8825167887667889 0.7001297313797316 0.8783195970695972 0.6993666056166057 0.8718330280830282 0.6966956654456655 0.8661095848595849 0.6944062881562882 0.862675518925519 0.692116910866911 0.8596230158730159 0.6894459706959708 0.8569520757020758 0.6852487789987791 0.8546626984126985 0.6810515873015873 0.8519917582417583 0.675709706959707 0.8516101953601954 0.6707493894993896 0.8519917582417583 0.666170634920635 0.8535180097680098 0.6619734432234433
1 0.6551053113553115 0.7157738095238096 0.6551053113553115 0.7146291208791209 0.656631562881563 0.7058531746031746 0.6585393772893774 0.7031822344322346 0.6608287545787547 0.6997481684981686 0.6634996947496948 0.6963141025641026 0.6657890720390721 0.6936431623931625 0.6684600122100123 0.6905906593406594 0.6711309523809524 0.6879197191697192 0.6738018925518927 0.6860119047619049 0.6779990842490843 0.6833409645909647 0.682577838827839 0.6814331501831502 0.6863934676434678 0.6802884615384617 0.6883012820512822 0.6799068986568988 0.6883012820512822 0.6799068986568988 0.6909722222222222 0.6799068986568988 0.6936431623931625 0.6799068986568988 0.6978403540903542 0.6802884615384617 0.7024191086691087 0.6806700244200244 0.707760989010989 0.6814331501831502 0.7127213064713066 0.6821962759462761 0.7180631868131868 0.6829594017094018 0.7218788156288157 0.6837225274725276 0.7276022588522589 0.6852487789987791 0.7314178876678877 0.6867750305250306 0.7356150793650794 0.6890644078144079 0.7390491452991453 0.692116910866911 0.7417200854700855 0.695169413919414 0.7436278998779 0.6993666056166057 0.7451541514041514 0.7035637973137975 0.7455357142857143 0.707760989010989 0.7447725885225885 0.7115766178266179 0.7428647741147743 0.7157738095238096 0.7398122710622712 0.7199710012210013 0.7356150793650794 0.7234050671550672 0.7306547619047621 0.7253128815628817 0.7256944444444445 0.727220695970696 0.7207341269841271 0.7295100732600733 0.7150106837606838 0.7321810134310135 0.7100503663003664 0.734088827838828 0.7054716117216118 0.7356150793650794 0.7012744200244201 0.7356150793650794 0.6947878510378511 0.7348519536019537 0.688682844932845 0.7337072649572651 0.6844856532356532 0.7333257020757021 0.6802884615384617 0.7329441391941393 0.6768543956043958 0.7321810134310135 0.6711309523809524 0.7306547619047621 0.6665521978021979 0.7283653846153847 0.6612103174603176 0.7249313186813188 0.6573946886446886 0.7199710012210013
1 0.6295405982905984 0.6848672161172161 0.617712148962149 0.6924984737484738 0.6142780830280831 0.6932615995115996 0.6066468253968255 0.6947878510378511 0.6028311965811967 0.6955509768009769 0.5993971306471307 0.6959325396825398 0.5971077533577535 0.6963141025641026 0.5936736874236874 0.6963141025641026 0.5887133699633701 0.6963141025641026 0.5818452380952382 0.695169413919414 0.5780296092796093 0.6940247252747253 0.5730692918192919 0.692116910866911 0.5684905372405373 0.6879197191697192 0.5654380341880343 0.6844856532356532 0.5616224053724055 0.6795253357753359 0.5600961538461539 0.6753281440781441 0.5600961538461539 0.6718940781440782 0.5600961538461539 0.669223137973138 0.5604777167277167 0.6654075091575092 0.5612408424908426 0.6623550061050062 0.5627670940170941 0.6581578144078145 0.5646749084249085 0.6547237484737486 0.5669642857142858 0.6505265567765568 0.5692536630036631 0.6474740537240538 0.5719246031746033 0.6440399877899878 0.5742139804639805 0.6417506105006106 0.5780296092796093 0.6398427960927963 0.5833714896214897 0.6386981074481075 0.5894764957264959 0.6375534188034189 0.5948183760683762 0.637171855921856 0.5997786935286936 0.6367902930402932 0.6047390109890111 0.6367902930402932 0.6108440170940171 0.6375534188034189 0.6165674603174605 0.6394612332112334 0.6215277777777779 0.6413690476190477 0.6268696581196581 0.643658424908425 0.6318299755799757 0.6463293650793652 0.6348824786324787 0.6486187423687425 0.637171855921856 0.6520528083028084 0.6379349816849818 0.656631562881563 0.6386981074481075 0.6612103174603176 0.6390796703296704 0.666170634920635 0.6390796703296704 0.6703678266178268 0.6379349816849818 0.6745650183150184 0.6352640415140416 0.67876221001221
1 0.6795253357753359 0.7867445054945056 0.682577838827839 0.7794948107448109 0.6841040903540904 0.7772054334554336 0.6863934676434678 0.7752976190476191 0.6894459706959708 0.7733898046398048 0.6928800366300367 0.772245115995116 0.6959325396825398 0.7711004273504275 0.6993666056166057 0.7703373015873017 0.704708485958486 0.7703373015873017 0.7108134920634921 0.7703373015873017 0.7153922466422468 0.7711004273504275 0.7195894383394384 0.7718635531135531 0.7237866300366301 0.7726266788766789 0.7268391330891332 0.7733898046398048 0.7295100732600733 0.7752976190476191 0.7325625763125764 0.7779685592185593 0.7352335164835165 0.782165750915751 0.737141330891331 0.7852182539682541 0.7386675824175825 0.7897970085470086 0.7398122710622712 0.795138888888889 0.7394307081807082 0.8000992063492064 0.7375228937728939 0.8039148351648353 0.7352335164835165 0.8069673382173383 0.7314178876678877 0.81116452991453 0.7260760073260074 0.814598595848596 0.7218788156288157 0.8161248473748475 0.7184447496947498 0.817651098901099 0.7134844322344324 0.8187957875457876 0.7081425518925519 0.8191773504273505 0.6997481684981686 0.8184142246642246 0.6959325396825398 0.8172695360195361 0.692116910866911 0.8153617216117216 0.6894459706959708 0.8126907814407816 0.6867750305250306 0.8100198412698414 0.6841040903540904 0.8062042124542125 0.6821962759462761 0.8035332722832724 0.6802884615384617 0.7997176434676435 0.679143772893773 0.7959020146520147
1 0.5658195970695972 0.8161248473748475 0.5627670940170941 0.8092567155067155 0.5616224053724055 0.8065857753357755 0.5570436507936508 0.8008623321123323 0.556280525030525 0.7966651404151405 0.5555173992673994 0.7936126373626374 0.5551358363858365 0.7901785714285715 0.5543727106227107 0.7867445054945056 0.5543727106227107 0.7833104395604397 0.5543727106227107 0.7798763736263737 0.5570436507936508 0.7726266788766789 0.5585699023199024 0.7703373015873017 0.5608592796092797 0.7672847985347987 0.5631486568986569 0.7642322954822957 0.5665827228327228 0.7619429181929183 0.5715430402930404 0.7600351037851039 0.5791742979242981 0.7585088522588523 0.5848977411477413 0.7581272893772895 0.5894764957264959 0.7581272893772895 0.5948183760683762 0.7585088522588523 0.5993971306471307 0.7600351037851039 0.6043574481074482 0.7623244810744811 0.608173076923077 0.7646138583638584 0.6127518315018317 0.7676663614163616 0.6161858974358976 0.7714819902319903 0.6184752747252749 0.7768238705738707 0.620764652014652 0.7836920024420025 0.6215277777777779 0.7897970085470086 0.6219093406593408 0.795138888888889 0.6219093406593408 0.8004807692307694 0.620764652014652 0.8058226495726496 0.6188568376068377 0.8088751526251526 0.6158043345543347 0.8126907814407816 0.6127518315018317 0.8153617216117216 0.6089362026862027 0.8187957875457876 0.6055021367521368 0.8210851648351649 0.6020680708180709 0.8222298534798536 0.5978708791208792 0.8233745421245422 0.5929105616605618 0.8237561050061051 0.5860424297924299 0.824137667887668 0.5818452380952382 0.824137667887668 0.5745955433455434 0.8229929792429793 0.5700167887667889 0.8210851648351649
1 0.4383775946275946 0.7997176434676435 0.4402854090354091 0.7920863858363859 0.44143009768009767 0.7894154456654457 0.44257478632478636 0.7859813797313798 0.4441010378510379 0.782165750915751 0.4460088522588523 0.7798763736263737 0.4498244810744811 0.7768238705738707 0.45211385836385837 0.7749160561660562 0.4524954212454213 0.7745344932844934 0.4578373015873016 0.7703373015873017 0.4620344932844933 0.7684294871794872 0.46775793650793657 0.7665216727716728 0.47538919413919417 0.7642322954822957 0.4807310744810745 0.7634691697191698 0.485691391941392 0.7630876068376069 0.48874389499389503 0.762706043956044 0.49255952380952384 0.7638507326007328 0.4979014041514042 0.7653769841269842 0.5028617216117216 0.7669032356532358 0.5074404761904762 0.7688110500610501 0.5112561050061051 0.7718635531135531 0.514690170940171 0.7745344932844934 0.517742673992674 0.7775869963369965 0.5196504884004884 0.781784188034188 0.5215583028083028 0.7863629426129427 0.5223214285714286 0.7909416971916973 0.5227029914529915 0.7966651404151405 0.5223214285714286 0.8008623321123323 0.5204136141636142 0.8054410866910867 0.5188873626373627 0.8100198412698414 0.5158348595848596 0.8157432844932846 0.5131639194139195 0.8195589133089134 0.5101114163614163 0.8233745421245422 0.5070589133089133 0.8264270451770452 0.5028617216117216 0.8290979853479854 0.49828296703296704 0.8310057997557999 0.4917963980463981 0.8313873626373628 0.48416514041514047 0.830242673992674 0.4784416971916972 0.8287164224664225 0.47309981684981683 0.827571733821734 0.4692841880341881 0.8264270451770452 0.46432387057387065 0.8252823565323566 0.45974511599511597 0.824137667887668 0.4544032356532357 0.8226114163614164 0.4498244810744811 0.820703601953602 0.44486416361416364 0.817651098901099 0.43990384615384615 0.8142170329670331 0.43799603174603174 0.81116452991453 0.4376144688644689 0.8058226495726496
1 0.3895375457875458 0.7409569597069599 0.3910637973137973 0.7306547619047621 0.39182692307692313 0.7256944444444445 0.39259004884004883 0.7211156898656899 0.39373473748473753 0.7176816239316239 0.39526098901098905 0.714247557997558 0.39678724053724057 0.711195054945055 0.39869505494505497 0.7073794261294263 0.40136599511599513 0.7035637973137975 0.40403693528693535 0.7005112942612944 0.4074710012210012 0.6966956654456655 0.41014194139194143 0.6940247252747253 0.4131944444444445 0.6917353479853481 0.4170100732600733 0.6898275335775337 0.42158882783882784 0.6883012820512822 0.4273122710622711 0.6871565934065935 0.4334172771672772 0.6860119047619049 0.4383775946275946 0.685630341880342 0.44257478632478636 0.685630341880342 0.4456272893772894 0.6863934676434678 0.4559294871794872 0.6871565934065935 0.45898199023199027 0.6879197191697192 0.4612713675213675 0.688682844932845 0.46356074481074483 0.6913537851037852 0.4639423076923077 0.6947878510378511 0.46356074481074483 0.698221916971917 0.46317918192918195 0.701655982905983 0.46317918192918195 0.7062347374847376 0.46317918192918195 0.7119581807081807 0.4639423076923077 0.7173000610500612 0.46508699633699635 0.7226419413919415 0.46546855921855923 0.7276022588522589 0.46508699633699635 0.7329441391941393 0.4627976190476191 0.7375228937728939 0.45974511599511597 0.740575396825397 0.45669261294261293 0.7451541514041514 0.4536401098901099 0.7482066544566545 0.44829822954822957 0.7512591575091575 0.44257478632478636 0.7535485347985349 0.4353250915750916 0.7562194749694751 0.4276938339438339 0.7604166666666667 0.4250228937728938 0.7634691697191698 0.42311507936507936 0.7657585470085471 0.41968101343101344 0.7695741758241759 0.41548382173382176 0.7737713675213677 0.4128128815628816 0.7745344932844934 0.4070894383394384 0.7749160561660562 0.40327380952380953 0.7749160561660562 0.39869505494505497 0.7730082417582419 0.39564255189255193 0.7714819902319903 0.39335317460317465 0.7695741758241759 0.3910637973137973 0.7657585470085471 0.3903006715506716 0.7611797924297926 0.3895375457875458 0.7550747863247864 0.3887744200244201 0.7493513431013432
1 0.2830815018315019 0.7279838217338218 0.2899496336996337 0.7180631868131868 0.292239010989011 0.7146291208791209 0.29452838827838834 0.7115766178266179 0.29796245421245426 0.7073794261294263 0.301778083028083 0.7035637973137975 0.305212148962149 0.7005112942612944 0.3082646520146521 0.698221916971917 0.31169871794871795 0.6974587912087913 0.3178037240537241 0.6974587912087913 0.32505341880341887 0.6974587912087913 0.3300137362637363 0.6970772283272285 0.3345924908424909 0.6970772283272285 0.3395528083028083 0.6970772283272285 0.3456578144078144 0.6974587912087913 0.34985500610500614 0.698221916971917 0.3525259462759463 0.7001297313797316 0.35557844932844934 0.7028006715506716 0.35824938949938956 0.7062347374847376 0.36015720390720396 0.7123397435897437 0.36092032967032966 0.7180631868131868 0.36092032967032966 0.7226419413919415 0.35939407814407814 0.7268391330891332 0.3578678266178266 0.7310363247863249 0.35672313797313804 0.7356150793650794 0.3551968864468865 0.740575396825397 0.353670634920635 0.7447725885225885 0.3521443833943834 0.7489697802197803 0.34985500610500614 0.753166971916972 0.34794719169719174 0.7554563492063493 0.3456578144078144 0.7573641636141637 0.34069749694749696 0.759653540903541 0.3353556166056166 0.7630876068376069 0.33115842490842495 0.7653769841269842 0.32619810744810745 0.7672847985347987 0.32085622710622713 0.7684294871794872 0.31475122100122105 0.7695741758241759 0.3097909035409036 0.7707188644688646 0.30635683760683763 0.7711004273504275 0.301778083028083 0.772245115995116 0.29796245421245426 0.7730082417582419 0.29452838827838834 0.7733898046398048 0.2907127594627595 0.7730082417582419 0.2868971306471307 0.7707188644688646 0.2834630647130647 0.7661401098901099 0.2811736874236875 0.7619429181929183 0.27850274725274726 0.7577457264957267 0.27659493284493286 0.753166971916972 0.2758318070818071 0.7482066544566545 0.2758318070818071 0.7447725885225885 0.27659493284493286 0.7417200854700855 0.2781211843711844 0.7386675824175825 0.2800289987789988 0.7344703907203908 0.2811736874236875 0.7317994505494506
1 0.2262286324786325 0.714247557997558 0.21897893772893776 0.7131028693528695 0.21516330891330895 0.7108134920634921 0.21325549450549453 0.7089056776556777 0.21058455433455434 0.704708485958486 0.20905830280830281 0.7012744200244201 0.20791361416361417 0.6966956654456655 0.20829517704517705 0.6928800366300367 0.21096611721611724 0.6883012820512822 0.21249236874236876 0.6848672161172161 0.21516330891330895 0.6818147130647131 0.21783424908424912 0.675709706959707 0.21936050061050064 0.673038766788767 0.22126831501831506 0.6696047008547009 0.22317612942612944 0.6669337606837609 0.22699175824175827 0.6634996947496948 0.23042582417582422 0.6604471916971917 0.23309676434676438 0.659684065934066 0.23767551892551894 0.6593025030525032 0.24225427350427353 0.6585393772893774 0.24874084249084252 0.6573946886446886 0.2540827228327229 0.656631562881563 0.25866147741147744 0.6562500000000001 0.2636217948717949 0.6562500000000001 0.26743742368742374 0.6562500000000001 0.27087148962148966 0.656631562881563 0.2754502442002442 0.6573946886446886 0.2781211843711844 0.6589209401709403 0.2807921245421246 0.6608287545787547 0.28384462759462764 0.6638812576312577 0.28575244200244204 0.6665521978021979 0.28727869352869356 0.6699862637362639 0.2880418192918193 0.6749465811965812 0.28766025641025644 0.6799068986568988 0.2861340048840049 0.682577838827839 0.2842261904761905 0.6841040903540904 0.2819368131868132 0.6871565934065935 0.27888431013431014 0.6909722222222222 0.27621336996337004 0.6940247252747253 0.27277930402930406 0.6978403540903542 0.26896367521367526 0.7012744200244201 0.26438492063492064 0.7050900488400489 0.26056929181929184 0.707760989010989 0.2559905372405373 0.7104319291819293 0.2514117826617827 0.7123397435897437 0.24759615384615385 0.7134844322344324 0.2449252136752137 0.7146291208791209 0.24187271062271065 0.7150106837606838 0.2372939560439561 0.7157738095238096 0.23157051282051283 0.7161553724053725
1 0.35328907203907206 0.8809905372405373 0.3613018925518926 0.8779380341880343 0.3670253357753358 0.8775564713064714 0.3723672161172161 0.8767933455433456 0.37656440781440786 0.8764117826617828 0.38266941391941395 0.8764117826617828 0.38839285714285715 0.8764117826617828 0.3929716117216117 0.8764117826617828 0.39602411477411475 0.8771749084249085 0.401747557997558 0.8783195970695972 0.4074710012210012 0.8790827228327228 0.4112866300366301 0.8809905372405373 0.414720695970696 0.8832799145299146 0.41891788766788773 0.8848061660561661 0.42311507936507936 0.8870955433455434 0.4269307081807082 0.8890033577533578 0.430746336996337 0.8909111721611722 0.4349435286935287 0.8928189865689866 0.43914072039072044 0.8947268009768011 0.4441010378510379 0.8985424297924299 0.4471535409035409 0.9019764957264959 0.44829822954822957 0.9073183760683762 0.44867979242979245 0.9130418192918194 0.44867979242979245 0.9195283882783883 0.4479166666666667 0.9248702686202688 0.4452457264957265 0.9305937118437119 0.44143009768009767 0.9336462148962149 0.43799603174603174 0.9344093406593408 0.43227258852258854 0.9351724664224665 0.4250228937728938 0.9351724664224665 0.4151022588522589 0.9355540293040294 0.4089972527472528 0.9355540293040294 0.40289224664224665 0.9351724664224665 0.39526098901098905 0.9336462148962149 0.3891559829059829 0.9325015262515264 0.37656440781440786 0.9286858974358976 0.37007783882783885 0.9256333943833945 0.3639728327228327 0.9225808913308914 0.35901251526251526 0.9191468253968256 0.3551968864468865 0.9157127594627597 0.3525259462759463 0.9122786935286936 0.3509996947496948 0.9099893162393163 0.3490918803418804 0.9069368131868133 0.34756562881562886 0.9008318070818072 0.34756562881562886 0.8943452380952382 0.34794719169719174 0.8893849206349207 0.350236568986569 0.8855692918192919
1 0.4803495115995116 0.9149496336996338 0.4784416971916972 0.9092261904761905 0.47806013431013433 0.9069368131868133 0.47729700854700857 0.9031211843711844 0.4769154456654457 0.9004502442002443 0.4769154456654457 0.8973977411477413 0.4769154456654457 0.8943452380952382 0.4769154456654457 0.8916742979242981 0.4769154456654457 0.8878586691086692 0.47767857142857145 0.8848061660561661 0.4795863858363859 0.8832799145299146 0.48149420024420025 0.8806089743589745 0.4849282661782662 0.8771749084249085 0.4875992063492064 0.8737408424908426 0.4914148351648352 0.8706883394383396 0.4948489010989011 0.8680173992673994 0.4990460927960928 0.865728021978022 0.5051510989010989 0.8634386446886447 0.511637667887668 0.8611492673992676 0.5181242368742369 0.859241452991453 0.524229242979243 0.8569520757020758 0.5299526862026862 0.8554258241758242 0.534149877899878 0.8546626984126985 0.5368208180708182 0.8538995726495727 0.5429258241758242 0.8519917582417583 0.5455967643467645 0.8504655067155068 0.5490308302808304 0.8493208180708182 0.5536095848595849 0.8489392551892553 0.5578067765567767 0.8489392551892553 0.559714590964591 0.8504655067155068 0.5627670940170941 0.8516101953601954 0.5646749084249085 0.8558073870573871 0.5642933455433456 0.8588598901098902 0.56620115995116 0.8630570818070818 0.5673458485958487 0.8668727106227107 0.5677274114774116 0.8718330280830282 0.5669642857142858 0.8767933455433456 0.56620115995116 0.8809905372405373 0.56620115995116 0.8859508547008548 0.5654380341880343 0.8912927350427352 0.5639117826617828 0.8962530525030525 0.5620039682539684 0.9000686813186813 0.5600961538461539 0.9023580586080586 0.5566620879120879 0.9057921245421245 0.5524648962148964 0.9092261904761905 0.5471230158730159 0.9122786935286936 0.5421626984126985 0.9145680708180709 0.537202380952381 0.9168574481074482 0.5337683150183151 0.9191468253968256 0.5280448717948718 0.9218177655677657 0.5227029914529915 0.9233440170940171 0.5162164224664225 0.9252518315018317 0.511637667887668 0.9256333943833945 0.5020985958485958 0.9263965201465202 0.4956120268620269 0.9267780830280831 0.49217796092796096 0.9263965201465202 0.4879807692307693 0.92372557997558 0.48454670329670335 0.920673076923077
1 0.9672237484737486 0.9076999389499391 0.9653159340659342 0.9069368131868133 0.9603556166056166 0.9019764957264959 0.9592109279609281 0.8996871184371185 0.9576846764346765 0.8970161782661783 0.9573031135531136 0.8943452380952382 0.9569215506715507 0.8909111721611722 0.9573031135531136 0.8867139804639805 0.9580662393162395 0.8821352258852261 0.9592109279609281 0.8779380341880343 0.9611187423687425 0.8729777167277167 0.9634081196581197 0.8676358363858365 0.9668421855921856 0.8611492673992676 0.9698946886446886 0.85618894993895 0.9744734432234433 0.8504655067155068 0.9805784493284494 0.846649877899878 0.9859203296703298 0.8447420634920636 0.9904990842490843 0.8432158119658121 0.9985119047619049 0.8432158119658121 0.9988934676434678 0.8432158119658121 0.9988934676434678 0.9031211843711844 0.99126221001221 0.9069368131868133 0.9878281440781441 0.9084630647130648 0.9832493894993896 0.9103708791208792 0.978670634920635 0.9118971306471307 0.9737103174603176 0.9122786935286936 0.9702762515262516 0.911134004884005
1 0.7959020146520147 0.9809600122100123 0.8050595238095238 0.9706578144078145 0.8084935897435898 0.9676053113553115 0.8138354700854702 0.9634081196581197 0.817651098901099 0.9615003052503054 0.820703601953602 0.9607371794871795 0.8249007936507938 0.9607371794871795 0.8294795482295483 0.9607371794871795 0.8336767399267401 0.9607371794871795 0.837110805860806 0.9611187423687425 0.8413079975579977 0.9618818681318683 0.8443605006105007 0.962644993894994 0.8470314407814409 0.9641712454212455 0.8493208180708182 0.9656974969474971 0.8512286324786326 0.9668421855921856 0.8538995726495727 0.9702762515262516 0.8569520757020758 0.9748550061050062 0.859241452991453 0.9790521978021979 0.8611492673992676 0.9832493894993896 0.8619123931623933 0.98859126984127 0.8622939560439561 0.9931700244200244 0.8626557253510378 0.9989583333333333 0.8573336385836386 0.9989583333333333 0.7859813797313798 0.9989583333333333 0.7871260683760685 0.9931700244200244 0.7890338827838829 0.9889728327228329 0.7913232600732603 0.985157203907204
1 0.9096077533577535 0.5608592796092797 0.8958714896214897 0.5509386446886447 0.8939636752136753 0.5490308302808304 0.8905296092796093 0.5459783272283274 0.8878586691086692 0.5433073870573871 0.8840430402930404 0.5398733211233212 0.8821352258852261 0.537202380952381 0.8798458485958487 0.5333867521367522 0.8790827228327228 0.5295711233211233 0.8790827228327228 0.5253739316239316 0.8790827228327228 0.5215583028083028 0.8806089743589745 0.5192689255189256 0.8828983516483517 0.5169795482295483 0.8851877289377291 0.5158348595848596 0.8882402319902322 0.5150717338217338 0.8924374236874237 0.5143086080586081 0.8966346153846154 0.5143086080586081 0.9008318070818072 0.514690170940171 0.9057921245421245 0.5158348595848596 0.9122786935286936 0.5188873626373627 0.9286858974358976 0.5299526862026862 0.9470009157509158 0.5410180097680098 0.9500534188034189 0.5440705128205129 0.9523427960927963 0.5455967643467645 0.956158424908425 0.5486492673992676 0.9584478021978023 0.5505570818070818 0.9599740537240538 0.5513202075702076 0.9622634310134311 0.5524648962148964 0.9649343711843713 0.5543727106227107 0.9656974969474971 0.5578067765567767 0.9653159340659342 0.5631486568986569 0.9618818681318683 0.5681089743589745 0.9592109279609281 0.5707799145299146 0.9550137362637364 0.5730692918192919 0.9515796703296704 0.5749771062271063 0.9477640415140416 0.5753586691086692 0.9443299755799757 0.576121794871795 0.9408959096459097 0.5757402319902322 0.9359355921855923 0.5745955433455434 0.9309752747252749 0.5734508547008548 0.9263965201465202 0.5711614774114775 0.9229624542124543 0.5696352258852259 0.9199099511599512 0.5677274114774116 0.9157127594627597 0.5650564713064714
1 0.9096077533577535 0.4875992063492064 0.9054105616605618 0.48378357753357754 0.9019764957264959 0.4765338827838828 0.9008318070818072 0.47424450549450553 0.8977793040293042 0.46775793650793657 0.8970161782661783 0.46432387057387065 0.8962530525030525 0.4624160561660562 0.8954899267399269 0.45898199023199027 0.895108363858364 0.4551663614163614 0.895108363858364 0.4513507326007326 0.8947268009768011 0.4479166666666667 0.8947268009768011 0.4433379120879121 0.8954899267399269 0.43914072039072044 0.8970161782661783 0.4349435286935287 0.8989239926739928 0.43227258852258854 0.9012133699633701 0.430746336996337 0.9050289987789989 0.4288385225885226 0.9088446275946277 0.4292200854700855 0.9122786935286936 0.42998321123321126 0.9153311965811967 0.42998321123321126 0.9199099511599512 0.43036477411477414 0.9233440170940171 0.42998321123321126 0.9283043345543347 0.4296016483516484 0.9321199633699635 0.4296016483516484 0.9355540293040294 0.43036477411477414 0.9386065323565325 0.43379884004884006 0.9412774725274726 0.43723290598290604 0.9439484126984128 0.44066697191697196 0.9470009157509158 0.44639041514041516 0.9489087301587303 0.4509691697191698 0.9504349816849818 0.45478479853479853 0.9519612332112334 0.45974511599511597 0.9534874847374848 0.46470543345543347 0.9550137362637364 0.46852106227106227 0.956158424908425 0.47195512820512825 0.9569215506715507 0.47577075702075705 0.9573031135531136 0.4795863858363859 0.9573031135531136 0.482257326007326 0.9573031135531136 0.4864545177045177 0.9569215506715507 0.49065170940170943 0.9569215506715507 0.4937042124542125 0.9569215506715507 0.4979014041514042 0.9553952991452993 0.501717032967033 0.9534874847374848 0.5032432844932846 0.9500534188034189 0.5043879731379731 0.9450931013431014 0.5043879731379731 0.9393696581196581 0.5043879731379731 0.9351724664224665 0.5040064102564102 0.9309752747252749 0.5013354700854701 0.9275412087912088 0.49942765567765574 0.9229624542124543 0.4963751526251527 0.9191468253968256 0.49408577533577536 0.914186507936508 0.4914148351648352
1 0.8645833333333335 0.3613018925518926 0.8577152014652015 0.3529075091575092 0.8558073870573871 0.34985500610500614 0.8535180097680098 0.3471840659340659 0.8523733211233212 0.3448946886446887 0.8504655067155068 0.34107905982905984 0.8493208180708182 0.3368818681318682 0.8485576923076924 0.33192155067155066 0.8481761294261295 0.3269612332112332 0.8485576923076924 0.3200931013431013 0.8504655067155068 0.31322496947496953 0.8535180097680098 0.3067384004884005 0.8565705128205129 0.3025412087912088 0.8611492673992676 0.2991071428571429 0.8683989621489623 0.29643620268620274 0.8767933455433456 0.2930021367521368 0.8817536630036631 0.2914758852258853 0.8874771062271063 0.2899496336996337 0.8924374236874237 0.28956807081807084 0.8973977411477413 0.28956807081807084 0.9042658730158731 0.28956807081807084 0.9099893162393163 0.28956807081807084 0.9157127594627597 0.2899496336996337 0.9210546398046399 0.29109432234432236 0.9256333943833945 0.29338369963369965 0.9313568376068377 0.29605463980463986 0.9363171550671551 0.2983440170940171 0.940132783882784 0.3006333943833944 0.9443299755799757 0.30406746031746035 0.9477640415140416 0.3082646520146521 0.9511981074481075 0.3124618437118437 0.9546321733821734 0.3170405982905983 0.9569215506715507 0.3220009157509158 0.9595924908424909 0.327724358974359 0.9615003052503054 0.33344780219780223 0.9622634310134311 0.33878968253968256 0.962644993894994 0.3441315628815629 0.962644993894994 0.34603937728937734 0.9649343711843713 0.3548153235653236 0.9649343711843713 0.36015720390720396 0.9634081196581197 0.3654990842490842 0.9622634310134311 0.3689331501831502 0.9588293650793652 0.37503815628815634 0.9553952991452993 0.3796169108669109 0.9508165445665446 0.3819062881562882 0.9450931013431014 0.38419566544566547 0.9393696581196581 0.38648504273504275 0.9328830891330891 0.38801129426129427 0.9290674603174605 0.38801129426129427 0.9252518315018317 0.38801129426129427 0.9195283882783883 0.3891559829059829 0.9160943223443224 0.3891559829059829 0.9118971306471307 0.3887744200244201 0.9084630647130648 0.38801129426129427 0.9042658730158731 0.38686660561660563 0.8993055555555556 0.3853403540903541 0.8954899267399269 0.3834325396825397 0.8912927350427352 0.3815247252747253 0.8890033577533578 0.38038003663003667 0.8851877289377291 0.3780906593406594 0.8813721001221002 0.3754197191697192 0.8779380341880343 0.3735119047619048 0.8741224053724055 0.3712225274725275 0.8706883394383396 0.3689331501831502 0.8668727106227107 0.36626221001221004
1 0.9244887057387058 0.08276098901098905 0.9328830891330891 0.0736034798534799 0.9370802808302809 0.07055097680097684 0.9416590354090355 0.06788003663003667 0.9470009157509158 0.06520909645909649 0.9500534188034189 0.06368284493284497 0.9595924908424909 0.06215659340659344 0.9637896825396826 0.061011904761904795 0.9695131257631259 0.060248778998779035 0.9737103174603176 0.059485653235653274 0.9782890720390721 0.059867216117216154 0.9832493894993896 0.060630341880341915 0.9889728327228329 0.06177503052503056 0.9939331501831502 0.06291971916971921 0.998130341880342 0.06406440781440785 0.9989583333333333 0.06489239926739919 0.9989583333333333 0.11633852258852263 0.9989583333333333 0.11633852258852263 0.9939331501831502 0.11977258852258857 0.9901175213675214 0.12053571428571433 0.985157203907204 0.12168040293040297 0.9794337606837609 0.1232066544566545 0.9744734432234433 0.12435134310134315 0.9687500000000001 0.12396978021978027 0.9592109279609281 0.12282509157509162 0.9523427960927963 0.12129884004884009 0.9462377899877901 0.11939102564102569 0.9412774725274726 0.11748321123321127 0.936698717948718 0.11443070818070823 0.933264652014652 0.11175976800976804 0.9290674603174605 0.10718101343101347 0.9256333943833945 0.10222069597069601 0.92372557997558 0.09573412698412702 0.9233440170940171 0.0900106837606838
1 0.9569215506715507 0.18998015873015875 0.9584478021978023 0.1888354700854701 0.9695131257631259 0.1850198412698413 0.9733287545787547 0.1850198412698413 0.9782890720390721 0.1846382783882784 0.9836309523809524 0.1846382783882784 0.9878281440781441 0.1846382783882784 0.9927884615384617 0.1846382783882784 0.9958409645909647 0.1846382783882784 0.9989583333333333 0.18533102699769363 0.9989583333333333 0.25064865689865695 0.985157203907204 0.2514117826617827 0.9801968864468865 0.2514117826617827 0.9771443833943835 0.25064865689865695 0.9737103174603176 0.24950396825396828 0.9710393772893774 0.24835927960927962 0.9672237484737486 0.24606990231990233 0.9634081196581197 0.24416208791208793 0.9599740537240538 0.2426358363858364 0.9553952991452993 0.24072802197802198 0.9515796703296704 0.23767551892551894 0.9481456043956045 0.23424145299145302 0.9454746642246643 0.23157051282051283 0.9435668498168499 0.2288995726495727 0.9412774725274726 0.224702380952381 0.939751221001221 0.2205051892551893 0.9393696581196581 0.21478174603174605 0.939751221001221 0.20943986568986572 0.9412774725274726 0.20486111111111113 0.9443299755799757 0.20028235653235657 0.9477640415140416 0.19646672771672774 0.9515796703296704 0.1934142246642247
1 0.6676968864468865 0.08428724053724057 0.6528159340659342 0.07894536019536023 0.6497634310134311 0.07665598290598294 0.6467109279609281 0.07436660561660566 0.6432768620268622 0.07055097680097684 0.640224358974359 0.06673534798534803 0.6367902930402932 0.06253815628815633 0.6345009157509158 0.059485653235653274 0.6314484126984128 0.05643315018315022 0.6287774725274726 0.05223595848595852 0.6261065323565325 0.048420329670329706 0.6238171550671551 0.04460470085470089 0.6211462148962149 0.04078907203907208 0.6200015262515264 0.037355006105006146 0.6184752747252749 0.03315781440781444 0.6169490231990232 0.02819749694749698 0.6154227716727718 0.024381868131868163 0.6150412087912088 0.019803113553113587 0.6150412087912088 0.014842796092796129 0.614659645909646 0.009882478632478668 0.614659645909646 0.00568528693528697 0.6154227716727718 0.0003434065934066281 0.6642628205128206 0.0011065323565323912 0.6680784493284494 0.0018696581196581542 0.6715125152625153 0.003777472527472562 0.6753281440781441 0.006448412698412733 0.6776175213675214 0.009500915750915785 0.6795253357753359 0.012171855921855957 0.682577838827839 0.01560592185592189 0.6848672161172161 0.019421550671550707 0.6863934676434678 0.02323717948717952 0.6883012820512822 0.02628968253968257 0.6898275335775337 0.03010531135531139 0.6905906593406594 0.03468406593406597 0.6913537851037852 0.037736568986569026 0.692116910866911 0.04269688644688649 0.692116910866911 0.047657203907203946 0.692116910866911 0.05147283272283276 0.692116910866911 0.05605158730158734 0.6909722222222222 0.06215659340659344 0.6894459706959708 0.06673534798534803 0.6879197191697192 0.0713141025641026 0.6867750305250306 0.0755112942612943 0.6848672161172161 0.07894536019536023 0.6829594017094018 0.08047161172161175 0.67876221001221 0.08314255189255193 0.6741834554334555 0.08390567765567769
1 0.5299526862026862 0.05376221001221005 0.5269001831501832 0.04536782661782666 0.52117673992674 0.03582875457875461 0.5192689255189256 0.032394688644688675 0.5181242368742369 0.02819749694749698 0.5169795482295483 0.02247405372405376 0.5169795482295483 0.016750610500610535 0.5169795482295483 0.011790293040293076 0.5169795482295483 0.006448412698412733 0.517742673992674 0.0014880952380952725 0.5181242368742369 0.0003434065934066281 0.5711614774114775 0.0003434065934066281 0.5719246031746033 0.0007249694749695096 0.5768849206349207 0.007974664224664259 0.5780296092796093 0.009882478632478668 0.5791742979242981 0.01293498168498172 0.5799374236874237 0.01713217338217342 0.5807005494505495 0.02094780219780223 0.5807005494505495 0.024381868131868163 0.5807005494505495 0.0278159340659341 0.5799374236874237 0.031250000000000035 0.5787927350427352 0.03430250305250309 0.5776480463980465 0.037736568986569026 0.5768849206349207 0.04078907203907208 0.5753586691086692 0.04460470085470089 0.5726877289377291 0.049565018315018354 0.5711614774114775 0.05299908424908429 0.5692536630036631 0.05567002442002446 0.5684905372405373 0.057959401709401746 0.5669642857142858 0.061011904761904795 0.5654380341880343 0.06368284493284497 0.5639117826617828 0.06559065934065939 0.5608592796092797 0.06673534798534803 0.5551358363858365 0.06673534798534803 0.5471230158730159 0.06673534798534803 0.5425442612942615 0.06559065934065939 0.5383470695970697 0.06330128205128209 0.5337683150183151 0.060248778998779035
1 0.4105235042735043 0.08314255189255193 0.4059447496947497 0.08047161172161175 0.39716880341880345 0.07284035409035414 0.39411630036630035 0.06978785103785108 0.3910637973137973 0.0671169108669109 0.3876297313797314 0.06330128205128209 0.38419566544566547 0.05834096459096463 0.3815247252747253 0.05338064713064717 0.3799984737484738 0.049183455433455474 0.37847222222222227 0.04422313797313801 0.37732753357753357 0.038881257631257674 0.37618284493284493 0.03353937728937732 0.37580128205128205 0.02819749694749698 0.37503815628815634 0.02094780219780223 0.3742750305250305 0.014461233211233247 0.3742750305250305 0.01026404151404155 0.3754197191697192 0.005303724053724089 0.37732753357753357 0.0018696581196581542 0.38038003663003667 0.0007249694749695096 0.38419566544566547 0.0007249694749695096 0.3887744200244201 0.0007249694749695096 0.39182692307692313 0.0007249694749695096 0.39526098901098905 0.0007249694749695096 0.40289224664224665 0.0007249694749695096 0.4078525641025641 0.0014880952380952725 0.4112866300366301 0.003014346764346799 0.4151022588522589 0.004540598290598326 0.4170100732600733 0.006829975579975614 0.4200625763125763 0.009500915750915785 0.4234966422466423 0.013316544566544603 0.4254044566544567 0.016750610500610535 0.42807539682539686 0.02094780219780223 0.42998321123321126 0.025144993894993927 0.4315094627594628 0.0278159340659341 0.434180402930403 0.032013125763125795 0.4364697802197802 0.036591880341880385 0.43875915750915756 0.040407509157509194 0.4418116605616606 0.04498626373626378 0.4441010378510379 0.048038766788766826 0.44677197802197804 0.05223595848595852 0.4490613553113553 0.05567002442002446 0.45020604395604397 0.060248778998779035 0.4498244810744811 0.06444597069597073 0.44867979242979245 0.06788003663003667 0.4479166666666667 0.07207722832722836 0.44677197802197804 0.07589285714285718 0.4456272893772894 0.08009004884004887 0.4444826007326007 0.08237942612942617 0.44257478632478636 0.08505036630036633 0.4383775946275946 0.08733974358974363 0.4326541514041515 0.08886599511599515 0.4254044566544567 0.08924755799755803 0.42082570207570213 0.08886599511599515 0.4151022588522589 0.08733974358974363
1 0.940132783882784 0.019039987789987823 0.9325015262515264 0.03277625152625156 0.930212148962149 0.03582875457875461 0.9275412087912088 0.038881257631257674 0.9221993284493286 0.04193376068376072 0.9172390109890111 0.0423153235653236 0.9103708791208792 0.0423153235653236 0.9050289987789989 0.04193376068376072 0.9008318070818072 0.04155219780219784 0.8985424297924299 0.040407509157509194 0.8947268009768011 0.03849969474969479 0.8924374236874237 0.036591880341880385 0.8901480463980465 0.03430250305250309 0.888621794871795 0.030868437118437154 0.8870955433455434 0.02590811965811969 0.8859508547008548 0.022092490842490875 0.8855692918192919 0.018276862026862063 0.8851877289377291 0.013698107448107483 0.8855692918192919 0.009882478632478668 0.8863324175824177 0.00568528693528697 0.8870955433455434 0.002251221001221036 0.8878459503459505 0.0 0.9462377899877901 0.0003434065934066281 0.9443299755799757 0.01026404151404155 0.9424221611721613 0.014461233211233247
1 0.0568147130647131 0.9126602564102565 0.039644383394383434 0.9054105616605618 0.03544719169719173 0.9027396214896215 0.031631562881562915 0.9004502442002443 0.027052808302808335 0.8977793040293042 0.023618742368742403 0.8947268009768011 0.021710927960927995 0.8924374236874237 0.019039987789987823 0.888621794871795 0.015987484737484774 0.8844246031746033 0.013698107448107483 0.8802274114774116 0.011408730158730195 0.8760302197802198 0.009882478632478668 0.8725961538461539 0.00835622710622714 0.868780525030525 0.007211538461538496 0.8649648962148964 0.006066849816849851 0.8607677045177046 0.005303724053724089 0.8565705128205129 0.004540598290598326 0.8523733211233212 0.004159035409035444 0.8485576923076924 0.003777472527472562 0.8462683150183151 0.00568528693528697 0.8432158119658121 0.00835622710622714 0.8397817460317462 0.012171855921855957 0.837110805860806 0.0175137362637363 0.8329136141636142 0.02247405372405376 0.830624236874237 0.026671245421245455 0.8283348595848598 0.031631562881562915 0.8260454822954824 0.03582875457875461 0.8252823565323566 0.039262820512820554 0.8252823565323566 0.04346001221001225 0.8252823565323566 0.048420329670329706 0.827571733821734 0.05299908424908429 0.8287164224664225 0.057196275946275986 0.8298611111111112 0.06406440781440785 0.830624236874237 0.06673534798534803 0.8313873626373628 0.07093253968253972 0.8329136141636142 0.07627442002442006 0.8348214285714287 0.07932692307692311 0.8359661172161172 0.08276098901098905 0.8386370573870574 0.08733974358974363 0.8458867521367522 0.0900106837606838 0.8493208180708182 0.09535256410256414 0.8558073870573871 0.09764194139194142 0.8588598901098902 0.09993131868131871 0.8619123931623933 0.10222069597069601 0.8653464590964592 0.10412851037851041 0.8680173992673994 0.10527319902319905 0.8714514652014653 0.10718101343101347 0.8748855311355312 0.10947039072039075 0.8790827228327228 0.1106150793650794 0.8832799145299146 0.11137820512820516 0.8878586691086692 0.11137820512820516 0.8928189865689866 0.11023351648351652 0.8973977411477413 0.10679945054945059 0.901594932844933 0.10336538461538465 0.904647435897436 0.09954975579975583 0.9088446275946277 0.09535256410256414 0.9130418192918194 0.09039224664224668 0.9176205738705739 0.08657661782661787 0.920673076923077 0.08428724053724057 0.9210546398046399 0.08047161172161175 0.920673076923077 0.0755112942612943 0.9199099511599512 0.07055097680097684 0.9183836996336997 0.06597222222222227 0.9164758852258853 0.06215659340659344 0.9145680708180709
1 0.012553418803418839 0.5688721001221002 0.019421550671550707 0.5780296092796093 0.021329365079365115 0.5818452380952382 0.02285561660561664 0.5860424297924299 0.024000305250305283 0.592147435897436 0.025144993894993927 0.5993971306471307 0.025144993894993927 0.6047390109890111 0.024763431013431047 0.6093177655677657 0.024000305250305283 0.6161858974358976 0.018658424908424943 0.6280143467643469 0.016750610500610535 0.6318299755799757 0.014461233211233247 0.634119352869353 0.009500915750915785 0.6360271672771673 0.005303724053724089 0.6367902930402932 0.0 0.6367902930402932 0.0007249694749695096 0.630685286935287 0.0011065323565323912 0.559714590964591 0.009882478632478668 0.5658195970695972
1 0.08695818070818075 0.5654380341880343 0.08466880341880345 0.5616224053724055 0.08237942612942617 0.5570436507936508 0.08047161172161175 0.5509386446886447 0.07932692307692311 0.5455967643467645 0.07894536019536023 0.5383470695970697 0.07894536019536023 0.5326236263736264 0.07894536019536023 0.524229242979243 0.07932692307692311 0.5169795482295483 0.08047161172161175 0.5093482905982907 0.08276098901098905 0.5043879731379731 0.08619505494505499 0.5005723443223443 0.09039224664224668 0.4971382783882784 0.09649725274725278 0.4948489010989011 0.10222069597069601 0.49408577533577536 0.10908882783882787 0.49408577533577536 0.11595695970695975 0.49446733821733824 0.12435134310134315 0.49599358974358976 0.13045634920634924 0.49828296703296704 0.13465354090354092 0.5013354700854701 0.1369429181929182 0.5040064102564102 0.140758547008547 0.5078220390720392 0.14304792429792432 0.511637667887668 0.14457417582417584 0.5158348595848596 0.14610042735042736 0.5200320512820513 0.14724511599511603 0.524229242979243 0.14762667887667888 0.5288079975579976 0.1480082417582418 0.5349130036630038 0.14838980463980464 0.5402548840048841 0.14838980463980464 0.5459783272283274 0.14762667887667888 0.550175518925519 0.14648199023199027 0.5543727106227107 0.14495573870573872 0.5593330280830282 0.14228479853479856 0.5646749084249085 0.13999542124542125 0.5692536630036631 0.13579822954822957 0.5745955433455434 0.131219474969475 0.5784111721611722 0.12702228327228332 0.5810821123321124 0.12168040293040297 0.582608363858364 0.11633852258852263 0.5829899267399269 0.11023351648351652 0.5822268009768011 0.10527319902319905 0.5807005494505495 0.10069444444444448 0.5784111721611722 0.0961156898656899 0.5757402319902322
1 0.021710927960927995 0.46432387057387065 0.011790293040293076 0.45821886446886445 0.008737789987790023 0.4544032356532357 0.007211538461538496 0.45058760683760685 0.006066849816849851 0.4460088522588523 0.006066849816849851 0.44143009768009767 0.006066849816849851 0.4353250915750916 0.006066849816849851 0.430746336996337 0.007211538461538496 0.4246413308913309 0.008737789987790023 0.41929945054945056 0.012171855921855957 0.41357600732600736 0.016369047619047655 0.4086156898656899 0.02056623931623935 0.40403693528693535 0.025144993894993927 0.40060286935286943 0.030868437118437154 0.3975503663003663 0.039644383394383434 0.39602411477411475 0.046894078144078186 0.39526098901098905 0.05223595848595852 0.39602411477411475 0.05643315018315022 0.39716880341880345 0.060630341880341915 0.39945818070818073 0.06482753357753361 0.4025106837606838 0.06749847374847379 0.40556318681318687 0.07016941391941396 0.40976037851037855 0.07245879120879124 0.4151022588522589 0.0736034798534799 0.42158882783882784 0.07398504273504278 0.42654914529914534 0.07398504273504278 0.43036477411477414 0.07284035409035414 0.434180402930403 0.07169566544566548 0.43799603174603174 0.06978785103785108 0.4429563492063492 0.0671169108669109 0.44677197802197804 0.06368284493284497 0.4513507326007326 0.059485653235653274 0.4551663614163614 0.05643315018315022 0.4578373015873016 0.05147283272283276 0.46088980463980467 0.04498626373626378 0.46356074481074483 0.037736568986569026 0.46508699633699635 0.03353937728937732 0.46546855921855923 0.028579059829059863 0.46585012210012217
1 0.16708638583638585 0.4269307081807082 0.16365231990231993 0.42654914529914534 0.1579288766788767 0.42311507936507936 0.15563949938949942 0.42082570207570213 0.15373168498168502 0.4170100732600733 0.15258699633699635 0.4128128815628816 0.15106074481074483 0.4074710012210012 0.15067918192918198 0.40289224664224665 0.15029761904761907 0.39869505494505497 0.15029761904761907 0.39449786324786323 0.15067918192918198 0.38991910866910867 0.1522054334554335 0.38495879120879123 0.15373168498168502 0.38038003663003667 0.15563949938949942 0.37580128205128205 0.1583104395604396 0.3708409645909646 0.1621260683760684 0.36588064713064716 0.1663232600732601 0.3613018925518926 0.1705204517704518 0.35748626373626374 0.1750992063492064 0.3540521978021978 0.1808226495726496 0.3509996947496948 0.18540140415140416 0.34947344322344326 0.19226953601953603 0.3483287545787546 0.19951923076923078 0.34794719169719174 0.20486111111111113 0.34871031746031744 0.20905830280830281 0.34985500610500614 0.2121108058608059 0.3509996947496948 0.21516330891330895 0.3525259462759463 0.21783424908424912 0.35557844932844934 0.22088675213675216 0.36015720390720396 0.22317612942612944 0.3635912698412699 0.22508394383394387 0.36778846153846156 0.2262286324786325 0.3712225274725275 0.2262286324786325 0.3754197191697192 0.2262286324786325 0.38038003663003667 0.22546550671550675 0.38457722832722835 0.22355769230769235 0.3895375457875458 0.2205051892551893 0.3964056776556777 0.21745268620268624 0.40289224664224665 0.21478174603174605 0.4078525641025641 0.21287393162393167 0.41166819291819295 0.21096611721611724 0.414720695970696 0.2075320512820513 0.41777319902319904 0.2018086080586081 0.4219703907203908 0.1972298534798535 0.4246413308913309 0.19265109890109894 0.4269307081807082 0.1888354700854701 0.4288385225885226 0.1846382783882784 0.43036477411477414 0.17967796092796096 0.4311278998778999 0.17471764346764349 0.4311278998778999 0.17128357753357756 0.42998321123321126
1 0.14610042735042736 0.30750152625152627 0.1434294871794872 0.30750152625152627 0.13846916971916973 0.30635683760683763 0.13617979242979245 0.3029227716727717 0.13465354090354092 0.2991071428571429 0.13350885225885228 0.29605463980463986 0.13274572649572652 0.29109432234432236 0.13274572649572652 0.28537087912087916 0.13274572649572652 0.2807921245421246 0.13350885225885228 0.2754502442002442 0.13427197802197804 0.26934523809523814 0.13579822954822957 0.26438492063492064 0.13846916971916973 0.25866147741147744 0.14037698412698416 0.2540827228327229 0.14228479853479856 0.24950396825396828 0.1453373015873016 0.24378052503052505 0.1491529304029304 0.23920177045177046 0.1522054334554335 0.23614926739926742 0.15525793650793654 0.2323336385836386 0.15945512820512822 0.22928113553113555 0.16327075702075705 0.22699175824175827 0.1678495115995116 0.22584706959706963 0.1743360805860806 0.22546550671550675 0.1785332722832723 0.22508394383394387 0.18540140415140416 0.22508394383394387 0.18959859584859587 0.22584706959706963 0.19265109890109894 0.22775488400488403 0.19570360195360198 0.2323336385836386 0.19761141636141638 0.23691239316239318 0.19837454212454214 0.24187271062271065 0.19875610500610502 0.2468330280830281 0.1991376678876679 0.25179334554334554 0.1991376678876679 0.2571352258852259 0.19799297924297926 0.26438492063492064 0.19570360195360198 0.26972680097680096 0.19379578754578755 0.2743055555555556 0.19150641025641027 0.27964743589743596 0.18769078144078147 0.28384462759462764 0.1846382783882784 0.28651556776556775 0.17967796092796096 0.29109432234432236 0.17471764346764349 0.29490995115995117 0.17128357753357756 0.2975808913308914 0.16708638583638585 0.3002518315018315 0.1617445054945055 0.30368589743589747 0.1583104395604396 0.30559371184371187 0.1541132478632479 0.3067384004884005
1 0.07016941391941396 0.22737332112332115 0.06788003663003667 0.2323336385836386 0.06330128205128209 0.23958333333333337 0.061011904761904795 0.24187271062271065 0.05872252747252751 0.2445436507936508 0.05528846153846158 0.24759615384615385 0.05223595848595852 0.250267094017094 0.050328144078144114 0.2521749084249085 0.047657203907203946 0.25446428571428575 0.04422313797313801 0.25675366300366304 0.04193376068376072 0.2578983516483517 0.038118131868131906 0.2594246031746032 0.0339209401709402 0.2609508547008547 0.03010531135531139 0.26247710622710624 0.02628968253968257 0.263240231990232 0.019803113553113587 0.2647664835164835 0.013698107448107483 0.2651480463980464 0.00835622710622714 0.2651480463980464 0.003777472527472562 0.2636217948717949 0.0007249694749695096 0.26247710622710624 0.0003434065934066281 0.26018772893772896 0.0007249694749695096 0.2075320512820513 0.003777472527472562 0.2033348595848596 0.006066849816849851 0.19990079365079366 0.009119352869352905 0.19608516483516486 0.013316544566544603 0.19226953601953603 0.016369047619047655 0.18959859584859587 0.02056623931623935 0.18540140415140416 0.02590811965811969 0.18311202686202688 0.02972374847374851 0.18196733821733824 0.03468406593406597 0.18158577533577536 0.039262820512820554 0.18158577533577536 0.04384157509157513 0.18120421245421248 0.049183455433455474 0.18158577533577536 0.05376221001221005 0.18234890109890112 0.057577838827838866 0.18311202686202688 0.061011904761904795 0.18425671550671555 0.06444597069597073 0.18578296703296707 0.06749847374847379 0.1873092185592186 0.07016941391941396 0.189217032967033 0.0736034798534799 0.19379578754578755 0.0755112942612943 0.19875610500610502 0.07627442002442006 0.2029532967032967 0.07627442002442006 0.20715048840048841 0.07627442002442006 0.21249236874236876 0.07589285714285718 0.21783424908424912 0.07436660561660566 0.22203144078144083
1 0.11862789987789993 0.15487637362637366 0.11862789987789993 0.1533501221001221 0.12015415140415145 0.14610042735042736 0.12282509157509162 0.14190323565323568 0.12625915750915753 0.13885073260073263 0.13236416361416364 0.13617979242979245 0.13846916971916973 0.1350351037851038 0.14610042735042736 0.13465354090354092 0.15258699633699635 0.13465354090354092 0.1560210622710623 0.13427197802197804 0.16098137973137974 0.13427197802197804 0.1659416971916972 0.13579822954822957 0.17090201465201468 0.13770604395604397 0.17471764346764349 0.1392322954822955 0.17929639804639808 0.14228479853479856 0.18387515262515264 0.14610042735042736 0.18769078144078147 0.1495344932844933 0.1911248473748474 0.1518238705738706 0.19417735042735046 0.15449481074481078 0.1972298534798535 0.15754731379731382 0.19951923076923078 0.16021825396825398 0.20257173382173385 0.1640338827838828 0.20486111111111113 0.16937576312576313 0.20638736263736265 0.17357295482295484 0.20715048840048841 0.17815170940170943 0.2075320512820513 0.182730463980464 0.20715048840048841 0.18769078144078147 0.2056242368742369 0.1911248473748474 0.20257173382173385 0.1934142246642247 0.1991376678876679 0.19608516483516486 0.19532203907203907 0.19761141636141638 0.18845390720390723 0.19837454212454214 0.18234890109890112 0.19875610500610502 0.17662545787545791 0.1991376678876679 0.17204670329670332 0.19951923076923078 0.1663232600732601 0.19951923076923078 0.16136294261294265 0.19951923076923078 0.15716575091575094 0.19951923076923078 0.1522054334554335 0.19875610500610502 0.14724511599511603 0.19761141636141638 0.14381105006105008 0.19646672771672774 0.14037698412698416 0.19494047619047622 0.13579822954822957 0.19226953601953603 0.13198260073260076 0.18998015873015875 0.12778540903540908 0.18654609279609283 0.12435134310134315 0.18311202686202688 0.12168040293040297 0.1789148351648352 0.12053571428571433 0.17700702075702077 0.11862789987789993 0.17319139194139196 0.1171016483516484 0.16823107448107452 0.11672008547008551 0.16365231990231993 0.11672008547008551 0.15869200244200246
1 0.1785332722832723 0.019803113553113587 0.1808226495726496 0.015987484737484774 0.18654609279609283 0.008737789987790023 0.18845390720390723 0.006066849816849851 0.1911248473748474 0.003014346764346799 0.1930326617826618 0.0018696581196581542 0.19684829059829062 0.0003434065934066281 0.21363705738705743 0.0007249694749695096 0.21668956043956047 0.0033959096459096807 0.2205051892551893 0.005303724053724089 0.2239392551892552 0.006829975579975614 0.2262286324786325 0.008737789987790023 0.2288995726495727 0.011790293040293076 0.23080738705738707 0.016369047619047655 0.2323336385836386 0.019803113553113587 0.23347832722832726 0.02323717948717952 0.2346230158730159 0.027434371184371215 0.23500457875457878 0.03277625152625156 0.2346230158730159 0.039262820512820554 0.23424145299145302 0.04384157509157513 0.23347832722832726 0.04880189255189259 0.23157051282051283 0.05299908424908429 0.22966269841269846 0.05567002442002446 0.22775488400488403 0.05834096459096463 0.224702380952381 0.061011904761904795 0.22126831501831506 0.06330128205128209 0.21668956043956047 0.06597222222222227 0.21325549450549453 0.06673534798534803 0.20943986568986572 0.0671169108669109 0.2033348595848596 0.06520909645909649 0.19990079365079366 0.06253815628815633 0.19646672771672774 0.059485653235653274 0.19265109890109894 0.05452533577533581 0.189217032967033 0.04880189255189259 0.18616452991452992 0.04460470085470089 0.18387515262515264 0.04155219780219784 0.18158577533577536 0.037355006105006146 0.17929639804639808 0.03277625152625156 0.17777014652014653 0.028960622710622743 0.17700702075702077 0.024000305250305283
1 0.09039224664224668 0.01560592185592189 0.08733974358974363 0.01789529914529918 0.08161630036630041 0.023618742368742403 0.07932692307692311 0.02552655677655681 0.0755112942612943 0.028960622710622743 0.0713141025641026 0.030868437118437154 0.06673534798534803 0.03277625152625156 0.06253815628815633 0.0339209401709402 0.05872252747252751 0.03430250305250309 0.05528846153846158 0.03430250305250309 0.05147283272283276 0.03315781440781444 0.04498626373626378 0.03048687423687427 0.04193376068376072 0.028579059829059863 0.038881257631257674 0.02552655677655681 0.03621031746031749 0.022092490842490875 0.03315781440781444 0.015987484737484774 0.030868437118437154 0.009882478632478668 0.027827674462289873 1.8503717077085942e-18 0.09649725274725278 0.0007249694749695096 0.09535256410256414 0.005303724053724089 0.09382631257631262 0.009500915750915785
0 0.5319220430107526 0.5133116211745244 0.5319220430107526 0.507108147229115 0.5316635649296939 0.5006461952026469 0.5329559553349876 0.49444272125723737 0.5334729114971051 0.4915994623655914 0.5339898676592225 0.48953163771712155 0.5352822580645161 0.487205334987593 0.5360576923076923 0.48539598842018195 0.537350082712986 0.4846205541770058 0.5386424731182796 0.48436207609594706 0.5399348635235732 0.48436207609594706 0.5409687758478082 0.4859129445822994 0.5420026881720431 0.48875620347394544 0.5425196443341604 0.49108250620347393 0.5422611662531018 0.4934088089330025 0.5420026881720431 0.4959935897435897 0.5417442100909843 0.4993538047973532 0.5417442100909843 0.5024555417700579 0.5417442100909843 0.5045233664185277 0.5417442100909843 0.5073666253101737 0.5417442100909843 0.5104683622828784 0.5414857320099257 0.5133116211745244 0.5412272539288668 0.5164133581472291 0.5409687758478082 0.5179642266335814 0.5407102977667494 0.519256617038875 0.5396763854425146 0.5208074855252274 0.5376085607940447 0.5220998759305211 0.5347653019023987 0.5215829197684037 0.5329559553349876 0.5184811827956989
0 0.6859749793217536 0.5686259305210919 0.680805417700579 0.5768972291149711 0.6766697684036395 0.583617659222498 0.6743434656741109 0.5864609181141439 0.6727925971877585 0.5885287427626138 0.6709832506203475 0.5900796112489661 0.669432382133995 0.591113523573201 0.6678815136476427 0.5916304797353185 0.6658136889991729 0.5916304797353185 0.664779776674938 0.5913720016542598 0.6640043424317618 0.58930417700579 0.6640043424317618 0.588270264681555 0.6655552109181142 0.5862024400330853 0.6665891232423491 0.5843930934656741 0.6681399917287014 0.5823252688172044 0.6696908602150539 0.5799989660876758 0.6712417287014062 0.5776726633581473 0.6727925971877585 0.57508788254756 0.6746019437551696 0.5719861455748554 0.6758943341604632 0.5696598428453268 0.6777036807278743 0.5668165839536808 0.680029983457403 0.5639733250620348 0.6815808519437552 0.5613885442514476 0.6833901985111662 0.5585452853598015 0.6851995450785774 0.5554435483870968 0.6875258478081059 0.5538926799007445 0.6885597601323408 0.5538926799007445 0.6893351943755169 0.554409636062862 0.6901106286186932 0.556218982630273 0.6906275847808107 0.5585452853598015 0.6901106286186932 0.5608715880893301 0.6890767162944583 0.5634563688999173
0 0.6053298180314309 0.6671060794044666 0.5939567824648471 0.6699493382961125 0.5903380893300249 0.6707247725392887 0.5872363523573202 0.6709832506203475 0.5843930934656741 0.6709832506203475 0.5833591811414393 0.6704662944582299 0.5825837468982631 0.6686569478908189 0.5825837468982631 0.6660721670802316 0.583617659222498 0.664779776674938 0.5867193961952027 0.6629704301075269 0.5929228701406121 0.6614195616211745 0.5965415632754343 0.6609026054590571 0.6004187344913152 0.6603856492969397 0.6030035153019024 0.6598686931348222 0.6068806865177834 0.6593517369727048 0.6097239454094293 0.659093258891646 0.6115332919768404 0.6588347808105872 0.6136011166253101 0.6588347808105872 0.6146350289495451 0.6596102150537635 0.6151519851116626 0.6614195616211745 0.6154104631927212 0.6632289081885857 0.6143765508684864 0.6645212985938793 0.6112748138957816 0.6663306451612904
0 0.6926954094292804 0.7136321339950373 0.6988988833746899 0.7107888751033913 0.7051023573200993 0.7092380066170388 0.7079456162117452 0.708204094292804 0.7102719189412738 0.7076871381306866 0.7125982216708023 0.7069117038875103 0.7146660463192721 0.7058777915632756 0.715699958643507 0.7032930107526882 0.715699958643507 0.7020006203473946 0.7151830024813896 0.700708229942101 0.7144075682382134 0.6999327956989247 0.7136321339950373 0.6994158395368074 0.7120812655086849 0.6994158395368074 0.7100134408602151 0.6999327956989247 0.7056193134822167 0.7009667080231596 0.6991573614557486 0.7032930107526882 0.6895936724565758 0.7063947477253929 0.6880428039702233 0.7069117038875103 0.6857165012406948 0.7079456162117452 0.6839071546732838 0.7089795285359802 0.6823562861869313 0.7097549627791564 0.681839330024814 0.7105303970223324 0.6810638957816377 0.7131151778329198 0.6810638957816377 0.7151830024813896 0.6815808519437552 0.7162169148056245 0.6828732423490488 0.7164753928866833 0.6844241108354012 0.7164753928866833 0.6862334574028123 0.715699958643507 0.6901106286186932 0.7138906120760959
0 0.4704042597187758 0.802548593879239 0.4830696856906534 0.8030655500413565 0.48953163771712155 0.8030655500413565 0.49289185277088504 0.8030655500413565 0.4959935897435897 0.8028070719602979 0.4975444582299421 0.8022901157981804 0.498578370554177 0.8015146815550042 0.4996122828784119 0.8004807692307693 0.5003877171215881 0.7991883788254756 0.5006461952026469 0.797895988420182 0.5001292390405293 0.7960866418527709 0.4988368486352357 0.7947942514474773 0.49728598014888337 0.7937603391232424 0.4954766335814723 0.7929849048800662 0.49237489660876754 0.7919509925558313 0.4866883788254756 0.7911755583126552 0.4846205541770058 0.7909170802315963 0.48126033912324234 0.7906586021505377 0.47712468982630274 0.7906586021505377 0.474022952853598 0.7909170802315963 0.4709212158808933 0.7916925144747726 0.4670440446650124 0.7927264267990074 0.4654931761786601 0.793243382961125 0.4634253515301902 0.7947942514474773 0.4616160049627791 0.7963451199338297 0.46058209263854427 0.7973790322580645 0.46058209263854427 0.7986714226633581 0.4613575268817204 0.7997053349875931 0.46290839536807277 0.8009977253928867 0.4660101323407775 0.8015146815550042
0 0.43680210918114143 0.722420388751034 0.43137406947890816 0.7306916873449132 0.42672146401985106 0.7358612489660877 0.42542907361455745 0.7371536393713813 0.4236197270471464 0.738446029776675 0.42129342431761785 0.73947994210091 0.4197425558312655 0.7392214640198511 0.4189671215880893 0.7381875516956163 0.4187086435070306 0.735602770885029 0.4187086435070306 0.7332764681555004 0.4194840777502068 0.7309501654259719 0.4210349462365591 0.7291408188585609 0.4228442928039702 0.7265560380479736 0.4243951612903226 0.7250051695616212 0.42594602977667495 0.7226788668320927 0.42697994210090984 0.7208695202646815 0.42878928866832094 0.7182847394540943 0.42982320099255583 0.7162169148056245 0.4318910256410256 0.7136321339950373 0.433441894127378 0.7120812655086849 0.43473428453267166 0.71104735318445 0.43680210918114143 0.7105303970223324 0.43809449958643504 0.7105303970223324 0.43886993382961126 0.71104735318445 0.4393868899917287 0.7128566997518611 0.4393868899917287 0.7144075682382134 0.43861145574855254 0.7169923490488006
0 0.335220223325062 0.7312086435070306 0.32565653432588915 0.7381875516956163 0.3137665425971878 0.7462003722084367 0.3111817617866005 0.7472342845326717 0.30859698097601324 0.7477512406947892 0.30471980976013235 0.7482681968569066 0.3013595947063689 0.7485266749379653 0.2992917700578991 0.7482681968569066 0.2972239454094293 0.7472342845326717 0.2972239454094293 0.7459418941273781 0.2985163358147229 0.7428401571546732 0.30006720430107525 0.7392214640198511 0.3021350289495451 0.7366366832092639 0.30394437551695613 0.7348273366418528 0.3062706782464847 0.7325010339123242 0.3091139371381307 0.7304332092638545 0.3153174110835401 0.7262975599669148 0.32591501240694787 0.7195771298593879 0.32875827129859386 0.7182847394540943 0.33134305210918114 0.7169923490488006 0.3336693548387097 0.7162169148056245 0.3365126137303556 0.7154414805624484 0.3390973945409429 0.7149245244003309 0.3406482630272953 0.7149245244003309 0.34168217535153017 0.7154414805624484 0.3424576095947064 0.7169923490488006 0.34271608767576506 0.7193186517783292 0.34219913151364767 0.7213864764267991 0.34142369727047145 0.7239712572373863 0.34013130686517784 0.7260390818858561 0.33806348221670807 0.7286238626964433
0 0.5986093879239041 0.7947942514474773 0.585427005789909 0.7989299007444169 0.5820667907361456 0.7997053349875931 0.5792235318444996 0.7999638130686518 0.577931141439206 0.8002222911497106 0.5766387510339123 0.8002222911497106 0.5761217948717949 0.7997053349875931 0.5756048387096775 0.7976375103391233 0.5758633167907362 0.7947942514474773 0.5766387510339123 0.7929849048800662 0.5776726633581473 0.7909170802315963 0.5792235318444996 0.7893662117452441 0.5815498345740282 0.7880738213399504 0.5849100496277917 0.7870399090157155 0.5877533085194375 0.7862644747725392 0.591113523573201 0.7857475186104218 0.5944737386269645 0.7852305624483045 0.5973169975186104 0.7849720843672456 0.6001602564102565 0.7857475186104218 0.6027450372208437 0.7872983870967742 0.6037789495450786 0.7893662117452441 0.6040374276261373 0.7911755583126552 0.6030035153019024 0.7935018610421837
0 0.4324079818031431 0.5598376757650951 0.4295647229114971 0.5660411497105046 0.4280138544251447 0.5688844086021505 0.42594602977667495 0.5712107113316791 0.4243951612903226 0.573278535980149 0.42206885856079407 0.5753463606286187 0.4194840777502068 0.5771557071960298 0.4176747311827957 0.5774141852770885 0.41586538461538464 0.5774141852770885 0.41431451612903225 0.5763802729528537 0.41379755996691475 0.5748294044665012 0.41302212572373864 0.5725031017369727 0.4127636476426799 0.5694013647642681 0.41302212572373864 0.5660411497105046 0.41405603804797353 0.5629394127377999 0.4153484284532672 0.5590622415219191 0.41715777502067825 0.556218982630273 0.4192255996691481 0.5528587675765095 0.4210349462365591 0.5497570306038049 0.42310277088502896 0.5463968155500414 0.4243951612903226 0.5440705128205129 0.42594602977667495 0.5417442100909843 0.4274968982630273 0.5399348635235732 0.42930624483043833 0.5381255169561622 0.4308571133167908 0.5368331265508686 0.4331834160463192 0.5360576923076923 0.43550971877584777 0.5360576923076923 0.436285153019024 0.537350082712986 0.4365436311000827 0.540193341604632 0.4365436311000827 0.5430366004962779 0.43602667493796526 0.5461383374689828 0.4357681968569065 0.549498552522746 0.4352512406947891 0.5523418114143921 0.4344758064516129 0.5554435483870968
0 0.6448769644334161 0.43809449958643504 0.6430676178660051 0.4316325475599669 0.6425506617038875 0.42982320099255583 0.6417752274607114 0.4274968982630273 0.6404828370554178 0.42542907361455745 0.6391904466501241 0.42310277088502896 0.638415012406948 0.42129342431761785 0.6391904466501241 0.4197425558312655 0.6404828370554178 0.4194840777502068 0.6420337055417701 0.4205179900744417 0.6435845740281224 0.4228442928039702 0.6451354425144749 0.42568755169561623 0.6461693548387097 0.427755376344086 0.6472032671629446 0.430598635235732 0.6482371794871795 0.4331834160463192 0.6492710918114144 0.43680210918114143 0.6497880479735318 0.43990384615384615 0.6492710918114144 0.44171319272125725 0.6482371794871795 0.44274710504549214 0.6466863110008272 0.44274710504549214 0.6464278329197685 0.4424886269644334
0 0.4166408188585608 0.056322373862696465 0.411729735318445 0.04986042183622831 0.40992038875103387 0.04701716294458232 0.40862799834574026 0.045466294458229965 0.40707712985938793 0.04391542597187761 0.40578473945409427 0.04133064516129035 0.4052677832919768 0.03874586435070308 0.4047508271298594 0.036936517783292 0.4047508271298594 0.034610215053763466 0.4039753928866832 0.03125000000000002 0.4034584367245657 0.028148263027295305 0.4037169148056245 0.026338916459884225 0.40552626137303555 0.026080438378825496 0.40707712985938793 0.026338916459884225 0.40836952026468154 0.02866521918941276 0.40862799834574026 0.03150847808105875 0.40914495450785776 0.034093258891646015 0.41017886683209265 0.036161083540115824 0.41121277915632753 0.03952129859387927 0.4122466914805624 0.04210607940446653 0.41405603804797353 0.04443238213399506 0.4161238626964433 0.04727564102564105 0.41819168734491313 0.05089433416046321 0.42000103391232424 0.053220636889991756 0.42155190239867657 0.055805417700579014 0.42206885856079407 0.058131720430107545 0.42206885856079407 0.06045802315963609 0.4205179900744417 0.06071650124069481 0.4187086435070306 0.05968258891645991
0 0.9134356906534327 0.3491780397022332 0.8999948304383788 0.3390973945409429 0.8862954921422664 0.327724358974359 0.8842276674937966 0.3261734904880066 0.8834522332506204 0.32462262200165426 0.8826767990074441 0.3233302315963606 0.8831937551695616 0.32152088502894954 0.884744623655914 0.32126240694789077 0.8878463606286187 0.3225547973531845 0.8912065756823822 0.32436414392059554 0.8958591811414393 0.3266904466501241 0.9010287427626138 0.33030913978494625 0.9054228701406121 0.3339278329197684 0.9144696029776676 0.34038978494623656 0.9170543837882548 0.3424576095947064 0.9201561207609594 0.3450423904052936 0.9217069892473119 0.346593258891646 0.9227409015715468 0.3476271712158809 0.9229993796526055 0.3478856492969396 0.9229993796526055 0.34943651778329193 0.9227409015715468 0.3512458643507031 0.9219654673283705 0.352279776674938 0.9201561207609594 0.3527967328370554 0.9180882961124897 0.3527967328370554
0 0.7208695202646815 0.37269954507857733 0.7118227874276262 0.36442824648469807 0.7061362696443342 0.3595171629445823 0.7045854011579818 0.35822477253928864 0.7043269230769231 0.35615694789081886 0.7056193134822167 0.35486455748552526 0.7066532258064516 0.35434760132340776 0.7087210504549214 0.35486455748552526 0.7113058312655087 0.3564154259718776 0.7136321339950373 0.35874172870140614 0.7159584367245658 0.36106803143093463 0.7213864764267991 0.36701302729528534 0.72526364764268 0.3708901985111662 0.7257806038047974 0.37269954507857733 0.7260390818858561 0.37450889164598844 0.7250051695616212 0.3755428039702233 0.7231958229942101 0.37528432588916455
0 0.8095275020678246 0.621355459057072 0.79220947063689 0.628851323407775 0.7896246898263027 0.6296267576509512 0.787556865177833 0.6301437138130688 0.7862644747725392 0.6301437138130688 0.784713606286187 0.6293682795698925 0.7839381720430108 0.6280758891645989 0.7839381720430108 0.6257495864350703 0.784713606286187 0.6226478494623656 0.7867814309346568 0.6208385028949546 0.7891077336641853 0.619546112489661 0.7937603391232424 0.6174782878411911 0.7968620760959471 0.6164443755169562 0.7991883788254756 0.6154104631927212 0.8028070719602979 0.6146350289495451 0.8051333746898263 0.6141180727874276 0.8087520678246486 0.6141180727874276 0.8105614143920596 0.6146350289495451 0.8123707609594707 0.6159274193548387 0.8128877171215881 0.6179952440033085 0.8121122828784119 0.6203215467328371
0 0.9299782878411911 0.5546681141439206 0.9191222084367247 0.5479476840363938 0.9111093879239041 0.5420026881720431 0.9059398263027295 0.5386424731182796 0.9043889578163772 0.537350082712986 0.9015456989247312 0.5363161703887511 0.8992193961952027 0.5352822580645161 0.8992193961952027 0.5337313895781638 0.8997363523573202 0.5329559553349876 0.9010287427626138 0.5326974772539289 0.9030965674110836 0.5332144334160464 0.9049059139784946 0.5342483457402812 0.9100754755996692 0.537350082712986 0.9186052522746072 0.5425196443341604 0.9276519851116626 0.5492400744416874 0.9361817617866006 0.5564774607113318 0.9356648056244831 0.5575113730355666 0.9335969809760133 0.5572528949545078
0 0.41017886683209265 0.9147280810587263 0.3964795285359802 0.9113678660049628 0.38381410256410253 0.9082661290322581 0.3812293217535153 0.907490694789082 0.3781275847808106 0.9061983043837883 0.3755428039702233 0.9051643920595533 0.37269954507857733 0.9033550454921423 0.37063172043010756 0.9020626550868486 0.37011476426799006 0.8999948304383788 0.37011476426799006 0.897927005789909 0.37063172043010756 0.8958591811414393 0.37269954507857733 0.8948252688172043 0.37528432588916455 0.8940498345740282 0.3791614971050455 0.8943083126550868 0.38407258064516125 0.8950837468982631 0.38846670802315963 0.8961176592224979 0.39622105045492145 0.8976685277088503 0.4081110421836228 0.9012872208436724 0.4119882133995037 0.9028380893300249 0.4156069065343259 0.9041304797353185 0.4194840777502068 0.9059398263027295 0.4223273366418528 0.9072322167080231 0.4238782051282051 0.9095585194375517 0.42413668320926384 0.9116263440860215 0.4236197270471464 0.9142111248966087 0.42258581472291146 0.9152450372208437 0.4205179900744417 0.9157619933829612 0.41741625310173697 0.9160204714640199 0.4156069065343259 0.9160204714640199
0 0.2594861455748553 0.6883012820512822 0.2522487593052109 0.6934708436724566 0.2442359387923904 0.6968310587262201 0.2419096360628619 0.6973480148883375 0.23906637717121587 0.6976064929693961 0.23648159636062863 0.6976064929693961 0.2331213813068652 0.6976064929693961 0.23182899090157155 0.6976064929693961 0.23053660049627792 0.6970895368072788 0.22976116625310175 0.6957971464019851 0.2302781224152192 0.6937293217535153 0.23131203473945408 0.6914030190239868 0.23260442514474772 0.6893351943755169 0.2344137717121588 0.6877843258891647 0.23648159636062863 0.6859749793217536 0.2382909429280397 0.6846825889164598 0.2403587675765095 0.6831317204301076 0.24294354838709678 0.6813223738626966 0.24630376344086022 0.6795130272952854 0.25043941273779985 0.676152812241522 0.2550920181968569 0.6735680314309348 0.2571598428453267 0.6727925971877585 0.25974462365591394 0.6717586848635235 0.26258788254756 0.6715002067824649 0.2656896195202647 0.6715002067824649 0.2669820099255583 0.6720171629445824 0.26749896608767576 0.6735680314309348 0.2677574441687345 0.6753773779983459 0.26749896608767576 0.6777036807278743 0.2662065756823821 0.680029983457403 0.2649141852770885 0.6820978081058726 0.26336331679073616 0.6841656327543425
0 0.10620864350703062 0.5513078990901572 0.10181451612903226 0.5407102977667494 0.10052212572373863 0.5365746484698097 0.09948821339950373 0.5339898676592225 0.09897125723738628 0.5308881306865177 0.09871277915632756 0.5267524813895782 0.09871277915632756 0.5233922663358147 0.099229735318445 0.5208074855252274 0.10052212572373863 0.5184811827956989 0.10233147229114972 0.517447270471464 0.10517473118279572 0.5171887923904053 0.10801799007444171 0.5177057485525227 0.11034429280397023 0.5205490074441687 0.11163668320926387 0.5236507444168734 0.11267059553349877 0.5267524813895782 0.11422146401985113 0.5301126964433416 0.11577233250620349 0.5339898676592225 0.11758167907361457 0.5376085607940447 0.11913254755996693 0.5414857320099257 0.12042493796526056 0.5445874689826303 0.12042493796526056 0.5474307278742764 0.11990798180314312 0.5500155086848636 0.11887406947890819 0.5531172456575683 0.11784015715467329 0.5554435483870968 0.11654776674937967 0.5572528949545078 0.11525537634408603 0.5582868072787428 0.11370450785773367 0.5588037634408602 0.11163668320926387 0.5582868072787428 0.10905190239867661 0.5564774607113318 0.10775951199338298 0.554409636062862
0 0.19512510339123243 0.3851064929693962 0.1902140198511166 0.3918269230769231 0.1858198924731183 0.3990643093465674 0.18452750206782467 0.40164909015715466 0.18271815550041356 0.40423387096774194 0.18142576509511996 0.4065601736972705 0.17987489660876757 0.40862799834574026 0.17806555004135652 0.4094034325889165 0.1762562034739454 0.40966191066997515 0.1741883788254756 0.4094034325889165 0.17237903225806453 0.40630169561621177 0.17237903225806453 0.4034584367245657 0.172895988420182 0.40035669975186106 0.1739299007444169 0.39751344086021506 0.17573924731182797 0.3938947477253929 0.17754859387923905 0.3910514888337469 0.17961641852770885 0.38794975186104214 0.18142576509511996 0.3851064929693962 0.18349358974358976 0.3822632340777502 0.186078370554177 0.37890301902398676 0.1878877171215881 0.3765767162944582 0.1899555417700579 0.3742504135649297 0.191764888337469 0.3724410669975186 0.19409119106699751 0.37063172043010756 0.19641749379652607 0.3695978081058726 0.19926075268817206 0.3693393300248139 0.2005531430934657 0.36985628618693134 0.20132857733664186 0.37166563275434245 0.20132857733664186 0.3737334574028122 0.20029466501240695 0.3765767162944582 0.19951923076923078 0.3781275847808106
0 0.04934346567411086 0.4321495037220844 0.045466294458229965 0.4378360215053763 0.04236455748552525 0.44223014888337464 0.04029673283705545 0.4445564516129032 0.03822890818858563 0.4463657981803143 0.036419561621174545 0.44765818858560796 0.03280086848635238 0.4486921009098428 0.030216087675765117 0.4486921009098428 0.02840674110835403 0.4481751447477254 0.0271143507030604 0.44559036393713813 0.027631306865177854 0.44145471464019853 0.029182175351530212 0.43602667493796526 0.03228391232423492 0.4308571133167908 0.036419561621174545 0.4246536393713813 0.03874586435070308 0.42155190239867657 0.03977977667493799 0.42000103391232424 0.04158912324234908 0.4189671215880893 0.04365694789081888 0.4176747311827957 0.045466294458229965 0.4168992969396195 0.04856803143093468 0.4161238626964433 0.05089433416046321 0.41586538461538464 0.052703680727874305 0.41586538461538464 0.054254549214226656 0.4166408188585608 0.055029983457402835 0.4187086435070306 0.054513027295285385 0.4207764681555004 0.053737593052109206 0.4236197270471464 0.052703680727874305 0.42723842018196856
0 0.33030913978494625 0.48901468155500416 0.32436414392059554 0.49444272125723737 0.32126240694789077 0.4967690239867659 0.3173852357320099 0.4996122828784119 0.31583436724565755 0.5009046732837056 0.31299110835401156 0.5032309760132341 0.3101478494623656 0.5047818444995864 0.30756306865177835 0.5058157568238213 0.3049782878411911 0.5058157568238213 0.3011011166253102 0.504264888337469 0.29980872622001653 0.5027140198511166 0.29903329197684037 0.5009046732837056 0.29903329197684037 0.498578370554177 0.2992917700578991 0.4965105459057072 0.300325682382134 0.49418424317617865 0.3018765508684863 0.4915994623655914 0.30342741935483875 0.48875620347394544 0.30471980976013235 0.4866883788254756 0.30678763440860213 0.48410359801488834 0.3093724152191894 0.48126033912324234 0.3122156741108354 0.47867555831265507 0.31635132340777505 0.4750568651778329 0.3194530603804797 0.47273056244830436 0.322037841191067 0.47117969396195203 0.3241056658395368 0.4701457816377171 0.3282413151364764 0.4688533912324235 0.3310845740281224 0.46833643507030603 0.33341087675765096 0.4688533912324235 0.33444478908188585 0.4706627377998346 0.3349617452440033 0.47273056244830436 0.335220223325062 0.4763492555831265 0.3349617452440033 0.47945099255583123 0.3336693548387097 0.4820357733664185 0.332376964433416 0.4851375103391232
0 0.47970947063689 0.3982888751033912 0.4822942514474773 0.39260235732009924 0.48487903225806456 0.3861404052936311 0.4879807692307692 0.38071236559139787 0.48901468155500416 0.37890301902398676 0.49004859387923905 0.3776106286186931 0.4905655500413565 0.3763182382133995 0.49108250620347393 0.37528432588916455 0.4915994623655914 0.3737334574028122 0.4915994623655914 0.37269954507857733 0.4905655500413565 0.3721825889164599 0.48849772539288666 0.37399193548387094 0.487205334987593 0.3763182382133995 0.48565446650124067 0.3783860628618693 0.48436207609594706 0.3804538875103391 0.482552729528536 0.38381410256410253 0.48151881720430106 0.3861404052936311 0.47996794871794873 0.38820822994210086 0.47867555831265507 0.3910514888337469 0.47686621174524396 0.39337779156327546 0.47583229942100913 0.39622105045492145 0.47453990901571547 0.3982888751033912 0.4742814309346567 0.3998397435897436 0.47557382133995035 0.40009822167080233 0.47712468982630274 0.3998397435897436
0 0.17367142266335817 0.1790994623655914 0.16695099255583126 0.17470533498759305 0.1612644747725393 0.16979425144747726 0.15609491315136476 0.16565860215053763 0.15273469809760132 0.16178143093465674 0.15144230769230768 0.1602305624483044 0.15066687344913152 0.15816273779983459 0.15014991728701407 0.15609491315136476 0.15014991728701407 0.1542855665839537 0.15066687344913152 0.15299317617866007 0.15170078577336643 0.15247622001654262 0.15376861042183623 0.15299317617866007 0.15583643507030603 0.1542855665839537 0.15790425971877584 0.15609491315136476 0.1633322994210091 0.15997208436724566 0.17367142266335817 0.16850186104218365 0.17961641852770885 0.1731544665012407 0.18142576509511996 0.1749638130686518 0.18323511166253104 0.17651468155500413 0.1847859801488834 0.1790994623655914 0.1840105459057072 0.18013337468982632 0.18245967741935484 0.18090880893300249 0.17961641852770885 0.18090880893300249 0.17651468155500413 0.18039185277088504
0 0.31092328370554173 0.2840415632754343 0.3054952440033085 0.28740177832919767 0.30342741935483875 0.28869416873449133 0.3008426385442515 0.28998655913978494 0.2992917700578991 0.29076199338296116 0.2977409015715467 0.29153742762613727 0.2964485111662531 0.29153742762613727 0.2951561207609595 0.28998655913978494 0.29541459884201815 0.2881772125723739 0.2969654673283706 0.2863678660049628 0.2982578577336642 0.2850754755996691 0.3008426385442515 0.2835246071133168 0.30342741935483875 0.28249069478908184 0.30704611248966085 0.28197373862696445 0.3096308933002481 0.2809398263027295 0.31092328370554173 0.2799059139784946 0.31299110835401156 0.27783808933002485 0.3148004549214226 0.27628722084367247 0.3166098014888338 0.2752533085194376 0.3189361042183623 0.27499483043837886 0.3210039288668321 0.2768041770057899 0.31997001654259716 0.27861352357320096 0.31764371381306866 0.2799059139784946 0.31454197684036395 0.2822322167080232
0 0.051458333333333335 0.005833333333333333 0.051666666666666666 0.0022916666666666667 0.05197916666666667 0.000625 0.06854166666666667 0.0005208333333333333 0.06531250000000001 0.0065625 0.060625000000000005 0.011875 0.05489583333333334 0.012395833333333333 0.05239583333333333 0.0103125 0.051250000000000004 0.0077083333333333335
0 0.717927326659251 0.19941138301816833 0.7243001483129403 0.1977892102335929 0.7361188357434186 0.20126529477196886 0.748169262143122 0.20798572487949574 0.7568594734890619 0.2128522432332221 0.7634640341119763 0.2188774564330738 0.766013162773452 0.2231646273637375 0.7645068594734891 0.22640897293288836 0.7561642565813868 0.22664071190211346 0.7484010011123471 0.22385984427141267 0.7421440489432702 0.22119484612532445 0.7259223210975158 0.21123007044864664 0.7195494994438264 0.2047413793103448 0.7166527623285132 0.20196051167964404
0 0.6669447534297368 0.06083147942157953 0.6592973674453096 0.056660177975528365 0.6450454208379681 0.0385845383759733 0.6375139043381535 0.025838895068594735 0.635659992584353 0.01865498702261772 0.6357758620689655 0.009964775676677789 0.641337597330367 0.013209121245828698 0.6493325917686318 0.024332591768631815 0.6597608453837597 0.03707823507601038 0.6662495365220615 0.045420837968112714 0.6687986651835373 0.04947626992955135 0.6693780126065999 0.055733222098628105 0.66984149054505 0.059556915090841676
0 0.9405208333333334 0.09354166666666666 0.9458333333333333 0.08927083333333334 0.9578125 0.08604166666666666 0.9673958333333333 0.084375 0.9797916666666667 0.0846875 0.9905208333333333 0.08854166666666667 0.9909374999999999 0.0903125 0.9905208333333333 0.091875 0.9875 0.09385416666666666 0.9742708333333333 0.09260416666666667 0.9678125000000001 0.09000000000000001 0.9544791666666667 0.09260416666666667 0.9448958333333334 0.0953125
0 0.9847876516773734 0.8866434689507495 0.983895431834404 0.8834091720199858 0.9850107066381156 0.8783904354032833 0.990698608137045 0.8721448965024982 0.9952712348322627 0.8670146324054248 0.9989583333333333 0.8654074356229067 0.9989583333333333 0.8830745895788722 0.9957173447537474 0.8859743040685225 0.9898063882940756 0.8875356887937188
0 0.8030208333333333 0.48843749999999997 0.8044791666666666 0.4846875 0.809375 0.4853125 0.8123958333333333 0.48791666666666667 0.8202083333333333 0.49593750000000003 0.8235416666666667 0.5025 0.8257291666666667 0.5125 0.8248958333333333 0.5154166666666666 0.8215625000000001 0.5158333333333334 0.8183333333333334 0.5145833333333333 0.8092708333333333 0.5025 0.8038541666666668 0.4926041666666666
0 0.9283333333333333 0.4716666666666667 0.925 0.46927083333333336 0.9190625 0.45687500000000003 0.919375 0.45249999999999996 0.9233333333333333 0.45395833333333335 0.9257291666666667 0.45895833333333336 0.9297916666666667 0.46770833333333334 0.9306249999999999 0.4711458333333333
0 0.9719791666666667 0.22177083333333333 0.9725 0.21843749999999998 0.9753124999999999 0.21729166666666666 0.9866666666666667 0.2175 0.9977083333333333 0.21802083333333336 0.9989583333333333 0.21846200980392158 0.9989583333333333 0.229375 0.9957291666666667 0.22916666666666666 0.9865625 0.22822916666666665 0.9746875 0.22395833333333334
0 0.8953900709219859 0.6394060283687943 0.9001920803782506 0.6449468085106383 0.8990839243498818 0.6541814420803783 0.8968676122931443 0.660830378250591 0.8920656028368795 0.6660017730496454 0.884308510638298 0.6708037825059102 0.8798758865248228 0.6737588652482269 0.8769208037825059 0.671911938534279 0.8769208037825059 0.6652630023640662 0.8820921985815603 0.657136524822695 0.8839391252955083 0.6527039007092199 0.8865248226950355 0.6467937352245863
0 0.5200530586766542 0.8684456928838952 0.5223938826466916 0.8668851435705368 0.5329275905118602 0.8641541822721598 0.5391697877652935 0.8633739076154807 0.5450218476903871 0.8625936329588015 0.5477528089887641 0.8618133583021224 0.5481429463171036 0.8719569288389514 0.5430711610486891 0.8922440699126092 0.5415106117353309 0.8973158551810237 0.5376092384519351 0.9012172284644195 0.5298064918851436 0.904338327091136 0.5227840199750312 0.9086298377028714 0.5181023720349563 0.9121410736579276 0.5095193508114856 0.9125312109862672 0.49352372034956304 0.9125312109862672 0.49157303370786515 0.9113607990012486 0.49157303370786515 0.9004369538077402 0.49469413233458176 0.8910736579275905 0.498205368289638 0.8824906367041199 0.5021067415730337 0.8746878901373284 0.5063982521847691 0.8707865168539326
0 0.017769607843137254 0.8474264705882353 0.02450980392156863 0.8498774509803921 0.03676470588235294 0.8535539215686274 0.044117647058823525 0.8553921568627452 0.052083333333333336 0.8584558823529412 0.06127450980392157 0.863970588235294 0.06495098039215687 0.8676470588235294 0.07107843137254902 0.8792892156862745 0.07598039215686274 0.8872549019607843 0.08149509803921569 0.8982843137254902 0.08455882352941176 0.9025735294117647 0.07659313725490197 0.9037990196078431 0.06372549019607844 0.9025735294117647 0.05330882352941177 0.8988970588235294 0.04840686274509804 0.897671568627451 0.03982843137254902 0.8933823529411764 0.03308823529411765 0.8872549019607843 0.02879901960784314 0.8780637254901962 0.02450980392156863 0.8688725490196079 0.020833333333333332 0.8615196078431373 0.016544117647058824 0.8535539215686274
0 0.03948007774538387 0.21106656948493682 0.04190962099125364 0.20651117589893098 0.0440354713313897 0.2022594752186589 0.05253887269193391 0.1983114674441205 0.05223517978620019 0.20195578231292516 0.05223517978620019 0.21045918367346939 0.0510204081632653 0.21440719144800777 0.04889455782312925 0.21805150631681244 0.04585762876579203 0.2216958211856171 0.043428085519922256 0.22534013605442174 0.04160592808551992 0.22776967930029152 0.03431729834791059 0.2344509232264334 0.030976676384839648 0.23657677356656948 0.02672497570456754 0.2371841593780369 0.023688046647230322 0.2368804664723032 0.023080660835762875 0.23505830903790087 0.023384353741496597 0.23171768707482993 0.024295432458697763 0.22959183673469388 0.027636054421768707 0.2259475218658892 0.032191448007774535 0.2201773566569485 0.03370991253644315 0.21683673469387754
