1 0.8295765027322405 0.18180783242258655 0.8233151183970856 0.17526183970856107 0.8216074681238617 0.17127732240437163 0.8204690346083789 0.16786202185792354 0.8196152094717669 0.16387750455373412 0.8190459927140256 0.16046220400728603 0.8184767759562842 0.15562386156648456 0.8176229508196722 0.15021630236794176 0.8173383424408015 0.14509335154826963 0.8173383424408015 0.14053961748633884 0.8187613843351549 0.13627049180327874 0.8201844262295083 0.1314321493624773 0.822176684881603 0.12716302367941718 0.824738160291439 0.1223246812386157 0.8278688524590164 0.11777094717668493 0.8315687613843352 0.1137864298724955 0.835268670309654 0.11094034608378875 0.8392531876138434 0.10894808743169403 0.8426684881602914 0.10780965391621135 0.8466530054644809 0.10752504553734067 0.8503529143897998 0.10780965391621135 0.8531989981785064 0.10923269581056472 0.8560450819672132 0.11293260473588347 0.8588911657559198 0.11720173041894359 0.8600295992714027 0.12118624772313301 0.8611680327868853 0.12602459016393447 0.8620218579234974 0.1302937158469946 0.8625910746812386 0.1345628415300547 0.8625910746812386 0.13883196721311478 0.8625910746812386 0.14338570127504557 0.862306466302368 0.14680100182149367 0.8617372495446266 0.15021630236794176 0.8611680327868853 0.15477003642987253 0.8600295992714027 0.1584699453551913 0.8586065573770493 0.16216985428051006 0.8568989071038252 0.16530054644808748 0.8546220400728598 0.16871584699453557 0.8523451730418945 0.17184653916211298 0.849214480874317 0.17497723132969037 0.8460837887067395 0.17753870673952646 0.8406762295081969 0.1803847905282332 0.8338456284153006 0.18209244080145723
1 0.720856102003643 0.1396857923497268 0.7217099271402551 0.1311475409836066 0.7228483606557378 0.1277322404371585 0.7245560109289618 0.12374772313296908 0.7265482695810566 0.11976320582877964 0.729678961748634 0.11720173041894359 0.7333788706739527 0.11435564663023684 0.7373633879781422 0.11236338797814212 0.7430555555555556 0.11008652094717672 0.7481785063752278 0.10923269581056472 0.7541552823315119 0.10894808743169403 0.759278233151184 0.10980191256830606 0.7644011839708561 0.11094034608378875 0.7712317850637523 0.1137864298724955 0.7766393442622951 0.11634790528233156 0.7814776867030966 0.1191939890710383 0.7857468123861566 0.1223246812386157 0.7897313296903461 0.12659380692167582 0.7940004553734062 0.13086293260473594 0.7962773224043717 0.13370901639344268 0.7982695810564664 0.1368397085610201 0.7996926229508198 0.1411088342440802 0.8005464480874317 0.146516393442623 0.8008310564663024 0.1507855191256831 0.8008310564663024 0.1561930783242259 0.8008310564663024 0.16216985428051006 0.7999772313296903 0.16586976320582883 0.7988387978142076 0.1692850637522769 0.7965619307832423 0.17270036429872498 0.7945696721311476 0.17497723132969037 0.7914389799635703 0.17782331511839714 0.7885928961748635 0.17953096539162117 0.7848929872495447 0.18123861566484523 0.7809084699453552 0.18237704918032793 0.7743624772313298 0.1835154826958106 0.7669626593806922 0.1838000910746813 0.7607012750455374 0.1838000910746813 0.7558629326047359 0.18294626593806926 0.7527322404371585 0.18180783242258655 0.7481785063752278 0.17953096539162117 0.7447632058287798 0.17753870673952646 0.7413479052823316 0.17526183970856107 0.7393556466302369 0.1738387978142077 0.7359403460837888 0.17156193078324228 0.7330942622950821 0.1692850637522769 0.729678961748634 0.16643897996357018 0.7271174863387979 0.16387750455373412 0.7256944444444445 0.16131602914389806 0.7228483606557378 0.15647768670309656 0.7214253187613845 0.15334699453551917 0.720856102003643 0.14964708561020043 0.720002276867031 0.14509335154826963
1 0.6633652094717669 0.23104508196721316 0.655396174863388 0.2270605646630237 0.6514116575591985 0.225068306010929 0.6479963570127505 0.22222222222222227 0.6448656648451732 0.2193761384335155 0.6425887978142077 0.21596083788706746 0.640596539162113 0.21226092896174867 0.6397427140255009 0.2085610200364299 0.6391734972677596 0.20429189435336978 0.638888888888889 0.19945355191256833 0.638888888888889 0.19319216757741353 0.638888888888889 0.18835382513661206 0.6397427140255009 0.1835154826958106 0.6408811475409837 0.1792463570127505 0.6420195810564664 0.17440801457194904 0.6434426229508198 0.1692850637522769 0.6457194899817851 0.16416211293260477 0.6485655737704918 0.15932377049180332 0.65198087431694 0.15562386156648456 0.6576730418943535 0.1522085610200365 0.6647882513661203 0.14907786885245905 0.6690573770491803 0.1476548269581057 0.6730418943533698 0.14708561020036434 0.6784494535519127 0.14708561020036434 0.6830031876138434 0.14793943533697637 0.6869877049180328 0.14993169398907108 0.6909722222222222 0.15334699453551917 0.6946721311475411 0.15704690346083794 0.6980874316939892 0.16131602914389806 0.7009335154826959 0.16586976320582883 0.7040642076502732 0.17099271402550095 0.7054872495446266 0.17611566484517308 0.7063410746812387 0.18408469945355196 0.706056466302368 0.18949225865209476 0.7046334244080146 0.19347677595628418 0.7034949908925319 0.19803051001821498 0.7017873406193079 0.20258424408014578 0.7003642987249545 0.20827641165755925 0.6986566484517305 0.2131147540983607 0.6963797814207651 0.21681466302367947 0.693818306010929 0.21994535519125688 0.6895491803278689 0.2239298724954463 0.6841416211293261 0.2276297814207651 0.680726320582878 0.22962204007285977 0.6770264116575593 0.23076047358834248 0.6721880692167578 0.2316142987249545 0.6679189435336976 0.23189890710382519
1 0.5429758652094718 0.32468123861566495 0.5369990892531876 0.31841985428051006 0.5355760473588342 0.3164275956284153 0.5338683970856103 0.3135815118397086 0.5321607468123862 0.31016621129326055 0.5301684881602915 0.3053278688524591 0.5287454462659381 0.30048952641165766 0.5278916211293261 0.2959357923497269 0.5273224043715847 0.2908128415300547 0.5267531876138434 0.2854052823315119 0.5264685792349727 0.28142076502732244 0.5264685792349727 0.2771516393442624 0.5264685792349727 0.27174408014571955 0.5267531876138434 0.2691826047358835 0.5278916211293261 0.26491347905282336 0.5295992714025501 0.2603597449908926 0.5315915300546449 0.2569444444444445 0.5344376138433516 0.25438296903460844 0.5369990892531876 0.2523907103825137 0.5401297814207651 0.2509676684881603 0.5432604735883425 0.24954462659380697 0.5455373406193079 0.24897540983606561 0.549806466302368 0.24869080145719497 0.5532217668488161 0.24869080145719497 0.5574908925318761 0.24982923497267764 0.561190801457195 0.251252276867031 0.564606102003643 0.25324453551912574 0.5680214025500911 0.2563752276867031 0.5708674863387979 0.2606443533697632 0.573428961748634 0.26605191256830607 0.5757058287795993 0.27145947176684887 0.5768442622950821 0.275728597449909 0.5785519125683061 0.2831284153005465 0.5794057377049181 0.2885359744990893 0.5799749544626595 0.2936589253187615 0.5799749544626595 0.2990664845173043 0.5799749544626595 0.3044740437158471 0.5796903460837888 0.30874316939890717 0.5785519125683061 0.31244307832422596 0.5774134790528234 0.31557377049180335 0.5757058287795993 0.3195582877959928 0.5737135701275046 0.32211976320582886 0.5708674863387979 0.32439663023679427 0.5685906193078325 0.32638888888888895 0.5651753187613845 0.32838114754098363 0.561190801457195 0.329804189435337 0.5580601092896175 0.33037340619307837 0.5540755919854281 0.33037340619307837 0.55066029143898 0.3300887978142077 0.5466757741347906 0.32838114754098363
1 0.4763775045537341 0.3238274134790529 0.46897768670309664 0.3181352459016394 0.46641621129326055 0.3152891621129327 0.4644239526411658 0.31187386156648456 0.46214708561020046 0.3084585610200365 0.4604394353369764 0.3050432604735884 0.45873178506375234 0.301058743169399 0.45702413479052834 0.29707422586520954 0.4558857012750456 0.29308970856102007 0.4556010928961749 0.28796675774134795 0.4556010928961749 0.28198998178506385 0.4558857012750456 0.27544398907103834 0.45617030965391625 0.2706056466302369 0.45730874316939896 0.26662112932604737 0.45958561020036437 0.2623520036429873 0.4632855191256831 0.2603597449908926 0.4672700364298726 0.25836748633879786 0.4706853369763207 0.2563752276867031 0.4743852459016394 0.25495218579234974 0.4795081967213115 0.25466757741347906 0.48377732240437166 0.25523679417122047 0.48662340619307837 0.2566598360655738 0.4900387067395265 0.2580828779599272 0.49487704918032793 0.2606443533697632 0.498292349726776 0.26292122040072863 0.5017076502732241 0.26605191256830607 0.5039845173041895 0.2697518214936248 0.5065459927140256 0.27459016393442626 0.5085382513661203 0.27971311475409844 0.509676684881603 0.2862591074681239 0.5108151183970857 0.29308970856102007 0.511384335154827 0.2984972677595629 0.5116689435336977 0.30276639344262307 0.5116689435336977 0.30646630236794176 0.511384335154827 0.3098816029143899 0.510530510018215 0.3135815118397086 0.5085382513661203 0.31699681238615673 0.5059767759562842 0.3195582877959928 0.5028460837887068 0.3226889799635702 0.5002846083788708 0.32468123861566495 0.49686930783242267 0.3258196721311476 0.4928847905282332 0.32610428051001833 0.4891848816029144 0.32610428051001833 0.48520036429872504 0.3258196721311476 0.48150045537340624 0.32468123861566495
1 0.483492714025501 0.21909153005464485 0.47324681238615673 0.21169171220400734 0.4715391621129327 0.21055327868852464 0.4684084699453553 0.20827641165755925 0.46527777777777785 0.20543032786885249 0.4618624772313298 0.2022996357012751 0.45901639344262296 0.19859972677595633 0.4558857012750456 0.1943306010928962 0.4553164845173043 0.19063069216757747 0.4547472677595629 0.18607695810564667 0.45446265938069225 0.18266165755919858 0.45446265938069225 0.1781079234972678 0.45446265938069225 0.17440801457194904 0.4550318761384336 0.17127732240437163 0.4564549180327869 0.16757741347905286 0.458162568306011 0.16444672131147545 0.4604394353369764 0.16216985428051006 0.4632855191256831 0.16017759562841535 0.46670081967213123 0.15818533697632062 0.4701161202185793 0.15704690346083794 0.4752390710382514 0.15647768670309656 0.4797928051001822 0.15647768670309656 0.48491575591985436 0.15818533697632062 0.4889002732240438 0.159608378870674 0.4926001821493625 0.16188524590163939 0.49573087431693996 0.16416211293260477 0.4988615664845174 0.1672928051001822 0.5017076502732241 0.17013888888888892 0.5051229508196722 0.17326958105646634 0.5082536429872496 0.1769694899817851 0.511384335154827 0.1803847905282332 0.5136612021857924 0.1838000910746813 0.5159380692167578 0.18721539162112938 0.5173611111111112 0.19063069216757747 0.5176457194899818 0.19518442622950824 0.5179303278688525 0.19945355191256833 0.5179303278688525 0.20400728597449913 0.5173611111111112 0.20742258652094722 0.5159380692167578 0.21140710382513667 0.5142304189435338 0.2142531876138434 0.511384335154827 0.21738387978142082 0.5085382513661203 0.2196607468123862 0.5054075591985429 0.2205145719489982 0.4991461748633881 0.22108378870673956 0.49487704918032793 0.22136839708561024 0.4914617486338798 0.22136839708561024 0.4871926229508198 0.22108378870673956
1 0.5278916211293261 0.16330828779599274 0.5256147540983608 0.16273907103825141 0.5199225865209472 0.15932377049180332 0.5167918943533698 0.15676229508196726 0.5133765938069217 0.1542008196721312 0.5110997267759563 0.1507855191256831 0.5079690346083789 0.14594717668488164 0.5056921675774135 0.1411088342440802 0.5039845173041895 0.1368397085610201 0.5017076502732241 0.1311475409836066 0.5005692167577415 0.12659380692167582 0.4994307832422587 0.12118624772313301 0.4985769581056467 0.11606329690346089 0.49772313296903464 0.11037112932604741 0.497438524590164 0.10524817850637527 0.4980077413479053 0.10012522768670314 0.4991461748633881 0.09557149362477237 0.5002846083788708 0.0907331511839709 0.5025614754098362 0.08731785063752281 0.5051229508196722 0.0841871584699454 0.5076844262295083 0.08191029143898002 0.511384335154827 0.07991803278688529 0.5147996357012751 0.0787795992714026 0.5182149362477232 0.07821038251366125 0.5224840619307833 0.07792577413479057 0.5264685792349727 0.07792577413479057 0.5295992714025501 0.07849499089253192 0.5338683970856103 0.07963342440801462 0.536714480874317 0.08077185792349731 0.5404143897996357 0.08276411657559204 0.5429758652094718 0.08504098360655742 0.5469603825136613 0.08902550091074686 0.5509448998178507 0.09329462659380698 0.5532217668488161 0.09699453551912574 0.5557832422586522 0.10183287795992718 0.5586293260473589 0.10780965391621135 0.5606215846994537 0.11321721311475415 0.5626138433515483 0.11947859744990898 0.5637522768670311 0.12431693989071044 0.5643214936247724 0.12972449908925324 0.5643214936247724 0.1357012750455374 0.5640368852459017 0.13997040072859748 0.5631830601092898 0.14452413479052828 0.5620446265938069 0.1487932604735884 0.5606215846994537 0.15306238615664852 0.5586293260473589 0.15790072859744997 0.5557832422586522 0.16103142076502736 0.552367941712204 0.16387750455373412 0.5483834244080146 0.16672358834244083 0.5449681238615666 0.16700819672131154 0.5401297814207651 0.16672358834244083 0.5341530054644809 0.16530054644808748
1 0.5609061930783242 0.07052595628415306 0.5517987249544627 0.06597222222222227 0.5478142076502732 0.06426457194899822 0.5446835154826959 0.06227231329690351 0.5404143897996357 0.0591416211293261 0.537568306010929 0.05629553734061935 0.5332991803278689 0.0514571948998179 0.5295992714025501 0.04633424408014577 0.5267531876138434 0.041495901639344315 0.5239071038251367 0.0372267759562842 0.521914845173042 0.032957650273224094 0.52106102003643 0.027265482695810618 0.52106102003643 0.021857923497267808 0.5221994535519127 0.015027322404371634 0.523622495446266 0.010473588342440852 0.5241917122040074 0.008765938069216809 0.5284608378870674 0.003642987249544678 0.5313069216757742 0.0016507285974499608 0.5648907103825137 0.0010815118397086126 0.5677367941712205 0.0019353369763206345 0.5722905282331513 0.0050660291438980485 0.5742827868852459 0.007058287795992766 0.5771288706739527 0.00961976320582883 0.5805441712204008 0.012750455373406244 0.5836748633879782 0.015881147540983655 0.5873747723132969 0.019865664845173093 0.589936247723133 0.023565573770491854 0.592497723132969 0.028119307832422634 0.5942053734061932 0.03238843351548275 0.5953438069216759 0.03694216757741353 0.5961976320582879 0.041495901639344315 0.5964822404371585 0.046618852459016445 0.5964822404371585 0.05117258652094723 0.5950591985428051 0.05487249544626598 0.5927823315118398 0.05885701275045542 0.5902208561020037 0.061987704918032835 0.5870901639344264 0.06540300546448093 0.5828210382513661 0.06767987249544632 0.5791211293260474 0.06938752276867036 0.5745673952641166 0.0710951730418944 0.5694444444444445 0.07223360655737711 0.5657445355191257 0.07251821493624777
1 0.6525500910746813 0.058287795992714074 0.6525500910746813 0.0514571948998179 0.6525500910746813 0.04861111111111116 0.6525500910746813 0.0449112021857924 0.6525500910746813 0.04121129326047364 0.653688524590164 0.0383652094717669 0.6551115664845174 0.03494990892531881 0.6579576502732241 0.03125000000000005 0.6616575591985429 0.027265482695810618 0.6664959016393442 0.023565573770491854 0.6719034608378871 0.02157331511839714 0.680726320582878 0.02100409836065579 0.6864184881602914 0.021857923497267808 0.691256830601093 0.02271174863387983 0.6963797814207651 0.0241347905282332 0.7020719489981785 0.025842440801457246 0.7074795081967213 0.028119307832422634 0.7117486338797814 0.02982695810564668 0.7148793260473589 0.031534608378870725 0.7180100182149364 0.03352686703096544 0.7202868852459017 0.035519125683060156 0.7228483606557378 0.03893442622950825 0.7248406193078325 0.0437727686703097 0.7259790528233151 0.04747267759562846 0.7265482695810566 0.053164845173041944 0.7265482695810566 0.0580031876138434 0.7256944444444445 0.06255692167577419 0.7239867941712205 0.06625683060109294 0.7222791438979964 0.06938752276867036 0.7197176684881603 0.07337204007285979 0.717440801457195 0.07650273224043722 0.7140255009107469 0.07963342440801462 0.7106102003642988 0.08191029143898002 0.70691029143898 0.08333333333333338 0.7023565573770493 0.08475637522768675 0.6986566484517305 0.08504098360655742 0.693818306010929 0.08504098360655742 0.6881261384335156 0.08447176684881609 0.6844262295081969 0.08390255009107474 0.6804417122040074 0.08276411657559204 0.6770264116575593 0.08134107468123866 0.6738957194899818 0.07934881602914395 0.6713342440801457 0.07764116575591991 0.6679189435336976 0.07564890710382519 0.6639344262295083 0.07308743169398912 0.6608037340619308 0.07052595628415306 0.6579576502732241 0.06739526411657563 0.6551115664845174 0.06369535519125688
1 0.7447632058287798 0.048326502732240484 0.7430555555555556 0.04576502732240442 0.7385018214936248 0.03921903460837892 0.7367941712204008 0.03608834244080151 0.7353711293260474 0.03352686703096544 0.733948087431694 0.02982695810564668 0.7330942622950821 0.023850182149362527 0.7333788706739527 0.019296448087431743 0.7353711293260474 0.016165755919854332 0.7390710382513661 0.011612021857923548 0.7424863387978142 0.008196721311475462 0.7535860655737705 0.0002276867030965909 0.8090846994535519 0.0010815118397086126 0.8144922586520947 0.003927595628415352 0.8179075591985429 0.006204462659380744 0.8216074681238617 0.00961976320582883 0.824738160291439 0.01388888888888894 0.8272996357012751 0.01901183970856107 0.8287226775956285 0.022996357012750504 0.8298611111111112 0.028119307832422634 0.8304303278688525 0.03267304189435342 0.8304303278688525 0.03608834244080151 0.8295765027322405 0.040357468123861616 0.8281534608378871 0.04405737704918038 0.8267304189435337 0.04747267759562846 0.8250227686703098 0.050318761384335206 0.8224612932604737 0.05344945355191262 0.8198998178506376 0.05601092896174868 0.8153460837887069 0.0580031876138434 0.8105077413479054 0.05999544626593812 0.8033925318761385 0.06113387978142081 0.7988387978142076 0.061987704918032835 0.7942850637522769 0.06255692167577419 0.78716985428051 0.06312613843351553 0.7814776867030966 0.06312613843351553 0.7755009107468124 0.06312613843351553 0.7695241347905283 0.061987704918032835 0.7638319672131147 0.06028005464480879 0.7558629326047359 0.057149362477231375 0.7524476320582879 0.05544171220400733 0.7501707650273224 0.0537340619307833
1 0.9351662112932605 0.025842440801457246 0.9246357012750456 0.019865664845173093 0.9212204007285975 0.017304189435337024 0.91808970856102 0.013604280510018267 0.9149590163934427 0.009904371584699504 0.9126821493624774 0.0056352459016393965 0.9109744990892532 0.0007969034608379388 0.912966757741348 0.0005122950819672647 0.979280510018215 0.0005122950819672647 0.9775728597449909 0.0059198542805100705 0.9770036429872495 0.008481329690346134 0.9758652094717669 0.010758196721311527 0.9741575591985429 0.014173497267759615 0.9727345173041895 0.016450364298725005 0.9684653916211293 0.019865664845173093 0.9650500910746813 0.021857923497267808 0.9613501821493625 0.02328096539162118 0.9585040983606558 0.0241347905282332 0.9553734061930784 0.0252732240437159 0.951388888888889 0.025842440801457246 0.9462659380692169 0.02612704918032792 0.9411429872495447 0.02612704918032792
1 0.39754098360655743 0.16416211293260477 0.3901411657559199 0.15932377049180332 0.38757969034608386 0.15647768670309656 0.38473360655737715 0.15334699453551917 0.38245673952641174 0.14964708561020043 0.3793260473588343 0.14480874316939893 0.37733378870673956 0.1402550091074682 0.3764799635701276 0.13598588342440807 0.37562613843351556 0.13200136612021862 0.3753415300546449 0.12744763205828785 0.37505692167577415 0.1223246812386157 0.37505692167577415 0.11976320582877964 0.3761953551912569 0.11094034608378875 0.3776183970856103 0.10638661202185797 0.3793260473588343 0.10183287795992718 0.38131830601092903 0.09756375227686707 0.38331056466302377 0.09329462659380698 0.3855874316939891 0.08987932604735889 0.3887181238615665 0.08617941712204011 0.39184881602914395 0.08390255009107474 0.39583333333333337 0.08247950819672135 0.40095628415300555 0.08191029143898002 0.4055100182149363 0.08191029143898002 0.40949453551912574 0.08304872495446271 0.4134790528233152 0.08475637522768675 0.4177481785063753 0.08703324225865214 0.42116347905282336 0.08987932604735889 0.4242941712204008 0.09244080145719495 0.4268556466302369 0.09614071038251372 0.4285632969034609 0.0995560109289618 0.4297017304189436 0.10354052823315123 0.4305555555555556 0.10752504553734067 0.431124772313297 0.11236338797814212 0.431978597449909 0.11777094717668493 0.432832422586521 0.12289389799635705 0.4334016393442624 0.1277322404371585 0.43311703096539167 0.1314321493624773 0.431978597449909 0.1357012750455374 0.431124772313297 0.1396857923497268 0.43027094717668496 0.14281648451730425 0.42941712204007293 0.14594717668488164 0.4282786885245902 0.14907786885245905 0.4260018214936248 0.15334699453551917 0.4234403460837888 0.15647768670309656 0.4203096539162114 0.15932377049180332 0.4149020947176686 0.16245446265938074 0.41063296903460844 0.16387750455373412 0.405794626593807 0.16473132969034615 0.4006716757741348 0.16444672131147545
1 0.342042349726776 0.25523679417122047 0.33065801457194904 0.24755236794171226 0.32752732240437166 0.2447062841530055 0.3241120218579236 0.24015255009107472 0.32211976320582886 0.23559881602914393 0.31841985428051006 0.21909153005464485 0.31785063752276876 0.21453779599271405 0.3175660291438981 0.20913023679417128 0.3175660291438981 0.20372267759562845 0.31785063752276876 0.19717668488160295 0.31984289617486344 0.1914845173041895 0.3226889799635702 0.18550774134790532 0.32638888888888895 0.18066939890710387 0.33065801457194904 0.17611566484517308 0.3360655737704919 0.17156193078324228 0.34061930783242267 0.16871584699453557 0.34375000000000006 0.1672928051001822 0.34915755919854286 0.1672928051001822 0.3531420765027323 0.1684312386156649 0.3576958105646631 0.1724157559198543 0.3616803278688525 0.1758310564663024 0.36594945355191266 0.17953096539162117 0.36908014571949005 0.18294626593806926 0.3710724043715848 0.1869307832422587 0.37278005464480884 0.19205373406193083 0.3747723132969035 0.19689207650273227 0.37591074681238623 0.20144581056466307 0.3767645719489982 0.20628415300546452 0.3770491803278689 0.21226092896174867 0.3770491803278689 0.21880692167577417 0.3767645719489982 0.22478369763205833 0.37562613843351556 0.22933743169398912 0.3739184881602915 0.2350295992714026 0.37164162112932614 0.24072176684881608 0.36908014571949005 0.24556010928961752 0.36538023679417125 0.2492600182149363 0.3608265027322405 0.2526753187613844 0.35570355191256836 0.25409836065573776 0.34915755919854286 0.2555214025500911 0.3454576502732241 0.25580601092896177
1 0.27402094717668496 0.2802823315118398 0.2677595628415301 0.27316712204007293 0.2654826958105647 0.26861338797814216 0.26377504553734066 0.2632058287795993 0.2623520036429873 0.2563752276867031 0.2612135701275046 0.250398451730419 0.2606443533697632 0.24442167577413484 0.2603597449908926 0.2370218579234973 0.2612135701275046 0.2304758652094718 0.2623520036429873 0.22620673952641168 0.26405965391621133 0.2207991803278689 0.26605191256830607 0.2165300546448088 0.26889799635701284 0.21226092896174867 0.2711748633879782 0.20913023679417128 0.27402094717668496 0.20742258652094722 0.27686703096539167 0.2057149362477232 0.2799977231329691 0.20543032786885249 0.28512067395264123 0.20543032786885249 0.2885359744990893 0.20599954462659384 0.29166666666666674 0.20799180327868858 0.29394353369763215 0.2108378870673953 0.2962204007285975 0.21510701275045543 0.2996357012750456 0.22136839708561024 0.301912568306011 0.22677595628415306 0.3041894353369764 0.2316142987249545 0.30589708561020046 0.23559881602914393 0.3076047358834245 0.23958333333333337 0.30902777777777785 0.24385245901639346 0.3098816029143899 0.24755236794171226 0.31045081967213123 0.25210610200364303 0.3107354280510019 0.25609061930783245 0.30959699453551914 0.2606443533697632 0.3076047358834245 0.2654826958105647 0.3047586520947177 0.2703210382513662 0.30276639344262307 0.27316712204007293 0.301058743169399 0.275728597449909 0.2990664845173043 0.27829007285974505 0.2965050091074682 0.28056693989071047 0.29308970856102007 0.2828438069216758 0.2891051912568307 0.2834130236794172 0.28113615664845176 0.28369763205828785 0.2762978142076503 0.2831284153005465
1 0.2165300546448088 0.2526753187613844 0.21396857923497273 0.2603597449908926 0.21283014571949002 0.26292122040072863 0.21140710382513667 0.2657673041894354 0.2096994535519126 0.26889799635701284 0.20799180327868858 0.2703210382513662 0.20543032786885249 0.2723132969034609 0.20286885245901642 0.2734517304189436 0.20002276867030971 0.27430555555555564 0.19717668488160295 0.2737363387978143 0.19376138433515486 0.2708902550091076 0.19205373406193083 0.2680441712204008 0.1900614754098361 0.264344262295082 0.18835382513661206 0.2606443533697632 0.18664617486338803 0.25722905282331515 0.184938524590164 0.25381375227686703 0.1835154826958106 0.2501138433515483 0.18237704918032793 0.2458447176684882 0.18209244080145723 0.24299863387978146 0.18209244080145723 0.23901411657559202 0.18294626593806926 0.2350295992714026 0.18408469945355196 0.2304758652094718 0.18579234972677602 0.22677595628415306 0.18835382513661206 0.2230760473588343 0.19176912568306015 0.21880692167577417 0.19546903460837892 0.21539162112932608 0.1977459016393443 0.2142531876138434 0.20002276867030971 0.21368397085610205 0.20343806921675778 0.2142531876138434 0.20685336976320587 0.21567622950819676 0.2085610200364299 0.21795309653916214 0.21055327868852464 0.2216530054644809 0.21254553734061937 0.22592213114754103 0.2142531876138434 0.23104508196721316 0.21539162112932608 0.23588342440801463 0.21596083788706746 0.24100637522768675 0.2162454462659381 0.24527550091074687 0.2162454462659381 0.24982923497267764
1 0.37818761384335164 0.3457422586520948 0.3761953551912569 0.3357809653916212 0.3753415300546449 0.33179644808743175 0.3747723132969035 0.327242714025501 0.37448770491803285 0.3226889799635702 0.37420309653916217 0.3181352459016394 0.3739184881602915 0.31272768670309664 0.37420309653916217 0.3081739526411658 0.37562613843351556 0.3030510018214937 0.3770491803278689 0.2987818761384336 0.3793260473588343 0.29451275045537345 0.3830259562841531 0.29052823315118403 0.3867258652094719 0.28739754098360665 0.39213342440801463 0.28369763205828785 0.39725637522768675 0.28142076502732244 0.4018101092896176 0.28113615664845176 0.4072176684881603 0.28142076502732244 0.41034836065573776 0.2834130236794172 0.41319444444444453 0.28597449908925326 0.41575591985428056 0.28882058287796003 0.41860200364298733 0.29337431693989074 0.42116347905282336 0.29707422586520954 0.4240095628415301 0.3016279599271403 0.4265710382513662 0.30646630236794176 0.4285632969034609 0.3113046448087432 0.43084016393442626 0.3164275956284153 0.431978597449909 0.3206967213114755 0.4334016393442624 0.3255350637522769 0.4342554644808744 0.33065801457194904 0.4342554644808744 0.33549635701275055 0.4339708561020037 0.34061930783242267 0.4334016393442624 0.3443192167577414 0.431978597449909 0.3477345173041895 0.43027094717668496 0.3517190346083789 0.42770947176684887 0.35712659380692174 0.42571721311475413 0.3608265027322405 0.4242941712204008 0.36367258652094725 0.42230191256830607 0.36566484517304193 0.4174635701275046 0.367372495446266 0.41034836065573776 0.3687955373406194 0.40636384335154835 0.36794171220400734 0.39981785063752284 0.36623406193078334 0.3949795081967214 0.36481102003642996 0.3912795992714026 0.3628187613843352 0.3870104735883425 0.3588342440801458 0.3835951730418944 0.3545651183970857 0.38103369763205835 0.35029599271402556
1 0.25979052823315124 0.146516393442623 0.2526753187613844 0.14167805100182154 0.2501138433515483 0.13854735883424413 0.24812158469945358 0.1365551001821494 0.2458447176684882 0.13399362477231333 0.24328324225865214 0.13057832422586527 0.24100637522768675 0.12630919854280515 0.23901411657559202 0.12090163934426235 0.2378756830601093 0.11634790528233156 0.23730646630236799 0.11179417122040076 0.23730646630236799 0.10695582877959932 0.23730646630236799 0.10297131147540987 0.2378756830601093 0.09870218579234978 0.23929872495446272 0.09329462659380698 0.24072176684881608 0.08874089253187618 0.24328324225865214 0.08304872495446271 0.24669854280510023 0.07564890710382519 0.24869080145719497 0.07081056466302373 0.2509676684881603 0.0668260473588343 0.25295992714025506 0.06426457194899822 0.25523679417122047 0.061987704918032835 0.2577982695810565 0.06028005464480879 0.2606443533697632 0.0591416211293261 0.26491347905282336 0.05857240437158475 0.2691826047358835 0.05857240437158475 0.27402094717668496 0.05971083788706744 0.2799977231329691 0.06141848816029149 0.28483606557377056 0.0634107468123862 0.28882058287796003 0.06597222222222227 0.29252049180327877 0.06967213114754103 0.29565118397085616 0.07394125683060114 0.2987818761384336 0.07934881602914395 0.301058743169399 0.0864640255009108 0.301912568306011 0.09158697632058294 0.30248178506375234 0.09670992714025504 0.30276639344262307 0.10097905282331517 0.3030510018214937 0.1061020036429873 0.30276639344262307 0.11037112932604741 0.301912568306011 0.11606329690346089 0.30077413479052834 0.12147085610200369 0.2987818761384336 0.12716302367941718 0.2962204007285975 0.13200136612021862 0.29308970856102007 0.1368397085610201 0.2893897996357014 0.1411088342440802 0.28512067395264123 0.1442395264116576 0.2780054644808744 0.14680100182149367 0.27259790528233163 0.14793943533697637 0.26946721311475413 0.14793943533697637 0.2654826958105647 0.14737021857923502
1 0.11862477231329695 0.1903460837887068 0.1115095628415301 0.18550774134790532 0.10809426229508201 0.18123861566484523 0.10439435336976326 0.1738387978142077 0.10268670309653921 0.16586976320582883 0.10268670309653921 0.16017759562841535 0.10268670309653921 0.15135473588342446 0.10297131147540987 0.14224726775956287 0.10410974499089258 0.13285519125683065 0.10581739526411663 0.12431693989071044 0.10752504553734067 0.11834016393442628 0.10923269581056472 0.11663251366120224 0.11207877959927146 0.1149248633879782 0.11520947176684886 0.1137864298724955 0.12061703096539166 0.11350182149362481 0.12716302367941718 0.11407103825136616 0.13057832422586527 0.11520947176684886 0.134278233151184 0.11720173041894359 0.1368397085610201 0.11976320582877964 0.13940118397085616 0.1223246812386157 0.14196265938069222 0.1257399817850638 0.14452413479052828 0.12972449908925324 0.146516393442623 0.133424408014572 0.14793943533697637 0.1376935336976321 0.14907786885245905 0.14196265938069222 0.14993169398907108 0.14594717668488164 0.1507855191256831 0.14993169398907108 0.15135473588342446 0.15590846994535523 0.1516393442622951 0.16131602914389806 0.1516393442622951 0.16586976320582883 0.1510701275045538 0.17099271402550095 0.14964708561020043 0.1758310564663024 0.14737021857923502 0.18010018214936252 0.14367030965391628 0.18465391621129332 0.13940118397085616 0.1880692167577414 0.1357012750455374 0.18977686703096544 0.1311475409836066 0.1914845173041895 0.12659380692167582 0.19176912568306015
1 0.06739526411657563 0.18664617486338803 0.0591416211293261 0.18266165755919858 0.05743397085610205 0.17953096539162117 0.05515710382513666 0.1758310564663024 0.053164845173041944 0.17070810564663028 0.051741803278688575 0.16672358834244083 0.05088797814207655 0.16359289617486344 0.050318761384335206 0.16046220400728603 0.04974954462659386 0.15562386156648456 0.04918032786885251 0.1487932604735884 0.04918032786885251 0.1411088342440802 0.04946493624772318 0.13370901639344268 0.05003415300546453 0.1288706739526412 0.05060336976320588 0.12403233151183975 0.05231102003642992 0.11834016393442628 0.05515710382513666 0.1126479963570128 0.058287795992714074 0.10923269581056472 0.06227231329690351 0.1061020036429873 0.06654143897996362 0.10467896174863392 0.07308743169398912 0.10439435336976326 0.07821038251366125 0.10439435336976326 0.08219489981785069 0.10667122040072866 0.08475637522768675 0.11008652094717672 0.08731785063752281 0.11549408014571955 0.08931010928961754 0.12204007285974504 0.09158697632058294 0.12830145719489985 0.09386384335154832 0.13513205828779604 0.09500227686703101 0.1408242258652095 0.09585610200364303 0.14680100182149367 0.09642531876138438 0.15334699453551917 0.09670992714025504 0.1584699453551913 0.09670992714025504 0.1630236794171221 0.09614071038251372 0.16757741347905286 0.09585610200364303 0.17270036429872498 0.09500227686703101 0.17753870673952646 0.09471766848816034 0.18123861566484523 0.09443306010928967 0.1838000910746813 0.09301001821493629 0.18607695810564667 0.0907331511839709 0.18750000000000003 0.08874089253187618 0.1892076502732241 0.08589480874316945 0.1903460837887068 0.08304872495446271 0.1911999089253188 0.0787795992714026 0.19063069216757747 0.07308743169398912 0.18949225865209476
1 0.06113387978142081 0.33435792349726784 0.04946493624772318 0.3300887978142077 0.045480418943533746 0.32781193078324233 0.04092668488160297 0.32496584699453557 0.03694216757741353 0.3215505464480875 0.03324225865209477 0.3181352459016394 0.030111566484517353 0.3147199453551913 0.02783469945355196 0.3115892531876139 0.026411657559198595 0.30902777777777785 0.0241347905282332 0.3047586520947177 0.023565573770491854 0.30134335154826963 0.023565573770491854 0.2962204007285975 0.023850182149362527 0.2899590163934427 0.02470400728597455 0.28512067395264123 0.02669626593806927 0.2799977231329691 0.028688524590163984 0.2780054644808744 0.03267304189435342 0.276582422586521 0.036657559198542855 0.27544398907103834 0.041495901639344315 0.274874772313297 0.04604963570127509 0.274874772313297 0.05003415300546453 0.2760132058287797 0.05344945355191262 0.2777208561020037 0.05771857923497273 0.27971311475409844 0.06141848816029149 0.28198998178506385 0.0668260473588343 0.28597449908925326 0.07081056466302373 0.2893897996357014 0.07451047358834248 0.2928051001821494 0.07792577413479057 0.2962204007285975 0.08162568306010934 0.3002049180327869 0.0841871584699454 0.30333561020036437 0.08731785063752281 0.3081739526411658 0.08874089253187618 0.31187386156648456 0.08987932604735889 0.3152891621129327 0.09101775956284158 0.31870446265938074 0.09158697632058294 0.32211976320582886 0.09158697632058294 0.3255350637522769 0.09158697632058294 0.32895036429872504 0.0907331511839709 0.3315118397085611 0.08874089253187618 0.3337887067395265 0.08589480874316945 0.33492714025500914 0.08134107468123866 0.3357809653916212 0.07650273224043722 0.3360655737704919 0.07223360655737711 0.3360655737704919 0.06767987249544632 0.3352117486338798 0.06426457194899822 0.3346425318761385 0.06397996357012756 0.3346425318761385
1 0.19262295081967215 0.02755009107468129 0.19091530054644812 0.036657559198542855 0.18977686703096544 0.03978825136612027 0.1880692167577414 0.04291894353369768 0.18579234972677602 0.046618852459016445 0.18323087431693993 0.050318761384335206 0.17981557377049187 0.0537340619307833 0.17469262295081972 0.05771857923497273 0.17184653916211298 0.0591416211293261 0.16814663023679424 0.05999544626593812 0.1630236794171221 0.05999544626593812 0.15932377049180332 0.05971083788706744 0.15562386156648456 0.0591416211293261 0.15249316939890714 0.0580031876138434 0.14708561020036434 0.054303278688524644 0.14367030965391628 0.05003415300546453 0.13911657559198548 0.0437727686703097 0.13598588342440807 0.03694216757741353 0.1354166666666667 0.030680783242258702 0.1365551001821494 0.02214253187613848 0.13854735883424413 0.015596539162112984 0.1402550091074682 0.009335154826958156 0.1411088342440802 0.003642987249544678 0.14167805100182154 0.0007969034608379388 0.19205373406193083 0.0002276867030965909 0.19404599271402556 0.0110428051001822 0.19404599271402556 0.015881147540983655
1 0.3426115664845174 0.023565573770491854 0.34005009107468126 0.03381147540983612 0.3389116575591986 0.0372267759562842 0.33720400728597455 0.03950364298724959 0.33407331511839716 0.04234972677595634 0.3315118397085611 0.0437727686703097 0.3266734972677596 0.0449112021857924 0.3212659380692168 0.04519581056466307 0.31557377049180335 0.0449112021857924 0.31272768670309664 0.0437727686703097 0.3084585610200365 0.040072859744990946 0.30618169398907114 0.03637295081967218 0.30362021857923505 0.03210382513661207 0.301912568306011 0.028119307832422634 0.30048952641165766 0.025557832422586572 0.2990664845173043 0.02157331511839714 0.2979280510018215 0.0175887978142077 0.2979280510018215 0.013604280510018267 0.2979280510018215 0.008481329690346134 0.2987818761384336 0.0053506375227687225 0.30103477614802043 0.0 0.34403460837887073 0.0002276867030965909 0.3443192167577414 0.0019353369763206345 0.34517304189435344 0.007912112932604787 0.34517304189435344 0.01246584699453557 0.34517304189435344 0.017873406193078374
1 0.016450364298725005 0.03978825136612027 0.018158014571949047 0.05999544626593812 0.018158014571949047 0.0645491803278689 0.018158014571949047 0.06824908925318766 0.018158014571949047 0.07251821493624777 0.017304189435337024 0.07735655737704922 0.016165755919854332 0.08048724954462665 0.01388888888888894 0.08475637522768675 0.011327413479052873 0.08874089253187618 0.009335154826958156 0.09158697632058294 0.00734289617486344 0.09329462659380698 0.0053506375227687225 0.09414845173041898 0.0002276867030965909 0.09557149362477237 0.0 0.09283925318761327 0.0005122950819672647 0.012181238615664896 0.004496812386156701 0.01531193078324231 0.0056352459016393965 0.017304189435337024 0.007912112932604787 0.020719489981785116 0.009335154826958156 0.02328096539162118 0.011327413479052873 0.02755009107468129 0.01388888888888894 0.032957650273224094
1 0.33122723132969045 0.38644125683060115 0.3229735883424409 0.3850182149362478 0.3189890710382514 0.38331056466302377 0.3172814207650274 0.3816029143897997 0.3144353369763207 0.37790300546448097 0.31187386156648456 0.3730646630236795 0.3093123861566485 0.3685109289617487 0.3076047358834245 0.36594945355191266 0.3050432604735884 0.3611111111111112 0.30276639344262307 0.35655737704918045 0.301058743169399 0.3511498178506376 0.29935109289617495 0.3457422586520948 0.2990664845173043 0.340334699453552 0.29935109289617495 0.33492714025500914 0.301058743169399 0.32866575591985436 0.30362021857923505 0.32525045537340624 0.30675091074681243 0.3212659380692168 0.31045081967213123 0.3181352459016394 0.31415072859744997 0.3161429872495447 0.3195582877959928 0.3138661202185793 0.3226889799635702 0.3135815118397086 0.3300887978142077 0.31415072859744997 0.3346425318761385 0.3161429872495447 0.3389116575591986 0.3189890710382514 0.3428961748633881 0.3226889799635702 0.34688069216757744 0.32781193078324233 0.35058060109289624 0.3337887067395265 0.3537112932604736 0.3391962659380693 0.35598816029143904 0.3446038251366121 0.35712659380692174 0.3494421675774136 0.3579804189435338 0.355134335154827 0.3579804189435338 0.36025728597449913 0.3576958105646631 0.36538023679417125 0.35655737704918045 0.3693647540983607 0.3548497267759564 0.3736338797814208 0.35342668488160295 0.3776183970856103 0.35143442622950827 0.38103369763205835 0.3471653005464482 0.38416438979963574 0.3423269581056467 0.3861566484517305
1 0.1223246812386157 0.47324681238615673 0.11520947176684886 0.47723132969034615 0.11236338797814212 0.4780851548269582 0.10809426229508201 0.47922358834244083 0.10410974499089258 0.4800774134790529 0.10240209471766853 0.4803620218579236 0.0995560109289618 0.4803620218579236 0.09528688524590169 0.4795081967213115 0.09158697632058294 0.4780851548269582 0.08617941712204011 0.4752390710382514 0.08162568306010934 0.4726775956284153 0.07707194899817855 0.46897768670309664 0.07166438979963576 0.46300091074681243 0.06853369763205834 0.4578779599271403 0.06597222222222227 0.45190118397085616 0.06369535519125688 0.44364754098360665 0.061987704918032835 0.4336862477231331 0.06141848816029149 0.42571721311475413 0.06113387978142081 0.4177481785063753 0.061987704918032835 0.41177140255009115 0.0645491803278689 0.40607923497267767 0.06767987249544632 0.4018101092896176 0.07194899817850642 0.3978255919854281 0.07564890710382519 0.395264116575592 0.07849499089253192 0.39412568306010937 0.08077185792349731 0.3938410746812387 0.08504098360655742 0.3938410746812387 0.09044854280510023 0.3938410746812387 0.09471766848816034 0.3938410746812387 0.09898679417122044 0.39355646630236796 0.10240209471766853 0.39355646630236796 0.1061020036429873 0.3946948998178507 0.11122495446265943 0.3969717668488161 0.11577868852459021 0.39981785063752284 0.12004781420765033 0.40323315118397096 0.12403233151183975 0.4072176684881603 0.12716302367941718 0.4109175774134791 0.12972449908925324 0.41604052823315124 0.13257058287795997 0.42230191256830607 0.13484744990892536 0.42913251366120225 0.1357012750455374 0.4342554644808744 0.13627049180327874 0.43994763205828785 0.13627049180327874 0.44421675774134795 0.13627049180327874 0.44791666666666674 0.13627049180327874 0.4516165755919855 0.13627049180327874 0.45446265938069225 0.1357012750455374 0.458162568306011 0.134278233151184 0.4612932604735884 0.13285519125683065 0.4644239526411658 0.13057832422586527 0.4672700364298726 0.1280168488160292 0.4701161202185793
1 0.1180555555555556 0.5526525500910747 0.10638661202185797 0.5463911657559198 0.10297131147540987 0.5443989071038252 0.10069444444444449 0.5429758652094718 0.09813296903460843 0.5412682149362478 0.09528688524590169 0.5389913479052824 0.09357923497267764 0.536714480874317 0.09244080145719495 0.5341530054644809 0.0918715846994536 0.5307377049180328 0.09215619307832427 0.527037795992714 0.09329462659380698 0.5239071038251367 0.09414845173041898 0.5207764116575593 0.09585610200364303 0.5193533697632059 0.09841757741347909 0.5162226775956285 0.10183287795992718 0.5136612021857924 0.10467896174863392 0.5119535519125684 0.1083788706739527 0.509676684881603 0.11207877959927146 0.5071152094717669 0.1149248633879782 0.5054075591985429 0.11862477231329695 0.5034153005464481 0.12175546448087436 0.5025614754098362 0.1268784153005465 0.5019922586520947 0.13370901639344268 0.5017076502732241 0.13883196721311478 0.5017076502732241 0.1431010928961749 0.5019922586520947 0.14793943533697637 0.5025614754098362 0.15192395264116582 0.5031306921675774 0.15590846994535523 0.5042691256830601 0.1584699453551913 0.5062613843351549 0.16103142076502736 0.509676684881603 0.16330828779599274 0.5139458105646632 0.16444672131147545 0.5179303278688525 0.1650159380692168 0.5241917122040074 0.16473132969034615 0.5273224043715847 0.16387750455373412 0.5310223132969035 0.16273907103825141 0.5352914389799637 0.1616006375227687 0.537568306010929 0.15989298724954465 0.5406989981785064 0.15761612021857926 0.5435450819672132 0.1553392531876139 0.5458219489981785 0.15334699453551917 0.5475295992714027 0.15050091074681243 0.5495218579234974 0.14680100182149367 0.5509448998178507 0.14367030965391628 0.5520833333333335 0.13854735883424413 0.5532217668488161 0.13513205828779604 0.5535063752276869 0.1311475409836066 0.5537909836065574 0.12602459016393447 0.5537909836065574 0.12147085610200369 0.5535063752276869
1 0.06881830601092902 0.6630806010928961 0.05601092896174868 0.6673497267759564 0.04092668488160297 0.6687727686703098 0.03438069216757746 0.6679189435336976 0.030111566484517353 0.666780510018215 0.02669626593806927 0.6650728597449909 0.02214253187613848 0.6613729508196722 0.019296448087431743 0.6579576502732241 0.01701958105646635 0.653688524590164 0.015596539162112984 0.6499886156648452 0.014458105646630286 0.6451502732240437 0.014458105646630286 0.6383196721311476 0.014458105646630286 0.6320582877959927 0.015027322404371634 0.6269353369763206 0.016450364298725005 0.6238046448087432 0.018158014571949047 0.6215277777777779 0.020434881602914443 0.6198201275045537 0.02271174863387983 0.6181124772313298 0.025557832422586572 0.6164048269581056 0.03039617486338803 0.6138433515482696 0.035234517304189486 0.6115664845173042 0.04206511839708566 0.6090050091074682 0.04861111111111116 0.6070127504553735 0.053164845173041944 0.6058743169398908 0.058287795992714074 0.6055897085610201 0.0645491803278689 0.6055897085610201 0.06853369763205834 0.6070127504553735 0.07365664845173046 0.6087204007285975 0.07906420765027326 0.6107126593806922 0.08304872495446271 0.611851092896175 0.08617941712204011 0.613558743169399 0.08874089253187618 0.6155510018214937 0.0918715846994536 0.6189663023679418 0.09357923497267764 0.6238046448087432 0.09357923497267764 0.6269353369763206 0.09357923497267764 0.6317736794171221 0.09215619307832427 0.6357581967213116 0.09101775956284158 0.6397427140255009 0.0895947176684882 0.6434426229508198 0.08760245901639349 0.6477117486338798 0.08532559198542809 0.6508424408014573 0.08219489981785069 0.654542349726776 0.07906420765027326 0.6576730418943535 0.07564890710382519 0.6599499089253188
1 0.47040072859744997 0.8051001821493625 0.4612932604735884 0.8059540072859745 0.4558857012750456 0.8051001821493625 0.4513319672131148 0.8036771402550092 0.4470628415300547 0.8019694899817851 0.44336293260473597 0.8005464480874317 0.4385245901639345 0.7985541894353371 0.4351092896174864 0.7962773224043717 0.4325478142076503 0.7928620218579235 0.42913251366120225 0.786316029143898 0.4262864298724955 0.7786316029143898 0.4245787795992715 0.772370218579235 0.4245787795992715 0.7658242258652095 0.4260018214936248 0.7587090163934427 0.42799408014571955 0.7524476320582879 0.43027094717668496 0.746186247723133 0.431978597449909 0.7424863387978142 0.43311703096539167 0.7404940801457195 0.43681693989071047 0.7367941712204008 0.44137067395264123 0.7330942622950821 0.44734744990892533 0.7311020036429874 0.45332422586520954 0.7305327868852459 0.4578779599271403 0.731386612021858 0.4610086520947177 0.7333788706739527 0.4635701275045538 0.7359403460837888 0.46641621129326055 0.7390710382513661 0.4698315118397086 0.7416325136612022 0.4726775956284153 0.7456170309653917 0.47495446265938074 0.7484631147540984 0.4769467213114755 0.7518784153005466 0.47922358834244083 0.7561475409836066 0.4809312386156649 0.760985883424408 0.4820696721311476 0.7658242258652095 0.4832081056466303 0.7703779599271403 0.48377732240437166 0.7737932604735884 0.48463114754098363 0.7780623861566485 0.48463114754098363 0.7820469034608379 0.48434653916211295 0.7857468123861566 0.483492714025501 0.7900159380692169 0.4820696721311476 0.7934312386156649 0.4803620218579236 0.7971311475409837 0.4780851548269582 0.8005464480874317 0.4752390710382514 0.8036771402550092
1 0.45617030965391625 0.8867827868852459 0.44791666666666674 0.8830828779599271 0.44393214936247727 0.8805214025500911 0.43994763205828785 0.8776753187613843 0.43596311475409844 0.8734061930783242 0.4325478142076503 0.8682832422586522 0.43027094717668496 0.8637295081967213 0.4282786885245902 0.8588911657559198 0.4260018214936248 0.8534836065573771 0.4237249544626594 0.848360655737705 0.4228711293260474 0.8446607468123861 0.42230191256830607 0.8389685792349727 0.42230191256830607 0.8327071948998179 0.4242941712204008 0.8270150273224045 0.4274248633879782 0.8227459016393442 0.43169398907103834 0.8193306010928961 0.43738615664845176 0.8179075591985429 0.445924408014572 0.8173383424408015 0.4521857923497269 0.8173383424408015 0.4578779599271403 0.8184767759562842 0.4647085610200365 0.8213228597449909 0.46926229508196726 0.8244535519125684 0.47324681238615673 0.8272996357012751 0.47723132969034615 0.8309995446265938 0.4809312386156649 0.8349840619307832 0.48463114754098363 0.8389685792349727 0.4871926229508198 0.8418146630236795 0.4900387067395265 0.8457991803278689 0.4928847905282332 0.8506375227686703 0.49487704918032793 0.854337431693989 0.497438524590164 0.8600295992714027 0.498292349726776 0.864867941712204 0.498292349726776 0.8708447176684883 0.496584699453552 0.8756830601092898 0.49345400728597455 0.8805214025500911 0.4889002732240438 0.8845059198542805 0.48434653916211295 0.8862135701275046 0.47865437158469953 0.8870673952641166 0.47210837887067403 0.8870673952641166 0.46670081967213123 0.8873520036429874 0.4632855191256831 0.8873520036429874
1 0.04462659380692172 0.9639116575591985 0.03381147540983612 0.9604963570127505 0.03125000000000005 0.9587887067395264 0.028119307832422634 0.9573656648451732 0.0252732240437159 0.9553734061930784 0.02271174863387983 0.9528119307832423 0.02214253187613848 0.9479735883424408 0.023850182149362527 0.9419968123861566 0.02612704918032792 0.9363046448087432 0.029257741347905333 0.9326047358834245 0.032957650273224094 0.9297586520947176 0.03864981785063757 0.9266279599271403 0.044341985428051046 0.9249203096539163 0.05088797814207655 0.924351092896175 0.056864754098360705 0.924351092896175 0.0645491803278689 0.9252049180327869 0.07052595628415306 0.926912568306011 0.07507969034608383 0.9291894353369764 0.07906420765027326 0.9320355191256832 0.08191029143898002 0.9357354280510018 0.08333333333333338 0.93915072859745 0.08333333333333338 0.94341985428051 0.08162568306010934 0.9462659380692169 0.081056466302368 0.9491120218579235 0.07934881602914395 0.9525273224043717 0.07764116575591991 0.955658014571949 0.07564890710382519 0.9582194899817851 0.07337204007285979 0.9610655737704918 0.07081056466302373 0.9627732240437159 0.06824908925318766 0.9639116575591985 0.06597222222222227 0.96448087431694 0.06312613843351553 0.9647654826958106 0.058287795992714074 0.9650500910746813 0.052880236794171274 0.9653346994535519 0.048326502732240484 0.9653346994535519
1 0.10667122040072866 0.9886725865209471 0.10951730418943538 0.9784266848816029 0.11207877959927146 0.9747267759562842 0.11520947176684886 0.9696038251366121 0.11862477231329695 0.9650500910746813 0.12317850637522773 0.9616347905282332 0.1280168488160292 0.9590733151183971 0.1322859744990893 0.9579348816029145 0.1379781420765028 0.9590733151183971 0.14395491803278693 0.9613501821493625 0.1476548269581057 0.9650500910746813 0.1516393442622951 0.9693192167577414 0.15477003642987253 0.9735883424408015 0.15676229508196726 0.9772882513661203 0.15818533697632062 0.9829804189435337 0.15903916211293265 0.9872495446265938 0.159608378870674 0.991518670309654 0.16017759562841535 0.9955031876138434 0.16067118787405674 0.9989583333333333 0.15647768670309656 0.9989184881602914 0.10724043715847 0.9989184881602914
1 0.4536088342440802 0.9900956284153006 0.45076275045537345 0.9855418943533698 0.4499089253187615 0.9829804189435337 0.4484858834244081 0.9789959016393442 0.44734744990892533 0.9747267759562842 0.445924408014572 0.9701730418943534 0.4462090163934427 0.9653346994535519 0.44877049180327877 0.9590733151183971 0.4516165755919855 0.9548041894353371 0.4553164845173043 0.9505350637522769 0.4601548269581057 0.9459813296903461 0.4647085610200365 0.94341985428051 0.46869307832422596 0.9419968123861566 0.4735314207650274 0.9419968123861566 0.4797928051001822 0.9439890710382514 0.4832081056466303 0.9465505464480874 0.4871926229508198 0.9496812386156649 0.4900387067395265 0.9528119307832423 0.4931693989071039 0.9553734061930784 0.49573087431693996 0.9585040983606558 0.4980077413479053 0.9633424408014571 0.5002846083788708 0.9667577413479053 0.5022768670309655 0.9701730418943534 0.5042691256830601 0.9741575591985429 0.5051229508196722 0.9775728597449909 0.5054075591985429 0.9821265938069217 0.5059767759562842 0.9869649362477232 0.5059767759562842 0.9920878870673953 0.5059767759562842 0.9966416211293261 0.5057451047358835 0.9989583333333333 0.45759335154826963 0.9989583333333333
1 0.611851092896175 0.9596425318761385 0.5990437158469946 0.9559426229508198 0.5944899817850637 0.953950364298725 0.5887978142076503 0.9505350637522769 0.5822518214936249 0.9445582877959927 0.5788365209471767 0.9397199453551913 0.5774134790528234 0.9326047358834245 0.5762750455373407 0.9249203096539163 0.5765596539162113 0.91808970856102 0.5774134790528234 0.9123975409836066 0.5791211293260474 0.9064207650273224 0.5813979963570127 0.9030054644808743 0.588228597449909 0.8995901639344263 0.5990437158469946 0.8967440801457195 0.6072973588342442 0.8958902550091075 0.6124203096539164 0.8958902550091075 0.6195355191256832 0.8967440801457195 0.6269353369763206 0.8981671220400729 0.6340505464480874 0.9004439890710383 0.6394581056466303 0.902436247723133 0.6448656648451732 0.9052823315118398 0.6499886156648452 0.9084130236794171 0.6548269581056466 0.9123975409836066 0.6582422586520947 0.915528233151184 0.6613729508196722 0.9192281420765027 0.6642190346083789 0.924351092896175 0.6650728597449909 0.9300432604735884 0.6653574681238617 0.9357354280510018 0.6647882513661203 0.9405737704918032 0.6636498178506376 0.9448428961748634 0.6616575591985429 0.9493966302367942 0.6579576502732241 0.9528119307832423 0.6508424408014573 0.9573656648451732 0.6448656648451732 0.9596425318761385 0.6377504553734062 0.9613501821493625 0.6309198542805101 0.9616347905282332 0.6246584699453552 0.9610655737704918 0.6172586520947178 0.9604963570127505
1 0.7271174863387979 0.8773907103825137 0.7276867030965393 0.8665755919854281 0.7288251366120219 0.862306466302368 0.7302481785063752 0.8586065573770493 0.7319558287795993 0.8531989981785064 0.7345173041894354 0.8469376138433516 0.7393556466302369 0.8412454462659381 0.7430555555555556 0.83783014571949 0.7473246812386157 0.8346994535519127 0.7510245901639345 0.8324225865209471 0.7547244990892532 0.8298611111111112 0.7589936247723134 0.8275842440801457 0.7632627504553735 0.8250227686703098 0.7672472677595629 0.8227459016393442 0.772370218579235 0.8210382513661203 0.7780623861566485 0.8193306010928961 0.7834699453551913 0.8190459927140256 0.7900159380692169 0.8190459927140256 0.7965619307832423 0.8218920765027323 0.8022540983606558 0.8253073770491803 0.8076616575591985 0.8295765027322405 0.8110769581056466 0.8318533697632059 0.8144922586520947 0.8349840619307832 0.8164845173041895 0.8389685792349727 0.8170537340619308 0.8435223132969035 0.8181921675774135 0.848360655737705 0.8193306010928961 0.8537682149362478 0.8198998178506376 0.8591757741347906 0.8198998178506376 0.8651525500910747 0.8179075591985429 0.8714139344262295 0.8147768670309655 0.8773907103825137 0.8093693078324227 0.8836520947176685 0.8039617486338798 0.88849043715847 0.7988387978142076 0.8927595628415301 0.7937158469945356 0.8967440801457195 0.7888775045537341 0.9001593806921676 0.7831853369763206 0.9035746812386157 0.7769239526411659 0.9058515482695811 0.769808743169399 0.9069899817850637 0.7635473588342442 0.9072745901639345 0.7598474499089254 0.9072745901639345 0.7541552823315119 0.9061361566484518 0.7513091985428051 0.904997723132969 0.7476092896174864 0.903290072859745 0.744478597449909 0.901582422586521 0.7416325136612022 0.8987363387978142 0.7385018214936248 0.8947518214936248 0.7359403460837888 0.8907673041894354 0.733948087431694 0.887636612021858 0.7305327868852459 0.8839367030965393 0.7285405282331513 0.8810906193078324
1 0.668488160291439 0.8640141165755921 0.6556807832422588 0.8574681238615666 0.6511270491803279 0.8546220400728598 0.6479963570127505 0.851775956284153 0.6442964480874317 0.8472222222222222 0.6417349726775956 0.8426684881602914 0.6394581056466303 0.8372609289617488 0.6380350637522769 0.8321379781420766 0.6374658469945356 0.8267304189435337 0.6368966302367942 0.8207536429872495 0.6380350637522769 0.8150614754098361 0.6400273224043717 0.810792349726776 0.6434426229508198 0.8065232240437159 0.6482809653916212 0.8036771402550092 0.6542577413479054 0.8019694899817851 0.6579576502732241 0.8016848816029145 0.6633652094717669 0.8036771402550092 0.6690573770491803 0.8059540072859745 0.6738957194899818 0.80823087431694 0.6781648451730419 0.810792349726776 0.6830031876138434 0.8133538251366121 0.6884107468123861 0.8173383424408015 0.6915414389799637 0.8198998178506376 0.6946721311475411 0.8227459016393442 0.6975182149362478 0.8253073770491803 0.7003642987249545 0.8284380692167578 0.7029257741347906 0.8315687613843352 0.7049180327868853 0.8358378870673953 0.7063410746812387 0.839537795992714 0.7071948998178507 0.8429530965391622 0.7083333333333334 0.8472222222222222 0.708617941712204 0.8514913479052824 0.7080487249544627 0.8563296903460837 0.7071948998178507 0.8617372495446266 0.7063410746812387 0.8657217668488161 0.7054872495446266 0.8691370673952642 0.7032103825136613 0.8716985428051003 0.7009335154826959 0.8725523679417122 0.6952413479052824 0.8719831511839709 0.6889799635701276 0.8705601092896175 0.6824339708561021 0.8688524590163935 0.6747495446265938 0.8671448087431695
1 0.5848132969034608 0.7866006375227688 0.5944899817850637 0.7959927140255009 0.5973360655737706 0.7999772313296903 0.5979052823315119 0.8022540983606558 0.598759107468124 0.8062386156648452 0.6007513661202187 0.8125 0.60132058287796 0.8159153005464481 0.60132058287796 0.8204690346083789 0.6010359744990893 0.8255919854280511 0.5998975409836066 0.8301457194899818 0.5979052823315119 0.8355532786885246 0.5961976320582879 0.8392531876138434 0.5936361566484518 0.8432377049180328 0.5902208561020037 0.848360655737705 0.5862363387978142 0.8526297814207651 0.5802595628415301 0.8580373406193079 0.5754212204007287 0.8611680327868853 0.5702982695810566 0.8634448998178507 0.5643214936247724 0.864867941712204 0.5597677595628416 0.864867941712204 0.5549294171220401 0.8637295081967213 0.549806466302368 0.8617372495446266 0.5461065573770493 0.8600295992714027 0.5424066484517305 0.8571835154826959 0.5398451730418945 0.8534836065573771 0.5384221311475411 0.8497836976320584 0.537568306010929 0.8432377049180328 0.5372836976320584 0.8344148451730419 0.5378529143897998 0.8250227686703098 0.5398451730418945 0.8170537340619308 0.5429758652094718 0.8090846994535519 0.5458219489981785 0.8033925318761385 0.5492372495446266 0.7982695810564664 0.5540755919854281 0.7928620218579235 0.5586293260473589 0.7891621129326047 0.5651753187613845 0.784608378870674 0.5683060109289618 0.7831853369763206 0.5717213114754098 0.78290072859745 0.5771288706739527 0.78290072859745 0.5811133879781422 0.7840391621129327
1 0.6983720400728598 0.7510245901639345 0.6904030054644809 0.7481785063752278 0.6855646630236795 0.7464708561020037 0.6818647540983608 0.7439093806921676 0.67731102003643 0.7393556466302369 0.6727572859744992 0.7350865209471766 0.6687727686703098 0.7316712204007286 0.6656420765027323 0.7279713114754098 0.6627959927140256 0.7231329690346084 0.6610883424408016 0.7185792349726776 0.6599499089253188 0.7143101092896175 0.6588114754098361 0.7106102003642988 0.6579576502732241 0.7049180327868853 0.6573884335154827 0.6997950819672132 0.6576730418943535 0.6958105646630237 0.6588114754098361 0.6904030054644809 0.6608037340619308 0.6864184881602914 0.6650728597449909 0.68158014571949 0.6682035519125684 0.6781648451730419 0.6719034608378871 0.6758879781420766 0.6750341530054645 0.6741803278688525 0.6784494535519127 0.6733265027322405 0.683287795992714 0.6730418943533698 0.6901183970856103 0.6730418943533698 0.6943875227686703 0.6730418943533698 0.7006489071038252 0.6736111111111112 0.7083333333333334 0.6756033697632059 0.7145947176684883 0.67731102003643 0.7211407103825137 0.6795878870673954 0.7259790528233151 0.6824339708561021 0.7291097449908926 0.6849954462659381 0.7330942622950821 0.6901183970856103 0.7379326047358835 0.6989412568306012 0.7402094717668489 0.705202641165756 0.7419171220400729 0.7111794171220401 0.7430555555555556 0.7165869763205829 0.7439093806921676 0.7231329690346084 0.7441939890710383 0.7279713114754098 0.7439093806921676 0.7319558287795993 0.742770947176685 0.7367941712204008 0.7416325136612022 0.7410632969034608 0.7399248633879782 0.7447632058287798 0.7382172131147542 0.7484631147540984 0.7356557377049181 0.7513091985428051 0.7330942622950821 0.7538706739526412 0.7285405282331513 0.7564321493624774 0.7239867941712205 0.7578551912568307 0.7214253187613845 0.7581397996357013 0.7163023679417122 0.7578551912568307 0.7111794171220401 0.7570013661202186 0.70691029143898 0.7555783242258652
1 0.5791211293260474 0.7333788706739527 0.5688752276867032 0.7276867030965393 0.5654599271402551 0.7251252276867032 0.5626138433515483 0.7228483606557378 0.5580601092896175 0.719148451730419 0.5554986338797814 0.7163023679417122 0.5529371584699454 0.7128870673952642 0.552367941712204 0.7103255919854281 0.5517987249544627 0.7054872495446266 0.5520833333333335 0.7006489071038252 0.5532217668488161 0.6952413479052824 0.5546448087431695 0.6909722222222222 0.5563524590163935 0.6875569216757742 0.560336976320583 0.6841416211293261 0.564606102003643 0.68158014571949 0.5685906193078325 0.6801571038251366 0.5739981785063752 0.679872495446266 0.5788365209471767 0.679872495446266 0.5848132969034608 0.6810109289617488 0.5887978142076503 0.6824339708561021 0.5933515482695811 0.6847108378870674 0.5981898907103826 0.6875569216757742 0.6024590163934427 0.6906876138433516 0.6061589253187614 0.693818306010929 0.6095742258652095 0.6969489981785064 0.6121357012750456 0.7000796903460837 0.6141279599271403 0.7046334244080146 0.6158356102003644 0.7094717668488161 0.6166894353369764 0.7137408925318761 0.6169740437158471 0.7180100182149364 0.6169740437158471 0.7222791438979964 0.6155510018214937 0.7268328779599271 0.6138433515482696 0.729678961748634 0.6112818761384335 0.73224043715847 0.6078665755919855 0.7350865209471766 0.603028233151184 0.7370787795992714 0.5993283242258652 0.7376479963570127 0.5930669398907104 0.7376479963570127 0.5868055555555556 0.7367941712204008 0.5833902550091075 0.7356557377049181
1 0.7800546448087432 0.719148451730419 0.774077868852459 0.7123178506375228 0.771516393442623 0.7089025500910747 0.7692395264116576 0.706056466302368 0.7663934426229508 0.7023565573770493 0.7646857923497269 0.7000796903460837 0.7618397085610201 0.6966643897996357 0.7595628415300547 0.6926798724954464 0.758424408014572 0.6892645719489983 0.75757058287796 0.6841416211293261 0.7572859744990893 0.6787340619307832 0.75757058287796 0.6733265027322405 0.7581397996357013 0.6693419854280511 0.7581397996357013 0.6650728597449909 0.758424408014572 0.6605191256830601 0.759278233151184 0.6568192167577414 0.7612704918032788 0.6528346994535519 0.7641165755919855 0.6502732240437159 0.7666780510018216 0.6491347905282332 0.7726548269581056 0.6491347905282332 0.7783469945355193 0.6502732240437159 0.7840391621129327 0.6525500910746813 0.7891621129326047 0.654542349726776 0.7940004553734062 0.6571038251366121 0.799408014571949 0.6610883424408016 0.8042463570127505 0.6656420765027323 0.8079462659380693 0.6707650273224045 0.810792349726776 0.6753187613843352 0.8127846083788708 0.6801571038251366 0.8142076502732241 0.6841416211293261 0.8147768670309655 0.6878415300546449 0.8159153005464481 0.6926798724954464 0.8170537340619308 0.6978028233151184 0.8181921675774135 0.7029257741347906 0.8187613843351549 0.7080487249544627 0.8190459927140256 0.7134562841530055 0.8187613843351549 0.7182946265938069 0.8176229508196722 0.7231329690346084 0.8150614754098361 0.7271174863387979 0.8127846083788708 0.729678961748634 0.8056693989071039 0.731386612021858 0.7965619307832423 0.7308173952641166 0.7928620218579235 0.7293943533697632 0.7888775045537341 0.7268328779599271 0.7854622040072861 0.7245560109289618
1 0.8688524590163935 0.7054872495446266 0.861452641165756 0.7017873406193079 0.8588911657559198 0.6995104735883425 0.8571835154826959 0.6972336065573771 0.8554758652094718 0.6946721311475411 0.8531989981785064 0.6918260473588342 0.8512067395264117 0.6892645719489983 0.8497836976320584 0.6864184881602914 0.8475068306010929 0.6818647540983608 0.8460837887067395 0.6784494535519127 0.8452299635701276 0.6750341530054645 0.8452299635701276 0.668488160291439 0.8460837887067395 0.6633652094717669 0.8477914389799637 0.6596653005464481 0.8514913479052824 0.6582422586520947 0.8574681238615666 0.6571038251366121 0.8662909836065574 0.6571038251366121 0.8705601092896175 0.6576730418943535 0.8759676684881603 0.6593806921675774 0.8810906193078324 0.6610883424408016 0.8864981785063752 0.6636498178506376 0.890198087431694 0.6653574681238617 0.8944672131147542 0.6673497267759564 0.8975979052823316 0.6696265938069217 0.901582422586521 0.6727572859744992 0.9047131147540984 0.6758879781420766 0.9075591985428051 0.6793032786885246 0.9095514571948998 0.683287795992714 0.9104052823315119 0.6875569216757742 0.9104052823315119 0.6923952641165756 0.9098360655737705 0.695525956284153 0.9081284153005466 0.6986566484517305 0.9055669398907104 0.7017873406193079 0.902436247723133 0.7037795992714027 0.8978825136612022 0.7054872495446266 0.8930441712204008 0.70691029143898 0.8882058287795993 0.7077641165755921 0.8836520947176685 0.7080487249544627 0.8765368852459017 0.7077641165755921 0.8719831511839709 0.7066256830601093
1 0.9274817850637523 0.7965619307832423 0.9212204007285975 0.7891621129326047 0.9197973588342442 0.7854622040072861 0.9192281420765027 0.7814776867030966 0.9189435336976322 0.7780623861566485 0.9189435336976322 0.7766393442622951 0.9189435336976322 0.772370218579235 0.9200819672131147 0.7663934426229508 0.9220742258652095 0.7618397085610201 0.9252049180327869 0.7561475409836066 0.9283356102003643 0.7518784153005466 0.9317509107468124 0.7476092896174864 0.9357354280510018 0.7439093806921676 0.9394353369763206 0.7413479052823316 0.9459813296903461 0.7379326047358835 0.9511042805100183 0.7356557377049181 0.9562272313296903 0.7342326958105647 0.9610655737704918 0.7330942622950821 0.9667577413479053 0.7328096539162113 0.9738729508196722 0.7325250455373407 0.9804189435336976 0.7330942622950821 0.9863957194899818 0.733948087431694 0.9912340619307832 0.7350865209471766 0.9955031876138434 0.7359403460837888 0.9989184881602914 0.7382172131147542 0.9989184881602914 0.7823315118397086 0.9969262295081968 0.7854622040072861 0.99408014571949 0.7874544626593808 0.98981102003643 0.7914389799635703 0.9869649362477232 0.7945696721311476 0.9838342440801457 0.7965619307832423 0.980134335154827 0.7979849726775956 0.9750113843351548 0.7988387978142076 0.9698884335154827 0.7999772313296903 0.9636270491803279 0.8011156648451732 0.9582194899817851 0.8019694899817851 0.9519581056466303 0.8025387067395264 0.9462659380692169 0.8025387067395264 0.9414275956284154 0.8008310564663024 0.9345969945355193 0.7985541894353371
1 0.9334585610200364 0.9064207650273224 0.9209357923497269 0.9061361566484518 0.9166666666666666 0.9041438979963571 0.9126821493624774 0.901582422586521 0.9086976320582879 0.8993055555555556 0.904997723132969 0.8964594717668489 0.9018670309653917 0.8930441712204008 0.9004439890710383 0.887636612021858 0.9010132058287798 0.8830828779599271 0.9035746812386157 0.8782445355191257 0.9069899817850637 0.8734061930783242 0.9109744990892532 0.8679986338797814 0.9149590163934427 0.862306466302368 0.9183743169398908 0.8580373406193079 0.9226434426229508 0.854337431693989 0.9274817850637523 0.851775956284153 0.9326047358834245 0.8503529143897998 0.9402891621129327 0.8503529143897998 0.9451275045537341 0.8503529143897998 0.9502504553734062 0.8514913479052824 0.9553734061930784 0.8531989981785064 0.9610655737704918 0.8551912568306012 0.9667577413479053 0.8577527322404371 0.9707422586520947 0.8600295992714027 0.9747267759562842 0.86316029143898 0.9770036429872495 0.8668602003642988 0.9778574681238617 0.8722677595628416 0.9775728597449909 0.8773907103825137 0.9752959927140256 0.8819444444444445 0.9721653005464481 0.8862135701275046 0.9684653916211293 0.8910519125683061 0.9650500910746813 0.8941826047358835 0.9596425318761385 0.8975979052823316 0.9536657559198543 0.9004439890710383 0.9459813296903461 0.9035746812386157 0.9419968123861566 0.9047131147540984
1 0.930327868852459 0.9758652094717669 0.9212204007285975 0.9713114754098361 0.9169512750455374 0.9684653916211293 0.9143897996357013 0.9653346994535519 0.9121129326047359 0.9624886156648452 0.9098360655737705 0.9587887067395264 0.9089822404371585 0.955658014571949 0.9089822404371585 0.9505350637522769 0.9112591074681239 0.9439890710382514 0.9158128415300547 0.93915072859745 0.9234972677595629 0.9354508196721312 0.9368738615664846 0.9320355191256832 0.9456967213114755 0.930327868852459 0.9542349726775956 0.9291894353369764 0.9624886156648452 0.9280510018214937 0.9701730418943534 0.927766393442623 0.9764344262295083 0.9289048269581056 0.980988160291439 0.9317509107468124 0.9844034608378871 0.9345969945355193 0.9861111111111112 0.9374430783242259 0.9872495446265938 0.9419968123861566 0.9866803278688525 0.9465505464480874 0.9846880692167578 0.9496812386156649 0.9815573770491803 0.9548041894353371 0.9772882513661203 0.9590733151183971 0.9721653005464481 0.9633424408014571 0.9676115664845174 0.9676115664845174 0.9641962659380693 0.9701730418943534 0.9607809653916212 0.9724499089253188 0.9565118397085611 0.9741575591985429 0.9525273224043717 0.9752959927140256 0.9465505464480874 0.9764344262295083 0.9382969034608379 0.9770036429872495 0.9345969945355193 0.9772882513661203
1 0.9579348816029145 0.6107126593806922 0.9528119307832423 0.60132058287796 0.9519581056466303 0.5984744990892532 0.9508196721311476 0.5939207650273225 0.9476889799635703 0.5848132969034608 0.9468351548269581 0.5791211293260474 0.9474043715846995 0.5725751366120219 0.9499658469945356 0.5668829690346084 0.9536657559198543 0.561190801457195 0.9579348816029145 0.5572062841530055 0.9641962659380693 0.5546448087431695 0.9710268670309655 0.5537909836065574 0.9764344262295083 0.5535063752276869 0.9815573770491803 0.5552140255009108 0.9863957194899818 0.5572062841530055 0.9906648451730419 0.5583447176684883 0.9937955373406193 0.5597677595628416 0.9963570127504554 0.561190801457195 0.9989184881602914 0.562898451730419 0.9989184881602914 0.6363274134790529 0.9869649362477232 0.6323428961748635 0.9835496357012751 0.6312044626593808 0.9795651183970856 0.6289275956284154 0.9750113843351548 0.62665072859745 0.9707422586520947 0.6235200364298726 0.9664731329690347 0.6195355191256832 0.9630578324225866 0.616120218579235
1 0.8512067395264117 0.5073998178506376 0.8531989981785064 0.5059767759562842 0.8568989071038252 0.5054075591985429 0.860598816029144 0.5059767759562842 0.8645833333333334 0.5076844262295083 0.8685678506375228 0.5093920765027323 0.8719831511839709 0.5116689435336977 0.8756830601092898 0.5145150273224044 0.8788137522768671 0.5170765027322405 0.8819444444444445 0.5196379781420766 0.8862135701275046 0.523622495446266 0.890198087431694 0.5273224043715847 0.8927595628415301 0.5307377049180328 0.8953210382513661 0.5344376138433516 0.8973132969034608 0.537568306010929 0.8998747723132969 0.5418374316939892 0.9018670309653917 0.5452527322404372 0.9035746812386157 0.5495218579234974 0.9044285063752278 0.5543602003642988 0.904997723132969 0.5586293260473589 0.904997723132969 0.5631830601092898 0.903290072859745 0.5674521857923498 0.9004439890710383 0.5720059198542806 0.8967440801457195 0.57599043715847 0.8944672131147542 0.5771288706739527 0.8910519125683061 0.5771288706739527 0.8850751366120219 0.5754212204007287 0.8765368852459017 0.5711520947176685 0.8699908925318761 0.5663137522768671 0.8640141165755921 0.5620446265938069 0.8586065573770493 0.5577755009107469 0.854337431693989 0.5543602003642988 0.8489298724954464 0.5478142076502732 0.8455145719489983 0.5409836065573771 0.8443761384335156 0.535006830601093 0.8438069216757742 0.5287454462659381 0.8440915300546449 0.5241917122040074 0.8455145719489983 0.5182149362477232 0.8477914389799637 0.513091985428051
1 0.926912568306011 0.45987021857923505 0.9141051912568307 0.44962431693989074 0.9112591074681239 0.44563979963570133 0.9089822404371585 0.4419398907103826 0.9075591985428051 0.43880919854280515 0.9061361566484518 0.432832422586521 0.9058515482695811 0.4262864298724955 0.9064207650273224 0.41945582877959936 0.9081284153005466 0.41518670309653927 0.9109744990892532 0.41034836065573776 0.9152436247723134 0.4043715846994536 0.9183743169398908 0.4001024590163935 0.9226434426229508 0.3961179417122041 0.9274817850637523 0.392702641165756 0.9334585610200364 0.3895719489981786 0.9385815118397086 0.38644125683060115 0.9428506375227688 0.3844489981785065 0.9482581967213115 0.38217213114754106 0.9533811475409837 0.38131830601092903 0.9582194899817851 0.38131830601092903 0.9619193989071039 0.38245673952641174 0.9653346994535519 0.38473360655737715 0.9681807832422588 0.3872950819672132 0.9713114754098361 0.39042577413479057 0.9741575591985429 0.39412568306010937 0.9770036429872495 0.3981102003642988 0.9795651183970856 0.40294854280510023 0.9812727686703098 0.40778688524590173 0.981841985428051 0.41290983606557385 0.9821265938069217 0.41831739526411665 0.9821265938069217 0.4245787795992715 0.9807035519125684 0.42913251366120225 0.9784266848816029 0.4339708561020037 0.9747267759562842 0.43994763205828785 0.9707422586520947 0.4453551912568307 0.9667577413479053 0.44962431693989074 0.9627732240437159 0.45332422586520954 0.9585040983606558 0.4564549180327869 0.9528119307832423 0.4593010018214937 0.9459813296903461 0.4618624772313298 0.940858378870674 0.46300091074681243 0.9360200364298726 0.4632855191256831 0.9306124772313298 0.46214708561020046
1 0.9949339708561021 0.513091985428051 0.9892418032786885 0.5048383424408015 0.9878187613843352 0.5002846083788708 0.9869649362477232 0.496584699453552 0.9866803278688525 0.49174635701275055 0.9866803278688525 0.48406193078324233 0.9866803278688525 0.4795081967213115 0.9872495446265938 0.47495446265938074 0.9878187613843352 0.4706853369763207 0.9881033697632059 0.4678392531876139 0.9881033697632059 0.46499316939890717 0.9881033697632059 0.4610086520947177 0.9886725865209471 0.4564549180327869 0.9900956284153006 0.45190118397085616 0.993226320582878 0.4482012750455374 0.995787795992714 0.4453551912568307 0.9974954462659381 0.44364754098360665 0.9989583333333333 0.44242846842744393 0.9989583333333333 0.5182149362477232
0 0.40578473945409427 0.1413616625310174 0.4073356079404466 0.13593362282878413 0.4081110421836228 0.13309036393713813 0.40888647642679904 0.13102253928866833 0.40966191066997515 0.12817928039702234 0.41043734491315137 0.1248190653432589 0.4106958229942101 0.12171732837055418 0.41043734491315137 0.11861559139784948 0.41017886683209265 0.11551385442514477 0.40966191066997515 0.11189516129032259 0.40914495450785776 0.10931038047973533 0.4081110421836228 0.10672559966914807 0.40707712985938793 0.10362386269644336 0.40578473945409427 0.102072994210091 0.40449234904880066 0.10181451612903226 0.403199958643507 0.10233147229114972 0.4011321339950372 0.10569168734491316 0.4006151778329198 0.10931038047973533 0.40009822167080233 0.11241211745244004 0.39958126550868484 0.11525537634408603 0.3990643093465674 0.11784015715467329 0.3982888751033912 0.12171732837055418 0.3980303970223325 0.12559449958643507 0.3977719189412738 0.12817928039702234 0.39751344086021506 0.1317979735318445 0.39751344086021506 0.1346412324234905 0.39751344086021506 0.1374844913151365 0.39854735318445 0.14006927212572376 0.3998397435897436 0.14265405293631103 0.4011321339950372 0.14472187758478083 0.4019075682382134 0.14575578990901572 0.4026830024813896 0.14446339950372208
0 0.5257185690653432 0.13412427626137305 0.5252016129032258 0.1307640612076096 0.5241677005789909 0.12843775847808106 0.5239092224979321 0.12585297766749381 0.523133788254756 0.12249276261373038 0.5226168320926385 0.11835711331679075 0.5220998759305211 0.11525537634408603 0.5215829197684037 0.11215363937138131 0.5210659636062862 0.10905190239867661 0.5208074855252274 0.10595016542597188 0.5205490074441687 0.10362386269644336 0.5205490074441687 0.09974669148056246 0.5210659636062862 0.09561104218362285 0.5218413978494624 0.09406017369727047 0.5233922663358147 0.09328473945409431 0.524943134822167 0.09354321753515303 0.5259770471464019 0.09586952026468157 0.5272694375516955 0.099229735318445 0.5285618279569892 0.10284842845326718 0.5308881306865177 0.11137820512820513 0.5347653019023987 0.1268868899917287 0.5363161703887511 0.1377429693961952 0.537350082712986 0.1413616625310174 0.537350082712986 0.14498035566583953 0.537350082712986 0.14704818031430936 0.5365746484698097 0.14834057071960297 0.5350237799834575 0.14834057071960297 0.5332144334160464 0.14704818031430936 0.5321805210918114 0.145497311827957 0.5301126964433416 0.14265405293631103 0.528820306038048 0.14084470636889992 0.5270109594706368 0.13800144747725393
0 0.4828112076095947 0.2982578577336642 0.47867555831265507 0.29076199338296116 0.47712468982630274 0.28714330024813894 0.47583229942100913 0.284300041356493 0.4742814309346567 0.2801643920595534 0.4729890405293631 0.27706265508684863 0.47247208436724564 0.2760287427626137 0.47324751861042186 0.2747363523573201 0.47557382133995035 0.27499483043837886 0.47686621174524396 0.275770264681555 0.4781586021505376 0.27732113316790735 0.48022642679900746 0.2796474358974359 0.482552729528536 0.28249069478908184 0.48436207609594706 0.2853339536807279 0.4866883788254756 0.2894696029776675 0.4879807692307692 0.29282981803143093 0.48953163771712155 0.29619003308519437 0.4908240281224152 0.29903329197684037 0.49108250620347393 0.3018765508684863 0.49108250620347393 0.30471980976013235 0.48953163771712155 0.3062706782464847 0.48694685690653433 0.3049782878411911 0.4846205541770058 0.30161807278742764
0 0.39699648469809756 0.33418631100082713 0.39544561621174523 0.32462262200165426 0.39467018196856907 0.31635132340777505 0.39467018196856907 0.3140250206782465 0.39467018196856907 0.3122156741108354 0.3949286600496278 0.3091139371381307 0.39570409429280395 0.3062706782464847 0.39699648469809756 0.30394437551695613 0.3977719189412738 0.3023935070306038 0.3990643093465674 0.3005841604631927 0.40009822167080233 0.3005841604631927 0.40139061207609594 0.3023935070306038 0.4024245244003309 0.3054952440033085 0.4039753928866832 0.3093724152191894 0.4052677832919768 0.3122156741108354 0.4065601736972705 0.31583436724565755 0.4078525641025641 0.3210039288668321 0.40888647642679904 0.32591501240694787 0.40966191066997515 0.32875827129859386 0.41017886683209265 0.33315239867659224 0.41017886683209265 0.3365126137303556 0.41017886683209265 0.3406482630272953 0.40966191066997515 0.34426695616211744 0.4094034325889165 0.34711021505376344 0.40862799834574026 0.3491780397022332 0.4078525641025641 0.3504704301075269 0.4073356079404466 0.3507289081885856 0.40449234904880066 0.34891956162117455 0.4011321339950372 0.34478391232423494 0.39880583126550867 0.3396143507030604
0 0.28249069478908184 0.25560897435897434 0.28119830438378823 0.2473376757650951 0.2809398263027295 0.2452698511166253 0.28042287014061207 0.2421681141439206 0.2799059139784946 0.2382909429280397 0.27913047973531846 0.23363833746898263 0.27913047973531846 0.22898573200992559 0.2793889578163772 0.22588399503722084 0.28042287014061207 0.22433312655086848 0.28171526054590573 0.22381617038875104 0.28249069478908184 0.22381617038875104 0.2840415632754343 0.22407464846980976 0.2863678660049628 0.22717638544251448 0.2881772125723739 0.23079507857733664 0.2894696029776675 0.23467224979321755 0.29050351530190244 0.24087572373862695 0.29127894954507855 0.24759615384615385 0.29127894954507855 0.2527657154673284 0.29127894954507855 0.25845223325062033 0.28998655913978494 0.2623294044665012 0.2876602564102564 0.2636217948717949 0.2840415632754343 0.26310483870967744 0.2827491728701406 0.26129549214226633 0.28249069478908184 0.25871071133167906
0 0.5606131100082713 0.04339846980976016 0.556218982630273 0.03977977667493799 0.5497570306038049 0.03280086848635238 0.5474307278742764 0.02995760959470639 0.544845947063689 0.027372828784119126 0.5427781224152193 0.025046526054590592 0.5409687758478082 0.021944789081885876 0.5396763854425146 0.018584574028122434 0.5391594292803971 0.01574131513647645 0.540193341604632 0.014707402812241543 0.5425196443341604 0.014707402812241543 0.544845947063689 0.015224358974358997 0.5482061621174524 0.01780913978494626 0.5518248552522746 0.02039392059553352 0.5554435483870968 0.02323717948717951 0.5595791976840364 0.026855872622001675 0.5624224565756824 0.029440653432588938 0.5655241935483872 0.03254239040529365 0.5683674524400331 0.035127171215880916 0.5709522332506204 0.037970430107526904 0.5730200578990902 0.04107216708023162 0.5743124483043839 0.04391542597187761 0.5748294044665012 0.04701716294458232 0.572244623655914 0.0477925971877585 0.5699183209263855 0.04727564102564105 0.566558105872622 0.04598325062034742
0 0.6952640954151177 0.06484278190830237 0.684421468401487 0.06232574349442381 0.6822916666666666 0.06135765179677821 0.6791937732342007 0.06000232342007437 0.6766767348203222 0.058066140024783164 0.6747405514250311 0.05516186493184636 0.6735788413878563 0.05225758983890956 0.6755150247831475 0.0507086431226766 0.6788065365551426 0.050902261462205715 0.6834533767038414 0.05187035315985132 0.6875193618339529 0.05225758983890956 0.6910044919454772 0.05303206319702604 0.6933279120198266 0.054000154894671644 0.6958449504337051 0.05516186493184636 0.698942843866171 0.056710811648079326 0.7016535006195787 0.05864699504337053 0.7032024473358117 0.060583178438661726 0.7039769206939283 0.06290659851301117 0.703783302354399 0.06445554522924414 0.7016535006195787 0.06503640024783149 0.6997173172242875 0.06523001858736062
0 0.5506311957868649 0.30008906443618344 0.5494694857496902 0.29815288104089227 0.5485013940520446 0.2958294609665428 0.547533302354399 0.2927315675340768 0.5467588289962825 0.2898272924411401 0.5461779739776952 0.2867293990086741 0.5457907372986369 0.28382512391573733 0.5455971189591079 0.2805336121437423 0.5455971189591079 0.2774357187112763 0.5454035006195787 0.2741442069392813 0.5454035006195787 0.2714335501858736 0.5455971189591079 0.2694973667905824 0.5469524473358117 0.26872289343246597 0.5481141573729864 0.26872289343246597 0.5492758674101611 0.26911013011152424 0.5502439591078067 0.27065907682775714 0.5512120508054523 0.2733697335811648 0.5517929058240397 0.2756931536555143 0.5527609975216853 0.2785974287484511 0.55392270755886 0.28343788723667906 0.5546971809169765 0.2863421623296159 0.5560525092936803 0.28963367410161095 0.5570206009913259 0.2938932775712516 0.5572142193308551 0.29795926270136314 0.5572142193308551 0.3008635377942999 0.5566333643122676 0.3035741945477076 0.5560525092936803 0.3041550495662949 0.5548907992565055 0.3051231412639405 0.552373760842627 0.3029933395291202
0 0.46524550805452297 0.8656482342007435 0.4592433395291202 0.8580971189591079 0.4571135377942999 0.8559673172242875 0.45382202602230487 0.8542247521685254 0.4503368959107807 0.8520949504337051 0.44801347583643125 0.8497715303593556 0.4449155824039653 0.8462864002478315 0.4429793990086741 0.8431885068153656 0.4416240706319703 0.840671468401487 0.4408495972738538 0.8379608116480793 0.4416240706319703 0.8367991016109045 0.44356025402726146 0.8367991016109045 0.4484007125154895 0.8371863382899628 0.45149860594795543 0.8385416666666666 0.45440288104089227 0.8408650867410162 0.45808162949194553 0.8435757434944239 0.46117952292441144 0.8464800185873607 0.46369656133829 0.8493842936802973 0.46621359975216853 0.8522885687732342 0.46834340148698883 0.8555800805452293 0.47105405824039653 0.8588715923172244 0.47299024163568776 0.8613886307311028 0.4745391883519207 0.8639056691449815 0.4755072800495663 0.8668099442379182 0.4753136617100372 0.8689397459727386 0.47415195167286245 0.8691333643122676 0.47240938661710036 0.8691333643122676 0.46950511152416363 0.8689397459727386 0.46776254646840154 0.8681652726146221
0 0.4522730793060719 0.7775518897149939 0.4507241325898389 0.7698071561338291 0.4499496592317225 0.7653539343246593 0.4493688042131351 0.7610943308550185 0.44878794919454773 0.7570283457249071 0.44878794919454773 0.7531559789343247 0.44878794919454773 0.7512197955390334 0.4501432775712516 0.7494772304832714 0.45091775092936803 0.7496708488228006 0.45304755266418834 0.7518006505576209 0.4551773543990087 0.7545113073110286 0.4569199194547708 0.7574155824039653 0.45846886617100374 0.761675185873606 0.4598241945477076 0.7661284076827758 0.46059866790582404 0.7703880111524164 0.4609859045848823 0.7738731412639406 0.4613731412639405 0.7775518897149939 0.4613731412639405 0.7812306381660471 0.4613731412639405 0.784134913258984 0.4607922862453532 0.7864583333333334 0.4598241945477076 0.7883945167286246 0.45885610285006195 0.7887817534076829 0.45769439281288726 0.7882008983890955 0.4561454460966543 0.7870391883519208 0.45498373605947956 0.7851030049566295 0.45382202602230487 0.7825859665427509
0 0.5663142812887237 0.8367991016109045 0.5703802664188352 0.8257628562577448 0.5719292131350682 0.8226649628252788 0.5736717781908303 0.8193734510532839 0.5748334882280051 0.8166627942998761 0.5759951982651796 0.8141457558859976 0.5769632899628253 0.8108542441140025 0.5775441449814127 0.8081435873605949 0.5777377633209417 0.8064010223048328 0.5777377633209417 0.8056265489467163 0.5763824349442379 0.8054329306071871 0.5740590148698885 0.8056265489467163 0.5721228314745973 0.8064010223048328 0.5703802664188352 0.8079499690210656 0.5684440830235441 0.8102733890954152 0.566895136307311 0.8129840458488229 0.5647653345724907 0.8166627942998761 0.5630227695167286 0.8209223977695167 0.5610865861214375 0.8253756195786865 0.5599248760842628 0.829441604708798 0.5589567843866171 0.8323458798017349 0.558763166047088 0.83563739157373 0.558569547707559 0.8387352850061959 0.558763166047088 0.8412523234200744 0.5593440210656754 0.8428012701363073 0.5610865861214375 0.8410587050805453 0.5630227695167286 0.8393161400247832
0 0.7674837360594796 0.8821057930607188 0.7818114931846344 0.8693269826517969 0.784134913258984 0.8671971809169765 0.7870391883519208 0.8642929058240397 0.7903307001239157 0.8611950123915738 0.7926541201982652 0.8584843556381662 0.7947839219330856 0.8559673172242875 0.7969137236679059 0.8528694237918216 0.7990435254027263 0.8497715303593556 0.8005924721189591 0.8476417286245354 0.8013669454770757 0.8458991635687733 0.8015605638166047 0.8445438351920694 0.8003988537794301 0.8433821251548947 0.7980754337050805 0.8428012701363073 0.7942030669144982 0.8431885068153656 0.7912987918215614 0.8441565985130112 0.7885881350681536 0.8453183085501859 0.7854902416356878 0.847060873605948 0.7829732032218092 0.8489970570012393 0.7800689281288723 0.8511268587360595 0.77619656133829 0.8548056071871127 0.7734859045848823 0.8575162639405204 0.7709688661710037 0.8596460656753407 0.7676773543990087 0.8629375774473359 0.7653539343246593 0.8656482342007435 0.7634177509293681 0.8681652726146221 0.761675185873606 0.8706823110285007 0.7597390024783147 0.8730057311028501 0.7579964374225526 0.8753291511771996 0.7562538723667906 0.8782334262701365 0.755285780669145 0.8809440830235441 0.7543176889714994 0.8836547397769517 0.7541240706319703 0.8863653965303594 0.7562538723667906 0.8865590148698885 0.7589645291201983 0.8861717781908303 0.7620624225526643 0.8848164498141264 0.7639986059479554 0.8836547397769517
0 0.7082365241635689 0.7254685563816605 0.703783302354399 0.7223706629491945 0.7002981722428748 0.7198536245353161 0.6970066604708798 0.7175302044609666 0.6939087670384139 0.714819547707559 0.690810873605948 0.7124961276332094 0.6869385068153656 0.7093982342007435 0.6838406133828997 0.7063003407682776 0.6815171933085502 0.7033960656753407 0.6791937732342007 0.7001045539033458 0.6778384448574969 0.6968130421313508 0.6776448265179678 0.6941023853779431 0.6778384448574969 0.69255343866171 0.6803554832713755 0.692359820322181 0.684227850061958 0.6933279120198266 0.6890683085501859 0.6946832403965304 0.6929406753407683 0.6962321871127634 0.6968130421313508 0.6983619888475837 0.7012662639405204 0.7014598822800496 0.7049450123915738 0.7039769206939283 0.7084301425030979 0.7070748141263941 0.7115280359355638 0.7097854708798017 0.7146259293680297 0.7138514560099133 0.7169493494423792 0.7169493494423792 0.7192727695167286 0.7200472428748451 0.7219834262701362 0.7237259913258984 0.7235323729863693 0.7260494114002479 0.7241132280049566 0.7285664498141264 0.7237259913258984 0.7308898698884758 0.7214025712515489 0.7308898698884758 0.718304677819083 0.7303090148698885 0.7154004027261462 0.7291473048327137 0.7130769826517969 0.727985594795539
0 0.7885881350681536 0.7004917905824041 0.7849093866171004 0.6952640954151177 0.7837476765799257 0.69255343866171 0.7827795848822802 0.6902300185873607 0.7816178748451054 0.687712980173482 0.7800689281288723 0.6851959417596035 0.7783263630731103 0.6822916666666666 0.7769710346964065 0.67938739157373 0.7760029429987608 0.6766767348203222 0.7758093246592318 0.6741596964064436 0.77619656133829 0.6724171313506815 0.7775518897149939 0.6716426579925652 0.7787135997521685 0.6716426579925652 0.7800689281288723 0.6724171313506815 0.7818114931846344 0.6735788413878563 0.7837476765799257 0.6757086431226766 0.7849093866171004 0.678032063197026 0.7866519516728625 0.6815171933085502 0.7880072800495663 0.684421468401487 0.7901370817843867 0.6879065985130112 0.7920732651796778 0.6910044919454772 0.7938158302354399 0.6944896220570013 0.7947839219330856 0.697393897149938 0.7953647769516728 0.7001045539033458 0.7951711586121438 0.7024279739776952 0.7934285935563816 0.70358968401487 0.7918796468401488 0.70358968401487
0 0.768064591078067 0.1591349132589839 0.7609007125154895 0.15661787484510536 0.7579964374225526 0.1552625464684015 0.7548985439900868 0.15410083643122677 0.7518006505576209 0.1523582713754647 0.7494772304832714 0.1506157063197026 0.7471538104089219 0.14867952292441142 0.74541124535316 0.14693695786864935 0.7436686802973979 0.14500077447335816 0.7421197335811648 0.14209649938042135 0.740764405204461 0.14016031598513015 0.7390218401486989 0.13803051425030982 0.7380537484510533 0.13648156753407686 0.7388282218091698 0.13493262081784388 0.7411516418835192 0.13454538413878567 0.7450240086741017 0.13435176579925653 0.7473474287484511 0.13454538413878567 0.7512197955390334 0.135126239157373 0.7556730173482032 0.13628794919454773 0.7597390024783147 0.13803051425030982 0.7636113692688972 0.13996669764560102 0.7670964993804213 0.14229011771995045 0.7703880111524164 0.14500077447335816 0.7734859045848823 0.14809866790582407 0.7758093246592318 0.15080932465923175 0.7777455080545229 0.1539072180916977 0.7791008364312267 0.15642425650557623 0.779488073110285 0.15855405824039656 0.777939126394052 0.15952214993804217 0.7744539962825279 0.15990938661710039 0.7721305762081785 0.15990938661710039
0 0.8340884448574969 0.15022846964064437 0.8346692998760843 0.14713057620817846 0.8352501548946717 0.14403268277571254 0.8362182465923172 0.1407411710037175 0.8369927199504338 0.13803051425030982 0.8381544299876084 0.135126239157373 0.8397033767038414 0.13183472738537796 0.8414459417596035 0.12970492565055763 0.8428012701363073 0.12893045229244116 0.8441565985130112 0.1293176889714994 0.8451246902106568 0.130285780669145 0.845511926889715 0.13241558240396534 0.8457055452292441 0.13493262081784388 0.8457055452292441 0.1378368959107807 0.8449310718711277 0.14190288104089221 0.8441565985130112 0.14500077447335816 0.8431885068153656 0.14867952292441142 0.8420267967781908 0.15158379801734823 0.8400906133828997 0.1552625464684015 0.8385416666666666 0.15777958488228006 0.8366054832713755 0.15952214993804217 0.8344756815365552 0.16029662329615862 0.8333139714993805 0.15894129491945477 0.8333139714993805 0.156037019826518 0.8337012081784387 0.15293912639405208
0 0.794009448574969 0.03521917596034698 0.7852966232961587 0.03580003097893435 0.774647614622057 0.036187267657992586 0.7721305762081785 0.035993649318463466 0.7700007744733581 0.035993649318463466 0.766515644361834 0.03580003097893435 0.764773079306072 0.0354127942998761 0.7622560408921933 0.03463832094175962 0.7593517657992565 0.03386384758364314 0.7556730173482032 0.03328299256505578 0.753543215613383 0.033089374225526665 0.7523815055762082 0.03270213754646842 0.7519942688971499 0.03134680916976458 0.7519942688971499 0.029410625774473377 0.7531559789343247 0.028055297397769532 0.7545113073110286 0.02650635068153657 0.7562538723667906 0.02476378562577449 0.7587709107806692 0.02302122057001241 0.7620624225526643 0.02205312887236681 0.7659347893432467 0.02185951053283769 0.7698071561338291 0.021665892193308566 0.7742603779429988 0.021472273853779447 0.7789072180916977 0.021278655514250327 0.7837476765799257 0.021278655514250327 0.7885881350681536 0.021278655514250327 0.7930413568773235 0.021278655514250327 0.7971073420074349 0.021278655514250327 0.8007860904584884 0.021472273853779447 0.8046584572490707 0.022633983890954168 0.8079499690210656 0.024376548946716252 0.8110478624535316 0.026893587360594814 0.8127904275092936 0.028829770755886015 0.8129840458488229 0.029991480793060736 0.8118223358116481 0.03134680916976458 0.810079770755886 0.03173404584882282 0.8062074039653037 0.03289575588599754 0.8027222738537795 0.03367022924411402 0.7984626703841388 0.03463832094175962
0 0.947048611111111 0.8772467320261438 0.9373468137254902 0.8818423202614378 0.9327512254901962 0.8833741830065359 0.9291768790849673 0.8843954248366013 0.9245812908496732 0.8854166666666666 0.9220281862745098 0.8854166666666666 0.921517565359477 0.8792892156862745 0.9281556372549019 0.8736723856209151 0.9332618464052287 0.8711192810457516 0.9363255718954249 0.8690767973856208 0.9419424019607843 0.8670343137254902 0.9455167483660131 0.8665236928104575 0.9496017156862745 0.8670343137254902 0.9531760620915032 0.8706086601307189 0.9521548202614379 0.875204248366013
0 0.6279105392156862 0.9385212418300654 0.612591911764706 0.9344362745098038 0.6085069444444444 0.9323937908496732 0.6054432189542484 0.9308619281045751 0.6018688725490196 0.929330065359477 0.5982945261437909 0.9272875816993463 0.5942095588235294 0.9237132352941176 0.5936989379084968 0.9206495098039215 0.5942095588235294 0.9180964052287581 0.5993157679738562 0.9160539215686274 0.6018688725490196 0.9160539215686274 0.6074857026143792 0.9165645424836601 0.6279105392156862 0.9237132352941176 0.6401654411764707 0.9283088235294117 0.6442504084967321 0.9298406862745098 0.6478247549019608 0.9339256535947712 0.6483353758169934 0.9364787581699346 0.6452716503267975 0.9385212418300654 0.6386335784313726 0.9385212418300654
0 0.09431168300653597 0.4467933006535948 0.09175857843137258 0.43913398692810457 0.08767361111111113 0.43249591503267976 0.08665236928104578 0.4253472222222222 0.08563112745098041 0.4166666666666667 0.08665236928104578 0.41156045751633985 0.08920547385620917 0.41104983660130723 0.09329044117647062 0.4156454248366013 0.09533292483660132 0.41870915032679734 0.10043913398692812 0.42483660130718953 0.10401348039215688 0.43096405228758167 0.10656658496732027 0.4350490196078431 0.10809844771241833 0.43964460784313725 0.10963031045751638 0.4452614379084967 0.11014093137254903 0.45036764705882354 0.11014093137254903 0.45292075163398693 0.108609068627451 0.4554738562091503 0.10401348039215688 0.455984477124183 0.09890727124183009 0.45292075163398693
0 0.055504493464052305 0.6403186274509804 0.042738970588235316 0.6418504901960784 0.039675245098039234 0.642361111111111 0.03661151960784316 0.642361111111111 0.03354779411764708 0.6428717320261438 0.030994689542483685 0.6418504901960784 0.03405841503267976 0.6392973856209151 0.03916462418300656 0.6357230392156862 0.04171772875816995 0.6341911764705882 0.04580269607843139 0.6326593137254902 0.05039828431372551 0.6306168300653595 0.054993872549019635 0.6290849673202614 0.05856821895424838 0.6285743464052287 0.06316380718954251 0.6285743464052287 0.068780637254902 0.6285743464052287 0.07184436274509806 0.6285743464052287 0.07490808823529414 0.6311274509803921 0.07490808823529414 0.6347017973856208 0.06724877450980396 0.6367442810457516 0.06367442810457519 0.6382761437908496
0 0.9496017156862745 0.776654411764706 0.9633884803921569 0.7725694444444444 0.9684946895424836 0.7705269607843138 0.9730902777777778 0.768484477124183 0.977685866013072 0.7659313725490196 0.9833026960784313 0.7633782679738562 0.9868770424836601 0.7603145424836601 0.9884089052287581 0.7572508169934641 0.9858558006535947 0.7552083333333334 0.9833026960784313 0.7546977124183006 0.9792177287581699 0.7546977124183006 0.9756433823529412 0.7546977124183006 0.9700265522875817 0.7562295751633987 0.9633884803921569 0.7587826797385621 0.9582822712418301 0.7608251633986928 0.9541973039215687 0.7623570261437909 0.9490910947712419 0.7649101307189542 0.942453022875817 0.7679738562091504 0.9383680555555556 0.7710375816993463 0.937857434640523 0.7725694444444444 0.9409211601307189 0.7751225490196079
0 0.16192528735632183 0.0005747126436781609 0.1682471264367816 0.00014367816091954023 0.16594827586206898 0.008045977011494253 0.16379310344827586 0.02385057471264368 0.16336206896551722 0.03405172413793103 0.1589080459770115 0.03462643678160919 0.15761494252873565 0.02600574712643678 0.15977011494252874 0.014080459770114942 0.1603448275862069 0.00646551724137931
0 0.12816499721758484 0.9978436282693378 0.12764329437952143 0.987409571508069 0.12886060100166943 0.9816708402893711 0.13181691708402893 0.9773233166388425 0.13407762938230386 0.9780189204229272 0.135468836950473 0.9835837506956037 0.13703394546466333 0.9914092932665554 0.13686004451864217 0.9976697273233166
0 0.47648859209794103 0.9980175292153589 0.47440178074568723 0.9863661658319421 0.4726627712854758 0.9722801892042292 0.4731844741235392 0.9663675570395103 0.4780537006121313 0.9668892598775737 0.4832707289927657 0.9783667223149694 0.48466193656093487 0.987409571508069 0.48431413466889256 0.9936700055648302 0.4838475175128482 0.9989583333333333
0 0.8692708333333333 0.6786458333333333 0.8739583333333333 0.6792708333333334 0.8827083333333333 0.6842708333333333 0.8895833333333333 0.6892708333333334 0.8908333333333334 0.6925 0.885625 0.6922916666666666 0.8791666666666667 0.6869791666666667 0.8710416666666667 0.6825
0 0.9302083333333333 0.43822916666666667 0.9293750000000001 0.4275 0.9345833333333334 0.419375 0.9451041666666666 0.4083333333333333 0.95 0.40447916666666667 0.9565625 0.40041666666666664 0.9590625 0.4008333333333333 0.9591666666666666 0.41041666666666665 0.9566666666666667 0.4192708333333333 0.9491666666666667 0.4267708333333333 0.9416666666666667 0.43552083333333336 0.9348958333333334 0.43947916666666664 0.9314583333333334 0.439375
0 0.6728778467908901 0.16530797101449274 0.6770833333333334 0.16563146997929606 0.6793478260869565 0.1695134575569358 0.6796713250517599 0.17145445134575568 0.6799948240165631 0.17371894409937885 0.6799948240165631 0.1766304347826087 0.6803183229813664 0.1795419254658385 0.6803183229813664 0.18277691511387165 0.6803183229813664 0.18504140786749482 0.6790243271221532 0.18892339544513456 0.6774068322981367 0.192481884057971 0.67675983436853 0.19571687370600413 0.6754658385093167 0.19959886128364387 0.6738483436853002 0.2021868530020704 0.6702898550724636 0.20736283643892336 0.666407867494824 0.20865683229813664 0.6618788819875776 0.21156832298136644 0.6579968944099378 0.20703933747412007 0.6563793995859213 0.20153985507246377 0.6563793995859213 0.1973343685300207 0.6570263975155279 0.19118788819875776 0.6586438923395445 0.18536490683229812 0.6625258799171843 0.17727743271221533 0.6641433747412008 0.17339544513457555 0.6651138716356108 0.17145445134575568
0 0.4753989361702127 0.17813608156028368 0.4798315602836879 0.18035239361702127 0.4823249113475177 0.18284574468085105 0.4850953014184397 0.18506205673758863 0.4892508865248227 0.18894060283687944 0.4931294326241134 0.1953125 0.49451462765957444 0.19808289007092197 0.49479166666666663 0.20113031914893617 0.4931294326241134 0.20140735815602837 0.4864804964539007 0.196697695035461 0.4837101063829787 0.1933732269503546 0.4787234042553191 0.1908798758865248 0.4756759751773049 0.18838652482269502 0.47345966312056736 0.18478501773049644 0.47235150709219853 0.18201462765957446 0.4717974290780142 0.17952127659574468 0.4717974290780142 0.1761968085106383
0 0.3400735294117647 0.194327731092437 0.3433560924369748 0.1903886554621849 0.3459821428571429 0.18820028011204482 0.3470763305322129 0.1879814425770308 0.351234243697479 0.1908263305322129 0.35189075630252103 0.19345238095238096 0.35189075630252103 0.19607843137254904 0.35189075630252103 0.20001750700280113 0.35057773109243695 0.2068014705882353 0.35014005602240894 0.21227240896358543 0.35014005602240894 0.21621148459383754 0.34817051820728295 0.22102591036414568 0.3462009803921569 0.2221200980392157 0.34138655462184875 0.2221200980392157 0.3400735294117647 0.2173056722689076 0.3383228291316527 0.2107405462184874 0.33722864145658266 0.20702030812324929 0.3385416666666667 0.20220588235294118
0 0.3178694158075601 0.33397766323024053 0.3232388316151203 0.3358569587628866 0.3251181271477663 0.33639390034364264 0.3272658934707904 0.3382731958762887 0.3291451890034364 0.33988402061855666 0.3320983676975945 0.34176331615120276 0.3347830756013746 0.3449849656357388 0.33719931271477666 0.34847508591065296 0.34068943298969073 0.35679768041237114 0.34149484536082475 0.3613616838487973 0.34149484536082475 0.3629725085910653 0.3390786082474227 0.3635094501718213 0.33451460481099654 0.3624355670103093 0.3299506013745705 0.3597508591065292 0.32592353951890035 0.3551868556701031 0.32189647766323026 0.350622852233677 0.32028565292096217 0.34713273195876293 0.3194802405498282 0.3428371993127148 0.31840635738831613 0.33666237113402064
0 0.11793785310734463 0.1338276836158192 0.11970338983050846 0.13117937853107345 0.12199858757062147 0.1327683615819209 0.12429378531073446 0.13435734463276836 0.12552966101694915 0.1361228813559322 0.1269420903954802 0.13894774011299435 0.12870762711864406 0.1426553672316384 0.12976694915254236 0.1461864406779661 0.13100282485875706 0.15077683615819207 0.13117937853107345 0.1548375706214689 0.1315324858757062 0.15995762711864406 0.13188559322033896 0.16525423728813557 0.13223870056497175 0.1694915254237288 0.13117937853107345 0.17231638418079095 0.1258827683615819 0.16931497175141244 0.1237641242937853 0.1638418079096045 0.12252824858757062 0.1606638418079096 0.12182203389830508 0.1573093220338983 0.12129237288135593 0.15448446327683615 0.120409604519774 0.15112994350282485 0.11917372881355931 0.14724576271186438 0.11846751412429377 0.1437146892655367 0.11776129943502825 0.13947740112994347
0 0.19237346101231187 0.24310305517555858 0.1930859553123575 0.23982558139534882 0.19365595075239395 0.23512311901504787 0.19493844049247605 0.23298563611491108 0.1967909256725946 0.23198814409484722 0.19992590059279525 0.23198814409484722 0.2023483812129503 0.23355563155494755 0.20405836753305973 0.2354081167350661 0.20648084815321477 0.23768809849521202 0.20733584131326946 0.24011057911536707 0.20733584131326946 0.24224806201550386 0.20676584587323302 0.24566803465572276 0.20434336525307797 0.251937984496124 0.2023483812129503 0.2545029639762882 0.20092339261285908 0.2552154582763338 0.19850091199270406 0.2549304605563155 0.19550843593251252 0.2533629730962152 0.19408344733242133 0.2502279981760146 0.19322845417236661 0.24737802097583217
0 0.589859437751004 0.7086680053547523 0.593206157965194 0.712642235609103 0.5938336680053546 0.7147339357429718 0.5936244979919678 0.7166164658634538 0.586303547523427 0.7141064257028111 0.5850485274431058 0.7130605756358768 0.5810742971887549 0.7115963855421686 0.5764725568942436 0.7103413654618473 0.5733350066934404 0.7084588353413654 0.5701974564926372 0.703857095046854 0.5693607764390897 0.7011378848728246 0.5697791164658634 0.6965361445783133 0.5708249665327979 0.6961178045515394 0.5762633868808568 0.6965361445783133 0.57940093708166 0.698627844712182 0.5850485274431058 0.7023929049531458 0.5869310575635877 0.7046937751004015 0.5883952476572958 0.7065763052208834
0 0.11433919270833333 0.5305989583333334 0.11555989583333333 0.52734375 0.11962890625 0.5240885416666666 0.1220703125 0.5224609375 0.12980143229166666 0.5208333333333334 0.13427734375 0.5204264322916666 0.14607747395833334 0.5216471354166666 0.14607747395833334 0.528564453125 0.14322916666666666 0.531005859375 0.140380859375 0.5326334635416666 0.13468424479166666 0.5338541666666666 0.12939453125 0.5342610677083334 0.12410481770833333 0.53466796875 0.11881510416666667 0.53466796875
0 0.6555810397553518 0.8209097859327217 0.6625891946992865 0.8209097859327217 0.6654561671763506 0.822183995922528 0.6753312945973496 0.8279179408766565 0.6785168195718654 0.8311034658511722 0.6817023445463813 0.834288990825688 0.6861620795107034 0.8432084607543323 0.686480632008155 0.8448012232415902 0.6858435270132517 0.8470310907237513 0.6832951070336392 0.8486238532110092 0.6775611620795108 0.8467125382262997 0.6734199796126402 0.8425713557594291 0.6683231396534149 0.8390672782874619 0.6635448521916412 0.8352446483180428 0.66131498470948 0.8326962283384302 0.6584480122324159 0.8282364933741081 0.6565366972477064 0.8260066258919471
