1 0.6943167892156862 0.24816176470588233 0.6870404411764706 0.24011948529411764 0.685125612745098 0.2385876225490196 0.68359375 0.23667279411764705 0.6820618872549019 0.23360906862745096 0.6805300245098038 0.22977941176470587 0.6797640931372548 0.2259497549019608 0.6789981617647058 0.22173713235294115 0.6786151960784312 0.21637561274509803 0.6786151960784312 0.2113970588235294 0.6797640931372548 0.20603553921568626 0.6824448529411764 0.20143995098039216 0.6843596813725489 0.19799325980392155 0.6878063725490196 0.1922487745098039 0.6908700980392156 0.1880361519607843 0.6943167892156862 0.1838235294117647 0.6977634803921567 0.1799938725490196 0.7019761029411764 0.17654718137254902 0.7073376225490196 0.17348345588235292 0.7123161764705882 0.17041973039215685 0.7165287990196079 0.1685049019607843 0.7215073529411764 0.16697303921568626 0.7264859068627451 0.16620710784313722 0.7310814950980391 0.16659007352941174 0.7345281862745098 0.1677389705882353 0.7387408088235293 0.17003676470588233 0.7421875 0.1727175245098039 0.7452512254901961 0.17654718137254902 0.7479319852941176 0.18114276960784312 0.7494638480392156 0.18497242647058823 0.7498468137254901 0.18956801470588233 0.7506127450980391 0.19378063725490194 0.7506127450980391 0.19837622549019607 0.7494638480392156 0.20258884803921567 0.7486979166666666 0.2064185049019608 0.746783088235294 0.2110140931372549 0.7448682598039215 0.2159926470588235 0.7429534313725489 0.22097120098039216 0.7410386029411764 0.22633272058823525 0.7383578431372548 0.2309283088235294 0.7360600490196078 0.23399203431372548 0.7326133578431372 0.23705575980392155 0.7280177696078431 0.24050245098039216 0.7234221813725489 0.24356617647058823 0.7161458333333334 0.24701286764705882 0.7061887254901961 0.24816176470588233 0.6992953431372548 0.24892769607843135
1 0.5610447303921567 0.2225030637254902 0.5537683823529412 0.21446078431372548 0.5510876225490196 0.2113970588235294 0.5487898284313725 0.20718443627450978 0.5464920343137255 0.2029718137254902 0.5449601715686274 0.19914215686274508 0.5438112745098038 0.19454656862745096 0.5434283088235293 0.18956801470588233 0.5434283088235293 0.18497242647058823 0.5441942401960784 0.1799938725490196 0.5457261029411764 0.17539828431372548 0.548406862745098 0.17080269607843138 0.5518535539215687 0.1673560049019608 0.5560661764705882 0.1650582107843137 0.5625765931372548 0.16314338235294115 0.5683210784313725 0.16314338235294115 0.5725337009803921 0.1639093137254902 0.5759803921568627 0.16582414215686275 0.5844056372549019 0.17118566176470587 0.5916819852941176 0.1799938725490196 0.5935968137254901 0.1834405637254902 0.5955116421568627 0.18612132352941174 0.5970435049019608 0.18880208333333334 0.5985753676470588 0.1918658088235294 0.6001072303921567 0.1953125 0.6012561274509803 0.1995251225490196 0.6020220588235293 0.20373774509803919 0.6020220588235293 0.20718443627450978 0.6012561274509803 0.21063112745098037 0.5997242647058824 0.21369485294117646 0.5974264705882353 0.21790747549019607 0.5951286764705882 0.22135416666666663 0.5920649509803921 0.22480085784313722 0.5886182598039215 0.2270986519607843 0.5863204656862745 0.22786458333333331 0.5817248774509803 0.2282475490196078 0.5778952205882353 0.2282475490196078 0.5736825980392157 0.22748161764705882 0.568704044117647 0.2259497549019608
1 0.4541973039215686 0.2998621323529412 0.4438572303921568 0.293734681372549 0.43772977941176466 0.2876072303921568 0.43275122549019607 0.27765012254901955 0.43160232843137253 0.2734375 0.4308363970588235 0.2680759803921568 0.430453431372549 0.2634803921568627 0.431985294117647 0.26003370098039214 0.43543198529411764 0.25582107843137253 0.43926164215686275 0.25275735294117646 0.4438572303921568 0.2504595588235294 0.44921874999999994 0.24931066176470587 0.4541973039215686 0.24931066176470587 0.4607077205882353 0.2508425245098039 0.4664522058823529 0.2523743872549019 0.4721966911764705 0.254672181372549 0.47679227941176466 0.25735294117647056 0.4821537990196078 0.26041666666666663 0.4863664215686274 0.2630974264705882 0.4894301470588235 0.2650122549019608 0.49249387254901955 0.26731004901960786 0.49440870098039214 0.2696078431372549 0.49594056372549017 0.2730545343137255 0.4974724264705882 0.27765012254901955 0.4982383578431372 0.2818627450980392 0.49900428921568624 0.2887561274509804 0.49900428921568624 0.2941176470588235 0.49938725490196073 0.29871323529411764 0.49862132352941174 0.3017769607843137 0.4970894607843137 0.30369178921568624 0.49479166666666663 0.3052236519607843 0.4909620098039216 0.3071384803921568 0.48560049019607837 0.30790441176470584 0.4806219362745098 0.3082873774509804 0.46798406862745096 0.30790441176470584 0.45955882352941174 0.30330882352941174
1 0.3760723039215686 0.22212009803921567 0.3653492647058823 0.21560968137254902 0.3638174019607843 0.21292892156862744 0.36266850490196073 0.20909926470588233 0.36266850490196073 0.20680147058823525 0.36266850490196073 0.20258884803921567 0.36266850490196073 0.19875919117647056 0.3634344362745098 0.19416360294117646 0.36611519607843135 0.18880208333333334 0.3691789215686274 0.18497242647058823 0.371859681372549 0.18114276960784312 0.37492340686274506 0.17807904411764705 0.3779871323529411 0.17501531862745096 0.38181678921568624 0.1723345588235294 0.38602941176470584 0.17041973039215685 0.38985906862745096 0.16927083333333334 0.3940716911764705 0.16812193627450978 0.3990502450980392 0.1673560049019608 0.4036458333333333 0.16697303921568626 0.4078584558823529 0.1673560049019608 0.41207107843137253 0.16812193627450978 0.41628370098039214 0.16927083333333334 0.4201133578431372 0.17080269607843138 0.4224111519607843 0.1727175245098039 0.42470894607843135 0.17731311274509803 0.4258578431372549 0.18152573529411764 0.4262408088235294 0.18535539215686275 0.4262408088235294 0.19033394607843138 0.4258578431372549 0.1956954656862745 0.4243259803921568 0.19914215686274508 0.4220281862745098 0.20258884803921567 0.41973039215686275 0.20565257352941174 0.4170496323529411 0.20909926470588233 0.4151348039215686 0.2117800245098039 0.41207107843137253 0.21484374999999997 0.40900735294117646 0.21752450980392155 0.4059436274509804 0.2194393382352941 0.4024969362745098 0.22097120098039216 0.39866727941176466 0.2228860294117647 0.39445465686274506 0.22441789215686275 0.3890931372549019 0.22556678921568626 0.38564644607843135 0.22556678921568626 0.38181678921568624 0.22518382352941174
1 0.47257965686274506 0.1256127450980392 0.46223958333333326 0.12331495098039215 0.45994178921568624 0.1210171568627451 0.45687806372549017 0.117953431372549 0.4541973039215686 0.11374080882352941 0.45304840686274506 0.1099111519607843 0.4518995098039216 0.1060814950980392 0.45113357843137253 0.10071997549019608 0.4503676470588235 0.09535845588235294 0.4503676470588235 0.0899969362745098 0.45075061274509803 0.08463541666666667 0.4518995098039216 0.07927389705882353 0.4545802696078431 0.07352941176470587 0.4580269607843137 0.06855085784313725 0.46223958333333326 0.06318933823529412 0.4656862745098039 0.05935968137254902 0.47028186274509803 0.054381127450980386 0.47449448529411764 0.04978553921568627 0.4783241421568627 0.0467218137254902 0.4813878676470588 0.04480698529411764 0.4859834558823529 0.043658088235294115 0.49211090686274506 0.04289215686274509 0.4978553921568627 0.04289215686274509 0.5024509803921569 0.043658088235294115 0.507046568627451 0.045572916666666664 0.5112591911764706 0.04825367647058823 0.5158547794117647 0.050934436274509796 0.5204503676470588 0.054381127450980386 0.5231311274509803 0.05859374999999999 0.5246629901960784 0.0628063725490196 0.5254289215686274 0.06816789215686274 0.5254289215686274 0.07352941176470587 0.5254289215686274 0.08003982843137254 0.5254289215686274 0.08501838235294117 0.5242800245098038 0.08884803921568626 0.5231311274509803 0.0934436274509804 0.5212162990196078 0.09727328431372548 0.5189185049019608 0.10110294117647058 0.5166207107843137 0.10416666666666666 0.5147058823529411 0.10646446078431372 0.5116421568627451 0.1099111519607843 0.5081954656862745 0.11374080882352941 0.5051317401960784 0.11718749999999999 0.5028339460784313 0.11948529411764705 0.5001531862745098 0.12178308823529412 0.4970894607843137 0.12331495098039215 0.49402573529411764 0.1252297794117647 0.49019607843137253 0.12676164215686275 0.48751531862745096 0.12752757352941177 0.4840686274509804 0.12791053921568626 0.4802389705882353 0.12791053921568626
1 0.3833486519607843 0.14054840686274508 0.37492340686274506 0.13212316176470587 0.373391544117647 0.13020833333333331 0.3707107843137255 0.12714460784313725 0.3687959558823529 0.12484681372549018 0.3657322303921568 0.12178308823529412 0.3630514705882353 0.11871936274509803 0.36151960784313725 0.11603860294117646 0.35960477941176466 0.11220894607843138 0.3584558823529411 0.10799632352941176 0.35768995098039214 0.10301776960784313 0.35768995098039214 0.09842218137254902 0.35768995098039214 0.09535845588235294 0.3584558823529411 0.09114583333333333 0.3599877450980392 0.08769914215686274 0.36266850490196073 0.08463541666666667 0.3657322303921568 0.08233762254901959 0.3695618872549019 0.08080575980392156 0.373391544117647 0.08003982843137254 0.3783700980392156 0.07965686274509803 0.38181678921568624 0.07965686274509803 0.38602941176470584 0.08118872549019608 0.390625 0.08272058823529412 0.3940716911764705 0.08425245098039215 0.3979013480392156 0.0861672794117647 0.40096507352941174 0.08846507352941176 0.40517769607843135 0.09152879901960784 0.40900735294117646 0.0945925245098039 0.412454044117647 0.09803921568627451 0.4155177696078431 0.10110294117647058 0.4174325980392156 0.10378370098039215 0.4201133578431372 0.10684742647058823 0.4224111519607843 0.11029411764705882 0.42470894607843135 0.11374080882352941 0.4266237745098039 0.11718749999999999 0.4281556372549019 0.12025122549019608 0.42892156862745096 0.12446384803921567 0.4293045343137255 0.1290594362745098 0.42892156862745096 0.1332720588235294 0.4277726715686274 0.13671875 0.4258578431372549 0.14054840686274508 0.4239430147058823 0.14399509803921567 0.4220281862745098 0.14629289215686275 0.41781556372549017 0.14744178921568626 0.41207107843137253 0.1482077205882353 0.4063265931372549 0.1478247549019608 0.3990502450980392 0.14629289215686275 0.39483762254901955 0.1447610294117647 0.39100796568627444 0.14322916666666666
1 0.5989583333333334 0.12637867647058823 0.5962775735294117 0.11680453431372548 0.5951286764705882 0.11450674019607843 0.5943627450980391 0.11144301470588235 0.5939797794117646 0.10761335784313725 0.5939797794117646 0.10378370098039215 0.5939797794117646 0.09957107843137254 0.5939797794117646 0.0945925245098039 0.5943627450980391 0.09037990196078431 0.5955116421568627 0.08578431372549018 0.5966605392156862 0.08118872549019608 0.5978094362745098 0.07735906862745098 0.5989583333333334 0.07467830882352941 0.6008731617647058 0.07199754901960784 0.6027879901960784 0.0700827205882353 0.6050857843137255 0.06855085784313725 0.6085324754901961 0.0670189950980392 0.6127450980392157 0.0666360294117647 0.6173406862745098 0.0662530637254902 0.6223192401960784 0.0670189950980392 0.6269148284313725 0.06816789215686274 0.6307444852941176 0.0700827205882353 0.6349571078431372 0.07276348039215685 0.6387867647058822 0.07659313725490197 0.6418504901960784 0.08042279411764705 0.643765318627451 0.08463541666666667 0.64453125 0.08884803921568626 0.6452971813725489 0.0934436274509804 0.6452971813725489 0.09880514705882353 0.6456801470588235 0.10416666666666666 0.6456801470588235 0.10837928921568626 0.6449142156862745 0.11335784313725489 0.6433823529411764 0.11833639705882353 0.6414675245098038 0.12331495098039215 0.6395526960784312 0.12676164215686275 0.6364889705882353 0.13059129901960784 0.6341911764705882 0.1332720588235294 0.6315104166666666 0.13480392156862744 0.6288296568627451 0.13671875 0.625 0.13671875 0.6196384803921567 0.1371017156862745 0.6169577205882353 0.1371017156862745 0.6127450980392157 0.13748468137254902 0.6085324754901961 0.13671875 0.60546875 0.13442095588235292 0.6024050245098038 0.13097426470588233
1 0.34696691176470584 0.05284926470588235 0.33969056372549017 0.049019607843137254 0.3370098039215686 0.0467218137254902 0.33509497549019607 0.04289215686274509 0.3331801470588235 0.040211397058823525 0.33241421568627444 0.03638174019607843 0.3316482843137255 0.03102022058823529 0.3316482843137255 0.026807598039215685 0.33356311274509803 0.023743872549019607 0.3370098039215686 0.01991421568627451 0.34198835784313725 0.01685049019607843 0.3477328431372549 0.013403799019607842 0.3527113970588235 0.011871936274509803 0.3584558823529411 0.011106004901960783 0.3680300245098039 0.013403799019607842 0.37913602941176466 0.015318627450980392 0.38219975490196073 0.01723345588235294 0.3844975490196078 0.01914828431372549 0.38794424019607837 0.024126838235294115 0.3902420343137255 0.027190563725490193 0.39215686274509803 0.030254289215686275 0.39215686274509803 0.03255208333333333 0.3917738970588235 0.03599877450980392 0.38947610294117646 0.04136029411764706 0.3867953431372549 0.04480698529411764 0.3844975490196078 0.047487745098039214 0.3833486519607843 0.04940257352941176 0.3810508578431372 0.051317401960784305 0.3783700980392156 0.05284926470588235 0.3760723039215686 0.05361519607843137 0.37300857843137253 0.0547640931372549 0.36994485294117646 0.05591299019607843 0.3676470588235294 0.05591299019607843 0.3642003676470588 0.05591299019607843 0.35922181372549017 0.05591299019607843 0.3569240196078431 0.05553002450980392 0.35194546568627444 0.054381127450980386
1 0.6889552696078431 0.011871936274509803 0.6866574754901961 0.01608455882352941 0.6824448529411764 0.02068014705882353 0.6793811274509803 0.023743872549019607 0.6751685049019608 0.025658700980392152 0.6698069852941176 0.027573529411764705 0.6636795343137255 0.028722426470588234 0.6602328431372548 0.029105392156862742 0.6544883578431372 0.027190563725490193 0.6498927696078431 0.025658700980392152 0.6452971813725489 0.024126838235294115 0.6410845588235293 0.021829044117647058 0.6372549019607843 0.01991421568627451 0.6345741421568627 0.01685049019607843 0.6315104166666666 0.013786764705882353 0.6284466911764706 0.010340073529411764 0.625765931372549 0.006893382352941176 0.6230851715686274 0.0007659313725490196 0.6878063725490196 0.0011488970588235292 0.6885723039215687 0.005361519607843136 0.6889552696078431 0.008042279411764705
1 0.8865655637254901 0.09574142156862744 0.8846507352941176 0.08272058823529412 0.8850337009803921 0.07889093137254902 0.8854166666666665 0.0750612745098039 0.8861825980392156 0.07199754901960784 0.8869485294117646 0.06855085784313725 0.8877144607843136 0.06510416666666666 0.8884803921568627 0.06204044117647058 0.8907781862745098 0.0589767156862745 0.8926930147058822 0.05514705882352941 0.8946078431372548 0.051317401960784305 0.8969056372549019 0.04825367647058823 0.8984374999999999 0.04595588235294117 0.9015012254901961 0.04442401960784313 0.9049479166666665 0.0432751225490196 0.9106924019607843 0.0432751225490196 0.9156709558823529 0.043658088235294115 0.9198835784313725 0.045572916666666664 0.922564338235294 0.049019607843137254 0.9237132352941176 0.052466299019607844 0.9237132352941176 0.056678921568627444 0.9237132352941176 0.059742647058823525 0.9244791666666665 0.06318933823529412 0.9252450980392156 0.0666360294117647 0.9252450980392156 0.07084865196078431 0.924862132352941 0.07467830882352941 0.924096200980392 0.07774203431372548 0.9233302696078431 0.08080575980392156 0.922564338235294 0.08463541666666667 0.9217984068627451 0.08846507352941176 0.9210324754901961 0.09114583333333333 0.920266544117647 0.0945925245098039 0.9198835784313725 0.09842218137254902 0.9187346813725489 0.1014859068627451 0.9175857843137255 0.10454963235294117 0.9160539215686274 0.10684742647058823 0.9137561274509803 0.1099111519607843 0.9118412990196078 0.11220894607843138 0.9095435049019608 0.1129748774509804 0.9072457107843136 0.11374080882352941 0.9041819852941176 0.1141237745098039 0.900735294117647 0.11450674019607843 0.8969056372549019 0.11335784313725489 0.8930759803921567 0.1099111519607843 0.8903952205882353 0.1060814950980392 0.8880974264705882 0.1014859068627451
1 0.8754595588235293 0.31135110294117646 0.8678002450980391 0.30407475490196073 0.8658854166666665 0.3013939950980392 0.8643535539215687 0.29871323529411764 0.860906862745098 0.2933517156862745 0.8589920343137255 0.28990502450980393 0.8578431372549019 0.2860753676470588 0.8566942401960784 0.2826286764705882 0.8559283088235293 0.27650122549019607 0.8559283088235293 0.2730545343137255 0.8559283088235293 0.27075674019607837 0.8559283088235293 0.2676930147058823 0.8563112745098038 0.2653952205882353 0.8582261029411764 0.2627144607843137 0.861672794117647 0.25965073529411764 0.866268382352941 0.25696997549019607 0.8739276960784312 0.254672181372549 0.8785232843137255 0.2542892156862745 0.8827359068627451 0.25505514705882354 0.8861825980392156 0.25696997549019607 0.8900122549019608 0.25965073529411764 0.8923100490196078 0.2623314950980392 0.8969056372549019 0.2653952205882353 0.9018841911764706 0.26884191176470584 0.9037990196078431 0.2715226715686274 0.9057138480392156 0.2745863970588235 0.9080116421568627 0.2787990196078431 0.9099264705882353 0.2822457107843137 0.9118412990196078 0.2856924019607843 0.9137561274509803 0.2891390931372549 0.9152879901960784 0.2925857843137255 0.9164368872549019 0.2956495098039216 0.9175857843137255 0.2994791666666667 0.9164368872549019 0.30637254901960786 0.9156709558823529 0.3090533088235294 0.9137561274509803 0.31135110294117646 0.9114583333333333 0.31403186274509803 0.9095435049019608 0.31556372549019607 0.9076286764705882 0.31632965686274506 0.9057138480392156 0.3174785539215686 0.9026501225490196 0.31824448529411764 0.8988204656862744 0.3190104166666667 0.8938419117647058 0.3190104166666667 0.8888633578431372 0.3190104166666667 0.885799632352941 0.31824448529411764 0.8827359068627451 0.31671262254901955 0.8777573529411764 0.31441482843137253
1 0.727251838235294 0.3998161764705882 0.7184436274509803 0.39100796568627444 0.7157628676470588 0.3875612745098039 0.7130821078431372 0.3837316176470588 0.7138480392156862 0.37109375 0.7157628676470588 0.36649816176470584 0.7172947303921567 0.36228553921568624 0.7188265931372548 0.3588388480392156 0.7199754901960784 0.35577512254901955 0.721890318627451 0.3527113970588235 0.7238051470588235 0.34888174019607837 0.7261029411764706 0.3450520833333333 0.7280177696078431 0.3435202205882353 0.7306985294117646 0.3412224264705882 0.7333792892156862 0.33969056372549017 0.7360600490196078 0.3385416666666667 0.7383578431372548 0.33815870098039214 0.741421568627451 0.33777573529411764 0.7456341911764706 0.33815870098039214 0.7502297794117646 0.34007352941176466 0.7540594362745098 0.34198835784313725 0.7567401960784312 0.3446691176470588 0.7590379901960784 0.34888174019607837 0.760952818627451 0.3527113970588235 0.7624846813725489 0.35730698529411764 0.7636335784313725 0.36113664215686275 0.764016544117647 0.3653492647058823 0.764016544117647 0.3687959558823529 0.764016544117647 0.3722426470588235 0.7628676470588235 0.3760723039215686 0.760952818627451 0.38143382352941174 0.7594209558823529 0.38564644607843135 0.7578890931372548 0.3887101715686274 0.7559742647058822 0.39215686274509803 0.7532935049019608 0.3959865196078431 0.7517616421568627 0.39828431372549017 0.7486979166666666 0.3994332107843137 0.741421568627451 0.40096507352941174 0.7345281862745098 0.40096507352941174
1 0.807674632352941 0.42700674019607837 0.805376838235294 0.4174325980392156 0.8049938725490196 0.41398590686274506 0.8049938725490196 0.41053921568627444 0.8061427696078431 0.40747549019607837 0.8072916666666666 0.4040287990196078 0.8088235294117646 0.40096507352941174 0.8111213235294117 0.3990502450980392 0.8138020833333334 0.3975183823529411 0.8180147058823529 0.3956035539215686 0.8229932598039215 0.3952205882352941 0.8275888480392156 0.3952205882352941 0.8329503676470588 0.39675245098039214 0.8394607843137255 0.3994332107843137 0.8440563725490196 0.40134803921568624 0.8494178921568627 0.4047947303921568 0.8536305147058822 0.4086243872549019 0.8578431372549019 0.412454044117647 0.8624387254901961 0.41666666666666663 0.8674172794117646 0.42126225490196073 0.8727787990196078 0.42700674019607837 0.8777573529411764 0.4323682598039216 0.8808210784313725 0.43772977941176466 0.8815870098039215 0.4423253676470588 0.8815870098039215 0.4461550245098039 0.8800551470588235 0.4488357843137255 0.8785232843137255 0.45228247549019607 0.8766084558823529 0.45572916666666663 0.8739276960784312 0.45879289215686275 0.8716299019607843 0.46032475490196073 0.8678002450980391 0.46223958333333326 0.8651194852941176 0.4630055147058823 0.8620557598039215 0.4630055147058823 0.8589920343137255 0.4630055147058823 0.8555453431372548 0.4614736519607843 0.8505667892156862 0.45994178921568624 0.846737132352941 0.45879289215686275 0.8417585784313725 0.45726102941176466 0.8383118872549019 0.45534620098039214 0.8344822303921567 0.4538143382352941 0.8302696078431372 0.45228247549019607 0.8256740196078431 0.449984681372549 0.8222273284313725 0.44653799019607837 0.8187806372549019 0.44270833333333326 0.8153339460784312 0.4381127450980392 0.8122702205882353 0.4346660539215686
1 0.6809129901960784 0.5047487745098038 0.6728707107843136 0.49862132352941174 0.6701899509803921 0.49440870098039214 0.6682751225490196 0.49019607843137253 0.666360294117647 0.48751531862745096 0.665594362745098 0.48560049019607837 0.6652113970588235 0.4806219362745098 0.6659773284313725 0.47640931372549017 0.6675091911764706 0.4733455882352941 0.6701899509803921 0.47028186274509803 0.6721047794117646 0.4672181372549019 0.6751685049019608 0.46415441176470584 0.6774662990196079 0.46223958333333326 0.6812959558823529 0.4610906862745098 0.685125612745098 0.4607077205882353 0.6901041666666666 0.4607077205882353 0.6939338235294117 0.4607077205882353 0.6977634803921567 0.4607077205882353 0.7019761029411764 0.4607077205882353 0.7065716911764706 0.4618566176470588 0.7146139705882353 0.4653033088235293 0.721890318627451 0.4698988970588235 0.7234221813725489 0.471813725490196 0.7245710784313725 0.4741115196078431 0.7261029411764706 0.47679227941176466 0.727251838235294 0.4802389705882353 0.7284007352941176 0.48368566176470584 0.7291666666666666 0.48751531862745096 0.7291666666666666 0.4917279411764705 0.7280177696078431 0.49632352941176466 0.7264859068627451 0.49938725490196073 0.7245710784313725 0.5020680147058824 0.7222732843137255 0.5035998774509803 0.7195925245098038 0.5055147058823529 0.7146139705882353 0.5074295343137255 0.7100183823529412 0.5089613970588235 0.7065716911764706 0.509344362745098 0.7008272058823529 0.5097273284313725 0.6985294117647058 0.5097273284313725 0.6931678921568627 0.509344362745098 0.6893382352941176 0.5081954656862745
1 0.5269607843137254 0.4771752450980392 0.5139399509803921 0.471047794117647 0.5120251225490196 0.46913296568627444 0.509344362745098 0.4653033088235293 0.5058976715686274 0.46032475490196073 0.5039828431372549 0.4561121323529411 0.5020680147058824 0.45075061274509803 0.5013020833333333 0.44462316176470584 0.5013020833333333 0.44041053921568624 0.5013020833333333 0.43581495098039214 0.5024509803921569 0.4308363970588235 0.5043658088235293 0.4266237745098039 0.5066636029411764 0.4220281862745098 0.5089613970588235 0.4170496323529411 0.5112591911764706 0.4128370098039216 0.5139399509803921 0.4078584558823529 0.5166207107843137 0.4032628676470588 0.5196844362745098 0.3990502450980392 0.5223651960784313 0.3959865196078431 0.5254289215686274 0.392922794117647 0.5292585784313725 0.38947610294117646 0.5323223039215687 0.3867953431372549 0.5353860294117646 0.3844975490196078 0.5380667892156862 0.3833486519607843 0.5415134803921567 0.3825827205882353 0.5457261029411764 0.3825827205882353 0.5507046568627451 0.3825827205882353 0.5556832107843136 0.3833486519607843 0.5602787990196079 0.3844975490196078 0.5648743872549019 0.3864123774509804 0.5683210784313725 0.3887101715686274 0.5729166666666666 0.39215686274509803 0.5759803921568627 0.3956035539215686 0.5782781862745098 0.39866727941176466 0.5809589460784312 0.4028799019607843 0.5824908088235293 0.4067095588235294 0.5836397058823529 0.41207107843137253 0.5840226715686274 0.41781556372549017 0.5844056372549019 0.4227941176470588 0.5844056372549019 0.42853860294117646 0.5832567401960784 0.4323682598039216 0.5821078431372548 0.43581495098039214 0.5801930147058824 0.44002757352941174 0.5778952205882353 0.44462316176470584 0.5759803921568627 0.44845281862745096 0.5740655637254901 0.45113357843137253 0.5721507352941176 0.4541973039215686 0.5694699754901961 0.4584099264705882 0.567172181372549 0.4618566176470588 0.5648743872549019 0.4649203431372549 0.5614276960784312 0.46798406862745096 0.5591299019607843 0.4698988970588235 0.5564491421568627 0.471813725490196 0.5522365196078431 0.4737285539215686 0.546875 0.4760263480392156 0.5426623774509803 0.4775582107843137 0.5388327205882353 0.4787071078431372 0.5353860294117646 0.47909007352941174
1 0.4113051470588235 0.38564644607843135 0.3998161764705882 0.38066789215686275 0.3956035539215686 0.3783700980392156 0.391390931372549 0.3760723039215686 0.3890931372549019 0.3745404411764705 0.3867953431372549 0.3707107843137255 0.3848805147058823 0.36649816176470584 0.3848805147058823 0.3630514705882353 0.3864123774509804 0.3565410539215686 0.3890931372549019 0.35194546568627444 0.3940716911764705 0.3481158088235294 0.3994332107843137 0.3454350490196078 0.4047947303921568 0.3450520833333333 0.40939031862745096 0.3454350490196078 0.41398590686274506 0.34696691176470584 0.4193474264705882 0.34696691176470584 0.4235600490196078 0.3477328431372549 0.42892156862745096 0.3500306372549019 0.431985294117647 0.35194546568627444 0.4346660539215686 0.353860294117647 0.43772977941176466 0.35768995098039214 0.43926164215686275 0.3607536764705882 0.4411764705882353 0.3642003676470588 0.4434742647058823 0.3676470588235294 0.44462316176470584 0.3707107843137255 0.4453890931372549 0.373391544117647 0.4453890931372549 0.3760723039215686 0.44424019607843135 0.3799019607843137 0.4419424019607843 0.38219975490196073 0.43926164215686275 0.3848805147058823 0.43619791666666663 0.3875612745098039 0.43351715686274506 0.3890931372549019 0.4308363970588235 0.38947610294117646 0.4273897058823529 0.38947610294117646 0.4220281862745098 0.3883272058823529 0.41819852941176466 0.3875612745098039
1 0.3975183823529411 0.5729166666666666 0.3902420343137255 0.5683210784313725 0.3883272058823529 0.5660232843137255 0.38602941176470584 0.5633425245098038 0.3852634803921568 0.5610447303921567 0.3841145833333333 0.5564491421568627 0.3841145833333333 0.5530024509803921 0.3844975490196078 0.5480238970588235 0.3852634803921568 0.5438112745098038 0.3867953431372549 0.5395986519607843 0.3883272058823529 0.5365349264705882 0.391390931372549 0.531939338235294 0.39483762254901955 0.528109681372549 0.39866727941176466 0.5242800245098038 0.40173100490196073 0.5212162990196078 0.40517769607843135 0.5181525735294117 0.4082414215686274 0.5158547794117647 0.4128370098039216 0.5131740196078431 0.4170496323529411 0.5108762254901961 0.42126225490196073 0.509344362745098 0.42700674019607837 0.5081954656862745 0.4342830882352941 0.5074295343137255 0.44002757352941174 0.507046568627451 0.44653799019607837 0.507046568627451 0.45304840686274506 0.5081954656862745 0.4580269607843137 0.5108762254901961 0.46223958333333326 0.5143229166666666 0.4645373774509804 0.5181525735294117 0.4653033088235293 0.5227481617647058 0.46606924019607837 0.528875612745098 0.46606924019607837 0.5350030637254901 0.4656862745098039 0.5388327205882353 0.4645373774509804 0.5426623774509803 0.4626225490196078 0.546875 0.4607077205882353 0.5487898284313725 0.4584099264705882 0.5518535539215687 0.45534620098039214 0.5549172794117646 0.4518995098039216 0.5572150735294117 0.4476868872549019 0.5610447303921567 0.4453890931372549 0.5629595588235293 0.44270833333333326 0.565640318627451 0.44079350490196073 0.5675551470588235 0.4381127450980392 0.5698529411764706 0.4350490196078431 0.5717677696078431 0.43160232843137253 0.5736825980392157 0.4266237745098039 0.5755974264705882 0.4227941176470588 0.5767463235294117 0.41819852941176466 0.5771292892156862 0.41398590686274506 0.5771292892156862 0.41053921568627444 0.5771292892156862 0.40747549019607837 0.5767463235294117 0.40134803921568624 0.5744485294117646
1 0.3282015931372549 0.6269148284313725 0.31862745098039214 0.625 0.313265931372549 0.6211703431372548 0.3109681372549019 0.6181066176470588 0.3102022058823529 0.6150428921568627 0.30981924019607837 0.6123621323529412 0.30981924019607837 0.6073835784313725 0.3102022058823529 0.6027879901960784 0.3121170343137255 0.5997242647058824 0.314797794117647 0.5962775735294117 0.3178615196078431 0.5932138480392157 0.3213082107843137 0.590533088235294 0.3255208333333333 0.5878523284313725 0.33203125 0.5847886029411764 0.3366268382352941 0.5836397058823529 0.3404564950980392 0.5824908088235293 0.3435202205882353 0.5824908088235293 0.3462009803921568 0.5821078431372548 0.3511795343137255 0.5821078431372548 0.3561580882352941 0.5821078431372548 0.35960477941176466 0.5821078431372548 0.3634344362745098 0.5828737745098038 0.3672640931372549 0.5844056372549019 0.37032781862745096 0.5863204656862745 0.37262561274509803 0.5890012254901961 0.3756893382352941 0.5932138480392157 0.37683823529411764 0.5962775735294117 0.3776041666666667 0.6004901960784312 0.3776041666666667 0.604702818627451 0.37683823529411764 0.6085324754901961 0.37415747549019607 0.6123621323529412 0.3722426470588235 0.6150428921568627 0.3707107843137255 0.6177236519607843 0.3680300245098039 0.6200214460784312 0.3638174019607843 0.6223192401960784 0.35768995098039214 0.6246170343137255 0.3542432598039216 0.625 0.3496476715686274 0.625765931372549 0.3439031862745098 0.626531862745098 0.3389246323529411 0.6269148284313725 0.332797181372549 0.6276807598039215
1 0.585171568627451 0.6012561274509803 0.5736825980392157 0.5939797794117646 0.5717677696078431 0.5912990196078431 0.571001838235294 0.5878523284313725 0.5706188725490196 0.5844056372549019 0.5702359068627451 0.5809589460784312 0.5698529411764706 0.5775122549019608 0.5702359068627451 0.5744485294117646 0.5706188725490196 0.5694699754901961 0.5713848039215687 0.565640318627451 0.5729166666666666 0.5629595588235293 0.5744485294117646 0.5598958333333334 0.5771292892156862 0.5564491421568627 0.5801930147058824 0.5526194852941176 0.5824908088235293 0.5503216911764706 0.5855545343137255 0.548406862745098 0.5893841911764706 0.5457261029411764 0.5928308823529412 0.5449601715686274 0.5955116421568627 0.5449601715686274 0.5989583333333334 0.5449601715686274 0.6027879901960784 0.5457261029411764 0.607000612745098 0.5472579656862745 0.6096813725490196 0.5487898284313725 0.6127450980392157 0.5526194852941176 0.6158088235294117 0.5560661764705882 0.6181066176470588 0.5587469362745098 0.6192555147058824 0.5610447303921567 0.6196384803921567 0.5644914215686274 0.6196384803921567 0.567938112745098 0.6196384803921567 0.5713848039215687 0.6188725490196079 0.5759803921568627 0.6184895833333334 0.5805759803921567 0.6173406862745098 0.585171568627451 0.6150428921568627 0.588235294117647 0.6123621323529412 0.5912990196078431 0.6092984068627451 0.5955116421568627 0.606234681372549 0.5989583333333334 0.6024050245098038 0.6016390931372548 0.5970435049019608 0.6035539215686274 0.5912990196078431 0.6039368872549019
1 0.7555912990196078 0.5840226715686274 0.7494638480392156 0.5771292892156862 0.7475490196078431 0.5748314950980391 0.7452512254901961 0.571001838235294 0.7441023284313725 0.5667892156862745 0.7425704656862744 0.5629595588235293 0.7418045343137255 0.5583639705882353 0.741421568627451 0.5537683823529412 0.7429534313725489 0.548406862745098 0.7460171568627451 0.5445772058823529 0.7486979166666666 0.5415134803921567 0.7517616421568627 0.5399816176470588 0.7575061274509803 0.5392156862745098 0.76171875 0.5392156862745098 0.7659313725490196 0.5392156862745098 0.7701439950980391 0.5399816176470588 0.7751225490196078 0.5415134803921567 0.7801011029411764 0.5430453431372548 0.7831648284313725 0.5445772058823529 0.7862285539215687 0.5464920343137255 0.7889093137254901 0.5480238970588235 0.7923560049019608 0.5503216911764706 0.7954197303921567 0.5530024509803921 0.7973345588235293 0.5560661764705882 0.7988664215686274 0.5602787990196079 0.7996323529411764 0.5637254901960784 0.7996323529411764 0.568704044117647 0.7984834558823529 0.5732996323529412 0.7965686274509803 0.5778952205882353 0.7938878676470588 0.5821078431372548 0.7912071078431372 0.5855545343137255 0.788143382352941 0.5870863970588235 0.783547794117647 0.587469362745098 0.7766544117647058 0.5878523284313725 0.7705269607843136 0.587469362745098 0.764016544117647 0.5863204656862745 0.7598039215686274 0.585171568627451
1 0.839077818627451 0.6399356617647058 0.8291207107843136 0.6353400735294117 0.8252910539215687 0.6318933823529412 0.8229932598039215 0.629595588235294 0.819546568627451 0.6269148284313725 0.8168658088235293 0.6234681372549019 0.8153339460784312 0.6215533088235293 0.8138020833333334 0.6181066176470588 0.8126531862745098 0.6138939950980391 0.8118872549019608 0.6089154411764706 0.8115042892156862 0.604702818627451 0.8122702205882353 0.6012561274509803 0.8145680147058822 0.5978094362745098 0.8176317401960784 0.5939797794117646 0.8210784313725489 0.5916819852941176 0.827205882352941 0.5897671568627451 0.8333333333333333 0.588235294117647 0.8379289215686274 0.588235294117647 0.8436734068627451 0.5886182598039215 0.8482689950980391 0.5901501225490196 0.8532475490196078 0.5916819852941176 0.8578431372549019 0.5928308823529412 0.861672794117647 0.5939797794117646 0.8655024509803921 0.5958946078431372 0.8704810049019608 0.5978094362745098 0.8735447303921567 0.5993412990196079 0.8773743872549019 0.6012561274509803 0.880438112745098 0.6031709558823529 0.8831188725490196 0.60546875 0.885799632352941 0.6081495098039215 0.8880974264705882 0.6108302696078431 0.8896292892156862 0.6142769607843136 0.8907781862745098 0.6181066176470588 0.8911611519607843 0.6227022058823529 0.8907781862745098 0.627297794117647 0.8896292892156862 0.6315104166666666 0.8880974264705882 0.6345741421568627 0.885799632352941 0.6380208333333334 0.8823529411764706 0.6407015931372548 0.8792892156862744 0.6422334558823529 0.8758425245098038 0.6433823529411764 0.8697150735294117 0.64453125 0.8651194852941176 0.6452971813725489 0.8605238970588235 0.6452971813725489 0.8559283088235293 0.6452971813725489 0.8509497549019608 0.64453125 0.8455882352941176 0.6433823529411764
1 0.7601868872549019 0.7019761029411764 0.7521446078431372 0.6943167892156862 0.7506127450980391 0.6920189950980391 0.749080882352941 0.6897212009803921 0.7475490196078431 0.6874234068627451 0.7460171568627451 0.6847426470588235 0.743719362745098 0.6805300245098038 0.7425704656862744 0.6763174019607843 0.7418045343137255 0.6732536764705882 0.741421568627451 0.6671262254901961 0.7421875 0.6625306372549019 0.7448682598039215 0.6587009803921567 0.7475490196078431 0.6548713235294117 0.7506127450980391 0.6510416666666666 0.7540594362745098 0.6487438725490196 0.7578890931372548 0.6479779411764706 0.7624846813725489 0.6475949754901961 0.768612132352941 0.6483609068627451 0.7728247549019608 0.6495098039215687 0.7778033088235293 0.6521905637254901 0.7823988970588235 0.6552542892156862 0.7866115196078431 0.6590839460784312 0.7896752450980391 0.6629136029411764 0.7919730392156862 0.6659773284313725 0.7946537990196078 0.6698069852941176 0.7965686274509803 0.6728707107843136 0.7977175245098038 0.6759344362745098 0.7988664215686274 0.6793811274509803 0.7992493872549019 0.6824448529411764 0.7988664215686274 0.6855085784313725 0.7981004901960784 0.6889552696078431 0.7977175245098038 0.6916360294117646 0.7969515931372548 0.6946997549019608 0.7946537990196078 0.6981464460784312 0.7923560049019608 0.7015931372549019 0.7896752450980391 0.7042738970588235 0.7869944852941176 0.7069546568627451 0.7831648284313725 0.7088694852941176 0.7801011029411764 0.7104013480392156 0.7762714460784312 0.7107843137254901 0.7716758578431372 0.7100183823529412 0.7678462009803921 0.7084865196078431 0.7636335784313725 0.7061887254901961
1 0.6177236519607843 0.6901041666666666 0.6112132352941176 0.6855085784313725 0.610064338235294 0.6832107843137255 0.6092984068627451 0.6801470588235293 0.6089154411764706 0.6767003676470588 0.6085324754901961 0.6732536764705882 0.6085324754901961 0.6690410539215687 0.6096813725490196 0.6648284313725489 0.6112132352941176 0.6613817401960784 0.6135110294117646 0.6575520833333334 0.6158088235294117 0.6537224264705882 0.6192555147058824 0.6502757352941176 0.6234681372549019 0.6464460784313725 0.6288296568627451 0.6426164215686274 0.6364889705882353 0.6384037990196079 0.6418504901960784 0.6357230392156862 0.646063112745098 0.6345741421568627 0.6502757352941176 0.6345741421568627 0.6548713235294117 0.6345741421568627 0.6590839460784312 0.6357230392156862 0.6640625 0.6372549019607843 0.6678921568627451 0.6387867647058822 0.6709558823529412 0.6403186274509803 0.6744025735294117 0.6426164215686274 0.6774662990196079 0.6456801470588235 0.6789981617647058 0.6514246323529412 0.6797640931372548 0.6564031862745098 0.6797640931372548 0.6602328431372548 0.6786151960784312 0.6644454656862745 0.6763174019607843 0.6698069852941176 0.6724877450980391 0.6767003676470588 0.6671262254901961 0.6816789215686274 0.6629136029411764 0.685125612745098 0.6567861519607843 0.6889552696078431 0.6502757352941176 0.6912530637254901 0.6456801470588235 0.6924019607843136 0.6403186274509803 0.6935508578431372 0.6349571078431372 0.6939338235294117 0.6280637254901961 0.6943167892156862 0.6246170343137255 0.6939338235294117 0.6215533088235293 0.6924019607843136
1 0.5001531862745098 0.7532935049019608 0.4955575980392156 0.746783088235294 0.49440870098039214 0.743719362745098 0.49211090686274506 0.7398897058823529 0.49019607843137253 0.7364430147058822 0.4878982843137255 0.7306985294117646 0.4867493872549019 0.724954044117647 0.4867493872549019 0.7188265931372548 0.48713235294117646 0.7142310049019608 0.48866421568627444 0.7088694852941176 0.49019607843137253 0.7038909313725489 0.49211090686274506 0.6992953431372548 0.4928768382352941 0.6973805147058822 0.49402573529411764 0.6946997549019608 0.4951746323529411 0.6924019607843136 0.4970894607843137 0.6893382352941176 0.4997702205882353 0.6874234068627451 0.5035998774509803 0.6855085784313725 0.508578431372549 0.6847426470588235 0.5131740196078431 0.6843596813725489 0.5177696078431372 0.6866574754901961 0.5212162990196078 0.688189338235294 0.5246629901960784 0.6908700980392156 0.5284926470588235 0.6950827205882353 0.5323223039215687 0.7004442401960784 0.5357689950980391 0.705422794117647 0.5384497549019608 0.7096354166666666 0.5399816176470588 0.7146139705882353 0.5415134803921567 0.7199754901960784 0.5426623774509803 0.7245710784313725 0.5434283088235293 0.7287837009803921 0.5438112745098038 0.7337622549019608 0.5441942401960784 0.7383578431372548 0.5441942401960784 0.7433363970588235 0.5441942401960784 0.7475490196078431 0.5430453431372548 0.7548253676470588 0.5403645833333334 0.760952818627451 0.5380667892156862 0.7655484068627451 0.5357689950980391 0.768612132352941 0.5323223039215687 0.7709099264705882 0.528109681372549 0.7709099264705882 0.5227481617647058 0.7693780637254901 0.5173866421568627 0.7670802696078431 0.5127910539215687 0.7643995098039215 0.5081954656862745 0.7605698529411764 0.5047487745098038 0.7575061274509803
1 0.4059436274509804 0.7594209558823529 0.39675245098039214 0.7559742647058822 0.39215686274509803 0.7532935049019608 0.390625 0.7509957107843136 0.3883272058823529 0.7456341911764706 0.3871783088235294 0.7410386029411764 0.3871783088235294 0.7368259803921567 0.3871783088235294 0.7314644607843136 0.38794424019607837 0.727251838235294 0.3890931372549019 0.7234221813725489 0.3902420343137255 0.7180606617647058 0.391390931372549 0.7149969362745098 0.39215686274509803 0.7119332107843136 0.3940716911764705 0.7081035539215687 0.39675245098039214 0.7038909313725489 0.3990502450980392 0.7000612745098038 0.4021139705882353 0.6969975490196079 0.40517769607843135 0.6939338235294117 0.4078584558823529 0.6916360294117646 0.41053921568627444 0.6897212009803921 0.4136029411764705 0.6874234068627451 0.4170496323529411 0.6855085784313725 0.4216452205882353 0.6843596813725489 0.4281556372549019 0.6839767156862745 0.4308363970588235 0.6839767156862745 0.4346660539215686 0.685891544117647 0.4384957107843137 0.6874234068627451 0.4411764705882353 0.6893382352941176 0.4450061274509804 0.6931678921568627 0.4476868872549019 0.6977634803921567 0.44960171568627444 0.7027420343137255 0.45113357843137253 0.7081035539215687 0.4518995098039216 0.7142310049019608 0.451516544117647 0.7180606617647058 0.4503676470588235 0.7238051470588235 0.4488357843137255 0.729549632352941 0.4473039215686274 0.7337622549019608 0.4457720588235294 0.7372089460784312 0.44424019607843135 0.7402726715686274 0.4415594362745098 0.7441023284313725 0.43926164215686275 0.7475490196078431 0.43543198529411764 0.7517616421568627 0.4308363970588235 0.7552083333333334 0.42470894607843135 0.7582720588235293 0.4174325980392156 0.7601868872549019
1 0.32360600490196073 0.7655484068627451 0.31632965686274506 0.7586550245098038 0.31441482843137253 0.7548253676470588 0.3125 0.7513786764705882 0.3105851715686274 0.7479319852941176 0.30943627450980393 0.743719362745098 0.3082873774509804 0.7387408088235293 0.30752144607843135 0.7345281862745098 0.3071384803921568 0.7303155637254901 0.3067555147058823 0.7261029411764706 0.3067555147058823 0.721890318627451 0.3071384803921568 0.7169117647058822 0.3082873774509804 0.7126991421568627 0.30981924019607837 0.7096354166666666 0.3125 0.7065716911764706 0.314797794117647 0.704656862745098 0.31824448529411764 0.7027420343137255 0.32284007352941174 0.7008272058823529 0.32705269607843135 0.7000612745098038 0.33126531862745096 0.7000612745098038 0.33586090686274506 0.7000612745098038 0.3385416666666667 0.7012101715686274 0.3412224264705882 0.703125 0.3442861519607843 0.7061887254901961 0.34888174019607837 0.7104013480392156 0.3527113970588235 0.7146139705882353 0.3550091911764706 0.7180606617647058 0.3561580882352941 0.7207414215686274 0.3580729166666667 0.724954044117647 0.3599877450980392 0.7284007352941176 0.36151960784313725 0.7333792892156862 0.36228553921568624 0.7372089460784312 0.36266850490196073 0.741421568627451 0.36266850490196073 0.7464001225490196 0.36190257352941174 0.7513786764705882 0.36113664215686275 0.7559742647058822 0.35960477941176466 0.7598039215686274 0.3569240196078431 0.7628676470588235 0.3527113970588235 0.7655484068627451 0.34888174019607837 0.7674632352941176 0.3458180147058823 0.768612132352941 0.34275428921568624 0.7689950980392156 0.33777573529411764 0.7689950980392156 0.3316482843137255 0.768612132352941 0.32705269607843135 0.7674632352941176
1 0.34888174019607837 0.8911611519607843 0.34160539215686275 0.8896292892156862 0.3389246323529411 0.8888633578431372 0.33586090686274506 0.8877144607843136 0.33241421568627444 0.885799632352941 0.3301164215686274 0.8838848039215687 0.3278186274509804 0.8808210784313725 0.3266697303921568 0.8754595588235293 0.3262867647058823 0.8704810049019608 0.3262867647058823 0.8655024509803921 0.3266697303921568 0.8601409313725489 0.3278186274509804 0.8547794117647058 0.32935049019607837 0.8490349264705882 0.33126531862745096 0.8440563725490196 0.3331801470588235 0.839077818627451 0.33586090686274506 0.8344822303921567 0.3393075980392156 0.8306525735294117 0.34237132352941174 0.8268229166666665 0.3462009803921568 0.8233762254901961 0.3511795343137255 0.8203125 0.3569240196078431 0.8187806372549019 0.3634344362745098 0.8180147058823529 0.3687959558823529 0.8183976715686274 0.3722426470588235 0.819546568627451 0.3760723039215686 0.8214613970588235 0.3799019607843137 0.8237591911764706 0.3825827205882353 0.8268229166666665 0.3848805147058823 0.8318014705882353 0.38602941176470584 0.8371629901960784 0.3867953431372549 0.8429074754901961 0.3867953431372549 0.8475030637254901 0.38564644607843135 0.8520986519607843 0.3841145833333333 0.8570772058823529 0.38181678921568624 0.8628216911764706 0.3795189950980392 0.8670343137254901 0.37683823529411764 0.8712469362745098 0.37415747549019607 0.8750765931372548 0.3722426470588235 0.878140318627451 0.3695618872549019 0.8808210784313725 0.3672640931372549 0.883501838235294 0.3638174019607843 0.885799632352941 0.35960477941176466 0.8880974264705882 0.353860294117647 0.8903952205882353
1 0.47909007352941174 0.8589920343137255 0.4721966911764705 0.8559283088235293 0.4698988970588235 0.8540134803921567 0.4664522058823529 0.8513327205882353 0.4630055147058823 0.8478860294117646 0.4607077205882353 0.8436734068627451 0.4591758578431372 0.8386948529411764 0.4584099264705882 0.8325674019607843 0.4580269607843137 0.8279718137254901 0.4580269607843137 0.8233762254901961 0.4584099264705882 0.8176317401960784 0.45955882352941174 0.8130361519607843 0.4614736519607843 0.8072916666666666 0.46415441176470584 0.8015471813725489 0.4672181372549019 0.7965686274509803 0.471047794117647 0.7942708333333334 0.47640931372549017 0.7912071078431372 0.4821537990196078 0.7900582107843136 0.48828124999999994 0.7900582107843136 0.4928768382352941 0.7900582107843136 0.4967064950980392 0.7915900735294117 0.4997702205882353 0.7938878676470588 0.5028339460784313 0.7969515931372548 0.5062806372549019 0.8011642156862744 0.5097273284313725 0.8061427696078431 0.5120251225490196 0.8107383578431372 0.5127910539215687 0.8153339460784312 0.5127910539215687 0.8206954656862744 0.5127910539215687 0.8268229166666665 0.5116421568627451 0.8329503676470588 0.5101102941176471 0.8379289215686274 0.5081954656862745 0.8432904411764706 0.5058976715686274 0.8471200980392156 0.5028339460784313 0.8513327205882353 0.49900428921568624 0.8547794117647058 0.4951746323529411 0.8563112745098038 0.4894301470588235 0.8574601715686274 0.48368566176470584 0.858609068627451
1 0.3603707107843137 0.9493719362745098 0.35960477941176466 0.9466911764705882 0.35960477941176466 0.9394148284313725 0.3599877450980392 0.9363511029411764 0.3603707107843137 0.9321384803921567 0.36113664215686275 0.9294577205882353 0.36266850490196073 0.9256280637254901 0.3642003676470588 0.9217984068627451 0.3668811274509804 0.9183517156862744 0.3691789215686274 0.9149050245098038 0.37147671568627444 0.9122242647058822 0.3737745098039216 0.9095435049019608 0.37683823529411764 0.9068627450980391 0.3795189950980392 0.9045649509803921 0.3829656862745098 0.9026501225490196 0.3867953431372549 0.9011182598039215 0.391390931372549 0.9003523284313725 0.39636948529411764 0.899969362745098 0.4024969362745098 0.9003523284313725 0.4059436274509804 0.9015012254901961 0.40939031862745096 0.9034160539215687 0.4128370098039216 0.9064797794117646 0.41436887254901955 0.9099264705882353 0.4155177696078431 0.9145220588235293 0.4155177696078431 0.9183517156862744 0.4147518382352941 0.9229473039215687 0.4136029411764705 0.9260110294117646 0.412454044117647 0.9290747549019608 0.410922181372549 0.9321384803921567 0.4086243872549019 0.9374999999999999 0.40556066176470584 0.9409466911764706 0.4036458333333333 0.9432444852941176 0.40096507352941174 0.9463082107843136 0.3971354166666667 0.9493719362745098 0.39253982843137253 0.9524356617647058 0.3890931372549019 0.9543504901960784 0.3852634803921568 0.9558823529411764 0.38219975490196073 0.9570312499999999 0.3764552696078431 0.9574142156862744 0.3707107843137255 0.9570312499999999 0.36611519607843135 0.9551164215686274 0.3630514705882353 0.9524356617647058
1 0.4848345588235293 0.9466911764705882 0.4802389705882353 0.939031862745098 0.47909007352941174 0.9355851715686274 0.4783241421568627 0.9309895833333333 0.4783241421568627 0.9267769607843136 0.47909007352941174 0.922564338235294 0.47947303921568624 0.9183517156862744 0.47947303921568624 0.9141390931372548 0.47985600490196073 0.9103094362745098 0.4806219362745098 0.9064797794117646 0.4821537990196078 0.9037990196078431 0.4844515931372549 0.900735294117647 0.489047181372549 0.897671568627451 0.4936427696078431 0.8961397058823529 0.49900428921568624 0.8953737745098038 0.5032169117647058 0.8953737745098038 0.507046568627451 0.8972886029411764 0.5112591911764706 0.8995863970588235 0.5150888480392156 0.9018841911764706 0.5181525735294117 0.9045649509803921 0.5219822303921569 0.9080116421568627 0.5254289215686274 0.9118412990196078 0.5277267156862745 0.9156709558823529 0.5296415441176471 0.9198835784313725 0.5311734068627451 0.924096200980392 0.5323223039215687 0.9290747549019608 0.5330882352941176 0.9340533088235293 0.5330882352941176 0.9378829656862744 0.531939338235294 0.9424785539215687 0.5300245098039216 0.9482230392156862 0.528109681372549 0.9524356617647058 0.5258118872549019 0.9554993872549019 0.5227481617647058 0.9589460784313725 0.5189185049019608 0.9604779411764706 0.5127910539215687 0.961626838235294 0.5055147058823529 0.9612438725490196 0.49900428921568624 0.959329044117647 0.49440870098039214 0.9566482843137254 0.48981311274509803 0.9528186274509803
1 0.565640318627451 0.9076286764705882 0.5568321078431372 0.9022671568627451 0.5537683823529412 0.8992034313725489 0.5518535539215687 0.8961397058823529 0.5499387254901961 0.8915441176470588 0.549172794117647 0.8880974264705882 0.549172794117647 0.8850337009803921 0.5495557598039215 0.8815870098039215 0.5507046568627451 0.8773743872549019 0.5526194852941176 0.8727787990196078 0.5549172794117646 0.8693321078431372 0.5579810049019608 0.8651194852941176 0.5614276960784312 0.861672794117647 0.567172181372549 0.8570772058823529 0.5725337009803921 0.8532475490196078 0.5786611519607843 0.8494178921568627 0.587469362745098 0.8455882352941176 0.5947457107843136 0.8429074754901961 0.6016390931372548 0.8406096813725489 0.606234681372549 0.8394607843137255 0.6115962009803921 0.8394607843137255 0.6161917892156862 0.8394607843137255 0.6211703431372548 0.842141544117647 0.6261488970588235 0.8475030637254901 0.6288296568627451 0.8517156862745098 0.6299785539215687 0.8563112745098038 0.6299785539215687 0.8612898284313725 0.6288296568627451 0.866268382352941 0.627297794117647 0.8704810049019608 0.625765931372549 0.8750765931372548 0.6238511029411764 0.8789062499999999 0.6219362745098038 0.8827359068627451 0.6192555147058824 0.8861825980392156 0.6158088235294117 0.8896292892156862 0.6123621323529412 0.8926930147058822 0.6081495098039215 0.8961397058823529 0.604702818627451 0.8980545343137255 0.6012561274509803 0.9003523284313725 0.5974264705882353 0.9022671568627451 0.5939797794117646 0.9037990196078431 0.5897671568627451 0.905330882352941 0.5840226715686274 0.9068627450980391 0.5775122549019608 0.9080116421568627 0.5725337009803921 0.9080116421568627
1 0.6602328431372548 0.9087775735294117 0.6579350490196079 0.8988204656862744 0.6579350490196079 0.8953737745098038 0.6583180147058822 0.8911611519607843 0.6590839460784312 0.8865655637254901 0.6613817401960784 0.8815870098039215 0.6640625 0.8769914215686274 0.6671262254901961 0.8735447303921567 0.6705729166666666 0.8712469362745098 0.6732536764705882 0.8697150735294117 0.6774662990196079 0.8681832107843136 0.6816789215686274 0.8678002450980391 0.688189338235294 0.8697150735294117 0.6950827205882353 0.8723958333333333 0.7004442401960784 0.8750765931372548 0.704656862745098 0.8789062499999999 0.7081035539215687 0.8831188725490196 0.7111672794117646 0.8877144607843136 0.7142310049019608 0.8911611519607843 0.7169117647058822 0.8949908088235293 0.7199754901960784 0.8992034313725489 0.7222732843137255 0.903033088235294 0.724188112745098 0.9072457107843136 0.7257199754901961 0.9122242647058822 0.7257199754901961 0.9175857843137255 0.724954044117647 0.922564338235294 0.72265625 0.9275428921568627 0.7195925245098038 0.9321384803921567 0.7169117647058822 0.9355851715686274 0.7134650735294117 0.9378829656862744 0.7092524509803921 0.9394148284313725 0.7042738970588235 0.9394148284313725 0.6992953431372548 0.9394148284313725 0.6931678921568627 0.9386488970588235 0.6885723039215687 0.9374999999999999 0.6832107843137255 0.9363511029411764 0.6793811274509803 0.9348192401960784 0.6763174019607843 0.9325214460784312 0.6736366421568627 0.9302236519607843 0.6709558823529412 0.9279258578431372 0.6671262254901961 0.924096200980392 0.6636795343137255 0.919500612745098 0.6613817401960784 0.9145220588235293
1 0.8337162990196078 0.8532475490196078 0.8252910539215687 0.8513327205882353 0.8222273284313725 0.8494178921568627 0.8206954656862744 0.8463541666666665 0.819546568627451 0.8432904411764706 0.8191636029411764 0.839077818627451 0.8191636029411764 0.8348651960784312 0.8191636029411764 0.8306525735294117 0.819546568627451 0.8260569852941176 0.8203125 0.8210784313725489 0.821844362745098 0.8153339460784312 0.8241421568627451 0.8103553921568627 0.8264399509803921 0.8061427696078431 0.8310355392156862 0.80078125 0.8360140931372548 0.7965686274509803 0.8425245098039215 0.7931219362745098 0.8513327205882353 0.7900582107843136 0.8601409313725489 0.788143382352941 0.8666513480392156 0.7873774509803921 0.8735447303921567 0.7869944852941176 0.881204044117647 0.7873774509803921 0.8880974264705882 0.7889093137254901 0.8938419117647058 0.7908241421568627 0.8972886029411764 0.7923560049019608 0.9003523284313725 0.7950367647058822 0.9037990196078431 0.7984834558823529 0.9060968137254901 0.8026960784313725 0.9076286764705882 0.807674632352941 0.9083946078431372 0.8130361519607843 0.9087775735294117 0.8187806372549019 0.9076286764705882 0.8229932598039215 0.905330882352941 0.8283547794117646 0.900735294117647 0.8344822303921567 0.8980545343137255 0.8371629901960784 0.8911611519607843 0.8448223039215687 0.8884803921568627 0.846737132352941 0.8838848039215687 0.8490349264705882 0.8773743872549019 0.8513327205882353 0.8716299019607843 0.8532475490196078 0.8670343137254901 0.8547794117647058 0.8620557598039215 0.8559283088235293 0.8559283088235293 0.8570772058823529 0.8494178921568627 0.8574601715686274 0.8432904411764706 0.8574601715686274 0.8394607843137255 0.8566942401960784
1 0.6866574754901961 0.8138020833333334 0.6820618872549019 0.8011642156862744 0.6805300245098038 0.7969515931372548 0.6782322303921567 0.7923560049019608 0.6755514705882353 0.7877604166666666 0.6744025735294117 0.783547794117647 0.6740196078431372 0.7774203431372548 0.6747855392156862 0.7705269607843136 0.6763174019607843 0.7647824754901961 0.6786151960784312 0.7598039215686274 0.6816789215686274 0.7555912990196078 0.6855085784313725 0.7525275735294117 0.6897212009803921 0.7506127450980391 0.6939338235294117 0.7498468137254901 0.6989123774509803 0.7494638480392156 0.703125 0.7498468137254901 0.7073376225490196 0.7517616421568627 0.7115502450980391 0.7540594362745098 0.7153799019607843 0.7575061274509803 0.7192095588235293 0.7613357843137255 0.7222732843137255 0.7647824754901961 0.724188112745098 0.7678462009803921 0.7264859068627451 0.7728247549019608 0.7284007352941176 0.7770373774509803 0.7299325980392156 0.78125 0.7310814950980391 0.7854626225490196 0.7322303921568627 0.7892922794117646 0.7329963235294117 0.7931219362745098 0.7329963235294117 0.7973345588235293 0.7329963235294117 0.8015471813725489 0.7326133578431372 0.8065257352941176 0.7314644607843136 0.8099724264705882 0.7299325980392156 0.8138020833333334 0.7284007352941176 0.8176317401960784 0.7261029411764706 0.8206954656862744 0.7222732843137255 0.8237591911764706 0.7176776960784312 0.8256740196078431 0.7130821078431372 0.8264399509803921 0.705422794117647 0.8268229166666665 0.6992953431372548 0.8260569852941176 0.6954656862745098 0.8241421568627451 0.6916360294117646 0.8210784313725489
1 0.8275888480392156 0.9861366421568627 0.8268229166666665 0.9712009803921567 0.8268229166666665 0.9662224264705882 0.8268229166666665 0.9608609068627451 0.8275888480392156 0.9547334558823529 0.8291207107843136 0.9493719362745098 0.8314185049019608 0.943627450980392 0.8340992647058822 0.9382659313725489 0.8379289215686274 0.9332873774509803 0.842141544117647 0.9302236519607843 0.8459712009803921 0.9290747549019608 0.8505667892156862 0.9290747549019608 0.8540134803921567 0.9298406862745098 0.8574601715686274 0.9317555147058822 0.8605238970588235 0.9348192401960784 0.8632046568627451 0.9401807598039215 0.8658854166666665 0.9451593137254901 0.8681832107843136 0.9505208333333333 0.8693321078431372 0.9543504901960784 0.8704810049019608 0.958563112745098 0.8712469362745098 0.961626838235294 0.8723958333333333 0.9646905637254901 0.8731617647058822 0.9685202205882353 0.8731617647058822 0.9734987745098038 0.8731617647058822 0.978860294117647 0.8723958333333333 0.9853707107843136 0.8712469362745098 0.9899662990196078 0.8708639705882353 0.9941789215686274 0.8708639705882353 0.9987745098039215 0.852665441176464 0.9989583333333333 0.8325674019607843 0.9987745098039215
1 0.7165287990196079 0.9911151960784312 0.7165287990196079 0.9884344362745098 0.7238051470588235 0.9777113970588235 0.7253370098039215 0.9754136029411764 0.7284007352941176 0.9719669117647058 0.7329963235294117 0.9681372549019608 0.7368259803921567 0.9658394607843136 0.7448682598039215 0.9646905637254901 0.7525275735294117 0.963924632352941 0.7575061274509803 0.9654564950980391 0.7605698529411764 0.9681372549019608 0.7636335784313725 0.9723498774509803 0.7659313725490196 0.9796262254901961 0.7674632352941176 0.9934129901960784 0.7671166513480393 0.9989583333333333 0.7613357843137255 0.9989583333333333 0.7138480392156862 0.9989583333333333 0.7138480392156862 0.998391544117647
1 0.05859374999999999 0.9635416666666665 0.05016850490196078 0.9532015931372548 0.047487745098039214 0.9505208333333333 0.045189950980392156 0.9470741421568627 0.042126225490196074 0.942095588235294 0.04097732843137255 0.9382659313725489 0.040211397058823525 0.9329044117647058 0.040211397058823525 0.9271599264705882 0.04097732843137255 0.9206495098039215 0.0432751225490196 0.9156709558823529 0.047104779411764705 0.9110753676470588 0.051317401960784305 0.9076286764705882 0.05514705882352941 0.9064797794117646 0.06050857843137255 0.9060968137254901 0.06816789215686274 0.9076286764705882 0.0739123774509804 0.9099264705882353 0.07927389705882353 0.9141390931372548 0.08425245098039215 0.919500612745098 0.0899969362745098 0.9263939950980391 0.09306066176470587 0.9321384803921567 0.09535845588235294 0.9382659313725489 0.09650735294117646 0.9455422794117646 0.09574142156862744 0.9528186274509803 0.0945925245098039 0.9581801470588235 0.0934436274509804 0.9627757352941176 0.09229473039215685 0.9650735294117646 0.09037990196078431 0.9681372549019608 0.08808210784313725 0.9704350490196078 0.0861672794117647 0.9715839460784312 0.08310355392156861 0.9727328431372548 0.08003982843137254 0.9731158088235293 0.07621017156862744 0.9727328431372548 0.07238051470588235 0.9712009803921567 0.06740196078431372 0.9692861519607843
1 0.1290594362745098 0.9141390931372548 0.12216605392156861 0.9080116421568627 0.11948529411764705 0.9037990196078431 0.117953431372549 0.899969362745098 0.11642156862745097 0.8953737745098038 0.11527267156862744 0.8900122549019608 0.11527267156862744 0.8819699754901961 0.11642156862745097 0.8735447303921567 0.11833639705882353 0.866268382352941 0.12063419117647058 0.8620557598039215 0.1256127450980392 0.8559283088235293 0.13020833333333331 0.8524816176470588 0.1340379901960784 0.8505667892156862 0.14284620098039216 0.8482689950980391 0.1501225490196078 0.8475030637254901 0.15433517156862744 0.8475030637254901 0.15854779411764705 0.8482689950980391 0.16199448529411764 0.8513327205882353 0.1650582107843137 0.8547794117647058 0.1673560049019608 0.8597579656862744 0.16888786764705882 0.8635876225490196 0.1696537990196078 0.8678002450980391 0.1696537990196078 0.8727787990196078 0.16927083333333334 0.8789062499999999 0.1677389705882353 0.885799632352941 0.16620710784313722 0.8919270833333333 0.1639093137254902 0.8969056372549019 0.16122855392156862 0.9026501225490196 0.15854779411764705 0.9064797794117646 0.15586703431372548 0.9103094362745098 0.1524203431372549 0.9129901960784312 0.14667585784313725 0.9152879901960784 0.13633578431372548 0.9152879901960784
1 0.11757046568627451 0.8264399509803921 0.10761335784313725 0.824908088235294 0.10301776960784313 0.8210784313725489 0.10071997549019608 0.8187806372549019 0.09842218137254902 0.8145680147058822 0.09650735294117646 0.8092064950980391 0.09535845588235294 0.803079044117647 0.09497549019607843 0.7973345588235293 0.09497549019607843 0.7919730392156862 0.09574142156862744 0.7862285539215687 0.09689031862745097 0.7801011029411764 0.09880514705882353 0.7743566176470588 0.10110294117647058 0.7693780637254901 0.10493259803921569 0.76171875 0.10837928921568626 0.7567401960784312 0.11335784313725489 0.7521446078431372 0.11986825980392156 0.749080882352941 0.12791053921568626 0.7475490196078431 0.13556985294117646 0.746783088235294 0.13939950980392155 0.7471660539215687 0.14322916666666666 0.7502297794117646 0.1478247549019608 0.7555912990196078 0.15088848039215685 0.7605698529411764 0.1528033088235294 0.7659313725490196 0.15433517156862744 0.7720588235294117 0.15471813725490197 0.7774203431372548 0.15471813725490197 0.783547794117647 0.15433517156862744 0.7896752450980391 0.15318627450980393 0.7950367647058822 0.15088848039215685 0.7996323529411764 0.1482077205882353 0.805376838235294 0.14514399509803919 0.8103553921568627 0.14246323529411764 0.8141850490196078 0.13939950980392155 0.8176317401960784 0.13556985294117646 0.8203125 0.13020833333333331 0.8233762254901961 0.12484681372549018 0.8245251225490196
1 0.08386948529411765 0.6636795343137255 0.06816789215686274 0.6717218137254901 0.06472120098039215 0.6724877450980391 0.059742647058823525 0.6736366421568627 0.052466299019607844 0.6751685049019608 0.04825367647058823 0.6759344362745098 0.04289215686274509 0.6763174019607843 0.03599877450980392 0.6763174019607843 0.02948835784313725 0.6763174019607843 0.025275735294117644 0.6763174019607843 0.01914828431372549 0.6740196078431372 0.0157015931372549 0.6717218137254901 0.011488970588235293 0.6682751225490196 0.007659313725490196 0.6644454656862745 0.004978553921568627 0.6594669117647058 0.002680759803921568 0.6537224264705882 0.0022977941176470585 0.646829044117647 0.003829656862745098 0.6422334558823529 0.008425245098039215 0.6357230392156862 0.012254901960784314 0.6315104166666666 0.01685049019607843 0.6280637254901961 0.0233609068627451 0.6238511029411764 0.027956495098039214 0.6223192401960784 0.03561580882352941 0.6204044117647058 0.0432751225490196 0.6184895833333334 0.04978553921568627 0.6173406862745098 0.05514705882352941 0.6169577205882353 0.06050857843137255 0.6173406862745098 0.06433823529411764 0.6177236519607843 0.06893382352941176 0.6188725490196079 0.07199754901960784 0.6196384803921567 0.07621017156862744 0.6211703431372548 0.07965686274509803 0.6223192401960784 0.0819546568627451 0.6238511029411764 0.08463541666666667 0.626531862745098 0.08693321078431372 0.6299785539215687 0.08884803921568626 0.6334252450980391 0.09076286764705882 0.6380208333333334 0.09191176470588235 0.6429993872549019 0.09229473039215685 0.6472120098039215 0.09191176470588235 0.6510416666666666 0.09037990196078431 0.6537224264705882 0.08846507352941176 0.6571691176470588
1 0.11450674019607843 0.6112132352941176 0.1060814950980392 0.60546875 0.10378370098039215 0.6024050245098038 0.10186887254901959 0.5989583333333334 0.09995404411764705 0.5955116421568627 0.09842218137254902 0.5916819852941176 0.09689031862745097 0.5870863970588235 0.09612438725490195 0.5828737745098038 0.09612438725490195 0.5786611519607843 0.09689031862745097 0.5740655637254901 0.09880514705882353 0.5702359068627451 0.10186887254901959 0.567938112745098 0.1056985294117647 0.56640625 0.1129748774509804 0.565640318627451 0.11986825980392156 0.565640318627451 0.12484681372549018 0.565640318627451 0.1294424019607843 0.56640625 0.13365502450980393 0.567938112745098 0.13825061274509803 0.5698529411764706 0.14246323529411764 0.5721507352941176 0.14667585784313725 0.5752144607843136 0.15088848039215685 0.5786611519607843 0.1535692401960784 0.5817248774509803 0.15625 0.585171568627451 0.15854779411764705 0.5897671568627451 0.16007965686274508 0.5935968137254901 0.1608455882352941 0.5981924019607843 0.1608455882352941 0.6031709558823529 0.1608455882352941 0.606234681372549 0.15931372549019607 0.6089154411764706 0.15625 0.6131280637254901 0.1524203431372549 0.6161917892156862 0.14705882352941174 0.6177236519607843 0.1409313725490196 0.6184895833333334 0.1325061274509804 0.6184895833333334 0.12791053921568626 0.6181066176470588 0.12331495098039215 0.6165747549019608 0.11910232843137254 0.6138939950980391
1 0.05055147058823529 0.4848345588235293 0.05284926470588235 0.47640931372549017 0.0547640931372549 0.47296262254901955 0.056678921568627444 0.47028186274509803 0.0589767156862745 0.46798406862745096 0.061274509803921566 0.46606924019607837 0.06433823529411764 0.4656862745098039 0.06855085784313725 0.4656862745098039 0.07276348039215685 0.46606924019607837 0.07697610294117646 0.46798406862745096 0.08003982843137254 0.47028186274509803 0.08386948529411765 0.4737285539215686 0.08731617647058823 0.4771752450980392 0.0899969362745098 0.4810049019607843 0.09267769607843138 0.4867493872549019 0.09420955882352941 0.491344975490196 0.09650735294117646 0.4970894607843137 0.09803921568627451 0.5032169117647058 0.09842218137254902 0.5078124999999999 0.09880514705882353 0.5127910539215687 0.09918811274509803 0.5177696078431372 0.09880514705882353 0.5238970588235293 0.09765625 0.528875612745098 0.09574142156862744 0.5323223039215687 0.09382659313725489 0.5346200980392157 0.09114583333333333 0.5365349264705882 0.0861672794117647 0.5384497549019608 0.08042279411764705 0.5388327205882353 0.07467830882352941 0.5388327205882353 0.0700827205882353 0.5373008578431372 0.06510416666666666 0.5338541666666666 0.061657475490196074 0.5300245098039216 0.05859374999999999 0.5250459558823529 0.05591299019607843 0.5200674019607843 0.0547640931372549 0.5154718137254901 0.05323223039215686 0.5097273284313725 0.052466299019607844 0.5039828431372549 0.05170036764705881 0.4974724264705882 0.05170036764705881 0.4936427696078431
1 0.014169730392156861 0.2964154411764706 0.01723345588235294 0.2979473039215686 0.025275735294117644 0.3059895833333333 0.027190563725490193 0.30943627450980393 0.02948835784313725 0.3136488970588235 0.0314031862745098 0.3178615196078431 0.03331801470588235 0.32322303921568624 0.03408394607843137 0.3278186274509804 0.03408394607843137 0.33356311274509803 0.03293504901960784 0.33586090686274506 0.03102022058823529 0.3393075980392156 0.028339460784313722 0.34237132352941174 0.026424632352941176 0.3442861519607843 0.0233609068627451 0.3458180147058823 0.021063112745098037 0.34658394607843135 0.01799938725490196 0.34696691176470584 0.015318627450980392 0.3477328431372549 0.012254901960784314 0.34888174019607837 0.009191176470588234 0.34888174019607837 0.004595588235294117 0.34888174019607837 0.0 0.3481158088235294 0.0 0.2906709558823529 0.007276348039215686 0.2933517156862745
1 0.01685049019607843 0.23284313725490194 0.024509803921568627 0.23782169117647056 0.026807598039215685 0.24050245098039216 0.028339460784313722 0.24356617647058823 0.030254289215686275 0.2477787990196078 0.0314031862745098 0.2508425245098039 0.0314031862745098 0.25390624999999994 0.029871323529411763 0.25696997549019607 0.028339460784313722 0.2588848039215686 0.026041666666666664 0.2607996323529412 0.022594975490196078 0.26386335784313725 0.02068014705882353 0.2653952205882353 0.01723345588235294 0.2661611519607843 0.013786764705882353 0.2665441176470588 0.011106004901960783 0.26731004901960786 0.006510416666666666 0.26731004901960786 0.0007659313725490196 0.2665441176470588 0.0003829656862745098 0.22786458333333331 0.009574142156862746 0.2305453431372549
1 0.04289215686274509 0.19033394607843138 0.03599877450980392 0.20105698529411764 0.03216911764705882 0.2029718137254902 0.027956495098039214 0.2041207107843137 0.02068014705882353 0.20488664215686275 0.014935661764705881 0.20488664215686275 0.011106004901960783 0.20488664215686275 0.007659313725490196 0.20488664215686275 0.004212622549019608 0.20488664215686275 0.0003829656862745098 0.2041207107843137 0.0011488970588235292 0.15395220588235292 0.011106004901960783 0.15395220588235292 0.0157015931372549 0.15471813725490197 0.01991421568627451 0.15548406862745096 0.024509803921568627 0.1573988970588235 0.02948835784313725 0.15969669117647056 0.03255208333333333 0.1608455882352941 0.03638174019607843 0.16199448529411764 0.04059436274509804 0.1650582107843137 0.0432751225490196 0.1677389705882353 0.045189950980392156 0.1719515931372549 0.045572916666666664 0.17578125 0.04595588235294117 0.1799938725490196 0.04595588235294117 0.18420649509803919
1 0.15127144607843138 0.23437499999999997 0.14935661764705882 0.23284313725490194 0.14246323529411764 0.22748161764705882 0.1401654411764706 0.22556678921568626 0.13825061274509803 0.22326899509803919 0.13633578431372548 0.22020526960784312 0.13480392156862744 0.21752450980392155 0.13365502450980393 0.21446078431372548 0.13212316176470587 0.2113970588235294 0.13097426470588233 0.2087162990196078 0.1290594362745098 0.20526960784313722 0.12714460784313725 0.20143995098039216 0.1256127450980392 0.19837622549019607 0.12446384803921567 0.19378063725490194 0.12408088235294117 0.18956801470588233 0.12637867647058823 0.18765318627450978 0.12867647058823528 0.18612132352941174 0.13135723039215685 0.1838235294117647 0.13518688725490197 0.18075980392156862 0.13863357843137253 0.17884497549019607 0.14322916666666666 0.1769301470588235 0.14667585784313725 0.17654718137254902 0.15127144607843138 0.17654718137254902 0.15586703431372548 0.17731311274509803 0.15969669117647056 0.17846200980392155 0.16352634803921567 0.1799938725490196 0.16582414215686275 0.18114276960784312 0.16888786764705882 0.18267463235294115 0.1727175245098039 0.18535539215686275 0.1761642156862745 0.18841911764705882 0.17846200980392155 0.1918658088235294 0.18075980392156862 0.19492953431372548 0.18267463235294115 0.19799325980392155 0.18420649509803919 0.20067401960784312 0.18612132352941174 0.20450367647058823 0.18727022058823525 0.20795036764705882 0.18841911764705882 0.2117800245098039 0.18841911764705882 0.21446078431372548 0.18880208333333334 0.21829044117647056 0.1891850490196078 0.22326899509803919 0.1891850490196078 0.2259497549019608 0.1880361519607843 0.22901348039215685 0.1868872549019608 0.2313112745098039 0.18497242647058823 0.23360906862745096 0.18152573529411764 0.235906862745098 0.17769607843137253 0.23705575980392155 0.17424938725490197 0.23820465686274508 0.16888786764705882 0.2393535539215686 0.1642922794117647 0.23973651960784312 0.15816482843137253 0.2389705882352941 0.15395220588235292 0.23743872549019607
1 0.15203737745098037 0.11029411764705882 0.14246323529411764 0.10416666666666666 0.14054840686274508 0.10033700980392156 0.13939950980392155 0.09574142156862744 0.13901654411764705 0.09114583333333333 0.13863357843137253 0.0865502450980392 0.13863357843137253 0.08233762254901959 0.13939950980392155 0.07735906862745098 0.1409313725490196 0.07238051470588235 0.14361213235294115 0.06740196078431372 0.14629289215686275 0.06204044117647058 0.14859068627450978 0.058210784313725485 0.15127144607843138 0.0547640931372549 0.15433517156862744 0.051317401960784305 0.16237745098039216 0.047487745098039214 0.16620710784313722 0.047104779411764705 0.17156862745098037 0.047104779411764705 0.17654718137254902 0.047104779411764705 0.18075980392156862 0.047487745098039214 0.1845894607843137 0.049019607843137254 0.18765318627450978 0.05055147058823529 0.19071691176470587 0.052466299019607844 0.19301470588235292 0.05591299019607843 0.1956954656862745 0.05935968137254902 0.19722732843137253 0.06318933823529412 0.19799325980392155 0.06740196078431372 0.19875919117647056 0.07314644607843138 0.19875919117647056 0.07774203431372548 0.19837622549019607 0.08157169117647058 0.19722732843137253 0.08578431372549018 0.19607843137254902 0.0899969362745098 0.19454656862745096 0.09420955882352941 0.1922487745098039 0.09803921568627451 0.18880208333333334 0.10225183823529412 0.18535539215686275 0.1056985294117647 0.18152573529411764 0.10837928921568626 0.17731311274509803 0.11067708333333331 0.17424938725490197 0.11182598039215685 0.1696537990196078 0.11220894607843138 0.16544117647058823 0.11220894607843138 0.15931372549019607 0.11220894607843138
1 0.1650582107843137 0.0 0.16352634803921567 0.011106004901960783 0.16199448529411764 0.014935661764705881 0.1608455882352941 0.01799938725490196 0.15893075980392155 0.02068014705882353 0.15701593137254902 0.022977941176470586 0.15471813725490197 0.0233609068627451 0.15088848039215685 0.024126838235294115 0.14284620098039216 0.023743872549019607 0.13633578431372548 0.022594975490196078 0.13365502450980393 0.021446078431372546 0.13097426470588233 0.01914828431372549 0.12714460784313725 0.01608455882352941 0.12446384803921567 0.013020833333333332 0.1210171568627451 0.008425245098039215 0.11757046568627451 0.0003829656862745098 0.11986825980392156 0.0
1 0.07735906862745098 0.02029718137254902 0.07735906862745098 0.022977941176470586 0.07467830882352941 0.028339460784313722 0.07276348039215685 0.0314031862745098 0.06931678921568626 0.03446691176470588 0.0666360294117647 0.036764705882352935 0.06433823529411764 0.03867953431372549 0.06050857843137255 0.03867953431372549 0.04940257352941176 0.03638174019607843 0.045189950980392156 0.03216911764705882 0.04136029411764706 0.02948835784313725 0.03753063725490195 0.027190563725490193 0.034849877450980386 0.025275735294117644 0.03216911764705882 0.022212009803921566 0.028722426470588234 0.01723345588235294 0.025658700980392152 0.012254901960784314 0.0233609068627451 0.007276348039215686 0.021446078431372546 0.0022977941176470585 0.021063112745098037 0.0003829656862745098 0.07429534313725489 0.0 0.07621017156862744 0.008042279411764705 0.07735906862745098 0.011871936274509803 0.07774203431372548 0.0157015931372549
1 0.9484860664523044 0.9839898177920686 0.9414523043944265 0.9672427652733119 0.9404474812433012 0.9632234726688103 0.9394426580921758 0.9588692390139336 0.9391077170418006 0.9541800643086817 0.9391077170418006 0.9494908896034298 0.9407824222936763 0.9448017148981779 0.9431270096463023 0.9407824222936763 0.9458065380493034 0.9377679528403001 0.9488210075026795 0.9350884244372991 0.9535101822079315 0.9340836012861736 0.9598740621650589 0.9354233654876741 0.9635584137191855 0.9370980707395499 0.9672427652733119 0.940112540192926 0.9715969989281886 0.9437968917470525 0.97494640943194 0.9484860664523044 0.9786307609860664 0.952505359056806 0.9813102893890675 0.9575294748124331 0.9836548767416935 0.9622186495176849 0.9863344051446945 0.9675777063236871 0.9883440514469454 0.9729367631296892 0.9903536977491961 0.9789657020364416 0.9920284030010719 0.984994640943194 0.9923633440514469 0.9893488745980707 0.9923633440514469 0.9923633440514469 0.990384847266881 0.9989583333333333 0.9859994640943195 0.9987272240085745 0.9797595123258314 0.9989583333333333 0.9592041800643086 0.9989583333333333 0.9571945337620579 0.9989583333333333 0.9501607717041801 0.9876741693461951
1 0.9615487674169346 0.8959003215434084 0.9518354769560557 0.8811629153269024 0.9511655948553055 0.8758038585209003 0.9511655948553055 0.8711146838156484 0.952505359056806 0.8664255091103965 0.954849946409432 0.8637459807073955 0.9588692390139336 0.8614013933547696 0.9645632368703108 0.8597266881028939 0.9692524115755626 0.8590568060021436 0.9756162915326902 0.8590568060021436 0.9803054662379421 0.8590568060021436 0.9930332261521972 0.8627411575562701 0.9953778135048232 0.8630760986066452 0.9989583333333333 0.8641777970154175 0.9989583333333333 0.8691050375133976 0.9983922829581994 0.9025991425509111 0.9957127545551983 0.9025991425509111 0.9910235798499464 0.9022642015005359 0.9866693461950697 0.9019292604501608 0.982650053590568 0.9012593783494105 0.9769560557341908 0.9002545551982851 0.9712620578778135 0.8992497320471597 0.964898177920686 0.8979099678456592
1 0.9759512325830654 0.8232181136120043 0.9638933547695605 0.8108252947481243 0.9615487674169346 0.8061361200428724 0.9598740621650589 0.8014469453376205 0.9592041800643086 0.7970927116827439 0.9592041800643086 0.7920685959271168 0.9592041800643086 0.7873794212218649 0.9605439442658092 0.7826902465166131 0.9628885316184352 0.7790058949624865 0.9659030010718114 0.7763263665594855 0.9689174705251876 0.7746516613076099 0.9736066452304395 0.7739817792068596 0.9772909967845659 0.7739817792068596 0.9823151125401929 0.7746516613076099 0.98733922829582 0.7763263665594855 0.9916934619506966 0.7786709539121115 0.9989583333333333 0.782777185563167 0.9989583333333333 0.8379555198285101 0.9967175777063237 0.8369506966773848 0.98733922829582 0.8332663451232583 0.9836548767416935 0.8312566988210075 0.9809753483386924 0.8289121114683816
1 0.9588692390139336 0.48626741693461945 0.9511655948553055 0.4822481243301179 0.9488210075026795 0.4805734190782422 0.9458065380493034 0.4785637727759914 0.9431270096463023 0.4765541264737406 0.9407824222936763 0.4745444801714898 0.9387727759914255 0.4721998928188639 0.9367631296891746 0.4695203644158628 0.9350884244372991 0.46617095391211144 0.9340836012861736 0.46181672025723475 0.9334137191854234 0.45746248660235794 0.9334137191854234 0.4534431939978563 0.9337486602357985 0.44942390139335475 0.9347534833869239 0.44640943193997856 0.9364281886387996 0.44372990353697744 0.9404474812433012 0.4420551982851018 0.9461414790996784 0.44071543408360125 0.9515005359056806 0.44071543408360125 0.9555198285101822 0.44071543408360125 0.9605439442658092 0.44071543408360125 0.9669078242229368 0.44239013933547694 0.9709271168274384 0.44372990353697744 0.9746114683815648 0.44540460878885313 0.9786307609860664 0.4467443729903537 0.982650053590568 0.44774919614147907 0.9863344051446945 0.4497588424437299 0.9896838156484459 0.45143354769560556 0.9937031082529475 0.45377813504823145 0.9970525187566988 0.4561227224008574 0.9987272240085745 0.45813236870310825 0.9989583333333333 0.4584790326902465 0.9989583333333333 0.48894694533762056 0.9977224008574491 0.4896168274383708 0.9920284030010719 0.49263129689174706 0.9880091103965702 0.4933011789924973 0.9843247588424437 0.4939710610932476 0.9803054662379421 0.4939710610932476 0.9766211146838156 0.4933011789924973 0.9715969989281886 0.4919614147909968 0.9675777063236871 0.49028670953912107 0.9635584137191855 0.48794212218649513
1 0.9635584137191855 0.39482851018220794 0.9615487674169346 0.3861200428724544 0.9615487674169346 0.38243569131832794 0.9615487674169346 0.3790862808145766 0.9622186495176849 0.37573687031082526 0.9645632368703108 0.37238745980707394 0.9679126473740621 0.37037781350482313 0.9722668810289389 0.3683681672025723 0.9762861736334405 0.3666934619506967 0.9816452304394426 0.3653536977491961 0.9870042872454448 0.36434887459807075 0.9910235798499464 0.36367899249732044 0.9940380493033226 0.36367899249732044 0.9989583333333333 0.36367899249732044 0.9989583333333333 0.4172695605573419 0.9970525187566988 0.4165996784565916 0.98733922829582 0.41392015005359056 0.9829849946409432 0.4115755627009646 0.9803054662379421 0.4095659163987138 0.9776259378349411 0.40789121114683813 0.9736066452304395 0.40521168274383706 0.9695873526259379 0.4028670953912111 0.9659030010718114 0.39985262593783494
1 0.9421221864951768 0.28396302250803857 0.9394426580921758 0.28195337620578775 0.932408896034298 0.27391479099678456 0.930064308681672 0.26989549839228294 0.9283896034297964 0.26688102893890675 0.9273847802786709 0.26386655948553056 0.9257100750267954 0.26018220793140406 0.9240353697749196 0.25683279742765275 0.9230305466237942 0.2528135048231511 0.9220257234726688 0.24879421221864953 0.9216907824222937 0.2447749196141479 0.9213558413719185 0.24042068595927116 0.9213558413719185 0.2357315112540193 0.9220257234726688 0.23305198285101822 0.9240353697749196 0.2280278670953912 0.9263799571275456 0.22534833869239013 0.930064308681672 0.2230037513397642 0.9337486602357985 0.22132904608788853 0.9381028938906752 0.22065916398713828 0.942457127545552 0.22065916398713828 0.9468113612004286 0.2209941050375134 0.9518354769560557 0.2230037513397642 0.9568595927116827 0.22635316184351553 0.9602090032154341 0.2297025723472669 0.9638933547695605 0.23439174705251878 0.9665728831725616 0.23908092175777063 0.9682475884244374 0.24410503751339763 0.9695873526259379 0.24912915326902466 0.9709271168274384 0.2541532690246517 0.9729367631296892 0.2605171489817792 0.9739415862808145 0.2652063236870311 0.9746114683815648 0.2695605573419078 0.97494640943194 0.2745846730975348 0.9739415862808145 0.2786039657020364 0.9722668810289389 0.28195337620578775 0.9709271168274384 0.2836280814576634 0.9685825294748124 0.28630760986066445 0.9659030010718114 0.287647374062165 0.9635584137191855 0.2883172561629153 0.9592041800643086 0.28932207931404075 0.9558547695605574 0.2903269024651661 0.9521704180064309 0.29066184351554125 0.9478161843515541 0.28932207931404075 0.9444667738478028 0.2873124330117899
0 0.5427961847389557 0.44113955823293166 0.5540913654618473 0.42074548192771083 0.5562876506024096 0.41541164658634533 0.5572289156626505 0.41070532128514053 0.5578564257028111 0.407254016064257 0.5587976907630522 0.4050577309236948 0.5569151606425702 0.4050577309236948 0.5544051204819277 0.40631275100401604 0.5515813253012049 0.40945030120481923 0.5471887550200802 0.41384287148594373 0.5434236947791165 0.41792168674698793 0.5349523092369477 0.4285893574297189 0.5296184738955823 0.43768825301204817 0.5277359437751004 0.441453313253012 0.5267946787148594 0.44427710843373486 0.5252259036144579 0.44961094377510036 0.5245983935742972 0.4546310240963855 0.5264809236947791 0.45714106425702805 0.5296184738955823 0.45525853413654616 0.5330697791164658 0.4518072289156626 0.5368348393574297 0.44835592369477906 0.5399723895582329 0.4455321285140562
0 0.4144703815261044 0.5515813253012049 0.424824297188755 0.5462474899598393 0.4389432730923694 0.5387173694779116 0.44239457831325296 0.53714859437751 0.4439633534136546 0.5349523092369477 0.44364959839357426 0.533383534136546 0.441453313253012 0.5324422690763052 0.4398845381526104 0.5321285140562249 0.43611947791164657 0.5340110441767068 0.43360943775100397 0.5362073293172691 0.4295306224899598 0.5384036144578312 0.4232555220883534 0.5402861445783133 0.41635291164658633 0.5418549196787148 0.41196034136546184 0.5443649598393574 0.40882279116465864 0.5465612449799196 0.407254016064257 0.5481300200803213 0.4044302208835341 0.5509538152610441 0.4044302208835341 0.5525225903614458 0.4059989959839357 0.552836345381526 0.4085090361445783 0.5531501004016064
0 0.7115963855421686 0.21523594377510039 0.716930220883534 0.21021586345381524 0.7210090361445782 0.2033132530120482 0.7225778112449799 0.2008032128514056 0.7238328313253012 0.199234437751004 0.7244603413654619 0.19735190763052207 0.7244603413654619 0.19515562248995982 0.7222640562248995 0.19390060240963852 0.7200677710843373 0.19358684738955823 0.7175577309236947 0.1948418674698795 0.7144201807228915 0.19860692771084337 0.7103413654618473 0.20268574297188752 0.7068900602409638 0.20896084337349397 0.7018699799196786 0.21649096385542166 0.701242469879518 0.21805973895582328 0.701242469879518 0.2199422690763052 0.7028112449799196 0.22088353413654618 0.7053212851405621 0.2199422690763052 0.7078313253012047 0.21837349397590358
0 0.42000103391232424 0.7306916873449132 0.4238782051282051 0.7234543010752688 0.42542907361455745 0.7200940860215055 0.4280138544251447 0.7136321339950373 0.42878928866832094 0.7105303970223324 0.4290477667493796 0.708204094292804 0.42930624483043833 0.705360835401158 0.42930624483043833 0.7027760545905707 0.4274968982630273 0.7020006203473946 0.42620450785773367 0.7017421422663358 0.4243951612903226 0.7032930107526882 0.4236197270471464 0.7045854011579818 0.4205179900744417 0.7094964846980977 0.41793320926385447 0.7141490901571548 0.4156069065343259 0.7188016956162119 0.4122466914805624 0.7257806038047974 0.40862799834574026 0.7325010339123242 0.4075940860215054 0.7371536393713813 0.40888647642679904 0.7397384201819686 0.4114712572373863 0.73947994210091 0.41328060380479736 0.7381875516956163 0.416382340777502 0.7343103804797354
0 0.6955386683209265 0.9095585194375517 0.6872673697270472 0.9033550454921423 0.6849410669975187 0.8999948304383788 0.6828732423490488 0.8976685277088503 0.680805417700579 0.8943083126550868 0.6805469396195203 0.8930159222497932 0.6828732423490488 0.892240488006617 0.6849410669975187 0.8927574441687346 0.6867504135649297 0.8945667907361456 0.6901106286186932 0.8984439619520265 0.6932123655913979 0.90180417700579 0.6955386683209265 0.9038720016542597 0.6991573614557486 0.9077491728701406 0.7004497518610422 0.9105924317617866 0.6986404052936311 0.9111093879239041
0 0.6313905930470347 0.67372827198364 0.6382604805725971 0.668775562372188 0.6416155419222903 0.6670181492842535 0.6441717791411042 0.6654205010224948 0.6464084867075663 0.663982617586912 0.6483256646216768 0.6620654396728016 0.6512014314928425 0.6606275562372187 0.6534381390593046 0.6598287321063394 0.6571127300613496 0.6587103783231084 0.6596689672801636 0.6572724948875255 0.6612666155419222 0.6556748466257668 0.6623849693251533 0.6539174335378323 0.6619056748466258 0.6523197852760736 0.6606275562372187 0.6516807259713702 0.6593494376278118 0.6521600204498977 0.6572724948875255 0.6534381390593046 0.6537576687116563 0.6551955521472392 0.6510416666666666 0.6561541411042945 0.6480061349693251 0.657751789366053 0.6454498977505112 0.6599884969325153 0.6430534253578731 0.6622252044989775 0.6406569529652352 0.6643021472392637 0.6382604805725971 0.6657400306748467 0.6361835378323109 0.6668583844580777 0.6334675357873211 0.6684560327198363 0.629792944785276 0.6706927402862985 0.6269171779141104 0.6724501533742331 0.6245207055214723 0.6735685071574642 0.6226035276073619 0.6743673312883435 0.6216449386503068 0.6754856850715746 0.6211656441717791 0.6766040388548056 0.6214851738241308 0.6774028629856851 0.6234023517382412 0.6775626278118609 0.625 0.6767638036809817 0.6277160020449897 0.6756454498977504
0 0.8510672290388547 0.43743609406952966 0.8362091002044989 0.4278502044989775 0.832374744376278 0.4244951431492842 0.8291794478527607 0.4222584355828221 0.827581799591002 0.42177914110429443 0.8258243865030673 0.421140081799591 0.8240669734151329 0.4203412576687116 0.8218302658486707 0.4182643149284253 0.8205521472392637 0.4158678425357873 0.8207119120654396 0.4142701942740286 0.8221497955010225 0.4141104294478527 0.8242267382413088 0.41506901840490795 0.8272622699386503 0.41746549079754597 0.8304575664621676 0.41954243353783227 0.8333333333333334 0.42177914110429443 0.8362091002044989 0.42385608384458073 0.838605572597137 0.42561349693251527 0.8424399284253579 0.4278502044989775 0.8456352249488752 0.4302466768916155 0.848351226993865 0.4323236196319018 0.8505879345603271 0.43312244376278114 0.853144171779141 0.4340810327198364 0.855700408997955 0.4355189161554192 0.8582566462167688 0.4372763292433538 0.8616117075664621 0.4398325664621677 0.8646472392638036 0.44206927402862983 0.8656058282208589 0.44414621676891614 0.8652862985685071 0.4454243353783231 0.8625702965235172 0.4447852760736196 0.8612921779141104 0.44414621676891614 0.8577773517382412 0.4422290388548057 0.8550613496932514 0.4401520961145194
0 0.949642126789366 0.26297290388548056 0.9440503578732106 0.25194913087934556 0.9421331799591002 0.24843430470347647 0.9414941206543967 0.24635736196319016 0.9419734151329243 0.244120654396728 0.9438905930470347 0.24284253578732107 0.9456480061349694 0.24300230061349692 0.9477249488752555 0.24507924335378323 0.9494823619631901 0.24779524539877298 0.9517190695296522 0.25194913087934556 0.9529971881390593 0.25514442740286297 0.9545948364008179 0.2584994887525562 0.9560327198364007 0.2616947852760736 0.9566717791411042 0.2644107873210634 0.9566717791411042 0.26696702453987725 0.9555534253578731 0.2682451431492842 0.9539557770961145 0.2682451431492842 0.9528374233128835 0.2674463190184049 0.9513995398773005 0.26600843558282206
0 0.6161395856052344 0.11279989094874592 0.6155716103235187 0.10791530352599055 0.6151172300981461 0.1047346419483824 0.6147764449291166 0.10109960014540167 0.615003635041803 0.0968965830607052 0.6153444202108324 0.09451108687749908 0.6162531806615775 0.09155761541257725 0.6169347509996365 0.0888313340603417 0.6176163213376954 0.08701381315885133 0.61886586695747 0.08610505270810614 0.6205697928026173 0.08633224282079244 0.6205697928026173 0.08724100327153762 0.6203426026899309 0.08974009451108687 0.6203426026899309 0.09235278080697928 0.620456197746274 0.09587422755361687 0.620456197746274 0.09962286441294074 0.620456197746274 0.10291712104689203 0.6206833878589604 0.1058705925118139 0.6212513631406761 0.10859687386404944 0.6217057433660487 0.11120956015994184 0.6217057433660487 0.11404943656852054 0.6210241730279898 0.1163213376953835 0.6200018175209014 0.11734369320247183 0.6181842966194111 0.11791166848418758 0.6175027262813522 0.11745728825881498 0.6170483460559796 0.1156397673573246
0 0.4936305732484076 0.0875796178343949 0.48951698513800423 0.09447983014861995 0.4875265392781316 0.09620488322717621 0.48513800424628445 0.09859341825902335 0.4831475583864118 0.10084925690021232 0.480228237791932 0.10323779193205944 0.47717622080679406 0.10536093418259022 0.4743895966029724 0.10695329087048831 0.4722664543524416 0.10774946921443736 0.47186836518046704 0.10628980891719746 0.4722664543524416 0.10363588110403396 0.4727972399150743 0.10084925690021232 0.47332802547770697 0.09899150743099787 0.4746549893842887 0.09567409766454352 0.47638004246284493 0.09235668789808917 0.47837048832271756 0.08996815286624203 0.48089171974522293 0.08611995753715498 0.4835456475583864 0.08266985138004244 0.4859341825902335 0.07961783439490445 0.48872080679405516 0.07669851380042463 0.4911093418259023 0.07404458598726114 0.4937632696390658 0.07139065817409766 0.49628450106157107 0.06860403397027601 0.49867303609341823 0.06687898089171974 0.5005307855626326 0.06595010615711253 0.5017250530785563 0.06515392781316348 0.5030520169851379 0.06475583864118896 0.504644373673036 0.06502123142250531 0.5047770700636942 0.06687898089171974 0.5042462845010616 0.06900212314225053 0.5030520169851379 0.07192144373673036 0.501592356687898 0.07550424628450106 0.49960191082802546 0.07895435244161358 0.4982749469214437 0.08147558386411888 0.4966825902335456 0.08386411889596602
0 0.15956641737891727 0.21543358262108253 0.1553374287749287 0.2114271723646723 0.15311164529914523 0.2087562321937321 0.15133101851851843 0.20608529202279194 0.1493278133903133 0.20141114672364666 0.14754718660968655 0.19740473646723639 0.1479923433048432 0.1951789529914529 0.15021812678062668 0.19473379629629622 0.15422453703703695 0.1960692663817663 0.15600516381766374 0.19740473646723639 0.15800836894586887 0.20007567663817657 0.1613470441595441 0.20319177350427342 0.1637954059829059 0.20653044871794862 0.16579861111111105 0.20942396723646714 0.16802439458689453 0.21343037749287744 0.16913728632478625 0.21743678774928768 0.1698050213675213 0.22055288461538455 0.16913728632478625 0.22188835470085463 0.16735665954415946 0.22188835470085463 0.1646857193732193 0.22055288461538455 0.16223735754985746 0.21921741452991444
0 0.14242788461538453 0.8885105056980057 0.14532140313390307 0.8822783119658121 0.14710202991452984 0.8753783831908832 0.1482149216524216 0.872039707977208 0.1488826566951566 0.8698139245014246 0.14910523504273496 0.8682558760683761 0.14866007834757827 0.866920405982906 0.14754718660968655 0.8664752492877493 0.1464342948717948 0.8658075142450143 0.14532140313390307 0.8658075142450143 0.14398593304843296 0.8660300925925927 0.14153757122507116 0.8673655626780626 0.139534366096866 0.8709268162393163 0.13842147435897428 0.8744880698005698 0.1366408475783475 0.8780493233618234 0.1361956908831908 0.8816105769230769 0.1357505341880341 0.8853944088319088 0.13530537749287744 0.8900685541310541 0.13530537749287744 0.8920717592592593 0.13530537749287744 0.8920717592592593 0.13730858262108253 0.8922943376068376 0.13886663105413097 0.8922943376068376
0 0.12172809829059822 0.7994791666666666 0.12506677350427345 0.7941372863247864 0.12595708689458682 0.7914663461538463 0.12796029202279194 0.7859018874643875 0.12951834045584038 0.7823406339031339 0.13085381054131048 0.779224537037037 0.1310763888888888 0.7778890669515669 0.1310763888888888 0.7745503917378918 0.1299634971509971 0.772769764957265 0.12796029202279194 0.7725471866096867 0.12640224358974353 0.7732149216524217 0.1239538817663817 0.7772213319088319 0.12239583333333326 0.7807825854700855 0.12061520655270648 0.7847889957264957 0.1192797364672364 0.7879050925925927 0.11749910968660962 0.7919115028490028 0.11638621794871788 0.7948050213675214 0.1150507478632478 0.7983662749287749 0.11438301282051275 0.8017049501424502 0.11616363960113954 0.8039307336182336 0.11749910968660962 0.8041533119658121 0.11905715811965804 0.8025952635327636
0 0.04742033383915023 0.0001580677794638341 0.05216236722306525 0.0006322711178553364 0.05611406170966111 0.008693727870510875 0.05627212948912494 0.011855083459787558 0.05089782498735458 0.009958270106221549
0 0.16470662620131513 0.09199544764795144 0.1612291350531108 0.09104704097116843 0.15838391502276175 0.08962443095599393 0.15933232169954478 0.08440819423368741 0.16660343955488113 0.069549822964087 0.17181967627718767 0.06433358624178048 0.1757713707637835 0.06575619625695499 0.17640364188163887 0.07081436519979767 0.1738745574102175 0.07761127971674255 0.1681841173495195 0.08567273646939808
0 0.0003785505430242391 0.31888314536340856 0.005599937343358408 0.32031902673350043 0.00873276942355891 0.32201597744360905 0.00912437343358397 0.32501827485380114 0.004947263993316637 0.3251488095238095 0.0002480158730158849 0.32306025480367584
0 0.3353340955284553 0.7478722052845528 0.3310467479674797 0.7469194613821137 0.324536331300813 0.736915650406504 0.32358358739837395 0.7288173272357723 0.3253302845528455 0.7273882113821137 0.3307291666666667 0.7272294207317073 0.33390497967479676 0.7313579776422764 0.33835111788617883 0.7442200203252032
0 0.7538445552784706 0.5566812136325852 0.7586502493765586 0.5561616791354946 0.767871986699917 0.5582398171238571 0.7759247714048213 0.5625259767248546 0.7841074397339984 0.5653834164588528 0.7844970906068164 0.5685006234413965 0.7777431421446385 0.5685006234413965 0.7673524522028263 0.5634351620947631 0.7578709476309228 0.5599283042394015 0.7543640897755611 0.5587593516209477
0 0.7774833748960931 0.6870843724023276 0.7733270989193683 0.6852660016625104 0.7673524522028263 0.6782522859517872 0.7641053615960101 0.6726672901080631 0.7635858270989194 0.6669524106400665 0.7664432668329177 0.6655236907730674 0.7693007065669161 0.6690305486284289 0.7703397755610973 0.674225893599335 0.7729374480465503 0.6785120532003326 0.7765741895261846 0.683577514546966 0.7773534912718205 0.6855257689110558
0 0.7113373098201936 0.8048063623789764 0.7083117219917011 0.8016727178423236 0.7032330567081604 0.7903267634854771 0.6978302213001383 0.7807097164591977 0.6953449170124482 0.7709846127247579 0.696533540802213 0.7688234785615491 0.6991269017980636 0.7701201590594743 0.7019363762102351 0.7753068810511756 0.7064747579529737 0.7870850622406639 0.7120937067773168 0.7938926348547717 0.7130662171507607 0.8002679806362379
0 0.7359601449275363 0.9987745098039215 0.7387574595055413 0.9918478260869565 0.7415547740835464 0.9871856351236146 0.7450181159420289 0.9843883205456094 0.7475490196078431 0.9885176896845694 0.7468829923273658 0.9947783461210571 0.7470136169277493 0.9989583333333333
0 0.8949922360248447 0.3013716356107661 0.890139751552795 0.2992149758454107 0.8826992753623187 0.2940389924085577 0.8816209454796411 0.28886300897170464 0.8749353002070392 0.2833635265700484 0.8704063146997929 0.278834541062802 0.8706219806763286 0.27311939268461016 0.8747196342305037 0.27301155969634233 0.8815131124913733 0.2780797101449276 0.8887379227053139 0.28638285024154597 0.8935904071773637 0.2927449965493444 0.8958548999309869 0.2972739820565908
0 0.453125 0.27739583333333334 0.45177083333333334 0.2734375 0.45208333333333334 0.2719791666666667 0.455 0.27281249999999996 0.4628125 0.27572916666666664 0.4746875 0.27927083333333336 0.4780208333333333 0.2841666666666667 0.47833333333333333 0.2892708333333333 0.4736458333333333 0.28833333333333333 0.46760416666666665 0.28395833333333337 0.4594791666666667 0.2791666666666667
0 0.5619941133186166 0.1832689477557027 0.5640636497424577 0.18073951434878585 0.5693524650478293 0.18027961736571008 0.5734915378955114 0.18372884473877849 0.5760209713024282 0.18579838116261954 0.5787803532008831 0.19016740250183958 0.5815397350993377 0.1943064753495217 0.5826894775570272 0.19591611479028698 0.5833793230316409 0.19706585724797643 0.5847590139808683 0.1998252391464312 0.5852189109639441 0.20373436350257543 0.5852189109639441 0.20488410596026488 0.5840691685062546 0.20672369389256806 0.5829194260485652 0.20764348785871964 0.5797001471670346 0.20787343635025754 0.5780905077262692 0.20672369389256806 0.5744113318616629 0.20350441501103753 0.5730316409124356 0.20143487858719647 0.5714220014716703 0.19913539367181748 0.5700423105224429 0.19752575423105226 0.5686626195732156 0.19522626931567327 0.5672829286239882 0.19292678440029434 0.5649834437086092 0.19016740250183958 0.5631438557763061 0.18717807211184695
0 0.3771551724137931 0.10278514588859416 0.3779840848806366 0.09836427939876216 0.3821286472148541 0.09946949602122016 0.3854442970822281 0.10444297082228117 0.3884836427939876 0.10692970822281168 0.3917992926613616 0.10886383731211317 0.39760167992926615 0.11411361626878867 0.40146993810786913 0.11687665782493369 0.4050618921308577 0.1199160035366932 0.4050618921308577 0.12323165340406719 0.39925950486295314 0.1204686118479222 0.39483863837312116 0.11660035366931919 0.3917992926613616 0.11494252873563218 0.3890362511052166 0.11079796640141468 0.3829575596816976 0.10692970822281168
0 0.907451923076923 0.06844284188034187 0.9054487179487178 0.07211538461538461 0.9047809829059829 0.07545405982905982 0.9031116452991452 0.08012820512820512 0.9024439102564102 0.08446848290598291 0.9021100427350427 0.08914262820512821 0.9021100427350427 0.09581997863247864 0.9054487179487178 0.09682158119658119 0.908119658119658 0.09114583333333333 0.9087873931623932 0.08680555555555555 0.9097889957264957 0.0797943376068376 0.9097889957264957 0.07779113247863248
0 0.7438107869142352 0.35394562334217505 0.7407714412024757 0.3591954022988506 0.7393899204244031 0.3633399646330681 0.7377320954907163 0.36693191865605657 0.7360742705570292 0.37107648099027407 0.7346927497789566 0.3754973474801061 0.7330349248452698 0.3782603890362511 0.7319297082228117 0.38268125552608306 0.7313770999115827 0.3868258178603006 0.7327586206896551 0.38986516357206014 0.7366268788682582 0.3848916887709991 0.7382847038019451 0.3815760389036251 0.7388373121131742 0.3782603890362511 0.7402188328912467 0.3732869142351901 0.7416003536693192 0.36886604774535814 0.7427055702917772 0.36693191865605657 0.7443633952254642 0.36278735632183906 0.7443633952254642 0.36085322723253754 0.7451923076923077 0.3594717064544651
0 0.5061239193083573 0.7021493756003843 0.5091258405379443 0.702449567723343 0.5127281460134486 0.7051512968299711 0.516330451488953 0.7075528338136406 0.5178314121037464 0.7099543707973103 0.5205331412103746 0.7171589817483189 0.5214337175792507 0.7198607108549471 0.5229346781940442 0.7261647454370797 0.524135446685879 0.7303674351585013 0.525036023054755 0.733669548511047 0.5265369836695485 0.7372718539865513 0.527137367915466 0.7447766570605187 0.527137367915466 0.7489793467819404 0.5265369836695485 0.7516810758885686 0.5229346781940442 0.748378962536023 0.5184317963496637 0.7402737752161384 0.5157300672430355 0.7342699327569644 0.5142291066282421 0.7288664745437079 0.5124279538904899 0.7246637848222862 0.5109269932756965 0.7210614793467819 0.5100264169068204 0.7168587896253602 0.5085254562920268 0.7123559077809798 0.5073246878001921 0.708153218059558
0 0.6815017137960582 0.47798843187660667 0.6860539845758354 0.47423950299914314 0.6876606683804627 0.473703941730934 0.6911418166238217 0.473703941730934 0.695694087403599 0.47531062553556125 0.7002463581833761 0.4761139674378749 0.7053341902313625 0.4769173093401885 0.7069408740359897 0.47798843187660667 0.7109575835475578 0.47986289631533846 0.7136353898886032 0.4814695801199657 0.7152420736932306 0.48414738646101113 0.7147065124250214 0.4857540702656384 0.7122964867180805 0.48709297343616104 0.7093508997429306 0.48709297343616104 0.7074764353041988 0.48736075407026563 0.7058697514995715 0.4876285347043702 0.7018530419880035 0.48709297343616104 0.6973007712082262 0.4860218508997429 0.6946229648671808 0.48548628963153384 0.6927485004284489 0.48468294772922016 0.6892673521850899 0.48361182519280205 0.6844473007712082 0.4825407026563839 0.6809661525278492 0.4806662382176521
0 0.3851401179941003 0.9220132743362831 0.3886430678466076 0.9175884955752213 0.39325221238938046 0.9150073746312685 0.3950958702064896 0.9144542772861357 0.39786135693215335 0.9142699115044247 0.40025811209439527 0.9150073746312685 0.39988938053097345 0.917772861356932 0.3984144542772861 0.9216445427728613 0.3976769911504424 0.9249631268436578 0.39343657817109146 0.9304941002949852 0.39196165191740406 0.9316002949852507 0.3888274336283185 0.9339970501474926 0.38698377581120946 0.9351032448377581 0.3831120943952802 0.9380530973451326 0.3803466076696165 0.9408185840707964 0.3766592920353982 0.9430309734513274 0.375 0.9441371681415929 0.3740781710914454 0.9441371681415929 0.3733407079646017 0.9419247787610618 0.3733407079646017 0.93952802359882 0.3740781710914454 0.9378687315634218 0.3777654867256637 0.9314159292035398 0.3790560471976401 0.9301253687315634 0.3812684365781711 0.9268067846607669 0.3831120943952802 0.9247787610619469
