1 0.699810606060606 0.23579545454545453 0.6972853535353535 0.2342171717171717 0.6912878787878788 0.23106060606060605 0.6890782828282828 0.22916666666666663 0.6849747474747474 0.22537878787878787 0.6837121212121211 0.22348484848484848 0.6811868686868686 0.21748737373737373 0.6808712121212122 0.21180555555555552 0.6808712121212122 0.2067550505050505 0.6808712121212122 0.20170454545454544 0.6811868686868686 0.19791666666666663 0.6824494949494949 0.19412878787878787 0.6865530303030302 0.1903409090909091 0.6897095959595958 0.18813131313131312 0.6934974747474747 0.18592171717171715 0.6979166666666666 0.18402777777777776 0.7017045454545454 0.1833964646464646 0.7080176767676767 0.1827651515151515 0.7136994949494949 0.1827651515151515 0.7178030303030302 0.1827651515151515 0.723800505050505 0.1833964646464646 0.7316919191919191 0.18529040404040403 0.7370580808080808 0.18749999999999997 0.7414772727272727 0.19065656565656564 0.7452651515151515 0.19318181818181818 0.7487373737373737 0.19539141414141412 0.7515782828282828 0.19886363636363635 0.7531565656565656 0.2029671717171717 0.7541035353535352 0.20707070707070707 0.7547348484848484 0.21022727272727273 0.7553661616161615 0.21338383838383837 0.7559974747474747 0.21717171717171715 0.7559974747474747 0.22253787878787878 0.7547348484848484 0.22664141414141412 0.752840909090909 0.23074494949494948 0.7509469696969696 0.23358585858585856 0.748421717171717 0.23674242424242423 0.7452651515151515 0.23863636363636362 0.7417929292929292 0.240530303030303 0.7383207070707071 0.24210858585858583 0.7351641414141414 0.24273989898989895 0.7313762626262625 0.24273989898989895 0.7269570707070707 0.24273989898989895 0.7234848484848484 0.24273989898989895 0.71875 0.24147727272727273 0.7149621212121211 0.240530303030303 0.7111742424242423 0.23958333333333331 0.7061237373737373 0.23863636363636362
1 0.8159722222222221 0.2111742424242424 0.8118686868686869 0.2077020202020202 0.8102904040404039 0.20422979797979796 0.8090277777777778 0.20075757575757575 0.8077651515151515 0.19602272727272724 0.8071338383838383 0.1903409090909091 0.8068181818181818 0.18434343434343434 0.8071338383838383 0.17960858585858583 0.8083964646464646 0.17392676767676768 0.8099747474747474 0.1679292929292929 0.8118686868686869 0.16351010101010102 0.8140782828282828 0.1587752525252525 0.8159722222222221 0.15593434343434343 0.8194444444444444 0.15088383838383837 0.8213383838383838 0.1486742424242424 0.824810606060606 0.1461489898989899 0.8282828282828283 0.14457070707070707 0.8336489898989898 0.14267676767676768 0.8371212121212122 0.14172979797979798 0.8415404040404039 0.14172979797979798 0.8456439393939393 0.14172979797979798 0.8491161616161615 0.14267676767676768 0.8519570707070706 0.14488636363636365 0.8551136363636364 0.14804292929292925 0.8573232323232323 0.1496212121212121 0.8598484848484848 0.15277777777777776 0.8620580808080808 0.15625 0.8636363636363635 0.16003787878787878 0.8652146464646464 0.1654040404040404 0.8661616161616161 0.17045454545454544 0.8664772727272727 0.17518939393939392 0.8664772727272727 0.1808712121212121 0.8661616161616161 0.18623737373737373 0.8648989898989898 0.19065656565656564 0.8633207070707071 0.19444444444444445 0.8604797979797979 0.19854797979797978 0.8573232323232323 0.20328282828282826 0.8547979797979797 0.20707070707070707 0.8522727272727272 0.21022727272727273 0.8484848484848484 0.21369949494949492 0.844381313131313 0.21654040404040403 0.8409090909090909 0.21748737373737373 0.8361742424242423 0.21780303030303028 0.8301767676767676 0.21748737373737373 0.8238636363636364 0.21685606060606058 0.8197601010101009 0.2149621212121212
1 0.9292929292929292 0.18655303030303028 0.9321338383838383 0.17613636363636362 0.9349747474747474 0.1726641414141414 0.9378156565656565 0.16919191919191917 0.9406565656565656 0.1654040404040404 0.9434974747474746 0.1625631313131313 0.9463383838383838 0.16003787878787878 0.9501262626262625 0.15688131313131312 0.9545454545454545 0.15435606060606058 0.9583333333333333 0.15214646464646464 0.962121212121212 0.15119949494949492 0.9659090909090909 0.1505681818181818 0.9706439393939393 0.1505681818181818 0.976641414141414 0.15088383838383837 0.9813762626262625 0.1524621212121212 0.9864267676767676 0.15625 0.9880050505050504 0.15751262626262624 0.9895833333333333 0.1606691919191919 0.9902146464646464 0.16477272727272724 0.9898989898989898 0.16856060606060605 0.9892676767676767 0.17234848484848483 0.9876893939393939 0.1764520202020202 0.9864267676767676 0.17929292929292925 0.9848484848484848 0.1827651515151515 0.9835858585858585 0.18623737373737373 0.9813762626262625 0.1900252525252525 0.9797979797979797 0.19318181818181818 0.9772727272727272 0.19602272727272724 0.9741161616161615 0.1991792929292929 0.9706439393939393 0.20233585858585856 0.9678030303030302 0.20454545454545453 0.9646464646464646 0.20612373737373738 0.9605429292929292 0.20801767676767677 0.9570707070707071 0.20928030303030304 0.9526515151515151 0.20991161616161616 0.9485479797979797 0.21022727272727273 0.9438131313131313 0.20991161616161616 0.9400252525252525 0.2086489898989899 0.9356060606060606 0.20707070707070707 0.9327651515151515 0.2048611111111111 0.9292929292929292 0.20075757575757575 0.9277146464646464 0.1972853535353535 0.9273989898989898 0.19349747474747475
1 0.60385101010101 0.37815656565656564 0.5975378787878788 0.3734217171717171 0.5962752525252525 0.37152777777777773 0.5953282828282828 0.3690025252525252 0.5950126262626262 0.3671085858585858 0.594381313131313 0.3652146464646464 0.5940656565656565 0.3620580808080808 0.594381313131313 0.35827020202020204 0.5953282828282828 0.3547979797979798 0.596590909090909 0.3519570707070707 0.5978535353535352 0.3494318181818182 0.6000631313131313 0.3462752525252525 0.6019570707070707 0.3440656565656565 0.6044823232323232 0.34154040404040403 0.6066919191919191 0.33964646464646464 0.6095328282828283 0.33838383838383834 0.6133207070707071 0.3371212121212121 0.6174242424242423 0.33648989898989895 0.6212121212121211 0.3361742424242424 0.6243686868686869 0.3361742424242424 0.6281565656565656 0.3361742424242424 0.6325757575757576 0.33648989898989895 0.6360479797979797 0.3374368686868687 0.639520202020202 0.3386994949494949 0.6436237373737373 0.34027777777777773 0.646780303030303 0.34154040404040403 0.6505681818181818 0.34311868686868685 0.6540404040404041 0.3453282828282828 0.65625 0.3472222222222222 0.656881313131313 0.34785353535353536 0.659090909090909 0.35227272727272724 0.6600378787878788 0.35542929292929293 0.6609848484848484 0.3601641414141414 0.661300505050505 0.36395202020202017 0.661300505050505 0.36773989898989895 0.6606691919191918 0.37247474747474746 0.6587752525252525 0.3768939393939394 0.656881313131313 0.380050505050505 0.6543560606060606 0.38289141414141414 0.6511994949494949 0.38541666666666663 0.6470959595959596 0.3869949494949495 0.6439393939393939 0.38825757575757575 0.639520202020202 0.3888888888888889 0.6354166666666666 0.38920454545454547 0.6291035353535352 0.39046717171717166 0.6265782828282828 0.3910984848484848 0.6243686868686869 0.39078282828282823 0.6218434343434343 0.3898358585858585 0.6183712121212122 0.3885732323232323 0.6158459595959596 0.3869949494949495 0.6120580808080808 0.38478535353535354 0.608270202020202 0.382260101010101
1 0.4476010101010101 0.38952020202020193 0.4466540404040404 0.38352272727272724 0.44791666666666663 0.3756313131313131 0.44886363636363635 0.3721590909090909 0.449810606060606 0.36963383838383834 0.4513888888888889 0.3671085858585858 0.4526515151515151 0.36426767676767674 0.45486111111111105 0.3604797979797979 0.45675505050505044 0.35795454545454547 0.4589646464646464 0.3563762626262626 0.4621212121212121 0.3541666666666667 0.4655934343434343 0.3519570707070707 0.4693813131313131 0.35037878787878785 0.4731691919191919 0.3491161616161616 0.47664141414141414 0.34848484848484845 0.4797979797979798 0.3481691919191919 0.48453282828282823 0.3481691919191919 0.488320707070707 0.34848484848484845 0.4917929292929292 0.35006313131313127 0.49463383838383834 0.35164141414141414 0.497790404040404 0.3544823232323232 0.49968434343434337 0.3576388888888889 0.5012626262626262 0.36111111111111105 0.5025252525252525 0.3652146464646464 0.5034722222222222 0.36963383838383834 0.5034722222222222 0.3734217171717171 0.5028409090909091 0.3784722222222222 0.5009469696969696 0.3832070707070707 0.4987373737373737 0.38636363636363635 0.4958964646464646 0.39078282828282823 0.4930555555555555 0.394570707070707 0.48989898989898983 0.3977272727272727 0.48611111111111105 0.3996212121212121 0.4813762626262626 0.40183080808080807 0.47695707070707066 0.40372474747474746 0.4728535353535353 0.4049873737373737 0.4678030303030303 0.40624999999999994 0.46306818181818177 0.40624999999999994 0.45833333333333326 0.40624999999999994 0.4542297979797979 0.4046717171717171 0.4510732323232323 0.40277777777777773 0.4494949494949495 0.3993055555555555 0.44886363636363635 0.39551767676767674
1 0.560921717171717 0.3993055555555555 0.5691287878787878 0.39741161616161613 0.57260101010101 0.39741161616161613 0.577020202020202 0.3977272727272727 0.5817550505050504 0.3986742424242424 0.586489898989899 0.3996212121212121 0.5902777777777778 0.4015151515151515 0.5928030303030302 0.4053030303030303 0.594381313131313 0.4087752525252525 0.5969065656565656 0.41382575757575757 0.5991161616161615 0.4182449494949495 0.6003787878787877 0.4229797979797979 0.6013257575757576 0.4277146464646464 0.601641414141414 0.43213383838383834 0.601641414141414 0.43686868686868685 0.601641414141414 0.442550505050505 0.6003787878787877 0.4466540404040404 0.5981691919191919 0.45044191919191917 0.5953282828282828 0.4551767676767676 0.5912247474747474 0.45959595959595956 0.5871212121212122 0.4621212121212121 0.5823863636363635 0.4640151515151515 0.5760732323232323 0.4646464646464646 0.5694444444444444 0.464330808080808 0.5659722222222221 0.4636994949494949 0.5621843434343433 0.4621212121212121 0.5577651515151515 0.45991161616161613 0.5549242424242423 0.45833333333333326 0.5517676767676767 0.4551767676767676 0.5489267676767676 0.4510732323232323 0.5473484848484848 0.44728535353535354 0.545770202020202 0.4428661616161616 0.5448232323232323 0.4397095959595959 0.5441919191919191 0.435290404040404 0.5441919191919191 0.43181818181818177 0.5438762626262627 0.428030303030303 0.5438762626262627 0.4239267676767676 0.5445075757575757 0.41950757575757575 0.545770202020202 0.41571969696969696 0.5470328282828283 0.4119318181818182 0.5489267676767676 0.4081439393939394 0.5508207070707071 0.40561868686868685 0.5539772727272727 0.4030934343434343
1 0.7054924242424242 0.46622474747474746 0.7013888888888888 0.45770202020202017 0.7001262626262625 0.4542297979797979 0.6994949494949495 0.449810606060606 0.6991792929292928 0.44539141414141414 0.6994949494949495 0.44034090909090906 0.7010732323232323 0.43497474747474746 0.7032828282828283 0.4296085858585858 0.7054924242424242 0.4248737373737373 0.7077020202020202 0.42077020202020193 0.7095959595959596 0.4172979797979798 0.7118055555555555 0.41382575757575757 0.7136994949494949 0.411300505050505 0.7155934343434343 0.40940656565656564 0.71875 0.40624999999999994 0.7209595959595958 0.4046717171717171 0.7241161616161615 0.40246212121212116 0.726641414141414 0.40183080808080807 0.7323232323232323 0.4015151515151515 0.7364267676767676 0.4015151515151515 0.7414772727272727 0.4030934343434343 0.7449494949494949 0.40435606060606055 0.7477904040404041 0.4059343434343434 0.7503156565656565 0.4084595959595959 0.7522095959595958 0.411300505050505 0.7541035353535352 0.41382575757575757 0.7559974747474747 0.41761363636363635 0.7575757575757576 0.4210858585858585 0.7582070707070707 0.4245580808080808 0.7588383838383838 0.4277146464646464 0.7591540404040403 0.4327651515151515 0.7594696969696969 0.4378156565656565 0.7591540404040403 0.44223484848484845 0.7582070707070707 0.44728535353535354 0.7569444444444444 0.4513888888888889 0.755050505050505 0.4573863636363636 0.7531565656565656 0.46148989898989895 0.7509469696969696 0.46527777777777773 0.7481060606060606 0.4693813131313131 0.7446338383838383 0.4731691919191919 0.7411616161616161 0.47632575757575757 0.7373737373737373 0.47821969696969696 0.7313762626262625 0.48011363636363635 0.7272727272727272 0.48042929292929293 0.721590909090909 0.47916666666666663 0.7152777777777778 0.47695707070707066 0.7105429292929292 0.47506313131313127 0.7077020202020202 0.47159090909090906
1 0.736111111111111 0.10511363636363637 0.7307449494949495 0.10101010101010101 0.7294823232323232 0.0981691919191919 0.7282196969696969 0.09532828282828282 0.7275883838383838 0.09217171717171717 0.7275883838383838 0.08806818181818181 0.7279040404040403 0.08428030303030302 0.7282196969696969 0.08049242424242424 0.7291666666666666 0.07638888888888888 0.7307449494949495 0.07291666666666667 0.7323232323232323 0.07102272727272727 0.7354797979797979 0.0678661616161616 0.7392676767676767 0.06534090909090909 0.7433712121212122 0.06218434343434343 0.7481060606060606 0.05934343434343434 0.7522095959595958 0.057449494949494945 0.7553661616161615 0.05650252525252524 0.7604166666666665 0.05587121212121212 0.7660984848484848 0.05555555555555555 0.7711489898989898 0.05618686868686869 0.7761994949494949 0.05776515151515151 0.7812499999999999 0.059659090909090905 0.7853535353535352 0.06249999999999999 0.7885101010101009 0.06628787878787878 0.7904040404040403 0.07039141414141413 0.79135101010101 0.07449494949494949 0.7916666666666665 0.07859848484848485 0.79135101010101 0.0827020202020202 0.7900883838383838 0.08617424242424242 0.7881944444444444 0.08964646464646463 0.7859848484848484 0.09374999999999999 0.7837752525252525 0.09690656565656565 0.7806186868686869 0.09943181818181818 0.7774621212121211 0.10101010101010101 0.7730429292929292 0.10321969696969696 0.7698863636363635 0.10448232323232323 0.7657828282828283 0.10637626262626261 0.7610479797979797 0.10827020202020202 0.7563131313131313 0.10921717171717171 0.7509469696969696 0.10921717171717171 0.7458964646464646 0.10921717171717171 0.7424242424242423 0.10890151515151514
1 0.6660353535353535 0.1202651515151515 0.6638257575757576 0.11994949494949494 0.6594065656565656 0.11710858585858586 0.6578282828282828 0.11553030303030302 0.65625 0.11268939393939394 0.654671717171717 0.10921717171717171 0.6527777777777778 0.10511363636363637 0.6518308080808081 0.10132575757575757 0.6505681818181818 0.09627525252525253 0.6505681818181818 0.09217171717171717 0.6511994949494949 0.08743686868686869 0.6524621212121211 0.08396464646464645 0.654671717171717 0.08175505050505051 0.65625 0.07954545454545454 0.6584595959595959 0.07702020202020202 0.6609848484848484 0.07481060606060605 0.6638257575757576 0.07323232323232323 0.6679292929292928 0.07133838383838384 0.6720328282828283 0.07007575757575757 0.6761363636363635 0.06976010101010101 0.6799242424242423 0.06976010101010101 0.6846590909090909 0.07102272727272727 0.6887626262626262 0.07323232323232323 0.6916035353535352 0.07638888888888888 0.6950757575757576 0.08112373737373738 0.6979166666666666 0.08585858585858586 0.7004419191919191 0.09059343434343434 0.7023358585858585 0.09564393939393939 0.7029671717171716 0.1000631313131313 0.7029671717171716 0.10416666666666666 0.7023358585858585 0.10921717171717171 0.7007575757575757 0.11174242424242424 0.6985479797979797 0.1139520202020202 0.695391414141414 0.11584595959595959 0.6906565656565656 0.11805555555555555 0.6871843434343433 0.1202651515151515 0.6837121212121211 0.12152777777777776 0.6789772727272727 0.12247474747474746 0.6748737373737373 0.12279040404040403 0.6704545454545454 0.12247474747474746
1 0.5018939393939393 0.13194444444444445 0.4949494949494949 0.12720959595959594 0.488320707070707 0.11931818181818181 0.4873737373737373 0.11773989898989898 0.48611111111111105 0.11458333333333331 0.4848484848484848 0.1111111111111111 0.48327020202020193 0.10700757575757575 0.48200757575757575 0.10321969696969696 0.481060606060606 0.09848484848484847 0.4794823232323232 0.09343434343434343 0.47853535353535354 0.0899621212121212 0.4779040404040404 0.08554292929292928 0.4779040404040404 0.08175505050505051 0.4775883838383838 0.07670454545454544 0.4775883838383838 0.07196969696969696 0.47821969696969696 0.0678661616161616 0.47916666666666663 0.0634469696969697 0.4807449494949495 0.05934343434343434 0.48200757575757575 0.05555555555555555 0.4839015151515151 0.05208333333333333 0.48611111111111105 0.04924242424242423 0.48895202020202017 0.04577020202020202 0.49147727272727265 0.043876262626262624 0.4949494949494949 0.04229797979797979 0.5003156565656565 0.0404040404040404 0.5047348484848484 0.03977272727272727 0.512310606060606 0.03851010101010101 0.5157828282828283 0.03819444444444444 0.5205176767676767 0.03819444444444444 0.5227272727272727 0.03882575757575757 0.5252525252525252 0.04008838383838384 0.529040404040404 0.041666666666666664 0.5312499999999999 0.04292929292929293 0.5337752525252525 0.04513888888888888 0.5366161616161615 0.047979797979797977 0.5400883838383839 0.0514520202020202 0.5426136363636364 0.055239898989898985 0.5441919191919191 0.059027777777777776 0.5451388888888888 0.06281565656565656 0.5467171717171716 0.06818181818181818 0.5479797979797979 0.07386363636363637 0.548611111111111 0.07891414141414141 0.5492424242424242 0.08396464646464645 0.5492424242424242 0.08901515151515152 0.5492424242424242 0.09343434343434343 0.5492424242424242 0.0981691919191919 0.5489267676767676 0.1019570707070707 0.5482954545454546 0.10637626262626261 0.5476641414141414 0.11047979797979797 0.5460858585858586 0.11489898989898989 0.5438762626262627 0.11931818181818181 0.5416666666666666 0.12373737373737373 0.539141414141414 0.12720959595959594 0.5369318181818181 0.1303661616161616 0.5344065656565656 0.13289141414141412 0.5312499999999999 0.13510101010101008 0.5280934343434344 0.13699494949494948 0.5224116161616161 0.13952020202020202 0.5192550505050505 0.13983585858585856 0.5151515151515151 0.13983585858585856 0.5097853535353535 0.13825757575757575 0.5063131313131313 0.13699494949494948 0.5044191919191918 0.13541666666666666
1 0.8494318181818181 0.05176767676767677 0.8399621212121211 0.04671717171717171 0.8380681818181818 0.044823232323232313 0.8358585858585859 0.041982323232323225 0.8336489898989898 0.03819444444444444 0.8314393939393939 0.034406565656565656 0.8292297979797979 0.0303030303030303 0.8273358585858585 0.026515151515151512 0.8260732323232323 0.022411616161616157 0.8254419191919191 0.01736111111111111 0.824810606060606 0.011994949494949494 0.8244949494949495 0.006628787878787878 0.824810606060606 0.0 0.8841540404040403 0.0 0.8857323232323232 0.007575757575757575 0.8866792929292928 0.011679292929292928 0.887310606060606 0.016098484848484848 0.8882575757575757 0.021464646464646464 0.8885732323232323 0.026199494949494948 0.8885732323232323 0.030618686868686865 0.8879419191919191 0.03377525252525252 0.8863636363636364 0.036931818181818184 0.8844696969696969 0.03882575757575757 0.8819444444444444 0.0413510101010101 0.8784722222222221 0.04450757575757576 0.8743686868686869 0.04766414141414141 0.8718434343434343 0.0495580808080808 0.8693181818181818 0.050189393939393936 0.8645833333333333 0.050820707070707065 0.8598484848484848 0.05113636363636363 0.8547979797979797 0.0514520202020202
1 0.6777146464646464 0.032196969696969696 0.6770833333333334 0.023042929292929292 0.678030303030303 0.018939393939393936 0.6792929292929293 0.016098484848484848 0.6805555555555555 0.012941919191919192 0.6818181818181818 0.009785353535353534 0.685921717171717 0.0028409090909090906 0.6875 0.0006313131313131313 0.7411616161616161 0.00031565656565656563 0.742739898989899 0.00789141414141414 0.742739898989899 0.011679292929292928 0.7411616161616161 0.01515151515151515 0.7389520202020202 0.018939393939393936 0.7370580808080808 0.022411616161616157 0.7345328282828283 0.026515151515151512 0.7329545454545454 0.029040404040404037 0.7301136363636364 0.03314393939393939 0.7269570707070707 0.037247474747474744 0.7234848484848484 0.0413510101010101 0.7209595959595958 0.04324494949494949 0.7162247474747474 0.04513888888888888 0.7121212121212122 0.046401515151515145 0.7067550505050504 0.046401515151515145 0.69760101010101 0.046085858585858584 0.6922348484848484 0.04577020202020202 0.6862373737373737 0.04450757575757576 0.6827651515151515 0.041982323232323225 0.6808712121212122 0.03882575757575757
1 0.8671085858585859 0.5202020202020202 0.8652146464646464 0.5202020202020202 0.8595328282828283 0.5192550505050505 0.8566919191919191 0.5183080808080808 0.8547979797979797 0.5151515151515151 0.8519570707070706 0.5094696969696969 0.8500631313131313 0.5066287878787878 0.8475378787878788 0.5015782828282828 0.846590909090909 0.4971590909090909 0.846590909090909 0.4933712121212121 0.846590909090909 0.4892676767676767 0.8475378787878788 0.4857954545454545 0.8484848484848484 0.4835858585858585 0.8497474747474746 0.481060606060606 0.8510101010101009 0.47885101010101006 0.8522727272727272 0.47537878787878785 0.8532196969696969 0.4722222222222222 0.8541666666666665 0.4693813131313131 0.8554292929292928 0.466540404040404 0.8573232323232323 0.46306818181818177 0.8595328282828283 0.45991161616161613 0.8620580808080808 0.45770202020202017 0.865530303030303 0.4554924242424242 0.867739898989899 0.4542297979797979 0.8708964646464646 0.45296717171717166 0.8759469696969696 0.45170454545454547 0.8809974747474746 0.45170454545454547 0.8866792929292928 0.4523358585858585 0.8907828282828283 0.45328282828282823 0.8942550505050504 0.4545454545454545 0.8970959595959596 0.45643939393939387 0.8999368686868686 0.4589646464646464 0.9030934343434343 0.4621212121212121 0.9062499999999999 0.4655934343434343 0.9084595959595958 0.4693813131313131 0.9097222222222221 0.47348484848484845 0.9100378787878787 0.47853535353535354 0.9097222222222221 0.4835858585858585 0.9081439393939393 0.48958333333333326 0.9053030303030302 0.495580808080808 0.9024621212121211 0.5015782828282828 0.899621212121212 0.5066287878787878 0.896780303030303 0.51010101010101 0.8933080808080808 0.5135732323232323 0.889520202020202 0.5164141414141413 0.88510101010101 0.5186237373737373 0.8806818181818181 0.5195707070707071 0.8765782828282828 0.5205176767676767 0.8724747474747474 0.5211489898989898
1 0.7471590909090909 0.6073232323232323 0.7408459595959596 0.5978535353535352 0.7386363636363635 0.59375 0.7367424242424242 0.5896464646464646 0.7354797979797979 0.5861742424242423 0.7351641414141414 0.5830176767676767 0.7351641414141414 0.5792297979797979 0.7357954545454545 0.5757575757575757 0.7367424242424242 0.5722853535353535 0.7383207070707071 0.5684974747474747 0.7395833333333333 0.5647095959595959 0.7411616161616161 0.5612373737373737 0.7436868686868686 0.5583964646464646 0.7474747474747474 0.5565025252525253 0.7512626262626262 0.5546085858585859 0.7559974747474747 0.5539772727272727 0.762310606060606 0.5533459595959596 0.7660984848484848 0.5536616161616161 0.7692550505050504 0.5549242424242423 0.7730429292929292 0.5558712121212122 0.7758838383838383 0.5571338383838383 0.7790404040404039 0.5596590909090909 0.7825126262626262 0.563131313131313 0.7853535353535352 0.5656565656565656 0.7881944444444444 0.5688131313131313 0.7907196969696969 0.57260101010101 0.7926136363636364 0.5763888888888888 0.7945075757575757 0.5811237373737373 0.7954545454545454 0.5849116161616161 0.7960858585858585 0.5899621212121212 0.7964015151515151 0.5959595959595959 0.7964015151515151 0.6006944444444444 0.7951388888888888 0.6066919191919191 0.7938762626262625 0.6101641414141414 0.7932449494949495 0.6107954545454545 0.7910353535353535 0.6114267676767676 0.7866161616161615 0.6139520202020202 0.7812499999999999 0.6161616161616161 0.7765151515151515 0.6171085858585859 0.7720959595959596 0.617739898989899 0.7683080808080808 0.6180555555555555 0.7632575757575757 0.6174242424242423 0.7604166666666665 0.6164772727272727 0.7559974747474747 0.6139520202020202 0.7518939393939393 0.6114267676767676
1 0.6360479797979797 0.6669823232323232 0.6341540404040403 0.6657196969696969 0.6281565656565656 0.6622474747474747 0.6259469696969696 0.6606691919191918 0.6240530303030302 0.659090909090909 0.6218434343434343 0.65625 0.6202651515151515 0.6534090909090909 0.6190025252525253 0.6505681818181818 0.6180555555555555 0.6474116161616161 0.6174242424242423 0.6433080808080808 0.6171085858585859 0.6398358585858586 0.617739898989899 0.6363636363636364 0.6183712121212122 0.6341540404040403 0.6199494949494949 0.6309974747474747 0.6218434343434343 0.6268939393939393 0.623421717171717 0.6243686868686869 0.625 0.6221590909090909 0.6272095959595959 0.6193181818181818 0.6297348484848484 0.6164772727272727 0.632891414141414 0.6139520202020202 0.6360479797979797 0.611111111111111 0.6388888888888888 0.6089015151515151 0.6420454545454545 0.6066919191919191 0.6458333333333334 0.6047979797979797 0.6493055555555555 0.60385101010101 0.6521464646464646 0.60385101010101 0.6559343434343433 0.6041666666666666 0.6603535353535352 0.6054292929292928 0.6657196969696969 0.6073232323232323 0.6695075757575757 0.6095328282828283 0.6723484848484848 0.6123737373737373 0.6748737373737373 0.6158459595959596 0.6761363636363635 0.6190025252525253 0.6773989898989898 0.6227904040404041 0.6783459595959596 0.6268939393939393 0.6786616161616161 0.6322601010101009 0.6783459595959596 0.6357323232323232 0.6770833333333334 0.6398358585858586 0.6755050505050504 0.6436237373737373 0.673611111111111 0.6483585858585859 0.670770202020202 0.6508838383838383 0.668560606060606 0.6527777777777778 0.6666666666666666 0.6556186868686869 0.6635101010101009 0.6594065656565656 0.661300505050505 0.6622474747474747 0.6575126262626262 0.6654040404040403 0.6540404040404041 0.6669823232323232 0.6496212121212122 0.6682449494949495 0.6458333333333334 0.668560606060606 0.6420454545454545 0.6679292929292928
1 0.5359848484848484 0.6139520202020202 0.5280934343434344 0.6098484848484848 0.5265151515151515 0.6076388888888888 0.5252525252525252 0.6044823232323232 0.5236742424242424 0.601641414141414 0.5224116161616161 0.5975378787878788 0.521780303030303 0.5928030303030302 0.5214646464646464 0.5893308080808081 0.5214646464646464 0.5855429292929293 0.5214646464646464 0.5814393939393939 0.521780303030303 0.5773358585858586 0.5227272727272727 0.5738636363636364 0.523989898989899 0.570391414141414 0.5249368686868686 0.5666035353535352 0.5265151515151515 0.5621843434343433 0.5277777777777778 0.5590277777777778 0.5303030303030303 0.555239898989899 0.5325126262626262 0.553030303030303 0.5356691919191919 0.5501893939393939 0.5385101010101009 0.548611111111111 0.5422979797979797 0.5464015151515151 0.5464015151515151 0.5445075757575757 0.5498737373737373 0.543560606060606 0.5539772727272727 0.5432449494949495 0.5583964646464646 0.5432449494949495 0.5621843434343433 0.5429292929292928 0.5659722222222221 0.5438762626262627 0.570391414141414 0.5451388888888888 0.5741792929292928 0.5460858585858586 0.5773358585858586 0.5467171717171716 0.5801767676767676 0.5476641414141414 0.5823863636363635 0.5492424242424242 0.584280303030303 0.5520833333333334 0.5861742424242423 0.5549242424242423 0.5874368686868686 0.5590277777777778 0.5886994949494949 0.5643939393939393 0.5896464646464646 0.5697601010101009 0.5899621212121212 0.5741792929292928 0.5899621212121212 0.5782828282828283 0.5899621212121212 0.5830176767676767 0.5886994949494949 0.5877525252525253 0.5874368686868686 0.592171717171717 0.5861742424242423 0.5956439393939393 0.5839646464646464 0.598800505050505 0.5817550505050504 0.6025883838383838 0.5789141414141414 0.6063762626262627 0.5763888888888888 0.6089015151515151 0.5732323232323232 0.6120580808080808 0.5700757575757576 0.6139520202020202 0.565340909090909 0.615530303030303 0.5599747474747474 0.6164772727272727 0.5555555555555555 0.6164772727272727 0.5498737373737373 0.6161616161616161 0.5451388888888888 0.6158459595959596
1 0.7253787878787877 0.7402146464646464 0.7181186868686869 0.7392676767676767 0.7155934343434343 0.7376893939393939 0.7121212121212122 0.7354797979797979 0.7099116161616161 0.7326388888888888 0.7083333333333334 0.7294823232323232 0.7070707070707071 0.7250631313131313 0.7077020202020202 0.7196969696969696 0.7080176767676767 0.7152777777777778 0.7095959595959596 0.7095959595959596 0.7111742424242423 0.704861111111111 0.7130681818181818 0.7004419191919191 0.7149621212121211 0.695391414141414 0.7168560606060606 0.6906565656565656 0.7190656565656565 0.6865530303030302 0.7219065656565656 0.6821338383838383 0.7244318181818181 0.6786616161616161 0.7269570707070707 0.6770833333333334 0.7294823232323232 0.6751893939393939 0.7323232323232323 0.6732954545454545 0.7348484848484848 0.6710858585858585 0.7380050505050504 0.6688762626262627 0.7417929292929292 0.6676136363636364 0.7452651515151515 0.6669823232323232 0.7499999999999999 0.6666666666666666 0.7544191919191918 0.6666666666666666 0.7575757575757576 0.6669823232323232 0.76010101010101 0.6679292929292928 0.7629419191919191 0.6691919191919191 0.7664141414141414 0.6710858585858585 0.7692550505050504 0.6742424242424242 0.771780303030303 0.6777146464646464 0.773989898989899 0.6821338383838383 0.7749368686868686 0.6865530303030302 0.7752525252525252 0.6909722222222221 0.7752525252525252 0.6947601010101009 0.7746212121212122 0.6982323232323232 0.7733585858585859 0.7010732323232323 0.7714646464646464 0.704861111111111 0.7689393939393939 0.709280303030303 0.7660984848484848 0.7146464646464646 0.7638888888888888 0.7184343434343433 0.7610479797979797 0.7225378787878788 0.7575757575757576 0.7260101010101009 0.7534722222222221 0.7291666666666666 0.7499999999999999 0.7313762626262625 0.7452651515151515 0.7351641414141414 0.7402146464646464 0.7386363636363635 0.736111111111111 0.740530303030303 0.7335858585858585 0.7408459595959596 0.7294823232323232 0.7408459595959596
1 0.8854166666666665 0.7013888888888888 0.8813131313131313 0.6957070707070707 0.880050505050505 0.6916035353535352 0.880050505050505 0.6871843434343433 0.880050505050505 0.6827651515151515 0.880050505050505 0.6789772727272727 0.8809974747474746 0.6748737373737373 0.8822601010101009 0.670770202020202 0.8835227272727272 0.6672979797979797 0.8854166666666665 0.6628787878787877 0.8869949494949495 0.6600378787878788 0.889520202020202 0.6565656565656565 0.8910984848484848 0.6537247474747474 0.8929924242424242 0.6505681818181818 0.8948863636363635 0.6480429292929293 0.8977272727272727 0.6448863636363635 0.8999368686868686 0.6417297979797979 0.9030934343434343 0.6385732323232323 0.9056186868686869 0.6363636363636364 0.9087752525252525 0.6354166666666666 0.9109848484848484 0.6344696969696969 0.9135101010101009 0.6341540404040403 0.9169823232323232 0.6338383838383838 0.9198232323232323 0.6344696969696969 0.9232954545454545 0.6354166666666666 0.9258207070707071 0.6366792929292928 0.928661616161616 0.6379419191919191 0.9318181818181818 0.6401515151515151 0.9349747474747474 0.6429924242424242 0.9371843434343433 0.6464646464646464 0.9387626262626262 0.6508838383838383 0.9393939393939393 0.6549873737373737 0.9393939393939393 0.6587752525252525 0.9384469696969696 0.664141414141414 0.9362373737373737 0.6704545454545454 0.9343434343434343 0.6755050505050504 0.9324494949494949 0.6799242424242423 0.930239898989899 0.6846590909090909 0.9273989898989898 0.6900252525252525 0.9242424242424242 0.6950757575757576 0.9217171717171716 0.6988636363636364 0.9195075757575757 0.7017045454545454 0.9176136363636364 0.7035984848484848 0.9150883838383838 0.7058080808080808 0.911300505050505 0.7073863636363635 0.9056186868686869 0.7083333333333334 0.9011994949494949 0.7083333333333334 0.8974116161616161 0.7086489898989898 0.8936237373737372 0.7073863636363635 0.889520202020202 0.7058080808080808
1 0.9589646464646464 0.6190025252525253 0.9529671717171716 0.6139520202020202 0.952020202020202 0.611111111111111 0.9501262626262625 0.6079545454545454 0.9501262626262625 0.6035353535353535 0.9501262626262625 0.5991161616161615 0.9510732323232323 0.5956439393939393 0.9526515151515151 0.5934343434343433 0.9545454545454545 0.5902777777777778 0.9567550505050504 0.5880681818181818 0.9589646464646464 0.586489898989899 0.9618055555555555 0.5839646464646464 0.9640151515151515 0.5823863636363635 0.9678030303030302 0.5804924242424242 0.9722222222222221 0.5789141414141414 0.9763257575757576 0.5773358585858586 0.9794823232323232 0.5763888888888888 0.9820075757575757 0.5757575757575757 0.9867424242424242 0.5751262626262627 0.990530303030303 0.5744949494949495 0.993371212121212 0.5741792929292928 0.9971590909090909 0.5741792929292928 0.9987373737373737 0.574810606060606 0.9989583333333333 0.5760258838383842 0.9989583333333333 0.6120580808080808 0.9917929292929292 0.6171085858585859 0.9886363636363635 0.6186868686868686 0.9848484848484848 0.6202651515151515 0.981060606060606 0.6224747474747474 0.9779040404040403 0.623421717171717 0.9753787878787877 0.6243686868686869 0.9725378787878787 0.6243686868686869 0.9700126262626262 0.6237373737373737 0.9668560606060606 0.6221590909090909 0.9636994949494949 0.6202651515151515
1 0.5852272727272727 0.7370580808080808 0.5773358585858586 0.7335858585858585 0.5738636363636364 0.7301136363636364 0.57260101010101 0.7282196969696969 0.5716540404040403 0.7250631313131313 0.5707070707070707 0.7212752525252525 0.570391414141414 0.7178030303030302 0.5700757575757576 0.7136994949494949 0.5700757575757576 0.7095959595959596 0.5700757575757576 0.7042297979797979 0.570391414141414 0.7001262626262625 0.5710227272727272 0.6972853535353535 0.5716540404040403 0.6928661616161615 0.57260101010101 0.690340909090909 0.5738636363636364 0.6871843434343433 0.5754419191919191 0.6849747474747474 0.5773358585858586 0.6824494949494949 0.5792297979797979 0.6808712121212122 0.5811237373737373 0.6789772727272727 0.5830176767676767 0.6777146464646464 0.5855429292929293 0.6764520202020202 0.5890151515151515 0.6751893939393939 0.5909090909090909 0.6748737373737373 0.59375 0.6748737373737373 0.596590909090909 0.6758207070707071 0.6003787878787877 0.6767676767676767 0.6025883838383838 0.6773989898989898 0.6051136363636364 0.678030303030303 0.6092171717171716 0.6799242424242423 0.6123737373737373 0.6821338383838383 0.615530303030303 0.6849747474747474 0.6183712121212122 0.6884469696969696 0.6202651515151515 0.6912878787878788 0.6212121212121211 0.6950757575757576 0.6215277777777778 0.6988636363636364 0.6221590909090909 0.7035984848484848 0.6224747474747474 0.709280303030303 0.6221590909090909 0.7130681818181818 0.6212121212121211 0.7168560606060606 0.6199494949494949 0.7219065656565656 0.617739898989899 0.726641414141414 0.6152146464646464 0.7307449494949495 0.6126893939393939 0.7335858585858585 0.6104797979797979 0.7354797979797979 0.6076388888888888 0.7364267676767676 0.6051136363636364 0.7370580808080808 0.6019570707070707 0.7383207070707071 0.5994318181818181 0.7389520202020202 0.5972222222222221 0.7389520202020202 0.5940656565656565 0.7389520202020202 0.5905934343434343 0.7383207070707071
1 0.4930555555555555 0.7443181818181818 0.4870580808080808 0.7351641414141414 0.4857954545454545 0.7329545454545454 0.4848484848484848 0.7304292929292928 0.48327020202020193 0.7269570707070707 0.48200757575757575 0.7228535353535352 0.4813762626262626 0.71875 0.4813762626262626 0.7149621212121211 0.4813762626262626 0.711489898989899 0.4813762626262626 0.7077020202020202 0.48200757575757575 0.7045454545454545 0.48327020202020193 0.7013888888888888 0.4848484848484848 0.6979166666666666 0.48611111111111105 0.6957070707070707 0.4886363636363636 0.6931818181818181 0.490530303030303 0.6912878787878788 0.49273989898989895 0.6897095959595958 0.495580808080808 0.6884469696969696 0.497790404040404 0.6878156565656565 0.5012626262626262 0.6871843434343433 0.5053661616161615 0.6871843434343433 0.5078914141414141 0.6875 0.5113636363636364 0.688131313131313 0.514520202020202 0.6890782828282828 0.5192550505050505 0.6912878787878788 0.5227272727272727 0.6928661616161615 0.5249368686868686 0.6960227272727272 0.5280934343434344 0.7007575757575757 0.5309343434343433 0.7054924242424242 0.5331439393939393 0.7099116161616161 0.5347222222222221 0.7146464646464646 0.536300505050505 0.7184343434343433 0.5372474747474747 0.7219065656565656 0.5372474747474747 0.7256944444444444 0.5366161616161615 0.7291666666666666 0.5347222222222221 0.7364267676767676 0.5331439393939393 0.7389520202020202 0.531881313131313 0.7414772727272727 0.5303030303030303 0.7433712121212122 0.5287247474747474 0.7455808080808081 0.5265151515151515 0.7474747474747474 0.524621212121212 0.7487373737373737 0.5224116161616161 0.7499999999999999 0.5183080808080808 0.7515782828282828 0.5148358585858586 0.7522095959595958 0.5113636363636364 0.7522095959595958 0.5075757575757576 0.7515782828282828 0.5037878787878787 0.7499999999999999 0.5003156565656565 0.748421717171717 0.49747474747474746 0.7468434343434343
1 0.4232954545454545 0.813131313131313 0.4214015151515151 0.8065025252525252 0.42077020202020193 0.8039772727272727 0.4201388888888889 0.8008207070707071 0.4201388888888889 0.7979797979797979 0.42045454545454547 0.7938762626262625 0.4210858585858585 0.7894570707070706 0.4214015151515151 0.786300505050505 0.42171717171717166 0.7825126262626262 0.4223484848484848 0.7793560606060606 0.42361111111111105 0.7761994949494949 0.42550505050505044 0.7730429292929292 0.4277146464646464 0.7698863636363635 0.43023989898989895 0.767361111111111 0.4327651515151515 0.7648358585858585 0.435290404040404 0.7632575757575757 0.4378156565656565 0.7616792929292928 0.44065656565656564 0.7604166666666665 0.4431818181818182 0.7594696969696969 0.44570707070707066 0.7588383838383838 0.44791666666666663 0.7588383838383838 0.4523358585858585 0.7594696969696969 0.4554924242424242 0.7607323232323232 0.45864898989898983 0.762310606060606 0.46148989898989895 0.764520202020202 0.4640151515151515 0.7664141414141414 0.46622474747474746 0.7670454545454545 0.4684343434343434 0.7676767676767676 0.4709595959595959 0.7692550505050504 0.47190656565656564 0.7708333333333333 0.473800505050505 0.7749368686868686 0.4747474747474747 0.7784090909090909 0.47537878787878785 0.7815656565656565 0.476010101010101 0.7856691919191918 0.47632575757575757 0.7897727272727272 0.4756944444444444 0.793560606060606 0.4744318181818182 0.7967171717171716 0.4725378787878788 0.7992424242424242 0.47190656565656564 0.8011363636363635 0.4703282828282828 0.8046085858585859 0.4693813131313131 0.8087121212121211 0.46874999999999994 0.8121843434343433 0.46811868686868685 0.8143939393939393 0.46685606060606055 0.8166035353535352 0.4655934343434343 0.8181818181818181 0.4621212121212121 0.8197601010101009 0.45833333333333326 0.8213383838383838 0.4545454545454545 0.8219696969696969 0.4501262626262626 0.8222853535353535 0.44696969696969696 0.8222853535353535 0.44349747474747475 0.8222853535353535 0.4390782828282828 0.8213383838383838 0.435290404040404 0.8197601010101009 0.4311868686868686 0.8178661616161615 0.42834595959595956 0.8166035353535352
1 0.6625631313131313 0.8115530303030302 0.6638257575757576 0.8102904040404039 0.6695075757575757 0.8061868686868686 0.6717171717171716 0.8046085858585859 0.673611111111111 0.8039772727272727 0.6764520202020202 0.803030303030303 0.6796085858585859 0.8023989898989898 0.6824494949494949 0.8020833333333333 0.6865530303030302 0.8020833333333333 0.6897095959595958 0.803030303030303 0.6934974747474747 0.8046085858585859 0.6963383838383838 0.8061868686868686 0.6994949494949495 0.8083964646464646 0.7032828282828283 0.810921717171717 0.7064393939393939 0.8134469696969696 0.7086489898989898 0.8159722222222221 0.7108585858585859 0.8191287878787877 0.7127525252525252 0.8222853535353535 0.7149621212121211 0.8260732323232323 0.7165404040404041 0.8295454545454545 0.7181186868686869 0.8330176767676767 0.719381313131313 0.8368055555555555 0.7206439393939393 0.8409090909090909 0.721590909090909 0.8440656565656565 0.7219065656565656 0.8478535353535352 0.7212752525252525 0.85385101010101 0.7200126262626262 0.8617424242424242 0.719381313131313 0.8636363636363635 0.7178030303030302 0.865530303030303 0.7152777777777778 0.8680555555555555 0.711489898989899 0.870580808080808 0.7089646464646464 0.8731060606060606 0.7064393939393939 0.8746843434343433 0.7035984848484848 0.8759469696969696 0.7007575757575757 0.8765782828282828 0.6972853535353535 0.8768939393939393 0.6941287878787877 0.8768939393939393 0.6890782828282828 0.8759469696969696 0.6840277777777778 0.8740530303030302 0.6799242424242423 0.8724747474747474 0.678030303030303 0.8712121212121211 0.6704545454545454 0.8630050505050504 0.6666666666666666 0.8595328282828283 0.664141414141414 0.8557449494949495 0.6625631313131313 0.8525883838383838 0.6603535353535352 0.848800505050505 0.6584595959595959 0.8456439393939393 0.65625 0.8415404040404039 0.6543560606060606 0.8380681818181818 0.6537247474747474 0.8349116161616161 0.6537247474747474 0.8304924242424242 0.6537247474747474 0.8267045454545454 0.6540404040404041 0.8229166666666665 0.654671717171717 0.8197601010101009 0.6565656565656565 0.8166035353535352 0.6584595959595959 0.8137626262626262
1 0.6126893939393939 0.8936237373737372 0.6101641414141414 0.8822601010101009 0.6092171717171716 0.8724747474747474 0.6089015151515151 0.8680555555555555 0.6089015151515151 0.8648989898989898 0.6095328282828283 0.8623737373737372 0.6107954545454545 0.8589015151515151 0.6114267676767676 0.8557449494949495 0.6126893939393939 0.8529040404040403 0.6136363636363635 0.8500631313131313 0.6152146464646464 0.8478535353535352 0.6167929292929293 0.8453282828282828 0.6193181818181818 0.8434343434343433 0.6224747474747474 0.8409090909090909 0.6253156565656565 0.8386994949494949 0.6291035353535352 0.8371212121212122 0.6319444444444444 0.8361742424242423 0.6363636363636364 0.8358585858585859 0.6401515151515151 0.8358585858585859 0.6448863636363635 0.8361742424242423 0.6483585858585859 0.8371212121212122 0.6511994949494949 0.8390151515151515 0.6549873737373737 0.8415404040404039 0.6622474747474747 0.8544823232323232 0.664141414141414 0.8585858585858585 0.6660353535353535 0.8623737373737372 0.6669823232323232 0.8652146464646464 0.6682449494949495 0.867739898989899 0.6691919191919191 0.8708964646464646 0.6691919191919191 0.8740530303030302 0.668560606060606 0.8784722222222221 0.6676136363636364 0.882891414141414 0.66635101010101 0.8876262626262625 0.6647727272727272 0.8920454545454545 0.6631944444444444 0.8970959595959596 0.661300505050505 0.8999368686868686 0.6587752525252525 0.9030934343434343 0.65625 0.9059343434343433 0.6530934343434343 0.9075126262626262 0.6477272727272727 0.9097222222222221 0.6461489898989898 0.9100378787878787 0.6439393939393939 0.9100378787878787 0.6398358585858586 0.909090909090909 0.6366792929292928 0.9075126262626262 0.6322601010101009 0.906881313131313 0.627840909090909 0.9062499999999999 0.6243686868686869 0.9056186868686869 0.6221590909090909 0.9053030303030302 0.6205808080808081 0.9040404040404039 0.617739898989899 0.9021464646464646 0.6158459595959596 0.9002525252525252 0.6142676767676767 0.8980429292929292
1 0.7651515151515151 0.8267045454545454 0.7616792929292928 0.8188131313131313 0.7597853535353535 0.8102904040404039 0.7597853535353535 0.8077651515151515 0.7597853535353535 0.8049242424242423 0.7597853535353535 0.8008207070707071 0.7597853535353535 0.7964015151515151 0.7597853535353535 0.7919823232323232 0.76010101010101 0.7881944444444444 0.7610479797979797 0.7847222222222221 0.762310606060606 0.7812499999999999 0.7648358585858585 0.7780934343434343 0.7667297979797979 0.7752525252525252 0.7692550505050504 0.7727272727272727 0.7708333333333333 0.7708333333333333 0.7724116161616161 0.7702020202020202 0.7749368686868686 0.7695707070707071 0.7784090909090909 0.7692550505050504 0.7821969696969696 0.7692550505050504 0.7866161616161615 0.7692550505050504 0.7897727272727272 0.7702020202020202 0.7932449494949495 0.771780303030303 0.795770202020202 0.7733585858585859 0.7976641414141414 0.7749368686868686 0.8001893939393939 0.7771464646464646 0.8017676767676767 0.7806186868686869 0.8027146464646464 0.784090909090909 0.8036616161616161 0.7875631313131313 0.8046085858585859 0.7919823232323232 0.8049242424242423 0.7964015151515151 0.805239898989899 0.8011363636363635 0.8055555555555555 0.805239898989899 0.8055555555555555 0.8093434343434343 0.8046085858585859 0.8121843434343433 0.803030303030303 0.8156565656565656 0.8014520202020202 0.8184974747474747 0.7976641414141414 0.8219696969696969 0.7960858585858585 0.8232323232323232 0.7938762626262625 0.824810606060606 0.79135101010101 0.8260732323232323 0.7881944444444444 0.8276515151515151 0.7850378787878788 0.8295454545454545 0.7815656565656565 0.8311237373737372 0.7787247474747474 0.8320707070707071 0.7761994949494949 0.8327020202020202 0.7724116161616161 0.8327020202020202 0.7689393939393939 0.8320707070707071 0.7660984848484848 0.8301767676767676
1 0.8472222222222221 0.8544823232323232 0.8434343434343433 0.8497474747474746 0.8415404040404039 0.8478535353535352 0.8399621212121211 0.8459595959595958 0.8383838383838383 0.8431186868686869 0.8371212121212122 0.8399621212121211 0.8368055555555555 0.8374368686868686 0.8368055555555555 0.834280303030303 0.8368055555555555 0.8304924242424242 0.8368055555555555 0.8260732323232323 0.8368055555555555 0.8216540404040403 0.8374368686868686 0.8184974747474747 0.8383838383838383 0.8156565656565656 0.839330808080808 0.8121843434343433 0.8412247474747474 0.8087121212121211 0.8431186868686869 0.8049242424242423 0.8453282828282828 0.8017676767676767 0.8469065656565656 0.7998737373737372 0.8494318181818181 0.7970328282828283 0.8510101010101009 0.7951388888888888 0.8535353535353535 0.7932449494949495 0.856060606060606 0.7919823232323232 0.8579545454545454 0.7910353535353535 0.8604797979797979 0.7904040404040403 0.8661616161616161 0.7904040404040403 0.8721590909090909 0.7907196969696969 0.8759469696969696 0.7919823232323232 0.8791035353535352 0.793560606060606 0.8825757575757576 0.7954545454545454 0.8854166666666665 0.7973484848484848 0.8876262626262625 0.8001893939393939 0.889520202020202 0.8046085858585859 0.8904671717171716 0.8080808080808081 0.8907828282828283 0.8137626262626262 0.8907828282828283 0.8188131313131313 0.8904671717171716 0.8238636363636364 0.8892045454545453 0.827020202020202 0.8876262626262625 0.8308080808080808 0.8854166666666665 0.8339646464646464 0.882891414141414 0.8377525252525252 0.880050505050505 0.8418560606060606 0.8775252525252525 0.8450126262626262 0.8753156565656565 0.8478535353535352 0.8727904040404039 0.8506944444444444 0.8708964646464646 0.8525883838383838 0.868371212121212 0.8541666666666665 0.865530303030303 0.8554292929292928 0.8604797979797979 0.8563762626262625 0.8557449494949495 0.8570075757575757 0.851641414141414 0.8570075757575757
1 0.5113636363636364 0.8680555555555555 0.5148358585858586 0.8623737373737372 0.5170454545454545 0.8607954545454545 0.5195707070707071 0.8595328282828283 0.5224116161616161 0.8579545454545454 0.5255681818181818 0.8566919191919191 0.5284090909090909 0.8563762626262625 0.5321969696969696 0.8557449494949495 0.5353535353535352 0.8557449494949495 0.5381944444444444 0.8566919191919191 0.5416666666666666 0.8573232323232323 0.5441919191919191 0.8579545454545454 0.5470328282828283 0.8589015151515151 0.5492424242424242 0.8598484848484848 0.5527146464646464 0.8617424242424242 0.5549242424242423 0.8636363636363635 0.5574494949494949 0.8652146464646464 0.5599747474747474 0.8680555555555555 0.5615530303030302 0.8708964646464646 0.5634469696969696 0.8740530303030302 0.5647095959595959 0.8772095959595958 0.5659722222222221 0.8809974747474746 0.5669191919191919 0.8847853535353535 0.5672348484848484 0.8882575757575757 0.5669191919191919 0.8939393939393939 0.5666035353535352 0.8983585858585859 0.565340909090909 0.9030934343434343 0.563131313131313 0.9075126262626262 0.5590277777777778 0.9119318181818181 0.555239898989899 0.9144570707070706 0.5511363636363635 0.9166666666666665 0.5460858585858586 0.9179292929292928 0.5419823232323232 0.9182449494949494 0.5359848484848484 0.9179292929292928 0.531881313131313 0.9176136363636364 0.5296717171717171 0.9172979797979797 0.5280934343434344 0.9172979797979797 0.5277777777777778 0.9169823232323232 0.5255681818181818 0.9157196969696969 0.5233585858585859 0.9144570707070706 0.5205176767676767 0.9125631313131313 0.5189393939393939 0.9106691919191918 0.5170454545454545 0.906881313131313 0.5154671717171717 0.9030934343434343 0.5142045454545454 0.9002525252525252 0.512310606060606 0.8970959595959596 0.5110479797979798 0.8942550505050504 0.5091540404040403 0.8898358585858585 0.5078914141414141 0.8860479797979797 0.5075757575757576 0.8825757575757576 0.5078914141414141 0.8781565656565656 0.5082070707070706 0.8731060606060606
1 0.8579545454545454 0.9573863636363635 0.8529040404040403 0.9529671717171716 0.8513257575757576 0.9507575757575757 0.8497474747474746 0.9485479797979797 0.848800505050505 0.9447601010101009 0.8484848484848484 0.9412878787878787 0.8497474747474746 0.9371843434343433 0.8522727272727272 0.9352904040404039 0.8563762626262625 0.9321338383838383 0.8589015151515151 0.9305555555555555 0.8620580808080808 0.9289772727272727 0.8664772727272727 0.9264520202020202 0.8696338383838383 0.9251893939393939 0.8724747474747474 0.9239267676767676 0.8762626262626262 0.9229797979797979 0.8791035353535352 0.9223484848484848 0.8835227272727272 0.9220328282828283 0.8879419191919191 0.9214015151515151 0.892361111111111 0.9210858585858585 0.8942550505050504 0.9210858585858585 0.8974116161616161 0.9229797979797979 0.8999368686868686 0.9245580808080808 0.9021464646464646 0.9264520202020202 0.9043560606060606 0.9283459595959596 0.906881313131313 0.9305555555555555 0.9094065656565656 0.9327651515151515 0.9125631313131313 0.9362373737373737 0.9154040404040403 0.9397095959595958 0.9176136363636364 0.9422348484848484 0.9195075757575757 0.9444444444444444 0.9214015151515151 0.9469696969696969 0.9217171717171716 0.9491792929292928 0.9217171717171716 0.9526515151515151 0.920770202020202 0.954861111111111 0.9188762626262625 0.9573863636363635 0.9169823232323232 0.959280303030303 0.9144570707070706 0.9608585858585859 0.9116161616161615 0.9627525252525252 0.9087752525252525 0.9646464646464646 0.9049873737373737 0.967171717171717 0.899621212121212 0.9700126262626262 0.8948863636363635 0.9712752525252525 0.8888888888888888 0.971590909090909 0.8847853535353535 0.971590909090909 0.8813131313131313 0.9709595959595958 0.8781565656565656 0.9696969696969696 0.8746843434343433 0.9681186868686867 0.8715277777777778 0.9665404040404039 0.8690025252525252 0.9652777777777778 0.8667929292929292 0.9640151515151515 0.8633207070707071 0.962121212121212 0.8601641414141413 0.959911616161616
1 0.39425505050505044 0.889520202020202 0.39551767676767674 0.8794191919191918 0.396780303030303 0.8772095959595958 0.39898989898989895 0.8746843434343433 0.4015151515151515 0.8724747474747474 0.40404040404040403 0.8699494949494949 0.4065656565656565 0.8680555555555555 0.40909090909090906 0.8664772727272727 0.4116161616161616 0.8648989898989898 0.41382575757575757 0.8639520202020202 0.4169823232323232 0.8633207070707071 0.42203282828282823 0.8633207070707071 0.42676767676767674 0.8636363636363635 0.4308712121212121 0.8642676767676767 0.4343434343434343 0.865530303030303 0.4378156565656565 0.8680555555555555 0.4412878787878788 0.8702651515151515 0.4444444444444444 0.873421717171717 0.44696969696969696 0.8768939393939393 0.44886363636363635 0.8809974747474746 0.4501262626262626 0.8847853535353535 0.45075757575757575 0.8892045454545453 0.4513888888888889 0.8933080808080808 0.4513888888888889 0.8977272727272727 0.4513888888888889 0.901830808080808 0.4510732323232323 0.9059343434343433 0.449810606060606 0.9103535353535352 0.4482323232323232 0.914141414141414 0.44602272727272724 0.9169823232323232 0.44412878787878785 0.9191919191919191 0.442550505050505 0.9198232323232323 0.4400252525252525 0.920770202020202 0.43560606060606055 0.9210858585858585 0.4308712121212121 0.9210858585858585 0.42361111111111105 0.9210858585858585 0.4172979797979798 0.9204545454545453 0.41382575757575757 0.9195075757575757 0.4103535353535353 0.9172979797979797 0.4065656565656565 0.914141414141414 0.4034090909090909 0.9109848484848484 0.40088383838383834 0.9065656565656565 0.3986742424242424 0.901830808080808 0.39741161616161613 0.8986742424242423 0.39614898989898983 0.8948863636363635
1 0.319760101010101 0.04324494949494949 0.3125 0.03787878787878787 0.3109217171717171 0.03598484848484848 0.30871212121212116 0.03377525252525252 0.3058712121212121 0.03156565656565656 0.30334595959595956 0.029356060606060604 0.3011363636363636 0.026830808080808077 0.29861111111111105 0.023674242424242424 0.2964015151515151 0.0202020202020202 0.2948232323232323 0.01578282828282828 0.2935606060606061 0.011994949494949494 0.29292929292929293 0.008207070707070706 0.29292929292929293 0.004734848484848484 0.29387626262626265 0.0012626262626262625 0.34690656565656564 0.0009469696969696969 0.35132575757575757 0.006313131313131313 0.3529040404040404 0.008522727272727272 0.35669191919191917 0.012941919191919192 0.3589015151515151 0.01736111111111111 0.3604797979797979 0.02178030303030303 0.3617424242424242 0.025883838383838384 0.36237373737373735 0.028724747474747472 0.36237373737373735 0.03345959595959595 0.3614267676767676 0.037247474747474744 0.35795454545454547 0.0413510101010101 0.35542929292929293 0.04261363636363636 0.351010101010101 0.04356060606060606 0.3459595959595959 0.04450757575757576 0.34154040404040403 0.04577020202020202 0.3371212121212121 0.04671717171717171 0.33301767676767674 0.04703282828282828 0.32986111111111105 0.04703282828282828 0.32544191919191917 0.04577020202020202
1 0.11332070707070706 0.07196969696969696 0.10574494949494948 0.06660353535353535 0.10416666666666666 0.06470959595959595 0.10227272727272727 0.06313131313131312 0.1000631313131313 0.06029040404040404 0.09848484848484847 0.05681818181818181 0.09690656565656565 0.05366161616161615 0.09532828282828282 0.04892676767676767 0.09501262626262626 0.04419191919191919 0.09501262626262626 0.04008838383838384 0.09564393939393939 0.035037878787878785 0.09690656565656565 0.03156565656565656 0.09785353535353535 0.027777777777777776 0.09943181818181818 0.025568181818181816 0.10164141414141413 0.023358585858585856 0.10416666666666666 0.022095959595959596 0.10700757575757575 0.020833333333333332 0.10890151515151514 0.018939393939393936 0.1120580808080808 0.016414141414141412 0.11553030303030302 0.014204545454545452 0.11868686868686867 0.013257575757575756 0.1231060606060606 0.012626262626262626 0.1275252525252525 0.012626262626262626 0.13068181818181818 0.013257575757575756 0.13446969696969696 0.014204545454545452 0.13857323232323232 0.015467171717171716 0.14172979797979798 0.017045454545454544 0.1452020202020202 0.018939393939393936 0.1496212121212121 0.022727272727272724 0.1524621212121212 0.025252525252525252 0.15530303030303028 0.028409090909090905 0.15782828282828282 0.031249999999999997 0.1606691919191919 0.03566919191919192 0.16351010101010102 0.04008838383838384 0.16571969696969693 0.04450757575757576 0.1669823232323232 0.04861111111111111 0.1679292929292929 0.05334595959595959 0.16824494949494948 0.057449494949494945 0.16824494949494948 0.0615530303030303 0.16761363636363635 0.06628787878787878 0.16571969696969693 0.0707070707070707 0.16287878787878787 0.07196969696969696 0.15940656565656566 0.07417929292929291 0.15404040404040403 0.07670454545454544 0.14993686868686867 0.07891414141414141 0.14551767676767677 0.0808080808080808 0.14172979797979798 0.08112373737373738 0.13794191919191917 0.0808080808080808 0.1332070707070707 0.0798611111111111 0.12878787878787878 0.07859848484848485 0.12499999999999999 0.07733585858585858 0.1212121212121212 0.07575757575757575 0.11647727272727272 0.07354797979797979
1 0.0981691919191919 0.1893939393939394 0.09059343434343434 0.18592171717171715 0.08743686868686869 0.18402777777777776 0.08522727272727272 0.18244949494949492 0.0827020202020202 0.18023989898989895 0.0808080808080808 0.17803030303030304 0.07859848484848485 0.17518939393939392 0.07702020202020202 0.17140151515151514 0.07638888888888888 0.1679292929292929 0.07638888888888888 0.16287878787878787 0.07733585858585858 0.15845959595959594 0.07954545454545454 0.15372474747474746 0.08207070707070706 0.1505681818181818 0.08522727272727272 0.14741161616161616 0.08838383838383838 0.1452020202020202 0.09154040404040403 0.14299242424242423 0.09406565656565656 0.14204545454545453 0.09659090909090909 0.14172979797979798 0.1000631313131313 0.1414141414141414 0.10416666666666666 0.1414141414141414 0.10921717171717171 0.14109848484848483 0.11332070707070706 0.1404671717171717 0.11773989898989898 0.1404671717171717 0.1231060606060606 0.1404671717171717 0.1284722222222222 0.1404671717171717 0.13194444444444445 0.1423611111111111 0.1357323232323232 0.1442550505050505 0.13983585858585856 0.14583333333333334 0.14362373737373738 0.14741161616161616 0.14646464646464646 0.15025252525252522 0.14772727272727273 0.15498737373737373 0.14835858585858583 0.16003787878787878 0.14835858585858583 0.16414141414141412 0.14804292929292925 0.1688762626262626 0.14772727272727273 0.17297979797979796 0.14678030303030304 0.17708333333333334 0.14551767676767677 0.17960858585858583 0.14393939393939392 0.1827651515151515 0.14109848484848483 0.18623737373737373 0.13762626262626262 0.18907828282828282 0.1332070707070707 0.19223484848484848 0.12815656565656564 0.19476010101010097 0.12373737373737373 0.19602272727272724 0.11837121212121211 0.1963383838383838 0.11458333333333331 0.1957070707070707 0.11016414141414141 0.19444444444444445 0.10574494949494948 0.19318181818181818 0.10132575757575757 0.19128787878787878
1 0.2304292929292929 0.16319444444444445 0.22380050505050506 0.1590909090909091 0.22190656565656564 0.15688131313131312 0.22001262626262624 0.15404040404040403 0.21874999999999997 0.1505681818181818 0.21811868686868685 0.1461489898989899 0.21780303030303028 0.1423611111111111 0.21811868686868685 0.13825757575757575 0.21874999999999997 0.1357323232323232 0.22001262626262624 0.13289141414141412 0.22190656565656564 0.13005050505050506 0.22474747474747475 0.12657828282828282 0.2269570707070707 0.12373737373737373 0.23011363636363633 0.1202651515151515 0.233270202020202 0.11805555555555555 0.23737373737373735 0.11584595959595959 0.24179292929292925 0.11300505050505048 0.2452651515151515 0.11174242424242424 0.24936868686868685 0.11047979797979797 0.2553661616161616 0.10921717171717171 0.25946969696969696 0.10827020202020202 0.26325757575757575 0.10827020202020202 0.2676767676767676 0.10827020202020202 0.2714646464646464 0.10858585858585858 0.27556818181818177 0.11047979797979797 0.2784090909090909 0.11332070707070706 0.28125 0.11521464646464645 0.286300505050505 0.11742424242424242 0.288510101010101 0.11994949494949494 0.2904040404040404 0.1231060606060606 0.2916666666666667 0.12594696969696967 0.2922979797979798 0.1294191919191919 0.29261363636363635 0.1332070707070707 0.29292929292929293 0.13762626262626262 0.2904040404040404 0.14267676767676768 0.2875631313131313 0.14678030303030304 0.2837752525252525 0.1515151515151515 0.27904040404040403 0.15530303030303028 0.2743055555555555 0.15845959595959594 0.26925505050505044 0.1606691919191919 0.264520202020202 0.1625631313131313 0.2588383838383838 0.16414141414141412 0.2534722222222222 0.1654040404040404 0.24747474747474746 0.1660353535353535 0.24021464646464646 0.16666666666666666 0.2351641414141414 0.16666666666666666
1 0.13731060606060605 0.27398989898989895 0.12973484848484848 0.27020202020202017 0.1278409090909091 0.2683080808080808 0.12563131313131312 0.26515151515151514 0.12468434343434343 0.262310606060606 0.12405303030303029 0.25820707070707066 0.12405303030303029 0.2537878787878788 0.12594696969696967 0.24905303030303028 0.12815656565656564 0.2443181818181818 0.13068181818181818 0.240530303030303 0.13289141414141412 0.23768939393939392 0.13699494949494948 0.23390151515151514 0.1414141414141414 0.23074494949494948 0.14457070707070707 0.2294823232323232 0.14835858585858583 0.22821969696969693 0.15309343434343434 0.22664141414141412 0.15751262626262624 0.22443181818181818 0.16130050505050506 0.22285353535353533 0.16571969696969693 0.22095959595959594 0.16950757575757575 0.22001262626262624 0.17297979797979796 0.21938131313131312 0.17613636363636362 0.21969696969696967 0.17929292929292925 0.22095959595959594 0.18213383838383837 0.22253787878787878 0.18592171717171715 0.2250631313131313 0.18970959595959594 0.2279040404040404 0.19255050505050506 0.23200757575757575 0.19444444444444445 0.23579545454545453 0.19476010101010097 0.2389520202020202 0.19476010101010097 0.2433712121212121 0.19318181818181818 0.24873737373737373 0.1909722222222222 0.25284090909090906 0.18907828282828282 0.2556818181818182 0.18560606060606058 0.2591540404040404 0.1833964646464646 0.26136363636363635 0.17960858585858583 0.26546717171717166 0.1764520202020202 0.26862373737373735 0.17234848484848483 0.27241161616161613 0.16919191919191917 0.2736742424242424 0.16414141414141412 0.2749368686868687 0.15940656565656566 0.27588383838383834 0.15404040404040403 0.27683080808080807 0.15025252525252522 0.27683080808080807 0.1461489898989899 0.27683080808080807 0.1423611111111111 0.27588383838383834
1 0.37973484848484845 0.2506313131313131 0.3806818181818182 0.24210858585858583 0.38162878787878785 0.2389520202020202 0.38289141414141414 0.2351641414141414 0.38478535353535354 0.23169191919191917 0.38636363636363635 0.2279040404040404 0.3885732323232323 0.22443181818181818 0.3920454545454545 0.22032828282828282 0.39520202020202017 0.21811868686868685 0.3983585858585858 0.21622474747474746 0.4030934343434343 0.2140151515151515 0.4068813131313131 0.21180555555555552 0.4106691919191919 0.20991161616161616 0.413510101010101 0.20833333333333331 0.4169823232323232 0.2067550505050505 0.4201388888888889 0.20612373737373738 0.4239267676767676 0.2058080808080808 0.42708333333333326 0.20549242424242423 0.4308712121212121 0.20549242424242423 0.4343434343434343 0.2067550505050505 0.4371843434343434 0.20959595959595959 0.4400252525252525 0.2121212121212121 0.442550505050505 0.21527777777777776 0.44570707070707066 0.21906565656565655 0.44696969696969696 0.22253787878787878 0.4482323232323232 0.22569444444444445 0.4485479797979798 0.22916666666666663 0.4485479797979798 0.23358585858585856 0.4482323232323232 0.2380050505050505 0.4466540404040404 0.24179292929292925 0.444760101010101 0.24494949494949492 0.4419191919191919 0.24842171717171715 0.43749999999999994 0.2525252525252525 0.43371212121212116 0.25599747474747475 0.4308712121212121 0.2591540404040404 0.428030303030303 0.262310606060606 0.4248737373737373 0.26515151515151514 0.42203282828282823 0.2679924242424242 0.4182449494949495 0.27051767676767674 0.41414141414141414 0.271780303030303 0.4084595959595959 0.2730429292929293 0.39583333333333326 0.2736742424242424 0.3933080808080808 0.27241161616161613 0.3914141414141414 0.27114898989898983 0.3885732323232323 0.2689393939393939 0.3860479797979798 0.26672979797979796 0.3838383838383838 0.26515151515151514 0.38162878787878785 0.2635732323232323 0.37973484848484845 0.2610479797979798 0.3784722222222222 0.25789141414141414 0.3784722222222222 0.25473484848484845
1 0.22253787878787878 0.30145202020202017 0.22474747474747475 0.2982954545454545 0.2279040404040404 0.2948232323232323 0.2313762626262626 0.2919823232323232 0.2351641414141414 0.2900883838383838 0.23958333333333331 0.28787878787878785 0.24368686868686865 0.286300505050505 0.24715909090909088 0.2850378787878788 0.2525252525252525 0.2837752525252525 0.2569444444444444 0.2831439393939394 0.2610479797979798 0.2828282828282828 0.26578282828282823 0.2828282828282828 0.271780303030303 0.28345959595959597 0.2780934343434343 0.28440656565656564 0.28219696969696967 0.28535353535353536 0.28598484848484845 0.28724747474747475 0.2897727272727273 0.2900883838383838 0.29261363636363635 0.2922979797979798 0.2951388888888889 0.29545454545454547 0.2973484848484848 0.2992424242424242 0.2989267676767676 0.30239898989898983 0.30018939393939387 0.30839646464646464 0.30050505050505044 0.31344696969696967 0.2995580808080808 0.3178661616161616 0.29797979797979796 0.3216540404040404 0.29577020202020204 0.3244949494949495 0.29292929292929293 0.3273358585858585 0.2904040404040404 0.3295454545454545 0.2869318181818182 0.332070707070707 0.2831439393939394 0.334280303030303 0.2784090909090909 0.3368055555555555 0.2736742424242424 0.3390151515151515 0.2676767676767676 0.3409090909090909 0.26325757575757575 0.34185606060606055 0.25757575757575757 0.3428030303030303 0.2506313131313131 0.3428030303030303 0.24463383838383834 0.34185606060606055 0.23926767676767677 0.34027777777777773 0.23547979797979796 0.3386994949494949 0.23169191919191917 0.3368055555555555 0.22821969696969693 0.334280303030303 0.2250631313131313 0.3308080808080808 0.22285353535353533 0.32670454545454547 0.2206439393939394 0.3229166666666667 0.22032828282828282 0.3194444444444444 0.22032828282828282 0.31660353535353536 0.21969696969696967 0.3121843434343434 0.21969696969696967 0.30808080808080807 0.22001262626262624 0.3042929292929293
1 0.21369949494949492 0.4371843434343434 0.20422979797979796 0.43371212121212116 0.2010732323232323 0.4324494949494949 0.19791666666666663 0.4299242424242424 0.19602272727272724 0.4277146464646464 0.1938131313131313 0.42518939393939387 0.19255050505050506 0.42203282828282823 0.19160353535353536 0.41761363636363635 0.1909722222222222 0.413510101010101 0.19065656565656564 0.4097222222222222 0.19065656565656564 0.4053030303030303 0.1919191919191919 0.40246212121212116 0.1938131313131313 0.3986742424242424 0.1963383838383838 0.3948863636363636 0.19981060606060605 0.3914141414141414 0.20359848484848483 0.38952020202020193 0.2077020202020202 0.3873106060606061 0.2121212121212121 0.38636363636363635 0.21654040404040403 0.3857323232323232 0.21874999999999997 0.38541666666666663 0.2206439393939394 0.38478535353535354 0.22348484848484848 0.3841540404040404 0.22821969696969693 0.38352272727272724 0.2323232323232323 0.38352272727272724 0.23768939393939392 0.3841540404040404 0.24147727272727273 0.3857323232323232 0.24558080808080807 0.3876262626262626 0.24936868686868685 0.38952020202020193 0.25315656565656564 0.3926767676767676 0.25599747474747475 0.39551767676767674 0.2591540404040404 0.3996212121212121 0.2610479797979798 0.40372474747474746 0.26294191919191917 0.4084595959595959 0.26325757575757575 0.41382575757575757 0.2619949494949495 0.4188762626262626 0.2591540404040404 0.4232954545454545 0.25631313131313127 0.42645202020202017 0.25315656565656564 0.4296085858585858 0.24999999999999997 0.4324494949494949 0.2458964646464646 0.4346590909090909 0.24084595959595959 0.43749999999999994 0.23674242424242423 0.4390782828282828 0.23358585858585856 0.4397095959595959 0.2304292929292929 0.44034090909090906 0.22664141414141412 0.44034090909090906 0.2206439393939394 0.4390782828282828
1 0.06029040404040404 0.5296717171717171 0.061868686868686865 0.5183080808080808 0.06313131313131312 0.512310606060606 0.06502525252525253 0.5066287878787878 0.06660353535353535 0.5025252525252525 0.06849747474747474 0.4990530303030303 0.0716540404040404 0.49463383838383834 0.07449494949494949 0.49147727272727265 0.07765151515151514 0.4892676767676767 0.0808080808080808 0.4867424242424242 0.08554292929292928 0.4839015151515151 0.0909090909090909 0.481060606060606 0.09532828282828282 0.4794823232323232 0.10037878787878787 0.47853535353535354 0.10606060606060605 0.4779040404040404 0.11047979797979797 0.47821969696969696 0.11458333333333331 0.4794823232323232 0.11773989898989898 0.4823232323232323 0.12184343434343432 0.4848484848484848 0.12499999999999999 0.4870580808080808 0.1275252525252525 0.4902146464646464 0.12973484848484848 0.49431818181818177 0.1313131313131313 0.49810606060606055 0.13257575757575757 0.5025252525252525 0.13289141414141412 0.5066287878787878 0.1332070707070707 0.5110479797979798 0.13257575757575757 0.5164141414141413 0.13162878787878787 0.5202020202020202 0.1303661616161616 0.524621212121212 0.12878787878787878 0.5287247474747474 0.12657828282828282 0.5325126262626262 0.12436868686868686 0.5356691919191919 0.1221590909090909 0.5381944444444444 0.11963383838383838 0.5404040404040403 0.11584595959595959 0.543560606060606 0.11237373737373738 0.5464015151515151 0.10858585858585858 0.5489267676767676 0.10448232323232323 0.5514520202020202 0.10037878787878787 0.5536616161616161 0.09690656565656565 0.5549242424242423 0.09217171717171717 0.5558712121212122 0.08743686868686869 0.5558712121212122 0.08333333333333333 0.5558712121212122 0.07954545454545454 0.5549242424242423 0.07481060606060605 0.5520833333333334 0.07007575757575757 0.5495580808080808 0.06628787878787878 0.5470328282828283 0.06376262626262626 0.5441919191919191 0.061868686868686865 0.5397727272727272 0.06029040404040404 0.5334595959595959 0.06029040404040404 0.5334595959595959
1 0.14993686868686867 0.5618686868686869 0.14993686868686867 0.5514520202020202 0.15119949494949492 0.5476641414141414 0.1524621212121212 0.5438762626262627 0.15498737373737373 0.5410353535353535 0.15845959595959594 0.5381944444444444 0.16098484848484848 0.5359848484848484 0.16414141414141412 0.5337752525252525 0.16824494949494948 0.5315656565656565 0.17234848484848483 0.529040404040404 0.1764520202020202 0.5274621212121212 0.17897727272727273 0.5271464646464646 0.18213383838383837 0.5271464646464646 0.18560606060606058 0.5280934343434344 0.18970959595959594 0.5299873737373737 0.1938131313131313 0.531881313131313 0.1963383838383838 0.534090909090909 0.19886363636363635 0.5397727272727272 0.19949494949494948 0.5429292929292928 0.19981060606060605 0.5467171717171716 0.1991792929292929 0.5495580808080808 0.1982323232323232 0.5523989898989898 0.19696969696969693 0.5555555555555555 0.19539141414141412 0.5590277777777778 0.19318181818181818 0.5618686868686869 0.1909722222222222 0.5640782828282828 0.18907828282828282 0.5659722222222221 0.18623737373737373 0.5684974747474747 0.1827651515151515 0.5713383838383838 0.17929292929292925 0.5732323232323232 0.17518939393939392 0.574810606060606 0.1717171717171717 0.5754419191919191 0.1688762626262626 0.5754419191919191 0.1650883838383838 0.5757575757575757 0.16130050505050506 0.5760732323232323 0.1590909090909091 0.5757575757575757 0.15561868686868685 0.5738636363636364 0.15277777777777776 0.5700757575757576 0.15088383838383837 0.5662878787878788
1 0.30050505050505044 0.4744318181818182 0.3065025252525252 0.48042929292929293 0.3077651515151515 0.48421717171717166 0.30902777777777773 0.48895202020202017 0.3093434343434343 0.4921085858585858 0.3093434343434343 0.4958964646464646 0.30902777777777773 0.49999999999999994 0.30681818181818177 0.5041035353535352 0.3049242424242424 0.507260101010101 0.3020833333333333 0.5116792929292929 0.2995580808080808 0.5151515151515151 0.29703282828282823 0.5176767676767676 0.29450757575757575 0.5208333333333333 0.2894570707070707 0.5243055555555556 0.28598484848484845 0.5261994949494949 0.2837752525252525 0.5274621212121212 0.28061868686868685 0.5287247474747474 0.27556818181818177 0.5303030303030303 0.2727272727272727 0.5309343434343433 0.26736111111111105 0.5309343434343433 0.26325757575757575 0.5312499999999999 0.25978535353535354 0.5309343434343433 0.257260101010101 0.529040404040404 0.2541035353535353 0.5258838383838383 0.2515782828282828 0.521780303030303 0.2503156565656565 0.5170454545454545 0.24999999999999997 0.5135732323232323 0.24999999999999997 0.5104166666666666 0.25126262626262624 0.5066287878787878 0.25315656565656564 0.5034722222222222 0.2553661616161616 0.49968434343434337 0.25757575757575757 0.49652777777777773 0.2601010101010101 0.49273989898989895 0.26294191919191917 0.48895202020202017 0.2670454545454545 0.48421717171717166 0.2714646464646464 0.47916666666666663 0.2743055555555555 0.47727272727272724 0.2780934343434343 0.47506313131313127 0.2815656565656565 0.473800505050505 0.28598484848484845 0.4731691919191919 0.2897727272727273 0.4728535353535353 0.29419191919191917 0.4728535353535353
1 0.33933080808080807 0.5946969696969696 0.33491161616161613 0.5896464646464646 0.3339646464646464 0.586489898989899 0.3333333333333333 0.5830176767676767 0.33301767676767674 0.5795454545454546 0.33301767676767674 0.5760732323232323 0.33301767676767674 0.57260101010101 0.33364898989898983 0.5681818181818181 0.3352272727272727 0.5640782828282828 0.3371212121212121 0.5602904040404041 0.33933080808080807 0.5568181818181818 0.34154040404040403 0.5527146464646464 0.34375 0.5492424242424242 0.3462752525252525 0.5454545454545454 0.3481691919191919 0.5422979797979797 0.35006313131313127 0.5397727272727272 0.3525883838383838 0.5369318181818181 0.35511363636363635 0.5350378787878788 0.3585858585858585 0.5328282828282828 0.3620580808080808 0.5306186868686869 0.365530303030303 0.529040404040404 0.3690025252525252 0.5274621212121212 0.3721590909090909 0.5265151515151515 0.3746843434343434 0.5261994949494949 0.3787878787878788 0.5265151515151515 0.382260101010101 0.5271464646464646 0.3851010101010101 0.5293560606060606 0.38952020202020193 0.5321969696969696 0.3929924242424242 0.5347222222222221 0.39551767676767674 0.5372474747474747 0.39741161616161613 0.5400883838383839 0.39898989898989895 0.5429292929292928 0.40088383838383834 0.5460858585858586 0.40183080808080807 0.5501893939393939 0.40246212121212116 0.5549242424242423 0.40277777777777773 0.5602904040404041 0.4015151515151515 0.5643939393939393 0.4002525252525252 0.5691287878787878 0.3993055555555555 0.5735479797979797 0.396780303030303 0.5789141414141414 0.394570707070707 0.5839646464646464 0.3920454545454545 0.5886994949494949 0.3898358585858585 0.5928030303030302 0.3869949494949495 0.5959595959595959 0.38352272727272724 0.5991161616161615 0.3787878787878788 0.6013257575757576 0.37436868686868685 0.6032196969696969 0.36963383838383834 0.6044823232323232 0.3645833333333333 0.6051136363636364 0.3604797979797979 0.6057449494949495 0.3560606060606061 0.6051136363636364 0.3519570707070707 0.6032196969696969 0.348800505050505 0.6022727272727272 0.34501262626262624 0.6006944444444444 0.3428030303030303 0.598800505050505
1 0.25946969696969696 0.6704545454545454 0.25315656565656564 0.6644570707070707 0.25189393939393934 0.6622474747474747 0.2503156565656565 0.6594065656565656 0.24936868686868685 0.6565656565656565 0.24842171717171715 0.6534090909090909 0.24810606060606058 0.6493055555555555 0.24842171717171715 0.6458333333333334 0.24999999999999997 0.642361111111111 0.25126262626262624 0.6392045454545454 0.25284090909090906 0.6357323232323232 0.255050505050505 0.6332070707070707 0.25789141414141414 0.6303661616161615 0.2607323232323232 0.6281565656565656 0.2635732323232323 0.6265782828282828 0.2660984848484848 0.6253156565656565 0.2683080808080808 0.6246843434343433 0.2727272727272727 0.6246843434343433 0.27777777777777773 0.625 0.2818813131313131 0.6259469696969696 0.2866161616161616 0.6268939393939393 0.2900883838383838 0.6284722222222221 0.2951388888888889 0.6309974747474747 0.2989267676767676 0.6335227272727272 0.30176767676767674 0.6360479797979797 0.3039772727272727 0.6382575757575757 0.30681818181818177 0.6420454545454545 0.30808080808080807 0.6464646464646464 0.30902777777777773 0.6502525252525252 0.3093434343434343 0.6540404040404041 0.3093434343434343 0.656881313131313 0.30839646464646464 0.6606691919191918 0.3065025252525252 0.6644570707070707 0.3042929292929293 0.6666666666666666 0.30145202020202017 0.6701388888888888 0.29797979797979796 0.6732954545454545 0.29545454545454547 0.6761363636363635 0.29261363636363635 0.6777146464646464 0.28882575757575757 0.6792929292929293 0.2850378787878788 0.6805555555555555 0.2809343434343434 0.6811868686868686 0.2780934343434343 0.6811868686868686 0.2736742424242424 0.680239898989899 0.2698863636363636 0.6786616161616161 0.2670454545454545 0.6773989898989898 0.26325757575757575 0.6751893939393939
1 0.12152777777777776 0.8191287878787877 0.11363636363636362 0.8184974747474747 0.10890151515151514 0.8169191919191918 0.1038510101010101 0.8147095959595958 0.10164141414141413 0.8128156565656565 0.09880050505050504 0.8093434343434343 0.09722222222222222 0.8049242424242423 0.09659090909090909 0.7998737373737372 0.09627525252525253 0.7948232323232323 0.09659090909090909 0.7907196969696969 0.09753787878787877 0.7869318181818181 0.09880050505050504 0.7831439393939393 0.10069444444444443 0.7790404040404039 0.10227272727272727 0.7758838383838383 0.10511363636363637 0.7727272727272727 0.10858585858585858 0.7698863636363635 0.11174242424242424 0.7683080808080808 0.11458333333333331 0.767361111111111 0.11868686868686867 0.7664141414141414 0.12373737373737373 0.7654671717171716 0.1268939393939394 0.7651515151515151 0.13099747474747475 0.7651515151515151 0.1366792929292929 0.7657828282828283 0.14078282828282826 0.7664141414141414 0.1442550505050505 0.767361111111111 0.1486742424242424 0.7689393939393939 0.15435606060606058 0.7714646464646464 0.1587752525252525 0.7746212121212122 0.16287878787878787 0.7771464646464646 0.16635101010101008 0.7799873737373737 0.16824494949494948 0.7825126262626262 0.17045454545454544 0.7869318181818181 0.17140151515151514 0.7910353535353535 0.17013888888888887 0.7954545454545454 0.1688762626262626 0.7998737373737372 0.16729797979797978 0.8036616161616161 0.16635101010101008 0.8058712121212122 0.16477272727272724 0.8083964646464646 0.16224747474747475 0.810921717171717 0.15782828282828282 0.813131313131313 0.15309343434343434 0.815340909090909 0.14993686868686867 0.8169191919191918 0.14678030303030304 0.8188131313131313 0.14393939393939392 0.8197601010101009 0.14109848484848483 0.820391414141414 0.13699494949494948 0.820391414141414 0.13257575757575757 0.820391414141414 0.1284722222222222 0.8200757575757576
1 0.1231060606060606 0.6979166666666666 0.12531565656565655 0.6849747474747474 0.12657828282828282 0.6811868686868686 0.12815656565656564 0.6761363636363635 0.1303661616161616 0.6714015151515151 0.13289141414141412 0.6676136363636364 0.13541666666666666 0.664141414141414 0.13857323232323232 0.6603535353535352 0.1414141414141414 0.6571969696969696 0.1442550505050505 0.6543560606060606 0.14709595959595959 0.6521464646464646 0.15119949494949492 0.6499368686868686 0.15561868686868685 0.6483585858585859 0.15940656565656566 0.6474116161616161 0.16382575757575754 0.6470959595959596 0.16761363636363635 0.6480429292929293 0.17140151515151514 0.648989898989899 0.17613636363636362 0.6499368686868686 0.1799242424242424 0.6511994949494949 0.18308080808080807 0.6530934343434343 0.18497474747474746 0.6559343434343433 0.18655303030303028 0.6603535353535352 0.18781565656565655 0.664141414141414 0.18876262626262624 0.6679292929292928 0.18970959595959594 0.673611111111111 0.18970959595959594 0.6773989898989898 0.18876262626262624 0.6818181818181818 0.18749999999999997 0.685921717171717 0.18623737373737373 0.6893939393939393 0.18465909090909088 0.692550505050505 0.1827651515151515 0.6960227272727272 0.18023989898989895 0.7004419191919191 0.17708333333333334 0.7061237373737373 0.17392676767676768 0.7105429292929292 0.17108585858585856 0.7136994949494949 0.16729797979797978 0.717171717171717 0.16477272727272724 0.7184343434343433 0.1606691919191919 0.7200126262626262 0.15688131313131312 0.721590909090909 0.15309343434343434 0.7222222222222221 0.1486742424242424 0.7228535353535352 0.1442550505050505 0.7228535353535352 0.13888888888888887 0.721590909090909 0.13604797979797978 0.7206439393939393 0.13257575757575757 0.7181186868686869 0.12973484848484848 0.7152777777777778 0.12815656565656564 0.7133838383838383 0.1268939393939394 0.7099116161616161 0.12531565656565655 0.7054924242424242
1 0.3109217171717171 0.8042929292929292 0.30681818181818177 0.7995580808080808 0.3042929292929293 0.7973484848484848 0.3020833333333333 0.7951388888888888 0.30018939393939387 0.7932449494949495 0.29797979797979796 0.7897727272727272 0.29671717171717166 0.786300505050505 0.2960858585858585 0.7828282828282828 0.2960858585858585 0.7787247474747474 0.2964015151515151 0.7746212121212122 0.29797979797979796 0.7698863636363635 0.29987373737373735 0.7654671717171716 0.30239898989898983 0.7594696969696969 0.30523989898989895 0.7556818181818181 0.30902777777777773 0.7515782828282828 0.31344696969696967 0.7471590909090909 0.31723484848484845 0.7440025252525252 0.3207070707070707 0.7411616161616161 0.32386363636363635 0.7389520202020202 0.3276515151515151 0.7357954545454545 0.33143939393939387 0.7329545454545454 0.3358585858585858 0.731060606060606 0.33996212121212116 0.7294823232323232 0.3424873737373737 0.7282196969696969 0.3462752525252525 0.7269570707070707 0.34974747474747475 0.7263257575757576 0.3544823232323232 0.7256944444444444 0.35827020202020204 0.726641414141414 0.36395202020202017 0.7279040404040403 0.36963383838383834 0.7320075757575757 0.3718434343434343 0.7339015151515151 0.37436868686868685 0.7367424242424242 0.3775252525252525 0.7411616161616161 0.3794191919191919 0.7455808080808081 0.37973484848484845 0.7496843434343433 0.37973484848484845 0.7537878787878788 0.3787878787878788 0.7569444444444444 0.3775252525252525 0.7607323232323232 0.3756313131313131 0.7642045454545454 0.3734217171717171 0.7679924242424242 0.37152777777777773 0.771780303030303 0.36963383838383834 0.7752525252525252 0.36773989898989895 0.7790404040404039 0.36584595959595956 0.7821969696969696 0.36426767676767674 0.7847222222222221 0.3617424242424242 0.7875631313131313 0.3585858585858585 0.7900883838383838 0.3557449494949495 0.7929292929292928 0.3519570707070707 0.795770202020202 0.3481691919191919 0.7989267676767676 0.34469696969696967 0.8011363636363635 0.34027777777777773 0.803030303030303 0.3374368686868687 0.8039772727272727 0.3333333333333333 0.8049242424242423 0.32922979797979796 0.8055555555555555 0.32575757575757575 0.8055555555555555 0.3216540404040404 0.8058712121212122 0.3169191919191919 0.8058712121212122
1 0.1808712121212121 0.9267676767676767 0.17897727272727273 0.9150883838383838 0.17897727272727273 0.9116161616161615 0.17897727272727273 0.906881313131313 0.17897727272727273 0.9027777777777778 0.1808712121212121 0.8993055555555555 0.18213383838383837 0.8961489898989898 0.18213383838383837 0.892361111111111 0.18402777777777776 0.8885732323232323 0.18623737373737373 0.88510101010101 0.1884469696969697 0.8822601010101009 0.19128787878787878 0.8797348484848484 0.19412878787878787 0.8765782828282828 0.19760101010101008 0.8731060606060606 0.20138888888888887 0.8699494949494949 0.2048611111111111 0.8680555555555555 0.21022727272727273 0.8664772727272727 0.21527777777777776 0.8661616161616161 0.2206439393939394 0.8661616161616161 0.22601010101010097 0.8664772727272727 0.2313762626262626 0.8674242424242423 0.2361111111111111 0.8696338383838383 0.2398989898989899 0.8724747474747474 0.24210858585858583 0.875631313131313 0.24305555555555552 0.8819444444444444 0.24305555555555552 0.8892045454545453 0.24147727272727273 0.8958333333333333 0.23958333333333331 0.9011994949494949 0.23642676767676765 0.9081439393939393 0.2342171717171717 0.9131944444444444 0.23200757575757575 0.9182449494949494 0.2294823232323232 0.9226641414141413 0.2269570707070707 0.9264520202020202 0.2241161616161616 0.930239898989899 0.22001262626262624 0.9340277777777778 0.2149621212121212 0.9378156565656565 0.21022727272727273 0.9409722222222221 0.20643939393939392 0.9422348484848484 0.20233585858585856 0.942550505050505 0.19886363636363635 0.9422348484848484 0.19507575757575754 0.9409722222222221 0.19160353535353536 0.9393939393939393 0.18813131313131312 0.9371843434343433 0.18560606060606058 0.9340277777777778 0.1837121212121212 0.9315025252525252
1 0.09880050505050504 0.9419191919191918 0.08933080808080808 0.9501262626262625 0.08522727272727272 0.9526515151515151 0.0808080808080808 0.954861111111111 0.07828282828282827 0.9567550505050504 0.07607323232323232 0.9583333333333333 0.0726010101010101 0.9605429292929292 0.06881313131313131 0.9630681818181818 0.06470959595959595 0.9652777777777778 0.06029040404040404 0.967171717171717 0.05681818181818181 0.9687499999999999 0.052398989898989896 0.9696969696969696 0.047979797979797977 0.9696969696969696 0.04324494949494949 0.9678030303030302 0.03819444444444444 0.9655934343434343 0.03377525252525252 0.9624368686868686 0.032196969696969696 0.9583333333333333 0.03188131313131313 0.9529671717171716 0.03188131313131313 0.9482323232323232 0.032196969696969696 0.9469696969696969 0.032512626262626264 0.9444444444444444 0.03345959595959595 0.9387626262626262 0.034406565656565656 0.9340277777777778 0.03535353535353535 0.9299242424242423 0.036931818181818184 0.9251893939393939 0.03851010101010101 0.9214015151515151 0.04071969696969697 0.9182449494949494 0.04356060606060606 0.9150883838383838 0.046085858585858584 0.9119318181818181 0.047979797979797977 0.9097222222222221 0.050189393939393936 0.9081439393939393 0.05334595959595959 0.9056186868686869 0.05713383838383838 0.9034090909090909 0.06281565656565656 0.8999368686868686 0.06660353535353535 0.8980429292929292 0.0716540404040404 0.8958333333333333 0.07765151515151514 0.8929924242424242 0.0827020202020202 0.8914141414141413 0.08680555555555555 0.8904671717171716 0.0918560606060606 0.8898358585858585 0.09595959595959595 0.8898358585858585 0.09974747474747474 0.8907828282828283 0.10416666666666666 0.8929924242424242 0.10795454545454544 0.8961489898989898 0.10984848484848483 0.9011994949494949 0.11047979797979797 0.9062499999999999 0.11016414141414141 0.911300505050505 0.10921717171717171 0.9169823232323232 0.10890151515151514 0.9210858585858585 0.10795454545454544 0.9248737373737372 0.10700757575757575 0.9292929292929292 0.10511363636363637 0.9327651515151515 0.1029040404040404 0.9365530303030302
1 0.3178661616161616 0.9270833333333333 0.3169191919191919 0.9182449494949494 0.3169191919191919 0.9154040404040403 0.3169191919191919 0.9125631313131313 0.31723484848484845 0.9087752525252525 0.3181818181818182 0.9056186868686869 0.31912878787878785 0.9024621212121211 0.32039141414141414 0.898989898989899 0.32228535353535354 0.8952020202020202 0.3235479797979798 0.8920454545454545 0.3260732323232323 0.8888888888888888 0.32828282828282823 0.8866792929292928 0.3304924242424242 0.8841540404040403 0.33270202020202017 0.8825757575757576 0.3368055555555555 0.8809974747474746 0.3424873737373737 0.880050505050505 0.3462752525252525 0.880050505050505 0.3506944444444444 0.880050505050505 0.3538510101010101 0.8803661616161615 0.35700757575757575 0.8816287878787877 0.3598484848484848 0.8832070707070706 0.36268939393939387 0.8857323232323232 0.3652146464646464 0.8898358585858585 0.3664772727272727 0.8948863636363635 0.36773989898989895 0.899621212121212 0.3683712121212121 0.9043560606060606 0.3690025252525252 0.9087752525252525 0.3686868686868687 0.9135101010101009 0.3671085858585858 0.9179292929292928 0.365530303030303 0.9223484848484848 0.3636363636363636 0.9273989898989898 0.36111111111111105 0.930871212121212 0.35795454545454547 0.933080808080808 0.3541666666666667 0.9356060606060606 0.35132575757575757 0.9378156565656565 0.348800505050505 0.9393939393939393 0.3456439393939394 0.9409722222222221 0.34154040404040403 0.9416035353535352 0.33648989898989895 0.9416035353535352 0.332070707070707 0.9406565656565656 0.32702020202020204 0.9384469696969696 0.3226010101010101 0.9343434343434343 0.319760101010101 0.9299242424242423
1 0.3544823232323232 0.9857954545454545 0.3541666666666667 0.9775883838383838 0.3541666666666667 0.9756944444444444 0.3541666666666667 0.9731691919191918 0.3547979797979798 0.9706439393939393 0.3557449494949495 0.9678030303030302 0.3576388888888889 0.9655934343434343 0.3614267676767676 0.962121212121212 0.36584595959595956 0.9586489898989898 0.3756313131313131 0.9523358585858585 0.3794191919191919 0.9507575757575757 0.3832070707070707 0.9491792929292928 0.38920454545454547 0.9472853535353535 0.39520202020202017 0.9463383838383838 0.3999368686868686 0.9463383838383838 0.40435606060606055 0.9463383838383838 0.4084595959595959 0.9463383838383838 0.4119318181818182 0.9472853535353535 0.41382575757575757 0.9485479797979797 0.4163510101010101 0.9507575757575757 0.4188762626262626 0.9529671717171716 0.4214015151515151 0.9564393939393939 0.42361111111111105 0.9589646464646464 0.42518939393939387 0.9627525252525252 0.42518939393939387 0.9665404040404039 0.42518939393939387 0.9703282828282827 0.4245580808080808 0.9728535353535352 0.4232954545454545 0.9753787878787877 0.4210858585858585 0.9785353535353534 0.4182449494949495 0.9807449494949494 0.41382575757575757 0.9842171717171716 0.4097222222222222 0.9870580808080808 0.4049873737373737 0.9892676767676767 0.3993055555555555 0.9921085858585859 0.3933080808080808 0.9940025252525252 0.3885732323232323 0.9952651515151515 0.3841540404040404 0.9962121212121211 0.38099747474747475 0.9965277777777778 0.37815656565656564 0.9965277777777778 0.37436868686868685 0.9962121212121211 0.37121212121212116 0.995580808080808 0.3674242424242424 0.9946338383838383 0.363320707070707 0.9930555555555555 0.3589015151515151 0.991161616161616
1 0.014520202020202018 0.5691287878787878 0.01578282828282828 0.5697601010101009 0.022727272727272724 0.577020202020202 0.025252525252525252 0.5795454545454546 0.027777777777777776 0.5820707070707071 0.029040404040404037 0.5849116161616161 0.02967171717171717 0.5880681818181818 0.02967171717171717 0.5915404040404041 0.029040404040404037 0.5956439393939393 0.027146464646464644 0.6000631313131313 0.024936868686868684 0.6041666666666666 0.022411616161616157 0.6076388888888888 0.019886363636363636 0.6107954545454545 0.01736111111111111 0.6142676767676767 0.013257575757575756 0.6180555555555555 0.008522727272727272 0.6221590909090909 0.004734848484848484 0.6246843434343433 0.0 0.6265782828282828 0.00031565656565656563 0.563131313131313 0.007575757575757575 0.5656565656565656 0.0101010101010101 0.5666035353535352
1 0.0615530303030303 0.39425505050505044 0.054608585858585856 0.3914141414141414 0.0514520202020202 0.38920454545454547 0.04861111111111111 0.3869949494949495 0.046085858585858584 0.3838383838383838 0.043876262626262624 0.3787878787878788 0.04292929292929293 0.3753156565656565 0.04261363636363636 0.3699494949494949 0.04324494949494949 0.36616161616161613 0.044823232323232313 0.36300505050505044 0.04703282828282828 0.3589015151515151 0.04924242424242423 0.35511363636363635 0.052398989898989896 0.35006313131313127 0.055239898989898985 0.3462752525252525 0.05776515151515151 0.3428030303030303 0.05997474747474747 0.3405934343434343 0.06281565656565656 0.33806818181818177 0.0669191919191919 0.3358585858585858 0.07196969696969696 0.33364898989898983 0.07607323232323232 0.33270202020202017 0.07891414141414141 0.3323863636363636 0.08207070707070706 0.3323863636363636 0.08554292929292928 0.33270202020202017 0.08869949494949494 0.3333333333333333 0.09122474747474746 0.33364898989898983 0.09374999999999999 0.3339646464646464 0.09848484848484847 0.33459595959595956 0.10227272727272727 0.3352272727272727 0.10574494949494948 0.3368055555555555 0.10795454545454544 0.3390151515151515 0.11016414141414141 0.34122474747474746 0.11300505050505048 0.3459595959595959 0.11363636363636362 0.3506944444444444 0.11268939393939394 0.3544823232323232 0.11016414141414141 0.35953282828282823 0.10827020202020202 0.36395202020202017 0.10669191919191919 0.3683712121212121 0.10511363636363637 0.3718434343434343 0.1038510101010101 0.3753156565656565 0.10227272727272727 0.3784722222222222 0.10037878787878787 0.382260101010101 0.0991161616161616 0.3838383838383838 0.09690656565656565 0.38541666666666663 0.09406565656565656 0.3873106060606061 0.08869949494949494 0.39046717171717166 0.08364898989898989 0.3926767676767676 0.07828282828282827 0.39425505050505044 0.07291666666666667 0.39520202020202017
1 0.003472222222222222 0.30176767676767674 0.008522727272727272 0.3058712121212121 0.011047979797979798 0.30839646464646464 0.012941919191919192 0.3109217171717171 0.01515151515151515 0.31344696969696967 0.01736111111111111 0.3159722222222222 0.018623737373737372 0.31849747474747475 0.019255050505050504 0.32196969696969696 0.019886363636363636 0.32544191919191917 0.019886363636363636 0.32828282828282823 0.01957070707070707 0.3308080808080808 0.01799242424242424 0.334280303030303 0.01578282828282828 0.3371212121212121 0.013573232323232322 0.3390151515151515 0.011679292929292928 0.3405934343434343 0.008838383838383838 0.34375 0.004419191919191919 0.34785353535353536 0.0015782828282828283 0.3506944444444444 0.0006313131313131313 0.35164141414141414 0.0 0.30050505050505044
1 0.05587121212121212 0.18718434343434343 0.054608585858585856 0.1957070707070707 0.05334595959595959 0.19886363636363635 0.05176767676767677 0.20170454545454544 0.04892676767676767 0.2048611111111111 0.04671717171717171 0.2067550505050505 0.043876262626262624 0.2086489898989899 0.04008838383838384 0.2111742424242424 0.03598484848484848 0.21369949494949492 0.03314393939393939 0.21433080808080807 0.029356060606060604 0.21433080808080807 0.025568181818181816 0.21433080808080807 0.021464646464646464 0.21433080808080807 0.01736111111111111 0.21275252525252522 0.014835858585858584 0.21054292929292925 0.012310606060606058 0.2077020202020202 0.009785353535353534 0.20422979797979796 0.00789141414141414 0.20202020202020202 0.005681818181818181 0.1991792929292929 0.0037878787878787876 0.19696969696969693 0.0 0.19160353535353536 0.0006313131313131313 0.15467171717171715 0.0006313131313131313 0.15309343434343434 0.0018939393939393938 0.14993686868686867 0.003472222222222222 0.1486742424242424 0.005681818181818181 0.14709595959595959 0.008838383838383838 0.14551767676767677 0.011679292929292928 0.14457070707070707 0.01578282828282828 0.14393939393939392 0.018623737373737372 0.14393939393939392 0.022411616161616157 0.14393939393939392 0.025883838383838384 0.14393939393939392 0.028724747474747472 0.1442550505050505 0.031249999999999997 0.1452020202020202 0.03472222222222222 0.14646464646464646 0.03882575757575757 0.14835858585858583 0.04261363636363636 0.1515151515151515 0.04545454545454545 0.15435606060606058 0.04766414141414141 0.15751262626262624 0.04987373737373737 0.16035353535353536 0.0514520202020202 0.16351010101010102 0.05334595959595959 0.16729797979797978 0.05492424242424242 0.1717171717171717 0.05587121212121212 0.1755050505050505 0.05650252525252524 0.1799242424242424
0 0.5150842440801457 0.10752504553734067 0.5128073770491803 0.08760245901639349 0.510530510018215 0.07337204007285979 0.5071152094717669 0.055726320582878006 0.5071152094717669 0.05202641165755925 0.5093920765027323 0.0514571948998179 0.511384335154827 0.052880236794171274 0.5116689435336977 0.05629553734061935 0.5116689435336977 0.06084927140255014 0.5145150273224044 0.07707194899817855 0.5179303278688525 0.10126366120218584 0.5199225865209472 0.11008652094717672 0.5193533697632059 0.11293260473588347 0.5179303278688525 0.11407103825136616 0.5165072859744991 0.11065573770491807
0 0.3619439752252252 0.5806587837837838 0.36511120495495497 0.573268581081081 0.37179757882882886 0.5600717905405406 0.37672438063063063 0.5512739301801802 0.37918778153153154 0.5482826576576577 0.3802435247747748 0.545995213963964 0.37953969594594594 0.5440596846846847 0.3781320382882883 0.5440596846846847 0.37690033783783783 0.5449394707207207 0.37549268018018017 0.547754786036036 0.36863034909909914 0.559543918918919 0.3610641891891892 0.573268581081081 0.35930461711711714 0.579075168918919 0.3589527027027027 0.5801309121621622 0.36000844594594594 0.5811866554054054
0 0.7525689752252253 0.08727477477477479 0.7597832207207207 0.08375563063063063 0.762598536036036 0.08269988738738739 0.7652378941441442 0.08164414414414416 0.7678772522522522 0.08094031531531533 0.7705166103603603 0.08023648648648649 0.7717483108108109 0.07953265765765766 0.7733319256756757 0.078125 0.773507882882883 0.07601351351351351 0.7712204391891893 0.07636542792792793 0.7682291666666666 0.07759712837837837 0.7641821509009009 0.07882882882882883 0.7611908783783784 0.07988457207207207 0.757495777027027 0.0805884009009009 0.7541525900900901 0.08164414414414416 0.749929617117117 0.08393158783783784 0.7474662162162162 0.08604307432432433 0.748170045045045 0.08674690315315316 0.7492257882882883 0.08727477477477479 0.7506334459459459 0.08745073198198199
0 0.1414695945945946 0.05912162162162162 0.13548704954954957 0.05225929054054054 0.13319960585585586 0.04926801801801802 0.13108811936936937 0.04610078828828829 0.12827280405405406 0.04398930180180181 0.12545748873873874 0.0415259009009009 0.12281813063063063 0.03853462837837838 0.12105855855855857 0.0365990990990991 0.11894707207207207 0.03395974099099099 0.11771537162162163 0.030968468468468468 0.1171875 0.028681024774774775 0.11824324324324324 0.028681024774774775 0.12053068693693694 0.029736768018018018 0.12246621621621621 0.031144425675675675 0.12510557432432431 0.03360782657657658 0.12756897522522523 0.03712697072072072 0.13020833333333334 0.040470157657657664 0.1319679054054054 0.04275760135135135 0.1340793918918919 0.04504504504504504 0.1361908783783784 0.04786036036036036 0.13830236486486486 0.050323761261261264 0.13971002252252251 0.05243524774774775 0.1416455518018018 0.054194819819819814 0.1441089527027027 0.05718609234234235 0.14674831081081083 0.05964949324324324 0.14745213963963966 0.06211289414414414 0.1463963963963964 0.06281672297297297 0.1437570382882883 0.061409065315315314
0 0.16836114007646855 0.5598279457768509 0.16760079944386513 0.5530935001737922 0.17118526242613835 0.5463590545707334 0.17629040667361834 0.5447297532151547 0.176724887035106 0.5489659367396593 0.17422662495655195 0.5550486618004867 0.17118526242613835 0.5592848453249913
0 0.5908333333333334 0.7251041666666667 0.5901041666666667 0.7115625 0.5924999999999999 0.6954166666666667 0.5970833333333334 0.6897916666666667 0.5995833333333334 0.6878124999999999 0.598125 0.6933333333333334 0.5965625 0.699375 0.5948958333333334 0.7088541666666667 0.5938541666666667 0.7182291666666667 0.5936458333333333 0.721875
0 0.6982291666666666 0.20364583333333333 0.705625 0.20614583333333333 0.7130208333333333 0.21052083333333332 0.7186458333333333 0.21364583333333334 0.7223958333333333 0.21572916666666667 0.7240625 0.2185416666666667 0.7278125000000001 0.22104166666666666 0.7309375 0.22229166666666667 0.7339583333333334 0.22302083333333333 0.7354166666666667 0.22239583333333332 0.7353124999999999 0.22093749999999998 0.7334375000000001 0.21979166666666666 0.7304166666666667 0.21822916666666667 0.7288541666666667 0.21645833333333334 0.7270833333333333 0.21520833333333333 0.7248958333333333 0.21395833333333333 0.7227083333333333 0.21260416666666665 0.7198958333333334 0.21104166666666666 0.7176041666666666 0.20947916666666666 0.7153125 0.20802083333333332 0.7130208333333333 0.20635416666666667 0.7094791666666667 0.2040625 0.7071875 0.2029166666666667 0.7039583333333332 0.20208333333333334 0.7007291666666667 0.20072916666666665 0.699375 0.2003125 0.6965625000000001 0.20010416666666667 0.6957291666666666 0.20177083333333332 0.696875 0.20385416666666664
0 0.20489583333333333 0.40875 0.21135416666666668 0.4095833333333333 0.21458333333333332 0.40979166666666667 0.218125 0.41010416666666666 0.221875 0.41031249999999997 0.22437500000000002 0.41052083333333333 0.2275 0.41052083333333333 0.2303125 0.41052083333333333 0.23479166666666668 0.41083333333333333 0.24250000000000002 0.41177083333333336 0.24510416666666668 0.4121875 0.24833333333333335 0.4119791666666667 0.2446875 0.409375 0.2353125 0.40541666666666665 0.23302083333333332 0.40427083333333336 0.22916666666666666 0.40354166666666663 0.22395833333333334 0.40427083333333336 0.2175 0.40572916666666664 0.21333333333333335 0.4063541666666667 0.20979166666666668 0.40687500000000004 0.20677083333333332 0.40729166666666666
0 0.2413883089770355 0.31391353514265835 0.24715118302018094 0.31423973556019485 0.25052192066805845 0.3141310020876827 0.25356645789839943 0.3138048016701462 0.2568284620737648 0.3133698677800974 0.26139526791927625 0.3125 0.2660708072372999 0.3119563326374391 0.26998521224773836 0.31152139874739043 0.2737908837856646 0.3108689979123173 0.2767266875434934 0.310651530967293 0.2766179540709812 0.30891179540709807 0.27487821851078637 0.30804192762700067 0.2709638135003479 0.30825939457202506 0.26574460681976336 0.30891179540709807 0.26248260264439804 0.3092379958246347 0.25835073068893527 0.3097816631871956 0.25215292275574114 0.3101078636047321 0.2438891788448156 0.3104340640222686 0.24225817675713293 0.31076026443980515 0.24040970772442588 0.3111951983298538 0.24040970772442588 0.3129349338900487
0 0.554260985352863 0.5951786506879716 0.5543996893031514 0.590601420328451 0.5553706169551709 0.5878273413226809 0.5559254327563249 0.5851919662671993 0.5567576564580559 0.5828339991122947 0.5573124722592099 0.5807534398579671 0.558144695960941 0.5781180648024855 0.558699511762095 0.5761762094984466 0.559254327563249 0.573818242343542 0.5599478473146916 0.5722924988903684 0.5607800710164226 0.5700732356857524 0.5614735907678651 0.5675765645805593 0.5618897026187306 0.5652185974256547 0.5621671105193077 0.5631380381713271 0.5621671105193077 0.5614735907678651 0.5616122947181537 0.5595317354638261 0.559809143364403 0.5595317354638261 0.558699511762095 0.560363959165557 0.5580059920106525 0.5623058144695962 0.5571737683089214 0.5652185974256547 0.5567576564580559 0.5678539724811363 0.5564802485574789 0.5702119396360409 0.5557867288060364 0.5727086107412339 0.5552319130048825 0.574373058144696 0.5545383932534399 0.576592321349312 0.5528739458499778 0.5788115845539281 0.5516256102973813 0.5813082556591211 0.5507933865956502 0.5861628939192188 0.5502385707944962 0.590046604527297 0.5500998668442078 0.5943464269862405 0.5512094984465158 0.5964269862405681
0 0.7761458333333333 0.6009375 0.7765625 0.5995833333333334 0.7765625 0.5976041666666667 0.7765625 0.5944791666666667 0.7763541666666666 0.591875 0.7758333333333333 0.5890625 0.7751041666666667 0.5865625 0.7742708333333332 0.5838541666666667 0.7732291666666666 0.5816666666666667 0.771875 0.5794791666666667 0.7708333333333334 0.5780208333333333 0.7688541666666667 0.5765625 0.7665624999999999 0.5751041666666666 0.7647916666666668 0.5741666666666667 0.7635416666666667 0.5732291666666666 0.7615625 0.5721875 0.7590625000000001 0.5722916666666666 0.7580208333333334 0.5732291666666666 0.7577083333333333 0.57625 0.7577083333333333 0.5804166666666667 0.7589583333333334 0.5836458333333333 0.76 0.5864583333333333 0.7608333333333334 0.5884375 0.7620833333333333 0.5909375 0.7633333333333333 0.5929166666666668 0.7647916666666668 0.5947916666666667 0.7660416666666666 0.5960416666666667 0.7685416666666666 0.598125 0.7698958333333333 0.59875 0.7711458333333333 0.599375 0.7732291666666666 0.6002083333333333 0.7745833333333334 0.6009375
0 0.31860053684724254 0.7836139580283065 0.3222608589555881 0.7807162030258663 0.32531112737920936 0.7769033674963397 0.32683626159102 0.7750732064421669 0.32958150317227913 0.7735480722303563 0.33293679843826257 0.7714128843338214 0.3347669594924353 0.7697352367008297 0.33705466081015134 0.767905075646657 0.3396473889702294 0.7657698877501221 0.3416300634455832 0.763634699853587 0.3437652513421181 0.7624145924841386 0.34605295265983405 0.7607369448511468 0.34773060029282576 0.7596693509028795 0.350628355295266 0.7575341630063446 0.3532210834553441 0.7553989751098097 0.3564238653001464 0.7534163006344559 0.35962664714494874 0.751433626159102 0.36267691556857 0.7503660322108345 0.36465959004392384 0.7494509516837482 0.36465959004392384 0.7483833577354807 0.3638970229380185 0.7470107369448511 0.3617618350414836 0.7464006832601269 0.3567288921425085 0.7479258174719375 0.3520009760858956 0.751433626159102 0.3492557345046364 0.7534163006344559 0.3462054660810151 0.7552464616886285 0.34224011713030744 0.7582967301122499 0.3384272816007809 0.7613469985358711 0.33537701317715957 0.7637872132747682 0.329276476329917 0.7686676427525623 0.3251586139580283 0.7720229380185457 0.3222608589555881 0.7740056124938994 0.3190580771107857 0.777665934602245 0.3158552952659834 0.7805636896046853 0.31478770131771594 0.7825463640800391 0.31555026842362127 0.784681551976574
0 0.6882440476190476 0.8446067821067821 0.6886949855699857 0.8474251443001443 0.6901605339105339 0.849905303030303 0.6919642857142857 0.8521599927849928 0.693655303030303 0.8531746031746031 0.6962481962481962 0.8561056998556998 0.698728354978355 0.8567821067821068 0.6998556998556998 0.8571203102453102 0.6999684343434344 0.854527417027417 0.6998556998556998 0.8506944444444444 0.6990665584415584 0.8468614718614718 0.698051948051948 0.8431412337662337 0.6963609307359307 0.8394209956709956 0.6948953823953824 0.8367153679653679 0.6933170995670995 0.8338970057720058 0.6906114718614718 0.8306277056277056 0.6884695165945165 0.8288239538239538 0.6849747474747474 0.8273584054834054 0.6824945887445888 0.8263437950937951 0.6814799783549783 0.8258928571428572 0.6799016955266954 0.8261183261183261 0.6785488816738816 0.8275838744588744 0.6787743506493507 0.8302895021645021 0.6804653679653679 0.8328823953823954 0.6819309163059163 0.8357007575757576 0.6832837301587301 0.8388573232323232
0 0.20197916666666668 0.9183333333333333 0.2033333333333333 0.9165625 0.2046875 0.9143749999999999 0.20572916666666666 0.9123958333333333 0.20677083333333332 0.9105208333333333 0.20791666666666667 0.90875 0.20947916666666666 0.9063541666666667 0.21052083333333332 0.9044791666666666 0.21197916666666666 0.9017708333333334 0.21291666666666667 0.8994791666666667 0.21385416666666668 0.8976041666666668 0.21489583333333334 0.895625 0.2153125 0.8938541666666667 0.2153125 0.8928125 0.21447916666666667 0.8919791666666667 0.2134375 0.8919791666666667 0.21229166666666668 0.8927083333333333 0.21010416666666665 0.8951041666666666 0.20875000000000002 0.8980208333333334 0.20739583333333333 0.9020833333333333 0.20604166666666668 0.9059375000000001 0.2046875 0.9089583333333333 0.20281249999999998 0.9119791666666667 0.20135416666666667 0.9136458333333334 0.20041666666666666 0.9148958333333332 0.19989583333333333 0.9160416666666666 0.19989583333333333 0.9171875
