1 0.7845819304152637 0.373526936026936 0.7782687991021324 0.3668630751964085 0.7751122334455668 0.3626543209876543 0.771955667789001 0.35809483726150393 0.7695005611672278 0.3531846240179573 0.7673961840628506 0.3479236812570146 0.7663439955106621 0.3423120089786756 0.7663439955106621 0.3359988776655443 0.7663439955106621 0.33038720538720534 0.7670454545454545 0.32442480359147025 0.7680976430976431 0.3184624017957351 0.7712542087542087 0.3114478114478114 0.7751122334455668 0.3082912457912458 0.7803731762065095 0.306888327721661 0.7873877665544332 0.306888327721661 0.7933501683501682 0.3079405162738496 0.798611111111111 0.3093434343434343 0.8052749719416386 0.31109708193041524 0.8108866442199775 0.3128507295173961 0.8161475869809203 0.31530583613916946 0.8217592592592592 0.3184624017957351 0.8259680134680134 0.32196969696969696 0.8305274971941637 0.32582772166105495 0.8333333333333334 0.32898428731762064 0.8357884399551065 0.3328423120089787 0.8382435465768798 0.33775252525252525 0.8414001122334456 0.343013468013468 0.8435044893378226 0.3496773288439955 0.8445566778900112 0.3559904601571268 0.8452581369248036 0.3619528619528619 0.8456088664421998 0.3675645342312009 0.8456088664421998 0.37387766554433216 0.8445566778900112 0.38124298540965207 0.8421015712682378 0.3875561167227834 0.8385942760942761 0.3931677890011223 0.8350869809203142 0.3956228956228956 0.8301767676767676 0.39737654320987653 0.825266554433221 0.3977272727272727 0.8207070707070707 0.3977272727272727 0.8154461279461279 0.3966750841750841 0.8101851851851851 0.3938692480359147 0.8059764309764309 0.3914141414141414 0.8007154882154881 0.38825757575757575 0.7958052749719416 0.3847502805836139 0.7915965207631874 0.3808922558922559
1 0.6958473625140292 0.421226150392817 0.6937429854096521 0.4170173961840628 0.6926907968574635 0.4149130190796857 0.6912878787878788 0.41175645342312006 0.6902356902356902 0.40719696969696967 0.6891835016835016 0.40088383838383834 0.6888327721661054 0.39421997755331084 0.6888327721661054 0.38930976430976433 0.6891835016835016 0.382996632996633 0.6912878787878788 0.3777356902356902 0.6940937149270482 0.373526936026936 0.6968995510662176 0.3707210998877665 0.7007575757575757 0.36861672278338947 0.7039141414141414 0.36791526374859707 0.7112794612794613 0.36791526374859707 0.7175925925925924 0.36861672278338947 0.7221520763187429 0.3700196408529742 0.7274130190796857 0.3731762065095398 0.7323232323232323 0.3763327721661055 0.7358305274971941 0.3794893378226711 0.7400392817059483 0.3843995510662177 0.7442480359147026 0.3896604938271605 0.7484567901234568 0.3956228956228956 0.7505611672278338 0.40088383838383834 0.752665544332211 0.40649551066217726 0.7530162738496071 0.4128086419753086 0.752665544332211 0.4198232323232323 0.7512626262626262 0.4257856341189674 0.7498597081930415 0.4317480359147025 0.7474046015712682 0.43735970819304154 0.7453002244668911 0.4391133557800224 0.7410914702581369 0.4391133557800224 0.7354797979797979 0.4391133557800224 0.729868125701459 0.4391133557800224 0.7235549943883277 0.43876262626262624 0.7182940516273849 0.43806116722783384 0.714786756453423 0.43735970819304154 0.7105780022446688 0.43560606060606055 0.7074214365881032 0.43420314253647585 0.7039141414141414 0.43139730639730633 0.7007575757575757 0.42859147025813693 0.6983024691358024 0.4261363636363636
1 0.6179854096520763 0.5113636363636364 0.6242985409652076 0.501192480359147 0.6285072951739619 0.49698372615039277 0.6323653198653199 0.4931257014590348 0.6365740740740741 0.4899691358024691 0.6407828282828283 0.48716329966329963 0.64429012345679 0.48435746352413017 0.6488496071829405 0.4812008978675645 0.6544612794612795 0.47944725028058355 0.6614758698092031 0.47804433221099885 0.676557239057239 0.47593995510662174 0.6825196408529741 0.4762906846240179 0.6874298540965208 0.47769360269360267 0.6919893378226711 0.48014870931537595 0.695496632996633 0.4833052749719416 0.6979517396184062 0.487864758698092 0.6990039281705948 0.4920735129068462 0.6990039281705948 0.49698372615039277 0.699354657687991 0.5029461279461279 0.6997053872053872 0.5078563411896745 0.6986531986531986 0.5127665544332211 0.6965488215488215 0.5173260381593715 0.6933922558922558 0.5218855218855218 0.6888327721661054 0.5267957351290684 0.684273288439955 0.5310044893378226 0.6793630751964085 0.5352132435465768 0.6758557800224466 0.5380190796857464 0.6691919191919191 0.5418771043771043 0.6621773288439955 0.5446829405162739 0.6562149270482603 0.547138047138047 0.6513047138047138 0.5481902356902356 0.6456930415263749 0.5492424242424242 0.6393799102132435 0.5492424242424242 0.6323653198653199 0.5488916947250281 0.6274551066217733 0.5474887766554433 0.621141975308642 0.5443322109988776 0.6169332210998878 0.5404741863075196 0.6141273849607182 0.535563973063973 0.6130751964085298 0.5281986531986532 0.6134259259259258 0.5204826038159371 0.6151795735129068 0.5152216610549943
1 0.7253086419753086 0.5120650953984287 0.7253086419753086 0.5061026936026936 0.7263608305274971 0.5004910213243546 0.7291666666666666 0.4941778900112233 0.7330246913580247 0.4875140291806958 0.7368827160493827 0.4819023569023569 0.7410914702581369 0.478395061728395 0.7456509539842873 0.47593995510662174 0.7516133557800224 0.47523849607182933 0.7596801346801346 0.47558922558922556 0.7652918069584735 0.47769360269360267 0.7702020202020202 0.4797979797979798 0.7747615039281706 0.48295454545454547 0.779320987654321 0.487864758698092 0.783179012345679 0.49347643097643096 0.7863355780022446 0.4994388327721661 0.7873877665544332 0.5054012345679012 0.7877384960718294 0.5124158249158248 0.7866863075196409 0.5183782267115601 0.7856341189674523 0.5236391694725028 0.7842312008978675 0.5285493827160493 0.7824775533108866 0.5334595959595959 0.7779180695847362 0.5394219977553311 0.7723063973063973 0.543280022446689 0.7663439955106621 0.5439814814814814 0.7586279461279462 0.5443322109988776 0.7519640852974185 0.5443322109988776 0.7491582491582491 0.5439814814814814 0.7449494949494949 0.5418771043771043 0.7389870931537598 0.5380190796857464 0.7354797979797979 0.5338103254769921 0.7319725028058361 0.5292508417508417 0.729868125701459 0.5243406285072951 0.7274130190796857 0.5194304152637486
1 0.870861391694725 0.4608585858585858 0.8715628507295173 0.4703282828282828 0.8715628507295173 0.47523849607182933 0.8698092031425364 0.47944725028058355 0.8670033670033669 0.4833052749719416 0.8645482603815936 0.4864618406285073 0.8613916947250281 0.4906705948372615 0.8582351290684624 0.4938271604938271 0.8550785634118967 0.4962822671156004 0.8515712682379348 0.4980359147025813 0.8473625140291806 0.4983866442199775 0.8399971941638608 0.4976851851851852 0.8333333333333334 0.49558080808080807 0.8277216610549943 0.4924242424242424 0.8217592592592592 0.4875140291806958 0.8171997755331087 0.48260381593714924 0.8133417508417508 0.47664141414141414 0.8108866442199775 0.46997755331088664 0.8098344556677889 0.4619107744107744 0.8094837261503928 0.4541947250280583 0.8098344556677889 0.4471801346801347 0.8122895622895623 0.44086700336700335 0.8157968574635241 0.4349046015712682 0.8189534231200898 0.43139730639730633 0.8238636363636364 0.4282407407407407 0.8284231200897867 0.426837822671156 0.8340347923681256 0.4257856341189674 0.8385942760942761 0.4257856341189674 0.844205948372615 0.426837822671156 0.8491161616161615 0.4289421997755331 0.8547278338945005 0.4317480359147025 0.8592873176206509 0.4349046015712682 0.8627946127946127 0.43841189674523007 0.8652497194163861 0.44262065095398423 0.8677048260381592 0.44753086419753085 0.8694584736251403 0.4538439955106622
1 0.4664702581369248 0.4506874298540965 0.46997755331088664 0.4482323232323232 0.47453703703703703 0.4457772166105499 0.47874579124579125 0.444023569023569 0.48470819304152635 0.44332210998877664 0.4927749719416386 0.44297138047138046 0.4983866442199775 0.44297138047138046 0.5022446689113356 0.44437429854096516 0.5057519640852974 0.4471801346801347 0.5089085297418631 0.4513888888888889 0.5106621773288439 0.45770202020202017 0.5113636363636364 0.4640151515151515 0.5117143658810325 0.470679012345679 0.5099607182940517 0.47769360269360267 0.5078563411896745 0.48225308641975306 0.5043490460157126 0.4875140291806958 0.5008417508417508 0.4927749719416386 0.4959315375982042 0.4976851851851852 0.4899691358024691 0.5018939393939393 0.48611111111111105 0.5036475869809203 0.4819023569023569 0.505050505050505 0.4769921436588103 0.505050505050505 0.4724326599326599 0.5032968574635241 0.4654180695847362 0.4990881032547699 0.46120931537598203 0.4966329966329966 0.4570005611672278 0.4931257014590348 0.4531425364758698 0.48891694725028056 0.4506874298540965 0.48470819304152635 0.4492845117845118 0.47944725028058355 0.4482323232323232 0.47383557800224463 0.4492845117845118 0.46892536475869806 0.4513888888888889 0.4640151515151515 0.4538439955106622 0.4605078563411896 0.4580527497194164 0.4566498316498316 0.4622615039281706 0.4531425364758698
1 0.4910213243546577 0.3794893378226711 0.4885662177328844 0.3900112233445566 0.48716329966329963 0.39421997755331084 0.48470819304152635 0.39948092031425364 0.4819023569023569 0.4047418630751964 0.47944725028058355 0.40824915824915825 0.4762906846240179 0.41210718294051624 0.4727833894500561 0.4156144781144781 0.4682239057239057 0.4194725028058361 0.4622615039281706 0.4222783389450056 0.4538439955106622 0.42543490460157124 0.4482323232323232 0.4264870931537598 0.44262065095398423 0.4264870931537598 0.43560606060606055 0.4264870931537598 0.42964365881032546 0.4257856341189674 0.4229797979797979 0.4236812570145903 0.41842031425364756 0.4215768799102132 0.41315937149270476 0.41842031425364756 0.4100028058361392 0.413510101010101 0.40859988776655437 0.4047418630751964 0.4089506172839506 0.39632435465768795 0.41210718294051624 0.38930976430976433 0.4156144781144781 0.3822951739618406 0.4194725028058361 0.3766835016835017 0.4240319865319865 0.3714225589225589 0.42964365881032546 0.3668630751964085 0.43560606060606055 0.364057239057239 0.4419191919191919 0.36125140291806956 0.45173961840628507 0.3584455667789001 0.4584034792368125 0.35669191919191917 0.46436588103254767 0.3559904601571268 0.46892536475869806 0.35563973063973064 0.47383557800224463 0.35563973063973064 0.4762906846240179 0.35669191919191917 0.47944725028058355 0.35809483726150393 0.4819023569023569 0.35914702581369246 0.48435746352413017 0.36090067340067333 0.48681257014590346 0.3633557800224467 0.48926767676767674 0.36651234567901236 0.4910213243546577 0.37037037037037035
1 0.523989898989899 0.2984708193041526 0.5232884399551065 0.29391133557800225 0.5229377104377104 0.28794893378226705 0.5267957351290684 0.2837401795735129 0.5310044893378226 0.28268799102132436 0.535563973063973 0.28303872053872053 0.541175645342312 0.28444163860830524 0.5457351290684624 0.28444163860830524 0.550645342312009 0.28444163860830524 0.5548540965207632 0.28479236812570147 0.5587121212121212 0.2868967452300785 0.5629208754208754 0.28970258136924804 0.5657267115600448 0.29285914702581367 0.5688832772166105 0.29671717171717166 0.5727413019079685 0.30197811447811446 0.5751964085297419 0.3061868686868687 0.5787037037037037 0.3114478114478114 0.5815095398428731 0.31565656565656564 0.5836139169472503 0.31986531986531985 0.5853675645342311 0.3247755331088664 0.5860690235690236 0.329685746352413 0.5867704826038159 0.3338945005611672 0.5867704826038159 0.3405583613916947 0.5867704826038159 0.3454685746352413 0.5867704826038159 0.35002805836139167 0.5860690235690236 0.35669191919191917 0.5839646464646465 0.36300505050505044 0.5811588103254769 0.36861672278338947 0.5769500561167227 0.37492985409652074 0.5727413019079685 0.37913860830527496 0.5674803591470258 0.3822951739618406 0.560465768799102 0.382996632996633 0.558361391694725 0.3819444444444444 0.5559062850729517 0.377384960718294 0.5538019079685746 0.3731762065095398 0.5523989898989898 0.3668630751964085 0.550645342312009 0.3633557800224467 0.5488916947250281 0.35914702581369246 0.547138047138047 0.35458754208754206 0.54503367003367 0.3496773288439955 0.543280022446689 0.3440656565656565 0.541175645342312 0.3384539842873176 0.5390712682379348 0.33319304152637486 0.5369668911335578 0.32898428731762064 0.5348625140291806 0.3247755331088664 0.531705948372615 0.3195145903479236 0.5285493827160493 0.3121492704826038 0.5260942760942761 0.3061868686868687
1 0.8056257014590347 0.2640993265993266 0.8014169472502805 0.26269640852974185 0.7972081930415263 0.25918911335578004 0.7940516273849607 0.2556818181818182 0.7912457912457912 0.2500701459034792 0.7898428731762065 0.24480920314253646 0.7898428731762065 0.23954826038159371 0.7898428731762065 0.23253367003367 0.7901936026936026 0.22551907968574633 0.7912457912457912 0.2202581369248036 0.7937008978675645 0.21394500561167226 0.7982603815937149 0.20763187429854094 0.8042227833894501 0.2023709315375982 0.8101851851851851 0.19816217732884397 0.8157968574635241 0.1957070707070707 0.8221099887766553 0.1936026936026936 0.8273709315375981 0.19255050505050506 0.8315796857463523 0.19255050505050506 0.8371913580246914 0.19395342312008976 0.842452300785634 0.1957070707070707 0.8470117845117844 0.19886363636363635 0.8505190796857462 0.2023709315375982 0.8529741863075196 0.20693041526374858 0.8543771043771042 0.2132435465768799 0.8550785634118967 0.22060886644219976 0.8550785634118967 0.2269219977553311 0.8543771043771042 0.2332351290684624 0.8529741863075196 0.23884680134680134 0.8512205387205386 0.24410774410774408 0.8494668911335578 0.24936868686868685 0.846310325476992 0.2546296296296296 0.8421015712682378 0.25953984287317616 0.8375420875420876 0.2633978675645342 0.8312289562289562 0.2658529741863075 0.8263187429854095 0.2658529741863075 0.8186026936026936 0.2658529741863075 0.811938832772166 0.2658529741863075
1 0.752665544332211 0.18343153759820424 0.7460016835016835 0.1760662177328844 0.743195847362514 0.17255892255892255 0.7403900112233445 0.16799943883277216 0.7375841750841751 0.16273849607182939 0.7358305274971941 0.15642536475869806 0.7347783389450055 0.14870931537598203 0.7347783389450055 0.14099326599326598 0.7354797979797979 0.1339786756453423 0.7382856341189673 0.12801627384960718 0.7421436588103254 0.1231060606060606 0.7474046015712682 0.11924803591470258 0.752665544332211 0.11609147025813692 0.7572250280583613 0.11503928170594838 0.7617845117845118 0.11468855218855217 0.7656425364758698 0.11574074074074073 0.7684483726150392 0.1185465768799102 0.7723063973063973 0.12205387205387204 0.7765151515151515 0.12591189674523007 0.7800224466891132 0.12976992143658808 0.7835297418630752 0.13327721661054995 0.7863355780022446 0.1360830527497194 0.7898428731762065 0.13923961840628507 0.7915965207631874 0.14239618406285073 0.7929994388327721 0.1473063973063973 0.7933501683501682 0.1518658810325477 0.7937008978675645 0.1560746352413019 0.7937008978675645 0.16098484848484848 0.7937008978675645 0.16659652076318743 0.7937008978675645 0.17220819304152635 0.7919472502805835 0.17711840628507294 0.789141414141414 0.18167789001122334 0.7856341189674523 0.18553591470258135 0.7814253647586981 0.18764029180695846 0.7779180695847362 0.1890432098765432 0.7730078563411896 0.1893939393939394 0.7670454545454545 0.1893939393939394 0.7621352413019079 0.18799102132435463 0.7568742985409652 0.18588664421997753
1 0.6428872053872053 0.22236251402918067 0.6358726150392816 0.21534792368125702 0.6334175084175084 0.2128928170594837 0.6306116722783389 0.2090347923681257 0.6274551066217733 0.20377384960718292 0.625 0.19851290684624018 0.6228956228956228 0.19255050505050506 0.6218434343434343 0.1865881032547699 0.621141975308642 0.18097643097643096 0.6207912457912458 0.17466329966329966 0.6207912457912458 0.1697530864197531 0.6207912457912458 0.16519360269360267 0.621492704826038 0.15993265993265993 0.6228956228956228 0.15467171717171715 0.625 0.1497615039281706 0.627104377104377 0.14555274971941637 0.6295594837261504 0.1427469135802469 0.6327160493827161 0.14134399551066218 0.6369248035914702 0.14029180695847362 0.642185746352413 0.13994107744107742 0.6467452300785633 0.14029180695847362 0.6506032547699213 0.14204545454545453 0.6541105499438833 0.14379910213243546 0.6579685746352413 0.1452020202020202 0.6611251402918069 0.14660493827160492 0.6642817059483725 0.14906004489337824 0.668841189674523 0.15256734006734005 0.6730499438832772 0.1557239057239057 0.6762065095398427 0.15923120089786755 0.6800645342312008 0.16379068462401794 0.6835718294051627 0.16835016835016833 0.6867283950617283 0.1739618406285073 0.688131313131313 0.17922278338945005 0.6895342312008979 0.18518518518518517 0.6909371492704826 0.1911475869809203 0.6912878787878788 0.1978114478114478 0.6912878787878788 0.20412457912457913 0.6905864197530864 0.21219135802469136 0.6895342312008979 0.21850448933782265 0.6877805836139169 0.22551907968574633 0.6846240179573512 0.2307800224466891 0.6800645342312008 0.23253367003367 0.6737514029180696 0.2332351290684624 0.6663860830527497 0.23253367003367 0.6625280583613917 0.23183221099887766 0.6579685746352413 0.23007856341189675 0.6537598204264871 0.22797418630751964 0.6484988776655443 0.22551907968574633
1 0.8133417508417508 0.10451739618406285 0.8101851851851851 0.10030864197530863 0.8063271604938271 0.08838383838383838 0.8059764309764309 0.08382435465768799 0.8056257014590347 0.07751122334455668 0.8059764309764309 0.07119809203142537 0.8070286195286195 0.0659371492704826 0.8094837261503928 0.060325476992143655 0.8122895622895623 0.057168911335578 0.8164983164983165 0.05366161616161615 0.8210578002244667 0.05155723905723906 0.8263187429854095 0.05085578002244669 0.8319304152637486 0.05120650953984287 0.8375420875420876 0.05331088664421998 0.842452300785634 0.056467452300785634 0.8487654320987654 0.061728395061728385 0.8543771043771042 0.06769079685746353 0.8582351290684624 0.07365319865319865 0.8599887766554433 0.07891414141414141 0.8613916947250281 0.08382435465768799 0.8613916947250281 0.0901374859708193 0.8613916947250281 0.09539842873176205 0.8592873176206509 0.09925645342312009 0.8571829405162739 0.10346520763187429 0.853675645342312 0.10837542087542086 0.8494668911335578 0.11293490460157127 0.8449074074074073 0.1164421997755331 0.8385942760942761 0.11924803591470258 0.8354377104377104 0.11924803591470258 0.83087822671156 0.1185465768799102 0.8266694725028058 0.11679292929292928 0.8224607182940515 0.11468855218855217
1 0.8627946127946127 0.1518658810325477 0.8589365881032547 0.13923961840628507 0.8589365881032547 0.13292648709315374 0.8599887766554433 0.12450897867564532 0.8620931537598204 0.11679292929292928 0.8652497194163861 0.11083052749719416 0.8680555555555555 0.10662177328843996 0.8712121212121211 0.10451739618406285 0.8743686868686869 0.10241301907968574 0.8785774410774411 0.10065937149270482 0.882435465768799 0.09995791245791245 0.8866442199775533 0.09960718294051626 0.8912037037037037 0.10101010101010101 0.8964646464646464 0.10346520763187429 0.9010241301907967 0.10767396184062851 0.9045314253647586 0.11293490460157127 0.9069865319865319 0.11749438832772166 0.9083894500561166 0.12240460157126823 0.909090909090909 0.12766554433221097 0.9094416386083052 0.1322250280583614 0.9094416386083052 0.13713524130190796 0.9087401795735128 0.14239618406285073 0.9076879910213244 0.1473063973063973 0.9059343434343433 0.1515151515151515 0.9031285072951739 0.15642536475869806 0.9003226711560044 0.15993265993265993 0.8971661054994388 0.16273849607182939 0.8922558922558922 0.1648428731762065 0.886293490460157 0.16554433221099887 0.8796296296296295 0.16554433221099887 0.8736672278338945 0.16343995510662176 0.8687570145903478 0.1602833894500561
1 0.9602974186307519 0.14555274971941637 0.9532828282828283 0.13888888888888887 0.9494248035914702 0.12871773288439953 0.9483726150392816 0.12485970819304153 0.9476711560044893 0.11889730639730639 0.9469696969696969 0.11363636363636362 0.9469696969696969 0.10802469135802469 0.947320426487093 0.10206228956228956 0.9494248035914702 0.09715207631874298 0.9529320987654321 0.09259259259259259 0.9574915824915825 0.09048821548821548 0.962401795735129 0.08943602693602694 0.9676627384960718 0.08908529741863075 0.971871492704826 0.08978675645342311 0.975729517396184 0.0922418630751964 0.9799382716049382 0.09504769921436587 0.9834455667789 0.09750280583613916 0.987303591470258 0.09995791245791245 0.9908108866442199 0.10311447811447812 0.9936167227833894 0.10697250280583613 0.9957210998877665 0.11188271604938271 0.996773288439955 0.11784511784511784 0.9971240179573512 0.12170314253647586 0.9978254769921436 0.12661335578002245 0.9978254769921436 0.1318742985409652 0.9974747474747474 0.1357323232323232 0.9964225589225588 0.14099326599326598 0.994668911335578 0.14555274971941637 0.9932659932659932 0.14906004489337824 0.9887065095398427 0.15467171717171715 0.9837962962962962 0.15677609427609426 0.979587542087542 0.15642536475869806 0.9743265993265993 0.15432098765432098 0.9690656565656565 0.1518658810325477 0.9655583613916947 0.14941077441077438
1 0.48085016835016836 0.1602833894500561 0.48085016835016836 0.1553731762065095 0.48155162738496066 0.14625420875420875 0.48435746352413017 0.14099326599326598 0.48716329966329963 0.13678451178451176 0.48891694725028056 0.13257575757575757 0.4906705948372615 0.12906846240179573 0.4941778900112233 0.1255611672278339 0.497334455667789 0.12275533108866442 0.5004910213243546 0.12065095398428731 0.5029461279461279 0.11924803591470258 0.5061026936026936 0.11819584736251403 0.5103114478114478 0.11749438832772166 0.5152216610549943 0.11714365881032547 0.5183782267115601 0.11749438832772166 0.5222362514029181 0.12030022446689112 0.5253928170594837 0.12380751964085297 0.5292508417508417 0.1294191919191919 0.5327581369248036 0.13468013468013465 0.535563973063973 0.14099326599326598 0.5376683501683501 0.14625420875420875 0.5390712682379348 0.1501122334455668 0.5415263748597082 0.1553731762065095 0.5422278338945006 0.15958193041526372 0.5425785634118967 0.16379068462401794 0.5425785634118967 0.1697530864197531 0.5415263748597082 0.1760662177328844 0.5401234567901234 0.18062570145903478 0.5383698092031425 0.18553591470258135 0.5362654320987654 0.1907968574635241 0.5320566778900112 0.19605780022446687 0.5289001122334456 0.19956509539842873 0.5250420875420875 0.2016694725028058 0.5218855218855218 0.20202020202020202 0.5152216610549943 0.20096801346801346 0.5089085297418631 0.19921436588103253 0.5039983164983165 0.19710998877665542 0.49558080808080807 0.1907968574635241 0.4875140291806958 0.17922278338945005 0.4850589225589225 0.1739618406285073 0.48260381593714924 0.1697530864197531 0.4812008978675645 0.16519360269360267
1 0.4229797979797979 0.22972783389450055 0.4166666666666667 0.23779461279461278 0.41210718294051624 0.24095117845117844 0.40824915824915825 0.2437570145903479 0.40228675645342304 0.2465628507295174 0.3966750841750841 0.2486672278338945 0.39071268237934903 0.2504208754208754 0.3865039281705948 0.25147306397306396 0.3819444444444444 0.25182379349046013 0.37703423120089785 0.25147306397306396 0.3714225589225589 0.2486672278338945 0.3668630751964085 0.24551066217732884 0.36370650953984285 0.2398989898989899 0.36160213243546574 0.23183221099887766 0.36125140291806956 0.2241161616161616 0.36160213243546574 0.21569865319865317 0.3633557800224467 0.20833333333333334 0.36510942760942755 0.2016694725028058 0.3668630751964085 0.1950056116722783 0.36931818181818177 0.18799102132435463 0.3721240179573513 0.18237934904601572 0.3756313131313131 0.17852132435465767 0.37913860830527496 0.1760662177328844 0.3822951739618406 0.17466329966329966 0.3858024691358024 0.17290965207631875 0.38930976430976433 0.171506734006734 0.39211560044893373 0.17080527497194165 0.39632435465768795 0.1697530864197531 0.4012345679012345 0.16870089786756454 0.40544332210998874 0.16764870931537598 0.4093013468013468 0.16659652076318743 0.4145622895622896 0.16589506172839505 0.4194725028058361 0.16589506172839505 0.4229797979797979 0.16764870931537598 0.42543490460157124 0.17080527497194165 0.4282407407407407 0.175364758698092 0.43069584736251404 0.17957351290684623 0.43350168350168344 0.18483445566778897 0.43595679012345673 0.1907968574635241 0.43665824915824913 0.19605780022446687 0.43630751964085296 0.20061728395061726 0.4349046015712682 0.2044753086419753 0.43420314253647585 0.20833333333333334 0.4331509539842873 0.2128928170594837 0.4317480359147025 0.21675084175084172 0.42999438832772163 0.22095959595959594 0.4271885521885521 0.22481762065095398
1 0.39913019079685746 0.2795314253647587 0.4012345679012345 0.2728675645342312 0.4047418630751964 0.2676066217732884 0.40965207631874295 0.26164421997755327 0.41526374859708187 0.25743546576879905 0.421226150392817 0.2546296296296296 0.42753928170594835 0.2525252525252525 0.434553872053872 0.25147306397306396 0.4391133557800224 0.2507716049382716 0.44542648709315374 0.2507716049382716 0.4520903479236812 0.2511223344556678 0.4562991021324354 0.2521745230078563 0.46120931537598203 0.2532267115600449 0.4654180695847362 0.2549803591470258 0.4703282828282828 0.25743546576879905 0.47348484848484845 0.25953984287317616 0.47664141414141414 0.26304713804713803 0.47769360269360267 0.26690516273849607 0.47769360269360267 0.272516835016835 0.47734287317620644 0.2767255892255892 0.4748877665544332 0.28268799102132436 0.4717312008978675 0.2875982042648709 0.4685746352413019 0.29075476992143656 0.4633136924803591 0.2935606060606061 0.4580527497194164 0.2956649831649832 0.45244107744107737 0.2970679012345679 0.44682940516273845 0.29776936026936024 0.44297138047138046 0.2984708193041526 0.44086700336700335 0.29882154882154877 0.43841189674523007 0.299172278338945 0.43525533108866443 0.2995230078563412 0.4317480359147025 0.3002244668911336 0.426837822671156 0.3012766554433221 0.4219276094276094 0.30197811447811446 0.417368125701459 0.3026795735129068 0.4128086419753086 0.3026795735129068 0.40859988776655437 0.3023288439955107 0.40509259259259256 0.3005751964085297 0.40088383838383834 0.2970679012345679 0.39842873176206506 0.29285914702581367 0.3977272727272727 0.28794893378226705
1 0.364057239057239 0.14309764309764308 0.35809483726150393 0.1385381593714927 0.35353535353535354 0.1339786756453423 0.3489758698092031 0.12906846240179573 0.3479236812570146 0.1273148148148148 0.34617003367003363 0.12380751964085297 0.3458193041526375 0.11959876543209876 0.3472222222222222 0.11539001122334455 0.3496773288439955 0.11047979797979797 0.35283389450056113 0.10592031425364758 0.35704264870931535 0.10065937149270482 0.3598484848484848 0.09785353535353535 0.36510942760942755 0.0964506172839506 0.3721240179573513 0.09574915824915825 0.3766835016835017 0.09574915824915825 0.38054152637485966 0.09715207631874298 0.3851010101010101 0.09855499438832771 0.3886083052749719 0.10065937149270482 0.3917648709315376 0.10276374859708191 0.3956228956228956 0.1055695847362514 0.40018237934904594 0.1097783389450056 0.40404040404040403 0.11363636363636362 0.40579405162738497 0.11784511784511784 0.40544332210998874 0.12205387205387204 0.40404040404040403 0.12661335578002245 0.40228675645342304 0.13117283950617284 0.39913019079685746 0.1378367003367003 0.3959736251402918 0.1427469135802469 0.3938692480359147 0.14555274971941637 0.3900112233445566 0.14800785634118968 0.38615319865319864 0.14835858585858583 0.38124298540965207 0.14835858585858583 0.3763327721661055 0.14765712682379348 0.3707210998877665 0.14625420875420875
1 0.3815937149270482 0.06628787878787878 0.36826599326599324 0.05892255892255892 0.3633557800224467 0.05576599326599326 0.35914702581369246 0.051907968574635234 0.35704264870931535 0.04945286195286195 0.35493827160493824 0.04524410774410774 0.35458754208754206 0.04103535353535353 0.35493827160493824 0.03472222222222222 0.356341189674523 0.028759820426487094 0.35809483726150393 0.0242003367003367 0.36090067340067333 0.021394500561167224 0.3633557800224467 0.018939393939393936 0.36721380471380466 0.01683501683501683 0.37177328843995505 0.014029180695847361 0.37703423120089785 0.011574074074074073 0.38054152637485966 0.009820426487093154 0.3865039281705948 0.008066778900112233 0.3938692480359147 0.0070145903479236806 0.39948092031425364 0.006663860830527497 0.40544332210998874 0.006313131313131313 0.40965207631874295 0.0070145903479236806 0.41386083052749717 0.009469696969696968 0.4180695847362514 0.012626262626262626 0.421226150392817 0.01648428731762065 0.4243827160493827 0.021394500561167224 0.4264870931537598 0.025953984287317617 0.4282407407407407 0.03156565656565656 0.42859147025813693 0.036125140291806954 0.42753928170594835 0.0417368125701459 0.4261363636363636 0.04594556677890011 0.4247334455667789 0.04945286195286195 0.42333052749719413 0.05225869809203142 0.42052469135802467 0.057168911335578 0.4166666666666667 0.06137766554433221 0.41245791245791247 0.06383277216610549 0.40754769921436584 0.06523569023569023 0.40298821548821545 0.0659371492704826 0.3980780022446689 0.06663860830527497 0.39281705948372614 0.06734006734006732 0.3875561167227834 0.06734006734006732
1 0.5523989898989898 0.09083894500561167 0.547138047138047 0.08312289562289561 0.5457351290684624 0.08066778900112233 0.5443322109988776 0.07716049382716049 0.5429292929292928 0.07365319865319865 0.541175645342312 0.06909371492704826 0.5401234567901234 0.06488496071829404 0.5394219977553311 0.06067620650953984 0.5390712682379348 0.057168911335578 0.5394219977553311 0.05296015712682379 0.541175645342312 0.0484006734006734 0.5439814814814814 0.04349046015712683 0.5485409652076318 0.040684624017957347 0.5531004489337822 0.03998316498316498 0.5590628507295174 0.040333894500561164 0.5639730639730639 0.04138608305274972 0.5681818181818181 0.04349046015712683 0.5720398428731761 0.04559483726150393 0.5748456790123456 0.04699775533108866 0.5783529741863075 0.04910213243546577 0.5818602693602694 0.05225869809203142 0.585016835016835 0.056467452300785634 0.5874719416386083 0.061728395061728385 0.5895763187429853 0.06698933782267115 0.5913299663299664 0.0726010101010101 0.5920314253647587 0.07786195286195285 0.5920314253647587 0.08171997755331088 0.5916806958473625 0.08663019079685745 0.5902777777777778 0.08978675645342311 0.5885241301907967 0.0922418630751964 0.5857182940516273 0.09574915824915825 0.5825617283950617 0.0989057239057239 0.5797558922558923 0.10101010101010101 0.5773007856341189 0.10206228956228956 0.5748456790123456 0.10206228956228956 0.5734427609427609 0.10206228956228956 0.5706369248035915 0.10065937149270482 0.5674803591470258 0.09855499438832771 0.5629208754208754 0.09609988776655443 0.5580106621773289 0.09364478114478114
1 0.6039562289562289 0.03191638608305274 0.5958894500561167 0.022797418630751964 0.5937850729517395 0.019290123456790122 0.5920314253647587 0.01473063973063973 0.5906285072951739 0.01052188552188552 0.5892255892255892 0.0014029180695847362 0.6460437710437711 0.0007014590347923681 0.6470959595959596 0.005611672278338945 0.6477974186307519 0.010872615039281707 0.6488496071829405 0.015432098765432096 0.6488496071829405 0.01999158249158249 0.6484988776655443 0.025603254769921435 0.6470959595959596 0.030162738496071827 0.6453423120089786 0.03472222222222222 0.6425364758698091 0.03893097643097643 0.6400813692480358 0.0417368125701459 0.6355218855218855 0.04349046015712683 0.6299102132435465 0.04419191919191919 0.6257014590347922 0.04419191919191919 0.6204405162738496 0.04243827160493827 0.6127244668911336 0.03963243546576879 0.6088664421997756 0.03717732884399551
1 0.7242564534231201 0.04243827160493827 0.7161896745230079 0.04138608305274972 0.7112794612794613 0.03998316498316498 0.7070707070707071 0.038580246913580245 0.7025112233445566 0.03647586980920314 0.6997053872053872 0.03402076318742985 0.6961980920314254 0.02946127946127946 0.6947951739618407 0.026304713804713806 0.6944444444444444 0.02244668911335578 0.6947951739618407 0.01718574635241302 0.6965488215488215 0.012626262626262626 0.6979517396184062 0.007716049382716048 0.6983024691358024 0.00526094276094276 0.7007575757575757 0.0014029180695847362 0.7445987654320987 0.00035072951739618404 0.7488075196408529 0.00526094276094276 0.7505611672278338 0.009469696969696968 0.7516133557800224 0.012626262626262626 0.7523148148148148 0.015081369248035914 0.752665544332211 0.018588664421997754 0.7512626262626262 0.022797418630751964 0.7491582491582491 0.028058361391694722 0.7481060606060606 0.031214927048260382 0.7467031425364757 0.03402076318742985 0.7453002244668911 0.03542368125701459 0.7428451178451178 0.03787878787878787 0.7400392817059483 0.03963243546576879 0.7365319865319865 0.04103535353535353 0.7330246913580247 0.0417368125701459
1 0.9196127946127945 0.2721661054994388 0.9234708193041526 0.26480078563411896 0.9252244668911335 0.2633978675645342 0.9276795735129068 0.26269640852974185 0.9308361391694724 0.26304713804713803 0.9346941638608305 0.2640993265993266 0.9389029180695847 0.26515151515151514 0.9427609427609427 0.26690516273849607 0.9459175084175083 0.268658810325477 0.9494248035914702 0.2707631874298541 0.9529320987654321 0.2742704826038159 0.9557379349046015 0.27777777777777773 0.9574915824915825 0.28163580246913583 0.958543771043771 0.28619528619528617 0.9588945005611671 0.28970258136924804 0.9588945005611671 0.29320987654320985 0.9588945005611671 0.2970679012345679 0.9588945005611671 0.3012766554433221 0.9578423120089786 0.30408249158249157 0.95679012345679 0.306888327721661 0.9546857463524129 0.3103956228956229 0.9522306397306397 0.3139029180695847 0.9497755331088664 0.31705948372615034 0.9476711560044893 0.3195145903479236 0.9455667789001122 0.32091750841750843 0.9403058361391694 0.3226711560044893 0.9360970819304152 0.3226711560044893 0.9304854096520763 0.31986531986531985 0.9248737373737373 0.3146043771043771 0.9220679012345678 0.3100448933782267 0.9196127946127945 0.3044332210998878 0.9164562289562289 0.29741863075196406 0.9154040404040403 0.2925084175084175 0.9150533108866442 0.2875982042648709 0.9154040404040403 0.2837401795735129
1 0.9399551066217733 0.5338103254769921 0.9360970819304152 0.5264450056116723 0.9353956228956228 0.523989898989899 0.9346941638608305 0.5201318742985409 0.9346941638608305 0.5152216610549943 0.9353956228956228 0.5103114478114478 0.9371492704826038 0.505050505050505 0.9392536475869808 0.501192480359147 0.9424102132435465 0.4976851851851852 0.9466189674523007 0.4952300785634119 0.9522306397306397 0.4931257014590348 0.9571408529741863 0.4927749719416386 0.9617003367003367 0.4931257014590348 0.9659090909090909 0.4938271604938271 0.970117845117845 0.4952300785634119 0.9746773288439955 0.4962822671156004 0.9781846240179574 0.4980359147025813 0.9823933782267116 0.4997895622895623 0.9859006734006733 0.5015432098765432 0.9887065095398427 0.5036475869809203 0.9915123456790123 0.5057519640852974 0.9939674523007855 0.5082070707070706 0.996773288439955 0.5103114478114478 0.9989583333333333 0.5127696233164983 0.9989583333333333 0.5636223344556677 0.9915123456790123 0.5664281705948373 0.9880050505050504 0.5667789001122334 0.985199214365881 0.5667789001122334 0.9802890011223344 0.5664281705948373 0.9764309764309763 0.5660774410774411 0.9732744107744107 0.5657267115600448 0.9697671156004489 0.5646745230078563 0.9666105499438832 0.5639730639730639 0.9631032547699213 0.5629208754208754 0.958543771043771 0.5615179573512906 0.9560886644219977 0.5601150392817059 0.9536335578002244 0.558361391694725 0.9515291806958472 0.5555555555555555 0.9487233445566778 0.5520482603815936 0.9466189674523007 0.5481902356902356 0.9441638608305275 0.5436307519640853 0.9427609427609427 0.5390712682379348
1 0.7488075196408529 0.6067620650953984 0.7561728395061728 0.5941358024691358 0.7593294051627384 0.5899270482603816 0.7635381593714926 0.5864197530864197 0.7677469135802468 0.5829124579124579 0.771955667789001 0.5808080808080808 0.7761644219977553 0.5787037037037037 0.7807239057239056 0.5776515151515151 0.7866863075196409 0.5773007856341189 0.7908950617283951 0.5776515151515151 0.7954545454545454 0.5797558922558923 0.7996632996632996 0.5822109988776655 0.8035213243546576 0.5853675645342311 0.8066778900112233 0.5881734006734007 0.8087822671156003 0.5920314253647587 0.8101851851851851 0.596590909090909 0.8108866442199775 0.6025533108866442 0.8108866442199775 0.6095679012345678 0.8094837261503928 0.6151795735129068 0.8073793490460157 0.6207912457912458 0.8042227833894501 0.6253507295173962 0.8010662177328843 0.628858024691358 0.7961560044893378 0.6330667789001122 0.7901936026936026 0.6369248035914702 0.7842312008978675 0.6400813692480358 0.7800224466891132 0.6411335578002244 0.7730078563411896 0.6418350168350169 0.7670454545454545 0.6414842873176206 0.7607323232323232 0.6397306397306397 0.7544191919191919 0.6369248035914702 0.7512626262626262 0.6341189674523007 0.7495089786756454 0.6313131313131313 0.7481060606060606 0.6264029180695847 0.7477553310886643 0.621141975308642 0.7477553310886643 0.6162317620650953
1 0.7905443322109988 0.7246071829405163 0.7842312008978675 0.714786756453423 0.7828282828282828 0.7105780022446688 0.7814253647586981 0.705317059483726 0.7803731762065095 0.7011083052749718 0.7803731762065095 0.6940937149270482 0.7810746352413018 0.6863776655443322 0.783179012345679 0.6793630751964085 0.7863355780022446 0.6730499438832772 0.7894921436588103 0.6681397306397305 0.7933501683501682 0.6642817059483725 0.798611111111111 0.6614758698092031 0.8042227833894501 0.6597222222222221 0.8091329966329965 0.659371492704826 0.8154461279461279 0.6607744107744107 0.8200056116722784 0.6628787878787878 0.8242143658810325 0.6646324354657688 0.8319304152637486 0.6709455667789002 0.8396464646464646 0.6762065095398427 0.8435044893378226 0.6807659932659932 0.8459595959595958 0.6839225589225588 0.8477132435465768 0.6867283950617283 0.8505190796857462 0.6902356902356902 0.8522727272727272 0.6937429854096521 0.853675645342312 0.69760101010101 0.8554292929292928 0.7025112233445566 0.8571829405162739 0.7088243546576879 0.8578843995510662 0.7140852974186307 0.8582351290684624 0.7189955106621773 0.8582351290684624 0.7235549943883277 0.8582351290684624 0.7284652076318743 0.8582351290684624 0.7333754208754208 0.8571829405162739 0.7372334455667789 0.8561307519640853 0.7400392817059483 0.8519219977553311 0.7435465768799101 0.8452581369248036 0.747053872053872 0.8410493827160493 0.7488075196408529 0.8375420875420876 0.7502104377104377 0.8329826038159371 0.7512626262626262 0.8266694725028058 0.7516133557800224 0.8221099887766553 0.7502104377104377 0.8150953984287317 0.7467031425364757 0.8098344556677889 0.7442480359147026 0.8063271604938271 0.741442199775533 0.8031705948372615 0.7382856341189673 0.7993125701459035 0.7344276094276093 0.7954545454545454 0.7309203142536476
1 0.606060606060606 0.6926907968574635 0.5972923681257014 0.6856762065095398 0.5930836139169472 0.6818181818181818 0.5895763187429853 0.6790123456790124 0.5878226711560045 0.6762065095398427 0.5871212121212122 0.6712962962962963 0.5874719416386083 0.6667368125701459 0.5895763187429853 0.6625280583613917 0.5934343434343433 0.6565656565656565 0.5972923681257014 0.6530583613916947 0.6029040404040403 0.6495510662177328 0.6095679012345678 0.6460437710437711 0.6169332210998878 0.64429012345679 0.6225448933782266 0.6435886644219977 0.628858024691358 0.6435886644219977 0.6334175084175084 0.6435886644219977 0.6383277216610549 0.6439393939393939 0.6425364758698091 0.6453423120089786 0.6477974186307519 0.6481481481481481 0.6523569023569024 0.6513047138047138 0.6569163860830527 0.6544612794612795 0.6604236812570146 0.6572671156004489 0.6639309764309763 0.6600729517396183 0.6674382716049382 0.6642817059483725 0.6702441077441077 0.668841189674523 0.672699214365881 0.6737514029180696 0.6741021324354658 0.6786616161616161 0.6741021324354658 0.6828703703703703 0.6730499438832772 0.6870791245791246 0.6691919191919191 0.6902356902356902 0.6649831649831649 0.6923400673400673 0.6614758698092031 0.6944444444444444 0.6572671156004489 0.6965488215488215 0.6527076318742985 0.6983024691358024 0.6460437710437711 0.6997053872053872 0.6400813692480358 0.7007575757575757 0.6341189674523007 0.7021604938271604 0.6295594837261504 0.7021604938271604 0.6260521885521885 0.7018097643097643 0.621492704826038 0.7004068462401796 0.6165824915824916 0.6986531986531986 0.6113215488215488 0.6961980920314254
1 0.6909371492704826 0.7593294051627384 0.6877805836139169 0.7498597081930415 0.6870791245791246 0.7449494949494949 0.6870791245791246 0.7386363636363635 0.6877805836139169 0.733726150392817 0.6895342312008979 0.7277637485970819 0.6923400673400673 0.7221520763187429 0.695496632996633 0.7182940516273849 0.6986531986531986 0.7161896745230079 0.7028619528619529 0.714786756453423 0.7077721661054994 0.714786756453423 0.7133838383838383 0.7161896745230079 0.7172418630751963 0.7175925925925924 0.7218013468013467 0.7193462401795735 0.7249579124579124 0.7214506172839505 0.7295173961840629 0.7242564534231201 0.733726150392817 0.7270622895622895 0.7365319865319865 0.7291666666666666 0.7393378226711559 0.7316217732884399 0.7417929292929293 0.7351290684624018 0.7442480359147026 0.7386363636363635 0.7467031425364757 0.7424943883277215 0.7488075196408529 0.7460016835016835 0.75091189674523 0.7502104377104377 0.752665544332211 0.7544191919191919 0.7540684624017957 0.7579264870931538 0.754769921436588 0.7631874298540964 0.7554713804713804 0.7702020202020202 0.7554713804713804 0.7789702581369248 0.75091189674523 0.785283389450056 0.7463524130190796 0.7866863075196409 0.743195847362514 0.7863355780022446 0.7396885521885521 0.7849326599326598 0.7361812570145904 0.7824775533108866 0.7309203142536476 0.7817760942760942 0.7256593714927048 0.7814253647586981 0.7207491582491582 0.7807239057239056 0.7161896745230079 0.7800224466891132 0.7140852974186307 0.7789702581369248 0.7095258136924802 0.7765151515151515 0.705317059483726 0.7747615039281706 0.7025112233445566 0.7730078563411896 0.6990039281705948 0.7702020202020202 0.695496632996633 0.765993265993266
1 0.8470117845117844 0.7849326599326598 0.85016835016835 0.7821268237934904 0.8529741863075196 0.7803731762065095 0.8568322109988776 0.779320987654321 0.8641975308641975 0.7779180695847362 0.8677048260381592 0.7772166105499438 0.8719135802469135 0.7765151515151515 0.8771745230078563 0.7761644219977553 0.8831369248035915 0.7768658810325476 0.8887485970819303 0.7789702581369248 0.8947109988776655 0.7814253647586981 0.8996212121212122 0.7845819304152637 0.9041806958473624 0.7873877665544332 0.9080387205387205 0.7894921436588103 0.9104938271604938 0.7908950617283951 0.914702581369248 0.7929994388327721 0.9175084175084174 0.7968574635241301 0.918560606060606 0.8007154882154881 0.9192620650953984 0.8042227833894501 0.9199635241301908 0.8087822671156003 0.920314253647587 0.8143939393939393 0.9189113355780022 0.8203563411896745 0.9157547699214366 0.8259680134680134 0.9122474747474747 0.8305274971941637 0.9087401795735128 0.8340347923681256 0.9062850729517395 0.8361391694725028 0.9024270482603816 0.8382435465768798 0.8964646464646464 0.8399971941638608 0.8922558922558922 0.8410493827160493 0.886293490460157 0.8410493827160493 0.8799803591470258 0.8410493827160493 0.8740179573512906 0.8399971941638608 0.8684062850729517 0.8392957351290684 0.863496071829405 0.8375420875420876 0.8571829405162739 0.834736251402918 0.8508698092031425 0.83087822671156 0.8431537598204264 0.8263187429854095 0.8396464646464646 0.8235129068462401 0.8350869809203142 0.8203563411896745 0.8315796857463523 0.8164983164983165 0.8298260381593714 0.811938832772166 0.8298260381593714 0.8052749719416386 0.8312289562289562 0.7989618406285073 0.8343855218855218 0.7947530864197531 0.8375420875420876 0.7912457912457912 0.842452300785634 0.7880892255892255
1 0.9154040404040403 0.7716049382716048 0.9115460157126823 0.764239618406285 0.9104938271604938 0.7607323232323232 0.9094416386083052 0.7568742985409652 0.909090909090909 0.7523148148148148 0.909090909090909 0.7474046015712682 0.9097923681257014 0.743195847362514 0.912948933782267 0.7386363636363635 0.9161054994388328 0.7354797979797979 0.9210157126823793 0.7333754208754208 0.9273288439955106 0.7333754208754208 0.9329405162738496 0.7344276094276093 0.9382014590347922 0.7365319865319865 0.9427609427609427 0.7389870931537598 0.947320426487093 0.7410914702581369 0.9508277216610549 0.743195847362514 0.9550364758698091 0.7460016835016835 0.9595959595959596 0.7491582491582491 0.9627525252525252 0.7519640852974185 0.9648569023569024 0.754769921436588 0.9666105499438832 0.7586279461279462 0.9683641975308641 0.764239618406285 0.9704685746352413 0.769851290684624 0.9722222222222221 0.7754629629629629 0.9732744107744107 0.7814253647586981 0.9743265993265993 0.789141414141414 0.9729236812570146 0.7940516273849607 0.970117845117845 0.7968574635241301 0.9659090909090909 0.7979096520763187 0.9592452300785633 0.7968574635241301 0.9518799102132435 0.7951038159371493 0.9441638608305275 0.7933501683501682 0.9385521885521885 0.7919472502805835 0.9353956228956228 0.7908950617283951 0.9311868686868686 0.7884399551066217 0.9276795735129068 0.7859848484848484 0.9238215488215488 0.7821268237934904 0.920314253647587 0.7782687991021324
1 0.6267536475869808 0.8305274971941637 0.6239478114478114 0.8291245791245792 0.6207912457912458 0.8259680134680134 0.6186868686868686 0.8231621773288439 0.6169332210998878 0.8193041526374859 0.6158810325476992 0.8140432098765431 0.6151795735129068 0.8077300785634118 0.615530303030303 0.802469135802469 0.6172839506172839 0.7975589225589225 0.6190375982042648 0.7933501683501682 0.6204405162738496 0.7901936026936026 0.6221941638608305 0.7866863075196409 0.6246492704826038 0.7824775533108866 0.627104377104377 0.779320987654321 0.6306116722783389 0.7751122334455668 0.6334175084175084 0.7716049382716048 0.6365740740740741 0.7691498316498316 0.6407828282828283 0.7670454545454545 0.6449915824915825 0.7656425364758698 0.6513047138047138 0.764239618406285 0.6565656565656565 0.7645903479236812 0.6604236812570146 0.7663439955106621 0.6639309764309763 0.7684483726150392 0.6681397306397305 0.771955667789001 0.6712962962962963 0.7751122334455668 0.6737514029180696 0.779671717171717 0.6751543209876544 0.7863355780022446 0.6758557800224466 0.7915965207631874 0.6758557800224466 0.7965067340067339 0.6751543209876544 0.8010662177328843 0.6734006734006733 0.8049242424242423 0.6719977553310886 0.8087822671156003 0.6698933782267116 0.811938832772166 0.6663860830527497 0.8157968574635241 0.6628787878787878 0.8189534231200898 0.6590207631874297 0.8217592592592592 0.6548120089786755 0.8249158249158249 0.6502525252525253 0.827020202020202 0.6449915824915825 0.8291245791245792 0.6383277216610549 0.83087822671156 0.6323653198653199 0.8319304152637486
1 0.4997895622895623 0.7495089786756454 0.501192480359147 0.7477553310886643 0.5068041526374859 0.7386363636363635 0.5096099887766554 0.7347783389450055 0.5131172839506173 0.7316217732884399 0.5162738496071829 0.7288159371492705 0.5201318742985409 0.7267115600448933 0.5260942760942761 0.7235549943883277 0.5310044893378226 0.7210998877665544 0.5359147025813692 0.7189955106621773 0.5425785634118967 0.7165404040404041 0.5481902356902356 0.7158389450056116 0.5541526374859708 0.7158389450056116 0.560465768799102 0.7165404040404041 0.5667789001122334 0.718644781144781 0.5720398428731761 0.7210998877665544 0.5769500561167227 0.7235549943883277 0.5822109988776655 0.7267115600448933 0.585016835016835 0.7302188552188551 0.5881734006734007 0.7365319865319865 0.5895763187429853 0.7421436588103254 0.5899270482603816 0.7463524130190796 0.5885241301907967 0.7523148148148148 0.5860690235690236 0.7572250280583613 0.5829124579124579 0.7621352413019079 0.5783529741863075 0.7670454545454545 0.5744949494949495 0.7705527497194163 0.5702861952861953 0.7740600448933782 0.5650252525252525 0.7772166105499438 0.560465768799102 0.7789702581369248 0.5531004489337822 0.7810746352413018 0.5446829405162739 0.7824775533108866 0.537317620650954 0.783179012345679 0.5320566778900112 0.783179012345679 0.5267957351290684 0.7828282828282828 0.5201318742985409 0.7814253647586981 0.5131172839506173 0.779320987654321 0.5075056116722784 0.7772166105499438 0.5029461279461279 0.7733585858585859 0.5001402918069584 0.7684483726150392 0.4983866442199775 0.7617845117845118 0.4980359147025813 0.7554713804713804
1 0.5215347923681256 0.821408529741863 0.5257435465768798 0.817550505050505 0.5303030303030303 0.8140432098765431 0.5366161616161615 0.8108866442199775 0.5425785634118967 0.8087822671156003 0.5488916947250281 0.8080808080808081 0.5531004489337822 0.8080808080808081 0.5590628507295174 0.8087822671156003 0.5639730639730639 0.8098344556677889 0.5692340067340067 0.811938832772166 0.573793490460157 0.8147446689113356 0.5783529741863075 0.8186026936026936 0.5822109988776655 0.8224607182940515 0.5853675645342311 0.8266694725028058 0.5881734006734007 0.8305274971941637 0.5906285072951739 0.8343855218855218 0.5923821548821547 0.8385942760942761 0.592732884399551 0.8445566778900112 0.592732884399551 0.849817620650954 0.592732884399551 0.8547278338945005 0.5909792368125701 0.8599887766554433 0.5881734006734007 0.8641975308641975 0.5853675645342311 0.8673540965207631 0.5811588103254769 0.8694584736251403 0.5769500561167227 0.870861391694725 0.5734427609427609 0.8712121212121211 0.5702861952861953 0.8712121212121211 0.5653759820426487 0.8715628507295173 0.5590628507295174 0.8719135802469135 0.554503367003367 0.8715628507295173 0.5499438832772167 0.870861391694725 0.5457351290684624 0.869107744107744 0.5408249158249158 0.8659511784511784 0.5376683501683501 0.863496071829405 0.5331088664421998 0.8603395061728395 0.5281986531986532 0.8561307519640853 0.5250420875420875 0.8526234567901234 0.5215347923681256 0.8473625140291806 0.5190796857463523 0.8431537598204264 0.5173260381593715 0.8375420875420876 0.5162738496071829 0.8315796857463523 0.516624579124579 0.8259680134680134 0.5180274971941639 0.8217592592592592
1 0.47558922558922556 0.9041806958473624 0.4724326599326599 0.8992704826038159 0.4696268237934904 0.8964646464646464 0.4675224466891133 0.8936588103254769 0.4657687991021324 0.8887485970819303 0.4654180695847362 0.8827861952861953 0.4654180695847362 0.8775252525252525 0.46682098765432095 0.8726150392817059 0.46892536475869806 0.8673540965207631 0.47102974186307517 0.8645482603815936 0.4748877665544332 0.8638468013468013 0.48085016835016836 0.863496071829405 0.4875140291806958 0.8631453423120089 0.4927749719416386 0.863496071829405 0.4990881032547699 0.8641975308641975 0.5057519640852974 0.8656004489337822 0.5106621773288439 0.8673540965207631 0.5152216610549943 0.8698092031425364 0.5194304152637486 0.8726150392817059 0.5236391694725028 0.8771745230078563 0.5264450056116723 0.882435465768799 0.5281986531986532 0.8890993265993266 0.5285493827160493 0.8947109988776655 0.5281986531986532 0.8999719416386083 0.5267957351290684 0.9059343434343433 0.5253928170594837 0.9101430976430975 0.5229377104377104 0.9136503928170594 0.5187289562289562 0.9154040404040403 0.514520202020202 0.916806958473625 0.5099607182940517 0.9175084175084174 0.5043490460157126 0.9175084175084174 0.49558080808080807 0.9150533108866442 0.4896184062850729 0.9125982042648708 0.4850589225589225 0.9101430976430975 0.4797979797979798 0.9069865319865319
1 0.9311868686868686 0.9532828282828283 0.9248737373737373 0.943462401795735 0.9224186307519641 0.9385521885521885 0.9199635241301908 0.9325897867564534 0.9192620650953984 0.9266273849607182 0.9192620650953984 0.9206649831649831 0.9199635241301908 0.9143518518518517 0.9213664421997755 0.9083894500561166 0.9234708193041526 0.9003226711560044 0.9266273849607182 0.8933080808080808 0.9304854096520763 0.8866442199775533 0.9346941638608305 0.8806818181818181 0.9385521885521885 0.8757716049382716 0.9427609427609427 0.872965768799102 0.9476711560044893 0.8705106621773289 0.9539842873176206 0.869107744107744 0.9595959595959596 0.869107744107744 0.9645061728395061 0.8712121212121211 0.9676627384960718 0.8743686868686869 0.9711700336700335 0.8782267115600448 0.9743265993265993 0.8820847362514029 0.9774831649831649 0.8866442199775533 0.979587542087542 0.8912037037037037 0.9820426487093153 0.8964646464646464 0.9841470258136924 0.9024270482603816 0.9862514029180696 0.9069865319865319 0.9876543209876542 0.9118967452300786 0.9883557800224466 0.9175084175084174 0.9887065095398427 0.9220679012345678 0.9883557800224466 0.9283810325476992 0.9866021324354658 0.933992704826038 0.9834455667789 0.9389029180695847 0.9799382716049382 0.943462401795735 0.9764309764309763 0.9476711560044893 0.9732744107744107 0.9522306397306397 0.9708193041526374 0.9571408529741863 0.9683641975308641 0.9609988776655443 0.9659090909090909 0.9641554433221099 0.9617003367003367 0.9669612794612793 0.95679012345679 0.9690656565656565 0.9508277216610549 0.9704685746352413 0.9441638608305275 0.9708193041526374 0.9399551066217733 0.9694163860830527 0.9371492704826038 0.9669612794612793 0.9350448933782266 0.9634539842873175 0.9332912457912457 0.9595959595959596
1 0.5103114478114478 0.9574915824915825 0.5152216610549943 0.9494248035914702 0.5176767676767676 0.9462682379349044 0.5211840628507295 0.943462401795735 0.5253928170594837 0.9424102132435465 0.5306537598204265 0.9406565656565656 0.535563973063973 0.939604377104377 0.5404741863075196 0.9399551066217733 0.5453843995510662 0.941358024691358 0.5495931537598204 0.943462401795735 0.5520482603815936 0.9455667789001122 0.5548540965207632 0.9490740740740741 0.5573092031425364 0.9532828282828283 0.5587121212121212 0.9595959595959596 0.5594135802469135 0.9676627384960718 0.5587121212121212 0.9722222222222221 0.5576599326599326 0.9774831649831649 0.5562570145903478 0.9827441077441077 0.5541526374859708 0.987303591470258 0.5516975308641975 0.9922138047138046 0.5485409652076318 0.996773288439955 0.5460858585858586 0.9988776655443322 0.5068041526374859 0.998526936026936 0.5046997755331089 0.992915263748597 0.5022446689113356 0.9887065095398427 0.5001402918069584 0.9837962962962962 0.4983866442199775 0.9788860830527497 0.4983866442199775 0.9736251402918069 0.4994388327721661 0.9687149270482603 0.5025953984287317 0.9638047138047138 0.5057519640852974 0.9602974186307519
1 0.22797418630751964 0.9311868686868686 0.2311307519640853 0.9273288439955106 0.23569023569023567 0.924172278338945 0.24024971941638606 0.9227693602693602 0.245861391694725 0.9220679012345678 0.2532267115600449 0.9224186307519641 0.2598905723905724 0.924172278338945 0.2655022446689113 0.9259259259259258 0.26971099887766553 0.9287317620650953 0.27391975308641975 0.9325897867564534 0.27847923681257014 0.9367985409652076 0.28268799102132436 0.9424102132435465 0.28654601571268234 0.9483726150392816 0.28970258136924804 0.9536335578002244 0.29285914702581367 0.9599466891133557 0.29531425364758696 0.9673120089786755 0.2970679012345679 0.9753787878787877 0.29812008978675647 0.9823933782267116 0.2984708193041526 0.9883557800224466 0.29882154882154877 0.9939674523007855 0.29882154882154877 0.9989583333333333 0.23604096520763188 0.9988776655443322 0.2311307519640853 0.9939674523007855 0.2269219977553311 0.9876543209876542 0.22376543209876543 0.9799382716049382 0.22166105499438832 0.9715207631874297 0.22131032547699211 0.9627525252525252 0.22131032547699211 0.9529320987654321 0.22306397306397305 0.9438131313131313 0.22446689113355778 0.9378507295173961
1 0.33529741863075196 0.8350869809203142 0.32512626262626265 0.8301767676767676 0.32021604938271603 0.8273709315375981 0.3139029180695847 0.8210578002244667 0.3082912457912458 0.8133417508417508 0.30408249158249157 0.8059764309764309 0.3009259259259259 0.7975589225589225 0.2995230078563412 0.7901936026936026 0.29882154882154877 0.7856341189674523 0.29882154882154877 0.7768658810325476 0.29882154882154877 0.7705527497194163 0.299172278338945 0.764239618406285 0.3009259259259259 0.7575757575757576 0.3037317620650954 0.754769921436588 0.3072390572390572 0.752665544332211 0.3128507295173961 0.7519640852974185 0.31916386083052745 0.7519640852974185 0.32512626262626265 0.7533670033670034 0.3314393939393939 0.7561728395061728 0.3370510662177329 0.7586279461279462 0.3419612794612794 0.7610830527497193 0.3465207631874298 0.7638888888888888 0.3514309764309764 0.7677469135802468 0.3552890011223344 0.7712542087542087 0.3584455667789001 0.775813692480359 0.36160213243546574 0.7814253647586981 0.364057239057239 0.7866863075196409 0.36616161616161613 0.7922979797979797 0.36826599326599324 0.7982603815937149 0.3700196408529742 0.8038720538720538 0.37037037037037035 0.8094837261503928 0.3707210998877665 0.8150953984287317 0.36966891133557794 0.8207070707070707 0.36791526374859707 0.827020202020202 0.36616161616161613 0.8312289562289562 0.3626543209876543 0.8357884399551065 0.3584455667789001 0.8385942760942761 0.3531846240179573 0.8399971941638608 0.3475729517396184 0.8392957351290684
1 0.17220819304152635 0.872965768799102 0.16589506172839505 0.8782267115600448 0.16098484848484848 0.8789281705948373 0.1560746352413019 0.8785774410774411 0.1501122334455668 0.8775252525252525 0.14555274971941637 0.8754208754208753 0.14169472502805835 0.8712121212121211 0.13818742985409652 0.8652497194163861 0.1357323232323232 0.8582351290684624 0.1336279461279461 0.8515712682379348 0.1322250280583614 0.8459595959595958 0.1322250280583614 0.8406986531986532 0.1318742985409652 0.8340347923681256 0.1318742985409652 0.8277216610549943 0.1322250280583614 0.8200056116722784 0.13327721661054995 0.8133417508417508 0.13503086419753085 0.8059764309764309 0.13713524130190796 0.7993125701459035 0.13994107744107742 0.7922979797979797 0.14450056116722781 0.7877384960718294 0.1497615039281706 0.7845819304152637 0.1553731762065095 0.7828282828282828 0.16063411896745228 0.7821268237934904 0.16764870931537598 0.7824775533108866 0.1732603815937149 0.7838804713804712 0.17746913580246912 0.787037037037037 0.18132716049382716 0.7919472502805835 0.18518518518518517 0.7972081930415263 0.18834175084175084 0.802469135802469 0.1911475869809203 0.8073793490460157 0.1936026936026936 0.8129910213243545 0.1950056116722783 0.8193041526374859 0.19535634118967452 0.8259680134680134 0.1950056116722783 0.8315796857463523 0.1936026936026936 0.8389450056116722 0.19219977553310885 0.8445566778900112 0.1907968574635241 0.849817620650954 0.1890432098765432 0.8547278338945005 0.18693883277216608 0.8585858585858585 0.18343153759820424 0.8631453423120089 0.1802749719416386 0.8670033670033669
1 0.01823793490460157 0.8768237934904601 0.029812008978675645 0.8810325476992144 0.03472222222222222 0.8845398428731761 0.03893097643097643 0.8883978675645341 0.04313973063973064 0.8950617283950617 0.046647025813692476 0.9020763187429853 0.04804994388327721 0.9083894500561166 0.04699775533108866 0.9154040404040403 0.04524410774410774 0.9192620650953984 0.04138608305274972 0.9217171717171716 0.036125140291806954 0.9248737373737373 0.03156565656565656 0.9273288439955106 0.02700617283950617 0.9294332210998877 0.01999158249158249 0.9315375982042648 0.012626262626262626 0.9325897867564534 0.0070145903479236806 0.9325897867564534 0.0028058361391694723 0.931888327721661 0.00035072951739618404 0.931888327721661 0.00035072951739618404 0.8789281705948373 0.004208754208754208 0.8778759820426487
1 0.01718574635241302 0.9571408529741863 0.025252525252525252 0.9581930415263749 0.031214927048260382 0.9606481481481481 0.036826599326599326 0.9631032547699213 0.04208754208754208 0.9673120089786755 0.04699775533108866 0.9715207631874297 0.050505050505050504 0.9753787878787877 0.0550645342312009 0.9806397306397305 0.057870370370370364 0.985199214365881 0.06102693602693602 0.9901094276094276 0.06453423120089787 0.9988776655443322 0.0007014590347923681 0.998526936026936 0.0007014590347923681 0.9574915824915825 0.01122334455667789 0.95679012345679
1 0.05751964085297419 0.7915965207631874 0.05366161616161615 0.8007154882154881 0.05155723905723906 0.8045735129068461 0.04910213243546577 0.8087822671156003 0.046647025813692476 0.8122895622895623 0.04138608305274972 0.8164983164983165 0.036826599326599326 0.8200056116722784 0.03226711560044893 0.8224607182940515 0.02700617283950617 0.8245650953984287 0.021745230078563414 0.8259680134680134 0.016133557800224466 0.8273709315375981 0.01052188552188552 0.8284231200897867 0.004910213243546577 0.8294753086419752 0.00035072951739618404 0.8305274971941637 0.0 0.7821268237934904 0.006663860830527497 0.7765151515151515 0.009469696969696968 0.7733585858585859 0.014029180695847361 0.7695005611672278 0.020342312008978673 0.765993265993266 0.02700617283950617 0.7635381593714926 0.03331930415263749 0.7614337822671156 0.03787878787878787 0.7596801346801346 0.0417368125701459 0.7586279461279462 0.04594556677890011 0.7589786756453422 0.04945286195286195 0.7607323232323232 0.05225869809203142 0.7624859708193041 0.0550645342312009 0.7656425364758698 0.05751964085297419 0.7695005611672278 0.05962401795735129 0.773709315375982 0.06102693602693602 0.7786195286195287 0.06102693602693602 0.7835297418630752
1 0.14379910213243546 0.6025533108866442 0.14695566778900113 0.6018518518518517 0.15256734006734005 0.5979938271604938 0.15502244668911336 0.596590909090909 0.15888047138047137 0.5951879910213244 0.16449214365881032 0.5948372615039281 0.16764870931537598 0.5948372615039281 0.17676767676767677 0.5951879910213244 0.18132716049382716 0.5958894500561167 0.18623737373737373 0.5969416386083052 0.19219977553310885 0.59834455667789 0.19710998877665542 0.5997474747474747 0.20202020202020202 0.6015011223344556 0.20763187429854094 0.6039562289562289 0.2125420875420875 0.606060606060606 0.2174523007856341 0.6081649831649831 0.22131032547699211 0.6106200897867564 0.22551907968574633 0.6141273849607182 0.228675645342312 0.61763468013468 0.2311307519640853 0.621141975308642 0.23358585858585856 0.6274551066217733 0.23463804713804712 0.6341189674523007 0.23428731762065094 0.6400813692480358 0.23218294051627383 0.6460437710437711 0.2283249158249158 0.6499017957351291 0.22060886644219976 0.6551627384960718 0.2128928170594837 0.6579685746352413 0.20517676767676768 0.6604236812570146 0.19956509539842873 0.6621773288439955 0.19430415263748596 0.6639309764309763 0.18623737373737373 0.6656846240179574 0.17957351290684623 0.6663860830527497 0.17220819304152635 0.6667368125701459 0.16449214365881032 0.6663860830527497 0.15642536475869806 0.6649831649831649 0.14906004489337824 0.6628787878787878 0.14204545454545453 0.6604236812570146 0.1364337822671156 0.657617845117845 0.1322250280583614 0.6541105499438833 0.12626262626262624 0.6492003367003367 0.12415824915824915 0.6446408529741863 0.1231060606060606 0.6390291806958472 0.1231060606060606 0.6327160493827161 0.12345679012345677 0.6267536475869808 0.12485970819304153 0.621141975308642 0.1273148148148148 0.6169332210998878 0.13152356902356901 0.611672278338945 0.1364337822671156 0.607814253647587
1 0.021394500561167224 0.630962401795735 0.03051346801346801 0.6358726150392816 0.03542368125701459 0.6400813692480358 0.03893097643097643 0.6425364758698091 0.04208754208754208 0.6446408529741863 0.044542648709315374 0.6477974186307519 0.046647025813692476 0.6509539842873175 0.04875140291806958 0.6562149270482603 0.05085578002244669 0.6614758698092031 0.05331088664421998 0.6681397306397305 0.054363075196408525 0.6737514029180696 0.05331088664421998 0.6779601571268238 0.050505050505050504 0.6811167227833894 0.04594556677890011 0.6839225589225588 0.040333894500561164 0.6849747474747474 0.0329685746352413 0.6870791245791246 0.02665544332210999 0.6891835016835016 0.020342312008978673 0.6912878787878788 0.015432098765432096 0.691638608305275 0.009118967452300786 0.691638608305275 0.0014029180695847362 0.6912878787878788 0.0 0.6912878787878788 0.00035072951739618404 0.6292087542087542 0.009469696969696968 0.6292087542087542
1 0.04524410774410774 0.5331088664421998 0.04699775533108866 0.5222362514029181 0.04875140291806958 0.5173260381593715 0.05120650953984287 0.5127665544332211 0.05401234567901234 0.5078563411896745 0.057168911335578 0.5043490460157126 0.061728395061728385 0.501192480359147 0.06663860830527497 0.4987373737373737 0.0726010101010101 0.497334455667789 0.07856341189674523 0.497334455667789 0.0834736251402918 0.49698372615039277 0.0880331088664422 0.4966329966329966 0.09189113355780022 0.4962822671156004 0.09609988776655443 0.4976851851851852 0.09925645342312009 0.501192480359147 0.10136083052749718 0.5057519640852974 0.10311447811447812 0.5106621773288439 0.10521885521885523 0.5180274971941639 0.10627104377104375 0.5260942760942761 0.10697250280583613 0.5324074074074073 0.10662177328843996 0.5394219977553311 0.1055695847362514 0.5460858585858586 0.10486812570145902 0.5520482603815936 0.10346520763187429 0.5587121212121212 0.10136083052749718 0.5639730639730639 0.0989057239057239 0.5681818181818181 0.09574915824915825 0.5734427609427609 0.09189113355780022 0.5780022446689113 0.0880331088664422 0.5811588103254769 0.0855780022446689 0.5818602693602694 0.08101851851851852 0.5822109988776655 0.07540684624017957 0.5822109988776655 0.06979517396184062 0.5822109988776655 0.06348204264870931 0.5804573512906845 0.057870370370370364 0.5773007856341189 0.05331088664421998 0.5730920314253647 0.04945286195286195 0.5664281705948373 0.04804994388327721 0.5597643097643097 0.04699775533108866 0.5513468013468013 0.046296296296296294 0.5425785634118967 0.04559483726150393 0.5376683501683501
1 0.1978114478114478 0.41386083052749717 0.20272166105499437 0.41386083052749717 0.20693041526374858 0.41386083052749717 0.2107884399551066 0.41526374859708187 0.21499719416386082 0.4177188552188552 0.21815375982042648 0.4201739618406285 0.22060886644219976 0.4226290684624018 0.22341470258136922 0.4264870931537598 0.22551907968574633 0.4303451178451178 0.22762345679012344 0.43420314253647585 0.22937710437710435 0.43771043771043766 0.2311307519640853 0.4419191919191919 0.23253367003367 0.4471801346801347 0.2332351290684624 0.4513888888888889 0.23393658810325477 0.4566498316498316 0.23393658810325477 0.4608585858585858 0.23393658810325477 0.4664702581369248 0.2328843995510662 0.4717312008978675 0.2311307519640853 0.4769921436588103 0.22727272727272724 0.4833052749719416 0.2241161616161616 0.48681257014590346 0.21850448933782265 0.4910213243546577 0.2132435465768799 0.4938271604938271 0.2111391694725028 0.4941778900112233 0.2090347923681257 0.4938271604938271 0.20622895622895623 0.4927749719416386 0.20272166105499437 0.4906705948372615 0.19851290684624018 0.48681257014590346 0.19465488215488216 0.48225308641975306 0.1914983164983165 0.47734287317620644 0.18834175084175084 0.4717312008978675 0.18588664421997753 0.46787317620650953 0.1827300785634119 0.4615600448933782 0.18062570145903478 0.4548961840628507 0.17922278338945005 0.4482323232323232 0.17922278338945005 0.44332210998877664 0.1799242424242424 0.434553872053872 0.18167789001122334 0.4289421997755331 0.18413299663299662 0.4236812570145903 0.18764029180695846 0.4194725028058361 0.19184904601571265 0.41631593714927045
1 0.29005331088664416 0.4696268237934904 0.299172278338945 0.4633136924803591 0.3044332210998878 0.4608585858585858 0.3093434343434343 0.4594556677890011 0.31495510662177323 0.4584034792368125 0.3195145903479236 0.45770202020202017 0.3247755331088664 0.45770202020202017 0.33038720538720534 0.45770202020202017 0.33564814814814814 0.4580527497194164 0.34125982042648706 0.4591049382716049 0.3479236812570146 0.4615600448933782 0.35248316498316495 0.4640151515151515 0.35563973063973064 0.46787317620650953 0.35704264870931535 0.4727833894500561 0.35704264870931535 0.47804433221099885 0.356341189674523 0.48470819304152635 0.3538860830527497 0.4910213243546577 0.3514309764309764 0.49558080808080807 0.34687149270482603 0.5015432098765432 0.3426627384960718 0.5057519640852974 0.33915544332210995 0.5089085297418631 0.33459595959595956 0.5124158249158248 0.32687991021324353 0.5155723905723906 0.31916386083052745 0.5169753086419753 0.3117985409652076 0.5180274971941639 0.3061868686868687 0.5183782267115601 0.29882154882154877 0.5176767676767676 0.29110549943883274 0.5152216610549943 0.2837401795735129 0.5113636363636364 0.27988215488215484 0.5075056116722784 0.2774270482603816 0.5015432098765432 0.2770763187429854 0.4941778900112233 0.2791806958473625 0.48891694725028056 0.28198653198653195 0.48400673400673394 0.28479236812570147 0.47874579124579125 0.2875982042648709 0.4741863075196408
1 0.4257856341189674 0.5765993265993266 0.43350168350168344 0.5755471380471381 0.43771043771043766 0.5755471380471381 0.44297138047138046 0.5755471380471381 0.4471801346801347 0.5762485970819303 0.45244107744107737 0.5769500561167227 0.4566498316498316 0.5776515151515151 0.4601571268237935 0.5783529741863075 0.4629629629629629 0.5797558922558923 0.4661195286195286 0.5811588103254769 0.46927609427609424 0.5836139169472503 0.47208193041526375 0.5860690235690236 0.4741863075196408 0.5895763187429853 0.47593995510662174 0.5948372615039281 0.47593995510662174 0.6004489337822672 0.4741863075196408 0.606060606060606 0.470679012345679 0.6113215488215488 0.4671717171717171 0.6144781144781144 0.4633136924803591 0.6165824915824916 0.4584034792368125 0.6183361391694724 0.4541947250280583 0.6197390572390572 0.4461279461279461 0.6221941638608305 0.44156846240179576 0.6228956228956228 0.43525533108866443 0.6235970819304152 0.4264870931537598 0.6235970819304152 0.42052469135802467 0.6232463524130191 0.4159652076318743 0.6218434343434343 0.4107042648709315 0.6197390572390572 0.40544332210998874 0.6162317620650953 0.40053310886644217 0.611672278338945 0.3977272727272727 0.6064113355780022 0.39702581369248036 0.5997474747474747 0.3980780022446689 0.5944865319865319 0.40053310886644217 0.5913299663299664 0.40404040404040403 0.5881734006734007 0.4078984287317621 0.585016835016835 0.41315937149270476 0.5818602693602694 0.4177188552188552 0.5797558922558923
1 0.4198232323232323 0.6856762065095398 0.4289421997755331 0.6772586980920313 0.43350168350168344 0.6741021324354658 0.43735970819304154 0.6723484848484848 0.4436728395061728 0.6695426487093153 0.45103815937149266 0.6681397306397305 0.4570005611672278 0.6677890011223344 0.4619107744107744 0.6681397306397305 0.46787317620650953 0.6695426487093153 0.47383557800224463 0.6712962962962963 0.47944725028058355 0.6734006734006733 0.4850589225589225 0.676557239057239 0.48891694725028056 0.6790123456790124 0.49172278338945 0.6818181818181818 0.4941778900112233 0.686026936026936 0.4952300785634119 0.6905864197530864 0.4952300785634119 0.6961980920314254 0.4941778900112233 0.7004068462401796 0.4924242424242424 0.7025112233445566 0.49031986531986527 0.7056677890011223 0.4875140291806958 0.7091750841750841 0.48470819304152635 0.712682379349046 0.48155162738496066 0.7158389450056116 0.47909652076318743 0.7182940516273849 0.47523849607182933 0.7207491582491582 0.4703282828282828 0.7225028058361391 0.46436588103254767 0.7239057239057238 0.4601571268237935 0.7246071829405163 0.4541947250280583 0.7253086419753086 0.4492845117845118 0.7249579124579124 0.44156846240179576 0.7239057239057238 0.43806116722783384 0.7228535353535352 0.4338524130190796 0.7203984287317621 0.43069584736251404 0.7189955106621773 0.4247334455667789 0.7168911335578002 0.4201739618406285 0.714786756453423 0.4170173961840628 0.712682379349046 0.41526374859708187 0.7098765432098765 0.41421156004489335 0.705317059483726 0.41421156004489335 0.6997053872053872 0.4156144781144781 0.6926907968574635
1 0.24340628507295173 0.2774270482603816 0.25147306397306396 0.27391975308641975 0.2588383838383838 0.27181537598204264 0.26269640852974185 0.272516835016835 0.2672558922558922 0.27391975308641975 0.2735690235690235 0.27497194163860833 0.2770763187429854 0.2756734006734006 0.27988215488215484 0.2767255892255892 0.2823372615039281 0.27847923681257014 0.28514309764309764 0.2809343434343434 0.28794893378226705 0.2837401795735129 0.2904040404040404 0.2868967452300785 0.29285914702581367 0.2904040404040404 0.29531425364758696 0.2949635241301908 0.2970679012345679 0.2995230078563412 0.29882154882154877 0.3051346801346801 0.3002244668911336 0.310746352413019 0.3005751964085297 0.3174102132435465 0.3002244668911336 0.32442480359147025 0.2984708193041526 0.33073793490460157 0.29531425364758696 0.33529741863075196 0.29005331088664416 0.3395061728395062 0.2809343434343434 0.34336419753086417 0.2742704826038159 0.3440656565656565 0.2679573512906846 0.34336419753086417 0.2609427609427609 0.34125982042648706 0.2549803591470258 0.3395061728395062 0.2504208754208754 0.3370510662177329 0.245861391694725 0.3328423120089787 0.24024971941638606 0.3275813692480359 0.2353395061728395 0.3226711560044893 0.2328843995510662 0.3174102132435465 0.2311307519640853 0.3093434343434343 0.2304292929292929 0.3026795735129068 0.2307800224466891 0.29601571268237936 0.23218294051627383 0.29110549943883274 0.23498877665544332 0.28444163860830524 0.23814534231200896 0.280232884399551
1 0.2398989898989899 0.19395342312008976 0.23358585858585856 0.18728956228956228 0.23253367003367 0.18308080808080807 0.23253367003367 0.17676767676767677 0.2328843995510662 0.17045454545454544 0.23498877665544332 0.16449214365881032 0.2370931537598204 0.15852974186307517 0.2398989898989899 0.1522166105499439 0.24235409652076317 0.1473063973063973 0.24480920314253646 0.14344837261503926 0.24936868686868685 0.1385381593714927 0.25357744107744107 0.13713524130190796 0.25918911335578004 0.1364337822671156 0.2640993265993266 0.13713524130190796 0.2676066217732884 0.13888888888888887 0.2714646464646464 0.14134399551066218 0.27497194163860833 0.14414983164983164 0.2781285072951739 0.14800785634118968 0.2809343434343434 0.15326879910213245 0.28303872053872053 0.15852974186307517 0.28409090909090906 0.16343995510662176 0.28514309764309764 0.16905162738496068 0.2854938271604938 0.17431257014590346 0.28584455667788994 0.17957351290684623 0.28514309764309764 0.18483445566778897 0.2837401795735129 0.1914983164983165 0.28058361391694725 0.19921436588103253 0.2774270482603816 0.20342312008978675 0.2742704826038159 0.20517676767676768 0.268658810325477 0.20693041526374858 0.26304713804713803 0.20763187429854094 0.25743546576879905 0.20763187429854094 0.2532267115600449 0.20693041526374858 0.2486672278338945 0.20517676767676768 0.245861391694725 0.20272166105499437 0.24235409652076317 0.19886363636363635
1 0.0859287317620651 0.09960718294051626 0.0834736251402918 0.09083894500561167 0.08277216610549944 0.08277216610549944 0.08312289562289561 0.07645903479236812 0.08522727272727272 0.07049663299663299 0.087682379349046 0.0659371492704826 0.09118967452300786 0.06102693602693602 0.0964506172839506 0.05576599326599326 0.10241301907968574 0.051907968574635234 0.1097783389450056 0.04910213243546577 0.1164421997755331 0.04734848484848485 0.1231060606060606 0.04699775533108866 0.1294191919191919 0.04734848484848485 0.1336279461279461 0.04875140291806958 0.1364337822671156 0.05120650953984287 0.1385381593714927 0.05576599326599326 0.13994107744107742 0.06102693602693602 0.14099326599326598 0.06663860830527497 0.14134399551066218 0.07154882154882154 0.14099326599326598 0.07821268237934903 0.13994107744107742 0.08382435465768799 0.13818742985409652 0.08908529741863075 0.13538159371492706 0.09364478114478114 0.13152356902356901 0.09785353535353535 0.1252104377104377 0.10311447811447812 0.11889730639730639 0.10697250280583613 0.11188271604938271 0.10942760942760942 0.10697250280583613 0.1097783389450056 0.0989057239057239 0.1097783389450056 0.09574915824915825 0.10942760942760942 0.09189113355780022 0.1073232323232323 0.08908529741863075 0.10486812570145902
1 0.02069304152637486 0.04138608305274972 0.01122334455667789 0.03191638608305274 0.008417508417508416 0.02770763187429854 0.005962401795735128 0.023148148148148147 0.004208754208754208 0.018939393939393936 0.0031565656565656565 0.01578282828282828 0.0014029180695847362 0.009469696969696968 0.0007014590347923681 0.004910213243546577 0.00035072951739618404 0.0007014590347923681 0.0024551066217732885 0.0 0.06628787878787878 0.00035072951739618404 0.07014590347923681 0.005962401795735128 0.07154882154882154 0.01052188552188552 0.0726010101010101 0.015432098765432096 0.0726010101010101 0.019290123456790122 0.0726010101010101 0.023849607182940512 0.07119809203142537 0.028759820426487094 0.06944444444444443 0.03367003367003366 0.06663860830527497 0.040684624017957347 0.06383277216610549 0.044542648709315374 0.05997474747474747 0.04699775533108866 0.0550645342312009 0.0484006734006734 0.04945286195286195 0.04945286195286195 0.043841189674523 0.050505050505050504 0.03998316498316498 0.05120650953984287 0.03787878787878787 0.05120650953984287 0.03367003367003366 0.04910213243546577 0.029110549943883277 0.04699775533108866
0 0.2706056466302369 0.3195582877959928 0.26377504553734066 0.31585837887067403 0.2617827868852459 0.31415072859744997 0.2603597449908926 0.31187386156648456 0.2589367030965392 0.3093123861566485 0.25751366120218583 0.3053278688524591 0.2566598360655738 0.301912568306011 0.2563752276867031 0.29678961748633886 0.25609061930783245 0.29308970856102007 0.25865209471766853 0.2919512750455374 0.2603597449908926 0.29337431693989074 0.26292122040072863 0.2953665755919855 0.2669057377049181 0.29821265938069225 0.26946721311475413 0.30048952641165766 0.2720286885245902 0.30333561020036437 0.2734517304189436 0.30589708561020046 0.27544398907103834 0.3093123861566485 0.2762978142076503 0.31272768670309664 0.276582422586521 0.316712204007286 0.276582422586521 0.3204121129326048
0 0.643158014571949 0.80823087431694 0.6465733151183971 0.8051001821493625 0.6482809653916212 0.8033925318761385 0.6505578324225866 0.8011156648451732 0.6525500910746813 0.7988387978142076 0.654542349726776 0.7954234972677596 0.6551115664845174 0.7925774134790529 0.6551115664845174 0.7903005464480874 0.6539731329690347 0.7868852459016394 0.6531193078324227 0.7851775956284154 0.6516962659380693 0.7834699453551913 0.649419398907104 0.7831853369763206 0.6460040983606559 0.7854622040072861 0.6448656648451732 0.7883082877959927 0.6434426229508198 0.7920081967213116 0.6403119307832423 0.796846539162113 0.6383196721311476 0.8008310564663024 0.6351889799635703 0.8051001821493625 0.6340505464480874 0.8076616575591985 0.6346197632058288 0.8093693078324227 0.6363274134790529 0.8102231329690347 0.6400273224043717 0.8102231329690347
0 0.8261612021857924 0.08475637522768675 0.824738160291439 0.08077185792349731 0.8241689435336976 0.07707194899817855 0.8235997267759564 0.07280282331511843 0.8235997267759564 0.06967213114754103 0.8235997267759564 0.06853369763205834 0.8253073770491803 0.06967213114754103 0.8281534608378871 0.07251821493624777 0.8312841530054645 0.07593351548269586 0.8338456284153006 0.0787795992714026 0.8364071038251366 0.08247950819672135 0.8381147540983608 0.08674863387978146 0.8392531876138434 0.08987932604735889 0.8392531876138434 0.09329462659380698 0.8392531876138434 0.09642531876138438 0.8386839708561021 0.09898679417122044 0.836976320582878 0.0995560109289618 0.8346994535519127 0.09841757741347909 0.8324225865209471 0.09642531876138438 0.8298611111111112 0.09414845173041898 0.8278688524590164 0.09130236794171225
0 0.7228483606557378 0.02271174863387983 0.7185792349726776 0.02157331511839714 0.7151639344262295 0.019865664845173093 0.7137408925318761 0.01901183970856107 0.7131716757741349 0.017304189435337024 0.7137408925318761 0.015596539162112984 0.7157331511839709 0.014458105646630286 0.7180100182149364 0.013604280510018267 0.7205714936247724 0.013035063752276917 0.723417577413479 0.012750455373406244 0.7274020947176685 0.013319672131147592 0.7302481785063752 0.01531193078324231 0.7316712204007286 0.016734972677595678 0.7319558287795993 0.018442622950819724 0.7319558287795993 0.020434881602914443 0.7302481785063752 0.02100409836065579 0.7282559198542806 0.021288706739526462
0 0.15789910782080482 0.8530158504176159 0.15433988230827636 0.8453041951404708 0.1539839597570235 0.8336773917995444 0.15635677676537582 0.818372722095672 0.15789910782080482 0.8138643697798026 0.1635938686408504 0.8085255315110099 0.16774629840546693 0.8155253416856493 0.16810222095671978 0.8285758352315871 0.16478027714502655 0.8449482725892179 0.159085516324981 0.8540836180713743
0 0.5288992408557626 0.9888069358178054 0.5278209109730849 0.9821212905452036 0.5361240510697033 0.9709066597653553 0.5419470324361628 0.9610938578329883 0.5431331953071084 0.9636818495514148 0.5405452035886819 0.9746808143547273 0.5335360593512768 0.9863267770876466 0.5307324016563147 0.9885912698412699
0 0.5248898933704218 0.756693324061196 0.52807719054242 0.7508982382939267 0.5344517848864163 0.7468416782568382 0.5418405192396847 0.7429299953639313 0.5554589707927676 0.7404670839128419 0.5647311080203986 0.7445236439499304 0.5653106165971256 0.7477109411219286 0.5574872508113119 0.7529265183124709 0.5428546592489568 0.7569830783495596 0.5316991191469633 0.7578523412146498
0 0.6240625000000001 0.6767708333333334 0.61375 0.671875 0.6098958333333333 0.6694791666666667 0.6114583333333333 0.6663541666666667 0.6166666666666667 0.6645833333333333 0.6248958333333333 0.6649999999999999 0.6405208333333333 0.6691666666666667 0.6478125 0.6761458333333333 0.6513541666666666 0.6797916666666667 0.6430208333333333 0.6799999999999999 0.6292708333333333 0.6796875
0 0.5689822518025512 0.08177343316694394 0.5620493621741541 0.07501386577925674 0.5591028840820854 0.06756100942872985 0.5644758735440932 0.06461453133666108 0.5677689961175818 0.06721436494730999 0.5700221852468109 0.07709373266777589
0 0.7098163439635535 0.3986213933181473 0.7110027524677297 0.3904351746393318 0.7216804290053151 0.3919775056947608 0.7255955770690965 0.40241790053151105 0.7311716970387244 0.40894314730447984 0.7324767463933182 0.4159429574791192 0.7309344153378892 0.42163771829916474 0.7247650911161732 0.42009538724373574 0.7182398443432042 0.4133328587699317 0.7133755694760819 0.40657033029612755 0.7105281890660592 0.4022992596810934
0 0.7634068371607515 0.5258241997216423 0.7576439631176062 0.5216923277661795 0.7535120911621433 0.520170059151009 0.7478579505915101 0.5135373173277661 0.7464444154488519 0.5059259742519137 0.7494889526791927 0.498205897703549 0.7511199547668755 0.4946176931106471 0.7527509568545582 0.49418275922059846 0.7591662317327766 0.50125043493389 0.763080636743215 0.5096229123173277 0.7639505045233125 0.5210399269311065
0 0.8240110246433204 0.21806095979247733 0.8195525291828794 0.2192769130998703 0.8179312581063555 0.2213035019455253 0.8163099870298314 0.2241407263294423 0.8142833981841765 0.2277885862516213 0.8126621271076524 0.23184176394293127 0.8114461738002595 0.23467898832684825 0.8114461738002595 0.23711089494163423 0.8102302204928665 0.24481193255512324 0.8122568093385214 0.24683852140077825 0.8142833981841765 0.24724383916990922 0.8211738002594035 0.2452172503242542 0.8223897535667963 0.24238002594033725 0.8268482490272374 0.23873216601815825 0.8284695201037614 0.23670557717250326 0.8300907911802854 0.23305771725032426 0.8313067444876784 0.22981517509727628 0.8313067444876784 0.2261673151750973 0.8313067444876784 0.2221141374837873 0.8313067444876784 0.2192769130998703 0.8300907911802854 0.21441309987029833
0 0.8172650709219857 0.3706781914893617 0.821697695035461 0.36873891843971623 0.8228058510638298 0.36679964539007087 0.823082890070922 0.3645833333333333 0.8228058510638298 0.3615359042553192 0.8211436170212765 0.3582114361702127 0.8183732269503545 0.35322473404255317 0.8169880319148936 0.35128546099290775 0.8156028368794325 0.3479609929078014 0.8139406028368794 0.344636524822695 0.812001329787234 0.34048093971631205 0.8114472517730497 0.339095744680851 0.807845744680851 0.3357712765957447 0.8028590425531914 0.3318927304964539 0.7992575354609929 0.32967641843971635 0.7970412234042553 0.3288453014184397 0.7942708333333334 0.32801418439716307 0.7903922872340424 0.32718306737588654 0.7890070921985815 0.3291223404255319 0.7898382092198581 0.33494015957446804 0.7903922872340424 0.33687943262411346 0.7920545212765957 0.33992686170212766 0.7939937943262411 0.34297429078014185 0.7956560283687943 0.34574468085106386 0.7973182624113474 0.34823803191489355 0.7992575354609929 0.3515625 0.800919769503546 0.3546099290780142 0.8025820035460992 0.35765735815602834 0.8036901595744681 0.3595966312056737 0.8059064716312057 0.36319813829787234 0.8100620567375887 0.3692929964539007 0.812001329787234 0.3704011524822695
0 0.847945891783567 0.4721943887775551 0.8483633934535738 0.4669756179024716 0.8485721442885771 0.4648881095524382 0.8485721442885771 0.46175684702738806 0.847945891783567 0.458625584502338 0.8469021376085504 0.4552855711422846 0.8456496325985303 0.4525718102872411 0.8439796259185036 0.4498580494321977 0.8418921175684703 0.4477705410821643 0.8398046092184368 0.44610053440213754 0.8377171008684035 0.44463927855711416 0.8358383433533734 0.44338677354709416 0.8335420841683366 0.4429692718770875 0.8320808283233133 0.44317802271209084 0.8314545758183033 0.44610053440213754 0.8312458249832999 0.44818804275217095 0.8312458249832999 0.45048430193720773 0.8312458249832999 0.4525718102872411 0.8312458249832999 0.4544505678022712 0.8316633266533066 0.457373079492318 0.8327070808283232 0.45966933867735466 0.8335420841683366 0.4628006012024048 0.8350033400133601 0.4665581162324649 0.8360470941883767 0.4680193720774883 0.8377171008684035 0.470315631262525 0.8391783567134269 0.4721943887775551 0.8437708750835002 0.4769956579826319 0.8452321309285237 0.4776219104876419 0.8462758851035405 0.4776219104876419 0.8471108884435538 0.47490814963259853
0 0.658817635270541 0.5035070140280561 0.6609051436205745 0.5026720106880427 0.6648714094856379 0.500375751503006 0.6682114228456913 0.49933199732798933 0.6702989311957247 0.49891449565798257 0.676561456245825 0.4982882431529726 0.6813627254509017 0.4982882431529726 0.6790664662658651 0.501628256513026 0.677813961255845 0.5032982631930527 0.676561456245825 0.5053857715430862 0.6744739478957915 0.5074732798931195 0.6730126920507682 0.508934535738143 0.6682114228456913 0.5110220440881763 0.6654976619906479 0.5135270541082164 0.6606963927855711 0.5166583166332664 0.6561038744154977 0.5183283233132933 0.6504676018704074 0.5197895791583166 0.6439963259853039 0.52125083500334 0.6394038076152305 0.5241733466933868 0.6364812959251837 0.5214595858383434 0.6368987975951903 0.5191633266533066 0.6410738142952572 0.5158233132932531 0.6456663326653306 0.5129008016032064 0.6481713426853708 0.5112307949231797 0.6521376085504342 0.5087257849031396 0.6561038744154977 0.5058032732130928
0 0.8014846743295018 0.6870210727969348 0.8000478927203064 0.6817528735632182 0.7998084291187738 0.6791187739463601 0.8005268199233715 0.6762452107279693 0.801963601532567 0.6740900383141761 0.8060344827586207 0.6748084291187738 0.8081896551724136 0.6767241379310344 0.8110632183908045 0.6793582375478927 0.8139367816091952 0.6836685823754788 0.8158524904214558 0.6870210727969348 0.8177681992337164 0.6915708812260536 0.8196839080459769 0.6954022988505746 0.8244731800766283 0.7040229885057471 0.8259099616858236 0.7068965517241378 0.8280651340996168 0.7112068965517241 0.8302203065134098 0.7147988505747126 0.832375478927203 0.7215038314176244 0.8335727969348657 0.7258141762452106 0.8335727969348657 0.7313218390804597 0.8333333333333333 0.7332375478927202 0.8297413793103448 0.7318007662835249 0.8223180076628351 0.727250957854406 0.8134578544061302 0.7207854406130267 0.8117816091954022 0.7179118773946359 0.8069923371647508 0.7042624521072796 0.802442528735632 0.6975574712643677 0.8010057471264367 0.6944444444444444 0.8005268199233715 0.691331417624521
0 0.7054790489642184 0.7404955273069679 0.7054790489642184 0.7381414783427495 0.7063618173258004 0.7351989171374764 0.7082744821092279 0.7346104048964218 0.7104814030131827 0.7350517890772128 0.7140124764595104 0.7359345574387947 0.7168079096045197 0.7365230696798494 0.7191619585687382 0.737552966101695 0.7219573917137476 0.739171374764595 0.7241643126177024 0.7407897834274952 0.7269597457627118 0.7428495762711864 0.7299023069679849 0.7456450094161958 0.7313735875706214 0.7472634180790961 0.7325506120527306 0.7490289548022598 0.7335805084745762 0.7518243879472694 0.7350517890772128 0.7547669491525423 0.736228813559322 0.7585922787193974 0.7368173258003766 0.7610934557438794 0.7368173258003766 0.7628589924670433 0.7349046610169492 0.7633003766478342 0.7299023069679849 0.7628589924670433 0.7274011299435028 0.762123352165725 0.7212217514124294 0.7596221751412429 0.7190148305084746 0.7574152542372882 0.7160722693032014 0.7546198210922787 0.7123940677966102 0.7516772598870056 0.710334274952919 0.7488818267419962 0.7082744821092279 0.7459392655367232 0.7066560734463276 0.7432909604519774
0 0.895 0.8155208333333334 0.8963541666666667 0.8135416666666667 0.8963541666666667 0.8105208333333334 0.89625 0.8080208333333334 0.8954166666666666 0.8061458333333333 0.8926041666666666 0.8042708333333334 0.8902083333333334 0.8029166666666666 0.886875 0.8015625 0.8820833333333333 0.8002083333333334 0.87875 0.7990625 0.8747916666666666 0.7981250000000001 0.8709375 0.7981250000000001 0.8652083333333334 0.7986458333333334 0.8616666666666667 0.8 0.8580208333333333 0.8017708333333334 0.8567708333333334 0.8038541666666668 0.8554166666666667 0.8058333333333334 0.8558333333333333 0.8076041666666666 0.8582291666666666 0.8091666666666666 0.8607291666666667 0.8103125 0.8634375 0.8117708333333333 0.8657291666666667 0.8128124999999999 0.86875 0.8134374999999999 0.8726041666666667 0.8139583333333333 0.8760416666666667 0.8148958333333333 0.8804166666666667 0.8157291666666667 0.8861458333333334 0.8157291666666667 0.8914583333333332 0.8158333333333334
0 0.7820833333333332 0.6217708333333333 0.7832291666666666 0.6203125 0.7853125 0.6181249999999999 0.7870833333333334 0.6168750000000001 0.7888541666666666 0.6153125 0.7891666666666667 0.6120833333333333 0.7895833333333333 0.6105208333333334 0.7896875 0.6082291666666666 0.7898958333333332 0.6059375 0.7899999999999999 0.6036458333333333 0.7899999999999999 0.6014583333333333 0.7897916666666667 0.59875 0.7886458333333334 0.598125 0.7873958333333333 0.5985416666666666 0.78625 0.5997916666666666 0.7832291666666666 0.6011458333333334 0.781875 0.6019791666666666 0.780625 0.6032291666666667 0.778125 0.6047916666666667 0.7754166666666666 0.6077083333333333 0.7739583333333333 0.609375 0.7728125 0.6108333333333333 0.7721874999999999 0.6121875 0.7708333333333334 0.615 0.7707291666666667 0.6166666666666667 0.7719791666666667 0.6188541666666667 0.7727083333333333 0.62 0.7740625 0.6207291666666667 0.7748958333333333 0.6208333333333333 0.7798958333333333 0.6214583333333333
0 0.5715477680433876 0.8498904881101377 0.571156654151022 0.8462400917813934 0.5699833124739258 0.8419378389653733 0.5678973717146433 0.8392000417188151 0.5669847726324573 0.8367229870671673 0.5654203170629954 0.8350281602002503 0.5620306633291615 0.8341155611180643 0.5594232373800584 0.8328118481435127 0.5561639549436795 0.8313777638715061 0.5512098456403839 0.8305955360867752 0.5489935335836462 0.8299436795994993 0.5459949937421776 0.8296829370045891 0.5420838548185232 0.8302044221944096 0.539346057571965 0.8315081351689612 0.5390853149770546 0.8338548185231539 0.5392156862745098 0.8363318731748017 0.5409105131414268 0.8398518982060909 0.5418231122236128 0.8418074676679181 0.5440394242803505 0.8438934084272006 0.5456038798498123 0.8450667501042971 0.5479505632040049 0.8466312056737588 0.5516009595327492 0.8480652899457655 0.5572069253233208 0.8498904881101377 0.5612484355444305 0.8502816020025031 0.5637254901960784 0.8504119732999583 0.565941802252816 0.8506727158948686 0.5680277430120985 0.8508030871923237
0 0.466433524629364 0.700173362027738 0.4668818747011 0.698230511716882 0.4647895743663319 0.6959887613582018 0.4638928742228599 0.6941953610712578 0.46150167384026786 0.6928503108560498 0.4556731229076997 0.6927008608321378 0.4495456719273075 0.6937470109995217 0.4443149210903874 0.6959887613582018 0.44162482065997133 0.698379961740794 0.4378885700621712 0.7010700621712099 0.4392336202773793 0.703760162601626 0.44296987087517936 0.7046568627450981 0.44999402199904354 0.704955762792922 0.4552247728359637 0.7042085126733622 0.4585126733620278 0.703909612625538 0.46299617407938787 0.703012912482066
0 0.4879943502824859 0.4722810734463277 0.4894067796610169 0.4706920903954802 0.49099576271186435 0.4689265536723164 0.49240819209039544 0.4673375706214689 0.4934675141242938 0.46574858757062143 0.4939971751412429 0.4639830508474576 0.4941737288135593 0.46098163841807904 0.4938206214689265 0.45903954802259883 0.4906426553672316 0.45992231638418074 0.48781779661016944 0.4604519774011299 0.48428672316384175 0.46133474576271183 0.4784604519774011 0.46239406779661013 0.47740112994350276 0.46327683615819204 0.4765183615819209 0.46433615819209034 0.4742231638418079 0.46680790960451973 0.47316384180790955 0.46839689265536716 0.47192796610169485 0.46980932203389825 0.4703389830508474 0.4717514124293785 0.4696327683615819 0.47334039548022594 0.4689265536723164 0.47669491525423724 0.4708686440677966 0.47687146892655363 0.4729872881355932 0.47704802259887 0.4751059322033898 0.47722457627118636 0.4784604519774011 0.47722457627118636 0.48234463276836154 0.4763418079096045 0.48569915254237284 0.4749293785310734
0 0.445160687593423 0.6066268061783757 0.44811908320876925 0.6038241155954159 0.4487419033383159 0.601644245142003 0.4482747882411559 0.5993086696562032 0.4457835077229696 0.5971287992027903 0.4414237668161435 0.5961945690084703 0.4384653712007972 0.5958831589436969 0.4355069755854509 0.5955717488789237 0.43192575984055803 0.5958831589436969 0.4291230692575984 0.5966616841056303 0.42632037867463873 0.5982187344294967 0.4246076233183856 0.5994643746885899 0.4235176880916791 0.6010214250124564 0.42258345789735924 0.6021113602391629 0.42227204783258593 0.6044469357249626 0.42227204783258593 0.6066268061783757 0.4250747384155456 0.6072496263079222 0.42787742899850517 0.6077167414050823 0.4341056302939711 0.6080281514698556 0.43644120577977075 0.6081838565022422 0.43986671649227704 0.6078724464374688 0.44251370204284995 0.6072496263079222
0 0.5198948948948948 0.1717342342342342 0.5198948948948948 0.16751126126126126 0.519191066066066 0.16328828828828829 0.5182526276276276 0.1590653153153153 0.518018018018018 0.15531156156156153 0.5175487987987988 0.15038475975975976 0.5163757507507507 0.146631006006006 0.5149680930930931 0.1442849099099099 0.5135604354354354 0.14076576576576577 0.5114489489489489 0.13841966966966968 0.5093374624624624 0.13771584084084085 0.5079298048048048 0.13771584084084085 0.504176051051051 0.14100037537537535 0.5013607357357357 0.14522334834834835 0.5015953453453453 0.14827327327327328 0.5025337837837838 0.15038475975975976 0.5030030030030029 0.15531156156156153 0.5046452702702703 0.1618806306306306 0.5053490990990991 0.16539977477477477 0.5062875375375374 0.16915352852852852 0.5076951951951951 0.17196884384384384 0.509572072072072 0.1740803303303303 0.5119181681681682 0.1759572072072072 0.5147334834834835 0.17713025525525525 0.5173141891891891 0.17736486486486486 0.5201295045045045 0.17454954954954954
0 0.38642473118279574 0.027412280701754388 0.38890067911714776 0.026881720430107527 0.39243774759479344 0.02635116015846067 0.39703593661573294 0.02582059988681381 0.4021646859083192 0.027412280701754388 0.40481748726655353 0.029888228636106396 0.4071165817770232 0.03342529711375212 0.40623231465761184 0.03731607243916243 0.40428692699490665 0.04049943406904358 0.40287209960384834 0.041737408036219587 0.3988044708545557 0.04332908885116016 0.39349886813808715 0.044920769666100736 0.38766270514997175 0.04562818336162988 0.38465619694397285 0.04580503678551217 0.38218024900962083 0.044920769666100736 0.37740520656479914 0.042444821731748725 0.37457555178268254 0.041029994340690434 0.37068477645727227 0.03908460667798529 0.36962365591397855 0.037492925863044715 0.36926994906621396 0.03519383135257499 0.3699773627617431 0.03413271080928127 0.37245331069609505 0.03201046972269383 0.37492925863044707 0.030065082059988684 0.3802348613469157 0.028473401245048106 0.38359507640067914 0.0272354272778721
0 0.37422184493491795 0.11619269949066215 0.37705149971703456 0.116723259762309 0.38005800792303346 0.11760752688172044 0.3825339558573854 0.11866864742501416 0.38430249009620826 0.12114459535936617 0.38624787775891345 0.12379739671760046 0.38730899830220716 0.12591963780418788 0.38607102433503115 0.12768817204301078 0.38377192982456143 0.12768817204301078 0.3807654216185625 0.12645019807583474 0.37669779286926997 0.12450481041312961 0.37227645727221276 0.12362054329371816 0.36962365591397855 0.12149830220713073 0.3685625353706848 0.12043718166383702 0.3689162422184494 0.1181380871533673 0.37086162988115456 0.116723259762309
0 0.39986559139784944 0.1934776457272213 0.40251839275608375 0.19117855121675156 0.40499434069043583 0.18834889643463498 0.40658602150537637 0.18640350877192982 0.4083545557441992 0.185872948500283 0.41189162422184494 0.189586870401811 0.4115379173740804 0.19241652518392757 0.4113610639501981 0.1959535936615733 0.4099462365591398 0.20019807583474816 0.4080008488964346 0.20391199773627616 0.4071165817770232 0.20621109224674591 0.40517119411431807 0.2101018675721562 0.40340265987549523 0.21470005659309566 0.40145727221279004 0.21841397849462366 0.39862761743067343 0.22124363327674024 0.39544425580079234 0.22354272778721 0.39279145444255803 0.224780701754386 0.3899617996604414 0.227256649688738 0.38447934352009056 0.22902518392756085 0.38430249009620826 0.2246038483305037 0.38500990379173744 0.2194750990379174 0.38624787775891345 0.21576117713638937 0.38925438596491235 0.21045557441992077 0.3904923599320883 0.20550367855121676 0.39279145444255803 0.20161290322580647 0.39473684210526316 0.19789898132427847 0.39650537634408606 0.19506932654216186
0 0.4481465761177137 0.40287209960384834 0.45486700622524057 0.3996887379739672 0.4584040747028863 0.39491369552914546 0.46247170345217886 0.3913766270514997 0.4647707979626486 0.38890067911714776 0.4665393322014715 0.38518675721561974 0.46830786644029426 0.38218024900962083 0.46901528013582344 0.37882003395585745 0.46919213355970574 0.37669779286926997 0.46901528013582344 0.37528296547821166 0.4651245048104132 0.37563667232597625 0.4584040747028863 0.3777589134125637 0.4530984719864177 0.3795274476513866 0.4485002829654782 0.38200339558573854 0.4446095076400679 0.3839487832484437 0.4401881720430108 0.38660158460667804 0.4389501980758348 0.38872382569326547 0.4350594227504245 0.39119977362761743 0.43364459535936617 0.39438313525749863 0.4320529145444256 0.39774335031126207 0.4306380871533673 0.4035795132993775 0.43187606112054333 0.40605546123372954 0.4343520090548953 0.40623231465761184 0.4387733446519525 0.40623231465761184 0.4456706281833617 0.40464063384267124
0 0.029278202676864245 0.0009958572339069471 0.038041746335245374 0.0003983428935627788 0.04222434671765455 0.004780114722753345 0.04800031867431485 0.011551943913320586 0.04859783301465902 0.013942001274697257 0.049394518801784575 0.01732791586998088 0.04999203314212874 0.020713830465264496 0.05019120458891013 0.024697259400892287 0.050788718929254295 0.029079031230082854 0.048797004461440405 0.03126991714467813 0.04501274697259401 0.029278202676864245 0.04282186105799872 0.027485659655831735 0.04023263224984066 0.025892288081580624 0.03784257488846399 0.024099745060548117 0.036050031867431484 0.021510516252390054 0.03465583173996176 0.01991714467813894 0.032863288718929254 0.016132887189292542 0.031070745697896748 0.012149458253664754 0.029477374123645633 0.008962715105162524 0.028680688336520075 0.005178457616316124
0 0.9555243445692884 0.5215355805243446 0.9559925093632959 0.5187265917602997 0.9562265917602997 0.5149812734082396 0.9569288389513109 0.5133426966292134 0.962312734082397 0.5126404494382022 0.9667602996254682 0.5128745318352059 0.9686329588014981 0.5135767790262172 0.9721441947565542 0.516619850187266 0.975187265917603 0.5189606741573034 0.9779962546816479 0.5241104868913857 0.9803370786516853 0.5271535580524345 0.9845505617977527 0.5316011235955056 0.986189138576779 0.5346441947565542 0.9878277153558053 0.5383895131086142 0.9882958801498127 0.5447097378277153 0.9882958801498127 0.5461142322097378 0.9857209737827716 0.5470505617977527 0.982443820224719 0.5470505617977527 0.9782303370786516 0.5447097378277153 0.9744850187265917 0.5414325842696629 0.9702715355805243 0.5393258426966292 0.9672284644194756 0.5367509363295879 0.9651217228464419 0.5334737827715356 0.9618445692883895 0.5297284644194756 0.959503745318352 0.5266853932584269
0 0.9605307640297499 0.930104800540906 0.9609533468559839 0.9269354293441515 0.9611646382691007 0.922920892494929 0.9613759296822177 0.9191176470588236 0.9613759296822177 0.916159567275186 0.9613759296822177 0.9134127789046654 0.9613759296822177 0.9098208248816769 0.9609533468559839 0.9066514536849223 0.9598968897903989 0.9039046653144017 0.9586291413116971 0.9001014198782963 0.9575726842461123 0.8965094658553077 0.9565162271805274 0.8933400946585531 0.9554597701149425 0.8914384719405004 0.9533468559837729 0.8914384719405004 0.9514452332657201 0.8927062204192022 0.9503887762001353 0.8971433400946586 0.9491210277214335 0.9005240027045301 0.9480645706558486 0.9036933739012848 0.9472194050033808 0.9062288708586884 0.9465855307640297 0.908764367816092 0.9463742393509128 0.9106659905341448 0.9461629479377958 0.9134127789046654 0.9461629479377958 0.9165821501014199 0.9461629479377958 0.9199628127112915 0.9453177822853279 0.9254563894523327 0.944895199459094 0.9313725490196079 0.944895199459094 0.9343306288032455 0.944895199459094 0.9404580797836376 0.9461629479377958 0.9436274509803922 0.9501774847870182 0.9467968221771468 0.9516565246788371 0.9453177822853279 0.9529242731575389 0.9438387423935092 0.9554597701149425 0.9406693711967546 0.959474306964165 0.9358096686950643
0 0.30689964157706096 0.48639112903225806 0.3088597670250896 0.4849910394265233 0.31081989247311825 0.48387096774193544 0.3147401433691756 0.4819108422939068 0.318380376344086 0.480790770609319 0.3214605734767025 0.47967069892473113 0.3251008064516129 0.47939068100358423 0.330421146953405 0.47939068100358423 0.33546146953405015 0.48275089605734767 0.3315412186379928 0.486671146953405 0.3293010752688172 0.4891913082437276 0.32314068100358423 0.4919914874551971 0.31754032258064513 0.4939516129032258 0.3099798387096774 0.49563172043010745 0.3038194444444444 0.4939516129032258 0.30353942652329746 0.4914314516129032
