1 0.4532520325203252 0.19817073170731703 0.453760162601626 0.19461382113821132 0.45477642276422764 0.19156504065040644 0.45630081300813 0.1885162601626016 0.4568089430894309 0.18597560975609753 0.4568089430894309 0.18343495934959347 0.4588414634146341 0.1808943089430894 0.46036585365853655 0.17886178861788612 0.4623983739837398 0.1768292682926829 0.4644308943089431 0.173780487804878 0.46747967479674796 0.17174796747967477 0.4695121951219512 0.16971544715447148 0.4715447154471545 0.16819105691056904 0.4745934959349593 0.1666666666666666 0.4771341463414634 0.16565040650406498 0.4796747967479675 0.16463414634146337 0.4827235772357723 0.16412601626016254 0.48628048780487804 0.16412601626016254 0.4893292682926829 0.16463414634146337 0.49136178861788615 0.16463414634146337 0.4933943089430894 0.1651422764227642 0.4959349593495935 0.1651422764227642 0.49796747967479676 0.16565040650406498 0.49949186991869915 0.16717479674796742 0.5015243902439024 0.16819105691056904 0.5025406504065041 0.16869918699186986 0.5040650406504065 0.16971544715447148 0.5060975609756098 0.17174796747967477 0.5071138211382114 0.1732723577235772 0.5086382113821137 0.17581300813008124 0.510670731707317 0.18038617886178857 0.5116869918699186 0.18343495934959347 0.5132113821138211 0.18749999999999997 0.5147357723577236 0.19207317073170727 0.516260162601626 0.19817073170731703 0.5172764227642276 0.20172764227642273 0.5193089430894309 0.20833333333333331 0.5198170731707317 0.21443089430894305 0.5188008130081301 0.21951219512195116 0.5177845528455285 0.22306910569105687 0.5157520325203252 0.22611788617886175 0.5142276422764227 0.22967479674796742 0.5121951219512195 0.23221544715447148 0.5111788617886178 0.23424796747967477 0.5101626016260162 0.23780487804878045 0.508130081300813 0.2403455284552845 0.5076219512195121 0.24237804878048777 0.5045731707317073 0.24491869918699186 0.5030487804878049 0.24644308943089427 0.5005081300813008 0.24898373983739835 0.4974593495934959 0.24999999999999997 0.49441056910569103 0.2510162601626016 0.49136178861788615 0.25203252032520324 0.48831300813008127 0.25203252032520324 0.4852642276422764 0.25254065040650403 0.48221544715447157 0.25254065040650403 0.4791666666666667 0.25203252032520324 0.4766260162601626 0.2510162601626016 0.4751016260162601 0.24999999999999997 0.4725609756097561 0.24949186991869915 0.470020325203252 0.2479674796747967 0.46798780487804875 0.24644308943089427 0.4659552845528455 0.24390243902439018 0.4634146341463415 0.24237804878048777 0.461890243902439 0.2398373983739837 0.45985772357723576 0.23577235772357721 0.4583333333333333 0.23323170731707316 0.4568089430894309 0.22916666666666663 0.4557926829268293 0.22662601626016257 0.45477642276422764 0.22256097560975607 0.453760162601626 0.2205284552845528 0.45223577235772355 0.21138211382113817 0.45172764227642276 0.20985772357723573 0.45172764227642276 0.20731707317073164 0.45172764227642276 0.20376016260162597
0 0.47323399558498896 0.8233305739514348 0.47323399558498896 0.8247102649006622 0.4728890728476821 0.8274696467991169 0.47219922737306846 0.8309188741721855 0.4715093818984547 0.8329884105960265 0.4711644591611479 0.8343681015452539 0.47081953642384106 0.8367825607064018 0.4715093818984547 0.838507174392936 0.47185430463576156 0.838507174392936 0.47323399558498896 0.8395419426048565 0.4742687637969095 0.8374724061810155 0.47495860927152317 0.8343681015452539 0.47530353200883 0.8326434878587197 0.47599337748344367 0.8285044150110376 0.4770281456953642 0.8243653421633554 0.4770281456953642 0.8219508830022075 0.4770281456953642 0.8198813465783664 0.4773730684326711 0.8191915011037527 0.4790976821192053 0.8174668874172185 0.47944260485651213 0.8157422737306843 0.47944260485651213 0.8153973509933775 0.47944260485651213 0.8140176600441501 0.4787527593818985 0.8122930463576158 0.47771799116997793 0.8119481236203091 0.47668322295805743 0.8119481236203091 0.4756484547461369 0.8129828918322296 0.4746136865342164 0.8140176600441501 0.4746136865342164 0.8153973509933775 0.4742687637969095 0.8174668874172185 0.47357891832229576 0.8191915011037527
1 0.6643158236057068 0.1572632944228275 0.6618839169909209 0.1592898832684825 0.660262645914397 0.1601005188067445 0.6582360570687419 0.1613164721141375 0.6553988326848249 0.16334306095979248 0.652966926070039 0.16455901426718547 0.6513456549935149 0.16618028534370946 0.6493190661478601 0.16861219195849547 0.648913748378729 0.17226005188067448 0.648913748378729 0.17671854734111545 0.648913748378729 0.18077172503242542 0.648913748378729 0.18482490272373545 0.648913748378729 0.1876621271076524 0.6493190661478601 0.1909046692607004 0.6497243839169909 0.1937418936446174 0.6505350194552529 0.1961738002594034 0.6517509727626459 0.19901102464332038 0.652966926070039 0.20225356679636836 0.6545881971465629 0.20509079118028536 0.655804150453956 0.20792801556420235 0.6570201037613489 0.21035992217898833 0.6582360570687419 0.21360246433203633 0.660262645914397 0.21643968871595332 0.662289234760052 0.2192769130998703 0.6643158236057068 0.2225194552529183 0.6663424124513619 0.22495136186770429 0.6691796368352789 0.22738326848249027 0.6720168612191959 0.22981517509727628 0.6744487678339819 0.23184176394293127 0.6772859922178989 0.23386835278858625 0.6801232166018158 0.23508430609597927 0.6833657587548638 0.23630025940337224 0.6862029831387808 0.23670557717250326 0.6906614785992218 0.23832684824902725 0.6947146562905319 0.23913748378728925 0.6979571984435798 0.23994811932555124 0.6999837872892347 0.23994811932555124 0.7028210116731518 0.23994811932555124 0.7060635538261998 0.23832684824902725 0.7097114137483788 0.23630025940337224 0.7121433203631647 0.23467898832684825 0.7149805447470817 0.23265239948119326 0.7170071335927368 0.23062581063553828 0.7186284046692607 0.22819390402075226 0.7210603112840468 0.22495136186770429 0.7226815823605707 0.2221141374837873 0.7238975356679638 0.2192769130998703 0.7251134889753568 0.21643968871595332 0.7255188067444877 0.2127918287937743 0.7259241245136187 0.20995460440985736 0.7263294422827496 0.20671206225680935 0.7267347600518808 0.20225356679636836 0.7267347600518808 0.19982166018158237 0.7259241245136187 0.1965791180285344 0.7251134889753568 0.19293125810635542 0.7230869001297017 0.18928339818417642 0.7210603112840468 0.18725680933852143 0.7186284046692607 0.18360894941634243 0.7166018158236057 0.1815823605706874 0.7145752269779507 0.17833981841763943 0.7125486381322957 0.17550259403372245 0.7113326848249028 0.17347600518806744 0.7093060959792478 0.17104409857328146 0.7068741893644618 0.16861219195849547 0.7048476005188068 0.16658560311284049 0.7028210116731518 0.1649643320363165 0.7007944228274968 0.16293774319066148 0.6991731517509728 0.1621271076523995 0.6967412451361867 0.1605058365758755 0.6934987029831388 0.1592898832684825 0.6918774319066149 0.1584792477302205 0.6906614785992218 0.15766861219195852 0.6882295719844359 0.1572632944228275 0.6862029831387808 0.15685797665369652 0.6841763942931258 0.1564526588845655 0.681339169909209 0.1556420233463035 0.6793125810635539 0.1552367055771725 0.6772859922178989 0.1552367055771725 0.6748540856031128 0.1548313878080415 0.6724221789883269 0.1548313878080415 0.6671530479896239 0.1564526588845655
1 0.7729750778816199 0.3786993769470405 0.770541277258567 0.3806464174454829 0.7676207165109034 0.3821066978193146 0.7656736760124611 0.3835669781931464 0.7637266355140186 0.3860007788161993 0.7627531152647974 0.3898948598130841 0.7622663551401868 0.3952492211838006 0.7622663551401868 0.4015771028037383 0.7622663551401868 0.40595794392523366 0.7637266355140186 0.40936526479750773 0.7642133956386292 0.41277258566978187 0.7661604361370716 0.4166666666666667 0.7681074766355139 0.42104750778816197 0.770541277258567 0.4244548286604361 0.7734618380062305 0.42786214953271023 0.7758956386292835 0.4312694704049844 0.778816199376947 0.4341900311526479 0.7827102803738317 0.4366238317757009 0.7846573208722741 0.4375973520249221 0.7880646417445482 0.44100467289719625 0.7904984423676013 0.4434384735202492 0.7948792834890965 0.44587227414330216 0.7987733644859812 0.44733255451713394 0.8021806853582554 0.44830607476635514 0.8055880062305295 0.44976635514018687 0.8089953271028036 0.45073987538940813 0.8124026479750779 0.45073987538940813 0.8162967289719626 0.45122663551401865 0.820677570093458 0.44976635514018687 0.824084890965732 0.44879283489096566 0.8274922118380061 0.4463590342679128 0.8299260124610591 0.4444119937694703 0.8323598130841121 0.4405179127725856 0.8328465732087227 0.4366238317757009 0.833820093457944 0.43175623052959494 0.8333333333333334 0.42494158878504673 0.8308995327102803 0.42007398753894076 0.828952492211838 0.4147196261682243 0.826518691588785 0.410338785046729 0.8250584112149533 0.4069314641744548 0.8226246105919003 0.4010903426791277 0.8197040498442367 0.3962227414330218 0.8187305295950155 0.3937889408099688 0.8148364485981308 0.3894080996884735 0.8124026479750779 0.38794781931464173 0.8085085669781932 0.3860007788161993 0.8046144859813084 0.3835669781931464 0.800233644859813 0.38015965732087226 0.7973130841121495 0.37918613707165105 0.794392523364486 0.3777258566978193 0.791958722741433 0.3767523364485981 0.7900116822429906 0.37626557632398755 0.7870911214953271 0.37529205607476634 0.7807632398753893 0.37529205607476634 0.7778426791277259 0.3757788161993769 0.7754088785046728 0.3772390965732087
1 0.8109756097560976 0.7047764227642277 0.8130081300813008 0.6986788617886179 0.8140243902439025 0.6951219512195123 0.8145325203252033 0.6915650406504066 0.8140243902439025 0.6854674796747968 0.8145325203252033 0.6803861788617886 0.8145325203252033 0.6773373983739838 0.8135162601626017 0.6717479674796749 0.8114837398373985 0.666158536585366 0.8084349593495935 0.660569105691057 0.8053861788617886 0.6575203252032521 0.8028455284552846 0.6554878048780489 0.7997967479674798 0.6534552845528456 0.7967479674796749 0.6524390243902439 0.7931910569105691 0.6514227642276423 0.7870934959349594 0.6509146341463415 0.7825203252032521 0.6514227642276423 0.7779471544715447 0.6524390243902439 0.77489837398374 0.6544715447154472 0.7708333333333335 0.6575203252032521 0.7682926829268293 0.6610772357723579 0.7657520325203253 0.6651422764227644 0.7647357723577237 0.6697154471544716 0.7632113821138212 0.6732723577235773 0.7627032520325204 0.6773373983739838 0.7611788617886179 0.6814024390243903 0.7601626016260163 0.6859756097560976 0.7601626016260163 0.6900406504065041 0.7611788617886179 0.6961382113821138 0.7627032520325204 0.7007113821138212 0.7647357723577237 0.7073170731707318 0.7667682926829269 0.7113821138211383 0.769308943089431 0.7144308943089431 0.7713414634146342 0.7159552845528456 0.7743902439024392 0.7169715447154472 0.7779471544715447 0.7184959349593497 0.7825203252032521 0.7190040650406504 0.7870934959349594 0.7184959349593497 0.7926829268292683 0.717479674796748 0.7962398373983741 0.7169715447154472 0.7992886178861789 0.7159552845528456 0.8013211382113822 0.7154471544715447 0.8053861788617886 0.71239837398374 0.8089430894308943 0.7078252032520326
1 0.8465757978723404 0.23321143617021278 0.8482380319148937 0.23653590425531917 0.848792109929078 0.23598182624113478 0.848792109929078 0.23930629432624115 0.8515625 0.24207668439716315 0.854332890070922 0.24650930851063832 0.8582114361702128 0.25038785460992913 0.8615359042553191 0.2526041666666667 0.8648603723404255 0.2553745567375887 0.8687389184397163 0.2575908687943263 0.8737256205673759 0.26036125886524825 0.878158244680851 0.26091533687943264 0.8814827127659574 0.26202349290780147 0.886469414893617 0.26313164893617025 0.8897938829787234 0.264239804964539 0.8942265070921986 0.264239804964539 0.8986591312056738 0.26257757092198586 0.9025376773049645 0.261469414893617 0.9091866134751773 0.25925310283687947 0.9141733156028368 0.2559286347517731 0.9180518617021277 0.2526041666666667 0.9197140957446808 0.2492796985815603 0.921376329787234 0.24484707446808512 0.9219304078014184 0.24096852836879437 0.921376329787234 0.23542774822695037 0.9197140957446808 0.2298869680851064 0.918605939716312 0.22545434397163122 0.9141733156028368 0.22102171985815605 0.908632535460993 0.21714317375886527 0.904753989361702 0.2154809397163121 0.8997672872340426 0.2143727836879433 0.8953346631205673 0.2127105496453901 0.8909020390070921 0.2121564716312057 0.8859153368794327 0.2121564716312057 0.8814827127659574 0.2121564716312057 0.8776041666666666 0.2127105496453901 0.8737256205673759 0.2132646276595745 0.8704011524822695 0.2143727836879433 0.8659685283687943 0.21658909574468088 0.8631981382978723 0.2176972517730497 0.8576573581560284 0.21991356382978727 0.8548869680851063 0.22046764184397163 0.8504543439716311 0.22212987588652486 0.8476839539007093 0.22490026595744686 0.8465757978723404 0.2298869680851064
1 0.8807160048134777 0.3719163658243081 0.8788357400722021 0.37492478941034896 0.8784596871239471 0.38094163658243085 0.8795878459687124 0.3850782190132371 0.8803399518652226 0.3888387484957882 0.8810920577617328 0.3922232250300842 0.8833483754512634 0.3963598074608905 0.8863567990373045 0.3997442839951865 0.8901173285198556 0.4020006016847172 0.8938778580024067 0.4038808664259928 0.8987665463297232 0.40538507821901326 0.9029031287605295 0.40538507821901326 0.908167870036101 0.404632972322503 0.9119283995186522 0.4038808664259928 0.9153128760529482 0.40312876052948254 0.9194494584837545 0.401248495788207 0.9217057761732852 0.3993682310469314 0.924714199759326 0.3967358604091456 0.9280986762936222 0.3929753309265945 0.9299789410348978 0.39071901323706376 0.9314831528279182 0.38733453670276774 0.9326113116726835 0.3850782190132371 0.9344915764139591 0.3805655836341757 0.9359957882069795 0.3768050541516246 0.9359957882069795 0.3753008423586041 0.9359957882069795 0.3726684717208183 0.9333634175691937 0.3681558363417569 0.9314831528279182 0.365147412755716 0.9292268351383874 0.36289109506618533 0.9258423586040915 0.3606347773766546 0.9239620938628159 0.3591305655836342 0.92132972322503 0.35800240673886885 0.9183212996389892 0.3576263537906137 0.9138086642599278 0.3576263537906137 0.9108002406738869 0.3572503008423586 0.9066636582430807 0.35800240673886885 0.9006468110709988 0.3595066185318893 0.897638387484958 0.36176293622142 0.8935018050541517 0.36289109506618533 0.8897412755716004 0.3643953068592058 0.8871089049338147 0.36665162454873645 0.8829723225030084 0.3692839951865222
0 0.8280109489051095 0.2862682481751824 0.8287712895377128 0.2828467153284671 0.8287712895377128 0.2798053527980535 0.8291514598540145 0.2771441605839416 0.8268704379562043 0.2771441605839416 0.8249695863746958 0.281706204379562 0.8245894160583941 0.2839872262773723 0.823448905109489 0.2866484184914842 0.823448905109489 0.2893096107055961 0.8226885644768857 0.2923509732360097 0.8223083941605839 0.29501216545012166 0.8215480535279804 0.29729318734793186 0.8207877128953771 0.29995437956204374 0.8211678832116788 0.30489659367396593 0.8207877128953771 0.30717761557177614 0.8211678832116788 0.30907846715328463 0.8211678832116788 0.31173965936739656 0.8215480535279804 0.31288017031630166 0.8219282238442821 0.3132603406326034 0.8226885644768857 0.3132603406326034 0.823448905109489 0.3132603406326034 0.8253497566909975 0.31288017031630166 0.8257299270072992 0.31021897810218974 0.8253497566909975 0.3052767639902676 0.8257299270072992 0.3018552311435523 0.8257299270072992 0.2976733576642336 0.8264902676399026 0.29463199513381993 0.8264902676399026 0.291970802919708 0.827250608272506 0.2885492700729927
1 0.7530430711610486 0.04424157303370787 0.7521067415730337 0.04541198501872659 0.7514044943820224 0.046348314606741575 0.7509363295880149 0.048220973782771535 0.75 0.05032771535580524 0.7495318352059925 0.053136704119850185 0.7497659176029963 0.055009363295880145 0.7495318352059925 0.057818352059925096 0.7492977528089887 0.06015917602996255 0.7495318352059925 0.06203183520599251 0.7497659176029963 0.06413857677902621 0.7502340823970037 0.06601123595505617 0.7504681647940075 0.0671816479400749 0.7504681647940075 0.06811797752808987 0.7507022471910112 0.07022471910112359 0.7516385767790262 0.07162921348314606 0.7523408239700374 0.07350187265917603 0.7535112359550561 0.07420411985018727 0.7542134831460674 0.07490636704119849 0.7553838951310861 0.07560861423220973 0.7570224719101123 0.07677902621722847 0.7581928838951311 0.07724719101123595 0.759129213483146 0.07771535580524344 0.7598314606741572 0.07818352059925093 0.7617041198501872 0.07888576779026217 0.7631086142322097 0.08005617977528089 0.7656835205992508 0.08122659176029963 0.7680243445692884 0.08192883895131085 0.7694288389513109 0.08192883895131085 0.7708333333333334 0.08239700374531835 0.7722378277153558 0.08286516853932584 0.7741104868913857 0.08333333333333333 0.7755149812734082 0.08333333333333333 0.7771535580524345 0.08333333333333333 0.7792602996254682 0.08333333333333333 0.7811329588014981 0.08333333333333333 0.7830056179775281 0.08309925093632958 0.7844101123595505 0.08263108614232209 0.785814606741573 0.0821629213483146 0.787687265917603 0.08122659176029963 0.7890917602996254 0.08005617977528089 0.7909644194756553 0.07841760299625468 0.7921348314606741 0.07701310861423222 0.793071161048689 0.07631086142322098 0.7944756554307115 0.07467228464419476 0.7951779026217227 0.07373595505617977 0.795880149812734 0.07186329588014981 0.7972846441947564 0.06952247191011236 0.7972846441947564 0.0676498127340824 0.7977528089887641 0.06460674157303371 0.7977528089887641 0.061095505617977525 0.7975187265917604 0.05898876404494382 0.7975187265917604 0.05711610486891385 0.7965823970037452 0.05547752808988764 0.7956460674157303 0.053136704119850185 0.7947097378277153 0.05173220973782771 0.7911985018726592 0.049625468164794004 0.7888576779026216 0.04775280898876404 0.7869850187265917 0.04611423220973783 0.7851123595505618 0.04447565543071161 0.783941947565543 0.043539325842696625 0.7820692883895131 0.042837078651685394 0.7799625468164794 0.041666666666666664 0.7785580524344569 0.04096441947565543 0.7762172284644194 0.040262172284644196 0.7731741573033708 0.0397940074906367 0.7708333333333334 0.03932584269662921 0.7677902621722846 0.039091760299625467 0.7659176029962546 0.039091760299625467 0.7645131086142322 0.039091760299625467 0.7626404494382022 0.03932584269662921 0.7614700374531834 0.0397940074906367 0.7595973782771535 0.040262172284644196 0.7584269662921348 0.04119850187265917 0.7563202247191011 0.04190074906367041 0.7549157303370786 0.042837078651685394
1 0.6539606227106227 0.049183455433455474 0.65357905982906 0.05299908424908429 0.6539606227106227 0.057196275946275986 0.6547237484737486 0.059867216117216154 0.6554868742368744 0.06177503052503056 0.6562500000000001 0.06444597069597073 0.6570131257631258 0.06749847374847379 0.6577762515262516 0.07055097680097684 0.6589209401709403 0.07284035409035414 0.6604471916971917 0.07436660561660566 0.6619734432234433 0.07627442002442006 0.6638812576312577 0.0778006715506716 0.666170634920635 0.07856379731379735 0.6684600122100123 0.07932692307692311 0.6703678266178268 0.07932692307692311 0.6734203296703298 0.079708485958486 0.6772359584859585 0.079708485958486 0.6802884615384617 0.07932692307692311 0.6829594017094018 0.07856379731379735 0.6852487789987791 0.0778006715506716 0.6890644078144079 0.07589285714285718 0.692116910866911 0.07398504273504278 0.6955509768009769 0.07169566544566548 0.6997481684981686 0.06749847374847379 0.701655982905983 0.06482753357753361 0.7043269230769231 0.06215659340659344 0.7069978632478634 0.057577838827838866 0.7081425518925519 0.05528846153846158 0.7104319291819293 0.05185439560439564 0.7119581807081807 0.049183455433455474 0.7127213064713066 0.04574938949938954 0.7138659951159952 0.04193376068376072 0.7146291208791209 0.040025946275946314 0.7146291208791209 0.03582875457875461 0.7153922466422468 0.030868437118437154 0.7146291208791209 0.028579059829059863 0.714247557997558 0.025144993894993927 0.714247557997558 0.022092490842490875 0.7134844322344324 0.018658424908424943 0.711195054945055 0.014842796092796129 0.7100503663003664 0.013316544566544603 0.707760989010989 0.011408730158730195 0.7058531746031746 0.01026404151404155 0.7050900488400489 0.009500915750915785 0.7024191086691087 0.007593101343101377 0.7008928571428572 0.007211538461538496 0.6978403540903542 0.006448412698412733 0.695169413919414 0.006448412698412733 0.6924984737484738 0.006066849816849851 0.6905906593406594 0.006829975579975614 0.6894459706959708 0.006829975579975614 0.685630341880342 0.007974664224664259 0.6848672161172161 0.007974664224664259 0.6829594017094018 0.009500915750915785 0.6810515873015873 0.010645604395604432 0.6799068986568988 0.011790293040293076 0.6768543956043958 0.013698107448107483 0.6741834554334555 0.01560592185592189 0.6711309523809524 0.01789529914529918 0.6684600122100123 0.02094780219780223 0.6669337606837609 0.02285561660561664 0.6638812576312577 0.02590811965811969 0.6619734432234433 0.02819749694749698 0.6593025030525032 0.031631562881562915 0.6577762515262516 0.0339209401709402 0.6570131257631258 0.036591880341880385 0.6551053113553115 0.04155219780219784 0.6543421855921856 0.04613095238095242
1 0.5604777167277167 0.8313873626373628 0.5635302197802198 0.8332951770451771 0.5669642857142858 0.8352029914529915 0.5703983516483517 0.8367292429792431 0.5738324175824177 0.8378739316239318 0.5765033577533578 0.8386370573870574 0.5787927350427352 0.8386370573870574 0.5807005494505495 0.8386370573870574 0.5810821123321124 0.8386370573870574 0.582608363858364 0.8386370573870574 0.5845161782661783 0.8386370573870574 0.5875686813186813 0.8382554945054946 0.5906211843711844 0.8378739316239318 0.5932921245421245 0.8355845543345544 0.5963446275946277 0.8329136141636142 0.5978708791208792 0.830242673992674 0.6005418192918194 0.8260454822954824 0.6020680708180709 0.8226114163614164 0.6035943223443224 0.8199404761904763 0.6047390109890111 0.8165064102564104 0.6058836996336997 0.8119276556776557 0.6058836996336997 0.8088751526251526 0.6058836996336997 0.8062042124542125 0.6043574481074482 0.8016254578754579 0.6024496336996338 0.7989545177045178 0.6001602564102565 0.7943757631257633 0.5982524420024421 0.7909416971916973 0.5955815018315019 0.7867445054945056 0.5936736874236874 0.7836920024420025 0.5906211843711844 0.7794948107448109 0.5875686813186813 0.7760607448107449 0.5845161782661783 0.7726266788766789 0.5810821123321124 0.7695741758241759 0.579555860805861 0.7684294871794872 0.5772664835164836 0.7665216727716728 0.5753586691086692 0.7653769841269842 0.5730692918192919 0.7638507326007328 0.5669642857142858 0.7611797924297926 0.5646749084249085 0.7600351037851039 0.5620039682539684 0.759653540903541 0.5593330280830282 0.759653540903541 0.5570436507936508 0.7592719780219781 0.5539911477411478 0.7592719780219781 0.5520833333333335 0.759653540903541 0.5494123931623933 0.7600351037851039 0.546741452991453 0.7615613553113554 0.5448336385836386 0.7630876068376069 0.5429258241758242 0.7653769841269842 0.5421626984126985 0.7680479242979243 0.5402548840048841 0.7730082417582419 0.5394917582417583 0.7768238705738707 0.5387286324786326 0.7802579365079366 0.5383470695970697 0.7829288766788768 0.5383470695970697 0.7859813797313798 0.5391101953601954 0.7913232600732603 0.5398733211233212 0.7955204517704518 0.5410180097680098 0.7997176434676435 0.5425442612942615 0.8046779609279611 0.5440705128205129 0.8088751526251526 0.5459783272283274 0.8130723443223444 0.5478861416361417 0.8168879731379732 0.5505570818070818 0.8199404761904763 0.5517017704517706 0.8218482905982907 0.553228021978022 0.824519230769231 0.5551358363858365 0.8264270451770452 0.5570436507936508 0.8279532967032969 0.5585699023199024 0.8298611111111112
1 0.894306282722513 0.8484947643979057 0.8910340314136125 0.8528577661431064 0.8893979057591623 0.8577661431064573 0.8888525305410122 0.8621291448516578 0.8877617801047121 0.8692190226876091 0.8883071553228621 0.8741273996509598 0.8888525305410122 0.8779450261780105 0.8899432809773123 0.8806719022687608 0.8910340314136125 0.8828534031413612 0.8921247818499126 0.8855802792321117 0.8948516579406631 0.8883071553228621 0.8970331588132635 0.8899432809773123 0.8986692844677138 0.8915794066317626 0.9003054101221639 0.8932155322862129 0.9024869109947643 0.894306282722513 0.9057591623036649 0.8959424083769634 0.9079406631762653 0.8970331588132635 0.9106675392670156 0.8981239092495638 0.9133944153577661 0.8981239092495638 0.9155759162303665 0.8981239092495638 0.9188481675392669 0.8981239092495638 0.9226657940663175 0.8981239092495638 0.9270287958115183 0.8975785340314136 0.9319371727748691 0.8953970331588132 0.9368455497382198 0.8932155322862129 0.9412085514834205 0.8883071553228621 0.9417539267015707 0.8883071553228621 0.9444808027923212 0.8823080279232111 0.9455715532286213 0.8773996509598604 0.9472076788830714 0.8719458987783594 0.9493891797556718 0.8675828970331588 0.9510253054101221 0.8632198952879581 0.9515706806282722 0.8583115183246073 0.9510253054101221 0.849585514834206 0.949934554973822 0.8435863874345549 0.9466623036649213 0.838132635253054 0.9450261780104712 0.8364965095986038 0.9422993019197208 0.8326788830715532 0.9401178010471204 0.8288612565445026 0.9373909249563699 0.8266797556719022 0.9335732984293194 0.825043630017452 0.9308464223385688 0.8244982547993018 0.9264834205933682 0.825043630017452 0.9215750436300174 0.825043630017452 0.9177574171029668 0.8266797556719022 0.9139397905759162 0.8277705061082024 0.9112129144851657 0.8299520069808027 0.9079406631762653 0.8332242582897033 0.9035776614310645 0.8364965095986038 0.900850785340314 0.8397687609075043 0.8986692844677138 0.8435863874345549
1 0.5039612676056338 0.2893926056338028 0.5021273474178404 0.2904929577464789 0.501393779342723 0.29159330985915494 0.5006602112676056 0.292693661971831 0.49992664319248825 0.29416079812206575 0.49882629107981225 0.2970950704225352 0.4977259389671362 0.29856220657277 0.4966255868544601 0.30076291079812206 0.49625880281690143 0.3018632629107981 0.49625880281690143 0.30406396713615025 0.49589201877934275 0.30663145539906106 0.4966255868544601 0.31029929577464793 0.49735915492957744 0.3132335680751174 0.49735915492957744 0.3161678403755869 0.49735915492957744 0.3187353286384977 0.49809272300469487 0.32203638497652587 0.49882629107981225 0.32423708920187794 0.500293427230047 0.32717136150234744 0.5017605633802817 0.32900528169014087 0.5032276995305165 0.33083920187793425 0.5046948356807512 0.3330399061032864 0.5068955399061034 0.3345070422535211 0.5094630281690141 0.3363409624413146 0.5116637323943662 0.338174882629108 0.5138644366197184 0.3407423708920188 0.5156983568075117 0.34294307511737093 0.5171654929577465 0.344043427230047 0.5204665492957746 0.34697769953051644 0.5223004694835681 0.3488116197183099 0.5256015258215962 0.3506455399061033 0.5281690140845071 0.3517458920187793 0.5307365023474179 0.35247946009389675 0.5325704225352113 0.3532130281690141 0.5355046948356808 0.3535798122065728 0.5391725352112676 0.35504694835680756 0.5413732394366197 0.35578051643192493 0.546875 0.35688086854460094 0.5505428403755869 0.3576144366197183 0.5531103286384977 0.357981220657277 0.5553110328638498 0.357981220657277 0.5578785211267605 0.357981220657277 0.559712441314554 0.35651408450704225 0.5611795774647887 0.3535798122065728 0.5622799295774648 0.3513791079812207 0.5630134976525821 0.34807805164319255 0.5633802816901409 0.3433098591549296 0.5626467136150235 0.33964201877934275 0.5619131455399061 0.3378080985915493 0.5608127934272301 0.3359741784037559 0.5604460093896714 0.3345070422535211 0.558612089201878 0.33010563380281693 0.5560446009389672 0.32423708920187794 0.5531103286384977 0.3187353286384977 0.5509096244131456 0.3150674882629108 0.5490757042253521 0.3117664319248827 0.5461414319248826 0.3077318075117371 0.5432071596244132 0.3051643192488263 0.5399061032863851 0.3022300469483568 0.5369718309859155 0.299662558685446 0.5336707746478874 0.29746185446009393 0.5307365023474179 0.2952611502347418 0.5289025821596245 0.29416079812206575 0.5263350938967136 0.2923268779342723 0.520099765258216 0.2908597417840376 0.5175322769953052 0.28975938967136156 0.5149647887323944 0.2890258215962441 0.5127640845070423 0.28865903755868544 0.5105633802816902 0.28865903755868544 0.5087294600938967 0.2890258215962441 0.5068955399061034 0.2890258215962441
1 0.5579253214638971 0.6447823936696341 0.5597799208704254 0.6429277942631058 0.5607072205736894 0.6416913946587537 0.5622527200791295 0.6401458951533135 0.5641073194856577 0.6376730959446093 0.5653437190900098 0.634891196834817 0.5675074183976261 0.6314910979228486 0.5687438180019783 0.6296364985163205 0.5696711177052424 0.6265454995054401 0.5705984174085064 0.6240727002967359 0.5705984174085064 0.6225272007912958 0.5709075173095944 0.6191271018793274 0.5705984174085064 0.6160361028684471 0.5709075173095944 0.6132542037586547 0.5718348170128585 0.6101632047477744 0.5715257171117705 0.6067631058358062 0.5709075173095944 0.6042903066271018 0.5702893175074184 0.6015084075173096 0.5699802176063303 0.5990356083086054 0.5696711177052424 0.5974901088031651 0.5681256181998022 0.5940900098911968 0.5665801186943621 0.5928536102868447 0.5647255192878338 0.5919263105835806 0.5628709198813057 0.5909990108803166 0.5613254203758655 0.5894535113748763 0.5594708209693373 0.5879080118694362 0.5579253214638971 0.586671612265084 0.5563798219584569 0.586053412462908 0.5548343224530168 0.5851261127596439 0.5532888229475766 0.5838897131552918 0.5495796241345202 0.5826533135509397 0.547415924826904 0.5823442136498517 0.5455613254203758 0.5820351137487635 0.5440158259149357 0.5820351137487635 0.5430885262116717 0.5820351137487635 0.5412339268051434 0.5826533135509397 0.5396884272997032 0.5829624134520277 0.5381429277942631 0.5838897131552918 0.536597428288823 0.5845079129574678 0.5341246290801186 0.586053412462908 0.5325791295746786 0.58728981206726 0.5310336300692383 0.5888353115727002 0.5297972304648862 0.5906899109792285 0.5288699307616221 0.5931627101879328 0.527942631058358 0.5953264094955489 0.527324431256182 0.5974901088031651 0.5263971315529179 0.6008902077151336 0.5260880316518298 0.6036721068249258 0.5257789317507419 0.6079995054401582 0.5257789317507419 0.6123269040553907 0.5257789317507419 0.6163452027695351 0.5254698318496538 0.6200544015825914 0.5257789317507419 0.6231454005934718 0.5263971315529179 0.6259272997032641 0.527324431256182 0.6280909990108803 0.527942631058358 0.6305637982195846 0.5282517309594461 0.6333456973293768 0.5288699307616221 0.6358184965380811 0.5304154302670623 0.6389094955489615 0.5316518298714145 0.6413822947576656 0.5328882294757665 0.6432368941641938 0.5347428288822947 0.6447823936696341 0.536597428288823 0.6460187932739861 0.5390702274975272 0.6472551928783383 0.5415430267062314 0.6481824925816023 0.5433976261127597 0.6491097922848664 0.5446340257171118 0.6491097922848664 0.546797725024728 0.6488006923837785 0.5498887240356083 0.6484915924826904 0.5514342235410485 0.6481824925816023 0.5532888229475766 0.6475642927794263 0.5554525222551928 0.6457096933728982
1 0.44479475766567755 0.6512734915924826 0.44294015825914934 0.6534371909000989 0.4417037586547972 0.6562190900098912 0.4404673590504451 0.6580736894164193 0.4392309594460929 0.6605464886251237 0.4386127596439169 0.6624010880316519 0.43737636003956476 0.6651829871414441 0.4367581602373887 0.6688921859545005 0.4364490603363007 0.6729104846686449 0.4361399604352127 0.6760014836795253 0.4364490603363007 0.6803288822947576 0.4364490603363007 0.6828016815034619 0.4364490603363007 0.6849653808110782 0.43706726013847674 0.6874381800197824 0.4376854599406528 0.6908382789317506 0.4392309594460929 0.6930019782393669 0.4407764589515331 0.6951656775469832 0.44263105835806127 0.6976384767556874 0.44417655786350146 0.6998021760633036 0.4457220573689416 0.7010385756676558 0.4475766567754698 0.7028931750741839 0.44881305637982194 0.7047477744807121 0.4503585558852621 0.7059841740850642 0.4519040553907023 0.7069114737883283 0.4531404549950544 0.7078387734915925 0.4543768545994065 0.7087660731948566 0.45592235410484666 0.7096933728981206 0.45932245301681507 0.7103115727002968 0.4624134520276953 0.7106206726013847 0.46426805143422356 0.7106206726013847 0.4670499505440158 0.7109297725024728 0.46952274975272007 0.7106206726013847 0.4716864490603363 0.7103115727002968 0.47415924826904055 0.7093842729970327 0.4772502472799208 0.7075296735905044 0.4791048466864491 0.7056750741839762 0.4815776458951533 0.7041295746785361 0.4831231454005935 0.7022749752720079 0.48497774480712164 0.7001112759643917 0.48621414441147376 0.6976384767556874 0.48745054401582594 0.6951656775469832 0.488686943620178 0.693311078140455 0.4896142433234421 0.6908382789317506 0.4905415430267062 0.684038081107814 0.48992334322453013 0.6883654797230464 0.4905415430267062 0.6800197823936696 0.4905415430267062 0.6763105835806132 0.4908506429277943 0.6722922848664689 0.4911597428288823 0.6692012858555886 0.4911597428288823 0.6654920870425322 0.4911597428288823 0.6627101879327398 0.49023244312561814 0.6593100890207715 0.488996043521266 0.6568372898120672 0.48837784371909 0.6559099901088031 0.48590504451038574 0.6509643916913946 0.48559594460929767 0.6497279920870425 0.4846686449060336 0.6481824925816023 0.4837413452027695 0.6463278931750742 0.4821958456973293 0.6441641938674579 0.478795746785361 0.6416913946587537 0.4766320474777448 0.6407640949554896 0.47477744807121663 0.6398367952522255 0.47323194856577644 0.6392185954500494 0.47106824925816027 0.6392185954500494 0.46797725024727993 0.6386003956478734 0.46581355093966365 0.6382912957467853 0.4624134520276953 0.6379821958456974 0.4596315529179031 0.6382912957467853 0.4577769535113749 0.6392185954500494 0.45592235410484666 0.6407640949554896 0.45375865479723043 0.6420004945598417 0.4525222551928783 0.6429277942631058 0.4466493570722057 0.6484915924826904 0.4503585558852621 0.6444732937685459 0.4485039564787339 0.6466369930761622 0.4463402571711177 0.6488006923837785
1 0.4423920377867746 0.3947368421052631 0.44112685560053977 0.39684547908232115 0.44028340080971656 0.39895411605937914 0.4390182186234818 0.40190620782726044 0.4373313090418353 0.40485829959514164 0.4360661268556005 0.40781039136302294 0.4352226720647773 0.41202766531713897 0.4356443994601889 0.41540148448043185 0.4356443994601889 0.4200404858299595 0.4360661268556005 0.42257085020242907 0.4364878542510121 0.4255229419703104 0.4369095816464237 0.4288967611336032 0.4373313090418353 0.4314271255060728 0.43775303643724695 0.43353576248313086 0.4390182186234818 0.4364878542510121 0.44112685560053977 0.43859649122807015 0.444078947368421 0.44028340080971656 0.44703103913630227 0.4428137651821862 0.44956140350877194 0.44450067476383265 0.4504048582995951 0.4453441295546558 0.45251349527665313 0.446187584345479 0.45377867746288797 0.446187584345479 0.4554655870445344 0.446187584345479 0.45883940620782726 0.44703103913630227 0.4622132253711201 0.44703103913630227 0.4664304993252361 0.44576585695006743 0.46980431848852894 0.4453441295546558 0.474021592442645 0.4428137651821862 0.47570850202429144 0.4423920377867746 0.4786605937921727 0.4390182186234818 0.48203441295546556 0.4352226720647773 0.4828778677462887 0.43437921727395407 0.4854082321187584 0.43100539811066124 0.48709514170040485 0.42805330634278 0.48836032388663964 0.42467948717948717 0.49004723346828605 0.42130566801619435 0.4913124156545209 0.41666666666666663 0.4921558704453441 0.4137145748987854 0.4929993252361673 0.40949730094466935 0.4929993252361673 0.4057017543859649 0.4929993252361673 0.4023279352226721 0.4921558704453441 0.398110661268556 0.4913124156545209 0.39684547908232115 0.48969655797101447 0.3945878623188406 0.4874320652173913 0.3917572463768116 0.4840353260869565 0.3872282608695652 0.4795063405797101 0.38383152173913043 0.4744112318840579 0.382133152173913 0.47214673913043476 0.3815670289855072 0.4670516304347826 0.38100090579710144 0.4636548913043478 0.38100090579710144 0.4608242753623188 0.382133152173913 0.45588731443994596 0.38503711201079616 0.45293522267206476 0.3867240215924426 0.4508265856950067 0.38841093117408904 0.44703103913630227 0.39094129554655865 0.44450067476383265 0.3930499325236167
1 0.4714912280701754 0.9046052631578946 0.47275641025641024 0.906292172739541 0.47570850202429144 0.9084008097165992 0.47781713900134953 0.9100877192982455 0.4790823211875843 0.9109311740890687 0.4807692307692307 0.9126180836707152 0.4824561403508772 0.9138832658569499 0.4845647773279352 0.9147267206477732 0.48709514170040485 0.9155701754385963 0.4887820512820512 0.9155701754385964 0.49257759784075567 0.9151484480431848 0.4963731443994602 0.9143049932523616 0.4989035087719298 0.9138832658569499 0.5026990553306343 0.9126180836707152 0.5056511470985154 0.9113529014844803 0.507338056680162 0.9105094466936572 0.5115553306342779 0.9079790823211875 0.5140856950067476 0.9067139001349527 0.515772604588394 0.9037618083670715 0.5174595141700404 0.9012314439946019 0.5183029689608636 0.8991228070175438 0.5191464237516868 0.8974358974358974 0.5199898785425101 0.8940620782726045 0.5199898785425101 0.8911099865047233 0.5199898785425101 0.8860492577597839 0.5195681511470984 0.8826754385964911 0.5187246963562753 0.8788798920377867 0.5149291497975708 0.8755060728744938 0.5123987854251012 0.8738191632928474 0.50944669365722 0.8725539811066126 0.507338056680162 0.872132253711201 0.5043859649122806 0.8712887989203778 0.501855600539811 0.8708670715249661 0.49848178137651816 0.8708670715249661 0.49595141700404854 0.8708670715249661 0.4929993252361673 0.8708670715249661 0.4908906882591093 0.8708670715249662 0.4887820512820512 0.872132253711201 0.48625168690958165 0.8729757085020241 0.4845647773279352 0.874240890688259 0.48161268556005393 0.8755060728744938 0.4795040485829959 0.876349527665317 0.47613022941970307 0.8793016194331983 0.47444331983805665 0.8801450742240216 0.4735998650472334 0.881831983805668 0.47275641025641024 0.8835188933873144 0.4710695006747638 0.8856275303643724 0.46980431848852894 0.888157894736842 0.46938259109311736 0.892375168690958 0.46938259109311736 0.8970141700404858 0.46980431848852894 0.8995445344129553 0.47022604588394057 0.902074898785425
1 0.3241371480472298 0.8268051771117165 0.3215826521344233 0.8270890099909174 0.31931198910081743 0.8282243415077203 0.3173251589464124 0.8287920072661218 0.3153383287920073 0.8299273387829247 0.3133514986376022 0.8307788374205268 0.31193233424159855 0.8319141689373297 0.30994550408719346 0.8324818346957311 0.30653950953678477 0.834752497729337 0.3042688465031789 0.8373069936421434 0.30114668483197093 0.8398614895549501 0.29802452316076294 0.8432674841053588 0.2954700272479564 0.8458219800181653 0.2943346957311535 0.8478088101725704 0.2923478655767484 0.8500794732061762 0.29064486830154407 0.853485467756585 0.28894187102633967 0.8560399636693915 0.2878065395095368 0.8583106267029973 0.2878065395095368 0.8611489554950045 0.28695504087193463 0.864838782924614 0.2863873751135332 0.8673932788374206 0.28610354223433243 0.8707992733878293 0.2863873751135332 0.8736376021798365 0.28667120799273393 0.8759082652134423 0.287522706630336 0.8778950953678474 0.2883742052679382 0.8798819255222525 0.28979336966394187 0.8818687556766577 0.29291553133514986 0.883571752951862 0.2951861943687557 0.8844232515894641 0.29915985467756584 0.885558583106267 0.30199818346957313 0.8861262488646685 0.30568801089918257 0.8864100817438693 0.30795867393278836 0.8864100817438693 0.3116485013623978 0.8864100817438693 0.3142029972752044 0.885558583106267 0.31704132606721164 0.8849909173478656 0.31931198910081743 0.8844232515894641 0.3215826521344233 0.883571752951862 0.324988646684832 0.8810172570390554 0.32839464123524065 0.8787465940054495 0.33009763851044505 0.8767597638510445 0.3318006357856494 0.874205267938238 0.3335036330608538 0.8727861035422343 0.33690962761126253 0.8688124432334241 0.3386126248864668 0.8662579473206177 0.33974795640326977 0.8654064486830155 0.3405994550408719 0.8639872842870118 0.34201861943687556 0.8631357856494096 0.34315395095367845 0.8622842870118075 0.3454246139872843 0.8602974568574024 0.34684377838328795 0.8594459582198002 0.34911444141689374 0.8568914623069936 0.35024977293369663 0.8543369663941872 0.3508174386920981 0.8500794732061762 0.35110127157129883 0.8446866485013624 0.3505336058128974 0.842983651226158 0.3505336058128974 0.8395776566757492 0.3505336058128974 0.8373069936421434 0.34939827429609444 0.8350363306085378 0.34826294277929154 0.8341848319709355 0.34684377838328795 0.8313465031789282 0.3454246139872843 0.8293596730245232 0.34315395095367845 0.8279405086285195 0.3414509536784741 0.8270890099909174 0.337477293369664 0.8259536784741145 0.33520663033605813 0.8259536784741145 0.33293596730245234 0.8262375113533152 0.32924613987284285 0.8262375113533152 0.3272593097184378 0.8262375113533152
1 0.4716605392156863 0.5229779411764707 0.4685968137254902 0.5145526960784313 0.46553308823529416 0.5099571078431373 0.4624693627450981 0.5053615196078431 0.45940563725490197 0.5022977941176471 0.4555759803921569 0.5000000000000001 0.4509803921568628 0.49846813725490197 0.44178921568627455 0.49846813725490197 0.43489583333333337 0.499234068627451 0.4295343137254902 0.5030637254901962 0.42570465686274517 0.5076593137254902 0.4241727941176471 0.5084252450980392 0.42187500000000006 0.5114889705882353 0.41957720588235303 0.5153186274509804 0.41804534313725494 0.5214460784313726 0.4172794117647059 0.5275735294117647 0.4172794117647059 0.5321691176470589 0.4172794117647059 0.5375306372549019 0.4172794117647059 0.5421262254901961 0.418811274509804 0.5467218137254902 0.41957720588235303 0.5520833333333334 0.42034313725490197 0.5566789215686274 0.4234068627450981 0.5628063725490196 0.42647058823529416 0.5666360294117647 0.43259803921568635 0.5727634803921569 0.43489583333333337 0.5758272058823529 0.4387254901960785 0.5796568627450981 0.44408700980392163 0.5819546568627451 0.4471507352941177 0.5819546568627451 0.4509803921568628 0.5819546568627451 0.4555759803921569 0.5811887254901961 0.45863970588235303 0.577359068627451 0.4632352941176471 0.5712316176470588 0.46553308823529416 0.5643382352941176 0.46783088235294124 0.5582107843137255 0.47012867647058826 0.5513174019607843 0.4716605392156863 0.5482536764705882 0.4731924019607844 0.5421262254901961 0.4747242647058824 0.5367647058823529 0.47395833333333337 0.5283394607843138
1 0.33843537414965985 0.44600340136054417 0.3418367346938775 0.44472789115646255 0.34396258503401356 0.4443027210884354 0.3469387755102041 0.4430272108843537 0.35034013605442177 0.4409013605442177 0.35374149659863946 0.4383503401360544 0.35671768707482987 0.4349489795918367 0.35926870748299317 0.43197278911564624 0.3622448979591837 0.42942176870748294 0.36352040816326525 0.4277210884353741 0.3656462585034014 0.42517006802721086 0.366921768707483 0.4230442176870748 0.3677721088435374 0.4200680272108844 0.3677721088435374 0.41624149659863946 0.3677721088435374 0.41284013605442177 0.366921768707483 0.40901360544217685 0.36479591836734687 0.40518707482993194 0.3630952380952381 0.40178571428571425 0.3605442176870748 0.40051020408163257 0.3571428571428571 0.3988095238095238 0.35459183673469385 0.39753401360544216 0.35119047619047616 0.39753401360544216 0.34736394557823125 0.39753401360544216 0.344812925170068 0.39838435374149656 0.3414115646258503 0.3988095238095238 0.33843537414965985 0.3996598639455782 0.3363095238095238 0.40093537414965985 0.33460884353741494 0.4013605442176871 0.3320578231292517 0.40306122448979587 0.33035714285714285 0.4039115646258503 0.32653061224489793 0.40646258503401356 0.32312925170068024 0.4077380952380952 0.3201530612244898 0.40858843537414963 0.3171768707482993 0.40986394557823125 0.31505102040816324 0.41113945578231287 0.31164965986394555 0.4141156462585034 0.3086734693877551 0.41921768707482987 0.3090986394557823 0.41921768707482987 0.3078231292517007 0.42176870748299317 0.30739795918367346 0.42602040816326525 0.3078231292517007 0.4302721088435374 0.3078231292517007 0.43197278911564624 0.3090986394557823 0.4349489795918367 0.3112244897959184 0.43792517006802717 0.3142006802721088 0.44047619047619047 0.3171768707482993 0.4443027210884354 0.320578231292517 0.4464285714285714 0.32355442176870747 0.4489795918367347 0.32653061224489793 0.45025510204081626 0.3299319727891156 0.45025510204081626 0.3329081632653061 0.44855442176870747
1 0.3227040816326531 0.5085034013605442 0.32440476190476186 0.5114795918367346 0.3273809523809524 0.5144557823129251 0.3295068027210884 0.5165816326530612 0.33035714285714285 0.5174319727891156 0.33163265306122447 0.5187074829931972 0.33460884353741494 0.5204081632653061 0.3371598639455782 0.5225340136054422 0.33928571428571425 0.5238095238095238 0.3418367346938775 0.5250850340136054 0.34311224489795916 0.5263605442176871 0.3452380952380952 0.5280612244897959 0.34651360544217685 0.5284863945578231 0.34863945578231287 0.5293367346938775 0.35034013605442177 0.5301870748299319 0.3524659863945578 0.5306122448979591 0.35459183673469385 0.5310374149659863 0.35799319727891155 0.5314625850340136 0.3605442176870748 0.5314625850340136 0.3630952380952381 0.5314625850340136 0.36607142857142855 0.5306122448979591 0.3703231292517007 0.5297619047619048 0.3720238095238095 0.5284863945578231 0.37627551020408156 0.5267857142857142 0.3784013605442177 0.5246598639455782 0.3805272108843537 0.5233843537414965 0.38222789115646255 0.5208333333333333 0.383078231292517 0.5191326530612245 0.38350340136054417 0.5165816326530612 0.38435374149659857 0.5148809523809523 0.3852040816326531 0.5123299319727891 0.3852040816326531 0.5097789115646258 0.3852040816326531 0.5076530612244897 0.3847789115646258 0.5055272108843537 0.3809523809523809 0.49829931972789115 0.37712585034013607 0.49234693877551017 0.375 0.48979591836734687 0.3737244897959184 0.4880952380952381 0.3728741496598639 0.4863945578231292 0.36989795918367346 0.4846938775510204 0.36479591836734687 0.4800170068027211 0.360969387755102 0.477891156462585 0.35799319727891155 0.47619047619047616 0.35459183673469385 0.47534013605442177 0.35204081632653056 0.4740646258503401 0.3490646258503401 0.4732142857142857 0.3469387755102041 0.47236394557823125 0.34396258503401356 0.47151360544217685 0.3414115646258503 0.47108843537414963 0.33928571428571425 0.47108843537414963 0.336734693877551 0.47108843537414963 0.3299319727891156 0.4732142857142857 0.3273809523809524 0.4740646258503401 0.3248299319727891 0.47534013605442177 0.32312925170068024 0.4766156462585034 0.3214285714285714 0.4774659863945578 0.3184523809523809 0.47874149659863946 0.3159013605442177 0.4821428571428571 0.31505102040816324 0.48384353741496594 0.31462585034013607 0.4863945578231292 0.3142006802721088 0.4880952380952381 0.31462585034013607 0.4906462585034013 0.31462585034013607 0.49447278911564624 0.3159013605442177 0.4961734693877551 0.3167517006802721 0.49914965986394555 0.3176020408163265 0.5017006802721088 0.3176020408163265 0.5025510204081632 0.31887755102040816 0.5042517006802721 0.32100340136054417 0.5059523809523809
1 0.43197278911564624 0.8133503401360543 0.43409863945578225 0.8112244897959183 0.43579931972789115 0.8082482993197277 0.43749999999999994 0.8061224489795917 0.4383503401360544 0.8027210884353742 0.4383503401360544 0.7997448979591836 0.43792517006802717 0.798469387755102 0.43792517006802717 0.7963435374149659 0.43664965986394555 0.7929421768707482 0.43409863945578225 0.7886904761904762 0.431547619047619 0.7848639455782311 0.4289965986394558 0.7818877551020408 0.4264455782312925 0.7797619047619048 0.423469387755102 0.7772108843537414 0.42134353741496594 0.7759353741496597 0.4175170068027211 0.7746598639455782 0.41709183673469385 0.7746598639455782 0.4149659863945578 0.774234693877551 0.4102891156462585 0.7738095238095237 0.4077380952380952 0.7746598639455782 0.40476190476190477 0.7755102040816326 0.4013605442176871 0.7767857142857142 0.3988095238095238 0.7789115646258503 0.39668367346938777 0.7801870748299319 0.3954081632653061 0.7814625850340136 0.3932823129251701 0.7848639455782311 0.3907312925170068 0.7882653061224489 0.39030612244897955 0.7916666666666666 0.3898809523809524 0.7971938775510203 0.391156462585034 0.8022959183673469 0.39243197278911557 0.8044217687074829 0.3932823129251701 0.8069727891156462 0.3945578231292517 0.8090986394557823 0.3954081632653061 0.8103741496598639 0.3962585034013605 0.8125 0.39838435374149656 0.8150510204081631 0.399234693877551 0.8167517006802721 0.4013605442176871 0.8188775510204082 0.4026360544217687 0.8193027210884354 0.4039115646258503 0.820578231292517 0.40561224489795916 0.8210034013605442 0.4077380952380952 0.8218537414965985 0.40986394557823125 0.8222789115646257 0.4119897959183673 0.8218537414965985 0.41326530612244894 0.8218537414965985 0.41624149659863946 0.8218537414965985 0.41794217687074825 0.8214285714285714 0.4200680272108844 0.820578231292517 0.4238945578231292 0.8197278911564625 0.4255952380952381 0.8184523809523809 0.4281462585034014 0.8171768707482993 0.4302721088435374 0.8154761904761904
1 0.25637755102040816 0.7585034013605442 0.25382653061224486 0.760204081632653 0.2512755102040816 0.7627551020408163 0.24872448979591835 0.7653061224489796 0.2470238095238095 0.7674319727891156 0.24532312925170066 0.7704081632653061 0.24404761904761904 0.7733843537414965 0.24362244897959182 0.7755102040816326 0.24362244897959182 0.7780612244897959 0.24447278911564624 0.7801870748299319 0.2457482993197279 0.782312925170068 0.24787414965986393 0.7840136054421768 0.2508503401360544 0.7857142857142857 0.25255102040816324 0.7874149659863945 0.2546768707482993 0.7886904761904762 0.25722789115646255 0.7895408163265305 0.2597789115646258 0.790391156462585 0.26318027210884354 0.7908163265306122 0.2674319727891156 0.790391156462585 0.2712585034013605 0.7899659863945577 0.2750850340136054 0.7899659863945577 0.27976190476190477 0.7886904761904762 0.282312925170068 0.7878401360544217 0.28613945578231287 0.7865646258503401 0.2891156462585034 0.784438775510204 0.29209183673469385 0.782312925170068 0.2946428571428571 0.7801870748299319 0.29761904761904756 0.7780612244897959 0.3010204081632653 0.774234693877551 0.30229591836734687 0.7708333333333334 0.3018707482993197 0.7665816326530611 0.3010204081632653 0.7631802721088435 0.2997448979591837 0.7606292517006802 0.296343537414966 0.7572278911564625 0.2929421768707483 0.7538265306122448 0.290391156462585 0.7517006802721088 0.28613945578231287 0.7504251700680271 0.2831632653061224 0.75 0.27976190476190477 0.7491496598639455 0.2763605442176871 0.7491496598639455 0.27338435374149656 0.7495748299319728 0.27168367346938777 0.75 0.2682823129251701 0.7508503401360543 0.2636054421768707 0.7534013605442176 0.2602040816326531 0.7551020408163265 0.258078231292517 0.7568027210884354
1 0.3142006802721088 0.9570578231292516 0.31292517006802717 0.9532312925170068 0.31079931972789115 0.9498299319727891 0.3086734693877551 0.945578231292517 0.3052721088435374 0.9426020408163265 0.30357142857142855 0.9409013605442176 0.3014455782312925 0.9392006802721088 0.298469387755102 0.9370748299319728 0.29591836734693877 0.9362244897959183 0.2929421768707483 0.9357993197278911 0.28954081632653056 0.9349489795918368 0.2869897959183673 0.9345238095238095 0.2848639455782313 0.9345238095238095 0.28061224489795916 0.933673469387755 0.2784863945578231 0.9332482993197277 0.2755102040816327 0.9328231292517005 0.2712585034013605 0.9332482993197277 0.26998299319727886 0.933673469387755 0.2695578231292517 0.9340986394557823 0.26530612244897955 0.9370748299319728 0.26445578231292516 0.939625850340136 0.2627551020408163 0.9447278911564625 0.2614795918367347 0.9498299319727891 0.2614795918367347 0.9515306122448979 0.2614795918367347 0.9566326530612244 0.2619047619047619 0.9587585034013605 0.26318027210884354 0.9613095238095237 0.26445578231292516 0.9647108843537414 0.2657312925170068 0.9664115646258503 0.2682823129251701 0.9698129251700679 0.2708333333333333 0.9715136054421768 0.27338435374149656 0.9740646258503401 0.2755102040816327 0.9757653061224489 0.2784863945578231 0.977891156462585 0.28061224489795916 0.9795918367346937 0.2831632653061224 0.9804421768707482 0.2852891156462585 0.9812925170068026 0.2891156462585034 0.9821428571428571 0.2929421768707483 0.9829931972789115 0.29591836734693877 0.9834183673469388 0.2988945578231292 0.9834183673469388 0.3027210884353741 0.9825680272108843 0.3056972789115646 0.9817176870748299 0.30824829931972786 0.9804421768707482 0.3112244897959184 0.977891156462585 0.3137755102040816 0.9740646258503401 0.31547619047619047 0.9698129251700679 0.31547619047619047 0.9664115646258503 0.31547619047619047 0.9621598639455782
1 0.16794217687074828 0.12499999999999999 0.17346938775510204 0.12499999999999999 0.179421768707483 0.12372448979591837 0.1828231292517007 0.12244897959183672 0.18707482993197277 0.1211734693877551 0.1883503401360544 0.12074829931972789 0.1913265306122449 0.11819727891156462 0.19472789115646258 0.11437074829931972 0.19685374149659862 0.11096938775510204 0.19812925170068024 0.10799319727891156 0.1998299319727891 0.10416666666666666 0.20025510204081629 0.10076530612244897 0.20025510204081629 0.0977891156462585 0.1998299319727891 0.09481292517006802 0.19855442176870747 0.09141156462585034 0.1960034013605442 0.08758503401360544 0.19345238095238093 0.08460884353741496 0.1909013605442177 0.08290816326530612 0.1879251700680272 0.08035714285714285 0.18494897959183673 0.07865646258503402 0.1828231292517007 0.07738095238095237 0.1798469387755102 0.07653061224489795 0.1764455782312925 0.07568027210884352 0.17346938775510204 0.07525510204081633 0.17006802721088435 0.07482993197278912 0.16624149659863943 0.07397959183673469 0.16326530612244897 0.07355442176870747 0.15986394557823128 0.07312925170068027 0.15646258503401358 0.07312925170068027 0.15433673469387754 0.07312925170068027 0.15178571428571427 0.07355442176870747 0.14668367346938774 0.07440476190476189 0.14370748299319727 0.07525510204081633 0.141156462585034 0.07653061224489795 0.13818027210884354 0.07950680272108843 0.1364795918367347 0.08163265306122448 0.13392857142857142 0.08460884353741496 0.13222789115646258 0.08673469387755102 0.1296768707482993 0.0897108843537415 0.1288265306122449 0.09098639455782312 0.12712585034013604 0.0939625850340136 0.1258503401360544 0.09693877551020408 0.1258503401360544 0.10076530612244897 0.12670068027210885 0.10459183673469387 0.12797619047619047 0.10799319727891156 0.13052721088435373 0.11096938775510204 0.133078231292517 0.1135204081632653 0.13562925170068024 0.11607142857142856 0.13945578231292516 0.11819727891156462 0.14285714285714285 0.11989795918367346 0.1475340136054422 0.12202380952380952 0.15093537414965985 0.12372448979591837 0.15433673469387754 0.12414965986394556 0.15773809523809523 0.12499999999999999 0.16284013605442174 0.12499999999999999
1 0.23001700680272108 0.20918367346938774 0.22916666666666663 0.20833333333333331 0.22746598639455778 0.2070578231292517 0.2236394557823129 0.20450680272108843 0.22151360544217685 0.20323129251700678 0.2181122448979592 0.20068027210884354 0.2155612244897959 0.19855442176870747 0.21343537414965985 0.19685374149659862 0.21130952380952378 0.195578231292517 0.20960884353741494 0.19430272108843535 0.20663265306122447 0.19175170068027209 0.20153061224489793 0.18877551020408162 0.19855442176870747 0.1879251700680272 0.19430272108843535 0.18664965986394558 0.18920068027210885 0.18664965986394558 0.18579931972789113 0.1875 0.1828231292517007 0.1883503401360544 0.179421768707483 0.19047619047619044 0.17517006802721088 0.19302721088435373 0.17304421768707484 0.1960034013605442 0.17134353741496597 0.1989795918367347 0.17006802721088435 0.20323129251700678 0.1687925170068027 0.2070578231292517 0.1687925170068027 0.21088435374149658 0.16921768707482993 0.21471088435374147 0.17006802721088435 0.2185374149659864 0.17134353741496597 0.22193877551020408 0.17304421768707484 0.22406462585034012 0.17602040816326528 0.22959183673469388 0.17899659863945577 0.23384353741496597 0.1806972789115646 0.23639455782312924 0.1832482993197279 0.23809523809523808 0.1875 0.24149659863945577 0.19005102040816324 0.24362244897959182 0.19302721088435373 0.2457482993197279 0.1960034013605442 0.24744897959183673 0.20025510204081629 0.24999999999999997 0.20450680272108843 0.25212585034013607 0.20833333333333331 0.2534013605442177 0.211734693877551 0.2534013605442177 0.21471088435374147 0.25297619047619047 0.2185374149659864 0.25212585034013607 0.22236394557823128 0.2508503401360544 0.22534013605442174 0.24999999999999997 0.22874149659863943 0.24829931972789113 0.23171768707482993 0.24659863945578228 0.23341836734693874 0.24489795918367344 0.23639455782312924 0.24149659863945577 0.24022108843537412 0.23724489795918363 0.24107142857142855 0.2351190476190476 0.24107142857142855 0.23256802721088435 0.24107142857142855 0.23044217687074828 0.24022108843537412 0.2266156462585034 0.23979591836734693 0.22278911564625847 0.2389455782312925 0.22066326530612243 0.23809523809523808 0.21896258503401358 0.23639455782312924 0.21641156462585034 0.2346938775510204 0.21343537414965985 0.23299319727891155 0.211734693877551
1 0.25722789115646255 0.1828231292517007 0.2585034013605442 0.1879251700680272 0.2602040816326531 0.19047619047619044 0.2619047619047619 0.19345238095238093 0.26530612244897955 0.19727891156462585 0.2670068027210884 0.1989795918367347 0.2704081632653061 0.20195578231292516 0.27338435374149656 0.20450680272108843 0.27721088435374147 0.20620748299319727 0.2810374149659864 0.2079081632653061 0.2844387755102041 0.20918367346938774 0.28784013605442177 0.20960884353741494 0.29124149659863946 0.20960884353741494 0.29591836734693877 0.20918367346938774 0.2988945578231292 0.20875850340136054 0.3014455782312925 0.2074829931972789 0.3052721088435374 0.20450680272108843 0.3078231292517007 0.20153061224489793 0.3086734693877551 0.1989795918367347 0.3099489795918367 0.19515306122448978 0.3103741496598639 0.1909013605442177 0.3103741496598639 0.18664965986394558 0.3099489795918367 0.18154761904761904 0.3090986394557823 0.17814625850340135 0.3061224489795918 0.1726190476190476 0.3039965986394558 0.1687925170068027 0.30229591836734687 0.16709183673469388 0.30017006802721086 0.16539115646258504 0.29761904761904756 0.16241496598639454 0.2950680272108844 0.1602891156462585 0.2933673469387755 0.15901360544217685 0.29124149659863946 0.15816326530612243 0.28869047619047616 0.15731292517006804 0.28613945578231287 0.15646258503401358 0.2831632653061224 0.1556122448979592 0.2810374149659864 0.15518707482993194 0.2789115646258503 0.15433673469387754 0.274234693877551 0.15433673469387754 0.2704081632653061 0.15433673469387754 0.26658163265306123 0.15433673469387754 0.26445578231292516 0.15476190476190474 0.26105442176870747 0.15518707482993194 0.258078231292517 0.15731292517006804 0.2568027210884354 0.1602891156462585 0.25595238095238093 0.16326530612244897 0.25510204081632654 0.16624149659863943 0.2546768707482993 0.17049319727891155 0.25510204081632654 0.17431972789115643 0.25595238095238093 0.17857142857142855
1 0.344812925170068 0.09268707482993196 0.3482142857142857 0.0939625850340136 0.352891156462585 0.09566326530612244 0.3571428571428571 0.09651360544217687 0.36011904761904756 0.09651360544217687 0.36267006802721086 0.09651360544217687 0.36607142857142855 0.09523809523809522 0.3686224489795918 0.09438775510204081 0.37074829931972786 0.09268707482993196 0.3724489795918367 0.09141156462585034 0.37712585034013607 0.08843537414965986 0.37797619047619047 0.08715986394557822 0.3792517006802721 0.08375850340136054 0.3805272108843537 0.08120748299319727 0.3809523809523809 0.07653061224489795 0.3809523809523809 0.07227891156462585 0.3801020408163265 0.06845238095238095 0.37882653061224486 0.06505102040816327 0.3758503401360544 0.06037414965986394 0.3737244897959184 0.057823129251700675 0.3703231292517007 0.054421768707482984 0.3677721088435374 0.052295918367346934 0.3639455782312925 0.050170068027210885 0.358843537414966 0.04804421768707482 0.35459183673469385 0.04591836734693877 0.350765306122449 0.04464285714285714 0.34736394557823125 0.04336734693877551 0.3452380952380952 0.04251700680272109 0.3414115646258503 0.04251700680272109 0.33971088435374147 0.0429421768707483 0.3371598639455782 0.04336734693877551 0.33503401360544216 0.04379251700680272 0.3290816326530612 0.04421768707482993 0.32440476190476186 0.04506802721088435 0.3214285714285714 0.046768707482993194 0.3193027210884354 0.04889455782312925 0.3171768707482993 0.052295918367346934 0.31505102040816324 0.05697278911564626 0.3142006802721088 0.06164965986394557 0.31505102040816324 0.06717687074829932 0.3167517006802721 0.07100340136054421 0.3193027210884354 0.07482993197278912 0.3227040816326531 0.07823129251700679 0.3261054421768707 0.08120748299319727 0.3337585034013605 0.08673469387755102 0.3354591836734694 0.08801020408163264 0.3401360544217687 0.09056122448979592
1 0.2070578231292517 0.3027210884353741 0.20450680272108843 0.3039965986394558 0.20153061224489793 0.3052721088435374 0.19855442176870747 0.30739795918367346 0.195578231292517 0.31079931972789115 0.19515306122448978 0.3159013605442177 0.19515306122448978 0.32100340136054417 0.195578231292517 0.3252551020408163 0.1960034013605442 0.3299319727891156 0.19642857142857142 0.3329081632653061 0.19812925170068024 0.336734693877551 0.1998299319727891 0.33971088435374147 0.20195578231292516 0.3435374149659864 0.20450680272108843 0.34651360544217685 0.2070578231292517 0.3494897959183673 0.2100340136054422 0.3524659863945578 0.21258503401360543 0.3550170068027211 0.21641156462585034 0.3571428571428571 0.21938775510204078 0.35841836734693877 0.22278911564625847 0.3605442176870748 0.2261904761904762 0.36181972789115646 0.23044217687074828 0.36181972789115646 0.23341836734693874 0.36181972789115646 0.23596938775510204 0.360969387755102 0.23852040816326528 0.3605442176870748 0.24192176870748297 0.358843537414966 0.24404761904761904 0.3562925170068027 0.2457482993197279 0.35459183673469385 0.2470238095238095 0.35119047619047616 0.24744897959183673 0.34651360544217685 0.24744897959183673 0.3414115646258503 0.24744897959183673 0.33460884353741494 0.24659863945578228 0.3307823129251701 0.24532312925170066 0.32355442176870747 0.2431972789115646 0.31887755102040816 0.24107142857142855 0.3159013605442177 0.23809523809523808 0.3120748299319728 0.23554421768707481 0.3103741496598639 0.23256802721088435 0.30824829931972786 0.23044217687074828 0.3078231292517007 0.2266156462585034 0.3056972789115646 0.2236394557823129 0.304421768707483 0.22023809523809523 0.30357142857142855 0.21768707482993194 0.3031462585034014 0.21130952380952378 0.30229591836734687
1 0.36096938775510196 0.3163265306122449 0.3605442176870748 0.3090986394557823 0.36011904761904756 0.306547619047619 0.3584183673469387 0.3035714285714286 0.35629251700680264 0.2997448979591837 0.35416666666666663 0.2967687074829932 0.350765306122449 0.29421768707482987 0.3477891156462584 0.29336734693877553 0.34353741496598633 0.29336734693877553 0.33928571428571425 0.29336734693877553 0.3324829931972788 0.2937925170068027 0.32653061224489793 0.29549319727891155 0.3239795918367347 0.2971938775510204 0.3193027210884353 0.2997448979591837 0.31590136054421764 0.3018707482993197 0.30867346938775503 0.3052721088435374 0.30569727891156456 0.3078231292517007 0.30229591836734687 0.3112244897959184 0.29804421768707473 0.3150510204081633 0.29591836734693877 0.3180272108843537 0.29464285714285704 0.3222789115646259 0.29421768707482987 0.326530612244898 0.29464285714285704 0.3303571428571429 0.29506802721088426 0.33418367346938777 0.29634353741496594 0.3375850340136054 0.29761904761904756 0.3405612244897959 0.2988945578231292 0.34396258503401356 0.30272108843537404 0.3465136054421769 0.3056972789115646 0.34736394557823125 0.31505102040816324 0.3486394557823129 0.3176020408163265 0.3490646258503401 0.32227891156462574 0.3499149659863946 0.32738095238095233 0.3499149659863946 0.33120748299319724 0.3499149659863946 0.33673469387755095 0.3494897959183673 0.3405612244897958 0.3486394557823129 0.3452380952380952 0.34651360544217685 0.34906462585034004 0.34226190476190477 0.3533163265306121 0.33715986394557823 0.35629251700680264 0.3320578231292517 0.3579931972789115 0.32908163265306123 0.35969387755102034 0.3210034013605442
1 0.2542517006802721 0.5199829931972789 0.2512755102040816 0.5238095238095238 0.24872448979591835 0.5280612244897959 0.24744897959183673 0.532312925170068 0.2457482993197279 0.5357142857142857 0.24404761904761904 0.542517006802721 0.2427721088435374 0.5476190476190476 0.24192176870748297 0.5527210884353742 0.24107142857142855 0.5556972789115646 0.24149659863945577 0.5620748299319728 0.24192176870748297 0.5676020408163265 0.24362244897959182 0.5735544217687074 0.24659863945578228 0.5769557823129251 0.24957482993197277 0.5795068027210883 0.2517006802721088 0.58078231292517 0.2546768707482993 0.5820578231292516 0.258078231292517 0.5833333333333334 0.2636054421768707 0.5833333333333334 0.26913265306122447 0.5824829931972789 0.2738095238095238 0.5803571428571428 0.27593537414965985 0.5790816326530611 0.27806122448979587 0.5782312925170068 0.28146258503401356 0.5752551020408163 0.2831632653061224 0.5735544217687074 0.2852891156462585 0.5714285714285714 0.28784013605442177 0.5688775510204082 0.290391156462585 0.5650510204081632 0.2925170068027211 0.5616496598639455 0.2937925170068027 0.5599489795918368 0.2971938775510204 0.5539965986394557 0.2988945578231292 0.5480442176870748 0.29931972789115646 0.5429421768707482 0.29931972789115646 0.5395408163265306 0.29761904761904756 0.5301870748299319 0.29549319727891155 0.5250850340136054 0.29209183673469385 0.5216836734693877 0.28741496598639454 0.5178571428571428 0.2827380952380952 0.5144557823129251 0.2793367346938775 0.5127551020408163 0.2763605442176871 0.5123299319727891 0.2729591836734694 0.5119047619047619 0.2704081632653061 0.5119047619047619 0.2674319727891156 0.5119047619047619 0.26105442176870747 0.5148809523809523 0.2576530612244898 0.5170068027210885
1 0.20620748299319727 0.6632653061224489 0.20110544217687074 0.6611394557823129 0.19855442176870747 0.6611394557823129 0.19472789115646258 0.6607142857142857 0.1913265306122449 0.6615646258503401 0.18707482993197277 0.6624149659863945 0.1845238095238095 0.6632653061224489 0.18112244897959184 0.6641156462585034 0.17857142857142855 0.665391156462585 0.17602040816326528 0.6670918367346937 0.17389455782312924 0.6683673469387755 0.1687925170068027 0.6709183673469388 0.1636904761904762 0.6747448979591836 0.15943877551020408 0.6789965986394557 0.1560374149659864 0.6840986394557823 0.15518707482993194 0.689625850340136 0.15518707482993194 0.6917517006802721 0.15518707482993194 0.6960034013605442 0.1568877551020408 0.7028061224489796 0.15858843537414966 0.7066326530612244 0.1602891156462585 0.7083333333333334 0.16241496598639454 0.7087585034013605 0.16666666666666666 0.7091836734693877 0.17006802721088435 0.7096088435374149 0.1726190476190476 0.7096088435374149 0.17602040816326528 0.7100340136054422 0.17857142857142855 0.7104591836734694 0.1802721088435374 0.7104591836734694 0.18494897959183673 0.7104591836734694 0.18877551020408162 0.7100340136054422 0.19387755102040816 0.7087585034013605 0.1989795918367347 0.7062074829931971 0.20578231292517005 0.7019557823129251 0.20833333333333331 0.7002551020408163 0.21215986394557823 0.6964285714285714 0.21428571428571427 0.6930272108843537 0.21641156462585034 0.6900510204081631 0.21726190476190474 0.6870748299319728 0.21768707482993194 0.6828231292517006 0.2181122448979592 0.6798469387755102 0.21768707482993194 0.6768707482993197 0.21641156462585034 0.673469387755102 0.21343537414965985 0.6696428571428571 0.21088435374149658 0.6658163265306122
1 0.06079931972789115 0.6628401360544217 0.06505102040816327 0.6598639455782312 0.06930272108843537 0.6547619047619048 0.07355442176870747 0.6509353741496597 0.07568027210884352 0.6471088435374149 0.0778061224489796 0.6428571428571428 0.07993197278911564 0.6386054421768708 0.08163265306122448 0.6343537414965986 0.08290816326530612 0.6305272108843537 0.08418367346938775 0.627125850340136 0.08460884353741496 0.6262755102040816 0.08503401360544217 0.621173469387755 0.08503401360544217 0.6203231292517006 0.08375850340136054 0.6156462585034014 0.08163265306122448 0.6118197278911564 0.07908163265306122 0.6075680272108843 0.07525510204081633 0.6020408163265306 0.07227891156462585 0.6003401360544217 0.06547619047619048 0.5990646258503401 0.06164965986394557 0.5990646258503401 0.05697278911564626 0.5990646258503401 0.05187074829931972 0.6007653061224489 0.04846938775510204 0.6016156462585034 0.04421768707482993 0.602891156462585 0.04081632653061224 0.6041666666666666 0.036564625850340135 0.605017006802721 0.03358843537414966 0.6062925170068028 0.03061224489795918 0.6079931972789115 0.02848639455782313 0.6101190476190476 0.02848639455782313 0.6096938775510203 0.023384353741496597 0.6139455782312925 0.019557823129251698 0.6169217687074829 0.016156462585034014 0.6207482993197277 0.012755102040816325 0.6254251700680271 0.01020408163265306 0.6318027210884354 0.007653061224489795 0.6386054421768708 0.007227891156462584 0.64328231292517 0.006802721088435373 0.649234693877551 0.008078231292517007 0.655187074829932 0.009778911564625849 0.6598639455782312 0.012329931972789115 0.6641156462585034 0.01488095238095238 0.6670918367346937 0.017857142857142856 0.6700680272108843 0.02040816326530612 0.6704931972789115 0.02423469387755102 0.671343537414966 0.03273809523809524 0.6709183673469388 0.038690476190476185 0.6704931972789115 0.04464285714285714 0.6704931972789115 0.04931972789115646 0.6687925170068028 0.05654761904761905 0.6662414965986394
1 0.08503401360544217 0.5488945578231292 0.09056122448979592 0.546343537414966 0.09481292517006802 0.5429421768707482 0.09906462585034012 0.5391156462585034 0.10119047619047619 0.5361394557823129 0.10289115646258502 0.5327380952380952 0.10416666666666666 0.5267857142857142 0.1050170068027211 0.5208333333333333 0.1050170068027211 0.516156462585034 0.10544217687074829 0.5097789115646258 0.10459183673469387 0.5034013605442176 0.10331632653061223 0.49999999999999994 0.10161564625850339 0.49532312925170063 0.09948979591836735 0.49192176870748294 0.09651360544217687 0.48979591836734687 0.0939625850340136 0.48767006802721086 0.09268707482993196 0.485969387755102 0.0901360544217687 0.48511904761904756 0.07993197278911564 0.4808673469387755 0.07568027210884352 0.4812925170068027 0.07270408163265304 0.4821428571428571 0.06632653061224489 0.4855442176870748 0.06207482993197278 0.4889455782312925 0.058248299319727886 0.49319727891156456 0.05697278911564626 0.4961734693877551 0.054421768707482984 0.5068027210884354 0.05399659863945578 0.5106292517006802 0.05399659863945578 0.5165816326530612 0.05399659863945578 0.5233843537414965 0.05527210884353741 0.5272108843537414 0.057823129251700675 0.5352891156462584 0.06037414965986394 0.5416666666666666 0.06377551020408163 0.5454931972789115 0.06930272108843537 0.548469387755102 0.07482993197278912 0.5493197278911564 0.07993197278911564 0.5488945578231292
1 0.0662530637254902 0.8700980392156862 0.0704656862745098 0.8708639705882353 0.07544424019607843 0.8720128676470588 0.07927389705882353 0.8723958333333333 0.08386948529411765 0.8723958333333333 0.0865502450980392 0.8727787990196078 0.09152879901960784 0.8712469362745098 0.0934436274509804 0.8704810049019608 0.09574142156862744 0.8681832107843136 0.09880514705882353 0.8651194852941176 0.10186887254901959 0.8624387254901961 0.10454963235294117 0.8593749999999999 0.1060814950980392 0.8570772058823529 0.10723039215686274 0.8551623774509803 0.10684742647058823 0.8517156862745098 0.1056985294117647 0.8448223039215687 0.10454963235294117 0.8406096813725489 0.10340073529411763 0.8352481617647058 0.10186887254901959 0.8321844362745098 0.10071997549019608 0.8298866421568627 0.09880514705882353 0.8260569852941176 0.09612438725490195 0.8229932598039215 0.09382659313725489 0.8206954656862744 0.09191176470588235 0.8187806372549019 0.08923100490196077 0.8164828431372548 0.08693321078431372 0.8141850490196078 0.08425245098039215 0.8126531862745098 0.08080575980392156 0.8111213235294117 0.07850796568627451 0.8099724264705882 0.07544424019607843 0.8084405637254901 0.07352941176470587 0.807674632352941 0.0700827205882353 0.8057598039215687 0.06740196078431372 0.8042279411764706 0.06357230392156862 0.8038449754901961 0.059742647058823525 0.8038449754901961 0.05553002450980392 0.8038449754901961 0.05284926470588235 0.8042279411764706 0.04978553921568627 0.805376838235294 0.047104779411764705 0.8057598039215687 0.04442401960784313 0.807674632352941 0.041743259803921566 0.8103553921568627 0.0390625 0.8134191176470588 0.03791360294117647 0.8199295343137255 0.03753063725490195 0.8256740196078431 0.03791360294117647 0.8298866421568627 0.03944546568627451 0.8356311274509803 0.04136029411764706 0.841375612745098 0.04250919117647058 0.8463541666666665 0.044041053921568624 0.8501838235294117 0.04633884803921569 0.8528645833333333 0.049019607843137254 0.8566942401960784 0.05208333333333333 0.8597579656862744 0.054381127450980386 0.8628216911764706 0.05706188725490195 0.8655024509803921 0.059742647058823525 0.8678002450980391 0.06318933823529412 0.8689491421568627
1 0.20526960784313722 0.8402267156862744 0.19761029411764705 0.8409926470588235 0.1926317401960784 0.842141544117647 0.18956801470588233 0.8436734068627451 0.18727022058823525 0.8459712009803921 0.18497242647058823 0.8505667892156862 0.18267463235294115 0.8559283088235293 0.18267463235294115 0.8597579656862744 0.18267463235294115 0.8651194852941176 0.18420649509803919 0.8704810049019608 0.18612132352941174 0.8758425245098038 0.18841911764705882 0.883501838235294 0.19033394607843138 0.8865655637254901 0.1922487745098039 0.8903952205882353 0.1953125 0.8949908088235293 0.19914215686274508 0.8980545343137255 0.20373774509803919 0.899969362745098 0.20909926470588233 0.900735294117647 0.2117800245098039 0.9015012254901961 0.21714154411764705 0.9026501225490196 0.22097120098039216 0.9026501225490196 0.2270986519607843 0.9011182598039215 0.2305453431372549 0.8972886029411764 0.23284313725490194 0.8942248774509803 0.23743872549019607 0.8884803921568627 0.2385876225490196 0.885799632352941 0.2393535539215686 0.8831188725490196 0.24011948529411764 0.8789062499999999 0.2393535539215686 0.8731617647058822 0.23820465686274508 0.8689491421568627 0.23628982843137253 0.8651194852941176 0.23399203431372548 0.860906862745098 0.2313112745098039 0.8566942401960784 0.22901348039215685 0.8540134803921567 0.22786458333333331 0.8517156862745098 0.22441789215686275 0.8486519607843136 0.22135416666666663 0.8455882352941176 0.21829044117647056 0.8436734068627451 0.21484374999999997 0.8425245098039215 0.2121629901960784 0.842141544117647 0.20833333333333331 0.8409926470588235
1 0.15050551470588233 0.9700520833333333 0.15433517156862744 0.9746476715686274 0.15854779411764705 0.9792432598039215 0.16314338235294115 0.9838388480392156 0.16659007352941174 0.9869025735294117 0.1719515931372549 0.9899662990196078 0.1761642156862745 0.9918811274509803 0.18305759803921567 0.995327818627451 0.1891850490196078 0.9972426470588235 0.19684436274509803 0.9980085784313725 0.20565257352941174 0.997625612745098 0.2110140931372549 0.9960937499999999 0.21560968137254902 0.9934129901960784 0.2194393382352941 0.9907322303921567 0.22097120098039216 0.9888174019607843 0.2225030637254902 0.9861366421568627 0.22326899509803919 0.9807751225490196 0.22173713235294115 0.9734987745098038 0.2190563725490196 0.9685202205882353 0.21675857843137253 0.9646905637254901 0.21446078431372548 0.9608609068627451 0.2110140931372549 0.9570312499999999 0.2075674019607843 0.9535845588235293 0.2041207107843137 0.9509037990196078 0.20143995098039216 0.9486060049019608 0.19914215686274508 0.9463082107843136 0.19684436274509803 0.9451593137254901 0.19416360294117646 0.9428615196078431 0.19071691176470587 0.9417126225490196 0.18841911764705882 0.9405637254901961 0.18075980392156862 0.9371170343137254 0.17463235294117646 0.9363511029411764 0.1696537990196078 0.9355851715686274 0.16697303921568626 0.9355851715686274 0.16237745098039216 0.9363511029411764 0.15854779411764705 0.9374999999999999 0.15510110294117646 0.9405637254901961 0.1528033088235294 0.9432444852941176 0.15088848039215685 0.9478400735294117 0.14935661764705882 0.9535845588235293 0.1489736519607843 0.9581801470588235 0.1489736519607843 0.963158700980392
1 0.00739670868347333 0.9886642156862745 0.00936624649859938 0.9895395658263305 0.012429971988795458 0.9906337535014006 0.014837184873949522 0.9908525910364147 0.017244397759103584 0.9915091036414566 0.020526960784313666 0.9917279411764707 0.023590686274509744 0.9917279411764707 0.02687324929971983 0.9915091036414566 0.029061624649859886 0.9912902661064427 0.031687675070027954 0.9910714285714286 0.03300070028011199 0.9908525910364147 0.035189075630252045 0.9906337535014006 0.036502100840336074 0.9901960784313726 0.0375962885154061 0.9897584033613446 0.040003501400560165 0.9886642156862745 0.042410714285714225 0.9871323529411764 0.044817927170868285 0.9856004901960785 0.04656862745098033 0.9845063025210085 0.0489758403361344 0.9827556022408964 0.05050770308123243 0.9807860644257703 0.05160189075630246 0.9781600140056023 0.05203956582633047 0.9737832633053222 0.05182072829131647 0.9698441876750701 0.05116421568627445 0.966999299719888 0.04941351540616241 0.963716736694678 0.04788165266106437 0.9617471988795518 0.0454744397759103 0.9599964985994398 0.04197303921568621 0.9571516106442578 0.03869047619047613 0.9554009103641457 0.035626750700280055 0.9538690476190477 0.031031162464985936 0.9521183473389355 0.027748599439775853 0.9512429971988795 0.023590686274509744 0.9508053221288516 0.021183473389355684 0.9508053221288516 0.018119747899159606 0.9503676470588236 0.015712535014005543 0.9505864845938377 0.012867647058823472 0.9510241596638657 0.009803921568627392 0.9512429971988795 0.007834383753501342 0.9510241596638657 0.006083683473389296 0.9516806722689075 0.004551820728291257 0.9521183473389355 0.003019957983193218 0.9534313725490197 0.0019257703081231898 0.9547443977591037 0.0010504201680671672 0.9554009103641457 0.0003939075630251504 0.9586834733893558 0.00017507002801114477 0.9667804621848739 0.00017507002801114477 0.9713760504201682 0.00017507002801114477 0.9753151260504201 0.00017507002801114477 0.9783788515406163 0.0003939075630251504 0.9810049019607843 0.0008315826330531615 0.9840686274509804 0.0023634453781512014 0.9860381652661065 0.0038953081232492403 0.9873511904761905
1 0.05287782485875704 0.17116878531073446 0.04758121468926552 0.16675494350282485 0.04316737288135592 0.16145833333333331 0.032574152542372864 0.15351341807909602 0.026394774011299416 0.14998234463276833 0.02021539548022597 0.15086511299435026 0.01668432203389829 0.15351341807909602 0.015801553672316365 0.15792725988700562 0.014918785310734445 0.16498940677966098 0.015801553672316365 0.17646539548022597 0.015801553672316365 0.18264477401129942 0.015801553672316365 0.19323799435028247 0.01668432203389829 0.20118290960451976 0.019332627118644048 0.21001059322033896 0.021098163841807894 0.2144244350282486 0.024629237288135576 0.22148658192090395 0.02904307909604518 0.22590042372881355 0.03963629943502823 0.232079802259887 0.04405014124293784 0.23384533898305085 0.0511122881355932 0.23561087570621467 0.05552612994350281 0.23561087570621467 0.05993997175141241 0.23561087570621467 0.06523658192090394 0.2329625706214689 0.07053319209039546 0.2285487288135593 0.0722987288135593 0.2241348870056497 0.0722987288135593 0.2153072033898305 0.07141596045197737 0.20736228813559318 0.06965042372881354 0.19853460451977398 0.06700211864406777 0.18970692090395477 0.06347104519774009 0.18352754237288135 0.05993997175141241 0.1782309322033898
1 0.3819444444444445 0.2647569444444445 0.380859375 0.2718098958333333 0.38140190972222227 0.2772352430555556 0.3824869791666667 0.28537326388888895 0.3835720486111111 0.29025607638888895 0.3851996527777778 0.2956814236111111 0.3884548611111111 0.3011067708333333 0.3917100694444445 0.3054470486111111 0.3944227430555556 0.3076171875 0.39767795138888895 0.3103298611111111 0.4020182291666667 0.3114149305555556 0.4079861111111111 0.3119574652777778 0.4117838541666667 0.3114149305555556 0.4182942708333333 0.30978732638888895 0.4226345486111111 0.3054470486111111 0.4258897569444445 0.2994791666666667 0.42697482638888895 0.2956814236111111 0.4291449652777778 0.29025607638888895 0.43023003472222227 0.2848307291666667 0.4307725694444445 0.2810329861111111 0.4296875 0.2772352430555556 0.4280598958333333 0.2728949652777778 0.42534722222222227 0.2685546875 0.4231770833333333 0.2663845486111111 0.419921875 0.2625868055555556 0.41720920138888895 0.2604166666666667 0.4144965277777778 0.2587890625 0.4112413194444445 0.2560763888888889 0.4079861111111111 0.2544487847222222 0.4047309027777778 0.25390625 0.4014756944444445 0.2533637152777778 0.3982204861111111 0.25390625 0.3955078125 0.2549913194444445 0.3884548611111111 0.2582465277777778 0.3851996527777778 0.2598741319444445
1 0.9989583333333333 0.9826115485564304 0.9989583333333333 0.9776902887139107 0.9989583333333333 0.9760498687664042 0.9989583333333333 0.9735892388451444 0.9989583333333333 0.9685914260717411 0.9965551181102362 0.9653871391076115 0.9924540682414698 0.9604658792650919 0.9891732283464567 0.9596456692913385 0.984251968503937 0.958005249343832 0.9801509186351706 0.958005249343832 0.9760498687664042 0.958005249343832 0.9719488188976377 0.958005249343832 0.9694881889763779 0.958005249343832 0.9653871391076115 0.9588254593175853 0.9629265091863517 0.9588254593175853 0.9604658792650919 0.9596456692913385 0.9514435695538058 0.9612860892388452 0.9473425196850394 0.9637467191601049 0.9424212598425197 0.9662073490813649 0.9375 0.9703083989501312 0.9333989501312335 0.9752296587926509 0.931758530183727 0.9793307086614172 0.9301181102362205 0.9834317585301837 0.9292979002624672 0.98999343832021 0.9292979002624672 0.9957349081364829 0.9325787401574802 0.9989583333333333 0.9401164698162726 0.9989583333333333 0.9530839895013123 0.9981955380577427 0.9612860892388452 0.9989583333333333 0.9727690288713912 0.9989583333333333 0.984251968503937 0.9989583333333333 0.9908136482939632 0.9989583333333333 0.9973937964785652 0.9989583333333333 0.9989583333333333 0.9940944881889764 0.9989583333333333 0.9891732283464567
1 0.6053149606299214 0.984251968503937 0.6077755905511811 0.9875328083989501 0.6118766404199475 0.9924540682414698 0.6126968503937008 0.9940944881889764 0.621719160104987 0.9973753280839895 0.6349409448818897 0.9989583333333333 0.6471456692913387 0.9981955380577427 0.6586286089238845 0.9989583333333333 0.6651902887139108 0.9989583333333333 0.6651902887139108 0.9965551181102362 0.6651902887139108 0.9916338582677166 0.6635498687664042 0.9858923884514436 0.6602690288713912 0.9776902887139107 0.656988188976378 0.9719488188976377 0.6528871391076116 0.9662073490813649 0.6496062992125985 0.9596456692913385 0.6455052493438321 0.9555446194225722 0.6405839895013123 0.9530839895013123 0.6364829396325459 0.9514435695538058 0.630741469816273 0.9498031496062993 0.625 0.9481627296587926 0.6184383202099737 0.9481627296587926 0.6151574803149606 0.9498031496062993 0.6110564304461943 0.952263779527559 0.6077755905511811 0.9555446194225722 0.6053149606299214 0.9588254593175853 0.6020341207349081 0.9637467191601049 0.6003937007874016 0.9678477690288714 0.6003937007874016 0.9719488188976377 0.6003937007874016 0.9752296587926509 0.6020341207349081 0.9793307086614172
1 0.6094160104986877 0.8915682414698163 0.6151574803149606 0.9014107611548556 0.621719160104987 0.9087926509186351 0.6299212598425197 0.9145341207349081 0.6348425196850394 0.916994750656168 0.6430446194225722 0.9210958005249343 0.6504265091863517 0.9219160104986877 0.6569881889763779 0.9202755905511811 0.6619094488188977 0.9161745406824147 0.6643700787401575 0.9087926509186351 0.6643700787401575 0.9005905511811023 0.6610892388451444 0.8899278215223098 0.6561679790026247 0.8817257217847769 0.6537073490813649 0.8776246719160105 0.6504265091863517 0.8751640419947506 0.6463254593175853 0.8702427821522309 0.6405839895013123 0.8645013123359581 0.6364829396325459 0.8612204724409448 0.6323818897637795 0.8587598425196851 0.6225393700787402 0.8546587926509186 0.6184383202099737 0.8546587926509186 0.6135170603674541 0.8554790026246718 0.6085958005249343 0.8587598425196851 0.6069553805774278 0.8628608923884514 0.6061351706036746 0.8694225721784776 0.6061351706036746 0.8809055118110236
1 0.8013451443569554 0.7849409448818897 0.7964238845144357 0.7808398950131233 0.7906824146981627 0.7767388451443569 0.7874015748031497 0.7742782152230971 0.7824803149606299 0.7726377952755905 0.7783792650918635 0.7701771653543308 0.7742782152230971 0.7701771653543308 0.7693569553805774 0.7701771653543308 0.7578740157480315 0.7750984251968503 0.7554133858267716 0.7783792650918635 0.753772965879265 0.7849409448818897 0.753772965879265 0.7931430446194226 0.7545931758530184 0.8013451443569554 0.7570538057742782 0.8095472440944882 0.7586942257217848 0.812007874015748 0.7644356955380578 0.8185695538057743 0.7693569553805774 0.8226706036745406 0.7742782152230971 0.8259514435695539 0.7816601049868767 0.8284120734908136 0.7906824146981627 0.8292322834645669 0.797244094488189 0.8284120734908136 0.8013451443569554 0.8284120734908136 0.806266404199475 0.8267716535433071 0.8103674540682415 0.8243110236220473 0.812007874015748 0.8202099737532809 0.8144685039370079 0.8144685039370079 0.8144685039370079 0.808727034120735 0.8128280839895013 0.8038057742782152 0.8079068241469816 0.7923228346456692
1 0.718503937007874 0.5651246719160105 0.7226049868766403 0.5643044619422571 0.7275262467191601 0.5618438320209974 0.7332677165354331 0.5536417322834646 0.7365485564304461 0.5454396325459318 0.7381889763779527 0.5380577427821522 0.7398293963254593 0.531496062992126 0.7390091863517061 0.5241141732283464 0.7381889763779527 0.5191929133858267 0.7349081364829396 0.5134514435695539 0.7316272965879266 0.5085301837270342 0.7283464566929133 0.5044291338582677 0.724245406824147 0.5003280839895013 0.7094816272965879 0.49786745406824146 0.7020997375328084 0.49786745406824146 0.6979986876640419 0.49868766404199477 0.6930774278215224 0.5011482939632546 0.6881561679790026 0.5036089238845144 0.6856955380577427 0.5077099737532808 0.6824146981627296 0.5134514435695539 0.6799540682414698 0.5191929133858267 0.67749343832021 0.5273950131233596 0.67749343832021 0.5323162729658792 0.6799540682414698 0.5446194225721785 0.6824146981627296 0.5528215223097113 0.6873359580052494 0.5585629921259841 0.6947178477690289 0.5626640419947506 0.7029199475065617 0.5634842519685039 0.7119422572178478 0.5651246719160105
1 0.8669619422572178 0.46259842519685035 0.8661417322834646 0.46998031496062986 0.8669619422572178 0.4773622047244094 0.8710629921259841 0.48392388451443563 0.8759842519685039 0.4872047244094488 0.8825459317585301 0.48966535433070857 0.8932086614173228 0.4913057742782152 0.9038713910761155 0.4913057742782152 0.9104330708661418 0.48966535433070857 0.9161745406824147 0.4888451443569553 0.9219160104986877 0.4855643044619422 0.928477690288714 0.48064304461942253 0.931758530183727 0.47572178477690286 0.9333989501312335 0.46998031496062986 0.9333989501312335 0.4642388451443569 0.9301181102362205 0.4576771653543307 0.9235564304461942 0.4543963254593175 0.9194553805774278 0.452755905511811 0.9120734908136483 0.4502952755905511 0.9046916010498688 0.447014435695538 0.8989501312335958 0.447014435695538 0.8948490813648294 0.447014435695538 0.8891076115485564 0.4486548556430446 0.8833661417322834 0.45111548556430436 0.8776246719160105 0.4543963254593175 0.8694225721784776 0.45849737532808393
1 0.8866469816272965 0.5692257217847769 0.8792650918635171 0.5643044619422571 0.8702427821522309 0.5618438320209974 0.8653215223097113 0.5634842519685039 0.8604002624671916 0.5643044619422571 0.8579396325459318 0.5667650918635171 0.8554790026246718 0.5716863517060368 0.8538385826771653 0.578248031496063 0.8521981627296588 0.5856299212598425 0.8513779527559056 0.5979330708661418 0.8513779527559056 0.6069553805774278 0.8530183727034121 0.6167979002624672 0.8554790026246718 0.625 0.8587598425196851 0.6299212598425197 0.8636811023622047 0.6356627296587926 0.8694225721784776 0.6389435695538058 0.8784448818897638 0.6414041994750656 0.8882874015748031 0.639763779527559 0.896489501312336 0.6364829396325459 0.9014107611548556 0.630741469816273 0.905511811023622 0.6241797900262467 0.9071522309711286 0.6176181102362205 0.9063320209973753 0.6094160104986877 0.905511811023622 0.5995734908136483 0.9022309711286088 0.5897309711286088 0.8981299212598425 0.581528871391076 0.8932086614173228 0.5757874015748031
1 0.4043635170603675 0.9965551181102362 0.40846456692913385 0.9981955380577427 0.41846292650918604 0.9989583333333333 0.43963254593175854 0.9989583333333333 0.4453740157480315 0.9973753280839895 0.452755905511811 0.9957349081364829 0.45603674540682415 0.9940944881889764 0.464238845144357 0.984251968503937 0.4675196850393701 0.9776902887139107 0.46833989501312334 0.9686679790026247 0.464238845144357 0.958005249343832 0.4576771653543307 0.9530839895013123 0.44865485564304464 0.9498031496062993 0.44291338582677164 0.9498031496062993 0.4371719160104987 0.9498031496062993 0.42979002624671914 0.9539041994750656 0.4232283464566929 0.958005249343832 0.41748687664041995 0.9629265091863517 0.41256561679790027 0.9694881889763779 0.40846456692913385 0.9768700787401574 0.406003937007874 0.9817913385826772 0.4035433070866142 0.9924540682414698 0.4043635170603675 0.9940944881889764
1 0.042267628205128256 0.27443910256410253 0.03725961538461543 0.2644230769230769 0.03425480769230774 0.26241987179487175 0.02924679487179492 0.2564102564102564 0.02323717948717953 0.250400641025641 0.01822916666666671 0.2453926282051282 0.008213141025641073 0.24338942307692304 0.004206730769230815 0.24639423076923075 0.002203525641025683 0.2564102564102564 0.0012019230769231208 0.26842948717948717 0.00020032051282055838 0.28445512820512825 0.00020032051282055838 0.29747596153846156 0.00020032051282055838 0.3084935897435897 0.0032051282051282453 0.31149839743589747 0.007211538461538503 0.31350160256410253 0.01121794871794876 0.31350160256410253 0.01923076923076928 0.3125 0.02724358974358978 0.31149839743589747 0.036258012820512865 0.30548878205128205 0.042267628205128256 0.30148237179487175 0.04527243589743593 0.2954727564102564 0.04527243589743593 0.289463141025641 0.04427083333333338 0.2814503205128205
1 0.12540064102564105 0.4146634615384615 0.11638621794871798 0.40564903846153844 0.10837339743589748 0.4006410256410256 0.10236378205128209 0.3996394230769231 0.0963541666666667 0.4006410256410256 0.09234775641025644 0.4026442307692308 0.08934294871794875 0.4046474358974359 0.08633814102564105 0.40965544871794873 0.08233173076923081 0.4216746794871795 0.08233173076923081 0.43369391025641024 0.08433493589743594 0.4427083333333333 0.0883413461538462 0.45072115384615385 0.0913461538461539 0.4547275641025641 0.09535256410256414 0.45873397435897434 0.10036057692307697 0.45873397435897434 0.10737179487179492 0.45873397435897434 0.11338141025641031 0.4557291666666667 0.12339743589743594 0.44971955128205127 0.1294070512820513 0.4427083333333333 0.13141025641025644 0.43469551282051283 0.1294070512820513 0.42467948717948717
1 0.07812499999999999 0.024553571428571428 0.0818452380952381 0.03050595238095238 0.08482142857142856 0.033482142857142856 0.08854166666666666 0.03794642857142857 0.09226190476190475 0.040178571428571425 0.09821428571428571 0.04092261904761905 0.1019345238095238 0.040178571428571425 0.11011904761904762 0.037202380952380945 0.11458333333333331 0.031994047619047616 0.12053571428571427 0.027529761904761904 0.12425595238095237 0.02306547619047619 0.12872023809523808 0.012648809523809524 0.13095238095238096 0.00818452380952381 0.13169642857142855 0.002232142857142857 0.1175595238095238 0.0014880952380952378 0.10565476190476189 0.002232142857142857 0.09077380952380952 0.0014880952380952378 0.07886904761904762 0.0014880952380952378 0.07738095238095237 0.0007440476190476189 0.07589285714285714 0.00744047619047619 0.07663690476190475 0.015624999999999998
1 0.3653273809523809 0.026041666666666664 0.36681547619047616 0.02157738095238095 0.369047619047619 0.01488095238095238 0.36979166666666663 0.00744047619047619 0.3683035714285714 0.0014880952380952378 0.3630952380952381 0.0 0.35119047619047616 0.0007440476190476189 0.33482142857142855 0.0007440476190476189 0.32291666666666663 0.0 0.31249999999999994 0.0014880952380952378 0.31547619047619047 0.006696428571428571 0.3184523809523809 0.010416666666666664 0.322172619047619 0.01488095238095238 0.3251488095238095 0.017857142857142856 0.33110119047619047 0.02232142857142857 0.3363095238095238 0.026785714285714284 0.3430059523809524 0.02976190476190476 0.35044642857142855 0.03050595238095238 0.35788690476190477 0.031249999999999997 0.36458333333333326 0.027529761904761904
1 0.5312499999999999 0.03273809523809524 0.5364583333333334 0.031249999999999997 0.5416666666666666 0.027529761904761904 0.5461309523809523 0.02232142857142857 0.5491071428571428 0.017113095238095236 0.5520833333333334 0.011160714285714284 0.5543154761904762 0.006696428571428571 0.5550595238095237 0.0007440476190476189 0.5491071428571428 0.0 0.5357142857142857 0.0007440476190476189 0.5223214285714285 0.0 0.49999999999999994 0.0007440476190476189 0.5007440476190476 0.005952380952380951 0.5014880952380952 0.01413690476190476 0.5029761904761905 0.018601190476190473 0.5052083333333333 0.02157738095238095 0.5081845238095238 0.024553571428571428 0.5119047619047619 0.02976190476190476 0.5148809523809523 0.03050595238095238 0.5178571428571428 0.03273809523809524 0.5230654761904762 0.03273809523809524
1 0.22023809523809523 0.3921130952380952 0.22023809523809523 0.40029761904761896 0.22172619047619044 0.40699404761904756 0.22395833333333331 0.4122023809523809 0.22767857142857142 0.41592261904761896 0.23363095238095238 0.4188988095238095 0.23958333333333331 0.42113095238095233 0.24553571428571427 0.42261904761904756 0.25297619047619047 0.4233630952380952 0.2589285714285714 0.4233630952380952 0.26488095238095233 0.4233630952380952 0.2700892857142857 0.42261904761904756 0.2745535714285714 0.4188988095238095 0.27752976190476186 0.4151785714285714 0.2790178571428571 0.4099702380952381 0.2790178571428571 0.40476190476190477 0.27678571428571425 0.3988095238095238 0.275297619047619 0.39583333333333326 0.27232142857142855 0.3921130952380952 0.2663690476190476 0.3876488095238095 0.26413690476190477 0.38616071428571425 0.2589285714285714 0.3831845238095238 0.2544642857142857 0.38169642857142855 0.2507440476190476 0.38020833333333326 0.24702380952380948 0.3794642857142857 0.24255952380952378 0.3794642857142857 0.22991071428571427 0.3794642857142857 0.22544642857142855 0.38244047619047616 0.22172619047619044 0.38616071428571425
1 0.30877976190476186 0.6800595238095237 0.31473214285714285 0.681547619047619 0.31994047619047616 0.681547619047619 0.3296130952380952 0.6800595238095237 0.3363095238095238 0.6763392857142857 0.34226190476190477 0.6718749999999999 0.3474702380952381 0.665922619047619 0.35044642857142855 0.6555059523809523 0.3482142857142857 0.6465773809523809 0.3430059523809524 0.6421130952380951 0.3363095238095238 0.6369047619047618 0.33110119047619047 0.6339285714285714 0.3251488095238095 0.6316964285714285 0.31994047619047616 0.6324404761904762 0.31547619047619047 0.6339285714285714 0.3050595238095238 0.6421130952380951 0.3020833333333333 0.6428571428571428 0.2946428571428571 0.6577380952380951 0.29315476190476186 0.6651785714285714 0.29538690476190477 0.6718749999999999 0.3028273809523809 0.6778273809523809
1 0.706845238095238 0.5907738095238095 0.7031249999999999 0.5863095238095237 0.6986607142857142 0.5833333333333334 0.6941964285714285 0.5803571428571428 0.6897321428571428 0.5773809523809523 0.6845238095238095 0.5758928571428571 0.6800595238095237 0.5751488095238095 0.675595238095238 0.5744047619047618 0.6681547619047618 0.5773809523809523 0.6629464285714285 0.5803571428571428 0.6577380952380951 0.5848214285714285 0.6562499999999999 0.5907738095238095 0.6555059523809523 0.5989583333333334 0.6584821428571428 0.6078869047619048 0.659970238095238 0.6123511904761904 0.6644345238095237 0.6175595238095237 0.6674107142857142 0.6197916666666666 0.6763392857142857 0.6235119047619048 0.6845238095238095 0.6242559523809523 0.6941964285714285 0.6235119047619048 0.7031249999999999 0.6212797619047618 0.7075892857142857 0.6175595238095237 0.7083333333333333 0.6153273809523809 0.7105654761904762 0.6086309523809523 0.7098214285714285 0.5967261904761904
1 0.8618233618233618 0.6873219373219374 0.8564814814814815 0.6944444444444445 0.8538105413105413 0.7006766381766383 0.8555911680911681 0.7104700854700855 0.8591524216524217 0.7167022792022792 0.8627136752136753 0.7220441595441596 0.8680555555555556 0.7247150997150997 0.8769586894586895 0.7247150997150997 0.8849715099715101 0.722934472934473 0.8912037037037038 0.7211538461538463 0.8965455840455842 0.7167022792022792 0.900997150997151 0.7122507122507123 0.9036680911680912 0.7060185185185186 0.905448717948718 0.698005698005698 0.9045584045584046 0.690883190883191 0.8983262108262109 0.681980056980057 0.8956552706552707 0.6810897435897437 0.8912037037037038 0.6784188034188035 0.8858618233618234 0.67752849002849 0.8769586894586895 0.6793091168091169 0.8725071225071226 0.681980056980057
1 0.9766737891737892 0.7122507122507123 0.9686609686609687 0.7060185185185186 0.962428774928775 0.7033475783475784 0.9561965811965812 0.702457264957265 0.9490740740740742 0.7015669515669516 0.9437321937321937 0.702457264957265 0.9357193732193733 0.7069088319088319 0.9303774928774929 0.7131410256410257 0.9268162393162395 0.7247150997150997 0.9268162393162395 0.7309472934472935 0.9277065527065528 0.7362891737891739 0.9348290598290598 0.7443019943019943 0.9419515669515669 0.750534188034188 0.9490740740740742 0.7532051282051282 0.9579772079772081 0.754985754985755 0.9650997150997151 0.754985754985755 0.9722222222222222 0.7532051282051282 0.9784544159544161 0.7523148148148149 0.9846866096866098 0.7416310541310541 0.9864672364672366 0.7362891737891739 0.9864672364672366 0.7291666666666666 0.982905982905983 0.7193732193732194
1 0.9437321937321937 0.42111823361823364 0.9499643874643875 0.42646011396011396 0.9597578347578348 0.4309116809116809 0.9704415954415955 0.4300213675213675 0.9775641025641026 0.42646011396011396 0.9820156695156697 0.422008547008547 0.9837962962962963 0.4157763532763533 0.9837962962962963 0.4068732193732194 0.9811253561253561 0.4015313390313391 0.9784544159544161 0.3961894586894587 0.9713319088319089 0.38639601139601143 0.9650997150997151 0.3801638176638177 0.9588675213675214 0.37482193732193736 0.9490740740740742 0.3712606837606838 0.9401709401709403 0.373931623931624 0.9357193732193733 0.38372507122507127 0.9348290598290598 0.4015313390313391 0.9375 0.41221509971509973
1 0.9642094017094018 0.2920227920227921 0.9633190883190884 0.29825498575498577 0.9650997150997151 0.3062678062678063 0.9704415954415955 0.3125 0.9731125356125357 0.3178418803418804 0.9811253561253561 0.3240740740740741 0.994480056980057 0.3285256410256411 0.9989583333333333 0.32674501424501423 0.9989316239316239 0.31873219373219375 0.9989316239316239 0.30804843304843305 0.9989316239316239 0.296474358974359 0.9980413105413106 0.27243589743589747 0.9926994301994302 0.27243589743589747 0.9864672364672366 0.27243589743589747 0.9793447293447294 0.275997150997151 0.9722222222222222 0.2813390313390313 0.966880341880342 0.2866809116809117
1 0.9472934472934473 0.0 0.9303774928774929 0.0008903133903133904 0.917022792022792 0.0 0.9027777777777779 0.0 0.889423076923077 0.0008903133903133904 0.8876424501424502 0.0071225071225071235 0.8876424501424502 0.01958689458689459 0.8929843304843305 0.031160968660968662 0.9027777777777779 0.03650284900284901 0.9134615384615385 0.03561253561253561 0.9241452991452992 0.031160968660968662 0.9321581196581197 0.02670940170940171 0.9428418803418804 0.01958689458689459 0.9499643874643875 0.012464387464387465 0.9561965811965812 0.0035612535612535618 0.9570868945868946 0.0 0.9455128205128206 0.0008903133903133904
1 0.8475783475783476 0.0008903133903133904 0.8244301994301995 0.0 0.8084045584045584 0.0 0.795940170940171 0.0 0.7861467236467237 0.0008903133903133904 0.7825854700854702 0.0 0.7816951566951568 0.0071225071225071235 0.7834757834757835 0.016025641025641028 0.7879273504273505 0.02225783475783476 0.7932692307692307 0.029380341880341884 0.8030626780626782 0.03561253561253561 0.8119658119658121 0.03828347578347579 0.820868945868946 0.03828347578347579 0.8333333333333334 0.03650284900284901 0.8413461538461539 0.031160968660968662 0.8466880341880342 0.02581908831908832 0.8493589743589745 0.017806267806267807 0.8502492877492878 0.009793447293447295
0 0.4023549170954831 0.26709905660377353 0.40324828473413377 0.2678137507146941 0.403605631789594 0.2685284448256146 0.4043203259005146 0.2692431389365352 0.40521369353916525 0.27031518010291594 0.4061070611778159 0.27228058890794743 0.40682175528873643 0.2746033447684391 0.40700042881646653 0.2767474271012007 0.40700042881646653 0.279963550600343 0.40717910234419663 0.282643653516295 0.40771512292738704 0.2849664093767867 0.4080724699828473 0.286753144654088 0.40842981703830755 0.28996926815323043 0.40878716409376786 0.2917560034305317 0.4091445111492281 0.29354273870783304 0.4093231846769582 0.29532947398513437 0.4093231846769582 0.29783090337335616 0.40825114351057745 0.298902944539737 0.40771512292738704 0.298902944539737 0.40717910234419663 0.2987242710120068 0.40682175528873643 0.2980095769010863 0.4064644082332762 0.2969375357347055 0.40592838765008576 0.2955081475128645 0.4055710405946255 0.2933640651801029 0.40521369353916525 0.2906839622641509 0.40521369353916525 0.2888972269868496 0.4044989994282447 0.28585977701543736 0.40396297884505433 0.2840730417381361 0.4034269582618639 0.28228630646083475 0.40306961120640367 0.2797848770726129 0.40306961120640367 0.2779981417953116 0.40306961120640367 0.2762114065180103 0.4028909376786735 0.2747820182961692 0.4023549170954831 0.2742459977129788 0.4016402229845626 0.2735313036020583 0.4005681818181818 0.27228058890794743 0.39949614065180106 0.2712085477415666 0.3987814465408805 0.27013650657518584 0.39806675242996 0.2692431389365352 0.3982454259576901 0.2679924242424242 0.39842409948542024 0.26656303602058323 0.39896012006861065 0.26584834190966267 0.39949614065180106 0.26584834190966267 0.4003895082904517 0.2662056889651229
1 0.4656612133605999 0.7934986366734833 0.4671523517382414 0.7915814587593729 0.4684304703476483 0.7900903203817314 0.4705606680299932 0.789025221540559 0.4722648261758691 0.7888122017723246 0.47460804362644854 0.7888122017723246 0.47609918200408996 0.789025221540559 0.47780334014996595 0.7896642808452624 0.48014655760054537 0.7911554192229039 0.48206373551465576 0.7932856169052489 0.4841939331970007 0.7954158145875938 0.48653715064758013 0.7981850715746421 0.4893064076346285 0.8013803680981596 0.49101056578050445 0.8035105657805045 0.4927147239263804 0.8069188820722564 0.49463190184049083 0.8109662576687117 0.4961230402181323 0.8143745739604636 0.49676209952283573 0.8186349693251534 0.49740115882753927 0.8218302658486708 0.49697511929107024 0.8265167007498296 0.4965490797546012 0.829711997273347 0.4954839809134288 0.8333333333333334 0.4935668029993184 0.8367416496250853 0.4914366053169735 0.8407890252215406 0.489093387866394 0.8450494205862304 0.4863241308793456 0.8490967961826857 0.48376789366053174 0.8516530334014997 0.48142467620995233 0.8544222903885481 0.47716428084526247 0.8571915473755964 0.4739689843217451 0.8580436264485345 0.4703476482617587 0.8586826857532379 0.46608725289706887 0.858256646216769 0.46374403544648946 0.8567655078391275 0.46097477845944107 0.8546353101567826 0.4590576005453306 0.8522920927062032 0.4573534423994547 0.8493098159509204 0.4558623040218132 0.8461145194274029 0.45437116564417185 0.842706203135651 0.4526670074982959 0.8405760054533061 0.4509628493524199 0.8369546693933198 0.45053680981595096 0.8335463531015679 0.45011077027948193 0.8307770961145196 0.45032379004771644 0.8273687798227677 0.45011077027948193 0.8245995228357191 0.4509628493524199 0.8194870483980914 0.45181492842535786 0.8165047716428085 0.4526670074982959 0.8135224948875256 0.4537321063394683 0.8107532379004773 0.45437116564417185 0.8084100204498978 0.45650136332651675 0.8043626448534424 0.4584185412406272 0.8018064076346286 0.46076175869120656 0.7988241308793457 0.4624659168370825 0.7966939331970007
0 0.5179324894514767 0.31039029535864976 0.5189873417721519 0.3113132911392405 0.5200421940928269 0.31210443037974683 0.5213607594936709 0.31329113924050633 0.5225474683544303 0.314214135021097 0.5239978902953586 0.3156645569620253 0.5257120253164557 0.31764240506329117 0.5267668776371308 0.318960970464135 0.5282172995780591 0.3201476793248945 0.5292721518987341 0.3215981012658228 0.5304588607594937 0.32318037974683544 0.5317774261603375 0.3243670886075949 0.532304852320675 0.3256856540084388 0.5333597046413502 0.3275316455696203 0.5341508438818565 0.3291139240506329 0.5350738396624473 0.33069620253164556 0.5357331223628692 0.332542194092827 0.5356012658227848 0.33320147679324896 0.5352056962025317 0.3334651898734177 0.5338871308016877 0.33320147679324896 0.5328322784810127 0.3324103375527426 0.5315137130801688 0.33122362869198313 0.529931434599156 0.3297732067510548 0.5284810126582279 0.3281909282700422 0.5275580168776371 0.32647679324894513 0.5261075949367089 0.32502637130801687 0.5250527426160337 0.32318037974683544 0.5233386075949367 0.32146624472573837 0.5225474683544303 0.31975210970464135 0.5210970464135021 0.3181698312236287 0.5201740506329113 0.31751054852320676 0.5191191983122363 0.3168512658227848 0.5180643459915611 0.31606012658227844 0.5180643459915611 0.31606012658227844 0.5172732067510548 0.31500527426160335 0.5160864978902954 0.3140822784810126 0.5151635021097046 0.31329113924050633 0.514636075949367 0.3123681434599156 0.5139767932489451 0.31144514767932485 0.5138449367088608 0.3102584388185654 0.5143723628691983 0.3093354430379747 0.5152953586497889 0.30920358649789026 0.5160864978902954 0.30920358649789026
1 0.815658844765343 0.32603790613718414 0.8130264741275571 0.32302948255114317 0.8103941034897714 0.3207731648616125 0.809641997593261 0.31926895306859204 0.8062575210589651 0.31400421179302046 0.8051293622141997 0.31174789410348974 0.8043772563176895 0.31024368231046934 0.8036251504211793 0.3094915764139591 0.802873044524669 0.3079873646209386 0.8009927797833936 0.30159446450060173 0.8013688327316486 0.2940734055354994 0.8021209386281588 0.2888086642599278 0.8032490974729243 0.2854241877256317 0.8047533092659446 0.28091155234657045 0.8073856799037304 0.2752707581227437 0.8111462093862816 0.27151022864019253 0.8137785800240673 0.26962996389891697 0.8167870036101083 0.26662154031287605 0.8205475330926594 0.26549338146811075 0.8239320096269556 0.2651173285198556 0.8288206979542719 0.2658694344163658 0.8325812274368231 0.2673736462093863 0.8382220216606499 0.27113417569193743 0.8419825511432009 0.2733904933814681 0.8464951865222623 0.27677496991576417 0.8502557160048134 0.2820397111913357 0.8521359807460891 0.28692839951865223 0.8536401925391096 0.2918170878459687 0.8543922984356197 0.29820998796630566 0.8540162454873647 0.30385078219013234 0.8528880866425993 0.31174789410348974 0.8517599277978339 0.3170126353790614 0.8495036101083033 0.32152527075812276 0.8457430806257521 0.3252858002406739 0.8408543922984356 0.329046329723225 0.8352135980746088 0.3309265944645006 0.8303249097472923 0.3320547533092659 0.8231799037304453 0.3305505415162455 0.8186672683513838 0.3286702767749699
1 0.9743668300653595 0.7904411764705882 0.9738562091503268 0.7991217320261438 0.9758986928104575 0.8057598039215687 0.9784517973856208 0.8118872549019608 0.984579248366013 0.8169934640522876 0.9901960784313725 0.8236315359477123 0.9989583333333333 0.8307802287581699 0.9989583333333333 0.7720588235294117 0.9968341503267973 0.7720588235294117 0.9912173202614378 0.7725694444444444 0.984579248366013 0.7756331699346405 0.9794730392156862 0.7807393790849673
0 0.032461240310077584 0.6495016611295681 0.05184108527131789 0.6318521594684385 0.050456810631229296 0.6273532668881505 0.039382613510520546 0.6366971207087485 0.027962347729789654 0.6477713178294573 0.027962347729789654 0.6484634551495017 0.026924141749723206 0.651578073089701 0.029692691029900395 0.6533084163898117
1 0.5031146179401994 0.7806616832779623 0.49723145071982283 0.7713178294573644 0.49377076411960136 0.7623200442967885 0.4913482834994463 0.7512458471760797 0.4913482834994463 0.7415559246954595 0.49480897009966784 0.7339424141749723 0.4996539313399779 0.7311738648947952 0.5079595791805095 0.730827796234773 0.5128045404208196 0.7329042081949059 0.5173034330011075 0.7360188261351052 0.5214562569213732 0.7419019933554817 0.5252630121816169 0.7484772978959026 0.5283776301218163 0.7564368770764119 0.530107973421927 0.7647425249169435 0.5311461794019934 0.7737403100775193 0.5304540420819491 0.782392026578073 0.5287236987818383 0.7851605758582502 0.5263012181616833 0.7900055370985603 0.5235326688815062 0.7931201550387595 0.5204180509413068 0.7958887043189369 0.5179955703211517 0.7958887043189369 0.5131506090808416 0.7945044296788483 0.5076135105204873 0.7886212624584718
0 0.03452910641453467 0.19153225806451613 0.033949758991472005 0.182146829810901 0.03696236559139785 0.1835372636262514 0.043682795698924734 0.19732573229514275 0.04576844642195031 0.20532072673340748 0.04936040044493882 0.2157489803485354 0.04263997033741194 0.21099833147942157
0 0.2597116084425036 0.5685725982532752 0.262440866084425 0.5606122634643377 0.2616448326055313 0.5484443231441049 0.2634643377001456 0.5380958879184862 0.26824053857350805 0.534570596797671 0.27313045851528384 0.5292258005822417 0.27517740174672495 0.5310453056768559 0.27040120087336245 0.54560134643377 0.2655112809315866 0.5625454876273654 0.263009461426492 0.5686863173216885
0 0.056767337807606295 0.8242100111856824 0.05903942953020137 0.8203649328859062 0.06952600671140942 0.8332983780760627 0.07983780760626401 0.847630033557047 0.08036213646532442 0.8533976510067114 0.0707494407158837 0.8479795861297539 0.061661073825503385 0.8327740492170023
0 0.16967281879194634 0.9566904362416108 0.17072147651006717 0.953369686800895 0.18260626398210295 0.9591373042505593 0.20200643176733785 0.9753914988814318 0.1962388143176734 0.976964485458613
0 0.5539070227497527 0.7746043521266073 0.5577707715133531 0.7710497032640949 0.5659619188921858 0.781868199802176 0.5817260138476755 0.8079871414441147 0.5882171117705242 0.8217420870425322 0.585435212660732 0.8273058852621167 0.5654982690405539 0.8018051434223541 0.5546797725024728 0.7775408011869437
0 0.4860595944609297 0.23769782393669633 0.48250494559841745 0.23707962413452027 0.4846686449060336 0.21281528189910978 0.48281404549950546 0.1797415924826904 0.4837413452027695 0.17695969337289813 0.48636869436201774 0.1775778931750742 0.48775964391691395 0.21343348170128584
0 0.6645246838025296 0.17594859241126073 0.6647796817625459 0.1718686250509996 0.6691146470828233 0.1725061199510404 0.6837770297837618 0.19201346389228885 0.7007343941248471 0.21075581395348839 0.7088943288453693 0.21980824153406775 0.707109343125255 0.22121073031415747 0.6984394124847001 0.21241330069359446 0.6849245206038351 0.1969859241126071 0.6697521419828641 0.17977356181150553 0.6677121583027337 0.17773357813137497
0 0.8872889433551199 0.3868804466230937 0.8969907407407407 0.3817742374727669 0.9172453703703703 0.3732638888888889 0.9232026143790849 0.3730936819172113 0.9032883986928104 0.3858592047930283 0.8946078431372548 0.38739106753812635
0 0.7832924836601307 0.4018586601307189 0.7776756535947712 0.39641203703703703 0.7786968954248366 0.39334831154684097 0.7935049019607843 0.40219907407407407 0.8062704248366013 0.4190495642701525 0.8144403594771242 0.42858115468409586 0.8061002178649237 0.42653867102396514 0.7931644880174292 0.4153050108932462 0.7914624183006536 0.41104983660130723
0 0.3294656416097191 0.48963078967350043 0.331957099468489 0.491291761579347 0.33527904328018227 0.49212224753227035 0.33800778283978744 0.493783219438117 0.33978739559605164 0.49520690964312836 0.34239749430523925 0.4976983675018983 0.34666856492027337 0.49947798025816253 0.3507023538344723 0.5032744874715263 0.35248196659073655 0.5039863325740319 0.35556662870159456 0.5063591495823843 0.3587699316628702 0.509206529992407 0.3614986712224753 0.5101556567957479 0.36517653758542146 0.510748861047836 0.36517653758542146 0.5094438116932423 0.36375284738041 0.5068337129840547 0.36161731207289294 0.5041049734244496 0.35900721336370545 0.5026812832194382 0.35473614274867127 0.5001898253606682 0.35117691723614275 0.49817293090356873 0.349871867881549 0.49663059984813973 0.34702448747152626 0.4934272968868641 0.343702543659833 0.49152904328018227 0.33955011389521644 0.4895121488230828 0.33705865603644647 0.4889189445709947 0.33361807137433563 0.4877325360668186 0.3316011769172362 0.48690205011389526 0.32970292331055434 0.48630884586180717 0.32780466970387245 0.4877325360668186 0.3282792331055429 0.4893935079726652
0 0.7880208333333333 0.7010416666666667 0.7880208333333333 0.698828125 0.7885416666666667 0.696484375 0.7888020833333333 0.6940104166666666 0.7888020833333333 0.6912760416666667 0.7888020833333333 0.6889322916666667 0.7890625 0.68671875 0.789453125 0.6837239583333333 0.7895833333333333 0.6809895833333334 0.7901041666666667 0.677734375 0.790625 0.6747395833333333 0.790625 0.6723958333333333 0.790625 0.6692708333333334 0.790625 0.665625 0.790625 0.6623697916666667 0.7904947916666667 0.6611979166666667 0.7885416666666667 0.6604166666666667 0.7876302083333333 0.6604166666666667 0.78671875 0.66171875 0.7859375 0.6645833333333333 0.7856770833333333 0.6669270833333333 0.7856770833333333 0.6692708333333334 0.7856770833333333 0.671875 0.785546875 0.6740885416666667 0.78515625 0.6763020833333333 0.784375 0.680078125 0.7841145833333333 0.6825520833333333 0.7834635416666667 0.6868489583333334 0.783203125 0.6903645833333333 0.7833333333333333 0.6955729166666667 0.7834635416666667 0.6990885416666667 0.7837239583333333 0.7024739583333334 0.7845052083333334 0.7045572916666667 0.7859375 0.70546875 0.7868489583333333 0.7052083333333333 0.7872395833333333 0.704296875
0 0.7095756880733946 0.5501401630988787 0.7095756880733946 0.544565494393476 0.7097349643221202 0.5409021406727829 0.7097349643221202 0.5364424057084608 0.7097349643221202 0.5321419469928644 0.7097349643221202 0.5280007645259939 0.709894240570846 0.5246559633027522 0.709894240570846 0.5201962283384302 0.709894240570846 0.5163735983690112 0.7090978593272171 0.5131880733944955 0.7083014780835881 0.5101618246687054 0.7073458205912335 0.5084097859327217 0.7062308868501529 0.5112767584097859 0.7062308868501529 0.5131880733944955 0.7062308868501529 0.5179663608562691 0.7062308868501529 0.5232224770642202 0.7062308868501529 0.5268858307849134 0.7062308868501529 0.5340532619775739 0.7062308868501529 0.5391501019367992 0.7062308868501529 0.5455211518858308 0.7057530581039756 0.5493437818552497 0.7051159531090724 0.5528478593272171 0.7073458205912335 0.5539627930682977 0.7090978593272171 0.5520514780835881
0 0.3037775093934514 0.874597423510467 0.3062936124530327 0.8719135802469136 0.3093129361245303 0.8685587761674718 0.31199677938808373 0.8673845947396672 0.3141774020397209 0.8655394524959743 0.31619028448738595 0.8630233494363929 0.31786768652710684 0.861345947396672 0.322061191626409 0.8591653247450349 0.3264224369296833 0.8563137412775094 0.3282675791733763 0.8536298980139561 0.3299449812130971 0.8502750939345142 0.3309514224369297 0.8475912506709609 0.33212560386473433 0.8444041867954912 0.33262882447665054 0.842391304347826 0.33246108427267845 0.8413848631239935 0.331454643048846 0.8407139023081052 0.32877079978529256 0.8420558239398819 0.3269256575415996 0.8449074074074073 0.3250805152979066 0.8484299516908212 0.32289989264626945 0.8516170155662909 0.32088701019860444 0.8537976382179281 0.3188741277509394 0.855642780461621 0.31635802469135804 0.8578234031132582 0.3125 0.8620169082125604 0.3094806763285024 0.8640297906602254 0.30696457326892107 0.8653717122920022 0.3041129898013956 0.8678878153515834 0.3012614063338701 0.870571658615137 0.29924852388620504 0.8724168008588298 0.2984098228663446 0.874597423510467 0.2982420826623725 0.8756038647342995
0 0.6192947585394583 0.9741239693757361 0.621319199057715 0.9755962897526501 0.625 0.9776207302709069 0.6273925206124853 0.9794611307420494 0.6288648409893993 0.9814855712603062 0.6310733215547704 0.9833259717314486 0.633097762073027 0.984982332155477 0.6353062426383981 0.9860865724381626 0.6380668433451119 0.9866386925795053 0.6411955241460542 0.9868227326266195 0.6408274440518257 0.9851663722025913 0.6389870435806831 0.982037691401649 0.6373306831566549 0.979829210836278 0.6351222025912838 0.9774366902237926 0.633097762073027 0.975412249705536 0.630153121319199 0.9737558892815076 0.6275765606595995 0.9722835689045937 0.6244478798586572 0.971179328621908 0.6227915194346291 0.9700750883392225 0.6207670789163722 0.9686027679623085 0.6170862779740871 0.9691548881036512 0.6172703180212015 0.9724676089517079
0 0.005416666666666667 0.9713541666666666 0.009270833333333334 0.9717708333333334 0.011458333333333333 0.9721875 0.015000000000000001 0.9725 0.018229166666666668 0.9730208333333333 0.020729166666666667 0.9736458333333334 0.02364583333333333 0.9742708333333333 0.026145833333333333 0.9748958333333333 0.029479166666666667 0.9756250000000001 0.033854166666666664 0.9755208333333333 0.035625000000000004 0.9744791666666667 0.0359375 0.9726041666666667 0.034375 0.97125 0.02875 0.9697916666666667 0.024895833333333332 0.969375 0.02020833333333333 0.96875 0.015104166666666667 0.9678125000000001 0.011875 0.9672916666666667 0.0078125 0.9665625 0.004375 0.9665625 0.0027083333333333334 0.968125 0.0028125000000000003 0.970625
0 0.26197916666666665 0.7740625 0.26447916666666665 0.7740625 0.26625 0.7744791666666667 0.26979166666666665 0.7740625 0.27260416666666665 0.7737499999999999 0.2748958333333333 0.7729166666666667 0.2788541666666667 0.7715625 0.28239583333333335 0.7696875 0.2842708333333333 0.7686458333333334 0.2865625 0.7672916666666667 0.2869791666666667 0.7638541666666666 0.2845833333333333 0.7628125 0.27749999999999997 0.7639583333333333 0.2713541666666667 0.7661458333333333 0.2703125 0.7665624999999999 0.2665625 0.7679166666666667 0.26395833333333335 0.7696875 0.26260416666666664 0.770625 0.26177083333333334 0.7722916666666666
0 0.22705213533000554 0.34144481419855793 0.22462562396006655 0.3357251802551303 0.22133250138657792 0.33052551303383254 0.21821270105379922 0.3261924570160843 0.2161328341652801 0.3213394342762063 0.21509290072102055 0.3180463117027177 0.21405296727676096 0.3156198003327787 0.21145313366611204 0.31457986688851913 0.20781336661120356 0.3140599001663894 0.20712007764836385 0.3189129229062673 0.2098932334997227 0.322032723239046 0.21162645590682197 0.32705906821963393 0.21335967831392125 0.33035219079312256 0.21457293399889074 0.3329520244037715 0.21647947864669997 0.33624514697726016 0.21942595673876875 0.33936494731003886 0.22289240155296727 0.3421381031613977 0.22618552412645593 0.34317803660565727
0 0.2735416666666667 0.17614583333333333 0.2803125 0.1834375 0.28447916666666667 0.18802083333333333 0.2873958333333333 0.19114583333333332 0.28979166666666667 0.19302083333333334 0.29260416666666667 0.19385416666666666 0.2938541666666667 0.19302083333333334 0.2938541666666667 0.19145833333333334 0.29281250000000003 0.18989583333333335 0.2911458333333333 0.188125 0.2889583333333333 0.18510416666666665 0.28791666666666665 0.18333333333333332 0.28583333333333333 0.18041666666666664 0.2834375 0.17802083333333335 0.2815625 0.17604166666666668 0.279375 0.17447916666666666 0.27770833333333333 0.173125 0.2763541666666667 0.1720833333333333 0.27270833333333333 0.16979166666666667 0.27145833333333336 0.16958333333333334 0.2703125 0.1703125 0.2703125 0.171875 0.2717708333333333 0.17395833333333333
0 0.17365456821026282 0.6914893617021277 0.18069461827284103 0.6912286191072173 0.18590947017104714 0.6875782227784731 0.19464434710054235 0.68497079682937 0.19920734251147268 0.6836670838548184 0.20246662494785148 0.6819722569879015 0.2025969962453066 0.6798863162286192 0.1999895702962036 0.6792344597413433 0.19738214434710055 0.6792344597413433 0.19190654985398414 0.6798863162286192 0.18812578222778473 0.6811900292031706 0.18512724238631623 0.682363370880267 0.1818679599499374 0.684058197747184 0.17886942010846893 0.6857530246141009 0.17652273675427618 0.6870567375886524 0.17469753858990403 0.6882300792657489
